{
    "UrlLocal": "italy_serie-a/2016-2017/2017-03-18 - 18-00 Torino 2 - 2 Internazionale",
    "predictions": [
        {
            "gameTime": "1 - 6:58",
            "label": "subs",
            "position": "418000",
            "half": "1",
            "confidence": "0.6302893757820129"
        },
        {
            "gameTime": "1 - 21:9",
            "label": "soccer",
            "position": "1269500",
            "half": "1",
            "confidence": "0.9420183300971985"
        },
        {
            "gameTime": "1 - 32:14",
            "label": "soccer",
            "position": "1934000",
            "half": "1",
            "confidence": "0.8868363499641418"
        },
        {
            "gameTime": "1 - 26:54",
            "label": "soccer",
            "position": "1614500",
            "half": "1",
            "confidence": "0.8436442613601685"
        },
        {
            "gameTime": "1 - 32:1",
            "label": "soccer",
            "position": "1921500",
            "half": "1",
            "confidence": "0.5360878705978394"
        },
        {
            "gameTime": "1 - 38:20",
            "label": "soccer",
            "position": "2300000",
            "half": "1",
            "confidence": "0.5341718196868896"
        },
        {
            "gameTime": "2 - 25:9",
            "label": "card",
            "position": "1509000",
            "half": "2",
            "confidence": "0.5991029143333435"
        },
        {
            "gameTime": "2 - 8:33",
            "label": "card",
            "position": "513500",
            "half": "2",
            "confidence": "0.5709802508354187"
        },
        {
            "gameTime": "2 - 19:49",
            "label": "subs",
            "position": "1189500",
            "half": "2",
            "confidence": "0.8444421291351318"
        },
        {
            "gameTime": "2 - 30:46",
            "label": "subs",
            "position": "1846500",
            "half": "2",
            "confidence": "0.8009658455848694"
        },
        {
            "gameTime": "2 - 24:46",
            "label": "subs",
            "position": "1486000",
            "half": "2",
            "confidence": "0.7456517219543457"
        },
        {
            "gameTime": "2 - 39:13",
            "label": "subs",
            "position": "2353500",
            "half": "2",
            "confidence": "0.7374103665351868"
        },
        {
            "gameTime": "2 - 11:46",
            "label": "subs",
            "position": "706500",
            "half": "2",
            "confidence": "0.656605064868927"
        },
        {
            "gameTime": "2 - 38:30",
            "label": "subs",
            "position": "2310000",
            "half": "2",
            "confidence": "0.5047405958175659"
        },
        {
            "gameTime": "2 - 13:53",
            "label": "soccer",
            "position": "833000",
            "half": "2",
            "confidence": "0.9753066897392273"
        },
        {
            "gameTime": "2 - 15:59",
            "label": "soccer",
            "position": "959500",
            "half": "2",
            "confidence": "0.5176861882209778"
        }
    ]
}