{
    "UrlLocal": "italy_serie-a/2016-2017/2016-09-18 - 18-00 Empoli 0 - 2 Internazionale",
    "UrlYoutube": "",
    "annotations": [
        {
            "change_type": "",
            "gameTime": "1 - 02:14",
            "label": "",
            "position": "134104",
            "replay": "real-time"
        },
        {
            "change_type": "",
            "gameTime": "1 - 02:19",
            "label": "",
            "link": "",
            "position": "139984",
            "replay": "replay"
        },
        {
            "change_type": "",
            "gameTime": "1 - 02:25",
            "label": "",
            "link": "",
            "position": "145544",
            "replay": "replay"
        },
        {
            "change_type": "",
            "gameTime": "1 - 09:48",
            "label": "",
            "position": "588326",
            "replay": "real-time"
        },
        {
            "change_type": "",
            "gameTime": "1 - 09:55",
            "label": "",
            "link": "",
            "position": "595446",
            "replay": "replay"
        },
        {
            "change_type": "",
            "gameTime": "1 - 10:00",
            "label": "",
            "link": "",
            "position": "600526",
            "replay": "replay"
        },
        {
            "change_type": "",
            "gameTime": "1 - 10:04",
            "label": "",
            "position": "604987",
            "replay": "real-time"
        },
        {
            "change_type": "",
            "gameTime": "1 - 11:44",
            "label": "",
            "position": "704535",
            "replay": "real-time"
        },
        {
            "change_type": "",
            "gameTime": "1 - 11:48",
            "label": "",
            "link": "",
            "position": "708939",
            "replay": "replay"
        },
        {
            "change_type": "",
            "gameTime": "1 - 15:40",
            "label": "",
            "position": "940139",
            "replay": "real-time"
        },
        {
            "change_type": "",
            "gameTime": "1 - 15:46",
            "label": "",
            "link": "",
            "position": "946250",
            "replay": "replay"
        },
        {
            "change_type": "",
            "gameTime": "1 - 17:06",
            "label": "",
            "position": "1026650",
            "replay": "real-time"
        },
        {
            "change_type": "",
            "gameTime": "1 - 17:15",
            "label": "",
            "link": "",
            "position": "1035449",
            "replay": "replay"
        },
        {
            "change_type": "",
            "gameTime": "1 - 17:22",
            "label": "",
            "link": "",
            "position": "1042220",
            "replay": "replay"
        },
        {
            "change_type": "",
            "gameTime": "1 - 22:44",
            "label": "",
            "position": "1364929",
            "replay": "real-time"
        },
        {
            "change_type": "",
            "gameTime": "1 - 22:51",
            "label": "",
            "link": "",
            "position": "1371098",
            "replay": "replay"
        },
        {
            "change_type": "",
            "gameTime": "1 - 24:38",
            "label": "",
            "position": "1478324",
            "replay": "real-time"
        },
        {
            "change_type": "",
            "gameTime": "1 - 24:44",
            "label": "",
            "link": "",
            "position": "1484750",
            "replay": "replay"
        },
        {
            "change_type": "",
            "gameTime": "1 - 25:52",
            "label": "",
            "position": "1552849",
            "replay": "real-time"
        },
        {
            "change_type": "",
            "gameTime": "1 - 25:59",
            "label": "",
            "position": "1559189",
            "replay": "other"
        },
        {
            "change_type": "",
            "gameTime": "1 - 28:24",
            "label": "",
            "position": "1704904",
            "replay": "real-time"
        },
        {
            "change_type": "",
            "gameTime": "1 - 28:31",
            "label": "",
            "position": "1711704",
            "replay": "other"
        },
        {
            "change_type": "",
            "gameTime": "1 - 28:36",
            "label": "",
            "position": "1716450",
            "replay": "other"
        },
        {
            "change_type": "",
            "gameTime": "1 - 32:03",
            "label": "",
            "position": "1923085",
            "replay": "real-time"
        },
        {
            "change_type": "",
            "gameTime": "1 - 32:09",
            "label": "",
            "link": "",
            "position": "1929965",
            "replay": "replay"
        },
        {
            "change_type": "",
            "gameTime": "1 - 32:16",
            "label": "",
            "link": "",
            "position": "1936005",
            "replay": "replay"
        },
        {
            "change_type": "",
            "gameTime": "1 - 35:09",
            "label": "",
            "position": "2109925",
            "replay": "real-time"
        },
        {
            "change_type": "",
            "gameTime": "1 - 35:17",
            "label": "",
            "link": "",
            "position": "2117112",
            "replay": "replay"
        },
        {
            "change_type": "",
            "gameTime": "1 - 36:38",
            "label": "",
            "position": "2198150",
            "replay": "real-time"
        },
        {
            "change_type": "",
            "gameTime": "1 - 36:44",
            "label": "",
            "link": "",
            "position": "2204765",
            "replay": "replay"
        },
        {
            "change_type": "",
            "gameTime": "1 - 36:51",
            "label": "",
            "link": "",
            "position": "2211004",
            "replay": "replay"
        },
        {
            "change_type": "",
            "gameTime": "1 - 37:20",
            "label": "",
            "position": "2240211",
            "replay": "real-time"
        },
        {
            "change_type": "",
            "gameTime": "1 - 37:25",
            "label": "",
            "link": "",
            "position": "2245331",
            "replay": "replay"
        },
        {
            "change_type": "",
            "gameTime": "1 - 40:58",
            "label": "",
            "position": "2458624",
            "replay": "real-time"
        },
        {
            "change_type": "",
            "gameTime": "1 - 41:04",
            "label": "",
            "link": "",
            "position": "2464621",
            "replay": "replay"
        },
        {
            "change_type": "",
            "gameTime": "2 - 02:13",
            "label": "",
            "position": "133665",
            "replay": "real-time"
        },
        {
            "change_type": "",
            "gameTime": "2 - 02:22",
            "label": "",
            "link": "",
            "position": "142889",
            "replay": "replay"
        },
        {
            "change_type": "",
            "gameTime": "2 - 05:16",
            "label": "",
            "position": "316189",
            "replay": "real-time"
        },
        {
            "change_type": "",
            "gameTime": "2 - 05:22",
            "label": "",
            "link": "",
            "position": "322694",
            "replay": "replay"
        },
        {
            "change_type": "",
            "gameTime": "2 - 09:40",
            "label": "",
            "position": "580702",
            "replay": "real-time"
        },
        {
            "change_type": "",
            "gameTime": "2 - 09:47",
            "label": "",
            "link": "",
            "position": "587581",
            "replay": "replay"
        },
        {
            "change_type": "",
            "gameTime": "2 - 13:35",
            "label": "",
            "position": "815845",
            "replay": "real-time"
        },
        {
            "change_type": "",
            "gameTime": "2 - 13:41",
            "label": "",
            "link": "",
            "position": "821027",
            "replay": "replay"
        },
        {
            "change_type": "",
            "gameTime": "2 - 17:02",
            "label": "",
            "position": "1022790",
            "replay": "real-time"
        },
        {
            "change_type": "",
            "gameTime": "2 - 17:09",
            "label": "",
            "link": "",
            "position": "1029604",
            "replay": "replay"
        },
        {
            "change_type": "",
            "gameTime": "2 - 25:56",
            "label": "",
            "position": "1556596",
            "replay": "real-time"
        },
        {
            "change_type": "",
            "gameTime": "2 - 26:03",
            "label": "",
            "link": "",
            "position": "1563351",
            "replay": "replay"
        },
        {
            "change_type": "",
            "gameTime": "2 - 27:58",
            "label": "",
            "position": "1678505",
            "replay": "real-time"
        },
        {
            "change_type": "",
            "gameTime": "2 - 28:06",
            "label": "",
            "link": "",
            "position": "1686377",
            "replay": "replay"
        },
        {
            "change_type": "",
            "gameTime": "2 - 30:48",
            "label": "",
            "position": "1848095",
            "replay": "real-time"
        },
        {
            "change_type": "",
            "gameTime": "2 - 30:54",
            "label": "",
            "position": "1854598",
            "replay": "other"
        },
        {
            "change_type": "",
            "gameTime": "2 - 31:50",
            "label": "",
            "position": "1910578",
            "replay": "real-time"
        },
        {
            "change_type": "",
            "gameTime": "2 - 31:58",
            "label": "",
            "link": "",
            "position": "1918818",
            "replay": "replay"
        }
    ],
    "gameAwayTeam": "Internazionale",
    "gameDate": "2016-09-18 - 18-00",
    "gameHomeTeam": "Empoli",
    "gameScore": "0 - 2"
}