{
    "UrlLocal": "england_epl/2016-2017/2017-01-22 - 18-00 Arsenal 2 - 1 Burnley",
    "UrlYoutube": "",
    "annotations": [
        {
            "change_type": "",
            "gameTime": "1 - 07:23",
            "label": "",
            "position": "443686",
            "replay": "real-time"
        },
        {
            "change_type": "",
            "gameTime": "1 - 07:34",
            "label": "",
            "link": "",
            "position": "454028",
            "replay": "replay"
        },
        {
            "change_type": "",
            "gameTime": "1 - 07:42",
            "label": "",
            "link": "",
            "position": "462333",
            "replay": "replay"
        },
        {
            "change_type": "",
            "gameTime": "1 - 09:22",
            "label": "",
            "position": "562173",
            "replay": "real-time"
        },
        {
            "change_type": "",
            "gameTime": "1 - 09:29",
            "label": "",
            "link": "",
            "position": "569135",
            "replay": "replay"
        },
        {
            "change_type": "",
            "gameTime": "1 - 09:37",
            "label": "",
            "link": "",
            "position": "577535",
            "replay": "replay"
        },
        {
            "change_type": "",
            "gameTime": "1 - 11:19",
            "label": "",
            "position": "679603",
            "replay": "real-time"
        },
        {
            "change_type": "",
            "gameTime": "1 - 11:33",
            "label": "",
            "link": "",
            "position": "693425",
            "replay": "replay"
        },
        {
            "change_type": "",
            "gameTime": "1 - 11:43",
            "label": "",
            "link": "",
            "position": "703728",
            "replay": "replay"
        },
        {
            "change_type": "",
            "gameTime": "1 - 13:50",
            "label": "",
            "position": "830824",
            "replay": "real-time"
        },
        {
            "change_type": "",
            "gameTime": "1 - 14:03",
            "label": "",
            "link": "",
            "position": "843805",
            "replay": "replay"
        },
        {
            "change_type": "",
            "gameTime": "1 - 14:28",
            "label": "",
            "position": "868057",
            "replay": "real-time"
        },
        {
            "change_type": "",
            "gameTime": "1 - 14:39",
            "label": "",
            "link": "",
            "position": "879421",
            "replay": "replay"
        },
        {
            "change_type": "",
            "gameTime": "1 - 14:52",
            "label": "",
            "position": "892403",
            "replay": "real-time"
        },
        {
            "change_type": "",
            "gameTime": "1 - 15:01",
            "label": "",
            "link": "",
            "position": "901007",
            "replay": "replay"
        },
        {
            "change_type": "",
            "gameTime": "1 - 15:37",
            "label": "",
            "position": "937725",
            "replay": "real-time"
        },
        {
            "change_type": "",
            "gameTime": "1 - 15:42",
            "label": "",
            "link": "",
            "position": "942602",
            "replay": "replay"
        },
        {
            "change_type": "",
            "gameTime": "1 - 15:51",
            "label": "",
            "link": "",
            "position": "951660",
            "replay": "replay"
        },
        {
            "change_type": "",
            "gameTime": "1 - 20:03",
            "label": "",
            "position": "1203962",
            "replay": "real-time"
        },
        {
            "change_type": "",
            "gameTime": "1 - 20:12",
            "label": "",
            "link": "",
            "position": "1212260",
            "replay": "replay"
        },
        {
            "change_type": "",
            "gameTime": "1 - 23:06",
            "label": "",
            "position": "1386209",
            "replay": "real-time"
        },
        {
            "change_type": "",
            "gameTime": "1 - 23:16",
            "label": "",
            "link": "",
            "position": "1396223",
            "replay": "replay"
        },
        {
            "change_type": "",
            "gameTime": "1 - 24:11",
            "label": "",
            "position": "1451960",
            "replay": "real-time"
        },
        {
            "change_type": "",
            "gameTime": "1 - 24:28",
            "label": "",
            "link": "",
            "position": "1468452",
            "replay": "replay"
        },
        {
            "change_type": "",
            "gameTime": "1 - 25:41",
            "label": "",
            "position": "1541656",
            "replay": "real-time"
        },
        {
            "change_type": "",
            "gameTime": "1 - 25:54",
            "label": "",
            "link": "",
            "position": "1554099",
            "replay": "replay"
        },
        {
            "change_type": "",
            "gameTime": "1 - 26:45",
            "label": "",
            "position": "1605798",
            "replay": "real-time"
        },
        {
            "change_type": "",
            "gameTime": "1 - 26:58",
            "label": "",
            "link": "",
            "position": "1618324",
            "replay": "replay"
        },
        {
            "change_type": "",
            "gameTime": "1 - 30:34",
            "label": "",
            "position": "1834703",
            "replay": "real-time"
        },
        {
            "change_type": "",
            "gameTime": "1 - 30:44",
            "label": "",
            "link": "",
            "position": "1844837",
            "replay": "replay"
        },
        {
            "change_type": "",
            "gameTime": "1 - 31:29",
            "label": "",
            "position": "1889976",
            "replay": "real-time"
        },
        {
            "change_type": "",
            "gameTime": "1 - 31:39",
            "label": "",
            "position": "1899635",
            "replay": "other"
        },
        {
            "change_type": "",
            "gameTime": "1 - 32:10",
            "label": "",
            "position": "1930356",
            "replay": "real-time"
        },
        {
            "change_type": "",
            "gameTime": "1 - 32:14",
            "label": "",
            "position": "1934672",
            "replay": "other"
        },
        {
            "change_type": "",
            "gameTime": "1 - 32:19",
            "label": "",
            "position": "1939909",
            "replay": "other"
        },
        {
            "change_type": "",
            "gameTime": "1 - 32:28",
            "label": "",
            "position": "1948185",
            "replay": "other"
        },
        {
            "change_type": "",
            "gameTime": "1 - 33:22",
            "label": "",
            "position": "2002020",
            "replay": "real-time"
        },
        {
            "change_type": "",
            "gameTime": "1 - 33:27",
            "label": "",
            "link": "",
            "position": "2007124",
            "replay": "replay"
        },
        {
            "change_type": "",
            "gameTime": "1 - 33:34",
            "label": "",
            "link": "",
            "position": "2014779",
            "replay": "replay"
        },
        {
            "change_type": "",
            "gameTime": "1 - 34:31",
            "label": "",
            "position": "2071641",
            "replay": "real-time"
        },
        {
            "change_type": "",
            "gameTime": "1 - 34:38",
            "label": "",
            "link": "",
            "position": "2078442",
            "replay": "replay"
        },
        {
            "change_type": "",
            "gameTime": "1 - 34:46",
            "label": "",
            "link": "",
            "position": "2086089",
            "replay": "replay"
        },
        {
            "change_type": "",
            "gameTime": "1 - 36:02",
            "label": "",
            "position": "2162699",
            "replay": "real-time"
        },
        {
            "change_type": "",
            "gameTime": "1 - 36:11",
            "label": "",
            "position": "2171882",
            "replay": "other"
        },
        {
            "change_type": "",
            "gameTime": "1 - 40:05",
            "label": "",
            "position": "2405215",
            "replay": "real-time"
        },
        {
            "change_type": "",
            "gameTime": "1 - 40:14",
            "label": "",
            "link": "",
            "position": "2414172",
            "replay": "replay"
        },
        {
            "change_type": "",
            "gameTime": "1 - 41:34",
            "label": "",
            "position": "2494108",
            "replay": "real-time"
        },
        {
            "change_type": "",
            "gameTime": "1 - 41:41",
            "label": "",
            "link": "",
            "position": "2501687",
            "replay": "replay"
        },
        {
            "change_type": "",
            "gameTime": "1 - 41:46",
            "label": "",
            "link": "",
            "position": "2506362",
            "replay": "replay"
        },
        {
            "change_type": "",
            "gameTime": "1 - 41:52",
            "label": "",
            "link": "",
            "position": "2512045",
            "replay": "replay"
        },
        {
            "change_type": "",
            "gameTime": "1 - 41:58",
            "label": "",
            "position": "2518617",
            "replay": "other"
        },
        {
            "change_type": "",
            "gameTime": "1 - 43:42",
            "label": "",
            "position": "2622032",
            "replay": "real-time"
        },
        {
            "change_type": "",
            "gameTime": "1 - 43:50",
            "label": "",
            "position": "2630226",
            "replay": "other"
        },
        {
            "change_type": "",
            "gameTime": "1 - 43:56",
            "label": "",
            "position": "2636592",
            "replay": "other"
        },
        {
            "change_type": "",
            "gameTime": "1 - 44:07",
            "label": "",
            "position": "2647235",
            "replay": "other"
        },
        {
            "change_type": "",
            "gameTime": "2 - 02:39",
            "label": "",
            "position": "159681",
            "replay": "real-time"
        },
        {
            "change_type": "",
            "gameTime": "2 - 02:47",
            "label": "",
            "link": "",
            "position": "167191",
            "replay": "replay"
        },
        {
            "change_type": "",
            "gameTime": "2 - 02:58",
            "label": "",
            "link": "",
            "position": "178720",
            "replay": "replay"
        },
        {
            "change_type": "",
            "gameTime": "2 - 03:05",
            "label": "",
            "position": "185929",
            "replay": "other"
        },
        {
            "change_type": "",
            "gameTime": "2 - 03:56",
            "label": "",
            "position": "236911",
            "replay": "real-time"
        },
        {
            "change_type": "",
            "gameTime": "2 - 04:03",
            "label": "",
            "link": "",
            "position": "243115",
            "replay": "replay"
        },
        {
            "change_type": "",
            "gameTime": "2 - 04:08",
            "label": "",
            "link": "",
            "position": "248925",
            "replay": "replay"
        },
        {
            "change_type": "",
            "gameTime": "2 - 06:42",
            "label": "",
            "position": "402126",
            "replay": "real-time"
        },
        {
            "change_type": "",
            "gameTime": "2 - 06:50",
            "label": "",
            "position": "410523",
            "replay": "other"
        },
        {
            "change_type": "",
            "gameTime": "2 - 07:12",
            "label": "",
            "position": "432344",
            "replay": "real-time"
        },
        {
            "change_type": "",
            "gameTime": "2 - 07:19",
            "label": "",
            "link": "",
            "position": "439621",
            "replay": "replay"
        },
        {
            "change_type": "",
            "gameTime": "2 - 07:21",
            "label": "",
            "link": "",
            "position": "441243",
            "replay": "replay"
        },
        {
            "change_type": "",
            "gameTime": "2 - 07:26",
            "label": "",
            "position": "446451",
            "replay": "other"
        },
        {
            "change_type": "",
            "gameTime": "2 - 11:40",
            "label": "",
            "position": "700691",
            "replay": "real-time"
        },
        {
            "change_type": "",
            "gameTime": "2 - 11:45",
            "label": "",
            "position": "705559",
            "replay": "other"
        },
        {
            "change_type": "",
            "gameTime": "2 - 11:54",
            "label": "",
            "position": "714932",
            "replay": "other"
        },
        {
            "change_type": "",
            "gameTime": "2 - 13:35",
            "label": "",
            "position": "815136",
            "replay": "real-time"
        },
        {
            "change_type": "",
            "gameTime": "2 - 13:40",
            "label": "",
            "link": "",
            "position": "820602",
            "replay": "replay"
        },
        {
            "change_type": "",
            "gameTime": "2 - 13:46",
            "label": "",
            "link": "",
            "position": "826773",
            "replay": "replay"
        },
        {
            "change_type": "",
            "gameTime": "2 - 13:58",
            "label": "",
            "link": "",
            "position": "838260",
            "replay": "replay"
        },
        {
            "change_type": "",
            "gameTime": "2 - 14:02",
            "label": "",
            "position": "842911",
            "replay": "other"
        },
        {
            "change_type": "",
            "gameTime": "2 - 14:10",
            "label": "",
            "position": "850649",
            "replay": "other"
        },
        {
            "change_type": "",
            "gameTime": "2 - 17:27",
            "label": "",
            "position": "1047941",
            "replay": "real-time"
        },
        {
            "change_type": "",
            "gameTime": "2 - 17:34",
            "label": "",
            "position": "1054092",
            "replay": "other"
        },
        {
            "change_type": "",
            "gameTime": "2 - 17:37",
            "label": "",
            "link": "",
            "position": "1057906",
            "replay": "replay"
        },
        {
            "change_type": "",
            "gameTime": "2 - 20:06",
            "label": "",
            "position": "1206371",
            "replay": "real-time"
        },
        {
            "change_type": "",
            "gameTime": "2 - 20:12",
            "label": "",
            "link": "",
            "position": "1212710",
            "replay": "replay"
        },
        {
            "change_type": "",
            "gameTime": "2 - 20:23",
            "label": "",
            "link": "",
            "position": "1223511",
            "replay": "replay"
        },
        {
            "change_type": "",
            "gameTime": "2 - 20:44",
            "label": "",
            "position": "1244735",
            "replay": "real-time"
        },
        {
            "change_type": "",
            "gameTime": "2 - 20:52",
            "label": "",
            "link": "",
            "position": "1252950",
            "replay": "replay"
        },
        {
            "change_type": "",
            "gameTime": "2 - 26:03",
            "label": "",
            "position": "1563537",
            "replay": "real-time"
        },
        {
            "change_type": "",
            "gameTime": "2 - 26:08",
            "label": "",
            "link": "",
            "position": "1568050",
            "replay": "replay"
        },
        {
            "change_type": "",
            "gameTime": "2 - 26:13",
            "label": "",
            "link": "",
            "position": "1573433",
            "replay": "replay"
        },
        {
            "change_type": "",
            "gameTime": "2 - 27:59",
            "label": "",
            "position": "1679116",
            "replay": "real-time"
        },
        {
            "change_type": "",
            "gameTime": "2 - 28:04",
            "label": "",
            "link": "",
            "position": "1684395",
            "replay": "replay"
        },
        {
            "change_type": "",
            "gameTime": "2 - 28:17",
            "label": "",
            "link": "",
            "position": "1697582",
            "replay": "replay"
        },
        {
            "change_type": "",
            "gameTime": "2 - 29:31",
            "label": "",
            "position": "1771996",
            "replay": "real-time"
        },
        {
            "change_type": "",
            "gameTime": "2 - 29:36",
            "label": "",
            "link": "",
            "position": "1776738",
            "replay": "replay"
        },
        {
            "change_type": "",
            "gameTime": "2 - 29:45",
            "label": "",
            "position": "1785847",
            "replay": "other"
        },
        {
            "change_type": "",
            "gameTime": "2 - 35:04",
            "label": "",
            "position": "2104709",
            "replay": "real-time"
        },
        {
            "change_type": "",
            "gameTime": "2 - 35:13",
            "label": "",
            "link": "",
            "position": "2113212",
            "replay": "replay"
        },
        {
            "change_type": "",
            "gameTime": "2 - 35:19",
            "label": "",
            "link": "",
            "position": "2119740",
            "replay": "replay"
        },
        {
            "change_type": "",
            "gameTime": "2 - 35:26",
            "label": "",
            "position": "2126402",
            "replay": "other"
        },
        {
            "change_type": "",
            "gameTime": "2 - 35:51",
            "label": "",
            "position": "2151946",
            "replay": "real-time"
        },
        {
            "change_type": "",
            "gameTime": "2 - 36:02",
            "label": "",
            "position": "2162781",
            "replay": "other"
        },
        {
            "change_type": "",
            "gameTime": "2 - 45:10",
            "label": "",
            "position": "2710707",
            "replay": "real-time"
        },
        {
            "change_type": "",
            "gameTime": "2 - 45:22",
            "label": "",
            "link": "",
            "position": "2722140",
            "replay": "replay"
        },
        {
            "change_type": "",
            "gameTime": "2 - 47:09",
            "label": "",
            "position": "2829102",
            "replay": "real-time"
        },
        {
            "change_type": "",
            "gameTime": "2 - 47:16",
            "label": "",
            "link": "",
            "position": "2836503",
            "replay": "replay"
        },
        {
            "change_type": "",
            "gameTime": "2 - 47:27",
            "label": "",
            "link": "",
            "position": "2847308",
            "replay": "replay"
        },
        {
            "change_type": "",
            "gameTime": "2 - 48:03",
            "label": "",
            "position": "2883978",
            "replay": "real-time"
        },
        {
            "change_type": "",
            "gameTime": "2 - 48:07",
            "label": "",
            "link": "",
            "position": "2887866",
            "replay": "replay"
        },
        {
            "change_type": "",
            "gameTime": "2 - 48:11",
            "label": "",
            "link": "",
            "position": "2891713",
            "replay": "replay"
        },
        {
            "change_type": "",
            "gameTime": "2 - 48:19",
            "label": "",
            "position": "2899720",
            "replay": "other"
        },
        {
            "change_type": "",
            "gameTime": "2 - 48:29",
            "label": "",
            "link": "",
            "position": "2909218",
            "replay": "replay"
        },
        {
            "change_type": "",
            "gameTime": "2 - 51:34",
            "label": "",
            "position": "3094170",
            "replay": "real-time"
        },
        {
            "change_type": "",
            "gameTime": "2 - 51:39",
            "label": "",
            "link": "",
            "position": "3099963",
            "replay": "replay"
        },
        {
            "change_type": "",
            "gameTime": "2 - 51:46",
            "label": "",
            "link": "",
            "position": "3106882",
            "replay": "replay"
        },
        {
            "change_type": "",
            "gameTime": "2 - 51:57",
            "label": "",
            "link": "",
            "position": "3117216",
            "replay": "replay"
        },
        {
            "change_type": "",
            "gameTime": "2 - 52:38",
            "label": "",
            "position": "3158123",
            "replay": "real-time"
        },
        {
            "change_type": "",
            "gameTime": "2 - 52:41",
            "label": "",
            "link": "",
            "position": "3161780",
            "replay": "replay"
        },
        {
            "change_type": "",
            "gameTime": "2 - 52:45",
            "label": "",
            "link": "",
            "position": "3165855",
            "replay": "replay"
        },
        {
            "change_type": "",
            "gameTime": "2 - 52:53",
            "label": "",
            "position": "3173056",
            "replay": "other"
        },
        {
            "change_type": "",
            "gameTime": "2 - 52:59",
            "label": "",
            "link": "",
            "position": "3179128",
            "replay": "replay"
        },
        {
            "change_type": "",
            "gameTime": "2 - 53:09",
            "label": "",
            "link": "",
            "position": "3189131",
            "replay": "replay"
        }
    ],
    "gameAwayTeam": "Burnley",
    "gameDate": "2017-01-22 - 18-00",
    "gameHomeTeam": "Arsenal",
    "gameScore": "2 - 1"
}