{
    "UrlLocal": "germany_bundesliga/2016-2017/2016-09-21 - 18-00 Leipzig 1 - 1 Borussia",
    "predictions": [
        {
            "gameTime": "1 - 0:0",
            "label": "Kick-off",
            "position": "0",
            "half": "1",
            "confidence": "0.9323204159736633"
        },
        {
            "gameTime": "1 - 6:34",
            "label": "Kick-off",
            "position": "394000",
            "half": "1",
            "confidence": "0.8917962312698364"
        },
        {
            "gameTime": "1 - 46:7",
            "label": "Kick-off",
            "position": "2767500",
            "half": "1",
            "confidence": "0.6716979742050171"
        },
        {
            "gameTime": "1 - 6:44",
            "label": "Kick-off",
            "position": "404000",
            "half": "1",
            "confidence": "0.6540688276290894"
        },
        {
            "gameTime": "1 - 12:30",
            "label": "Kick-off",
            "position": "750000",
            "half": "1",
            "confidence": "0.5077861547470093"
        },
        {
            "gameTime": "1 - 5:38",
            "label": "Goal",
            "position": "338500",
            "half": "1",
            "confidence": "0.921359121799469"
        },
        {
            "gameTime": "1 - 5:48",
            "label": "Goal",
            "position": "348500",
            "half": "1",
            "confidence": "0.5272321105003357"
        },
        {
            "gameTime": "1 - 25:22",
            "label": "Offside",
            "position": "1522000",
            "half": "1",
            "confidence": "0.9408474564552307"
        },
        {
            "gameTime": "1 - 25:11",
            "label": "Offside",
            "position": "1511000",
            "half": "1",
            "confidence": "0.7963783144950867"
        },
        {
            "gameTime": "1 - 40:31",
            "label": "Offside",
            "position": "2431000",
            "half": "1",
            "confidence": "0.6802938580513"
        },
        {
            "gameTime": "1 - 5:36",
            "label": "Shots on target",
            "position": "336500",
            "half": "1",
            "confidence": "0.8993784189224243"
        },
        {
            "gameTime": "1 - 30:32",
            "label": "Shots on target",
            "position": "1832500",
            "half": "1",
            "confidence": "0.6319642066955566"
        },
        {
            "gameTime": "1 - 5:46",
            "label": "Shots on target",
            "position": "346500",
            "half": "1",
            "confidence": "0.6133946776390076"
        },
        {
            "gameTime": "1 - 40:24",
            "label": "Shots on target",
            "position": "2424500",
            "half": "1",
            "confidence": "0.5669600367546082"
        },
        {
            "gameTime": "1 - 15:31",
            "label": "Shots off target",
            "position": "931000",
            "half": "1",
            "confidence": "0.6666386723518372"
        },
        {
            "gameTime": "1 - 15:41",
            "label": "Shots off target",
            "position": "941500",
            "half": "1",
            "confidence": "0.6587100625038147"
        },
        {
            "gameTime": "1 - 29:54",
            "label": "Shots off target",
            "position": "1794500",
            "half": "1",
            "confidence": "0.6484782099723816"
        },
        {
            "gameTime": "1 - 30:25",
            "label": "Shots off target",
            "position": "1825500",
            "half": "1",
            "confidence": "0.6402420401573181"
        },
        {
            "gameTime": "1 - 40:25",
            "label": "Shots off target",
            "position": "2425500",
            "half": "1",
            "confidence": "0.5377980470657349"
        },
        {
            "gameTime": "1 - 10:56",
            "label": "Shots off target",
            "position": "656000",
            "half": "1",
            "confidence": "0.5161885619163513"
        },
        {
            "gameTime": "1 - 30:52",
            "label": "Shots off target",
            "position": "1852500",
            "half": "1",
            "confidence": "0.5114137530326843"
        },
        {
            "gameTime": "1 - 45:13",
            "label": "Clearance",
            "position": "2713000",
            "half": "1",
            "confidence": "0.9145358204841614"
        },
        {
            "gameTime": "1 - 31:13",
            "label": "Clearance",
            "position": "1873000",
            "half": "1",
            "confidence": "0.711517870426178"
        },
        {
            "gameTime": "1 - 40:50",
            "label": "Clearance",
            "position": "2450000",
            "half": "1",
            "confidence": "0.6762638092041016"
        },
        {
            "gameTime": "1 - 26:33",
            "label": "Clearance",
            "position": "1593000",
            "half": "1",
            "confidence": "0.6670795679092407"
        },
        {
            "gameTime": "1 - 42:25",
            "label": "Clearance",
            "position": "2545000",
            "half": "1",
            "confidence": "0.6361799836158752"
        },
        {
            "gameTime": "1 - 27:49",
            "label": "Clearance",
            "position": "1669000",
            "half": "1",
            "confidence": "0.5955272316932678"
        },
        {
            "gameTime": "1 - 45:24",
            "label": "Clearance",
            "position": "2724000",
            "half": "1",
            "confidence": "0.5743685960769653"
        },
        {
            "gameTime": "1 - 41:2",
            "label": "Clearance",
            "position": "2462000",
            "half": "1",
            "confidence": "0.5325000882148743"
        },
        {
            "gameTime": "1 - 42:8",
            "label": "Ball out of play",
            "position": "2528000",
            "half": "1",
            "confidence": "0.9699434041976929"
        },
        {
            "gameTime": "1 - 34:49",
            "label": "Ball out of play",
            "position": "2089500",
            "half": "1",
            "confidence": "0.931948184967041"
        },
        {
            "gameTime": "1 - 24:34",
            "label": "Ball out of play",
            "position": "1474500",
            "half": "1",
            "confidence": "0.9118843078613281"
        },
        {
            "gameTime": "1 - 14:48",
            "label": "Ball out of play",
            "position": "888000",
            "half": "1",
            "confidence": "0.8629380464553833"
        },
        {
            "gameTime": "1 - 23:43",
            "label": "Ball out of play",
            "position": "1423000",
            "half": "1",
            "confidence": "0.8528382182121277"
        },
        {
            "gameTime": "1 - 18:4",
            "label": "Ball out of play",
            "position": "1084000",
            "half": "1",
            "confidence": "0.8440346717834473"
        },
        {
            "gameTime": "1 - 36:24",
            "label": "Ball out of play",
            "position": "2184000",
            "half": "1",
            "confidence": "0.823806643486023"
        },
        {
            "gameTime": "1 - 23:15",
            "label": "Ball out of play",
            "position": "1395500",
            "half": "1",
            "confidence": "0.8175851106643677"
        },
        {
            "gameTime": "1 - 32:4",
            "label": "Ball out of play",
            "position": "1924000",
            "half": "1",
            "confidence": "0.8133653998374939"
        },
        {
            "gameTime": "1 - 15:4",
            "label": "Ball out of play",
            "position": "904500",
            "half": "1",
            "confidence": "0.8044503331184387"
        },
        {
            "gameTime": "1 - 33:0",
            "label": "Ball out of play",
            "position": "1980000",
            "half": "1",
            "confidence": "0.7657063603401184"
        },
        {
            "gameTime": "1 - 42:18",
            "label": "Ball out of play",
            "position": "2538000",
            "half": "1",
            "confidence": "0.7388080358505249"
        },
        {
            "gameTime": "1 - 29:43",
            "label": "Ball out of play",
            "position": "1783000",
            "half": "1",
            "confidence": "0.7320207357406616"
        },
        {
            "gameTime": "1 - 30:33",
            "label": "Ball out of play",
            "position": "1833000",
            "half": "1",
            "confidence": "0.7270986437797546"
        },
        {
            "gameTime": "1 - 15:36",
            "label": "Ball out of play",
            "position": "936500",
            "half": "1",
            "confidence": "0.7210696339607239"
        },
        {
            "gameTime": "1 - 39:48",
            "label": "Ball out of play",
            "position": "2388000",
            "half": "1",
            "confidence": "0.7125614881515503"
        },
        {
            "gameTime": "1 - 16:54",
            "label": "Ball out of play",
            "position": "1014000",
            "half": "1",
            "confidence": "0.7066338062286377"
        },
        {
            "gameTime": "1 - 0:10",
            "label": "Ball out of play",
            "position": "10500",
            "half": "1",
            "confidence": "0.6850257515907288"
        },
        {
            "gameTime": "1 - 24:21",
            "label": "Ball out of play",
            "position": "1461000",
            "half": "1",
            "confidence": "0.6799028515815735"
        },
        {
            "gameTime": "1 - 23:25",
            "label": "Ball out of play",
            "position": "1405500",
            "half": "1",
            "confidence": "0.6769307851791382"
        },
        {
            "gameTime": "1 - 38:56",
            "label": "Ball out of play",
            "position": "2336500",
            "half": "1",
            "confidence": "0.6643001437187195"
        },
        {
            "gameTime": "1 - 11:53",
            "label": "Ball out of play",
            "position": "713000",
            "half": "1",
            "confidence": "0.6623913049697876"
        },
        {
            "gameTime": "1 - 18:28",
            "label": "Ball out of play",
            "position": "1108000",
            "half": "1",
            "confidence": "0.6597728729248047"
        },
        {
            "gameTime": "1 - 0:21",
            "label": "Ball out of play",
            "position": "21000",
            "half": "1",
            "confidence": "0.6572244763374329"
        },
        {
            "gameTime": "1 - 28:10",
            "label": "Ball out of play",
            "position": "1690000",
            "half": "1",
            "confidence": "0.6470944881439209"
        },
        {
            "gameTime": "1 - 14:37",
            "label": "Ball out of play",
            "position": "877000",
            "half": "1",
            "confidence": "0.6418297290802002"
        },
        {
            "gameTime": "1 - 2:49",
            "label": "Ball out of play",
            "position": "169000",
            "half": "1",
            "confidence": "0.6408994793891907"
        },
        {
            "gameTime": "1 - 29:53",
            "label": "Ball out of play",
            "position": "1793500",
            "half": "1",
            "confidence": "0.6368086934089661"
        },
        {
            "gameTime": "1 - 44:52",
            "label": "Ball out of play",
            "position": "2692500",
            "half": "1",
            "confidence": "0.6366751790046692"
        },
        {
            "gameTime": "1 - 10:56",
            "label": "Ball out of play",
            "position": "656000",
            "half": "1",
            "confidence": "0.6299830079078674"
        },
        {
            "gameTime": "1 - 23:53",
            "label": "Ball out of play",
            "position": "1433000",
            "half": "1",
            "confidence": "0.6284897923469543"
        },
        {
            "gameTime": "1 - 26:10",
            "label": "Ball out of play",
            "position": "1570500",
            "half": "1",
            "confidence": "0.6251972913742065"
        },
        {
            "gameTime": "1 - 45:47",
            "label": "Ball out of play",
            "position": "2747000",
            "half": "1",
            "confidence": "0.6144174337387085"
        },
        {
            "gameTime": "1 - 31:49",
            "label": "Ball out of play",
            "position": "1909000",
            "half": "1",
            "confidence": "0.5924301147460938"
        },
        {
            "gameTime": "1 - 39:34",
            "label": "Ball out of play",
            "position": "2374500",
            "half": "1",
            "confidence": "0.5920279026031494"
        },
        {
            "gameTime": "1 - 0:40",
            "label": "Ball out of play",
            "position": "40500",
            "half": "1",
            "confidence": "0.5880588889122009"
        },
        {
            "gameTime": "1 - 2:27",
            "label": "Ball out of play",
            "position": "147500",
            "half": "1",
            "confidence": "0.5839828848838806"
        },
        {
            "gameTime": "1 - 12:5",
            "label": "Ball out of play",
            "position": "725000",
            "half": "1",
            "confidence": "0.5507829189300537"
        },
        {
            "gameTime": "1 - 11:23",
            "label": "Ball out of play",
            "position": "683000",
            "half": "1",
            "confidence": "0.5424399375915527"
        },
        {
            "gameTime": "1 - 27:59",
            "label": "Ball out of play",
            "position": "1679500",
            "half": "1",
            "confidence": "0.5386295914649963"
        },
        {
            "gameTime": "1 - 2:38",
            "label": "Ball out of play",
            "position": "158500",
            "half": "1",
            "confidence": "0.5292342901229858"
        },
        {
            "gameTime": "1 - 33:10",
            "label": "Ball out of play",
            "position": "1990000",
            "half": "1",
            "confidence": "0.5285013318061829"
        },
        {
            "gameTime": "1 - 24:3",
            "label": "Ball out of play",
            "position": "1443000",
            "half": "1",
            "confidence": "0.5267812013626099"
        },
        {
            "gameTime": "1 - 30:22",
            "label": "Ball out of play",
            "position": "1822500",
            "half": "1",
            "confidence": "0.5245078802108765"
        },
        {
            "gameTime": "1 - 25:22",
            "label": "Ball out of play",
            "position": "1522000",
            "half": "1",
            "confidence": "0.5213004946708679"
        },
        {
            "gameTime": "1 - 24:44",
            "label": "Ball out of play",
            "position": "1484500",
            "half": "1",
            "confidence": "0.5198418498039246"
        },
        {
            "gameTime": "1 - 33:43",
            "label": "Ball out of play",
            "position": "2023500",
            "half": "1",
            "confidence": "0.5134980082511902"
        },
        {
            "gameTime": "1 - 31:6",
            "label": "Ball out of play",
            "position": "1866500",
            "half": "1",
            "confidence": "0.5059085488319397"
        },
        {
            "gameTime": "1 - 24:31",
            "label": "Throw-in",
            "position": "1471500",
            "half": "1",
            "confidence": "0.9901511669158936"
        },
        {
            "gameTime": "1 - 24:21",
            "label": "Throw-in",
            "position": "1461000",
            "half": "1",
            "confidence": "0.9352774024009705"
        },
        {
            "gameTime": "1 - 24:41",
            "label": "Throw-in",
            "position": "1481500",
            "half": "1",
            "confidence": "0.9259750247001648"
        },
        {
            "gameTime": "1 - 32:5",
            "label": "Throw-in",
            "position": "1925000",
            "half": "1",
            "confidence": "0.8877251148223877"
        },
        {
            "gameTime": "1 - 34:40",
            "label": "Throw-in",
            "position": "2080500",
            "half": "1",
            "confidence": "0.8874977231025696"
        },
        {
            "gameTime": "1 - 23:15",
            "label": "Throw-in",
            "position": "1395500",
            "half": "1",
            "confidence": "0.8499521017074585"
        },
        {
            "gameTime": "1 - 0:18",
            "label": "Throw-in",
            "position": "18500",
            "half": "1",
            "confidence": "0.8346683979034424"
        },
        {
            "gameTime": "1 - 33:7",
            "label": "Throw-in",
            "position": "1987000",
            "half": "1",
            "confidence": "0.8314351439476013"
        },
        {
            "gameTime": "1 - 23:25",
            "label": "Throw-in",
            "position": "1405500",
            "half": "1",
            "confidence": "0.8172698616981506"
        },
        {
            "gameTime": "1 - 0:29",
            "label": "Throw-in",
            "position": "29500",
            "half": "1",
            "confidence": "0.7836621999740601"
        },
        {
            "gameTime": "1 - 38:54",
            "label": "Throw-in",
            "position": "2334000",
            "half": "1",
            "confidence": "0.771349310874939"
        },
        {
            "gameTime": "1 - 2:49",
            "label": "Throw-in",
            "position": "169000",
            "half": "1",
            "confidence": "0.69638592004776"
        },
        {
            "gameTime": "1 - 39:36",
            "label": "Throw-in",
            "position": "2376500",
            "half": "1",
            "confidence": "0.6891233325004578"
        },
        {
            "gameTime": "1 - 15:1",
            "label": "Throw-in",
            "position": "901500",
            "half": "1",
            "confidence": "0.6837801337242126"
        },
        {
            "gameTime": "1 - 23:41",
            "label": "Throw-in",
            "position": "1421000",
            "half": "1",
            "confidence": "0.6377449035644531"
        },
        {
            "gameTime": "1 - 33:17",
            "label": "Throw-in",
            "position": "1997000",
            "half": "1",
            "confidence": "0.6353355050086975"
        },
        {
            "gameTime": "1 - 28:5",
            "label": "Throw-in",
            "position": "1685500",
            "half": "1",
            "confidence": "0.6279671788215637"
        },
        {
            "gameTime": "1 - 34:50",
            "label": "Throw-in",
            "position": "2090500",
            "half": "1",
            "confidence": "0.6149940490722656"
        },
        {
            "gameTime": "1 - 1:26",
            "label": "Throw-in",
            "position": "86500",
            "half": "1",
            "confidence": "0.6037086844444275"
        },
        {
            "gameTime": "1 - 32:15",
            "label": "Throw-in",
            "position": "1935000",
            "half": "1",
            "confidence": "0.5583333373069763"
        },
        {
            "gameTime": "1 - 1:12",
            "label": "Throw-in",
            "position": "72000",
            "half": "1",
            "confidence": "0.5380412340164185"
        },
        {
            "gameTime": "1 - 28:16",
            "label": "Throw-in",
            "position": "1696000",
            "half": "1",
            "confidence": "0.5342430472373962"
        },
        {
            "gameTime": "1 - 10:5",
            "label": "Foul",
            "position": "605500",
            "half": "1",
            "confidence": "0.9456588625907898"
        },
        {
            "gameTime": "1 - 45:33",
            "label": "Foul",
            "position": "2733500",
            "half": "1",
            "confidence": "0.896440327167511"
        },
        {
            "gameTime": "1 - 4:9",
            "label": "Foul",
            "position": "249000",
            "half": "1",
            "confidence": "0.8239336013793945"
        },
        {
            "gameTime": "1 - 33:48",
            "label": "Foul",
            "position": "2028500",
            "half": "1",
            "confidence": "0.803034782409668"
        },
        {
            "gameTime": "1 - 41:54",
            "label": "Foul",
            "position": "2514000",
            "half": "1",
            "confidence": "0.7073524594306946"
        },
        {
            "gameTime": "1 - 15:11",
            "label": "Foul",
            "position": "911500",
            "half": "1",
            "confidence": "0.7055853009223938"
        },
        {
            "gameTime": "1 - 4:19",
            "label": "Foul",
            "position": "259500",
            "half": "1",
            "confidence": "0.6674057841300964"
        },
        {
            "gameTime": "1 - 24:6",
            "label": "Foul",
            "position": "1446500",
            "half": "1",
            "confidence": "0.666554868221283"
        },
        {
            "gameTime": "1 - 40:0",
            "label": "Foul",
            "position": "2400500",
            "half": "1",
            "confidence": "0.6378007531166077"
        },
        {
            "gameTime": "1 - 40:12",
            "label": "Foul",
            "position": "2412500",
            "half": "1",
            "confidence": "0.6219527125358582"
        },
        {
            "gameTime": "1 - 23:49",
            "label": "Foul",
            "position": "1429000",
            "half": "1",
            "confidence": "0.6008938550949097"
        },
        {
            "gameTime": "1 - 43:56",
            "label": "Foul",
            "position": "2636000",
            "half": "1",
            "confidence": "0.5888994932174683"
        },
        {
            "gameTime": "1 - 45:43",
            "label": "Foul",
            "position": "2743500",
            "half": "1",
            "confidence": "0.5846446752548218"
        },
        {
            "gameTime": "1 - 4:39",
            "label": "Foul",
            "position": "279000",
            "half": "1",
            "confidence": "0.5715620517730713"
        },
        {
            "gameTime": "1 - 16:59",
            "label": "Foul",
            "position": "1019500",
            "half": "1",
            "confidence": "0.5463182330131531"
        },
        {
            "gameTime": "1 - 43:29",
            "label": "Foul",
            "position": "2609500",
            "half": "1",
            "confidence": "0.5259413123130798"
        },
        {
            "gameTime": "1 - 15:26",
            "label": "Indirect free-kick",
            "position": "926000",
            "half": "1",
            "confidence": "0.7668579816818237"
        },
        {
            "gameTime": "1 - 33:53",
            "label": "Indirect free-kick",
            "position": "2033500",
            "half": "1",
            "confidence": "0.6329373717308044"
        },
        {
            "gameTime": "1 - 45:43",
            "label": "Indirect free-kick",
            "position": "2743500",
            "half": "1",
            "confidence": "0.5483693480491638"
        },
        {
            "gameTime": "1 - 15:36",
            "label": "Direct free-kick",
            "position": "936500",
            "half": "1",
            "confidence": "0.934305727481842"
        },
        {
            "gameTime": "1 - 40:10",
            "label": "Direct free-kick",
            "position": "2410000",
            "half": "1",
            "confidence": "0.9329701662063599"
        },
        {
            "gameTime": "1 - 10:45",
            "label": "Direct free-kick",
            "position": "645500",
            "half": "1",
            "confidence": "0.919627845287323"
        },
        {
            "gameTime": "1 - 40:20",
            "label": "Direct free-kick",
            "position": "2420000",
            "half": "1",
            "confidence": "0.8192772269248962"
        },
        {
            "gameTime": "1 - 15:25",
            "label": "Direct free-kick",
            "position": "925000",
            "half": "1",
            "confidence": "0.78668212890625"
        },
        {
            "gameTime": "1 - 29:54",
            "label": "Direct free-kick",
            "position": "1794500",
            "half": "1",
            "confidence": "0.7040845155715942"
        },
        {
            "gameTime": "1 - 10:55",
            "label": "Direct free-kick",
            "position": "655500",
            "half": "1",
            "confidence": "0.603314220905304"
        },
        {
            "gameTime": "1 - 18:34",
            "label": "Corner",
            "position": "1114500",
            "half": "1",
            "confidence": "0.9970490336418152"
        },
        {
            "gameTime": "1 - 11:19",
            "label": "Corner",
            "position": "679500",
            "half": "1",
            "confidence": "0.9889040589332581"
        },
        {
            "gameTime": "1 - 36:44",
            "label": "Corner",
            "position": "2204500",
            "half": "1",
            "confidence": "0.9807255864143372"
        },
        {
            "gameTime": "1 - 30:14",
            "label": "Corner",
            "position": "1814500",
            "half": "1",
            "confidence": "0.923262894153595"
        },
        {
            "gameTime": "1 - 29:58",
            "label": "Corner",
            "position": "1798000",
            "half": "1",
            "confidence": "0.903186559677124"
        },
        {
            "gameTime": "1 - 11:47",
            "label": "Corner",
            "position": "707000",
            "half": "1",
            "confidence": "0.8778349161148071"
        },
        {
            "gameTime": "1 - 30:24",
            "label": "Corner",
            "position": "1824500",
            "half": "1",
            "confidence": "0.8572407364845276"
        },
        {
            "gameTime": "1 - 30:53",
            "label": "Corner",
            "position": "1853500",
            "half": "1",
            "confidence": "0.7833569049835205"
        },
        {
            "gameTime": "1 - 11:36",
            "label": "Corner",
            "position": "696000",
            "half": "1",
            "confidence": "0.7453637719154358"
        },
        {
            "gameTime": "1 - 36:54",
            "label": "Corner",
            "position": "2214500",
            "half": "1",
            "confidence": "0.5932376384735107"
        },
        {
            "gameTime": "1 - 29:44",
            "label": "Corner",
            "position": "1784500",
            "half": "1",
            "confidence": "0.5109007954597473"
        },
        {
            "gameTime": "1 - 4:52",
            "label": "Yellow card",
            "position": "292000",
            "half": "1",
            "confidence": "0.6154568195343018"
        },
        {
            "gameTime": "1 - 44:9",
            "label": "Yellow card",
            "position": "2649500",
            "half": "1",
            "confidence": "0.53045654296875"
        },
        {
            "gameTime": "2 - 39:27",
            "label": "Kick-off",
            "position": "2367000",
            "half": "2",
            "confidence": "0.78546541929245"
        },
        {
            "gameTime": "2 - 39:14",
            "label": "Kick-off",
            "position": "2354500",
            "half": "2",
            "confidence": "0.5296400189399719"
        },
        {
            "gameTime": "2 - 8:55",
            "label": "Kick-off",
            "position": "535000",
            "half": "2",
            "confidence": "0.5088460445404053"
        },
        {
            "gameTime": "2 - 38:48",
            "label": "Goal",
            "position": "2328000",
            "half": "2",
            "confidence": "0.9952131509780884"
        },
        {
            "gameTime": "2 - 38:37",
            "label": "Goal",
            "position": "2317500",
            "half": "2",
            "confidence": "0.5505036115646362"
        },
        {
            "gameTime": "2 - 17:58",
            "label": "Substitution",
            "position": "1078500",
            "half": "2",
            "confidence": "0.9636623859405518"
        },
        {
            "gameTime": "2 - 38:4",
            "label": "Substitution",
            "position": "2284500",
            "half": "2",
            "confidence": "0.8824902176856995"
        },
        {
            "gameTime": "2 - 17:47",
            "label": "Substitution",
            "position": "1067500",
            "half": "2",
            "confidence": "0.5800502896308899"
        },
        {
            "gameTime": "2 - 35:28",
            "label": "Substitution",
            "position": "2128500",
            "half": "2",
            "confidence": "0.5487513542175293"
        },
        {
            "gameTime": "2 - 44:32",
            "label": "Substitution",
            "position": "2672000",
            "half": "2",
            "confidence": "0.5227096080780029"
        },
        {
            "gameTime": "2 - 35:50",
            "label": "Substitution",
            "position": "2150000",
            "half": "2",
            "confidence": "0.5064785480499268"
        },
        {
            "gameTime": "2 - 12:55",
            "label": "Offside",
            "position": "775000",
            "half": "2",
            "confidence": "0.9007896184921265"
        },
        {
            "gameTime": "2 - 31:47",
            "label": "Offside",
            "position": "1907500",
            "half": "2",
            "confidence": "0.783052921295166"
        },
        {
            "gameTime": "2 - 13:7",
            "label": "Offside",
            "position": "787000",
            "half": "2",
            "confidence": "0.6395129561424255"
        },
        {
            "gameTime": "2 - 38:46",
            "label": "Shots on target",
            "position": "2326000",
            "half": "2",
            "confidence": "0.9775566458702087"
        },
        {
            "gameTime": "2 - 5:0",
            "label": "Shots on target",
            "position": "300500",
            "half": "2",
            "confidence": "0.8035277724266052"
        },
        {
            "gameTime": "2 - 32:51",
            "label": "Shots on target",
            "position": "1971500",
            "half": "2",
            "confidence": "0.6743665337562561"
        },
        {
            "gameTime": "2 - 41:14",
            "label": "Shots on target",
            "position": "2474500",
            "half": "2",
            "confidence": "0.6019757390022278"
        },
        {
            "gameTime": "2 - 38:35",
            "label": "Shots on target",
            "position": "2315500",
            "half": "2",
            "confidence": "0.5948441624641418"
        },
        {
            "gameTime": "2 - 23:21",
            "label": "Shots on target",
            "position": "1401500",
            "half": "2",
            "confidence": "0.558045506477356"
        },
        {
            "gameTime": "2 - 33:31",
            "label": "Shots off target",
            "position": "2011500",
            "half": "2",
            "confidence": "0.5205722451210022"
        },
        {
            "gameTime": "2 - 9:44",
            "label": "Shots off target",
            "position": "584500",
            "half": "2",
            "confidence": "0.5202862620353699"
        },
        {
            "gameTime": "2 - 34:51",
            "label": "Clearance",
            "position": "2091000",
            "half": "2",
            "confidence": "0.9052461981773376"
        },
        {
            "gameTime": "2 - 28:32",
            "label": "Clearance",
            "position": "1712500",
            "half": "2",
            "confidence": "0.8038570284843445"
        },
        {
            "gameTime": "2 - 20:12",
            "label": "Clearance",
            "position": "1212500",
            "half": "2",
            "confidence": "0.7940205335617065"
        },
        {
            "gameTime": "2 - 13:23",
            "label": "Clearance",
            "position": "803000",
            "half": "2",
            "confidence": "0.665030300617218"
        },
        {
            "gameTime": "2 - 18:41",
            "label": "Ball out of play",
            "position": "1121000",
            "half": "2",
            "confidence": "0.9601279497146606"
        },
        {
            "gameTime": "2 - 18:54",
            "label": "Ball out of play",
            "position": "1134000",
            "half": "2",
            "confidence": "0.9303069114685059"
        },
        {
            "gameTime": "2 - 7:27",
            "label": "Ball out of play",
            "position": "447500",
            "half": "2",
            "confidence": "0.8972709774971008"
        },
        {
            "gameTime": "2 - 19:19",
            "label": "Ball out of play",
            "position": "1159500",
            "half": "2",
            "confidence": "0.8893252015113831"
        },
        {
            "gameTime": "2 - 23:9",
            "label": "Ball out of play",
            "position": "1389500",
            "half": "2",
            "confidence": "0.8841239809989929"
        },
        {
            "gameTime": "2 - 37:47",
            "label": "Ball out of play",
            "position": "2267500",
            "half": "2",
            "confidence": "0.8758569955825806"
        },
        {
            "gameTime": "2 - 15:29",
            "label": "Ball out of play",
            "position": "929000",
            "half": "2",
            "confidence": "0.8733810186386108"
        },
        {
            "gameTime": "2 - 31:20",
            "label": "Ball out of play",
            "position": "1880500",
            "half": "2",
            "confidence": "0.8716431856155396"
        },
        {
            "gameTime": "2 - 15:46",
            "label": "Ball out of play",
            "position": "946000",
            "half": "2",
            "confidence": "0.8684483170509338"
        },
        {
            "gameTime": "2 - 40:31",
            "label": "Ball out of play",
            "position": "2431500",
            "half": "2",
            "confidence": "0.860602080821991"
        },
        {
            "gameTime": "2 - 19:8",
            "label": "Ball out of play",
            "position": "1148500",
            "half": "2",
            "confidence": "0.8591181039810181"
        },
        {
            "gameTime": "2 - 19:29",
            "label": "Ball out of play",
            "position": "1169500",
            "half": "2",
            "confidence": "0.8573786616325378"
        },
        {
            "gameTime": "2 - 38:20",
            "label": "Ball out of play",
            "position": "2300000",
            "half": "2",
            "confidence": "0.8376278877258301"
        },
        {
            "gameTime": "2 - 28:42",
            "label": "Ball out of play",
            "position": "1722500",
            "half": "2",
            "confidence": "0.8374481797218323"
        },
        {
            "gameTime": "2 - 41:50",
            "label": "Ball out of play",
            "position": "2510000",
            "half": "2",
            "confidence": "0.8365640044212341"
        },
        {
            "gameTime": "2 - 44:57",
            "label": "Ball out of play",
            "position": "2697000",
            "half": "2",
            "confidence": "0.8330165147781372"
        },
        {
            "gameTime": "2 - 15:18",
            "label": "Ball out of play",
            "position": "918500",
            "half": "2",
            "confidence": "0.8273618817329407"
        },
        {
            "gameTime": "2 - 9:16",
            "label": "Ball out of play",
            "position": "556000",
            "half": "2",
            "confidence": "0.8060170412063599"
        },
        {
            "gameTime": "2 - 3:53",
            "label": "Ball out of play",
            "position": "233500",
            "half": "2",
            "confidence": "0.7957644462585449"
        },
        {
            "gameTime": "2 - 42:24",
            "label": "Ball out of play",
            "position": "2544000",
            "half": "2",
            "confidence": "0.7940925359725952"
        },
        {
            "gameTime": "2 - 7:59",
            "label": "Ball out of play",
            "position": "479500",
            "half": "2",
            "confidence": "0.7901283502578735"
        },
        {
            "gameTime": "2 - 33:31",
            "label": "Ball out of play",
            "position": "2011000",
            "half": "2",
            "confidence": "0.7842848300933838"
        },
        {
            "gameTime": "2 - 19:54",
            "label": "Ball out of play",
            "position": "1194500",
            "half": "2",
            "confidence": "0.7757531404495239"
        },
        {
            "gameTime": "2 - 8:15",
            "label": "Ball out of play",
            "position": "495500",
            "half": "2",
            "confidence": "0.7604471445083618"
        },
        {
            "gameTime": "2 - 7:37",
            "label": "Ball out of play",
            "position": "457500",
            "half": "2",
            "confidence": "0.7552770972251892"
        },
        {
            "gameTime": "2 - 4:5",
            "label": "Ball out of play",
            "position": "245500",
            "half": "2",
            "confidence": "0.7542049288749695"
        },
        {
            "gameTime": "2 - 34:14",
            "label": "Ball out of play",
            "position": "2054500",
            "half": "2",
            "confidence": "0.7521944642066956"
        },
        {
            "gameTime": "2 - 33:44",
            "label": "Ball out of play",
            "position": "2024500",
            "half": "2",
            "confidence": "0.7521154880523682"
        },
        {
            "gameTime": "2 - 28:14",
            "label": "Ball out of play",
            "position": "1694500",
            "half": "2",
            "confidence": "0.7427144646644592"
        },
        {
            "gameTime": "2 - 22:58",
            "label": "Ball out of play",
            "position": "1378000",
            "half": "2",
            "confidence": "0.7419553995132446"
        },
        {
            "gameTime": "2 - 29:7",
            "label": "Ball out of play",
            "position": "1747500",
            "half": "2",
            "confidence": "0.7389159798622131"
        },
        {
            "gameTime": "2 - 8:25",
            "label": "Ball out of play",
            "position": "505500",
            "half": "2",
            "confidence": "0.727355420589447"
        },
        {
            "gameTime": "2 - 23:19",
            "label": "Ball out of play",
            "position": "1399500",
            "half": "2",
            "confidence": "0.7196875810623169"
        },
        {
            "gameTime": "2 - 26:41",
            "label": "Ball out of play",
            "position": "1601000",
            "half": "2",
            "confidence": "0.7171748876571655"
        },
        {
            "gameTime": "2 - 36:59",
            "label": "Ball out of play",
            "position": "2219500",
            "half": "2",
            "confidence": "0.7037706971168518"
        },
        {
            "gameTime": "2 - 32:53",
            "label": "Ball out of play",
            "position": "1973500",
            "half": "2",
            "confidence": "0.6994407773017883"
        },
        {
            "gameTime": "2 - 44:46",
            "label": "Ball out of play",
            "position": "2686000",
            "half": "2",
            "confidence": "0.6900926828384399"
        },
        {
            "gameTime": "2 - 9:29",
            "label": "Ball out of play",
            "position": "569000",
            "half": "2",
            "confidence": "0.6809147596359253"
        },
        {
            "gameTime": "2 - 9:4",
            "label": "Ball out of play",
            "position": "544500",
            "half": "2",
            "confidence": "0.6795657873153687"
        },
        {
            "gameTime": "2 - 20:4",
            "label": "Ball out of play",
            "position": "1204500",
            "half": "2",
            "confidence": "0.6620607972145081"
        },
        {
            "gameTime": "2 - 44:12",
            "label": "Ball out of play",
            "position": "2652500",
            "half": "2",
            "confidence": "0.6614507436752319"
        },
        {
            "gameTime": "2 - 3:12",
            "label": "Ball out of play",
            "position": "192500",
            "half": "2",
            "confidence": "0.6608446836471558"
        },
        {
            "gameTime": "2 - 28:3",
            "label": "Ball out of play",
            "position": "1683500",
            "half": "2",
            "confidence": "0.6587878465652466"
        },
        {
            "gameTime": "2 - 19:41",
            "label": "Ball out of play",
            "position": "1181000",
            "half": "2",
            "confidence": "0.6548649668693542"
        },
        {
            "gameTime": "2 - 31:30",
            "label": "Ball out of play",
            "position": "1890500",
            "half": "2",
            "confidence": "0.652381420135498"
        },
        {
            "gameTime": "2 - 11:55",
            "label": "Ball out of play",
            "position": "715000",
            "half": "2",
            "confidence": "0.6509844660758972"
        },
        {
            "gameTime": "2 - 37:36",
            "label": "Ball out of play",
            "position": "2256500",
            "half": "2",
            "confidence": "0.6440337300300598"
        },
        {
            "gameTime": "2 - 25:28",
            "label": "Ball out of play",
            "position": "1528500",
            "half": "2",
            "confidence": "0.6328826546669006"
        },
        {
            "gameTime": "2 - 28:30",
            "label": "Ball out of play",
            "position": "1710000",
            "half": "2",
            "confidence": "0.6076069474220276"
        },
        {
            "gameTime": "2 - 38:9",
            "label": "Ball out of play",
            "position": "2289500",
            "half": "2",
            "confidence": "0.5837951898574829"
        },
        {
            "gameTime": "2 - 40:41",
            "label": "Ball out of play",
            "position": "2441500",
            "half": "2",
            "confidence": "0.5765287280082703"
        },
        {
            "gameTime": "2 - 10:37",
            "label": "Ball out of play",
            "position": "637000",
            "half": "2",
            "confidence": "0.5761024951934814"
        },
        {
            "gameTime": "2 - 7:48",
            "label": "Ball out of play",
            "position": "468000",
            "half": "2",
            "confidence": "0.5673556327819824"
        },
        {
            "gameTime": "2 - 37:10",
            "label": "Ball out of play",
            "position": "2230000",
            "half": "2",
            "confidence": "0.5499195456504822"
        },
        {
            "gameTime": "2 - 34:3",
            "label": "Ball out of play",
            "position": "2043500",
            "half": "2",
            "confidence": "0.546531617641449"
        },
        {
            "gameTime": "2 - 41:34",
            "label": "Ball out of play",
            "position": "2494000",
            "half": "2",
            "confidence": "0.5444406270980835"
        },
        {
            "gameTime": "2 - 5:31",
            "label": "Ball out of play",
            "position": "331500",
            "half": "2",
            "confidence": "0.5408517122268677"
        },
        {
            "gameTime": "2 - 38:30",
            "label": "Ball out of play",
            "position": "2310000",
            "half": "2",
            "confidence": "0.5403014421463013"
        },
        {
            "gameTime": "2 - 40:21",
            "label": "Ball out of play",
            "position": "2421000",
            "half": "2",
            "confidence": "0.520807147026062"
        },
        {
            "gameTime": "2 - 6:1",
            "label": "Ball out of play",
            "position": "361500",
            "half": "2",
            "confidence": "0.5151310563087463"
        },
        {
            "gameTime": "2 - 24:8",
            "label": "Ball out of play",
            "position": "1448500",
            "half": "2",
            "confidence": "0.5122281908988953"
        },
        {
            "gameTime": "2 - 19:10",
            "label": "Throw-in",
            "position": "1150000",
            "half": "2",
            "confidence": "0.9954730868339539"
        },
        {
            "gameTime": "2 - 15:28",
            "label": "Throw-in",
            "position": "928000",
            "half": "2",
            "confidence": "0.9953354001045227"
        },
        {
            "gameTime": "2 - 18:59",
            "label": "Throw-in",
            "position": "1139500",
            "half": "2",
            "confidence": "0.9923175573348999"
        },
        {
            "gameTime": "2 - 4:5",
            "label": "Throw-in",
            "position": "245500",
            "half": "2",
            "confidence": "0.9895622134208679"
        },
        {
            "gameTime": "2 - 9:10",
            "label": "Throw-in",
            "position": "550500",
            "half": "2",
            "confidence": "0.9895150661468506"
        },
        {
            "gameTime": "2 - 15:41",
            "label": "Throw-in",
            "position": "941500",
            "half": "2",
            "confidence": "0.9886986613273621"
        },
        {
            "gameTime": "2 - 15:17",
            "label": "Throw-in",
            "position": "917500",
            "half": "2",
            "confidence": "0.9786388874053955"
        },
        {
            "gameTime": "2 - 7:32",
            "label": "Throw-in",
            "position": "452500",
            "half": "2",
            "confidence": "0.9749404788017273"
        },
        {
            "gameTime": "2 - 23:7",
            "label": "Throw-in",
            "position": "1387000",
            "half": "2",
            "confidence": "0.9746612310409546"
        },
        {
            "gameTime": "2 - 18:49",
            "label": "Throw-in",
            "position": "1129000",
            "half": "2",
            "confidence": "0.9720405340194702"
        },
        {
            "gameTime": "2 - 24:17",
            "label": "Throw-in",
            "position": "1457500",
            "half": "2",
            "confidence": "0.9618542790412903"
        },
        {
            "gameTime": "2 - 31:28",
            "label": "Throw-in",
            "position": "1888000",
            "half": "2",
            "confidence": "0.9486486911773682"
        },
        {
            "gameTime": "2 - 3:55",
            "label": "Throw-in",
            "position": "235000",
            "half": "2",
            "confidence": "0.9449959397315979"
        },
        {
            "gameTime": "2 - 9:0",
            "label": "Throw-in",
            "position": "540000",
            "half": "2",
            "confidence": "0.9344407320022583"
        },
        {
            "gameTime": "2 - 7:47",
            "label": "Throw-in",
            "position": "467500",
            "half": "2",
            "confidence": "0.934192955493927"
        },
        {
            "gameTime": "2 - 18:38",
            "label": "Throw-in",
            "position": "1118500",
            "half": "2",
            "confidence": "0.924660325050354"
        },
        {
            "gameTime": "2 - 10:31",
            "label": "Throw-in",
            "position": "631000",
            "half": "2",
            "confidence": "0.922010064125061"
        },
        {
            "gameTime": "2 - 22:56",
            "label": "Throw-in",
            "position": "1376000",
            "half": "2",
            "confidence": "0.91853266954422"
        },
        {
            "gameTime": "2 - 19:25",
            "label": "Throw-in",
            "position": "1165500",
            "half": "2",
            "confidence": "0.9106858372688293"
        },
        {
            "gameTime": "2 - 24:7",
            "label": "Throw-in",
            "position": "1447000",
            "half": "2",
            "confidence": "0.8945429921150208"
        },
        {
            "gameTime": "2 - 31:38",
            "label": "Throw-in",
            "position": "1898000",
            "half": "2",
            "confidence": "0.8808540105819702"
        },
        {
            "gameTime": "2 - 40:22",
            "label": "Throw-in",
            "position": "2422000",
            "half": "2",
            "confidence": "0.7924302220344543"
        },
        {
            "gameTime": "2 - 34:16",
            "label": "Throw-in",
            "position": "2056500",
            "half": "2",
            "confidence": "0.7641969323158264"
        },
        {
            "gameTime": "2 - 19:36",
            "label": "Throw-in",
            "position": "1176500",
            "half": "2",
            "confidence": "0.7561425566673279"
        },
        {
            "gameTime": "2 - 31:17",
            "label": "Throw-in",
            "position": "1877500",
            "half": "2",
            "confidence": "0.7554500699043274"
        },
        {
            "gameTime": "2 - 10:41",
            "label": "Throw-in",
            "position": "641000",
            "half": "2",
            "confidence": "0.7534700632095337"
        },
        {
            "gameTime": "2 - 8:4",
            "label": "Throw-in",
            "position": "484500",
            "half": "2",
            "confidence": "0.6896470189094543"
        },
        {
            "gameTime": "2 - 9:20",
            "label": "Throw-in",
            "position": "560500",
            "half": "2",
            "confidence": "0.6863947510719299"
        },
        {
            "gameTime": "2 - 39:51",
            "label": "Throw-in",
            "position": "2391500",
            "half": "2",
            "confidence": "0.6516038179397583"
        },
        {
            "gameTime": "2 - 38:21",
            "label": "Throw-in",
            "position": "2301000",
            "half": "2",
            "confidence": "0.6256000399589539"
        },
        {
            "gameTime": "2 - 42:16",
            "label": "Throw-in",
            "position": "2536500",
            "half": "2",
            "confidence": "0.6222475171089172"
        },
        {
            "gameTime": "2 - 38:7",
            "label": "Throw-in",
            "position": "2287500",
            "half": "2",
            "confidence": "0.6200408339500427"
        },
        {
            "gameTime": "2 - 7:21",
            "label": "Throw-in",
            "position": "441500",
            "half": "2",
            "confidence": "0.6104352474212646"
        },
        {
            "gameTime": "2 - 26:52",
            "label": "Throw-in",
            "position": "1612000",
            "half": "2",
            "confidence": "0.5509974956512451"
        },
        {
            "gameTime": "2 - 28:14",
            "label": "Throw-in",
            "position": "1694500",
            "half": "2",
            "confidence": "0.5490430593490601"
        },
        {
            "gameTime": "2 - 28:46",
            "label": "Throw-in",
            "position": "1726500",
            "half": "2",
            "confidence": "0.540917158126831"
        },
        {
            "gameTime": "2 - 1:45",
            "label": "Throw-in",
            "position": "105500",
            "half": "2",
            "confidence": "0.5385504961013794"
        },
        {
            "gameTime": "2 - 23:17",
            "label": "Throw-in",
            "position": "1397000",
            "half": "2",
            "confidence": "0.5296998023986816"
        },
        {
            "gameTime": "2 - 29:17",
            "label": "Foul",
            "position": "1757000",
            "half": "2",
            "confidence": "0.9255908727645874"
        },
        {
            "gameTime": "2 - 14:38",
            "label": "Foul",
            "position": "878500",
            "half": "2",
            "confidence": "0.9091441631317139"
        },
        {
            "gameTime": "2 - 35:16",
            "label": "Foul",
            "position": "2116500",
            "half": "2",
            "confidence": "0.9073426723480225"
        },
        {
            "gameTime": "2 - 14:51",
            "label": "Foul",
            "position": "891000",
            "half": "2",
            "confidence": "0.8491547703742981"
        },
        {
            "gameTime": "2 - 5:36",
            "label": "Foul",
            "position": "336000",
            "half": "2",
            "confidence": "0.7761549353599548"
        },
        {
            "gameTime": "2 - 16:15",
            "label": "Foul",
            "position": "975000",
            "half": "2",
            "confidence": "0.734704852104187"
        },
        {
            "gameTime": "2 - 27:58",
            "label": "Foul",
            "position": "1678000",
            "half": "2",
            "confidence": "0.7144295573234558"
        },
        {
            "gameTime": "2 - 4:27",
            "label": "Foul",
            "position": "267000",
            "half": "2",
            "confidence": "0.7095289826393127"
        },
        {
            "gameTime": "2 - 43:14",
            "label": "Foul",
            "position": "2594000",
            "half": "2",
            "confidence": "0.7092041373252869"
        },
        {
            "gameTime": "2 - 4:37",
            "label": "Foul",
            "position": "277000",
            "half": "2",
            "confidence": "0.6902749538421631"
        },
        {
            "gameTime": "2 - 36:14",
            "label": "Foul",
            "position": "2174000",
            "half": "2",
            "confidence": "0.6729024648666382"
        },
        {
            "gameTime": "2 - 20:57",
            "label": "Foul",
            "position": "1257500",
            "half": "2",
            "confidence": "0.6453381180763245"
        },
        {
            "gameTime": "2 - 31:7",
            "label": "Foul",
            "position": "1867500",
            "half": "2",
            "confidence": "0.6435985565185547"
        },
        {
            "gameTime": "2 - 6:52",
            "label": "Foul",
            "position": "412500",
            "half": "2",
            "confidence": "0.6046165227890015"
        },
        {
            "gameTime": "2 - 1:9",
            "label": "Foul",
            "position": "69000",
            "half": "2",
            "confidence": "0.5913851261138916"
        },
        {
            "gameTime": "2 - 26:13",
            "label": "Foul",
            "position": "1573500",
            "half": "2",
            "confidence": "0.5880976319313049"
        },
        {
            "gameTime": "2 - 27:44",
            "label": "Foul",
            "position": "1664500",
            "half": "2",
            "confidence": "0.5860169529914856"
        },
        {
            "gameTime": "2 - 36:25",
            "label": "Foul",
            "position": "2185500",
            "half": "2",
            "confidence": "0.5646191239356995"
        },
        {
            "gameTime": "2 - 14:2",
            "label": "Foul",
            "position": "842500",
            "half": "2",
            "confidence": "0.5640875697135925"
        },
        {
            "gameTime": "2 - 37:26",
            "label": "Foul",
            "position": "2246000",
            "half": "2",
            "confidence": "0.5611333250999451"
        },
        {
            "gameTime": "2 - 4:47",
            "label": "Foul",
            "position": "287500",
            "half": "2",
            "confidence": "0.5569421052932739"
        },
        {
            "gameTime": "2 - 13:46",
            "label": "Foul",
            "position": "826500",
            "half": "2",
            "confidence": "0.5492765307426453"
        },
        {
            "gameTime": "2 - 45:57",
            "label": "Foul",
            "position": "2757000",
            "half": "2",
            "confidence": "0.5454903244972229"
        },
        {
            "gameTime": "2 - 46:42",
            "label": "Foul",
            "position": "2802000",
            "half": "2",
            "confidence": "0.5250134468078613"
        },
        {
            "gameTime": "2 - 29:6",
            "label": "Foul",
            "position": "1746500",
            "half": "2",
            "confidence": "0.5230125784873962"
        },
        {
            "gameTime": "2 - 31:58",
            "label": "Foul",
            "position": "1918000",
            "half": "2",
            "confidence": "0.5208251476287842"
        },
        {
            "gameTime": "2 - 46:8",
            "label": "Foul",
            "position": "2768000",
            "half": "2",
            "confidence": "0.51226407289505"
        },
        {
            "gameTime": "2 - 16:25",
            "label": "Foul",
            "position": "985000",
            "half": "2",
            "confidence": "0.5107824206352234"
        },
        {
            "gameTime": "2 - 6:9",
            "label": "Foul",
            "position": "369500",
            "half": "2",
            "confidence": "0.503730297088623"
        },
        {
            "gameTime": "2 - 23:50",
            "label": "Indirect free-kick",
            "position": "1430000",
            "half": "2",
            "confidence": "0.7540590167045593"
        },
        {
            "gameTime": "2 - 1:9",
            "label": "Indirect free-kick",
            "position": "69500",
            "half": "2",
            "confidence": "0.7167777419090271"
        },
        {
            "gameTime": "2 - 10:2",
            "label": "Indirect free-kick",
            "position": "602000",
            "half": "2",
            "confidence": "0.6618632078170776"
        },
        {
            "gameTime": "2 - 26:31",
            "label": "Indirect free-kick",
            "position": "1591000",
            "half": "2",
            "confidence": "0.6429678797721863"
        },
        {
            "gameTime": "2 - 6:51",
            "label": "Indirect free-kick",
            "position": "411500",
            "half": "2",
            "confidence": "0.5627538561820984"
        },
        {
            "gameTime": "2 - 36:28",
            "label": "Indirect free-kick",
            "position": "2188500",
            "half": "2",
            "confidence": "0.5492262244224548"
        },
        {
            "gameTime": "2 - 31:58",
            "label": "Indirect free-kick",
            "position": "1918500",
            "half": "2",
            "confidence": "0.5471461415290833"
        },
        {
            "gameTime": "2 - 14:2",
            "label": "Indirect free-kick",
            "position": "842000",
            "half": "2",
            "confidence": "0.5385555624961853"
        },
        {
            "gameTime": "2 - 46:0",
            "label": "Indirect free-kick",
            "position": "2760500",
            "half": "2",
            "confidence": "0.5382707715034485"
        },
        {
            "gameTime": "2 - 26:44",
            "label": "Indirect free-kick",
            "position": "1604500",
            "half": "2",
            "confidence": "0.526490330696106"
        },
        {
            "gameTime": "2 - 4:51",
            "label": "Direct free-kick",
            "position": "291500",
            "half": "2",
            "confidence": "0.8943727016448975"
        },
        {
            "gameTime": "2 - 9:49",
            "label": "Direct free-kick",
            "position": "589000",
            "half": "2",
            "confidence": "0.7180586457252502"
        },
        {
            "gameTime": "2 - 6:2",
            "label": "Direct free-kick",
            "position": "362500",
            "half": "2",
            "confidence": "0.674695611000061"
        },
        {
            "gameTime": "2 - 12:16",
            "label": "Corner",
            "position": "736500",
            "half": "2",
            "confidence": "0.994575023651123"
        },
        {
            "gameTime": "2 - 6:4",
            "label": "Corner",
            "position": "364000",
            "half": "2",
            "confidence": "0.6221073269844055"
        },
        {
            "gameTime": "2 - 9:40",
            "label": "Corner",
            "position": "580000",
            "half": "2",
            "confidence": "0.5779181718826294"
        }
    ]
}