{
    "UrlLocal": "spain_laliga/2016-2017/2017-03-12 - 22-45 Real Madrid 2 - 1 Betis",
    "predictions": [
        {
            "gameTime": "1 - 0:1",
            "label": "Kick-off",
            "position": "1500",
            "half": "1",
            "confidence": "0.9620533585548401"
        },
        {
            "gameTime": "1 - 0:11",
            "label": "Kick-off",
            "position": "11500",
            "half": "1",
            "confidence": "0.9304713606834412"
        },
        {
            "gameTime": "1 - 25:3",
            "label": "Kick-off",
            "position": "1503500",
            "half": "1",
            "confidence": "0.7376065254211426"
        },
        {
            "gameTime": "1 - 40:10",
            "label": "Goal",
            "position": "2410500",
            "half": "1",
            "confidence": "0.9484978318214417"
        },
        {
            "gameTime": "1 - 39:56",
            "label": "Goal",
            "position": "2396500",
            "half": "1",
            "confidence": "0.8685948848724365"
        },
        {
            "gameTime": "1 - 24:6",
            "label": "Goal",
            "position": "1446000",
            "half": "1",
            "confidence": "0.7850651741027832"
        },
        {
            "gameTime": "1 - 14:8",
            "label": "Offside",
            "position": "848500",
            "half": "1",
            "confidence": "0.5302844047546387"
        },
        {
            "gameTime": "1 - 7:52",
            "label": "Shots on target",
            "position": "472500",
            "half": "1",
            "confidence": "0.7327156662940979"
        },
        {
            "gameTime": "1 - 39:56",
            "label": "Shots on target",
            "position": "2396500",
            "half": "1",
            "confidence": "0.7087464332580566"
        },
        {
            "gameTime": "1 - 24:5",
            "label": "Shots on target",
            "position": "1445500",
            "half": "1",
            "confidence": "0.7020372748374939"
        },
        {
            "gameTime": "1 - 8:2",
            "label": "Shots on target",
            "position": "482500",
            "half": "1",
            "confidence": "0.6667321920394897"
        },
        {
            "gameTime": "1 - 40:6",
            "label": "Shots on target",
            "position": "2406500",
            "half": "1",
            "confidence": "0.6198412775993347"
        },
        {
            "gameTime": "1 - 3:8",
            "label": "Shots on target",
            "position": "188000",
            "half": "1",
            "confidence": "0.5924688577651978"
        },
        {
            "gameTime": "1 - 12:25",
            "label": "Shots on target",
            "position": "745500",
            "half": "1",
            "confidence": "0.5634492039680481"
        },
        {
            "gameTime": "1 - 17:59",
            "label": "Shots on target",
            "position": "1079000",
            "half": "1",
            "confidence": "0.5308288931846619"
        },
        {
            "gameTime": "1 - 6:24",
            "label": "Shots on target",
            "position": "384500",
            "half": "1",
            "confidence": "0.5079024434089661"
        },
        {
            "gameTime": "1 - 27:38",
            "label": "Shots off target",
            "position": "1658500",
            "half": "1",
            "confidence": "0.613021731376648"
        },
        {
            "gameTime": "1 - 12:22",
            "label": "Shots off target",
            "position": "742000",
            "half": "1",
            "confidence": "0.5797296762466431"
        },
        {
            "gameTime": "1 - 7:50",
            "label": "Shots off target",
            "position": "470000",
            "half": "1",
            "confidence": "0.5694126486778259"
        },
        {
            "gameTime": "1 - 12:32",
            "label": "Shots off target",
            "position": "752500",
            "half": "1",
            "confidence": "0.5241098403930664"
        },
        {
            "gameTime": "1 - 12:9",
            "label": "Clearance",
            "position": "729000",
            "half": "1",
            "confidence": "0.8339966535568237"
        },
        {
            "gameTime": "1 - 27:57",
            "label": "Clearance",
            "position": "1677000",
            "half": "1",
            "confidence": "0.7650953531265259"
        },
        {
            "gameTime": "1 - 23:40",
            "label": "Clearance",
            "position": "1420500",
            "half": "1",
            "confidence": "0.695969820022583"
        },
        {
            "gameTime": "1 - 12:19",
            "label": "Clearance",
            "position": "739000",
            "half": "1",
            "confidence": "0.5155739784240723"
        },
        {
            "gameTime": "1 - 23:29",
            "label": "Clearance",
            "position": "1409500",
            "half": "1",
            "confidence": "0.5120599269866943"
        },
        {
            "gameTime": "1 - 6:19",
            "label": "Ball out of play",
            "position": "379000",
            "half": "1",
            "confidence": "0.9058442711830139"
        },
        {
            "gameTime": "1 - 42:10",
            "label": "Ball out of play",
            "position": "2530000",
            "half": "1",
            "confidence": "0.9054962992668152"
        },
        {
            "gameTime": "1 - 41:58",
            "label": "Ball out of play",
            "position": "2518000",
            "half": "1",
            "confidence": "0.8855862617492676"
        },
        {
            "gameTime": "1 - 7:14",
            "label": "Ball out of play",
            "position": "434000",
            "half": "1",
            "confidence": "0.8348492383956909"
        },
        {
            "gameTime": "1 - 12:38",
            "label": "Ball out of play",
            "position": "758500",
            "half": "1",
            "confidence": "0.8337562680244446"
        },
        {
            "gameTime": "1 - 7:27",
            "label": "Ball out of play",
            "position": "447000",
            "half": "1",
            "confidence": "0.8293132185935974"
        },
        {
            "gameTime": "1 - 27:18",
            "label": "Ball out of play",
            "position": "1638000",
            "half": "1",
            "confidence": "0.8254203200340271"
        },
        {
            "gameTime": "1 - 31:19",
            "label": "Ball out of play",
            "position": "1879500",
            "half": "1",
            "confidence": "0.8048913478851318"
        },
        {
            "gameTime": "1 - 14:47",
            "label": "Ball out of play",
            "position": "887500",
            "half": "1",
            "confidence": "0.8030292987823486"
        },
        {
            "gameTime": "1 - 14:58",
            "label": "Ball out of play",
            "position": "898000",
            "half": "1",
            "confidence": "0.7928773164749146"
        },
        {
            "gameTime": "1 - 3:10",
            "label": "Ball out of play",
            "position": "190500",
            "half": "1",
            "confidence": "0.7881954312324524"
        },
        {
            "gameTime": "1 - 21:16",
            "label": "Ball out of play",
            "position": "1276500",
            "half": "1",
            "confidence": "0.7660857439041138"
        },
        {
            "gameTime": "1 - 10:12",
            "label": "Ball out of play",
            "position": "612000",
            "half": "1",
            "confidence": "0.7478580474853516"
        },
        {
            "gameTime": "1 - 6:29",
            "label": "Ball out of play",
            "position": "389000",
            "half": "1",
            "confidence": "0.7441597580909729"
        },
        {
            "gameTime": "1 - 27:36",
            "label": "Ball out of play",
            "position": "1656500",
            "half": "1",
            "confidence": "0.7425044775009155"
        },
        {
            "gameTime": "1 - 38:44",
            "label": "Ball out of play",
            "position": "2324000",
            "half": "1",
            "confidence": "0.7415798902511597"
        },
        {
            "gameTime": "1 - 30:45",
            "label": "Ball out of play",
            "position": "1845500",
            "half": "1",
            "confidence": "0.7375038266181946"
        },
        {
            "gameTime": "1 - 24:3",
            "label": "Ball out of play",
            "position": "1443500",
            "half": "1",
            "confidence": "0.7346161007881165"
        },
        {
            "gameTime": "1 - 39:21",
            "label": "Ball out of play",
            "position": "2361000",
            "half": "1",
            "confidence": "0.7305201292037964"
        },
        {
            "gameTime": "1 - 21:4",
            "label": "Ball out of play",
            "position": "1264000",
            "half": "1",
            "confidence": "0.7005423903465271"
        },
        {
            "gameTime": "1 - 7:51",
            "label": "Ball out of play",
            "position": "471500",
            "half": "1",
            "confidence": "0.699168860912323"
        },
        {
            "gameTime": "1 - 31:3",
            "label": "Ball out of play",
            "position": "1863500",
            "half": "1",
            "confidence": "0.690411388874054"
        },
        {
            "gameTime": "1 - 12:28",
            "label": "Ball out of play",
            "position": "748000",
            "half": "1",
            "confidence": "0.6813051104545593"
        },
        {
            "gameTime": "1 - 38:25",
            "label": "Ball out of play",
            "position": "2305000",
            "half": "1",
            "confidence": "0.6648107171058655"
        },
        {
            "gameTime": "1 - 8:51",
            "label": "Ball out of play",
            "position": "531000",
            "half": "1",
            "confidence": "0.6586645245552063"
        },
        {
            "gameTime": "1 - 41:27",
            "label": "Ball out of play",
            "position": "2487000",
            "half": "1",
            "confidence": "0.6497984528541565"
        },
        {
            "gameTime": "1 - 3:27",
            "label": "Ball out of play",
            "position": "207500",
            "half": "1",
            "confidence": "0.6048004031181335"
        },
        {
            "gameTime": "1 - 44:31",
            "label": "Ball out of play",
            "position": "2671000",
            "half": "1",
            "confidence": "0.5979238748550415"
        },
        {
            "gameTime": "1 - 0:46",
            "label": "Ball out of play",
            "position": "46000",
            "half": "1",
            "confidence": "0.5872051119804382"
        },
        {
            "gameTime": "1 - 41:47",
            "label": "Ball out of play",
            "position": "2507500",
            "half": "1",
            "confidence": "0.583591878414154"
        },
        {
            "gameTime": "1 - 10:22",
            "label": "Ball out of play",
            "position": "622000",
            "half": "1",
            "confidence": "0.5739202499389648"
        },
        {
            "gameTime": "1 - 18:3",
            "label": "Ball out of play",
            "position": "1083500",
            "half": "1",
            "confidence": "0.5635600090026855"
        },
        {
            "gameTime": "1 - 33:0",
            "label": "Ball out of play",
            "position": "1980000",
            "half": "1",
            "confidence": "0.5583089590072632"
        },
        {
            "gameTime": "1 - 23:15",
            "label": "Ball out of play",
            "position": "1395000",
            "half": "1",
            "confidence": "0.5476100444793701"
        },
        {
            "gameTime": "1 - 1:39",
            "label": "Ball out of play",
            "position": "99000",
            "half": "1",
            "confidence": "0.5473889112472534"
        },
        {
            "gameTime": "1 - 7:41",
            "label": "Ball out of play",
            "position": "461000",
            "half": "1",
            "confidence": "0.5454118251800537"
        },
        {
            "gameTime": "1 - 3:39",
            "label": "Ball out of play",
            "position": "219500",
            "half": "1",
            "confidence": "0.5348816514015198"
        },
        {
            "gameTime": "1 - 29:20",
            "label": "Ball out of play",
            "position": "1760500",
            "half": "1",
            "confidence": "0.5280853509902954"
        },
        {
            "gameTime": "1 - 11:50",
            "label": "Ball out of play",
            "position": "710500",
            "half": "1",
            "confidence": "0.5247541069984436"
        },
        {
            "gameTime": "1 - 6:52",
            "label": "Ball out of play",
            "position": "412000",
            "half": "1",
            "confidence": "0.517776370048523"
        },
        {
            "gameTime": "1 - 33:10",
            "label": "Ball out of play",
            "position": "1990500",
            "half": "1",
            "confidence": "0.5081255435943604"
        },
        {
            "gameTime": "1 - 18:46",
            "label": "Ball out of play",
            "position": "1126000",
            "half": "1",
            "confidence": "0.5069137811660767"
        },
        {
            "gameTime": "1 - 38:44",
            "label": "Throw-in",
            "position": "2324000",
            "half": "1",
            "confidence": "0.938215970993042"
        },
        {
            "gameTime": "1 - 0:50",
            "label": "Throw-in",
            "position": "50000",
            "half": "1",
            "confidence": "0.9254576563835144"
        },
        {
            "gameTime": "1 - 42:10",
            "label": "Throw-in",
            "position": "2530000",
            "half": "1",
            "confidence": "0.89869225025177"
        },
        {
            "gameTime": "1 - 38:33",
            "label": "Throw-in",
            "position": "2313500",
            "half": "1",
            "confidence": "0.8118463158607483"
        },
        {
            "gameTime": "1 - 39:20",
            "label": "Throw-in",
            "position": "2360500",
            "half": "1",
            "confidence": "0.8096389174461365"
        },
        {
            "gameTime": "1 - 39:8",
            "label": "Throw-in",
            "position": "2348500",
            "half": "1",
            "confidence": "0.7652373313903809"
        },
        {
            "gameTime": "1 - 39:30",
            "label": "Throw-in",
            "position": "2370500",
            "half": "1",
            "confidence": "0.7456591725349426"
        },
        {
            "gameTime": "1 - 7:13",
            "label": "Throw-in",
            "position": "433000",
            "half": "1",
            "confidence": "0.733653724193573"
        },
        {
            "gameTime": "1 - 41:59",
            "label": "Throw-in",
            "position": "2519500",
            "half": "1",
            "confidence": "0.7240177989006042"
        },
        {
            "gameTime": "1 - 30:31",
            "label": "Throw-in",
            "position": "1831500",
            "half": "1",
            "confidence": "0.7234048247337341"
        },
        {
            "gameTime": "1 - 0:39",
            "label": "Throw-in",
            "position": "39500",
            "half": "1",
            "confidence": "0.6927133202552795"
        },
        {
            "gameTime": "1 - 44:48",
            "label": "Throw-in",
            "position": "2688500",
            "half": "1",
            "confidence": "0.6784349083900452"
        },
        {
            "gameTime": "1 - 29:13",
            "label": "Throw-in",
            "position": "1753000",
            "half": "1",
            "confidence": "0.6527019739151001"
        },
        {
            "gameTime": "1 - 38:21",
            "label": "Throw-in",
            "position": "2301000",
            "half": "1",
            "confidence": "0.6382615566253662"
        },
        {
            "gameTime": "1 - 44:30",
            "label": "Throw-in",
            "position": "2670500",
            "half": "1",
            "confidence": "0.60411137342453"
        },
        {
            "gameTime": "1 - 6:52",
            "label": "Throw-in",
            "position": "412500",
            "half": "1",
            "confidence": "0.5934417843818665"
        },
        {
            "gameTime": "1 - 28:36",
            "label": "Throw-in",
            "position": "1716000",
            "half": "1",
            "confidence": "0.593070387840271"
        },
        {
            "gameTime": "1 - 38:10",
            "label": "Throw-in",
            "position": "2290000",
            "half": "1",
            "confidence": "0.5900712609291077"
        },
        {
            "gameTime": "1 - 9:13",
            "label": "Throw-in",
            "position": "553500",
            "half": "1",
            "confidence": "0.5843734741210938"
        },
        {
            "gameTime": "1 - 30:44",
            "label": "Throw-in",
            "position": "1844500",
            "half": "1",
            "confidence": "0.5645434260368347"
        },
        {
            "gameTime": "1 - 7:2",
            "label": "Throw-in",
            "position": "422500",
            "half": "1",
            "confidence": "0.5310957431793213"
        },
        {
            "gameTime": "1 - 32:17",
            "label": "Foul",
            "position": "1937500",
            "half": "1",
            "confidence": "0.8083112239837646"
        },
        {
            "gameTime": "1 - 13:36",
            "label": "Foul",
            "position": "816500",
            "half": "1",
            "confidence": "0.5620935559272766"
        },
        {
            "gameTime": "1 - 19:16",
            "label": "Foul",
            "position": "1156500",
            "half": "1",
            "confidence": "0.5538766980171204"
        },
        {
            "gameTime": "1 - 18:34",
            "label": "Foul",
            "position": "1114500",
            "half": "1",
            "confidence": "0.5416094064712524"
        },
        {
            "gameTime": "1 - 35:17",
            "label": "Indirect free-kick",
            "position": "2117500",
            "half": "1",
            "confidence": "0.6789297461509705"
        },
        {
            "gameTime": "1 - 32:26",
            "label": "Indirect free-kick",
            "position": "1946500",
            "half": "1",
            "confidence": "0.5951528549194336"
        },
        {
            "gameTime": "1 - 18:39",
            "label": "Indirect free-kick",
            "position": "1119000",
            "half": "1",
            "confidence": "0.5731604099273682"
        },
        {
            "gameTime": "1 - 43:16",
            "label": "Direct free-kick",
            "position": "2596000",
            "half": "1",
            "confidence": "0.7722576260566711"
        },
        {
            "gameTime": "1 - 7:34",
            "label": "Corner",
            "position": "454500",
            "half": "1",
            "confidence": "0.9085708856582642"
        },
        {
            "gameTime": "1 - 27:40",
            "label": "Corner",
            "position": "1660000",
            "half": "1",
            "confidence": "0.8840450644493103"
        },
        {
            "gameTime": "1 - 7:50",
            "label": "Corner",
            "position": "470000",
            "half": "1",
            "confidence": "0.8191347122192383"
        },
        {
            "gameTime": "1 - 3:28",
            "label": "Corner",
            "position": "208500",
            "half": "1",
            "confidence": "0.7259190678596497"
        },
        {
            "gameTime": "1 - 27:26",
            "label": "Corner",
            "position": "1646000",
            "half": "1",
            "confidence": "0.5768917798995972"
        },
        {
            "gameTime": "2 - 35:31",
            "label": "Penalty",
            "position": "2131000",
            "half": "2",
            "confidence": "0.5591367483139038"
        },
        {
            "gameTime": "2 - 0:1",
            "label": "Kick-off",
            "position": "1500",
            "half": "2",
            "confidence": "0.9551616907119751"
        },
        {
            "gameTime": "2 - 0:11",
            "label": "Kick-off",
            "position": "11500",
            "half": "2",
            "confidence": "0.8300546407699585"
        },
        {
            "gameTime": "2 - 36:20",
            "label": "Kick-off",
            "position": "2180000",
            "half": "2",
            "confidence": "0.6723048090934753"
        },
        {
            "gameTime": "2 - 35:34",
            "label": "Goal",
            "position": "2134500",
            "half": "2",
            "confidence": "0.9996987581253052"
        },
        {
            "gameTime": "2 - 35:24",
            "label": "Goal",
            "position": "2124000",
            "half": "2",
            "confidence": "0.9605733156204224"
        },
        {
            "gameTime": "2 - 1:10",
            "label": "Goal",
            "position": "70000",
            "half": "2",
            "confidence": "0.5787725448608398"
        },
        {
            "gameTime": "2 - 7:1",
            "label": "Goal",
            "position": "421000",
            "half": "2",
            "confidence": "0.5671019554138184"
        },
        {
            "gameTime": "2 - 25:51",
            "label": "Substitution",
            "position": "1551500",
            "half": "2",
            "confidence": "0.9478693604469299"
        },
        {
            "gameTime": "2 - 18:50",
            "label": "Substitution",
            "position": "1130500",
            "half": "2",
            "confidence": "0.9098531007766724"
        },
        {
            "gameTime": "2 - 19:1",
            "label": "Substitution",
            "position": "1141000",
            "half": "2",
            "confidence": "0.846461832523346"
        },
        {
            "gameTime": "2 - 23:33",
            "label": "Substitution",
            "position": "1413000",
            "half": "2",
            "confidence": "0.8283020257949829"
        },
        {
            "gameTime": "2 - 26:2",
            "label": "Substitution",
            "position": "1562500",
            "half": "2",
            "confidence": "0.6725452542304993"
        },
        {
            "gameTime": "2 - 18:25",
            "label": "Offside",
            "position": "1105500",
            "half": "2",
            "confidence": "0.5990768074989319"
        },
        {
            "gameTime": "2 - 35:31",
            "label": "Shots on target",
            "position": "2131000",
            "half": "2",
            "confidence": "0.930508553981781"
        },
        {
            "gameTime": "2 - 35:20",
            "label": "Shots on target",
            "position": "2120000",
            "half": "2",
            "confidence": "0.824008047580719"
        },
        {
            "gameTime": "2 - 7:2",
            "label": "Shots on target",
            "position": "422000",
            "half": "2",
            "confidence": "0.7692245841026306"
        },
        {
            "gameTime": "2 - 35:1",
            "label": "Shots on target",
            "position": "2101500",
            "half": "2",
            "confidence": "0.7220090627670288"
        },
        {
            "gameTime": "2 - 33:48",
            "label": "Shots on target",
            "position": "2028500",
            "half": "2",
            "confidence": "0.6394760012626648"
        },
        {
            "gameTime": "2 - 1:10",
            "label": "Shots on target",
            "position": "70000",
            "half": "2",
            "confidence": "0.5761563777923584"
        },
        {
            "gameTime": "2 - 7:12",
            "label": "Shots on target",
            "position": "432000",
            "half": "2",
            "confidence": "0.5191863179206848"
        },
        {
            "gameTime": "2 - 30:40",
            "label": "Shots off target",
            "position": "1840500",
            "half": "2",
            "confidence": "0.7549071311950684"
        },
        {
            "gameTime": "2 - 33:36",
            "label": "Shots off target",
            "position": "2016000",
            "half": "2",
            "confidence": "0.6999067068099976"
        },
        {
            "gameTime": "2 - 27:17",
            "label": "Shots off target",
            "position": "1637000",
            "half": "2",
            "confidence": "0.6982914805412292"
        },
        {
            "gameTime": "2 - 35:3",
            "label": "Shots off target",
            "position": "2103500",
            "half": "2",
            "confidence": "0.5080938935279846"
        },
        {
            "gameTime": "2 - 14:36",
            "label": "Clearance",
            "position": "876000",
            "half": "2",
            "confidence": "0.6592381000518799"
        },
        {
            "gameTime": "2 - 18:58",
            "label": "Clearance",
            "position": "1138500",
            "half": "2",
            "confidence": "0.5852348804473877"
        },
        {
            "gameTime": "2 - 2:58",
            "label": "Ball out of play",
            "position": "178000",
            "half": "2",
            "confidence": "0.9128457903862"
        },
        {
            "gameTime": "2 - 21:33",
            "label": "Ball out of play",
            "position": "1293000",
            "half": "2",
            "confidence": "0.900674045085907"
        },
        {
            "gameTime": "2 - 31:52",
            "label": "Ball out of play",
            "position": "1912000",
            "half": "2",
            "confidence": "0.875819206237793"
        },
        {
            "gameTime": "2 - 21:22",
            "label": "Ball out of play",
            "position": "1282500",
            "half": "2",
            "confidence": "0.860200822353363"
        },
        {
            "gameTime": "2 - 1:23",
            "label": "Ball out of play",
            "position": "83500",
            "half": "2",
            "confidence": "0.8332406878471375"
        },
        {
            "gameTime": "2 - 10:42",
            "label": "Ball out of play",
            "position": "642000",
            "half": "2",
            "confidence": "0.8331314325332642"
        },
        {
            "gameTime": "2 - 21:1",
            "label": "Ball out of play",
            "position": "1261000",
            "half": "2",
            "confidence": "0.8279439210891724"
        },
        {
            "gameTime": "2 - 31:41",
            "label": "Ball out of play",
            "position": "1901000",
            "half": "2",
            "confidence": "0.8185209035873413"
        },
        {
            "gameTime": "2 - 5:11",
            "label": "Ball out of play",
            "position": "311500",
            "half": "2",
            "confidence": "0.8153062462806702"
        },
        {
            "gameTime": "2 - 13:4",
            "label": "Ball out of play",
            "position": "784000",
            "half": "2",
            "confidence": "0.8002461791038513"
        },
        {
            "gameTime": "2 - 35:3",
            "label": "Ball out of play",
            "position": "2103000",
            "half": "2",
            "confidence": "0.7993993163108826"
        },
        {
            "gameTime": "2 - 7:4",
            "label": "Ball out of play",
            "position": "424500",
            "half": "2",
            "confidence": "0.7971665859222412"
        },
        {
            "gameTime": "2 - 24:44",
            "label": "Ball out of play",
            "position": "1484500",
            "half": "2",
            "confidence": "0.7943183779716492"
        },
        {
            "gameTime": "2 - 32:6",
            "label": "Ball out of play",
            "position": "1926000",
            "half": "2",
            "confidence": "0.786307156085968"
        },
        {
            "gameTime": "2 - 26:36",
            "label": "Ball out of play",
            "position": "1596500",
            "half": "2",
            "confidence": "0.7860147356987"
        },
        {
            "gameTime": "2 - 2:46",
            "label": "Ball out of play",
            "position": "166000",
            "half": "2",
            "confidence": "0.7702023386955261"
        },
        {
            "gameTime": "2 - 38:49",
            "label": "Ball out of play",
            "position": "2329500",
            "half": "2",
            "confidence": "0.7535791993141174"
        },
        {
            "gameTime": "2 - 19:57",
            "label": "Ball out of play",
            "position": "1197500",
            "half": "2",
            "confidence": "0.7474462389945984"
        },
        {
            "gameTime": "2 - 8:39",
            "label": "Ball out of play",
            "position": "519500",
            "half": "2",
            "confidence": "0.7449726462364197"
        },
        {
            "gameTime": "2 - 31:23",
            "label": "Ball out of play",
            "position": "1883500",
            "half": "2",
            "confidence": "0.7394181489944458"
        },
        {
            "gameTime": "2 - 7:14",
            "label": "Ball out of play",
            "position": "434500",
            "half": "2",
            "confidence": "0.7328665852546692"
        },
        {
            "gameTime": "2 - 27:54",
            "label": "Ball out of play",
            "position": "1674000",
            "half": "2",
            "confidence": "0.7087404727935791"
        },
        {
            "gameTime": "2 - 38:39",
            "label": "Ball out of play",
            "position": "2319000",
            "half": "2",
            "confidence": "0.6798866391181946"
        },
        {
            "gameTime": "2 - 3:30",
            "label": "Ball out of play",
            "position": "210000",
            "half": "2",
            "confidence": "0.6751038432121277"
        },
        {
            "gameTime": "2 - 14:16",
            "label": "Ball out of play",
            "position": "856500",
            "half": "2",
            "confidence": "0.6716837286949158"
        },
        {
            "gameTime": "2 - 11:13",
            "label": "Ball out of play",
            "position": "673000",
            "half": "2",
            "confidence": "0.669468879699707"
        },
        {
            "gameTime": "2 - 24:1",
            "label": "Ball out of play",
            "position": "1441500",
            "half": "2",
            "confidence": "0.6591293215751648"
        },
        {
            "gameTime": "2 - 35:13",
            "label": "Ball out of play",
            "position": "2113000",
            "half": "2",
            "confidence": "0.6468120813369751"
        },
        {
            "gameTime": "2 - 20:46",
            "label": "Ball out of play",
            "position": "1246000",
            "half": "2",
            "confidence": "0.6443561911582947"
        },
        {
            "gameTime": "2 - 24:34",
            "label": "Ball out of play",
            "position": "1474000",
            "half": "2",
            "confidence": "0.6380345821380615"
        },
        {
            "gameTime": "2 - 20:9",
            "label": "Ball out of play",
            "position": "1209000",
            "half": "2",
            "confidence": "0.6108439564704895"
        },
        {
            "gameTime": "2 - 28:58",
            "label": "Ball out of play",
            "position": "1738000",
            "half": "2",
            "confidence": "0.6096528172492981"
        },
        {
            "gameTime": "2 - 10:58",
            "label": "Ball out of play",
            "position": "658500",
            "half": "2",
            "confidence": "0.6091785430908203"
        },
        {
            "gameTime": "2 - 40:16",
            "label": "Ball out of play",
            "position": "2416000",
            "half": "2",
            "confidence": "0.5974323153495789"
        },
        {
            "gameTime": "2 - 11:23",
            "label": "Ball out of play",
            "position": "683500",
            "half": "2",
            "confidence": "0.5830110311508179"
        },
        {
            "gameTime": "2 - 22:1",
            "label": "Ball out of play",
            "position": "1321500",
            "half": "2",
            "confidence": "0.5746386051177979"
        },
        {
            "gameTime": "2 - 4:31",
            "label": "Ball out of play",
            "position": "271000",
            "half": "2",
            "confidence": "0.5681068897247314"
        },
        {
            "gameTime": "2 - 8:27",
            "label": "Ball out of play",
            "position": "507500",
            "half": "2",
            "confidence": "0.5476638674736023"
        },
        {
            "gameTime": "2 - 14:27",
            "label": "Ball out of play",
            "position": "867500",
            "half": "2",
            "confidence": "0.5440691709518433"
        },
        {
            "gameTime": "2 - 26:6",
            "label": "Ball out of play",
            "position": "1566000",
            "half": "2",
            "confidence": "0.5413994789123535"
        },
        {
            "gameTime": "2 - 5:1",
            "label": "Ball out of play",
            "position": "301000",
            "half": "2",
            "confidence": "0.5224839448928833"
        },
        {
            "gameTime": "2 - 23:42",
            "label": "Ball out of play",
            "position": "1422000",
            "half": "2",
            "confidence": "0.5157015919685364"
        },
        {
            "gameTime": "2 - 1:34",
            "label": "Ball out of play",
            "position": "94000",
            "half": "2",
            "confidence": "0.5152596235275269"
        },
        {
            "gameTime": "2 - 29:12",
            "label": "Ball out of play",
            "position": "1752000",
            "half": "2",
            "confidence": "0.5139017105102539"
        },
        {
            "gameTime": "2 - 31:13",
            "label": "Ball out of play",
            "position": "1873000",
            "half": "2",
            "confidence": "0.5032414793968201"
        },
        {
            "gameTime": "2 - 11:13",
            "label": "Throw-in",
            "position": "673500",
            "half": "2",
            "confidence": "0.9330362677574158"
        },
        {
            "gameTime": "2 - 11:3",
            "label": "Throw-in",
            "position": "663000",
            "half": "2",
            "confidence": "0.930472195148468"
        },
        {
            "gameTime": "2 - 26:37",
            "label": "Throw-in",
            "position": "1597000",
            "half": "2",
            "confidence": "0.9289014339447021"
        },
        {
            "gameTime": "2 - 31:13",
            "label": "Throw-in",
            "position": "1873500",
            "half": "2",
            "confidence": "0.9130557775497437"
        },
        {
            "gameTime": "2 - 28:1",
            "label": "Throw-in",
            "position": "1681500",
            "half": "2",
            "confidence": "0.8813506960868835"
        },
        {
            "gameTime": "2 - 20:12",
            "label": "Throw-in",
            "position": "1212000",
            "half": "2",
            "confidence": "0.863430380821228"
        },
        {
            "gameTime": "2 - 31:23",
            "label": "Throw-in",
            "position": "1883500",
            "half": "2",
            "confidence": "0.8162765502929688"
        },
        {
            "gameTime": "2 - 24:40",
            "label": "Throw-in",
            "position": "1480500",
            "half": "2",
            "confidence": "0.7842544317245483"
        },
        {
            "gameTime": "2 - 24:4",
            "label": "Throw-in",
            "position": "1444000",
            "half": "2",
            "confidence": "0.7771146297454834"
        },
        {
            "gameTime": "2 - 11:23",
            "label": "Throw-in",
            "position": "683500",
            "half": "2",
            "confidence": "0.7465493679046631"
        },
        {
            "gameTime": "2 - 27:51",
            "label": "Throw-in",
            "position": "1671000",
            "half": "2",
            "confidence": "0.743953287601471"
        },
        {
            "gameTime": "2 - 8:32",
            "label": "Throw-in",
            "position": "512500",
            "half": "2",
            "confidence": "0.7289144396781921"
        },
        {
            "gameTime": "2 - 21:21",
            "label": "Throw-in",
            "position": "1281500",
            "half": "2",
            "confidence": "0.7148776650428772"
        },
        {
            "gameTime": "2 - 15:39",
            "label": "Throw-in",
            "position": "939000",
            "half": "2",
            "confidence": "0.6782444715499878"
        },
        {
            "gameTime": "2 - 38:50",
            "label": "Throw-in",
            "position": "2330000",
            "half": "2",
            "confidence": "0.6740715503692627"
        },
        {
            "gameTime": "2 - 15:54",
            "label": "Throw-in",
            "position": "954000",
            "half": "2",
            "confidence": "0.6666390299797058"
        },
        {
            "gameTime": "2 - 31:3",
            "label": "Throw-in",
            "position": "1863000",
            "half": "2",
            "confidence": "0.6572497487068176"
        },
        {
            "gameTime": "2 - 20:56",
            "label": "Throw-in",
            "position": "1256000",
            "half": "2",
            "confidence": "0.6543048024177551"
        },
        {
            "gameTime": "2 - 19:56",
            "label": "Throw-in",
            "position": "1196000",
            "half": "2",
            "confidence": "0.6470120549201965"
        },
        {
            "gameTime": "2 - 26:51",
            "label": "Throw-in",
            "position": "1611500",
            "half": "2",
            "confidence": "0.6436713933944702"
        },
        {
            "gameTime": "2 - 26:5",
            "label": "Throw-in",
            "position": "1565500",
            "half": "2",
            "confidence": "0.6270087361335754"
        },
        {
            "gameTime": "2 - 38:11",
            "label": "Throw-in",
            "position": "2291000",
            "half": "2",
            "confidence": "0.6258497834205627"
        },
        {
            "gameTime": "2 - 21:31",
            "label": "Throw-in",
            "position": "1291500",
            "half": "2",
            "confidence": "0.6195202469825745"
        },
        {
            "gameTime": "2 - 28:57",
            "label": "Throw-in",
            "position": "1737000",
            "half": "2",
            "confidence": "0.6011980772018433"
        },
        {
            "gameTime": "2 - 3:53",
            "label": "Throw-in",
            "position": "233000",
            "half": "2",
            "confidence": "0.5757817625999451"
        },
        {
            "gameTime": "2 - 16:51",
            "label": "Throw-in",
            "position": "1011500",
            "half": "2",
            "confidence": "0.5747368931770325"
        },
        {
            "gameTime": "2 - 43:17",
            "label": "Throw-in",
            "position": "2597500",
            "half": "2",
            "confidence": "0.5709697604179382"
        },
        {
            "gameTime": "2 - 28:39",
            "label": "Throw-in",
            "position": "1719000",
            "half": "2",
            "confidence": "0.5651787519454956"
        },
        {
            "gameTime": "2 - 26:26",
            "label": "Throw-in",
            "position": "1586500",
            "half": "2",
            "confidence": "0.5634605288505554"
        },
        {
            "gameTime": "2 - 40:11",
            "label": "Throw-in",
            "position": "2411500",
            "half": "2",
            "confidence": "0.5042717456817627"
        },
        {
            "gameTime": "2 - 39:38",
            "label": "Foul",
            "position": "2378500",
            "half": "2",
            "confidence": "0.8896015286445618"
        },
        {
            "gameTime": "2 - 43:49",
            "label": "Foul",
            "position": "2629500",
            "half": "2",
            "confidence": "0.7694682478904724"
        },
        {
            "gameTime": "2 - 32:30",
            "label": "Foul",
            "position": "1950000",
            "half": "2",
            "confidence": "0.6142154335975647"
        },
        {
            "gameTime": "2 - 20:11",
            "label": "Foul",
            "position": "1211500",
            "half": "2",
            "confidence": "0.5255874395370483"
        },
        {
            "gameTime": "2 - 26:54",
            "label": "Foul",
            "position": "1614500",
            "half": "2",
            "confidence": "0.5226123332977295"
        },
        {
            "gameTime": "2 - 9:33",
            "label": "Indirect free-kick",
            "position": "573500",
            "half": "2",
            "confidence": "0.5164656639099121"
        },
        {
            "gameTime": "2 - 34:51",
            "label": "Direct free-kick",
            "position": "2091500",
            "half": "2",
            "confidence": "0.8672780394554138"
        },
        {
            "gameTime": "2 - 33:32",
            "label": "Direct free-kick",
            "position": "2012000",
            "half": "2",
            "confidence": "0.8669906854629517"
        },
        {
            "gameTime": "2 - 34:38",
            "label": "Direct free-kick",
            "position": "2078000",
            "half": "2",
            "confidence": "0.809442400932312"
        },
        {
            "gameTime": "2 - 44:47",
            "label": "Direct free-kick",
            "position": "2687500",
            "half": "2",
            "confidence": "0.6307812929153442"
        },
        {
            "gameTime": "2 - 1:35",
            "label": "Corner",
            "position": "95000",
            "half": "2",
            "confidence": "0.995843231678009"
        },
        {
            "gameTime": "2 - 29:39",
            "label": "Corner",
            "position": "1779000",
            "half": "2",
            "confidence": "0.9898144006729126"
        },
        {
            "gameTime": "2 - 32:6",
            "label": "Corner",
            "position": "1926000",
            "half": "2",
            "confidence": "0.9879924058914185"
        },
        {
            "gameTime": "2 - 32:16",
            "label": "Corner",
            "position": "1936500",
            "half": "2",
            "confidence": "0.970535933971405"
        },
        {
            "gameTime": "2 - 22:2",
            "label": "Corner",
            "position": "1322000",
            "half": "2",
            "confidence": "0.9564391374588013"
        },
        {
            "gameTime": "2 - 3:23",
            "label": "Corner",
            "position": "203500",
            "half": "2",
            "confidence": "0.8824154138565063"
        },
        {
            "gameTime": "2 - 35:18",
            "label": "Corner",
            "position": "2118500",
            "half": "2",
            "confidence": "0.82505863904953"
        },
        {
            "gameTime": "2 - 1:45",
            "label": "Corner",
            "position": "105000",
            "half": "2",
            "confidence": "0.8235957622528076"
        },
        {
            "gameTime": "2 - 29:28",
            "label": "Corner",
            "position": "1768500",
            "half": "2",
            "confidence": "0.7979463934898376"
        },
        {
            "gameTime": "2 - 7:12",
            "label": "Corner",
            "position": "432500",
            "half": "2",
            "confidence": "0.7153159379959106"
        },
        {
            "gameTime": "2 - 35:28",
            "label": "Corner",
            "position": "2128500",
            "half": "2",
            "confidence": "0.6893600225448608"
        },
        {
            "gameTime": "2 - 4:51",
            "label": "Corner",
            "position": "291500",
            "half": "2",
            "confidence": "0.6735807061195374"
        },
        {
            "gameTime": "2 - 29:11",
            "label": "Corner",
            "position": "1751500",
            "half": "2",
            "confidence": "0.5723495483398438"
        },
        {
            "gameTime": "2 - 1:24",
            "label": "Corner",
            "position": "84500",
            "half": "2",
            "confidence": "0.5312025547027588"
        },
        {
            "gameTime": "2 - 3:33",
            "label": "Corner",
            "position": "213500",
            "half": "2",
            "confidence": "0.5116612315177917"
        },
        {
            "gameTime": "2 - 31:51",
            "label": "Corner",
            "position": "1911500",
            "half": "2",
            "confidence": "0.5024468898773193"
        },
        {
            "gameTime": "2 - 32:39",
            "label": "Yellow card",
            "position": "1959500",
            "half": "2",
            "confidence": "0.9724833369255066"
        },
        {
            "gameTime": "2 - 32:28",
            "label": "Yellow card",
            "position": "1948000",
            "half": "2",
            "confidence": "0.9535195231437683"
        },
        {
            "gameTime": "2 - 39:43",
            "label": "Yellow card",
            "position": "2383000",
            "half": "2",
            "confidence": "0.512534499168396"
        }
    ]
}