{
    "UrlLocal": "italy_serie-a/2016-2017/2017-03-05 - 18-00 Cagliari 1 - 5 Internazionale",
    "UrlYoutube": "",
    "annotations": [
        {
            "change_type": "",
            "gameTime": "1 - 00:40",
            "label": "",
            "position": "40622",
            "replay": "real-time"
        },
        {
            "change_type": "",
            "gameTime": "1 - 00:45",
            "label": "",
            "link": "",
            "position": "45116",
            "replay": "replay"
        },
        {
            "change_type": "",
            "gameTime": "1 - 00:48",
            "label": "",
            "link": "",
            "position": "48552",
            "replay": "replay"
        },
        {
            "change_type": "",
            "gameTime": "1 - 02:23",
            "label": "",
            "position": "143974",
            "replay": "real-time"
        },
        {
            "change_type": "",
            "gameTime": "1 - 02:28",
            "label": "",
            "link": "",
            "position": "148335",
            "replay": "replay"
        },
        {
            "change_type": "",
            "gameTime": "1 - 04:23",
            "label": "",
            "position": "263380",
            "replay": "real-time"
        },
        {
            "change_type": "",
            "gameTime": "1 - 04:30",
            "label": "",
            "link": "",
            "position": "270213",
            "replay": "replay"
        },
        {
            "change_type": "",
            "gameTime": "1 - 07:05",
            "label": "",
            "position": "425165",
            "replay": "real-time"
        },
        {
            "change_type": "",
            "gameTime": "1 - 07:18",
            "label": "",
            "link": "",
            "position": "438647",
            "replay": "replay"
        },
        {
            "change_type": "",
            "gameTime": "1 - 08:22",
            "label": "",
            "position": "502448",
            "replay": "real-time"
        },
        {
            "change_type": "",
            "gameTime": "1 - 08:29",
            "label": "",
            "link": "",
            "position": "509202",
            "replay": "replay"
        },
        {
            "change_type": "",
            "gameTime": "1 - 08:32",
            "label": "",
            "position": "512737",
            "replay": "real-time"
        },
        {
            "change_type": "",
            "gameTime": "1 - 08:32",
            "label": "",
            "link": "",
            "position": "512737",
            "replay": "replay"
        },
        {
            "change_type": "",
            "gameTime": "1 - 15:11",
            "label": "",
            "position": "911113",
            "replay": "real-time"
        },
        {
            "change_type": "",
            "gameTime": "1 - 15:14",
            "label": "",
            "link": "",
            "position": "914592",
            "replay": "replay"
        },
        {
            "change_type": "",
            "gameTime": "1 - 15:17",
            "label": "",
            "link": "",
            "position": "917314",
            "replay": "replay"
        },
        {
            "change_type": "",
            "gameTime": "1 - 16:01",
            "label": "",
            "position": "961504",
            "replay": "real-time"
        },
        {
            "change_type": "",
            "gameTime": "1 - 16:07",
            "label": "",
            "link": "",
            "position": "967826",
            "replay": "replay"
        },
        {
            "change_type": "",
            "gameTime": "1 - 16:57",
            "label": "",
            "position": "1017631",
            "replay": "real-time"
        },
        {
            "change_type": "",
            "gameTime": "1 - 17:06",
            "label": "",
            "link": "",
            "position": "1026087",
            "replay": "replay"
        },
        {
            "change_type": "",
            "gameTime": "1 - 18:54",
            "label": "",
            "position": "1134467",
            "replay": "real-time"
        },
        {
            "change_type": "",
            "gameTime": "1 - 19:02",
            "label": "",
            "link": "",
            "position": "1142816",
            "replay": "replay"
        },
        {
            "change_type": "",
            "gameTime": "1 - 20:37",
            "label": "",
            "position": "1237432",
            "replay": "real-time"
        },
        {
            "change_type": "",
            "gameTime": "1 - 20:45",
            "label": "",
            "link": "",
            "position": "1245135",
            "replay": "replay"
        },
        {
            "change_type": "",
            "gameTime": "1 - 21:24",
            "label": "",
            "position": "1284252",
            "replay": "real-time"
        },
        {
            "change_type": "",
            "gameTime": "1 - 21:32",
            "label": "",
            "link": "",
            "position": "1292578",
            "replay": "replay"
        },
        {
            "change_type": "",
            "gameTime": "1 - 23:14",
            "label": "",
            "position": "1394985",
            "replay": "real-time"
        },
        {
            "change_type": "",
            "gameTime": "1 - 23:19",
            "label": "",
            "link": "",
            "position": "1399444",
            "replay": "replay"
        },
        {
            "change_type": "",
            "gameTime": "1 - 25:46",
            "label": "",
            "position": "1546258",
            "replay": "real-time"
        },
        {
            "change_type": "",
            "gameTime": "1 - 25:53",
            "label": "",
            "link": "",
            "position": "1553824",
            "replay": "replay"
        },
        {
            "change_type": "",
            "gameTime": "1 - 25:57",
            "label": "",
            "link": "",
            "position": "1557919",
            "replay": "replay"
        },
        {
            "change_type": "",
            "gameTime": "1 - 27:08",
            "label": "",
            "position": "1628415",
            "replay": "real-time"
        },
        {
            "change_type": "",
            "gameTime": "1 - 27:14",
            "label": "",
            "link": "",
            "position": "1634692",
            "replay": "replay"
        },
        {
            "change_type": "",
            "gameTime": "1 - 29:36",
            "label": "",
            "position": "1776370",
            "replay": "real-time"
        },
        {
            "change_type": "",
            "gameTime": "1 - 29:43",
            "label": "",
            "link": "",
            "position": "1783679",
            "replay": "replay"
        },
        {
            "change_type": "",
            "gameTime": "1 - 31:46",
            "label": "",
            "position": "1906027",
            "replay": "real-time"
        },
        {
            "change_type": "",
            "gameTime": "1 - 31:52",
            "label": "",
            "link": "",
            "position": "1912984",
            "replay": "replay"
        },
        {
            "change_type": "",
            "gameTime": "1 - 33:40",
            "label": "",
            "position": "2020363",
            "replay": "real-time"
        },
        {
            "change_type": "",
            "gameTime": "1 - 33:47",
            "label": "",
            "link": "",
            "position": "2027774",
            "replay": "replay"
        },
        {
            "change_type": "",
            "gameTime": "1 - 33:53",
            "label": "",
            "link": "",
            "position": "2033777",
            "replay": "replay"
        },
        {
            "change_type": "",
            "gameTime": "1 - 34:00",
            "label": "",
            "link": "",
            "position": "2040495",
            "replay": "replay"
        },
        {
            "change_type": "",
            "gameTime": "1 - 35:58",
            "label": "",
            "position": "2158634",
            "replay": "real-time"
        },
        {
            "change_type": "",
            "gameTime": "1 - 36:06",
            "label": "",
            "link": "",
            "position": "2166792",
            "replay": "replay"
        },
        {
            "change_type": "",
            "gameTime": "1 - 36:14",
            "label": "",
            "link": "",
            "position": "2174014",
            "replay": "replay"
        },
        {
            "change_type": "",
            "gameTime": "1 - 36:49",
            "label": "",
            "position": "2209352",
            "replay": "real-time"
        },
        {
            "change_type": "",
            "gameTime": "1 - 36:55",
            "label": "",
            "link": "",
            "position": "2215448",
            "replay": "replay"
        },
        {
            "change_type": "",
            "gameTime": "1 - 37:00",
            "label": "",
            "link": "",
            "position": "2220871",
            "replay": "replay"
        },
        {
            "change_type": "",
            "gameTime": "1 - 37:46",
            "label": "",
            "position": "2266027",
            "replay": "real-time"
        },
        {
            "change_type": "",
            "gameTime": "1 - 37:52",
            "label": "",
            "link": "",
            "position": "2272401",
            "replay": "replay"
        },
        {
            "change_type": "",
            "gameTime": "1 - 39:18",
            "label": "",
            "position": "2358978",
            "replay": "real-time"
        },
        {
            "change_type": "",
            "gameTime": "1 - 39:24",
            "label": "",
            "link": "",
            "position": "2364331",
            "replay": "replay"
        },
        {
            "change_type": "",
            "gameTime": "1 - 39:28",
            "label": "",
            "link": "",
            "position": "2368811",
            "replay": "replay"
        },
        {
            "change_type": "",
            "gameTime": "1 - 39:35",
            "label": "",
            "link": "",
            "position": "2375833",
            "replay": "replay"
        },
        {
            "change_type": "",
            "gameTime": "1 - 40:16",
            "label": "",
            "position": "2416198",
            "replay": "real-time"
        },
        {
            "change_type": "",
            "gameTime": "1 - 40:21",
            "label": "",
            "link": "",
            "position": "2421357",
            "replay": "replay"
        },
        {
            "change_type": "",
            "gameTime": "1 - 41:32",
            "label": "",
            "position": "2492581",
            "replay": "real-time"
        },
        {
            "change_type": "",
            "gameTime": "1 - 41:38",
            "label": "",
            "link": "",
            "position": "2498374",
            "replay": "replay"
        },
        {
            "change_type": "",
            "gameTime": "1 - 41:46",
            "label": "",
            "link": "",
            "position": "2506286",
            "replay": "replay"
        },
        {
            "change_type": "",
            "gameTime": "1 - 42:46",
            "label": "",
            "position": "2566939",
            "replay": "real-time"
        },
        {
            "change_type": "",
            "gameTime": "1 - 42:51",
            "label": "",
            "link": "",
            "position": "2571414",
            "replay": "replay"
        },
        {
            "change_type": "",
            "gameTime": "1 - 43:05",
            "label": "",
            "link": "",
            "position": "2585679",
            "replay": "replay"
        },
        {
            "change_type": "",
            "gameTime": "2 - 01:38",
            "label": "",
            "position": "98023",
            "replay": "real-time"
        },
        {
            "change_type": "",
            "gameTime": "2 - 01:45",
            "label": "",
            "link": "",
            "position": "105945",
            "replay": "replay"
        },
        {
            "change_type": "",
            "gameTime": "2 - 01:52",
            "label": "",
            "link": "",
            "position": "112332",
            "replay": "replay"
        },
        {
            "change_type": "",
            "gameTime": "2 - 01:59",
            "label": "",
            "link": "",
            "position": "119199",
            "replay": "replay"
        },
        {
            "change_type": "",
            "gameTime": "2 - 03:08",
            "label": "",
            "position": "188343",
            "replay": "real-time"
        },
        {
            "change_type": "",
            "gameTime": "2 - 03:17",
            "label": "",
            "link": "",
            "position": "197497",
            "replay": "replay"
        },
        {
            "change_type": "",
            "gameTime": "2 - 03:22",
            "label": "",
            "link": "",
            "position": "202069",
            "replay": "replay"
        },
        {
            "change_type": "",
            "gameTime": "2 - 04:34",
            "label": "",
            "position": "274073",
            "replay": "real-time"
        },
        {
            "change_type": "",
            "gameTime": "2 - 04:39",
            "label": "",
            "link": "",
            "position": "279616",
            "replay": "replay"
        },
        {
            "change_type": "",
            "gameTime": "2 - 09:37",
            "label": "",
            "position": "577699",
            "replay": "real-time"
        },
        {
            "change_type": "",
            "gameTime": "2 - 09:42",
            "label": "",
            "link": "",
            "position": "582730",
            "replay": "replay"
        },
        {
            "change_type": "",
            "gameTime": "2 - 09:45",
            "label": "",
            "link": "",
            "position": "585907",
            "replay": "replay"
        },
        {
            "change_type": "",
            "gameTime": "2 - 10:29",
            "label": "",
            "position": "629887",
            "replay": "real-time"
        },
        {
            "change_type": "",
            "gameTime": "2 - 10:35",
            "label": "",
            "link": "",
            "position": "635141",
            "replay": "replay"
        },
        {
            "change_type": "",
            "gameTime": "2 - 14:34",
            "label": "",
            "position": "874936",
            "replay": "real-time"
        },
        {
            "change_type": "",
            "gameTime": "2 - 14:46",
            "label": "",
            "link": "",
            "position": "886304",
            "replay": "replay"
        },
        {
            "change_type": "",
            "gameTime": "2 - 14:52",
            "label": "",
            "link": "",
            "position": "892427",
            "replay": "replay"
        },
        {
            "change_type": "",
            "gameTime": "2 - 18:48",
            "label": "",
            "position": "1128436",
            "replay": "real-time"
        },
        {
            "change_type": "",
            "gameTime": "2 - 19:00",
            "label": "",
            "link": "",
            "position": "1140170",
            "replay": "replay"
        },
        {
            "change_type": "",
            "gameTime": "2 - 20:34",
            "label": "",
            "position": "1234158",
            "replay": "real-time"
        },
        {
            "change_type": "",
            "gameTime": "2 - 20:38",
            "label": "",
            "link": "",
            "position": "1238740",
            "replay": "replay"
        },
        {
            "change_type": "",
            "gameTime": "2 - 20:45",
            "label": "",
            "link": "",
            "position": "1245855",
            "replay": "replay"
        },
        {
            "change_type": "",
            "gameTime": "2 - 20:50",
            "label": "",
            "link": "",
            "position": "1250199",
            "replay": "replay"
        },
        {
            "change_type": "",
            "gameTime": "2 - 21:22",
            "label": "",
            "position": "1282428",
            "replay": "real-time"
        },
        {
            "change_type": "",
            "gameTime": "2 - 21:28",
            "label": "",
            "link": "",
            "position": "1288390",
            "replay": "replay"
        },
        {
            "change_type": "",
            "gameTime": "2 - 21:33",
            "label": "",
            "link": "",
            "position": "1293298",
            "replay": "replay"
        },
        {
            "change_type": "",
            "gameTime": "2 - 21:38",
            "label": "",
            "link": "",
            "position": "1298560",
            "replay": "replay"
        },
        {
            "change_type": "",
            "gameTime": "2 - 23:36",
            "label": "",
            "position": "1416101",
            "replay": "real-time"
        },
        {
            "change_type": "",
            "gameTime": "2 - 23:43",
            "label": "",
            "link": "",
            "position": "1423866",
            "replay": "replay"
        },
        {
            "change_type": "",
            "gameTime": "2 - 23:49",
            "label": "",
            "link": "",
            "position": "1429887",
            "replay": "replay"
        },
        {
            "change_type": "",
            "gameTime": "2 - 23:54",
            "label": "",
            "link": "",
            "position": "1434266",
            "replay": "replay"
        },
        {
            "change_type": "",
            "gameTime": "2 - 25:16",
            "label": "",
            "position": "1516016",
            "replay": "real-time"
        },
        {
            "change_type": "",
            "gameTime": "2 - 25:21",
            "label": "",
            "link": "",
            "position": "1521116",
            "replay": "replay"
        },
        {
            "change_type": "",
            "gameTime": "2 - 25:26",
            "label": "",
            "link": "",
            "position": "1526510",
            "replay": "replay"
        },
        {
            "change_type": "",
            "gameTime": "2 - 26:48",
            "label": "",
            "position": "1608653",
            "replay": "real-time"
        },
        {
            "change_type": "",
            "gameTime": "2 - 26:56",
            "label": "",
            "link": "",
            "position": "1616131",
            "replay": "replay"
        },
        {
            "change_type": "",
            "gameTime": "2 - 28:08",
            "label": "",
            "position": "1688821",
            "replay": "real-time"
        },
        {
            "change_type": "",
            "gameTime": "2 - 28:15",
            "label": "",
            "link": "",
            "position": "1695054",
            "replay": "replay"
        },
        {
            "change_type": "",
            "gameTime": "2 - 31:34",
            "label": "",
            "position": "1894932",
            "replay": "real-time"
        },
        {
            "change_type": "",
            "gameTime": "2 - 31:40",
            "label": "",
            "link": "",
            "position": "1900979",
            "replay": "replay"
        },
        {
            "change_type": "",
            "gameTime": "2 - 33:55",
            "label": "",
            "position": "2035174",
            "replay": "real-time"
        },
        {
            "change_type": "",
            "gameTime": "2 - 34:01",
            "label": "",
            "link": "",
            "position": "2041596",
            "replay": "replay"
        },
        {
            "change_type": "",
            "gameTime": "2 - 34:06",
            "label": "",
            "link": "",
            "position": "2046067",
            "replay": "replay"
        },
        {
            "change_type": "",
            "gameTime": "2 - 36:55",
            "label": "",
            "position": "2215744",
            "replay": "real-time"
        },
        {
            "change_type": "",
            "gameTime": "2 - 37:02",
            "label": "",
            "link": "",
            "position": "2222725",
            "replay": "replay"
        },
        {
            "change_type": "",
            "gameTime": "2 - 37:09",
            "label": "",
            "link": "",
            "position": "2229691",
            "replay": "replay"
        },
        {
            "change_type": "",
            "gameTime": "2 - 37:23",
            "label": "",
            "link": "",
            "position": "2243019",
            "replay": "replay"
        },
        {
            "change_type": "",
            "gameTime": "2 - 43:17",
            "label": "",
            "position": "2597710",
            "replay": "real-time"
        },
        {
            "change_type": "",
            "gameTime": "2 - 43:30",
            "label": "",
            "link": "",
            "position": "2610217",
            "replay": "replay"
        },
        {
            "change_type": "",
            "gameTime": "2 - 43:35",
            "label": "",
            "link": "",
            "position": "2615382",
            "replay": "replay"
        },
        {
            "change_type": "",
            "gameTime": "2 - 43:39",
            "label": "",
            "link": "",
            "position": "2619336",
            "replay": "replay"
        }
    ],
    "gameAwayTeam": "Internazionale",
    "gameDate": "2017-03-05 - 18-00",
    "gameHomeTeam": "Cagliari",
    "gameScore": "1 - 5"
}