{
    "UrlLocal": "italy_serie-a/2016-2017/2017-03-05 - 18-00 Cagliari 1 - 5 Internazionale",
    "predictions": [
        {
            "gameTime": "1 - 46:21",
            "label": "subs",
            "position": "2781500",
            "half": "1",
            "confidence": "0.7269161939620972"
        },
        {
            "gameTime": "1 - 46:35",
            "label": "subs",
            "position": "2795000",
            "half": "1",
            "confidence": "0.6530725955963135"
        },
        {
            "gameTime": "1 - 39:2",
            "label": "soccer",
            "position": "2342000",
            "half": "1",
            "confidence": "0.9831400513648987"
        },
        {
            "gameTime": "1 - 33:27",
            "label": "soccer",
            "position": "2007500",
            "half": "1",
            "confidence": "0.9133901596069336"
        },
        {
            "gameTime": "1 - 5:14",
            "label": "soccer",
            "position": "314500",
            "half": "1",
            "confidence": "0.8276084065437317"
        },
        {
            "gameTime": "1 - 15:28",
            "label": "soccer",
            "position": "928000",
            "half": "1",
            "confidence": "0.7602627873420715"
        },
        {
            "gameTime": "1 - 38:51",
            "label": "soccer",
            "position": "2331500",
            "half": "1",
            "confidence": "0.7425957322120667"
        },
        {
            "gameTime": "1 - 6:25",
            "label": "soccer",
            "position": "385000",
            "half": "1",
            "confidence": "0.6638195514678955"
        },
        {
            "gameTime": "1 - 24:58",
            "label": "soccer",
            "position": "1498500",
            "half": "1",
            "confidence": "0.6438441872596741"
        },
        {
            "gameTime": "1 - 42:30",
            "label": "soccer",
            "position": "2550500",
            "half": "1",
            "confidence": "0.5914791226387024"
        },
        {
            "gameTime": "1 - 5:4",
            "label": "soccer",
            "position": "304000",
            "half": "1",
            "confidence": "0.5699617266654968"
        },
        {
            "gameTime": "1 - 32:29",
            "label": "soccer",
            "position": "1949500",
            "half": "1",
            "confidence": "0.513096809387207"
        },
        {
            "gameTime": "2 - 32:15",
            "label": "subs",
            "position": "1935000",
            "half": "2",
            "confidence": "0.9350127577781677"
        },
        {
            "gameTime": "2 - 30:51",
            "label": "subs",
            "position": "1851000",
            "half": "2",
            "confidence": "0.9141544699668884"
        },
        {
            "gameTime": "2 - 32:4",
            "label": "subs",
            "position": "1924500",
            "half": "2",
            "confidence": "0.8650882840156555"
        },
        {
            "gameTime": "2 - 27:9",
            "label": "subs",
            "position": "1629500",
            "half": "2",
            "confidence": "0.7682156562805176"
        },
        {
            "gameTime": "2 - 16:24",
            "label": "subs",
            "position": "984500",
            "half": "2",
            "confidence": "0.7609802484512329"
        },
        {
            "gameTime": "2 - 42:0",
            "label": "subs",
            "position": "2520000",
            "half": "2",
            "confidence": "0.7439541816711426"
        },
        {
            "gameTime": "2 - 45:22",
            "label": "subs",
            "position": "2722000",
            "half": "2",
            "confidence": "0.6806050539016724"
        },
        {
            "gameTime": "2 - 45:32",
            "label": "subs",
            "position": "2732500",
            "half": "2",
            "confidence": "0.6361487507820129"
        },
        {
            "gameTime": "2 - 31:54",
            "label": "subs",
            "position": "1914000",
            "half": "2",
            "confidence": "0.6020859479904175"
        },
        {
            "gameTime": "2 - 32:25",
            "label": "subs",
            "position": "1945000",
            "half": "2",
            "confidence": "0.5448339581489563"
        },
        {
            "gameTime": "2 - 43:3",
            "label": "soccer",
            "position": "2583000",
            "half": "2",
            "confidence": "0.9712147116661072"
        },
        {
            "gameTime": "2 - 1:25",
            "label": "soccer",
            "position": "85000",
            "half": "2",
            "confidence": "0.9536677002906799"
        },
        {
            "gameTime": "2 - 14:23",
            "label": "soccer",
            "position": "863000",
            "half": "2",
            "confidence": "0.8404211401939392"
        },
        {
            "gameTime": "2 - 21:12",
            "label": "soccer",
            "position": "1272000",
            "half": "2",
            "confidence": "0.738250195980072"
        },
        {
            "gameTime": "2 - 1:39",
            "label": "soccer",
            "position": "99000",
            "half": "2",
            "confidence": "0.6814472675323486"
        }
    ]
}