{
    "UrlLocal": "europe_uefa-champions-league/2016-2017/2017-04-11 - 18-00 Juventus 3 - 0 Barcelona",
    "predictions": [
        {
            "gameTime": "1 - 0:3",
            "label": "Kick-off",
            "position": "3000",
            "half": "1",
            "confidence": "0.9975261092185974"
        },
        {
            "gameTime": "1 - 7:24",
            "label": "Kick-off",
            "position": "444000",
            "half": "1",
            "confidence": "0.9949209094047546"
        },
        {
            "gameTime": "1 - 22:42",
            "label": "Kick-off",
            "position": "1362000",
            "half": "1",
            "confidence": "0.9832837581634521"
        },
        {
            "gameTime": "1 - 7:34",
            "label": "Kick-off",
            "position": "454000",
            "half": "1",
            "confidence": "0.9593061208724976"
        },
        {
            "gameTime": "1 - 45:31",
            "label": "Kick-off",
            "position": "2731500",
            "half": "1",
            "confidence": "0.8538696765899658"
        },
        {
            "gameTime": "1 - 22:52",
            "label": "Kick-off",
            "position": "1372000",
            "half": "1",
            "confidence": "0.8495577573776245"
        },
        {
            "gameTime": "1 - 22:28",
            "label": "Kick-off",
            "position": "1348000",
            "half": "1",
            "confidence": "0.7013788819313049"
        },
        {
            "gameTime": "1 - 21:43",
            "label": "Goal",
            "position": "1303000",
            "half": "1",
            "confidence": "0.9939178228378296"
        },
        {
            "gameTime": "1 - 6:43",
            "label": "Goal",
            "position": "403500",
            "half": "1",
            "confidence": "0.9916579127311707"
        },
        {
            "gameTime": "1 - 21:32",
            "label": "Goal",
            "position": "1292500",
            "half": "1",
            "confidence": "0.9580377340316772"
        },
        {
            "gameTime": "1 - 20:12",
            "label": "Goal",
            "position": "1212000",
            "half": "1",
            "confidence": "0.6265190243721008"
        },
        {
            "gameTime": "1 - 30:8",
            "label": "Offside",
            "position": "1808000",
            "half": "1",
            "confidence": "0.6271203756332397"
        },
        {
            "gameTime": "1 - 21:36",
            "label": "Shots on target",
            "position": "1296000",
            "half": "1",
            "confidence": "0.9058058261871338"
        },
        {
            "gameTime": "1 - 6:41",
            "label": "Shots on target",
            "position": "401000",
            "half": "1",
            "confidence": "0.8640148043632507"
        },
        {
            "gameTime": "1 - 11:51",
            "label": "Shots on target",
            "position": "711500",
            "half": "1",
            "confidence": "0.7952069044113159"
        },
        {
            "gameTime": "1 - 20:24",
            "label": "Shots on target",
            "position": "1224500",
            "half": "1",
            "confidence": "0.7935007214546204"
        },
        {
            "gameTime": "1 - 20:12",
            "label": "Shots on target",
            "position": "1212000",
            "half": "1",
            "confidence": "0.7260982990264893"
        },
        {
            "gameTime": "1 - 45:8",
            "label": "Shots on target",
            "position": "2708500",
            "half": "1",
            "confidence": "0.6024613380432129"
        },
        {
            "gameTime": "1 - 20:42",
            "label": "Shots on target",
            "position": "1242500",
            "half": "1",
            "confidence": "0.5927826762199402"
        },
        {
            "gameTime": "1 - 11:41",
            "label": "Shots on target",
            "position": "701000",
            "half": "1",
            "confidence": "0.5815107822418213"
        },
        {
            "gameTime": "1 - 20:52",
            "label": "Shots on target",
            "position": "1252500",
            "half": "1",
            "confidence": "0.5796722769737244"
        },
        {
            "gameTime": "1 - 43:44",
            "label": "Shots on target",
            "position": "2624000",
            "half": "1",
            "confidence": "0.5142889022827148"
        },
        {
            "gameTime": "1 - 43:32",
            "label": "Shots on target",
            "position": "2612500",
            "half": "1",
            "confidence": "0.5123125910758972"
        },
        {
            "gameTime": "1 - 11:42",
            "label": "Shots off target",
            "position": "702000",
            "half": "1",
            "confidence": "0.9201962351799011"
        },
        {
            "gameTime": "1 - 20:53",
            "label": "Shots off target",
            "position": "1253000",
            "half": "1",
            "confidence": "0.8391017913818359"
        },
        {
            "gameTime": "1 - 45:12",
            "label": "Shots off target",
            "position": "2712000",
            "half": "1",
            "confidence": "0.7466579675674438"
        },
        {
            "gameTime": "1 - 11:52",
            "label": "Shots off target",
            "position": "712500",
            "half": "1",
            "confidence": "0.7425581216812134"
        },
        {
            "gameTime": "1 - 20:42",
            "label": "Shots off target",
            "position": "1242500",
            "half": "1",
            "confidence": "0.6803743839263916"
        },
        {
            "gameTime": "1 - 20:24",
            "label": "Shots off target",
            "position": "1224500",
            "half": "1",
            "confidence": "0.6045531034469604"
        },
        {
            "gameTime": "1 - 36:14",
            "label": "Shots off target",
            "position": "2174000",
            "half": "1",
            "confidence": "0.5769447088241577"
        },
        {
            "gameTime": "1 - 29:15",
            "label": "Shots off target",
            "position": "1755000",
            "half": "1",
            "confidence": "0.5747246742248535"
        },
        {
            "gameTime": "1 - 42:18",
            "label": "Clearance",
            "position": "2538000",
            "half": "1",
            "confidence": "0.8384004235267639"
        },
        {
            "gameTime": "1 - 36:35",
            "label": "Clearance",
            "position": "2195000",
            "half": "1",
            "confidence": "0.8115553855895996"
        },
        {
            "gameTime": "1 - 3:6",
            "label": "Clearance",
            "position": "186500",
            "half": "1",
            "confidence": "0.805985689163208"
        },
        {
            "gameTime": "1 - 0:38",
            "label": "Clearance",
            "position": "38500",
            "half": "1",
            "confidence": "0.7751597762107849"
        },
        {
            "gameTime": "1 - 0:50",
            "label": "Clearance",
            "position": "50000",
            "half": "1",
            "confidence": "0.7616217136383057"
        },
        {
            "gameTime": "1 - 28:14",
            "label": "Clearance",
            "position": "1694500",
            "half": "1",
            "confidence": "0.7432448863983154"
        },
        {
            "gameTime": "1 - 2:56",
            "label": "Clearance",
            "position": "176000",
            "half": "1",
            "confidence": "0.5926578044891357"
        },
        {
            "gameTime": "1 - 45:30",
            "label": "Clearance",
            "position": "2730500",
            "half": "1",
            "confidence": "0.5892102718353271"
        },
        {
            "gameTime": "1 - 21:16",
            "label": "Clearance",
            "position": "1276000",
            "half": "1",
            "confidence": "0.5584155917167664"
        },
        {
            "gameTime": "1 - 43:42",
            "label": "Clearance",
            "position": "2622000",
            "half": "1",
            "confidence": "0.5178826451301575"
        },
        {
            "gameTime": "1 - 32:4",
            "label": "Ball out of play",
            "position": "1924500",
            "half": "1",
            "confidence": "0.9720672369003296"
        },
        {
            "gameTime": "1 - 31:53",
            "label": "Ball out of play",
            "position": "1913500",
            "half": "1",
            "confidence": "0.9510135650634766"
        },
        {
            "gameTime": "1 - 45:24",
            "label": "Ball out of play",
            "position": "2724000",
            "half": "1",
            "confidence": "0.9427701830863953"
        },
        {
            "gameTime": "1 - 27:58",
            "label": "Ball out of play",
            "position": "1678500",
            "half": "1",
            "confidence": "0.9092859029769897"
        },
        {
            "gameTime": "1 - 20:49",
            "label": "Ball out of play",
            "position": "1249500",
            "half": "1",
            "confidence": "0.9055187702178955"
        },
        {
            "gameTime": "1 - 20:25",
            "label": "Ball out of play",
            "position": "1225000",
            "half": "1",
            "confidence": "0.9049568772315979"
        },
        {
            "gameTime": "1 - 29:6",
            "label": "Ball out of play",
            "position": "1746500",
            "half": "1",
            "confidence": "0.9015133380889893"
        },
        {
            "gameTime": "1 - 11:42",
            "label": "Ball out of play",
            "position": "702500",
            "half": "1",
            "confidence": "0.900952160358429"
        },
        {
            "gameTime": "1 - 23:28",
            "label": "Ball out of play",
            "position": "1408500",
            "half": "1",
            "confidence": "0.8749291300773621"
        },
        {
            "gameTime": "1 - 24:37",
            "label": "Ball out of play",
            "position": "1477500",
            "half": "1",
            "confidence": "0.8631521463394165"
        },
        {
            "gameTime": "1 - 20:35",
            "label": "Ball out of play",
            "position": "1235500",
            "half": "1",
            "confidence": "0.8332577347755432"
        },
        {
            "gameTime": "1 - 1:44",
            "label": "Ball out of play",
            "position": "104000",
            "half": "1",
            "confidence": "0.8332067131996155"
        },
        {
            "gameTime": "1 - 20:14",
            "label": "Ball out of play",
            "position": "1214500",
            "half": "1",
            "confidence": "0.8118932843208313"
        },
        {
            "gameTime": "1 - 3:30",
            "label": "Ball out of play",
            "position": "210500",
            "half": "1",
            "confidence": "0.7966846823692322"
        },
        {
            "gameTime": "1 - 3:50",
            "label": "Ball out of play",
            "position": "230000",
            "half": "1",
            "confidence": "0.7944621443748474"
        },
        {
            "gameTime": "1 - 29:17",
            "label": "Ball out of play",
            "position": "1757000",
            "half": "1",
            "confidence": "0.792248547077179"
        },
        {
            "gameTime": "1 - 41:53",
            "label": "Ball out of play",
            "position": "2513500",
            "half": "1",
            "confidence": "0.7910048365592957"
        },
        {
            "gameTime": "1 - 2:29",
            "label": "Ball out of play",
            "position": "149000",
            "half": "1",
            "confidence": "0.7778581976890564"
        },
        {
            "gameTime": "1 - 38:51",
            "label": "Ball out of play",
            "position": "2331500",
            "half": "1",
            "confidence": "0.7706571817398071"
        },
        {
            "gameTime": "1 - 15:30",
            "label": "Ball out of play",
            "position": "930500",
            "half": "1",
            "confidence": "0.7544230818748474"
        },
        {
            "gameTime": "1 - 28:9",
            "label": "Ball out of play",
            "position": "1689000",
            "half": "1",
            "confidence": "0.7274054288864136"
        },
        {
            "gameTime": "1 - 5:53",
            "label": "Ball out of play",
            "position": "353000",
            "half": "1",
            "confidence": "0.7242488265037537"
        },
        {
            "gameTime": "1 - 45:13",
            "label": "Ball out of play",
            "position": "2713500",
            "half": "1",
            "confidence": "0.7059012055397034"
        },
        {
            "gameTime": "1 - 4:30",
            "label": "Ball out of play",
            "position": "270000",
            "half": "1",
            "confidence": "0.6995195746421814"
        },
        {
            "gameTime": "1 - 36:14",
            "label": "Ball out of play",
            "position": "2174500",
            "half": "1",
            "confidence": "0.6939144134521484"
        },
        {
            "gameTime": "1 - 32:46",
            "label": "Ball out of play",
            "position": "1966000",
            "half": "1",
            "confidence": "0.6882432103157043"
        },
        {
            "gameTime": "1 - 11:7",
            "label": "Ball out of play",
            "position": "667000",
            "half": "1",
            "confidence": "0.6854699850082397"
        },
        {
            "gameTime": "1 - 32:17",
            "label": "Ball out of play",
            "position": "1937500",
            "half": "1",
            "confidence": "0.676497757434845"
        },
        {
            "gameTime": "1 - 17:34",
            "label": "Ball out of play",
            "position": "1054500",
            "half": "1",
            "confidence": "0.659000813961029"
        },
        {
            "gameTime": "1 - 17:23",
            "label": "Ball out of play",
            "position": "1043000",
            "half": "1",
            "confidence": "0.6519652009010315"
        },
        {
            "gameTime": "1 - 29:53",
            "label": "Ball out of play",
            "position": "1793000",
            "half": "1",
            "confidence": "0.6462169289588928"
        },
        {
            "gameTime": "1 - 23:39",
            "label": "Ball out of play",
            "position": "1419000",
            "half": "1",
            "confidence": "0.6447243690490723"
        },
        {
            "gameTime": "1 - 10:56",
            "label": "Ball out of play",
            "position": "656500",
            "half": "1",
            "confidence": "0.6034509539604187"
        },
        {
            "gameTime": "1 - 24:27",
            "label": "Ball out of play",
            "position": "1467000",
            "half": "1",
            "confidence": "0.603302538394928"
        },
        {
            "gameTime": "1 - 26:18",
            "label": "Ball out of play",
            "position": "1578000",
            "half": "1",
            "confidence": "0.5920130014419556"
        },
        {
            "gameTime": "1 - 1:10",
            "label": "Ball out of play",
            "position": "70000",
            "half": "1",
            "confidence": "0.5810939073562622"
        },
        {
            "gameTime": "1 - 11:52",
            "label": "Ball out of play",
            "position": "712500",
            "half": "1",
            "confidence": "0.567464292049408"
        },
        {
            "gameTime": "1 - 0:56",
            "label": "Ball out of play",
            "position": "56000",
            "half": "1",
            "confidence": "0.5636392831802368"
        },
        {
            "gameTime": "1 - 33:51",
            "label": "Ball out of play",
            "position": "2031000",
            "half": "1",
            "confidence": "0.5517258644104004"
        },
        {
            "gameTime": "1 - 28:24",
            "label": "Ball out of play",
            "position": "1704500",
            "half": "1",
            "confidence": "0.5446603894233704"
        },
        {
            "gameTime": "1 - 23:0",
            "label": "Ball out of play",
            "position": "1380500",
            "half": "1",
            "confidence": "0.5430912971496582"
        },
        {
            "gameTime": "1 - 43:44",
            "label": "Ball out of play",
            "position": "2624000",
            "half": "1",
            "confidence": "0.5375046133995056"
        },
        {
            "gameTime": "1 - 21:29",
            "label": "Ball out of play",
            "position": "1289000",
            "half": "1",
            "confidence": "0.5286705493927002"
        },
        {
            "gameTime": "1 - 26:30",
            "label": "Ball out of play",
            "position": "1590500",
            "half": "1",
            "confidence": "0.5194876194000244"
        },
        {
            "gameTime": "1 - 3:16",
            "label": "Ball out of play",
            "position": "196500",
            "half": "1",
            "confidence": "0.5171845555305481"
        },
        {
            "gameTime": "1 - 0:21",
            "label": "Ball out of play",
            "position": "21000",
            "half": "1",
            "confidence": "0.5104923248291016"
        },
        {
            "gameTime": "1 - 44:24",
            "label": "Ball out of play",
            "position": "2664500",
            "half": "1",
            "confidence": "0.5001143217086792"
        },
        {
            "gameTime": "1 - 32:5",
            "label": "Throw-in",
            "position": "1925000",
            "half": "1",
            "confidence": "0.9984946250915527"
        },
        {
            "gameTime": "1 - 24:40",
            "label": "Throw-in",
            "position": "1480000",
            "half": "1",
            "confidence": "0.9910262227058411"
        },
        {
            "gameTime": "1 - 32:15",
            "label": "Throw-in",
            "position": "1935500",
            "half": "1",
            "confidence": "0.9874008297920227"
        },
        {
            "gameTime": "1 - 23:28",
            "label": "Throw-in",
            "position": "1408000",
            "half": "1",
            "confidence": "0.9567869901657104"
        },
        {
            "gameTime": "1 - 4:30",
            "label": "Throw-in",
            "position": "270000",
            "half": "1",
            "confidence": "0.9564996361732483"
        },
        {
            "gameTime": "1 - 31:53",
            "label": "Throw-in",
            "position": "1913500",
            "half": "1",
            "confidence": "0.9265400171279907"
        },
        {
            "gameTime": "1 - 24:29",
            "label": "Throw-in",
            "position": "1469000",
            "half": "1",
            "confidence": "0.8997546434402466"
        },
        {
            "gameTime": "1 - 4:40",
            "label": "Throw-in",
            "position": "280500",
            "half": "1",
            "confidence": "0.8995919823646545"
        },
        {
            "gameTime": "1 - 23:17",
            "label": "Throw-in",
            "position": "1397500",
            "half": "1",
            "confidence": "0.8783678412437439"
        },
        {
            "gameTime": "1 - 23:39",
            "label": "Throw-in",
            "position": "1419000",
            "half": "1",
            "confidence": "0.8191461563110352"
        },
        {
            "gameTime": "1 - 1:8",
            "label": "Throw-in",
            "position": "68000",
            "half": "1",
            "confidence": "0.7759668231010437"
        },
        {
            "gameTime": "1 - 0:56",
            "label": "Throw-in",
            "position": "56000",
            "half": "1",
            "confidence": "0.7681072950363159"
        },
        {
            "gameTime": "1 - 3:18",
            "label": "Throw-in",
            "position": "198000",
            "half": "1",
            "confidence": "0.7648463249206543"
        },
        {
            "gameTime": "1 - 3:30",
            "label": "Throw-in",
            "position": "210500",
            "half": "1",
            "confidence": "0.760267972946167"
        },
        {
            "gameTime": "1 - 1:45",
            "label": "Throw-in",
            "position": "105000",
            "half": "1",
            "confidence": "0.727173388004303"
        },
        {
            "gameTime": "1 - 32:44",
            "label": "Throw-in",
            "position": "1964500",
            "half": "1",
            "confidence": "0.7035105228424072"
        },
        {
            "gameTime": "1 - 26:28",
            "label": "Throw-in",
            "position": "1588500",
            "half": "1",
            "confidence": "0.6733683347702026"
        },
        {
            "gameTime": "1 - 30:18",
            "label": "Throw-in",
            "position": "1818500",
            "half": "1",
            "confidence": "0.574191153049469"
        },
        {
            "gameTime": "1 - 3:47",
            "label": "Throw-in",
            "position": "227500",
            "half": "1",
            "confidence": "0.5217585563659668"
        },
        {
            "gameTime": "1 - 1:55",
            "label": "Throw-in",
            "position": "115500",
            "half": "1",
            "confidence": "0.5054048895835876"
        },
        {
            "gameTime": "1 - 27:25",
            "label": "Foul",
            "position": "1645500",
            "half": "1",
            "confidence": "0.93097984790802"
        },
        {
            "gameTime": "1 - 28:47",
            "label": "Foul",
            "position": "1727000",
            "half": "1",
            "confidence": "0.8379757404327393"
        },
        {
            "gameTime": "1 - 5:58",
            "label": "Foul",
            "position": "358000",
            "half": "1",
            "confidence": "0.7897140979766846"
        },
        {
            "gameTime": "1 - 42:58",
            "label": "Foul",
            "position": "2578500",
            "half": "1",
            "confidence": "0.7618902325630188"
        },
        {
            "gameTime": "1 - 41:8",
            "label": "Foul",
            "position": "2468500",
            "half": "1",
            "confidence": "0.7463416457176208"
        },
        {
            "gameTime": "1 - 27:36",
            "label": "Foul",
            "position": "1656000",
            "half": "1",
            "confidence": "0.6978964805603027"
        },
        {
            "gameTime": "1 - 11:9",
            "label": "Foul",
            "position": "669500",
            "half": "1",
            "confidence": "0.6956334114074707"
        },
        {
            "gameTime": "1 - 7:54",
            "label": "Foul",
            "position": "474000",
            "half": "1",
            "confidence": "0.6868977546691895"
        },
        {
            "gameTime": "1 - 23:55",
            "label": "Foul",
            "position": "1435500",
            "half": "1",
            "confidence": "0.6429996490478516"
        },
        {
            "gameTime": "1 - 7:43",
            "label": "Foul",
            "position": "463500",
            "half": "1",
            "confidence": "0.6251214146614075"
        },
        {
            "gameTime": "1 - 2:3",
            "label": "Foul",
            "position": "123000",
            "half": "1",
            "confidence": "0.5737556219100952"
        },
        {
            "gameTime": "1 - 40:52",
            "label": "Foul",
            "position": "2452500",
            "half": "1",
            "confidence": "0.5709728002548218"
        },
        {
            "gameTime": "1 - 5:47",
            "label": "Foul",
            "position": "347500",
            "half": "1",
            "confidence": "0.5561939477920532"
        },
        {
            "gameTime": "1 - 16:46",
            "label": "Foul",
            "position": "1006500",
            "half": "1",
            "confidence": "0.5476989150047302"
        },
        {
            "gameTime": "1 - 1:21",
            "label": "Indirect free-kick",
            "position": "81000",
            "half": "1",
            "confidence": "0.8755282759666443"
        },
        {
            "gameTime": "1 - 29:38",
            "label": "Indirect free-kick",
            "position": "1778000",
            "half": "1",
            "confidence": "0.8342799544334412"
        },
        {
            "gameTime": "1 - 1:32",
            "label": "Indirect free-kick",
            "position": "92000",
            "half": "1",
            "confidence": "0.8279129862785339"
        },
        {
            "gameTime": "1 - 43:14",
            "label": "Indirect free-kick",
            "position": "2594000",
            "half": "1",
            "confidence": "0.8043543100357056"
        },
        {
            "gameTime": "1 - 2:48",
            "label": "Indirect free-kick",
            "position": "168500",
            "half": "1",
            "confidence": "0.7024829387664795"
        },
        {
            "gameTime": "1 - 39:46",
            "label": "Indirect free-kick",
            "position": "2386500",
            "half": "1",
            "confidence": "0.6945552825927734"
        },
        {
            "gameTime": "1 - 23:53",
            "label": "Indirect free-kick",
            "position": "1433000",
            "half": "1",
            "confidence": "0.6702683568000793"
        },
        {
            "gameTime": "1 - 7:56",
            "label": "Indirect free-kick",
            "position": "476000",
            "half": "1",
            "confidence": "0.6354132890701294"
        },
        {
            "gameTime": "1 - 4:13",
            "label": "Indirect free-kick",
            "position": "253500",
            "half": "1",
            "confidence": "0.6336533427238464"
        },
        {
            "gameTime": "1 - 32:24",
            "label": "Indirect free-kick",
            "position": "1944500",
            "half": "1",
            "confidence": "0.6263547539710999"
        },
        {
            "gameTime": "1 - 33:28",
            "label": "Indirect free-kick",
            "position": "2008000",
            "half": "1",
            "confidence": "0.6208170652389526"
        },
        {
            "gameTime": "1 - 39:57",
            "label": "Indirect free-kick",
            "position": "2397000",
            "half": "1",
            "confidence": "0.6171711683273315"
        },
        {
            "gameTime": "1 - 36:46",
            "label": "Indirect free-kick",
            "position": "2206500",
            "half": "1",
            "confidence": "0.6029798984527588"
        },
        {
            "gameTime": "1 - 27:42",
            "label": "Indirect free-kick",
            "position": "1662500",
            "half": "1",
            "confidence": "0.5996663570404053"
        },
        {
            "gameTime": "1 - 33:42",
            "label": "Indirect free-kick",
            "position": "2022500",
            "half": "1",
            "confidence": "0.5901995897293091"
        },
        {
            "gameTime": "1 - 43:3",
            "label": "Indirect free-kick",
            "position": "2583000",
            "half": "1",
            "confidence": "0.5833783745765686"
        },
        {
            "gameTime": "1 - 7:45",
            "label": "Indirect free-kick",
            "position": "465500",
            "half": "1",
            "confidence": "0.555181622505188"
        },
        {
            "gameTime": "1 - 30:5",
            "label": "Indirect free-kick",
            "position": "1805000",
            "half": "1",
            "confidence": "0.5538808107376099"
        },
        {
            "gameTime": "1 - 17:43",
            "label": "Indirect free-kick",
            "position": "1063500",
            "half": "1",
            "confidence": "0.5230774283409119"
        },
        {
            "gameTime": "1 - 8:59",
            "label": "Indirect free-kick",
            "position": "539500",
            "half": "1",
            "confidence": "0.5145101547241211"
        },
        {
            "gameTime": "1 - 41:16",
            "label": "Indirect free-kick",
            "position": "2476000",
            "half": "1",
            "confidence": "0.5068238377571106"
        },
        {
            "gameTime": "1 - 22:53",
            "label": "Indirect free-kick",
            "position": "1373000",
            "half": "1",
            "confidence": "0.5018959045410156"
        },
        {
            "gameTime": "1 - 5:27",
            "label": "Indirect free-kick",
            "position": "327000",
            "half": "1",
            "confidence": "0.5003038048744202"
        },
        {
            "gameTime": "1 - 11:39",
            "label": "Direct free-kick",
            "position": "699000",
            "half": "1",
            "confidence": "0.9614908695220947"
        },
        {
            "gameTime": "1 - 11:49",
            "label": "Direct free-kick",
            "position": "709500",
            "half": "1",
            "confidence": "0.9149333238601685"
        },
        {
            "gameTime": "1 - 2:31",
            "label": "Direct free-kick",
            "position": "151500",
            "half": "1",
            "confidence": "0.6310997605323792"
        },
        {
            "gameTime": "1 - 39:12",
            "label": "Corner",
            "position": "2352000",
            "half": "1",
            "confidence": "0.9943423271179199"
        },
        {
            "gameTime": "1 - 45:7",
            "label": "Corner",
            "position": "2707000",
            "half": "1",
            "confidence": "0.9611341953277588"
        },
        {
            "gameTime": "1 - 44:56",
            "label": "Corner",
            "position": "2696000",
            "half": "1",
            "confidence": "0.9578410387039185"
        },
        {
            "gameTime": "1 - 44:20",
            "label": "Corner",
            "position": "2660500",
            "half": "1",
            "confidence": "0.9311754703521729"
        },
        {
            "gameTime": "1 - 44:8",
            "label": "Corner",
            "position": "2648000",
            "half": "1",
            "confidence": "0.8244667649269104"
        },
        {
            "gameTime": "1 - 38:59",
            "label": "Corner",
            "position": "2339000",
            "half": "1",
            "confidence": "0.7430442571640015"
        },
        {
            "gameTime": "1 - 27:32",
            "label": "Yellow card",
            "position": "1652500",
            "half": "1",
            "confidence": "0.6975954174995422"
        },
        {
            "gameTime": "1 - 27:43",
            "label": "Yellow card",
            "position": "1663000",
            "half": "1",
            "confidence": "0.6921491026878357"
        },
        {
            "gameTime": "2 - 0:2",
            "label": "Kick-off",
            "position": "2000",
            "half": "2",
            "confidence": "0.9156989455223083"
        },
        {
            "gameTime": "2 - 9:46",
            "label": "Goal",
            "position": "586500",
            "half": "2",
            "confidence": "0.9645218849182129"
        },
        {
            "gameTime": "2 - 49:43",
            "label": "Goal",
            "position": "2983000",
            "half": "2",
            "confidence": "0.9302524328231812"
        },
        {
            "gameTime": "2 - 32:19",
            "label": "Goal",
            "position": "1939000",
            "half": "2",
            "confidence": "0.8285632729530334"
        },
        {
            "gameTime": "2 - 41:42",
            "label": "Goal",
            "position": "2502000",
            "half": "2",
            "confidence": "0.548125684261322"
        },
        {
            "gameTime": "2 - 27:32",
            "label": "Substitution",
            "position": "1652000",
            "half": "2",
            "confidence": "0.9378185868263245"
        },
        {
            "gameTime": "2 - 43:38",
            "label": "Substitution",
            "position": "2618000",
            "half": "2",
            "confidence": "0.9360628724098206"
        },
        {
            "gameTime": "2 - 35:43",
            "label": "Substitution",
            "position": "2143500",
            "half": "2",
            "confidence": "0.8821788430213928"
        },
        {
            "gameTime": "2 - 27:21",
            "label": "Substitution",
            "position": "1641500",
            "half": "2",
            "confidence": "0.8082103133201599"
        },
        {
            "gameTime": "2 - 43:27",
            "label": "Substitution",
            "position": "2607500",
            "half": "2",
            "confidence": "0.7520089149475098"
        },
        {
            "gameTime": "2 - 35:33",
            "label": "Substitution",
            "position": "2133000",
            "half": "2",
            "confidence": "0.7463436126708984"
        },
        {
            "gameTime": "2 - 27:44",
            "label": "Substitution",
            "position": "1664000",
            "half": "2",
            "confidence": "0.5706747770309448"
        },
        {
            "gameTime": "2 - 26:53",
            "label": "Offside",
            "position": "1613000",
            "half": "2",
            "confidence": "0.9512097835540771"
        },
        {
            "gameTime": "2 - 49:42",
            "label": "Shots on target",
            "position": "2982000",
            "half": "2",
            "confidence": "0.9246774315834045"
        },
        {
            "gameTime": "2 - 9:13",
            "label": "Shots on target",
            "position": "553500",
            "half": "2",
            "confidence": "0.8105024695396423"
        },
        {
            "gameTime": "2 - 32:18",
            "label": "Shots on target",
            "position": "1938500",
            "half": "2",
            "confidence": "0.7317619919776917"
        },
        {
            "gameTime": "2 - 49:30",
            "label": "Shots on target",
            "position": "2970000",
            "half": "2",
            "confidence": "0.712723970413208"
        },
        {
            "gameTime": "2 - 9:46",
            "label": "Shots on target",
            "position": "586500",
            "half": "2",
            "confidence": "0.6938247680664062"
        },
        {
            "gameTime": "2 - 32:4",
            "label": "Shots on target",
            "position": "1924500",
            "half": "2",
            "confidence": "0.6025991439819336"
        },
        {
            "gameTime": "2 - 32:39",
            "label": "Shots on target",
            "position": "1959500",
            "half": "2",
            "confidence": "0.5159285664558411"
        },
        {
            "gameTime": "2 - 32:12",
            "label": "Shots off target",
            "position": "1932500",
            "half": "2",
            "confidence": "0.8821820020675659"
        },
        {
            "gameTime": "2 - 42:28",
            "label": "Shots off target",
            "position": "2548000",
            "half": "2",
            "confidence": "0.7571554183959961"
        },
        {
            "gameTime": "2 - 5:26",
            "label": "Shots off target",
            "position": "326500",
            "half": "2",
            "confidence": "0.7153427004814148"
        },
        {
            "gameTime": "2 - 35:0",
            "label": "Shots off target",
            "position": "2100000",
            "half": "2",
            "confidence": "0.7048935890197754"
        },
        {
            "gameTime": "2 - 9:7",
            "label": "Shots off target",
            "position": "547500",
            "half": "2",
            "confidence": "0.6639367938041687"
        },
        {
            "gameTime": "2 - 32:47",
            "label": "Shots off target",
            "position": "1967000",
            "half": "2",
            "confidence": "0.6469346880912781"
        },
        {
            "gameTime": "2 - 6:21",
            "label": "Shots off target",
            "position": "381500",
            "half": "2",
            "confidence": "0.5857595205307007"
        },
        {
            "gameTime": "2 - 36:54",
            "label": "Shots off target",
            "position": "2214000",
            "half": "2",
            "confidence": "0.5588355660438538"
        },
        {
            "gameTime": "2 - 1:51",
            "label": "Shots off target",
            "position": "111000",
            "half": "2",
            "confidence": "0.5486542582511902"
        },
        {
            "gameTime": "2 - 26:48",
            "label": "Shots off target",
            "position": "1608500",
            "half": "2",
            "confidence": "0.5295641422271729"
        },
        {
            "gameTime": "2 - 15:5",
            "label": "Shots off target",
            "position": "905000",
            "half": "2",
            "confidence": "0.5148974061012268"
        },
        {
            "gameTime": "2 - 41:39",
            "label": "Shots off target",
            "position": "2499500",
            "half": "2",
            "confidence": "0.5038287043571472"
        },
        {
            "gameTime": "2 - 5:41",
            "label": "Clearance",
            "position": "341500",
            "half": "2",
            "confidence": "0.9775685667991638"
        },
        {
            "gameTime": "2 - 1:22",
            "label": "Clearance",
            "position": "82000",
            "half": "2",
            "confidence": "0.9406476020812988"
        },
        {
            "gameTime": "2 - 6:29",
            "label": "Clearance",
            "position": "389000",
            "half": "2",
            "confidence": "0.913976788520813"
        },
        {
            "gameTime": "2 - 7:42",
            "label": "Clearance",
            "position": "462500",
            "half": "2",
            "confidence": "0.8927333950996399"
        },
        {
            "gameTime": "2 - 33:15",
            "label": "Clearance",
            "position": "1995500",
            "half": "2",
            "confidence": "0.8910924792289734"
        },
        {
            "gameTime": "2 - 18:14",
            "label": "Clearance",
            "position": "1094500",
            "half": "2",
            "confidence": "0.8341548442840576"
        },
        {
            "gameTime": "2 - 35:49",
            "label": "Clearance",
            "position": "2149500",
            "half": "2",
            "confidence": "0.6663550734519958"
        },
        {
            "gameTime": "2 - 7:31",
            "label": "Clearance",
            "position": "451000",
            "half": "2",
            "confidence": "0.5799288153648376"
        },
        {
            "gameTime": "2 - 33:25",
            "label": "Clearance",
            "position": "2005500",
            "half": "2",
            "confidence": "0.5712853074073792"
        },
        {
            "gameTime": "2 - 4:24",
            "label": "Clearance",
            "position": "264500",
            "half": "2",
            "confidence": "0.5465874671936035"
        },
        {
            "gameTime": "2 - 35:6",
            "label": "Ball out of play",
            "position": "2106000",
            "half": "2",
            "confidence": "0.9474345445632935"
        },
        {
            "gameTime": "2 - 24:51",
            "label": "Ball out of play",
            "position": "1491500",
            "half": "2",
            "confidence": "0.9250979423522949"
        },
        {
            "gameTime": "2 - 30:12",
            "label": "Ball out of play",
            "position": "1812500",
            "half": "2",
            "confidence": "0.9165744781494141"
        },
        {
            "gameTime": "2 - 14:10",
            "label": "Ball out of play",
            "position": "850500",
            "half": "2",
            "confidence": "0.8997387290000916"
        },
        {
            "gameTime": "2 - 42:31",
            "label": "Ball out of play",
            "position": "2551000",
            "half": "2",
            "confidence": "0.8923686742782593"
        },
        {
            "gameTime": "2 - 47:33",
            "label": "Ball out of play",
            "position": "2853000",
            "half": "2",
            "confidence": "0.8826634883880615"
        },
        {
            "gameTime": "2 - 41:55",
            "label": "Ball out of play",
            "position": "2515000",
            "half": "2",
            "confidence": "0.8781477212905884"
        },
        {
            "gameTime": "2 - 11:8",
            "label": "Ball out of play",
            "position": "668000",
            "half": "2",
            "confidence": "0.8752210736274719"
        },
        {
            "gameTime": "2 - 46:5",
            "label": "Ball out of play",
            "position": "2765500",
            "half": "2",
            "confidence": "0.8733270168304443"
        },
        {
            "gameTime": "2 - 34:55",
            "label": "Ball out of play",
            "position": "2095500",
            "half": "2",
            "confidence": "0.8707641363143921"
        },
        {
            "gameTime": "2 - 32:10",
            "label": "Ball out of play",
            "position": "1930500",
            "half": "2",
            "confidence": "0.8571565747261047"
        },
        {
            "gameTime": "2 - 14:20",
            "label": "Ball out of play",
            "position": "860500",
            "half": "2",
            "confidence": "0.8542967438697815"
        },
        {
            "gameTime": "2 - 9:9",
            "label": "Ball out of play",
            "position": "549000",
            "half": "2",
            "confidence": "0.8540171980857849"
        },
        {
            "gameTime": "2 - 6:57",
            "label": "Ball out of play",
            "position": "417000",
            "half": "2",
            "confidence": "0.8523404002189636"
        },
        {
            "gameTime": "2 - 5:20",
            "label": "Ball out of play",
            "position": "320500",
            "half": "2",
            "confidence": "0.8457121849060059"
        },
        {
            "gameTime": "2 - 46:20",
            "label": "Ball out of play",
            "position": "2780500",
            "half": "2",
            "confidence": "0.818690299987793"
        },
        {
            "gameTime": "2 - 34:31",
            "label": "Ball out of play",
            "position": "2071500",
            "half": "2",
            "confidence": "0.8100054860115051"
        },
        {
            "gameTime": "2 - 3:22",
            "label": "Ball out of play",
            "position": "202000",
            "half": "2",
            "confidence": "0.7941296100616455"
        },
        {
            "gameTime": "2 - 22:3",
            "label": "Ball out of play",
            "position": "1323000",
            "half": "2",
            "confidence": "0.7862867116928101"
        },
        {
            "gameTime": "2 - 19:40",
            "label": "Ball out of play",
            "position": "1180000",
            "half": "2",
            "confidence": "0.7859604954719543"
        },
        {
            "gameTime": "2 - 12:19",
            "label": "Ball out of play",
            "position": "739000",
            "half": "2",
            "confidence": "0.745791494846344"
        },
        {
            "gameTime": "2 - 7:24",
            "label": "Ball out of play",
            "position": "444000",
            "half": "2",
            "confidence": "0.7452463507652283"
        },
        {
            "gameTime": "2 - 2:43",
            "label": "Ball out of play",
            "position": "163000",
            "half": "2",
            "confidence": "0.7439842224121094"
        },
        {
            "gameTime": "2 - 34:20",
            "label": "Ball out of play",
            "position": "2060500",
            "half": "2",
            "confidence": "0.7388941049575806"
        },
        {
            "gameTime": "2 - 46:37",
            "label": "Ball out of play",
            "position": "2797500",
            "half": "2",
            "confidence": "0.7367909550666809"
        },
        {
            "gameTime": "2 - 26:47",
            "label": "Ball out of play",
            "position": "1607000",
            "half": "2",
            "confidence": "0.7356751561164856"
        },
        {
            "gameTime": "2 - 12:7",
            "label": "Ball out of play",
            "position": "727000",
            "half": "2",
            "confidence": "0.7347617149353027"
        },
        {
            "gameTime": "2 - 6:13",
            "label": "Ball out of play",
            "position": "373500",
            "half": "2",
            "confidence": "0.7322738766670227"
        },
        {
            "gameTime": "2 - 32:20",
            "label": "Ball out of play",
            "position": "1940500",
            "half": "2",
            "confidence": "0.7317166924476624"
        },
        {
            "gameTime": "2 - 47:43",
            "label": "Ball out of play",
            "position": "2863500",
            "half": "2",
            "confidence": "0.7301822304725647"
        },
        {
            "gameTime": "2 - 15:18",
            "label": "Ball out of play",
            "position": "918500",
            "half": "2",
            "confidence": "0.7297274470329285"
        },
        {
            "gameTime": "2 - 22:13",
            "label": "Ball out of play",
            "position": "1333000",
            "half": "2",
            "confidence": "0.7256900072097778"
        },
        {
            "gameTime": "2 - 12:38",
            "label": "Ball out of play",
            "position": "758500",
            "half": "2",
            "confidence": "0.7255464792251587"
        },
        {
            "gameTime": "2 - 14:31",
            "label": "Ball out of play",
            "position": "871500",
            "half": "2",
            "confidence": "0.7159836292266846"
        },
        {
            "gameTime": "2 - 42:19",
            "label": "Ball out of play",
            "position": "2539000",
            "half": "2",
            "confidence": "0.7114524841308594"
        },
        {
            "gameTime": "2 - 41:44",
            "label": "Ball out of play",
            "position": "2504500",
            "half": "2",
            "confidence": "0.7113217711448669"
        },
        {
            "gameTime": "2 - 20:14",
            "label": "Ball out of play",
            "position": "1214500",
            "half": "2",
            "confidence": "0.7030721306800842"
        },
        {
            "gameTime": "2 - 1:44",
            "label": "Ball out of play",
            "position": "104500",
            "half": "2",
            "confidence": "0.7022137641906738"
        },
        {
            "gameTime": "2 - 13:14",
            "label": "Ball out of play",
            "position": "794000",
            "half": "2",
            "confidence": "0.6949963569641113"
        },
        {
            "gameTime": "2 - 29:24",
            "label": "Ball out of play",
            "position": "1764000",
            "half": "2",
            "confidence": "0.68922358751297"
        },
        {
            "gameTime": "2 - 30:2",
            "label": "Ball out of play",
            "position": "1802000",
            "half": "2",
            "confidence": "0.6725248694419861"
        },
        {
            "gameTime": "2 - 0:36",
            "label": "Ball out of play",
            "position": "36000",
            "half": "2",
            "confidence": "0.6596748232841492"
        },
        {
            "gameTime": "2 - 6:23",
            "label": "Ball out of play",
            "position": "383500",
            "half": "2",
            "confidence": "0.6475143432617188"
        },
        {
            "gameTime": "2 - 32:41",
            "label": "Ball out of play",
            "position": "1961000",
            "half": "2",
            "confidence": "0.6416740417480469"
        },
        {
            "gameTime": "2 - 39:56",
            "label": "Ball out of play",
            "position": "2396500",
            "half": "2",
            "confidence": "0.6398254632949829"
        },
        {
            "gameTime": "2 - 33:39",
            "label": "Ball out of play",
            "position": "2019000",
            "half": "2",
            "confidence": "0.6366472244262695"
        },
        {
            "gameTime": "2 - 15:5",
            "label": "Ball out of play",
            "position": "905000",
            "half": "2",
            "confidence": "0.6341654658317566"
        },
        {
            "gameTime": "2 - 36:38",
            "label": "Ball out of play",
            "position": "2198000",
            "half": "2",
            "confidence": "0.6213435530662537"
        },
        {
            "gameTime": "2 - 30:22",
            "label": "Ball out of play",
            "position": "1822500",
            "half": "2",
            "confidence": "0.6205412149429321"
        },
        {
            "gameTime": "2 - 9:30",
            "label": "Ball out of play",
            "position": "570000",
            "half": "2",
            "confidence": "0.6086693406105042"
        },
        {
            "gameTime": "2 - 20:53",
            "label": "Ball out of play",
            "position": "1253000",
            "half": "2",
            "confidence": "0.6083153486251831"
        },
        {
            "gameTime": "2 - 2:54",
            "label": "Ball out of play",
            "position": "174500",
            "half": "2",
            "confidence": "0.6070811748504639"
        },
        {
            "gameTime": "2 - 7:34",
            "label": "Ball out of play",
            "position": "454000",
            "half": "2",
            "confidence": "0.5860720276832581"
        },
        {
            "gameTime": "2 - 46:54",
            "label": "Ball out of play",
            "position": "2814000",
            "half": "2",
            "confidence": "0.5680917501449585"
        },
        {
            "gameTime": "2 - 9:43",
            "label": "Ball out of play",
            "position": "583000",
            "half": "2",
            "confidence": "0.5670257210731506"
        },
        {
            "gameTime": "2 - 3:32",
            "label": "Ball out of play",
            "position": "212500",
            "half": "2",
            "confidence": "0.5464221835136414"
        },
        {
            "gameTime": "2 - 5:10",
            "label": "Ball out of play",
            "position": "310000",
            "half": "2",
            "confidence": "0.5396319627761841"
        },
        {
            "gameTime": "2 - 26:36",
            "label": "Ball out of play",
            "position": "1596500",
            "half": "2",
            "confidence": "0.5330880284309387"
        },
        {
            "gameTime": "2 - 33:49",
            "label": "Ball out of play",
            "position": "2029000",
            "half": "2",
            "confidence": "0.5198290348052979"
        },
        {
            "gameTime": "2 - 8:37",
            "label": "Ball out of play",
            "position": "517500",
            "half": "2",
            "confidence": "0.5134559273719788"
        },
        {
            "gameTime": "2 - 7:7",
            "label": "Ball out of play",
            "position": "427000",
            "half": "2",
            "confidence": "0.513110876083374"
        },
        {
            "gameTime": "2 - 3:11",
            "label": "Ball out of play",
            "position": "191500",
            "half": "2",
            "confidence": "0.5109519958496094"
        },
        {
            "gameTime": "2 - 18:57",
            "label": "Ball out of play",
            "position": "1137500",
            "half": "2",
            "confidence": "0.5037062168121338"
        },
        {
            "gameTime": "2 - 34:43",
            "label": "Ball out of play",
            "position": "2083000",
            "half": "2",
            "confidence": "0.5024932622909546"
        },
        {
            "gameTime": "2 - 15:37",
            "label": "Ball out of play",
            "position": "937000",
            "half": "2",
            "confidence": "0.5024521946907043"
        },
        {
            "gameTime": "2 - 8:57",
            "label": "Ball out of play",
            "position": "537000",
            "half": "2",
            "confidence": "0.5013036131858826"
        },
        {
            "gameTime": "2 - 24:51",
            "label": "Throw-in",
            "position": "1491500",
            "half": "2",
            "confidence": "0.9869595170021057"
        },
        {
            "gameTime": "2 - 12:27",
            "label": "Throw-in",
            "position": "747500",
            "half": "2",
            "confidence": "0.9714125990867615"
        },
        {
            "gameTime": "2 - 12:17",
            "label": "Throw-in",
            "position": "737000",
            "half": "2",
            "confidence": "0.9548491835594177"
        },
        {
            "gameTime": "2 - 19:42",
            "label": "Throw-in",
            "position": "1182000",
            "half": "2",
            "confidence": "0.9358723163604736"
        },
        {
            "gameTime": "2 - 14:12",
            "label": "Throw-in",
            "position": "852500",
            "half": "2",
            "confidence": "0.9258594512939453"
        },
        {
            "gameTime": "2 - 47:33",
            "label": "Throw-in",
            "position": "2853000",
            "half": "2",
            "confidence": "0.9254685640335083"
        },
        {
            "gameTime": "2 - 20:52",
            "label": "Throw-in",
            "position": "1252500",
            "half": "2",
            "confidence": "0.9196798801422119"
        },
        {
            "gameTime": "2 - 46:7",
            "label": "Throw-in",
            "position": "2767500",
            "half": "2",
            "confidence": "0.9168643355369568"
        },
        {
            "gameTime": "2 - 12:41",
            "label": "Throw-in",
            "position": "761000",
            "half": "2",
            "confidence": "0.8787795305252075"
        },
        {
            "gameTime": "2 - 25:1",
            "label": "Throw-in",
            "position": "1501500",
            "half": "2",
            "confidence": "0.8756232261657715"
        },
        {
            "gameTime": "2 - 33:48",
            "label": "Throw-in",
            "position": "2028500",
            "half": "2",
            "confidence": "0.8482555747032166"
        },
        {
            "gameTime": "2 - 39:57",
            "label": "Throw-in",
            "position": "2397500",
            "half": "2",
            "confidence": "0.8414852023124695"
        },
        {
            "gameTime": "2 - 46:17",
            "label": "Throw-in",
            "position": "2777500",
            "half": "2",
            "confidence": "0.8239554166793823"
        },
        {
            "gameTime": "2 - 30:17",
            "label": "Throw-in",
            "position": "1817500",
            "half": "2",
            "confidence": "0.8136062026023865"
        },
        {
            "gameTime": "2 - 19:31",
            "label": "Throw-in",
            "position": "1171500",
            "half": "2",
            "confidence": "0.811713457107544"
        },
        {
            "gameTime": "2 - 0:36",
            "label": "Throw-in",
            "position": "36000",
            "half": "2",
            "confidence": "0.806686520576477"
        },
        {
            "gameTime": "2 - 12:51",
            "label": "Throw-in",
            "position": "771000",
            "half": "2",
            "confidence": "0.8033101558685303"
        },
        {
            "gameTime": "2 - 6:52",
            "label": "Throw-in",
            "position": "412500",
            "half": "2",
            "confidence": "0.7895217537879944"
        },
        {
            "gameTime": "2 - 14:22",
            "label": "Throw-in",
            "position": "862500",
            "half": "2",
            "confidence": "0.7877005934715271"
        },
        {
            "gameTime": "2 - 21:5",
            "label": "Throw-in",
            "position": "1265000",
            "half": "2",
            "confidence": "0.7729786038398743"
        },
        {
            "gameTime": "2 - 47:44",
            "label": "Throw-in",
            "position": "2864000",
            "half": "2",
            "confidence": "0.7361759543418884"
        },
        {
            "gameTime": "2 - 13:11",
            "label": "Throw-in",
            "position": "791000",
            "half": "2",
            "confidence": "0.6918272972106934"
        },
        {
            "gameTime": "2 - 30:27",
            "label": "Throw-in",
            "position": "1827500",
            "half": "2",
            "confidence": "0.6783649921417236"
        },
        {
            "gameTime": "2 - 44:26",
            "label": "Throw-in",
            "position": "2666500",
            "half": "2",
            "confidence": "0.6728516221046448"
        },
        {
            "gameTime": "2 - 11:16",
            "label": "Throw-in",
            "position": "676000",
            "half": "2",
            "confidence": "0.6408202052116394"
        },
        {
            "gameTime": "2 - 33:58",
            "label": "Throw-in",
            "position": "2038500",
            "half": "2",
            "confidence": "0.6275748014450073"
        },
        {
            "gameTime": "2 - 39:2",
            "label": "Throw-in",
            "position": "2342500",
            "half": "2",
            "confidence": "0.593945324420929"
        },
        {
            "gameTime": "2 - 7:6",
            "label": "Throw-in",
            "position": "426000",
            "half": "2",
            "confidence": "0.590511679649353"
        },
        {
            "gameTime": "2 - 0:25",
            "label": "Throw-in",
            "position": "25500",
            "half": "2",
            "confidence": "0.5590263605117798"
        },
        {
            "gameTime": "2 - 44:37",
            "label": "Throw-in",
            "position": "2677000",
            "half": "2",
            "confidence": "0.5390464067459106"
        },
        {
            "gameTime": "2 - 19:17",
            "label": "Throw-in",
            "position": "1157000",
            "half": "2",
            "confidence": "0.5286110639572144"
        },
        {
            "gameTime": "2 - 5:55",
            "label": "Throw-in",
            "position": "355000",
            "half": "2",
            "confidence": "0.5194506049156189"
        },
        {
            "gameTime": "2 - 46:46",
            "label": "Throw-in",
            "position": "2806500",
            "half": "2",
            "confidence": "0.5191475749015808"
        },
        {
            "gameTime": "2 - 3:25",
            "label": "Throw-in",
            "position": "205000",
            "half": "2",
            "confidence": "0.5049691796302795"
        },
        {
            "gameTime": "2 - 39:47",
            "label": "Throw-in",
            "position": "2387000",
            "half": "2",
            "confidence": "0.5005468726158142"
        },
        {
            "gameTime": "2 - 25:49",
            "label": "Foul",
            "position": "1549500",
            "half": "2",
            "confidence": "0.9547238945960999"
        },
        {
            "gameTime": "2 - 45:24",
            "label": "Foul",
            "position": "2724500",
            "half": "2",
            "confidence": "0.8467056155204773"
        },
        {
            "gameTime": "2 - 16:58",
            "label": "Foul",
            "position": "1018500",
            "half": "2",
            "confidence": "0.7918989658355713"
        },
        {
            "gameTime": "2 - 28:4",
            "label": "Foul",
            "position": "1684000",
            "half": "2",
            "confidence": "0.7667268514633179"
        },
        {
            "gameTime": "2 - 7:1",
            "label": "Foul",
            "position": "421000",
            "half": "2",
            "confidence": "0.7462489604949951"
        },
        {
            "gameTime": "2 - 6:49",
            "label": "Foul",
            "position": "409000",
            "half": "2",
            "confidence": "0.7100949287414551"
        },
        {
            "gameTime": "2 - 8:5",
            "label": "Foul",
            "position": "485500",
            "half": "2",
            "confidence": "0.6557336449623108"
        },
        {
            "gameTime": "2 - 36:56",
            "label": "Foul",
            "position": "2216500",
            "half": "2",
            "confidence": "0.6397544145584106"
        },
        {
            "gameTime": "2 - 12:47",
            "label": "Foul",
            "position": "767500",
            "half": "2",
            "confidence": "0.6085278391838074"
        },
        {
            "gameTime": "2 - 7:54",
            "label": "Foul",
            "position": "474500",
            "half": "2",
            "confidence": "0.6072585582733154"
        },
        {
            "gameTime": "2 - 33:37",
            "label": "Foul",
            "position": "2017000",
            "half": "2",
            "confidence": "0.5732765793800354"
        },
        {
            "gameTime": "2 - 3:29",
            "label": "Foul",
            "position": "209000",
            "half": "2",
            "confidence": "0.5699790120124817"
        },
        {
            "gameTime": "2 - 19:51",
            "label": "Foul",
            "position": "1191500",
            "half": "2",
            "confidence": "0.5640034079551697"
        },
        {
            "gameTime": "2 - 47:47",
            "label": "Foul",
            "position": "2867500",
            "half": "2",
            "confidence": "0.5461728572845459"
        },
        {
            "gameTime": "2 - 20:11",
            "label": "Foul",
            "position": "1211000",
            "half": "2",
            "confidence": "0.5142818093299866"
        },
        {
            "gameTime": "2 - 19:17",
            "label": "Foul",
            "position": "1157000",
            "half": "2",
            "confidence": "0.507330596446991"
        },
        {
            "gameTime": "2 - 39:37",
            "label": "Indirect free-kick",
            "position": "2377000",
            "half": "2",
            "confidence": "0.9129980802536011"
        },
        {
            "gameTime": "2 - 39:25",
            "label": "Indirect free-kick",
            "position": "2365000",
            "half": "2",
            "confidence": "0.8597420454025269"
        },
        {
            "gameTime": "2 - 3:43",
            "label": "Indirect free-kick",
            "position": "223000",
            "half": "2",
            "confidence": "0.7529394626617432"
        },
        {
            "gameTime": "2 - 45:54",
            "label": "Indirect free-kick",
            "position": "2754000",
            "half": "2",
            "confidence": "0.7497832775115967"
        },
        {
            "gameTime": "2 - 28:25",
            "label": "Indirect free-kick",
            "position": "1705000",
            "half": "2",
            "confidence": "0.7485345602035522"
        },
        {
            "gameTime": "2 - 8:5",
            "label": "Indirect free-kick",
            "position": "485500",
            "half": "2",
            "confidence": "0.7452290058135986"
        },
        {
            "gameTime": "2 - 45:43",
            "label": "Indirect free-kick",
            "position": "2743500",
            "half": "2",
            "confidence": "0.7443755269050598"
        },
        {
            "gameTime": "2 - 8:15",
            "label": "Indirect free-kick",
            "position": "495500",
            "half": "2",
            "confidence": "0.6647489666938782"
        },
        {
            "gameTime": "2 - 45:25",
            "label": "Indirect free-kick",
            "position": "2725500",
            "half": "2",
            "confidence": "0.6496432423591614"
        },
        {
            "gameTime": "2 - 28:37",
            "label": "Indirect free-kick",
            "position": "1717000",
            "half": "2",
            "confidence": "0.6297338604927063"
        },
        {
            "gameTime": "2 - 10:33",
            "label": "Indirect free-kick",
            "position": "633000",
            "half": "2",
            "confidence": "0.6282198429107666"
        },
        {
            "gameTime": "2 - 19:0",
            "label": "Indirect free-kick",
            "position": "1140000",
            "half": "2",
            "confidence": "0.619110107421875"
        },
        {
            "gameTime": "2 - 10:45",
            "label": "Indirect free-kick",
            "position": "645000",
            "half": "2",
            "confidence": "0.6006011366844177"
        },
        {
            "gameTime": "2 - 11:25",
            "label": "Indirect free-kick",
            "position": "685500",
            "half": "2",
            "confidence": "0.5920339822769165"
        },
        {
            "gameTime": "2 - 4:19",
            "label": "Indirect free-kick",
            "position": "259000",
            "half": "2",
            "confidence": "0.5820407271385193"
        },
        {
            "gameTime": "2 - 36:3",
            "label": "Indirect free-kick",
            "position": "2163500",
            "half": "2",
            "confidence": "0.5431814789772034"
        },
        {
            "gameTime": "2 - 41:34",
            "label": "Direct free-kick",
            "position": "2494500",
            "half": "2",
            "confidence": "0.9122255444526672"
        },
        {
            "gameTime": "2 - 37:19",
            "label": "Direct free-kick",
            "position": "2239500",
            "half": "2",
            "confidence": "0.9038931131362915"
        },
        {
            "gameTime": "2 - 41:45",
            "label": "Direct free-kick",
            "position": "2505500",
            "half": "2",
            "confidence": "0.6022132039070129"
        },
        {
            "gameTime": "2 - 36:39",
            "label": "Corner",
            "position": "2199000",
            "half": "2",
            "confidence": "0.9996254444122314"
        },
        {
            "gameTime": "2 - 36:49",
            "label": "Corner",
            "position": "2209000",
            "half": "2",
            "confidence": "0.9955335855484009"
        },
        {
            "gameTime": "2 - 9:32",
            "label": "Corner",
            "position": "572500",
            "half": "2",
            "confidence": "0.9945335388183594"
        },
        {
            "gameTime": "2 - 3:4",
            "label": "Corner",
            "position": "184000",
            "half": "2",
            "confidence": "0.9798807501792908"
        },
        {
            "gameTime": "2 - 34:32",
            "label": "Corner",
            "position": "2072000",
            "half": "2",
            "confidence": "0.9782640933990479"
        },
        {
            "gameTime": "2 - 41:57",
            "label": "Corner",
            "position": "2517500",
            "half": "2",
            "confidence": "0.9576212763786316"
        },
        {
            "gameTime": "2 - 42:9",
            "label": "Corner",
            "position": "2529000",
            "half": "2",
            "confidence": "0.9202519059181213"
        },
        {
            "gameTime": "2 - 15:23",
            "label": "Corner",
            "position": "923000",
            "half": "2",
            "confidence": "0.8907467722892761"
        },
        {
            "gameTime": "2 - 34:44",
            "label": "Corner",
            "position": "2084000",
            "half": "2",
            "confidence": "0.8869150876998901"
        },
        {
            "gameTime": "2 - 2:50",
            "label": "Corner",
            "position": "170500",
            "half": "2",
            "confidence": "0.8386507034301758"
        },
        {
            "gameTime": "2 - 22:19",
            "label": "Corner",
            "position": "1339500",
            "half": "2",
            "confidence": "0.7323625087738037"
        },
        {
            "gameTime": "2 - 9:14",
            "label": "Corner",
            "position": "554000",
            "half": "2",
            "confidence": "0.7303686141967773"
        },
        {
            "gameTime": "2 - 8:55",
            "label": "Corner",
            "position": "535500",
            "half": "2",
            "confidence": "0.7011062502861023"
        },
        {
            "gameTime": "2 - 9:42",
            "label": "Corner",
            "position": "582500",
            "half": "2",
            "confidence": "0.6350240707397461"
        },
        {
            "gameTime": "2 - 3:14",
            "label": "Corner",
            "position": "194000",
            "half": "2",
            "confidence": "0.5793557167053223"
        },
        {
            "gameTime": "2 - 28:12",
            "label": "Yellow card",
            "position": "1692000",
            "half": "2",
            "confidence": "0.9819462895393372"
        },
        {
            "gameTime": "2 - 28:1",
            "label": "Yellow card",
            "position": "1681000",
            "half": "2",
            "confidence": "0.8894665837287903"
        },
        {
            "gameTime": "2 - 25:57",
            "label": "Yellow card",
            "position": "1557500",
            "half": "2",
            "confidence": "0.6062301397323608"
        }
    ]
}