{
    "UrlLocal": "france_ligue-1/2016-2017/2017-04-02 - 18-00 Nice 2 - 1 Bordeaux",
    "UrlYoutube": "",
    "annotations": [
        {
            "change_type": "",
            "gameTime": "1 - 01:02",
            "label": "",
            "position": "62071",
            "replay": "real-time"
        },
        {
            "change_type": "",
            "gameTime": "1 - 01:09",
            "label": "",
            "link": "",
            "position": "69351",
            "replay": "replay"
        },
        {
            "change_type": "",
            "gameTime": "1 - 04:10",
            "label": "",
            "position": "250807",
            "replay": "real-time"
        },
        {
            "change_type": "",
            "gameTime": "1 - 04:18",
            "label": "",
            "link": "",
            "position": "258602",
            "replay": "replay"
        },
        {
            "change_type": "",
            "gameTime": "1 - 05:10",
            "label": "",
            "position": "310687",
            "replay": "real-time"
        },
        {
            "change_type": "",
            "gameTime": "1 - 05:15",
            "label": "",
            "link": "",
            "position": "315729",
            "replay": "replay"
        },
        {
            "change_type": "",
            "gameTime": "1 - 05:20",
            "label": "",
            "link": "",
            "position": "320433",
            "replay": "replay"
        },
        {
            "change_type": "",
            "gameTime": "1 - 06:49",
            "label": "",
            "position": "409822",
            "replay": "real-time"
        },
        {
            "change_type": "",
            "gameTime": "1 - 06:54",
            "label": "",
            "link": "",
            "position": "414473",
            "replay": "replay"
        },
        {
            "change_type": "",
            "gameTime": "1 - 06:58",
            "label": "",
            "link": "",
            "position": "418290",
            "replay": "replay"
        },
        {
            "change_type": "",
            "gameTime": "1 - 07:01",
            "label": "",
            "link": "",
            "position": "421536",
            "replay": "replay"
        },
        {
            "change_type": "",
            "gameTime": "1 - 07:07",
            "label": "",
            "link": "",
            "position": "427146",
            "replay": "replay"
        },
        {
            "change_type": "",
            "gameTime": "1 - 08:54",
            "label": "",
            "position": "534985",
            "replay": "real-time"
        },
        {
            "change_type": "",
            "gameTime": "1 - 09:09",
            "label": "",
            "link": "",
            "position": "549060",
            "replay": "replay"
        },
        {
            "change_type": "",
            "gameTime": "1 - 09:17",
            "label": "",
            "link": "",
            "position": "557318",
            "replay": "replay"
        },
        {
            "change_type": "",
            "gameTime": "1 - 09:28",
            "label": "",
            "link": "",
            "position": "568891",
            "replay": "replay"
        },
        {
            "change_type": "",
            "gameTime": "1 - 10:23",
            "label": "",
            "position": "623833",
            "replay": "real-time"
        },
        {
            "change_type": "",
            "gameTime": "1 - 10:37",
            "label": "",
            "link": "",
            "position": "637254",
            "replay": "replay"
        },
        {
            "change_type": "",
            "gameTime": "1 - 10:46",
            "label": "",
            "position": "646600",
            "replay": "other"
        },
        {
            "change_type": "",
            "gameTime": "1 - 10:48",
            "label": "",
            "position": "648312",
            "replay": "other"
        },
        {
            "change_type": "",
            "gameTime": "1 - 12:24",
            "label": "",
            "position": "744075",
            "replay": "real-time"
        },
        {
            "change_type": "",
            "gameTime": "1 - 12:36",
            "label": "",
            "position": "756196",
            "replay": "other"
        },
        {
            "change_type": "",
            "gameTime": "1 - 14:36",
            "label": "",
            "position": "876285",
            "replay": "real-time"
        },
        {
            "change_type": "",
            "gameTime": "1 - 14:44",
            "label": "",
            "link": "",
            "position": "884772",
            "replay": "replay"
        },
        {
            "change_type": "",
            "gameTime": "1 - 14:50",
            "label": "",
            "link": "",
            "position": "890328",
            "replay": "replay"
        },
        {
            "change_type": "",
            "gameTime": "1 - 14:58",
            "label": "",
            "link": "",
            "position": "898151",
            "replay": "replay"
        },
        {
            "change_type": "",
            "gameTime": "1 - 15:02",
            "label": "",
            "position": "902842",
            "replay": "other"
        },
        {
            "change_type": "",
            "gameTime": "1 - 15:53",
            "label": "",
            "position": "953756",
            "replay": "real-time"
        },
        {
            "change_type": "",
            "gameTime": "1 - 16:03",
            "label": "",
            "link": "",
            "position": "963224",
            "replay": "replay"
        },
        {
            "change_type": "",
            "gameTime": "1 - 16:07",
            "label": "",
            "link": "",
            "position": "967227",
            "replay": "replay"
        },
        {
            "change_type": "",
            "gameTime": "1 - 16:11",
            "label": "",
            "position": "971397",
            "replay": "other"
        },
        {
            "change_type": "",
            "gameTime": "1 - 19:19",
            "label": "",
            "position": "1159646",
            "replay": "real-time"
        },
        {
            "change_type": "",
            "gameTime": "1 - 19:29",
            "label": "",
            "link": "",
            "position": "1169825",
            "replay": "replay"
        },
        {
            "change_type": "",
            "gameTime": "1 - 19:35",
            "label": "",
            "link": "",
            "position": "1175064",
            "replay": "replay"
        },
        {
            "change_type": "",
            "gameTime": "1 - 19:40",
            "label": "",
            "link": "",
            "position": "1180665",
            "replay": "replay"
        },
        {
            "change_type": "",
            "gameTime": "1 - 19:46",
            "label": "",
            "position": "1186052",
            "replay": "other"
        },
        {
            "change_type": "",
            "gameTime": "1 - 20:39",
            "label": "",
            "position": "1239207",
            "replay": "real-time"
        },
        {
            "change_type": "",
            "gameTime": "1 - 20:48",
            "label": "",
            "link": "",
            "position": "1248371",
            "replay": "replay"
        },
        {
            "change_type": "",
            "gameTime": "1 - 22:26",
            "label": "",
            "position": "1346348",
            "replay": "real-time"
        },
        {
            "change_type": "",
            "gameTime": "1 - 22:30",
            "label": "",
            "link": "",
            "position": "1350274",
            "replay": "replay"
        },
        {
            "change_type": "",
            "gameTime": "1 - 23:09",
            "label": "",
            "position": "1389953",
            "replay": "real-time"
        },
        {
            "change_type": "",
            "gameTime": "1 - 23:16",
            "label": "",
            "link": "",
            "position": "1396703",
            "replay": "replay"
        },
        {
            "change_type": "",
            "gameTime": "1 - 26:28",
            "label": "",
            "position": "1588691",
            "replay": "real-time"
        },
        {
            "change_type": "",
            "gameTime": "1 - 26:36",
            "label": "",
            "link": "",
            "position": "1596055",
            "replay": "replay"
        },
        {
            "change_type": "",
            "gameTime": "1 - 26:42",
            "label": "",
            "link": "",
            "position": "1602330",
            "replay": "replay"
        },
        {
            "change_type": "",
            "gameTime": "1 - 26:54",
            "label": "",
            "link": "",
            "position": "1614954",
            "replay": "replay"
        },
        {
            "change_type": "",
            "gameTime": "1 - 27:01",
            "label": "",
            "position": "1621132",
            "replay": "other"
        },
        {
            "change_type": "",
            "gameTime": "1 - 27:05",
            "label": "",
            "position": "1625327",
            "replay": "other"
        },
        {
            "change_type": "",
            "gameTime": "1 - 27:09",
            "label": "",
            "position": "1629526",
            "replay": "other"
        },
        {
            "change_type": "",
            "gameTime": "1 - 28:32",
            "label": "",
            "position": "1712382",
            "replay": "real-time"
        },
        {
            "change_type": "",
            "gameTime": "1 - 28:38",
            "label": "",
            "link": "",
            "position": "1718955",
            "replay": "replay"
        },
        {
            "change_type": "",
            "gameTime": "1 - 28:50",
            "label": "",
            "link": "",
            "position": "1730567",
            "replay": "replay"
        },
        {
            "change_type": "",
            "gameTime": "1 - 29:00",
            "label": "",
            "position": "1740936",
            "replay": "real-time"
        },
        {
            "change_type": "",
            "gameTime": "1 - 29:12",
            "label": "",
            "link": "",
            "position": "1752398",
            "replay": "replay"
        },
        {
            "change_type": "",
            "gameTime": "1 - 32:04",
            "label": "",
            "position": "1924124",
            "replay": "real-time"
        },
        {
            "change_type": "",
            "gameTime": "1 - 32:10",
            "label": "",
            "link": "",
            "position": "1930843",
            "replay": "replay"
        },
        {
            "change_type": "",
            "gameTime": "1 - 33:21",
            "label": "",
            "position": "2001437",
            "replay": "real-time"
        },
        {
            "change_type": "",
            "gameTime": "1 - 33:27",
            "label": "",
            "link": "",
            "position": "2007058",
            "replay": "replay"
        },
        {
            "change_type": "",
            "gameTime": "1 - 33:32",
            "label": "",
            "link": "",
            "position": "2012159",
            "replay": "replay"
        },
        {
            "change_type": "",
            "gameTime": "1 - 33:55",
            "label": "",
            "position": "2035363",
            "replay": "real-time"
        },
        {
            "change_type": "",
            "gameTime": "1 - 34:01",
            "label": "",
            "link": "",
            "position": "2041742",
            "replay": "replay"
        },
        {
            "change_type": "",
            "gameTime": "1 - 34:06",
            "label": "",
            "position": "2046956",
            "replay": "other"
        },
        {
            "change_type": "",
            "gameTime": "1 - 34:45",
            "label": "",
            "position": "2085378",
            "replay": "real-time"
        },
        {
            "change_type": "",
            "gameTime": "1 - 34:50",
            "label": "",
            "link": "",
            "position": "2090541",
            "replay": "replay"
        },
        {
            "change_type": "",
            "gameTime": "1 - 34:58",
            "label": "",
            "position": "2098440",
            "replay": "other"
        },
        {
            "change_type": "",
            "gameTime": "1 - 35:50",
            "label": "",
            "position": "2150245",
            "replay": "real-time"
        },
        {
            "change_type": "",
            "gameTime": "1 - 35:57",
            "label": "",
            "link": "",
            "position": "2157005",
            "replay": "replay"
        },
        {
            "change_type": "",
            "gameTime": "1 - 36:01",
            "label": "",
            "link": "",
            "position": "2161136",
            "replay": "replay"
        },
        {
            "change_type": "",
            "gameTime": "1 - 36:08",
            "label": "",
            "link": "",
            "position": "2168618",
            "replay": "replay"
        },
        {
            "change_type": "",
            "gameTime": "1 - 37:33",
            "label": "",
            "position": "2253223",
            "replay": "real-time"
        },
        {
            "change_type": "",
            "gameTime": "1 - 37:37",
            "label": "",
            "link": "",
            "position": "2257802",
            "replay": "replay"
        },
        {
            "change_type": "",
            "gameTime": "1 - 37:44",
            "label": "",
            "position": "2264686",
            "replay": "other"
        },
        {
            "change_type": "",
            "gameTime": "1 - 37:52",
            "label": "",
            "position": "2272059",
            "replay": "other"
        },
        {
            "change_type": "",
            "gameTime": "1 - 39:30",
            "label": "",
            "position": "2370311",
            "replay": "real-time"
        },
        {
            "change_type": "",
            "gameTime": "1 - 39:35",
            "label": "",
            "link": "",
            "position": "2375898",
            "replay": "replay"
        },
        {
            "change_type": "",
            "gameTime": "1 - 39:49",
            "label": "",
            "link": "",
            "position": "2389718",
            "replay": "replay"
        },
        {
            "change_type": "",
            "gameTime": "1 - 39:54",
            "label": "",
            "link": "",
            "position": "2394042",
            "replay": "replay"
        },
        {
            "change_type": "",
            "gameTime": "2 - 03:22",
            "label": "",
            "position": "202963",
            "replay": "real-time"
        },
        {
            "change_type": "",
            "gameTime": "2 - 03:30",
            "label": "",
            "link": "",
            "position": "210066",
            "replay": "replay"
        },
        {
            "change_type": "",
            "gameTime": "2 - 03:34",
            "label": "",
            "link": "",
            "position": "214099",
            "replay": "replay"
        },
        {
            "change_type": "",
            "gameTime": "2 - 05:42",
            "label": "",
            "position": "342264",
            "replay": "real-time"
        },
        {
            "change_type": "",
            "gameTime": "2 - 05:49",
            "label": "",
            "link": "",
            "position": "349286",
            "replay": "replay"
        },
        {
            "change_type": "",
            "gameTime": "2 - 05:56",
            "label": "",
            "link": "",
            "position": "356196",
            "replay": "replay"
        },
        {
            "change_type": "",
            "gameTime": "2 - 08:37",
            "label": "",
            "position": "517722",
            "replay": "real-time"
        },
        {
            "change_type": "",
            "gameTime": "2 - 08:45",
            "label": "",
            "link": "",
            "position": "525184",
            "replay": "replay"
        },
        {
            "change_type": "",
            "gameTime": "2 - 10:04",
            "label": "",
            "position": "604543",
            "replay": "real-time"
        },
        {
            "change_type": "",
            "gameTime": "2 - 10:08",
            "label": "",
            "link": "",
            "position": "608210",
            "replay": "replay"
        },
        {
            "change_type": "",
            "gameTime": "2 - 10:12",
            "label": "",
            "link": "",
            "position": "612514",
            "replay": "replay"
        },
        {
            "change_type": "",
            "gameTime": "2 - 10:33",
            "label": "",
            "position": "633876",
            "replay": "real-time"
        },
        {
            "change_type": "",
            "gameTime": "2 - 10:39",
            "label": "",
            "link": "",
            "position": "639970",
            "replay": "replay"
        },
        {
            "change_type": "",
            "gameTime": "2 - 10:51",
            "label": "",
            "link": "",
            "position": "651119",
            "replay": "replay"
        },
        {
            "change_type": "",
            "gameTime": "2 - 10:56",
            "label": "",
            "position": "656091",
            "replay": "other"
        },
        {
            "change_type": "",
            "gameTime": "2 - 11:00",
            "label": "",
            "position": "660115",
            "replay": "other"
        },
        {
            "change_type": "",
            "gameTime": "2 - 14:56",
            "label": "",
            "position": "896315",
            "replay": "real-time"
        },
        {
            "change_type": "",
            "gameTime": "2 - 15:04",
            "label": "",
            "link": "",
            "position": "904498",
            "replay": "replay"
        },
        {
            "change_type": "",
            "gameTime": "2 - 17:10",
            "label": "",
            "position": "1030418",
            "replay": "real-time"
        },
        {
            "change_type": "",
            "gameTime": "2 - 17:16",
            "label": "",
            "link": "",
            "position": "1036434",
            "replay": "replay"
        },
        {
            "change_type": "",
            "gameTime": "2 - 17:22",
            "label": "",
            "link": "",
            "position": "1042269",
            "replay": "replay"
        },
        {
            "change_type": "",
            "gameTime": "2 - 18:54",
            "label": "",
            "position": "1134975",
            "replay": "real-time"
        },
        {
            "change_type": "",
            "gameTime": "2 - 19:05",
            "label": "",
            "link": "",
            "position": "1145475",
            "replay": "replay"
        },
        {
            "change_type": "",
            "gameTime": "2 - 19:14",
            "label": "",
            "link": "",
            "position": "1154260",
            "replay": "replay"
        },
        {
            "change_type": "",
            "gameTime": "2 - 19:21",
            "label": "",
            "link": "",
            "position": "1161832",
            "replay": "replay"
        },
        {
            "change_type": "",
            "gameTime": "2 - 20:55",
            "label": "",
            "position": "1255504",
            "replay": "real-time"
        },
        {
            "change_type": "",
            "gameTime": "2 - 21:00",
            "label": "",
            "link": "",
            "position": "1260825",
            "replay": "replay"
        },
        {
            "change_type": "",
            "gameTime": "2 - 21:04",
            "label": "",
            "link": "",
            "position": "1264432",
            "replay": "replay"
        },
        {
            "change_type": "",
            "gameTime": "2 - 21:12",
            "label": "",
            "link": "",
            "position": "1272884",
            "replay": "replay"
        },
        {
            "change_type": "",
            "gameTime": "2 - 21:17",
            "label": "",
            "position": "1277839",
            "replay": "other"
        },
        {
            "change_type": "",
            "gameTime": "2 - 21:22",
            "label": "",
            "position": "1282014",
            "replay": "other"
        },
        {
            "change_type": "",
            "gameTime": "2 - 22:52",
            "label": "",
            "position": "1372988",
            "replay": "real-time"
        },
        {
            "change_type": "",
            "gameTime": "2 - 23:01",
            "label": "",
            "link": "",
            "position": "1381823",
            "replay": "replay"
        },
        {
            "change_type": "",
            "gameTime": "2 - 25:20",
            "label": "",
            "position": "1520341",
            "replay": "real-time"
        },
        {
            "change_type": "",
            "gameTime": "2 - 25:32",
            "label": "",
            "position": "1532193",
            "replay": "other"
        },
        {
            "change_type": "",
            "gameTime": "2 - 29:24",
            "label": "",
            "position": "1764688",
            "replay": "real-time"
        },
        {
            "change_type": "",
            "gameTime": "2 - 29:33",
            "label": "",
            "link": "",
            "position": "1773640",
            "replay": "replay"
        },
        {
            "change_type": "",
            "gameTime": "2 - 29:38",
            "label": "",
            "link": "",
            "position": "1778194",
            "replay": "replay"
        },
        {
            "change_type": "",
            "gameTime": "2 - 30:16",
            "label": "",
            "position": "1816742",
            "replay": "real-time"
        },
        {
            "change_type": "",
            "gameTime": "2 - 30:25",
            "label": "",
            "link": "",
            "position": "1825356",
            "replay": "replay"
        },
        {
            "change_type": "",
            "gameTime": "2 - 30:45",
            "label": "",
            "position": "1845007",
            "replay": "real-time"
        },
        {
            "change_type": "",
            "gameTime": "2 - 30:53",
            "label": "",
            "link": "",
            "position": "1853011",
            "replay": "replay"
        },
        {
            "change_type": "",
            "gameTime": "2 - 34:35",
            "label": "",
            "position": "2075364",
            "replay": "real-time"
        },
        {
            "change_type": "",
            "gameTime": "2 - 34:42",
            "label": "",
            "link": "",
            "position": "2082462",
            "replay": "replay"
        },
        {
            "change_type": "",
            "gameTime": "2 - 34:45",
            "label": "",
            "link": "",
            "position": "2085859",
            "replay": "replay"
        },
        {
            "change_type": "",
            "gameTime": "2 - 34:50",
            "label": "",
            "link": "",
            "position": "2090615",
            "replay": "replay"
        },
        {
            "change_type": "",
            "gameTime": "2 - 34:55",
            "label": "",
            "position": "2095644",
            "replay": "other"
        },
        {
            "change_type": "",
            "gameTime": "2 - 36:40",
            "label": "",
            "position": "2200106",
            "replay": "real-time"
        },
        {
            "change_type": "",
            "gameTime": "2 - 36:51",
            "label": "",
            "link": "",
            "position": "2211427",
            "replay": "replay"
        },
        {
            "change_type": "",
            "gameTime": "2 - 36:58",
            "label": "",
            "link": "",
            "position": "2218995",
            "replay": "replay"
        },
        {
            "change_type": "",
            "gameTime": "2 - 37:04",
            "label": "",
            "link": "",
            "position": "2224617",
            "replay": "replay"
        },
        {
            "change_type": "",
            "gameTime": "2 - 38:39",
            "label": "",
            "position": "2319648",
            "replay": "real-time"
        },
        {
            "change_type": "",
            "gameTime": "2 - 38:47",
            "label": "",
            "link": "",
            "position": "2327332",
            "replay": "replay"
        },
        {
            "change_type": "",
            "gameTime": "2 - 41:05",
            "label": "",
            "position": "2465766",
            "replay": "real-time"
        },
        {
            "change_type": "",
            "gameTime": "2 - 41:11",
            "label": "",
            "position": "2471679",
            "replay": "other"
        },
        {
            "change_type": "",
            "gameTime": "2 - 41:56",
            "label": "",
            "position": "2516047",
            "replay": "real-time"
        },
        {
            "change_type": "",
            "gameTime": "2 - 42:08",
            "label": "",
            "link": "",
            "position": "2528816",
            "replay": "replay"
        },
        {
            "change_type": "",
            "gameTime": "2 - 42:51",
            "label": "",
            "position": "2571590",
            "replay": "real-time"
        },
        {
            "change_type": "",
            "gameTime": "2 - 43:02",
            "label": "",
            "position": "2582330",
            "replay": "other"
        },
        {
            "change_type": "",
            "gameTime": "2 - 45:32",
            "label": "",
            "position": "2732441",
            "replay": "real-time"
        },
        {
            "change_type": "",
            "gameTime": "2 - 45:41",
            "label": "",
            "position": "2741043",
            "replay": "other"
        },
        {
            "change_type": "",
            "gameTime": "2 - 45:46",
            "label": "",
            "position": "2746417",
            "replay": "other"
        }
    ],
    "gameAwayTeam": "Bordeaux",
    "gameDate": "2017-04-02 - 18-00",
    "gameHomeTeam": "Nice",
    "gameScore": "2 - 1"
}