{
    "UrlLocal": "france_ligue-1/2016-2017/2017-05-07 - 18-00 Marseille 2 - 1 Nice",
    "UrlYoutube": "",
    "annotations": [
        {
            "change_type": "",
            "gameTime": "1 - 00:37",
            "label": "",
            "position": "37305",
            "replay": "real-time"
        },
        {
            "change_type": "",
            "gameTime": "1 - 00:43",
            "label": "",
            "position": "43373",
            "replay": "other"
        },
        {
            "change_type": "",
            "gameTime": "1 - 00:47",
            "label": "",
            "position": "47046",
            "replay": "other"
        },
        {
            "change_type": "",
            "gameTime": "1 - 02:52",
            "label": "",
            "position": "172879",
            "replay": "real-time"
        },
        {
            "change_type": "",
            "gameTime": "1 - 02:57",
            "label": "",
            "position": "177887",
            "replay": "other"
        },
        {
            "change_type": "",
            "gameTime": "1 - 03:04",
            "label": "",
            "link": "",
            "position": "184583",
            "replay": "replay"
        },
        {
            "change_type": "",
            "gameTime": "1 - 03:09",
            "label": "",
            "link": "",
            "position": "189027",
            "replay": "replay"
        },
        {
            "change_type": "",
            "gameTime": "1 - 06:17",
            "label": "",
            "position": "377224",
            "replay": "real-time"
        },
        {
            "change_type": "",
            "gameTime": "1 - 06:22",
            "label": "",
            "position": "382006",
            "replay": "other"
        },
        {
            "change_type": "",
            "gameTime": "1 - 06:58",
            "label": "",
            "position": "418161",
            "replay": "real-time"
        },
        {
            "change_type": "",
            "gameTime": "1 - 07:05",
            "label": "",
            "link": "",
            "position": "425158",
            "replay": "replay"
        },
        {
            "change_type": "",
            "gameTime": "1 - 07:09",
            "label": "",
            "link": "",
            "position": "429692",
            "replay": "replay"
        },
        {
            "change_type": "",
            "gameTime": "1 - 09:52",
            "label": "",
            "position": "592226",
            "replay": "real-time"
        },
        {
            "change_type": "",
            "gameTime": "1 - 09:57",
            "label": "",
            "link": "",
            "position": "597810",
            "replay": "replay"
        },
        {
            "change_type": "",
            "gameTime": "1 - 10:03",
            "label": "",
            "link": "",
            "position": "603602",
            "replay": "replay"
        },
        {
            "change_type": "",
            "gameTime": "1 - 10:09",
            "label": "",
            "link": "",
            "position": "609712",
            "replay": "replay"
        },
        {
            "change_type": "",
            "gameTime": "1 - 10:12",
            "label": "",
            "position": "612847",
            "replay": "other"
        },
        {
            "change_type": "",
            "gameTime": "1 - 11:24",
            "label": "",
            "position": "684404",
            "replay": "real-time"
        },
        {
            "change_type": "",
            "gameTime": "1 - 11:29",
            "label": "",
            "link": "",
            "position": "689312",
            "replay": "replay"
        },
        {
            "change_type": "",
            "gameTime": "1 - 12:06",
            "label": "",
            "position": "726362",
            "replay": "real-time"
        },
        {
            "change_type": "",
            "gameTime": "1 - 12:10",
            "label": "",
            "position": "730125",
            "replay": "other"
        },
        {
            "change_type": "",
            "gameTime": "1 - 12:43",
            "label": "",
            "position": "763121",
            "replay": "real-time"
        },
        {
            "change_type": "",
            "gameTime": "1 - 12:49",
            "label": "",
            "position": "769906",
            "replay": "other"
        },
        {
            "change_type": "",
            "gameTime": "1 - 16:34",
            "label": "",
            "position": "994886",
            "replay": "real-time"
        },
        {
            "change_type": "",
            "gameTime": "1 - 16:41",
            "label": "",
            "link": "",
            "position": "1001675",
            "replay": "replay"
        },
        {
            "change_type": "",
            "gameTime": "1 - 17:01",
            "label": "",
            "position": "1021837",
            "replay": "real-time"
        },
        {
            "change_type": "",
            "gameTime": "1 - 17:09",
            "label": "",
            "link": "",
            "position": "1029021",
            "replay": "replay"
        },
        {
            "change_type": "",
            "gameTime": "1 - 17:33",
            "label": "",
            "position": "1053690",
            "replay": "real-time"
        },
        {
            "change_type": "",
            "gameTime": "1 - 17:39",
            "label": "",
            "position": "1059538",
            "replay": "other"
        },
        {
            "change_type": "",
            "gameTime": "1 - 17:45",
            "label": "",
            "link": "",
            "position": "1065110",
            "replay": "replay"
        },
        {
            "change_type": "",
            "gameTime": "1 - 17:49",
            "label": "",
            "link": "",
            "position": "1069063",
            "replay": "replay"
        },
        {
            "change_type": "",
            "gameTime": "1 - 17:52",
            "label": "",
            "link": "",
            "position": "1072792",
            "replay": "replay"
        },
        {
            "change_type": "",
            "gameTime": "1 - 17:56",
            "label": "",
            "link": "",
            "position": "1076244",
            "replay": "replay"
        },
        {
            "change_type": "",
            "gameTime": "1 - 18:38",
            "label": "",
            "position": "1118123",
            "replay": "real-time"
        },
        {
            "change_type": "",
            "gameTime": "1 - 18:43",
            "label": "",
            "link": "",
            "position": "1123188",
            "replay": "replay"
        },
        {
            "change_type": "",
            "gameTime": "1 - 19:29",
            "label": "",
            "position": "1169808",
            "replay": "real-time"
        },
        {
            "change_type": "",
            "gameTime": "1 - 19:34",
            "label": "",
            "position": "1174931",
            "replay": "other"
        },
        {
            "change_type": "",
            "gameTime": "1 - 19:45",
            "label": "",
            "position": "1185391",
            "replay": "real-time"
        },
        {
            "change_type": "",
            "gameTime": "1 - 19:49",
            "label": "",
            "position": "1189537",
            "replay": "other"
        },
        {
            "change_type": "",
            "gameTime": "1 - 19:52",
            "label": "",
            "position": "1192787",
            "replay": "other"
        },
        {
            "change_type": "",
            "gameTime": "1 - 19:56",
            "label": "",
            "position": "1196590",
            "replay": "other"
        },
        {
            "change_type": "",
            "gameTime": "1 - 20:59",
            "label": "",
            "position": "1259262",
            "replay": "real-time"
        },
        {
            "change_type": "",
            "gameTime": "1 - 21:05",
            "label": "",
            "link": "",
            "position": "1265158",
            "replay": "replay"
        },
        {
            "change_type": "",
            "gameTime": "1 - 21:09",
            "label": "",
            "link": "",
            "position": "1269589",
            "replay": "replay"
        },
        {
            "change_type": "",
            "gameTime": "1 - 21:12",
            "label": "",
            "link": "",
            "position": "1272126",
            "replay": "replay"
        },
        {
            "change_type": "",
            "gameTime": "1 - 21:15",
            "label": "",
            "link": "",
            "position": "1275733",
            "replay": "replay"
        },
        {
            "change_type": "",
            "gameTime": "1 - 21:23",
            "label": "",
            "link": "",
            "position": "1283207",
            "replay": "replay"
        },
        {
            "change_type": "",
            "gameTime": "1 - 21:31",
            "label": "",
            "link": "",
            "position": "1291501",
            "replay": "replay"
        },
        {
            "change_type": "",
            "gameTime": "1 - 22:36",
            "label": "",
            "position": "1356196",
            "replay": "real-time"
        },
        {
            "change_type": "",
            "gameTime": "1 - 22:40",
            "label": "",
            "link": "",
            "position": "1360579",
            "replay": "replay"
        },
        {
            "change_type": "",
            "gameTime": "1 - 23:20",
            "label": "",
            "position": "1400034",
            "replay": "real-time"
        },
        {
            "change_type": "",
            "gameTime": "1 - 23:28",
            "label": "",
            "link": "",
            "position": "1408874",
            "replay": "replay"
        },
        {
            "change_type": "",
            "gameTime": "1 - 23:33",
            "label": "",
            "position": "1413018",
            "replay": "other"
        },
        {
            "change_type": "",
            "gameTime": "1 - 24:11",
            "label": "",
            "position": "1451453",
            "replay": "real-time"
        },
        {
            "change_type": "",
            "gameTime": "1 - 24:16",
            "label": "",
            "link": "",
            "position": "1456656",
            "replay": "replay"
        },
        {
            "change_type": "",
            "gameTime": "1 - 24:22",
            "label": "",
            "link": "",
            "position": "1462418",
            "replay": "replay"
        },
        {
            "change_type": "",
            "gameTime": "1 - 28:28",
            "label": "",
            "position": "1708197",
            "replay": "real-time"
        },
        {
            "change_type": "",
            "gameTime": "1 - 28:32",
            "label": "",
            "position": "1712999",
            "replay": "other"
        },
        {
            "change_type": "",
            "gameTime": "1 - 30:02",
            "label": "",
            "position": "1802038",
            "replay": "real-time"
        },
        {
            "change_type": "",
            "gameTime": "1 - 30:09",
            "label": "",
            "link": "",
            "position": "1809166",
            "replay": "replay"
        },
        {
            "change_type": "",
            "gameTime": "1 - 30:15",
            "label": "",
            "link": "",
            "position": "1815314",
            "replay": "replay"
        },
        {
            "change_type": "",
            "gameTime": "1 - 32:24",
            "label": "",
            "position": "1944084",
            "replay": "real-time"
        },
        {
            "change_type": "",
            "gameTime": "1 - 32:29",
            "label": "",
            "position": "1949154",
            "replay": "other"
        },
        {
            "change_type": "",
            "gameTime": "1 - 32:34",
            "label": "",
            "link": "",
            "position": "1954465",
            "replay": "replay"
        },
        {
            "change_type": "",
            "gameTime": "1 - 32:38",
            "label": "",
            "link": "",
            "position": "1958383",
            "replay": "replay"
        },
        {
            "change_type": "",
            "gameTime": "1 - 33:08",
            "label": "",
            "position": "1988625",
            "replay": "real-time"
        },
        {
            "change_type": "",
            "gameTime": "1 - 33:15",
            "label": "",
            "link": "",
            "position": "1995159",
            "replay": "replay"
        },
        {
            "change_type": "",
            "gameTime": "1 - 33:34",
            "label": "",
            "position": "2014351",
            "replay": "real-time"
        },
        {
            "change_type": "",
            "gameTime": "1 - 33:40",
            "label": "",
            "link": "",
            "position": "2020245",
            "replay": "replay"
        },
        {
            "change_type": "",
            "gameTime": "1 - 36:03",
            "label": "",
            "position": "2163860",
            "replay": "real-time"
        },
        {
            "change_type": "",
            "gameTime": "1 - 36:13",
            "label": "",
            "link": "",
            "position": "2173026",
            "replay": "replay"
        },
        {
            "change_type": "",
            "gameTime": "1 - 36:17",
            "label": "",
            "link": "",
            "position": "2177159",
            "replay": "replay"
        },
        {
            "change_type": "",
            "gameTime": "1 - 36:22",
            "label": "",
            "link": "",
            "position": "2182285",
            "replay": "replay"
        },
        {
            "change_type": "",
            "gameTime": "1 - 36:25",
            "label": "",
            "position": "2185824",
            "replay": "other"
        },
        {
            "change_type": "",
            "gameTime": "1 - 39:22",
            "label": "",
            "position": "2362897",
            "replay": "real-time"
        },
        {
            "change_type": "",
            "gameTime": "1 - 39:27",
            "label": "",
            "link": "",
            "position": "2367168",
            "replay": "replay"
        },
        {
            "change_type": "",
            "gameTime": "1 - 40:57",
            "label": "",
            "position": "2457384",
            "replay": "real-time"
        },
        {
            "change_type": "",
            "gameTime": "1 - 41:04",
            "label": "",
            "link": "",
            "position": "2464599",
            "replay": "replay"
        },
        {
            "change_type": "",
            "gameTime": "1 - 41:08",
            "label": "",
            "link": "",
            "position": "2468388",
            "replay": "replay"
        },
        {
            "change_type": "",
            "gameTime": "1 - 41:11",
            "label": "",
            "link": "",
            "position": "2471696",
            "replay": "replay"
        },
        {
            "change_type": "",
            "gameTime": "1 - 41:14",
            "label": "",
            "link": "",
            "position": "2474788",
            "replay": "replay"
        },
        {
            "change_type": "",
            "gameTime": "1 - 44:08",
            "label": "",
            "position": "2648552",
            "replay": "real-time"
        },
        {
            "change_type": "",
            "gameTime": "1 - 44:14",
            "label": "",
            "link": "",
            "position": "2654453",
            "replay": "replay"
        },
        {
            "change_type": "",
            "gameTime": "1 - 45:57",
            "label": "",
            "position": "2757575",
            "replay": "real-time"
        },
        {
            "change_type": "",
            "gameTime": "1 - 46:04",
            "label": "",
            "link": "",
            "position": "2764838",
            "replay": "replay"
        },
        {
            "change_type": "",
            "gameTime": "1 - 47:03",
            "label": "",
            "position": "2823520",
            "replay": "real-time"
        },
        {
            "change_type": "",
            "gameTime": "2 - 01:44",
            "label": "",
            "position": "104756",
            "replay": "real-time"
        },
        {
            "change_type": "",
            "gameTime": "2 - 01:53",
            "label": "",
            "link": "",
            "position": "113418",
            "replay": "replay"
        },
        {
            "change_type": "",
            "gameTime": "2 - 02:29",
            "label": "",
            "position": "149669",
            "replay": "real-time"
        },
        {
            "change_type": "",
            "gameTime": "2 - 02:34",
            "label": "",
            "position": "154117",
            "replay": "other"
        },
        {
            "change_type": "",
            "gameTime": "2 - 02:40",
            "label": "",
            "position": "160160",
            "replay": "other"
        },
        {
            "change_type": "",
            "gameTime": "2 - 04:28",
            "label": "",
            "position": "268874",
            "replay": "real-time"
        },
        {
            "change_type": "",
            "gameTime": "2 - 04:36",
            "label": "",
            "link": "",
            "position": "276827",
            "replay": "replay"
        },
        {
            "change_type": "",
            "gameTime": "2 - 04:40",
            "label": "",
            "link": "",
            "position": "280889",
            "replay": "replay"
        },
        {
            "change_type": "",
            "gameTime": "2 - 04:48",
            "label": "",
            "link": "",
            "position": "288569",
            "replay": "replay"
        },
        {
            "change_type": "",
            "gameTime": "2 - 04:51",
            "label": "",
            "position": "291424",
            "replay": "other"
        },
        {
            "change_type": "",
            "gameTime": "2 - 05:33",
            "label": "",
            "position": "333559",
            "replay": "real-time"
        },
        {
            "change_type": "",
            "gameTime": "2 - 05:41",
            "label": "",
            "link": "",
            "position": "341571",
            "replay": "replay"
        },
        {
            "change_type": "",
            "gameTime": "2 - 05:46",
            "label": "",
            "link": "",
            "position": "346220",
            "replay": "replay"
        },
        {
            "change_type": "",
            "gameTime": "2 - 06:42",
            "label": "",
            "position": "402560",
            "replay": "real-time"
        },
        {
            "change_type": "",
            "gameTime": "2 - 06:50",
            "label": "",
            "link": "",
            "position": "410009",
            "replay": "replay"
        },
        {
            "change_type": "",
            "gameTime": "2 - 07:00",
            "label": "",
            "position": "420469",
            "replay": "other"
        },
        {
            "change_type": "",
            "gameTime": "2 - 07:11",
            "label": "",
            "link": "",
            "position": "431848",
            "replay": "replay"
        },
        {
            "change_type": "",
            "gameTime": "2 - 07:15",
            "label": "",
            "link": "",
            "position": "435562",
            "replay": "replay"
        },
        {
            "change_type": "",
            "gameTime": "2 - 08:40",
            "label": "",
            "position": "520567",
            "replay": "real-time"
        },
        {
            "change_type": "",
            "gameTime": "2 - 08:44",
            "label": "",
            "position": "524964",
            "replay": "other"
        },
        {
            "change_type": "",
            "gameTime": "2 - 12:28",
            "label": "",
            "position": "748305",
            "replay": "real-time"
        },
        {
            "change_type": "",
            "gameTime": "2 - 12:34",
            "label": "",
            "link": "",
            "position": "754215",
            "replay": "replay"
        },
        {
            "change_type": "",
            "gameTime": "2 - 13:20",
            "label": "",
            "position": "800480",
            "replay": "real-time"
        },
        {
            "change_type": "",
            "gameTime": "2 - 13:27",
            "label": "",
            "link": "",
            "position": "807416",
            "replay": "replay"
        },
        {
            "change_type": "",
            "gameTime": "2 - 16:58",
            "label": "",
            "position": "1018010",
            "replay": "real-time"
        },
        {
            "change_type": "",
            "gameTime": "2 - 17:11",
            "label": "",
            "link": "",
            "position": "1031049",
            "replay": "replay"
        },
        {
            "change_type": "",
            "gameTime": "2 - 18:15",
            "label": "",
            "position": "1095720",
            "replay": "real-time"
        },
        {
            "change_type": "",
            "gameTime": "2 - 18:19",
            "label": "",
            "link": "",
            "position": "1099052",
            "replay": "replay"
        },
        {
            "change_type": "",
            "gameTime": "2 - 18:26",
            "label": "",
            "link": "",
            "position": "1106416",
            "replay": "replay"
        },
        {
            "change_type": "",
            "gameTime": "2 - 18:30",
            "label": "",
            "position": "1110757",
            "replay": "other"
        },
        {
            "change_type": "",
            "gameTime": "2 - 20:42",
            "label": "",
            "position": "1242236",
            "replay": "real-time"
        },
        {
            "change_type": "",
            "gameTime": "2 - 20:48",
            "label": "",
            "position": "1248610",
            "replay": "other"
        },
        {
            "change_type": "",
            "gameTime": "2 - 20:58",
            "label": "",
            "link": "",
            "position": "1258039",
            "replay": "replay"
        },
        {
            "change_type": "",
            "gameTime": "2 - 21:02",
            "label": "",
            "link": "",
            "position": "1262912",
            "replay": "replay"
        },
        {
            "change_type": "",
            "gameTime": "2 - 21:07",
            "label": "",
            "link": "",
            "position": "1267979",
            "replay": "replay"
        },
        {
            "change_type": "",
            "gameTime": "2 - 21:17",
            "label": "",
            "position": "1277918",
            "replay": "other"
        },
        {
            "change_type": "",
            "gameTime": "2 - 22:31",
            "label": "",
            "position": "1351110",
            "replay": "real-time"
        },
        {
            "change_type": "",
            "gameTime": "2 - 22:34",
            "label": "",
            "link": "",
            "position": "1354660",
            "replay": "replay"
        },
        {
            "change_type": "",
            "gameTime": "2 - 22:39",
            "label": "",
            "link": "",
            "position": "1359469",
            "replay": "replay"
        },
        {
            "change_type": "",
            "gameTime": "2 - 22:44",
            "label": "",
            "link": "",
            "position": "1364792",
            "replay": "replay"
        },
        {
            "change_type": "",
            "gameTime": "2 - 24:11",
            "label": "",
            "position": "1451929",
            "replay": "real-time"
        },
        {
            "change_type": "",
            "gameTime": "2 - 24:17",
            "label": "",
            "link": "",
            "position": "1457951",
            "replay": "replay"
        },
        {
            "change_type": "",
            "gameTime": "2 - 24:25",
            "label": "",
            "link": "",
            "position": "1465908",
            "replay": "replay"
        },
        {
            "change_type": "",
            "gameTime": "2 - 25:23",
            "label": "",
            "position": "1523952",
            "replay": "real-time"
        },
        {
            "change_type": "",
            "gameTime": "2 - 25:31",
            "label": "",
            "link": "",
            "position": "1531581",
            "replay": "replay"
        },
        {
            "change_type": "",
            "gameTime": "2 - 28:36",
            "label": "",
            "position": "1716732",
            "replay": "real-time"
        },
        {
            "change_type": "",
            "gameTime": "2 - 28:42",
            "label": "",
            "link": "",
            "position": "1722906",
            "replay": "replay"
        },
        {
            "change_type": "",
            "gameTime": "2 - 28:50",
            "label": "",
            "link": "",
            "position": "1730754",
            "replay": "replay"
        },
        {
            "change_type": "",
            "gameTime": "2 - 29:48",
            "label": "",
            "position": "1788461",
            "replay": "real-time"
        },
        {
            "change_type": "",
            "gameTime": "2 - 29:54",
            "label": "",
            "link": "",
            "position": "1794301",
            "replay": "replay"
        },
        {
            "change_type": "",
            "gameTime": "2 - 29:59",
            "label": "",
            "link": "",
            "position": "1799008",
            "replay": "replay"
        },
        {
            "change_type": "",
            "gameTime": "2 - 30:34",
            "label": "",
            "position": "1834643",
            "replay": "real-time"
        },
        {
            "change_type": "",
            "gameTime": "2 - 30:38",
            "label": "",
            "link": "",
            "position": "1838474",
            "replay": "replay"
        },
        {
            "change_type": "",
            "gameTime": "2 - 30:43",
            "label": "",
            "position": "1843686",
            "replay": "other"
        },
        {
            "change_type": "",
            "gameTime": "2 - 30:47",
            "label": "",
            "position": "1847377",
            "replay": "other"
        },
        {
            "change_type": "",
            "gameTime": "2 - 31:43",
            "label": "",
            "position": "1903157",
            "replay": "real-time"
        },
        {
            "change_type": "",
            "gameTime": "2 - 31:46",
            "label": "",
            "link": "",
            "position": "1906885",
            "replay": "replay"
        },
        {
            "change_type": "",
            "gameTime": "2 - 31:52",
            "label": "",
            "link": "",
            "position": "1912267",
            "replay": "replay"
        },
        {
            "change_type": "",
            "gameTime": "2 - 31:56",
            "label": "",
            "position": "1916984",
            "replay": "other"
        },
        {
            "change_type": "",
            "gameTime": "2 - 32:34",
            "label": "",
            "position": "1954635",
            "replay": "real-time"
        },
        {
            "change_type": "",
            "gameTime": "2 - 32:47",
            "label": "",
            "link": "",
            "position": "1967740",
            "replay": "replay"
        },
        {
            "change_type": "",
            "gameTime": "2 - 33:06",
            "label": "",
            "position": "1986169",
            "replay": "real-time"
        },
        {
            "change_type": "",
            "gameTime": "2 - 33:14",
            "label": "",
            "link": "",
            "position": "1994399",
            "replay": "replay"
        },
        {
            "change_type": "",
            "gameTime": "2 - 33:21",
            "label": "",
            "link": "",
            "position": "2001968",
            "replay": "replay"
        },
        {
            "change_type": "",
            "gameTime": "2 - 33:30",
            "label": "",
            "link": "",
            "position": "2010571",
            "replay": "replay"
        },
        {
            "change_type": "",
            "gameTime": "2 - 33:34",
            "label": "",
            "link": "",
            "position": "2014463",
            "replay": "replay"
        },
        {
            "change_type": "",
            "gameTime": "2 - 33:38",
            "label": "",
            "position": "2018704",
            "replay": "other"
        },
        {
            "change_type": "",
            "gameTime": "2 - 33:44",
            "label": "",
            "position": "2024244",
            "replay": "other"
        },
        {
            "change_type": "",
            "gameTime": "2 - 34:56",
            "label": "",
            "position": "2096052",
            "replay": "real-time"
        },
        {
            "change_type": "",
            "gameTime": "2 - 35:00",
            "label": "",
            "position": "2100662",
            "replay": "other"
        },
        {
            "change_type": "",
            "gameTime": "2 - 35:08",
            "label": "",
            "position": "2108822",
            "replay": "other"
        },
        {
            "change_type": "",
            "gameTime": "2 - 35:13",
            "label": "",
            "position": "2113409",
            "replay": "other"
        },
        {
            "change_type": "",
            "gameTime": "2 - 36:48",
            "label": "",
            "position": "2208007",
            "replay": "real-time"
        },
        {
            "change_type": "",
            "gameTime": "2 - 36:53",
            "label": "",
            "link": "",
            "position": "2213856",
            "replay": "replay"
        },
        {
            "change_type": "",
            "gameTime": "2 - 36:56",
            "label": "",
            "link": "",
            "position": "2216898",
            "replay": "replay"
        },
        {
            "change_type": "",
            "gameTime": "2 - 36:59",
            "label": "",
            "position": "2219467",
            "replay": "other"
        },
        {
            "change_type": "",
            "gameTime": "2 - 38:18",
            "label": "",
            "position": "2298195",
            "replay": "real-time"
        },
        {
            "change_type": "",
            "gameTime": "2 - 38:22",
            "label": "",
            "link": "",
            "position": "2302487",
            "replay": "replay"
        },
        {
            "change_type": "",
            "gameTime": "2 - 38:28",
            "label": "",
            "position": "2308169",
            "replay": "other"
        },
        {
            "change_type": "",
            "gameTime": "2 - 39:07",
            "label": "",
            "position": "2347377",
            "replay": "real-time"
        },
        {
            "change_type": "",
            "gameTime": "2 - 39:10",
            "label": "",
            "link": "",
            "position": "2350734",
            "replay": "replay"
        },
        {
            "change_type": "",
            "gameTime": "2 - 39:15",
            "label": "",
            "link": "",
            "position": "2355949",
            "replay": "replay"
        },
        {
            "change_type": "",
            "gameTime": "2 - 39:43",
            "label": "",
            "position": "2383345",
            "replay": "real-time"
        },
        {
            "change_type": "",
            "gameTime": "2 - 39:51",
            "label": "",
            "position": "2391406",
            "replay": "other"
        },
        {
            "change_type": "",
            "gameTime": "2 - 40:32",
            "label": "",
            "position": "2432003",
            "replay": "real-time"
        },
        {
            "change_type": "",
            "gameTime": "2 - 40:38",
            "label": "",
            "position": "2438804",
            "replay": "other"
        },
        {
            "change_type": "",
            "gameTime": "2 - 44:11",
            "label": "",
            "position": "2651221",
            "replay": "real-time"
        },
        {
            "change_type": "",
            "gameTime": "2 - 44:16",
            "label": "",
            "position": "2656418",
            "replay": "other"
        }
    ],
    "gameAwayTeam": "Nice",
    "gameDate": "2017-05-07 - 18-00",
    "gameHomeTeam": "Marseille",
    "gameScore": "2 - 1"
}