{
    "UrlLocal": "spain_laliga/2019-2020/2019-12-14 - 18-00 Real Sociedad 2 - 2 Barcelona",
    "UrlYoutube": "",
    "annotations": [
        {
            "change_type": "",
            "gameTime": "1 - 01:27",
            "label": "",
            "position": "87473",
            "replay": "real-time"
        },
        {
            "change_type": "",
            "gameTime": "1 - 01:36",
            "label": "",
            "link": "",
            "position": "96125",
            "replay": "replay"
        },
        {
            "change_type": "",
            "gameTime": "1 - 03:02",
            "label": "",
            "position": "182185",
            "replay": "real-time"
        },
        {
            "change_type": "",
            "gameTime": "1 - 03:11",
            "label": "",
            "link": "",
            "position": "191991",
            "replay": "replay"
        },
        {
            "change_type": "",
            "gameTime": "1 - 04:58",
            "label": "",
            "position": "298787",
            "replay": "real-time"
        },
        {
            "change_type": "",
            "gameTime": "1 - 05:07",
            "label": "",
            "link": "",
            "position": "307565",
            "replay": "replay"
        },
        {
            "change_type": "",
            "gameTime": "1 - 05:12",
            "label": "",
            "link": "",
            "position": "312297",
            "replay": "replay"
        },
        {
            "change_type": "",
            "gameTime": "1 - 09:18",
            "label": "",
            "position": "558658",
            "replay": "real-time"
        },
        {
            "change_type": "",
            "gameTime": "1 - 09:25",
            "label": "",
            "link": "",
            "position": "565658",
            "replay": "replay"
        },
        {
            "change_type": "",
            "gameTime": "1 - 10:07",
            "label": "",
            "position": "607366",
            "replay": "real-time"
        },
        {
            "change_type": "",
            "gameTime": "1 - 10:11",
            "label": "",
            "link": "",
            "position": "611850",
            "replay": "replay"
        },
        {
            "change_type": "",
            "gameTime": "1 - 10:18",
            "label": "",
            "link": "",
            "position": "618066",
            "replay": "replay"
        },
        {
            "change_type": "",
            "gameTime": "1 - 10:26",
            "label": "",
            "link": "",
            "position": "626352",
            "replay": "replay"
        },
        {
            "change_type": "",
            "gameTime": "1 - 10:32",
            "label": "",
            "link": "",
            "position": "632928",
            "replay": "replay"
        },
        {
            "change_type": "",
            "gameTime": "1 - 10:38",
            "label": "",
            "link": "",
            "position": "638237",
            "replay": "replay"
        },
        {
            "change_type": "",
            "gameTime": "1 - 11:47",
            "label": "",
            "position": "707294",
            "replay": "real-time"
        },
        {
            "change_type": "",
            "gameTime": "1 - 11:53",
            "label": "",
            "link": "",
            "position": "713628",
            "replay": "replay"
        },
        {
            "change_type": "",
            "gameTime": "1 - 11:57",
            "label": "",
            "link": "",
            "position": "717900",
            "replay": "replay"
        },
        {
            "change_type": "",
            "gameTime": "1 - 12:04",
            "label": "",
            "link": "",
            "position": "724267",
            "replay": "replay"
        },
        {
            "change_type": "",
            "gameTime": "1 - 12:10",
            "label": "",
            "link": "",
            "position": "730825",
            "replay": "replay"
        },
        {
            "change_type": "",
            "gameTime": "1 - 12:18",
            "label": "",
            "position": "738804",
            "replay": "other"
        },
        {
            "change_type": "",
            "gameTime": "1 - 14:46",
            "label": "",
            "position": "886783",
            "replay": "real-time"
        },
        {
            "change_type": "",
            "gameTime": "1 - 15:00",
            "label": "",
            "link": "",
            "position": "900305",
            "replay": "replay"
        },
        {
            "change_type": "",
            "gameTime": "1 - 15:18",
            "label": "",
            "position": "918357",
            "replay": "real-time"
        },
        {
            "change_type": "",
            "gameTime": "1 - 15:23",
            "label": "",
            "link": "",
            "position": "923593",
            "replay": "replay"
        },
        {
            "change_type": "",
            "gameTime": "1 - 15:30",
            "label": "",
            "link": "",
            "position": "930636",
            "replay": "replay"
        },
        {
            "change_type": "",
            "gameTime": "1 - 17:10",
            "label": "",
            "position": "1030844",
            "replay": "real-time"
        },
        {
            "change_type": "",
            "gameTime": "1 - 17:16",
            "label": "",
            "link": "",
            "position": "1036663",
            "replay": "replay"
        },
        {
            "change_type": "",
            "gameTime": "1 - 17:59",
            "label": "",
            "position": "1079431",
            "replay": "real-time"
        },
        {
            "change_type": "",
            "gameTime": "1 - 18:05",
            "label": "",
            "link": "",
            "position": "1085791",
            "replay": "replay"
        },
        {
            "change_type": "",
            "gameTime": "1 - 18:11",
            "label": "",
            "link": "",
            "position": "1091031",
            "replay": "replay"
        },
        {
            "change_type": "",
            "gameTime": "1 - 18:16",
            "label": "",
            "position": "1096459",
            "replay": "other"
        },
        {
            "change_type": "",
            "gameTime": "1 - 19:50",
            "label": "",
            "position": "1190199",
            "replay": "real-time"
        },
        {
            "change_type": "",
            "gameTime": "1 - 19:53",
            "label": "",
            "link": "",
            "position": "1193821",
            "replay": "replay"
        },
        {
            "change_type": "",
            "gameTime": "1 - 19:58",
            "label": "",
            "position": "1198578",
            "replay": "other"
        },
        {
            "change_type": "",
            "gameTime": "1 - 20:03",
            "label": "",
            "position": "1203314",
            "replay": "other"
        },
        {
            "change_type": "",
            "gameTime": "1 - 23:59",
            "label": "",
            "position": "1439357",
            "replay": "real-time"
        },
        {
            "change_type": "",
            "gameTime": "1 - 24:17",
            "label": "",
            "link": "",
            "position": "1457023",
            "replay": "replay"
        },
        {
            "change_type": "",
            "gameTime": "1 - 24:22",
            "label": "",
            "link": "",
            "position": "1462073",
            "replay": "replay"
        },
        {
            "change_type": "",
            "gameTime": "1 - 29:19",
            "label": "",
            "position": "1759219",
            "replay": "real-time"
        },
        {
            "change_type": "",
            "gameTime": "1 - 29:27",
            "label": "",
            "position": "1767122",
            "replay": "other"
        },
        {
            "change_type": "",
            "gameTime": "1 - 29:59",
            "label": "",
            "position": "1799757",
            "replay": "real-time"
        },
        {
            "change_type": "",
            "gameTime": "1 - 30:05",
            "label": "",
            "link": "",
            "position": "1805790",
            "replay": "replay"
        },
        {
            "change_type": "",
            "gameTime": "1 - 32:28",
            "label": "",
            "position": "1948947",
            "replay": "real-time"
        },
        {
            "change_type": "",
            "gameTime": "1 - 32:37",
            "label": "",
            "link": "",
            "position": "1957952",
            "replay": "replay"
        },
        {
            "change_type": "",
            "gameTime": "1 - 32:44",
            "label": "",
            "link": "",
            "position": "1964960",
            "replay": "replay"
        },
        {
            "change_type": "",
            "gameTime": "1 - 33:09",
            "label": "",
            "position": "1989464",
            "replay": "real-time"
        },
        {
            "change_type": "",
            "gameTime": "1 - 33:16",
            "label": "",
            "link": "",
            "position": "1996534",
            "replay": "replay"
        },
        {
            "change_type": "",
            "gameTime": "1 - 35:58",
            "label": "",
            "position": "2158571",
            "replay": "real-time"
        },
        {
            "change_type": "",
            "gameTime": "1 - 36:06",
            "label": "",
            "link": "",
            "position": "2166537",
            "replay": "replay"
        },
        {
            "change_type": "",
            "gameTime": "1 - 38:06",
            "label": "",
            "position": "2286970",
            "replay": "real-time"
        },
        {
            "change_type": "",
            "gameTime": "1 - 38:18",
            "label": "",
            "link": "",
            "position": "2298274",
            "replay": "replay"
        },
        {
            "change_type": "",
            "gameTime": "1 - 38:27",
            "label": "",
            "link": "",
            "position": "2307227",
            "replay": "replay"
        },
        {
            "change_type": "",
            "gameTime": "1 - 38:34",
            "label": "",
            "link": "",
            "position": "2314402",
            "replay": "replay"
        },
        {
            "change_type": "",
            "gameTime": "1 - 38:40",
            "label": "",
            "position": "2320458",
            "replay": "other"
        },
        {
            "change_type": "",
            "gameTime": "1 - 42:01",
            "label": "",
            "position": "2521742",
            "replay": "real-time"
        },
        {
            "change_type": "",
            "gameTime": "1 - 42:13",
            "label": "",
            "link": "",
            "position": "2533277",
            "replay": "replay"
        },
        {
            "change_type": "",
            "gameTime": "1 - 42:18",
            "label": "",
            "link": "",
            "position": "2538971",
            "replay": "replay"
        },
        {
            "change_type": "",
            "gameTime": "1 - 42:22",
            "label": "",
            "position": "2542638",
            "replay": "other"
        },
        {
            "change_type": "",
            "gameTime": "2 - 01:32",
            "label": "",
            "position": "92890",
            "replay": "real-time"
        },
        {
            "change_type": "",
            "gameTime": "2 - 01:40",
            "label": "",
            "link": "",
            "position": "100539",
            "replay": "replay"
        },
        {
            "change_type": "",
            "gameTime": "2 - 01:44",
            "label": "",
            "position": "104521",
            "replay": "other"
        },
        {
            "change_type": "",
            "gameTime": "2 - 03:53",
            "label": "",
            "position": "233008",
            "replay": "real-time"
        },
        {
            "change_type": "",
            "gameTime": "2 - 04:02",
            "label": "",
            "link": "",
            "position": "242460",
            "replay": "replay"
        },
        {
            "change_type": "",
            "gameTime": "2 - 04:06",
            "label": "",
            "link": "",
            "position": "246213",
            "replay": "replay"
        },
        {
            "change_type": "",
            "gameTime": "2 - 04:14",
            "label": "",
            "link": "",
            "position": "254250",
            "replay": "replay"
        },
        {
            "change_type": "",
            "gameTime": "2 - 04:21",
            "label": "",
            "link": "",
            "position": "261535",
            "replay": "replay"
        },
        {
            "change_type": "",
            "gameTime": "2 - 04:26",
            "label": "",
            "position": "266860",
            "replay": "other"
        },
        {
            "change_type": "",
            "gameTime": "2 - 06:45",
            "label": "",
            "position": "405489",
            "replay": "real-time"
        },
        {
            "change_type": "",
            "gameTime": "2 - 06:55",
            "label": "",
            "link": "",
            "position": "415202",
            "replay": "replay"
        },
        {
            "change_type": "",
            "gameTime": "2 - 07:01",
            "label": "",
            "link": "",
            "position": "421993",
            "replay": "replay"
        },
        {
            "change_type": "",
            "gameTime": "2 - 07:08",
            "label": "",
            "link": "",
            "position": "428210",
            "replay": "replay"
        },
        {
            "change_type": "",
            "gameTime": "2 - 07:11",
            "label": "",
            "position": "431860",
            "replay": "other"
        },
        {
            "change_type": "",
            "gameTime": "2 - 11:44",
            "label": "",
            "position": "704929",
            "replay": "real-time"
        },
        {
            "change_type": "",
            "gameTime": "2 - 11:50",
            "label": "",
            "link": "",
            "position": "710888",
            "replay": "replay"
        },
        {
            "change_type": "",
            "gameTime": "2 - 12:54",
            "label": "",
            "position": "774293",
            "replay": "real-time"
        },
        {
            "change_type": "",
            "gameTime": "2 - 13:03",
            "label": "",
            "link": "",
            "position": "783444",
            "replay": "replay"
        },
        {
            "change_type": "",
            "gameTime": "2 - 14:31",
            "label": "",
            "position": "871962",
            "replay": "real-time"
        },
        {
            "change_type": "",
            "gameTime": "2 - 14:39",
            "label": "",
            "link": "",
            "position": "879369",
            "replay": "replay"
        },
        {
            "change_type": "",
            "gameTime": "2 - 17:00",
            "label": "",
            "position": "1020500",
            "replay": "real-time"
        },
        {
            "change_type": "",
            "gameTime": "2 - 17:14",
            "label": "",
            "link": "",
            "position": "1034410",
            "replay": "replay"
        },
        {
            "change_type": "",
            "gameTime": "2 - 17:23",
            "label": "",
            "link": "",
            "position": "1043101",
            "replay": "replay"
        },
        {
            "change_type": "",
            "gameTime": "2 - 17:31",
            "label": "",
            "link": "",
            "position": "1051634",
            "replay": "replay"
        },
        {
            "change_type": "",
            "gameTime": "2 - 17:41",
            "label": "",
            "position": "1061039",
            "replay": "other"
        },
        {
            "change_type": "",
            "gameTime": "2 - 18:28",
            "label": "",
            "position": "1108014",
            "replay": "real-time"
        },
        {
            "change_type": "",
            "gameTime": "2 - 18:37",
            "label": "",
            "position": "1117194",
            "replay": "other"
        },
        {
            "change_type": "",
            "gameTime": "2 - 22:28",
            "label": "",
            "position": "1348009",
            "replay": "real-time"
        },
        {
            "change_type": "",
            "gameTime": "2 - 22:34",
            "label": "",
            "position": "1354754",
            "replay": "other"
        },
        {
            "change_type": "",
            "gameTime": "2 - 23:15",
            "label": "",
            "position": "1395566",
            "replay": "real-time"
        },
        {
            "change_type": "",
            "gameTime": "2 - 23:24",
            "label": "",
            "link": "",
            "position": "1404424",
            "replay": "replay"
        },
        {
            "change_type": "",
            "gameTime": "2 - 26:03",
            "label": "",
            "position": "1563994",
            "replay": "real-time"
        },
        {
            "change_type": "",
            "gameTime": "2 - 26:10",
            "label": "",
            "link": "",
            "position": "1570019",
            "replay": "replay"
        },
        {
            "change_type": "",
            "gameTime": "2 - 26:26",
            "label": "",
            "link": "",
            "position": "1586513",
            "replay": "replay"
        },
        {
            "change_type": "",
            "gameTime": "2 - 26:32",
            "label": "",
            "link": "",
            "position": "1592328",
            "replay": "replay"
        },
        {
            "change_type": "",
            "gameTime": "2 - 26:36",
            "label": "",
            "link": "",
            "position": "1596624",
            "replay": "replay"
        },
        {
            "change_type": "",
            "gameTime": "2 - 27:31",
            "label": "",
            "position": "1651617",
            "replay": "real-time"
        },
        {
            "change_type": "",
            "gameTime": "2 - 27:42",
            "label": "",
            "link": "",
            "position": "1662479",
            "replay": "replay"
        },
        {
            "change_type": "",
            "gameTime": "2 - 28:42",
            "label": "",
            "position": "1722373",
            "replay": "real-time"
        },
        {
            "change_type": "",
            "gameTime": "2 - 28:49",
            "label": "",
            "link": "",
            "position": "1729715",
            "replay": "replay"
        },
        {
            "change_type": "",
            "gameTime": "2 - 32:44",
            "label": "",
            "position": "1964173",
            "replay": "real-time"
        },
        {
            "change_type": "",
            "gameTime": "2 - 32:49",
            "label": "",
            "link": "",
            "position": "1969839",
            "replay": "replay"
        },
        {
            "change_type": "",
            "gameTime": "2 - 33:44",
            "label": "",
            "position": "2024810",
            "replay": "real-time"
        },
        {
            "change_type": "",
            "gameTime": "2 - 33:49",
            "label": "",
            "link": "",
            "position": "2029839",
            "replay": "replay"
        },
        {
            "change_type": "",
            "gameTime": "2 - 34:15",
            "label": "",
            "position": "2055295",
            "replay": "real-time"
        },
        {
            "change_type": "",
            "gameTime": "2 - 34:23",
            "label": "",
            "link": "",
            "position": "2063493",
            "replay": "replay"
        },
        {
            "change_type": "",
            "gameTime": "2 - 36:00",
            "label": "",
            "position": "2160320",
            "replay": "real-time"
        },
        {
            "change_type": "",
            "gameTime": "2 - 36:08",
            "label": "",
            "position": "2168370",
            "replay": "other"
        },
        {
            "change_type": "",
            "gameTime": "2 - 36:14",
            "label": "",
            "position": "2174775",
            "replay": "real-time"
        },
        {
            "change_type": "",
            "gameTime": "2 - 36:23",
            "label": "",
            "link": "",
            "position": "2183251",
            "replay": "replay"
        },
        {
            "change_type": "",
            "gameTime": "2 - 36:27",
            "label": "",
            "position": "2187523",
            "replay": "other"
        },
        {
            "change_type": "",
            "gameTime": "2 - 36:41",
            "label": "",
            "link": "",
            "position": "2201350",
            "replay": "replay"
        },
        {
            "change_type": "",
            "gameTime": "2 - 36:47",
            "label": "",
            "position": "2207164",
            "replay": "other"
        },
        {
            "change_type": "",
            "gameTime": "2 - 38:56",
            "label": "",
            "position": "2336419",
            "replay": "real-time"
        },
        {
            "change_type": "",
            "gameTime": "2 - 39:03",
            "label": "",
            "position": "2343123",
            "replay": "other"
        },
        {
            "change_type": "",
            "gameTime": "2 - 46:54",
            "label": "",
            "position": "2814162",
            "replay": "real-time"
        },
        {
            "change_type": "",
            "gameTime": "2 - 46:59",
            "label": "",
            "link": "",
            "position": "2819481",
            "replay": "replay"
        },
        {
            "change_type": "",
            "gameTime": "2 - 47:05",
            "label": "",
            "link": "",
            "position": "2825411",
            "replay": "replay"
        },
        {
            "change_type": "",
            "gameTime": "2 - 47:12",
            "label": "",
            "link": "",
            "position": "2832503",
            "replay": "replay"
        },
        {
            "change_type": "",
            "gameTime": "2 - 47:20",
            "label": "",
            "link": "",
            "position": "2840205",
            "replay": "replay"
        }
    ],
    "gameAwayTeam": "Barcelona",
    "gameDate": "2019-12-14 - 18-00",
    "gameHomeTeam": "Real Sociedad",
    "gameScore": "2 - 2"
}