{
    "UrlLocal": "england_epl/2016-2017/2017-01-03 - 18-00 Bournemouth 3 - 3 Arsenal",
    "predictions": [
        {
            "gameTime": "1 - 47:36",
            "label": "card",
            "position": "2856500",
            "half": "1",
            "confidence": "0.9229110479354858"
        },
        {
            "gameTime": "1 - 31:16",
            "label": "card",
            "position": "1876000",
            "half": "1",
            "confidence": "0.8503696918487549"
        },
        {
            "gameTime": "1 - 47:26",
            "label": "card",
            "position": "2846000",
            "half": "1",
            "confidence": "0.8488286733627319"
        },
        {
            "gameTime": "1 - 31:26",
            "label": "card",
            "position": "1886500",
            "half": "1",
            "confidence": "0.8469676971435547"
        },
        {
            "gameTime": "1 - 31:4",
            "label": "card",
            "position": "1864500",
            "half": "1",
            "confidence": "0.7672449946403503"
        },
        {
            "gameTime": "1 - 27:41",
            "label": "subs",
            "position": "1661500",
            "half": "1",
            "confidence": "0.9452306032180786"
        },
        {
            "gameTime": "2 - 34:19",
            "label": "card",
            "position": "2059500",
            "half": "2",
            "confidence": "0.9647903442382812"
        },
        {
            "gameTime": "2 - 34:9",
            "label": "card",
            "position": "2049000",
            "half": "2",
            "confidence": "0.8719645142555237"
        },
        {
            "gameTime": "2 - 14:56",
            "label": "card",
            "position": "896000",
            "half": "2",
            "confidence": "0.5475666522979736"
        },
        {
            "gameTime": "2 - 38:26",
            "label": "card",
            "position": "2306500",
            "half": "2",
            "confidence": "0.5396417379379272"
        },
        {
            "gameTime": "2 - 17:42",
            "label": "subs",
            "position": "1062000",
            "half": "2",
            "confidence": "0.9700964093208313"
        },
        {
            "gameTime": "2 - 17:52",
            "label": "subs",
            "position": "1072000",
            "half": "2",
            "confidence": "0.8657411932945251"
        },
        {
            "gameTime": "2 - 44:57",
            "label": "subs",
            "position": "2697000",
            "half": "2",
            "confidence": "0.8389806151390076"
        },
        {
            "gameTime": "2 - 18:25",
            "label": "subs",
            "position": "1105000",
            "half": "2",
            "confidence": "0.8231661319732666"
        },
        {
            "gameTime": "2 - 17:14",
            "label": "subs",
            "position": "1034500",
            "half": "2",
            "confidence": "0.7955134510993958"
        },
        {
            "gameTime": "2 - 44:46",
            "label": "subs",
            "position": "2686500",
            "half": "2",
            "confidence": "0.7887566089630127"
        },
        {
            "gameTime": "2 - 17:31",
            "label": "subs",
            "position": "1051500",
            "half": "2",
            "confidence": "0.7470830082893372"
        },
        {
            "gameTime": "2 - 22:23",
            "label": "subs",
            "position": "1343500",
            "half": "2",
            "confidence": "0.7239866256713867"
        },
        {
            "gameTime": "2 - 22:13",
            "label": "subs",
            "position": "1333000",
            "half": "2",
            "confidence": "0.6304218769073486"
        },
        {
            "gameTime": "2 - 26:42",
            "label": "subs",
            "position": "1602500",
            "half": "2",
            "confidence": "0.5960419774055481"
        },
        {
            "gameTime": "2 - 18:14",
            "label": "subs",
            "position": "1094500",
            "half": "2",
            "confidence": "0.5577356219291687"
        },
        {
            "gameTime": "2 - 30:39",
            "label": "subs",
            "position": "1839000",
            "half": "2",
            "confidence": "0.5048696398735046"
        }
    ]
}