{
    "UrlLocal": "italy_serie-a/2016-2017/2016-09-18 - 18-00 Empoli 0 - 2 Internazionale",
    "predictions": [
        {
            "gameTime": "1 - 2:3",
            "label": "card",
            "position": "123500",
            "half": "1",
            "confidence": "0.9582101702690125"
        },
        {
            "gameTime": "1 - 1:53",
            "label": "card",
            "position": "113000",
            "half": "1",
            "confidence": "0.8826409578323364"
        },
        {
            "gameTime": "1 - 9:25",
            "label": "soccer",
            "position": "565500",
            "half": "1",
            "confidence": "0.9794346690177917"
        },
        {
            "gameTime": "1 - 16:55",
            "label": "soccer",
            "position": "1015500",
            "half": "1",
            "confidence": "0.8702580332756042"
        },
        {
            "gameTime": "2 - 13:28",
            "label": "card",
            "position": "808000",
            "half": "2",
            "confidence": "0.6299722194671631"
        },
        {
            "gameTime": "2 - 13:39",
            "label": "card",
            "position": "819000",
            "half": "2",
            "confidence": "0.5972495675086975"
        },
        {
            "gameTime": "2 - 17:21",
            "label": "card",
            "position": "1041000",
            "half": "2",
            "confidence": "0.5038479566574097"
        },
        {
            "gameTime": "2 - 23:36",
            "label": "subs",
            "position": "1416500",
            "half": "2",
            "confidence": "0.7875374555587769"
        },
        {
            "gameTime": "2 - 39:35",
            "label": "subs",
            "position": "2375000",
            "half": "2",
            "confidence": "0.7514945268630981"
        },
        {
            "gameTime": "2 - 28:26",
            "label": "subs",
            "position": "1706000",
            "half": "2",
            "confidence": "0.6500194668769836"
        },
        {
            "gameTime": "2 - 39:24",
            "label": "subs",
            "position": "2364500",
            "half": "2",
            "confidence": "0.6490289568901062"
        },
        {
            "gameTime": "2 - 12:7",
            "label": "subs",
            "position": "727000",
            "half": "2",
            "confidence": "0.525216281414032"
        },
        {
            "gameTime": "2 - 29:46",
            "label": "subs",
            "position": "1786000",
            "half": "2",
            "confidence": "0.5024779438972473"
        },
        {
            "gameTime": "2 - 23:50",
            "label": "soccer",
            "position": "1430000",
            "half": "2",
            "confidence": "0.525650143623352"
        }
    ]
}