{
    "UrlLocal": "england_epl/2016-2017/2017-05-06 - 17-00 Leicester 3 - 0 Watford",
    "predictions": [
        {
            "gameTime": "1 - 38:50",
            "label": "Kick-off",
            "position": "2330500",
            "half": "1",
            "confidence": "0.6401951909065247"
        },
        {
            "gameTime": "1 - 38:35",
            "label": "Kick-off",
            "position": "2315000",
            "half": "1",
            "confidence": "0.5207191705703735"
        },
        {
            "gameTime": "1 - 37:55",
            "label": "Goal",
            "position": "2275000",
            "half": "1",
            "confidence": "0.9936700463294983"
        },
        {
            "gameTime": "1 - 38:5",
            "label": "Goal",
            "position": "2285000",
            "half": "1",
            "confidence": "0.8782229423522949"
        },
        {
            "gameTime": "1 - 39:58",
            "label": "Offside",
            "position": "2398500",
            "half": "1",
            "confidence": "0.5143588185310364"
        },
        {
            "gameTime": "1 - 37:55",
            "label": "Shots on target",
            "position": "2275000",
            "half": "1",
            "confidence": "0.8686791062355042"
        },
        {
            "gameTime": "1 - 35:34",
            "label": "Shots on target",
            "position": "2134500",
            "half": "1",
            "confidence": "0.7005568742752075"
        },
        {
            "gameTime": "1 - 12:16",
            "label": "Shots on target",
            "position": "736500",
            "half": "1",
            "confidence": "0.6296796798706055"
        },
        {
            "gameTime": "1 - 38:5",
            "label": "Shots on target",
            "position": "2285500",
            "half": "1",
            "confidence": "0.5650907158851624"
        },
        {
            "gameTime": "1 - 44:24",
            "label": "Shots on target",
            "position": "2664500",
            "half": "1",
            "confidence": "0.5473968982696533"
        },
        {
            "gameTime": "1 - 3:30",
            "label": "Shots off target",
            "position": "210000",
            "half": "1",
            "confidence": "0.8304252624511719"
        },
        {
            "gameTime": "1 - 3:19",
            "label": "Shots off target",
            "position": "199500",
            "half": "1",
            "confidence": "0.7867943644523621"
        },
        {
            "gameTime": "1 - 37:24",
            "label": "Shots off target",
            "position": "2244000",
            "half": "1",
            "confidence": "0.7847938537597656"
        },
        {
            "gameTime": "1 - 23:26",
            "label": "Shots off target",
            "position": "1406500",
            "half": "1",
            "confidence": "0.6814776659011841"
        },
        {
            "gameTime": "1 - 44:33",
            "label": "Shots off target",
            "position": "2673000",
            "half": "1",
            "confidence": "0.6796666383743286"
        },
        {
            "gameTime": "1 - 7:11",
            "label": "Shots off target",
            "position": "431000",
            "half": "1",
            "confidence": "0.6755842566490173"
        },
        {
            "gameTime": "1 - 35:23",
            "label": "Shots off target",
            "position": "2123000",
            "half": "1",
            "confidence": "0.6065741777420044"
        },
        {
            "gameTime": "1 - 12:29",
            "label": "Shots off target",
            "position": "749500",
            "half": "1",
            "confidence": "0.5844563245773315"
        },
        {
            "gameTime": "1 - 37:13",
            "label": "Shots off target",
            "position": "2233500",
            "half": "1",
            "confidence": "0.5698588490486145"
        },
        {
            "gameTime": "1 - 41:4",
            "label": "Shots off target",
            "position": "2464000",
            "half": "1",
            "confidence": "0.5324156880378723"
        },
        {
            "gameTime": "1 - 14:1",
            "label": "Shots off target",
            "position": "841500",
            "half": "1",
            "confidence": "0.5117372870445251"
        },
        {
            "gameTime": "1 - 6:0",
            "label": "Shots off target",
            "position": "360500",
            "half": "1",
            "confidence": "0.5048523545265198"
        },
        {
            "gameTime": "1 - 14:22",
            "label": "Clearance",
            "position": "862500",
            "half": "1",
            "confidence": "0.8734372854232788"
        },
        {
            "gameTime": "1 - 35:53",
            "label": "Clearance",
            "position": "2153500",
            "half": "1",
            "confidence": "0.7148021459579468"
        },
        {
            "gameTime": "1 - 12:45",
            "label": "Clearance",
            "position": "765000",
            "half": "1",
            "confidence": "0.7068905234336853"
        },
        {
            "gameTime": "1 - 13:36",
            "label": "Clearance",
            "position": "816000",
            "half": "1",
            "confidence": "0.7064728140830994"
        },
        {
            "gameTime": "1 - 40:22",
            "label": "Clearance",
            "position": "2422500",
            "half": "1",
            "confidence": "0.650454580783844"
        },
        {
            "gameTime": "1 - 25:15",
            "label": "Clearance",
            "position": "1515000",
            "half": "1",
            "confidence": "0.6298207640647888"
        },
        {
            "gameTime": "1 - 44:52",
            "label": "Clearance",
            "position": "2692500",
            "half": "1",
            "confidence": "0.5698855519294739"
        },
        {
            "gameTime": "1 - 6:26",
            "label": "Clearance",
            "position": "386500",
            "half": "1",
            "confidence": "0.5594757199287415"
        },
        {
            "gameTime": "1 - 25:26",
            "label": "Clearance",
            "position": "1526000",
            "half": "1",
            "confidence": "0.5288877487182617"
        },
        {
            "gameTime": "1 - 33:52",
            "label": "Clearance",
            "position": "2032000",
            "half": "1",
            "confidence": "0.5276289582252502"
        },
        {
            "gameTime": "1 - 34:3",
            "label": "Clearance",
            "position": "2043500",
            "half": "1",
            "confidence": "0.5201550722122192"
        },
        {
            "gameTime": "1 - 8:33",
            "label": "Ball out of play",
            "position": "513500",
            "half": "1",
            "confidence": "0.948350191116333"
        },
        {
            "gameTime": "1 - 28:32",
            "label": "Ball out of play",
            "position": "1712500",
            "half": "1",
            "confidence": "0.9479891657829285"
        },
        {
            "gameTime": "1 - 23:24",
            "label": "Ball out of play",
            "position": "1404500",
            "half": "1",
            "confidence": "0.9297276139259338"
        },
        {
            "gameTime": "1 - 24:46",
            "label": "Ball out of play",
            "position": "1486500",
            "half": "1",
            "confidence": "0.9280716180801392"
        },
        {
            "gameTime": "1 - 9:21",
            "label": "Ball out of play",
            "position": "561000",
            "half": "1",
            "confidence": "0.9268179535865784"
        },
        {
            "gameTime": "1 - 43:17",
            "label": "Ball out of play",
            "position": "2597500",
            "half": "1",
            "confidence": "0.9262625575065613"
        },
        {
            "gameTime": "1 - 2:59",
            "label": "Ball out of play",
            "position": "179500",
            "half": "1",
            "confidence": "0.9188184142112732"
        },
        {
            "gameTime": "1 - 8:22",
            "label": "Ball out of play",
            "position": "502000",
            "half": "1",
            "confidence": "0.9001606702804565"
        },
        {
            "gameTime": "1 - 8:47",
            "label": "Ball out of play",
            "position": "527500",
            "half": "1",
            "confidence": "0.8985009789466858"
        },
        {
            "gameTime": "1 - 5:11",
            "label": "Ball out of play",
            "position": "311500",
            "half": "1",
            "confidence": "0.8983025550842285"
        },
        {
            "gameTime": "1 - 0:14",
            "label": "Ball out of play",
            "position": "14500",
            "half": "1",
            "confidence": "0.8895096778869629"
        },
        {
            "gameTime": "1 - 3:49",
            "label": "Ball out of play",
            "position": "229500",
            "half": "1",
            "confidence": "0.8888660073280334"
        },
        {
            "gameTime": "1 - 43:7",
            "label": "Ball out of play",
            "position": "2587000",
            "half": "1",
            "confidence": "0.8880043625831604"
        },
        {
            "gameTime": "1 - 3:22",
            "label": "Ball out of play",
            "position": "202500",
            "half": "1",
            "confidence": "0.8731641173362732"
        },
        {
            "gameTime": "1 - 15:37",
            "label": "Ball out of play",
            "position": "937500",
            "half": "1",
            "confidence": "0.8729270100593567"
        },
        {
            "gameTime": "1 - 44:54",
            "label": "Ball out of play",
            "position": "2694500",
            "half": "1",
            "confidence": "0.8728647232055664"
        },
        {
            "gameTime": "1 - 33:9",
            "label": "Ball out of play",
            "position": "1989000",
            "half": "1",
            "confidence": "0.8715333938598633"
        },
        {
            "gameTime": "1 - 31:11",
            "label": "Ball out of play",
            "position": "1871500",
            "half": "1",
            "confidence": "0.8660647869110107"
        },
        {
            "gameTime": "1 - 0:28",
            "label": "Ball out of play",
            "position": "28000",
            "half": "1",
            "confidence": "0.8657699823379517"
        },
        {
            "gameTime": "1 - 11:21",
            "label": "Ball out of play",
            "position": "681000",
            "half": "1",
            "confidence": "0.8620513677597046"
        },
        {
            "gameTime": "1 - 15:22",
            "label": "Ball out of play",
            "position": "922500",
            "half": "1",
            "confidence": "0.8559325337409973"
        },
        {
            "gameTime": "1 - 37:24",
            "label": "Ball out of play",
            "position": "2244500",
            "half": "1",
            "confidence": "0.8505408763885498"
        },
        {
            "gameTime": "1 - 14:2",
            "label": "Ball out of play",
            "position": "842500",
            "half": "1",
            "confidence": "0.8307825326919556"
        },
        {
            "gameTime": "1 - 12:28",
            "label": "Ball out of play",
            "position": "748500",
            "half": "1",
            "confidence": "0.8244515061378479"
        },
        {
            "gameTime": "1 - 41:4",
            "label": "Ball out of play",
            "position": "2464000",
            "half": "1",
            "confidence": "0.8238598704338074"
        },
        {
            "gameTime": "1 - 15:48",
            "label": "Ball out of play",
            "position": "948000",
            "half": "1",
            "confidence": "0.8219664096832275"
        },
        {
            "gameTime": "1 - 13:16",
            "label": "Ball out of play",
            "position": "796000",
            "half": "1",
            "confidence": "0.8212425708770752"
        },
        {
            "gameTime": "1 - 44:31",
            "label": "Ball out of play",
            "position": "2671500",
            "half": "1",
            "confidence": "0.8048388361930847"
        },
        {
            "gameTime": "1 - 9:10",
            "label": "Ball out of play",
            "position": "550500",
            "half": "1",
            "confidence": "0.8046004176139832"
        },
        {
            "gameTime": "1 - 13:5",
            "label": "Ball out of play",
            "position": "785500",
            "half": "1",
            "confidence": "0.7977530360221863"
        },
        {
            "gameTime": "1 - 21:14",
            "label": "Ball out of play",
            "position": "1274500",
            "half": "1",
            "confidence": "0.7918520569801331"
        },
        {
            "gameTime": "1 - 3:33",
            "label": "Ball out of play",
            "position": "213000",
            "half": "1",
            "confidence": "0.7905367016792297"
        },
        {
            "gameTime": "1 - 1:20",
            "label": "Ball out of play",
            "position": "80000",
            "half": "1",
            "confidence": "0.7778900861740112"
        },
        {
            "gameTime": "1 - 20:46",
            "label": "Ball out of play",
            "position": "1246500",
            "half": "1",
            "confidence": "0.77608722448349"
        },
        {
            "gameTime": "1 - 13:51",
            "label": "Ball out of play",
            "position": "831500",
            "half": "1",
            "confidence": "0.7740219235420227"
        },
        {
            "gameTime": "1 - 37:52",
            "label": "Ball out of play",
            "position": "2272000",
            "half": "1",
            "confidence": "0.7713844776153564"
        },
        {
            "gameTime": "1 - 16:28",
            "label": "Ball out of play",
            "position": "988000",
            "half": "1",
            "confidence": "0.7655963897705078"
        },
        {
            "gameTime": "1 - 19:28",
            "label": "Ball out of play",
            "position": "1168500",
            "half": "1",
            "confidence": "0.7619376182556152"
        },
        {
            "gameTime": "1 - 35:11",
            "label": "Ball out of play",
            "position": "2111000",
            "half": "1",
            "confidence": "0.7587268948554993"
        },
        {
            "gameTime": "1 - 40:19",
            "label": "Ball out of play",
            "position": "2419500",
            "half": "1",
            "confidence": "0.7494684457778931"
        },
        {
            "gameTime": "1 - 40:53",
            "label": "Ball out of play",
            "position": "2453500",
            "half": "1",
            "confidence": "0.746748149394989"
        },
        {
            "gameTime": "1 - 31:21",
            "label": "Ball out of play",
            "position": "1881500",
            "half": "1",
            "confidence": "0.737630307674408"
        },
        {
            "gameTime": "1 - 5:0",
            "label": "Ball out of play",
            "position": "300500",
            "half": "1",
            "confidence": "0.7375316619873047"
        },
        {
            "gameTime": "1 - 1:9",
            "label": "Ball out of play",
            "position": "69500",
            "half": "1",
            "confidence": "0.7363747954368591"
        },
        {
            "gameTime": "1 - 1:44",
            "label": "Ball out of play",
            "position": "104000",
            "half": "1",
            "confidence": "0.7344837784767151"
        },
        {
            "gameTime": "1 - 0:38",
            "label": "Ball out of play",
            "position": "38000",
            "half": "1",
            "confidence": "0.7316411137580872"
        },
        {
            "gameTime": "1 - 35:37",
            "label": "Ball out of play",
            "position": "2137000",
            "half": "1",
            "confidence": "0.7270210385322571"
        },
        {
            "gameTime": "1 - 35:0",
            "label": "Ball out of play",
            "position": "2100000",
            "half": "1",
            "confidence": "0.7172221541404724"
        },
        {
            "gameTime": "1 - 43:27",
            "label": "Ball out of play",
            "position": "2607500",
            "half": "1",
            "confidence": "0.710162341594696"
        },
        {
            "gameTime": "1 - 11:10",
            "label": "Ball out of play",
            "position": "670500",
            "half": "1",
            "confidence": "0.7042638659477234"
        },
        {
            "gameTime": "1 - 19:39",
            "label": "Ball out of play",
            "position": "1179500",
            "half": "1",
            "confidence": "0.6912632584571838"
        },
        {
            "gameTime": "1 - 16:38",
            "label": "Ball out of play",
            "position": "998500",
            "half": "1",
            "confidence": "0.6815072298049927"
        },
        {
            "gameTime": "1 - 7:11",
            "label": "Ball out of play",
            "position": "431500",
            "half": "1",
            "confidence": "0.6814211010932922"
        },
        {
            "gameTime": "1 - 3:59",
            "label": "Ball out of play",
            "position": "239500",
            "half": "1",
            "confidence": "0.6809938549995422"
        },
        {
            "gameTime": "1 - 1:33",
            "label": "Ball out of play",
            "position": "93500",
            "half": "1",
            "confidence": "0.6565535664558411"
        },
        {
            "gameTime": "1 - 34:49",
            "label": "Ball out of play",
            "position": "2089000",
            "half": "1",
            "confidence": "0.6558758616447449"
        },
        {
            "gameTime": "1 - 2:49",
            "label": "Ball out of play",
            "position": "169000",
            "half": "1",
            "confidence": "0.6469786763191223"
        },
        {
            "gameTime": "1 - 3:9",
            "label": "Ball out of play",
            "position": "189500",
            "half": "1",
            "confidence": "0.6249915361404419"
        },
        {
            "gameTime": "1 - 35:25",
            "label": "Ball out of play",
            "position": "2125000",
            "half": "1",
            "confidence": "0.6246477365493774"
        },
        {
            "gameTime": "1 - 37:14",
            "label": "Ball out of play",
            "position": "2234000",
            "half": "1",
            "confidence": "0.6178148984909058"
        },
        {
            "gameTime": "1 - 33:19",
            "label": "Ball out of play",
            "position": "1999000",
            "half": "1",
            "confidence": "0.6038497686386108"
        },
        {
            "gameTime": "1 - 42:7",
            "label": "Ball out of play",
            "position": "2527000",
            "half": "1",
            "confidence": "0.6035391688346863"
        },
        {
            "gameTime": "1 - 0:48",
            "label": "Ball out of play",
            "position": "48000",
            "half": "1",
            "confidence": "0.6016955375671387"
        },
        {
            "gameTime": "1 - 12:18",
            "label": "Ball out of play",
            "position": "738000",
            "half": "1",
            "confidence": "0.5852628946304321"
        },
        {
            "gameTime": "1 - 41:54",
            "label": "Ball out of play",
            "position": "2514000",
            "half": "1",
            "confidence": "0.5596539974212646"
        },
        {
            "gameTime": "1 - 31:31",
            "label": "Ball out of play",
            "position": "1891500",
            "half": "1",
            "confidence": "0.556810200214386"
        },
        {
            "gameTime": "1 - 6:1",
            "label": "Ball out of play",
            "position": "361500",
            "half": "1",
            "confidence": "0.5567998290061951"
        },
        {
            "gameTime": "1 - 5:36",
            "label": "Ball out of play",
            "position": "336500",
            "half": "1",
            "confidence": "0.5549630522727966"
        },
        {
            "gameTime": "1 - 37:36",
            "label": "Ball out of play",
            "position": "2256500",
            "half": "1",
            "confidence": "0.5544412732124329"
        },
        {
            "gameTime": "1 - 28:42",
            "label": "Ball out of play",
            "position": "1722500",
            "half": "1",
            "confidence": "0.551044225692749"
        },
        {
            "gameTime": "1 - 17:57",
            "label": "Ball out of play",
            "position": "1077000",
            "half": "1",
            "confidence": "0.5466417074203491"
        },
        {
            "gameTime": "1 - 41:29",
            "label": "Ball out of play",
            "position": "2489000",
            "half": "1",
            "confidence": "0.5379024744033813"
        },
        {
            "gameTime": "1 - 15:7",
            "label": "Ball out of play",
            "position": "907000",
            "half": "1",
            "confidence": "0.5330370664596558"
        },
        {
            "gameTime": "1 - 18:30",
            "label": "Ball out of play",
            "position": "1110000",
            "half": "1",
            "confidence": "0.5259017944335938"
        },
        {
            "gameTime": "1 - 43:11",
            "label": "Throw-in",
            "position": "2591000",
            "half": "1",
            "confidence": "0.9973987340927124"
        },
        {
            "gameTime": "1 - 19:39",
            "label": "Throw-in",
            "position": "1179500",
            "half": "1",
            "confidence": "0.9947060942649841"
        },
        {
            "gameTime": "1 - 43:21",
            "label": "Throw-in",
            "position": "2601000",
            "half": "1",
            "confidence": "0.9903215765953064"
        },
        {
            "gameTime": "1 - 19:28",
            "label": "Throw-in",
            "position": "1168500",
            "half": "1",
            "confidence": "0.9900920987129211"
        },
        {
            "gameTime": "1 - 15:30",
            "label": "Throw-in",
            "position": "930500",
            "half": "1",
            "confidence": "0.9840101599693298"
        },
        {
            "gameTime": "1 - 8:47",
            "label": "Throw-in",
            "position": "527500",
            "half": "1",
            "confidence": "0.9826310276985168"
        },
        {
            "gameTime": "1 - 0:25",
            "label": "Throw-in",
            "position": "25000",
            "half": "1",
            "confidence": "0.9749795198440552"
        },
        {
            "gameTime": "1 - 1:31",
            "label": "Throw-in",
            "position": "91500",
            "half": "1",
            "confidence": "0.956017792224884"
        },
        {
            "gameTime": "1 - 5:23",
            "label": "Throw-in",
            "position": "323500",
            "half": "1",
            "confidence": "0.9510090947151184"
        },
        {
            "gameTime": "1 - 5:13",
            "label": "Throw-in",
            "position": "313000",
            "half": "1",
            "confidence": "0.9449495077133179"
        },
        {
            "gameTime": "1 - 8:35",
            "label": "Throw-in",
            "position": "515000",
            "half": "1",
            "confidence": "0.9432390928268433"
        },
        {
            "gameTime": "1 - 34:51",
            "label": "Throw-in",
            "position": "2091500",
            "half": "1",
            "confidence": "0.9388704895973206"
        },
        {
            "gameTime": "1 - 15:40",
            "label": "Throw-in",
            "position": "940500",
            "half": "1",
            "confidence": "0.9367033243179321"
        },
        {
            "gameTime": "1 - 42:44",
            "label": "Throw-in",
            "position": "2564000",
            "half": "1",
            "confidence": "0.9349573254585266"
        },
        {
            "gameTime": "1 - 35:4",
            "label": "Throw-in",
            "position": "2104000",
            "half": "1",
            "confidence": "0.9302505850791931"
        },
        {
            "gameTime": "1 - 11:19",
            "label": "Throw-in",
            "position": "679500",
            "half": "1",
            "confidence": "0.9230912923812866"
        },
        {
            "gameTime": "1 - 0:14",
            "label": "Throw-in",
            "position": "14500",
            "half": "1",
            "confidence": "0.9091535806655884"
        },
        {
            "gameTime": "1 - 5:33",
            "label": "Throw-in",
            "position": "333500",
            "half": "1",
            "confidence": "0.9080307483673096"
        },
        {
            "gameTime": "1 - 8:59",
            "label": "Throw-in",
            "position": "539500",
            "half": "1",
            "confidence": "0.9026302695274353"
        },
        {
            "gameTime": "1 - 4:1",
            "label": "Throw-in",
            "position": "241000",
            "half": "1",
            "confidence": "0.8847751617431641"
        },
        {
            "gameTime": "1 - 1:44",
            "label": "Throw-in",
            "position": "104000",
            "half": "1",
            "confidence": "0.863074541091919"
        },
        {
            "gameTime": "1 - 11:30",
            "label": "Throw-in",
            "position": "690000",
            "half": "1",
            "confidence": "0.8555967807769775"
        },
        {
            "gameTime": "1 - 18:44",
            "label": "Throw-in",
            "position": "1124000",
            "half": "1",
            "confidence": "0.8549385070800781"
        },
        {
            "gameTime": "1 - 15:19",
            "label": "Throw-in",
            "position": "919500",
            "half": "1",
            "confidence": "0.8534218668937683"
        },
        {
            "gameTime": "1 - 43:32",
            "label": "Throw-in",
            "position": "2612000",
            "half": "1",
            "confidence": "0.8418103456497192"
        },
        {
            "gameTime": "1 - 31:11",
            "label": "Throw-in",
            "position": "1871500",
            "half": "1",
            "confidence": "0.8202654123306274"
        },
        {
            "gameTime": "1 - 31:23",
            "label": "Throw-in",
            "position": "1883000",
            "half": "1",
            "confidence": "0.8047157526016235"
        },
        {
            "gameTime": "1 - 42:30",
            "label": "Throw-in",
            "position": "2550000",
            "half": "1",
            "confidence": "0.7782266736030579"
        },
        {
            "gameTime": "1 - 4:15",
            "label": "Throw-in",
            "position": "255000",
            "half": "1",
            "confidence": "0.7407518029212952"
        },
        {
            "gameTime": "1 - 3:49",
            "label": "Throw-in",
            "position": "229500",
            "half": "1",
            "confidence": "0.7292503714561462"
        },
        {
            "gameTime": "1 - 5:1",
            "label": "Throw-in",
            "position": "301000",
            "half": "1",
            "confidence": "0.7287952899932861"
        },
        {
            "gameTime": "1 - 0:38",
            "label": "Throw-in",
            "position": "38000",
            "half": "1",
            "confidence": "0.7251436114311218"
        },
        {
            "gameTime": "1 - 28:32",
            "label": "Throw-in",
            "position": "1712000",
            "half": "1",
            "confidence": "0.6974453330039978"
        },
        {
            "gameTime": "1 - 11:4",
            "label": "Throw-in",
            "position": "664000",
            "half": "1",
            "confidence": "0.6614276766777039"
        },
        {
            "gameTime": "1 - 8:21",
            "label": "Throw-in",
            "position": "501500",
            "half": "1",
            "confidence": "0.650897204875946"
        },
        {
            "gameTime": "1 - 1:20",
            "label": "Throw-in",
            "position": "80500",
            "half": "1",
            "confidence": "0.6417065858840942"
        },
        {
            "gameTime": "1 - 34:40",
            "label": "Throw-in",
            "position": "2080500",
            "half": "1",
            "confidence": "0.6411339640617371"
        },
        {
            "gameTime": "1 - 31:33",
            "label": "Throw-in",
            "position": "1893000",
            "half": "1",
            "confidence": "0.6056553721427917"
        },
        {
            "gameTime": "1 - 35:14",
            "label": "Throw-in",
            "position": "2114000",
            "half": "1",
            "confidence": "0.6020077466964722"
        },
        {
            "gameTime": "1 - 18:54",
            "label": "Throw-in",
            "position": "1134000",
            "half": "1",
            "confidence": "0.5809587240219116"
        },
        {
            "gameTime": "1 - 40:52",
            "label": "Throw-in",
            "position": "2452000",
            "half": "1",
            "confidence": "0.5579786896705627"
        },
        {
            "gameTime": "1 - 18:33",
            "label": "Throw-in",
            "position": "1113500",
            "half": "1",
            "confidence": "0.5556092262268066"
        },
        {
            "gameTime": "1 - 42:19",
            "label": "Throw-in",
            "position": "2539000",
            "half": "1",
            "confidence": "0.5545825362205505"
        },
        {
            "gameTime": "1 - 29:12",
            "label": "Throw-in",
            "position": "1752500",
            "half": "1",
            "confidence": "0.5293287634849548"
        },
        {
            "gameTime": "1 - 16:57",
            "label": "Foul",
            "position": "1017500",
            "half": "1",
            "confidence": "0.6841933727264404"
        },
        {
            "gameTime": "1 - 11:38",
            "label": "Foul",
            "position": "698500",
            "half": "1",
            "confidence": "0.6836233139038086"
        },
        {
            "gameTime": "1 - 17:28",
            "label": "Direct free-kick",
            "position": "1048000",
            "half": "1",
            "confidence": "0.9910573959350586"
        },
        {
            "gameTime": "1 - 37:8",
            "label": "Direct free-kick",
            "position": "2228500",
            "half": "1",
            "confidence": "0.9841613173484802"
        },
        {
            "gameTime": "1 - 17:38",
            "label": "Direct free-kick",
            "position": "1058000",
            "half": "1",
            "confidence": "0.9365700483322144"
        },
        {
            "gameTime": "1 - 37:18",
            "label": "Direct free-kick",
            "position": "2238500",
            "half": "1",
            "confidence": "0.7006496787071228"
        },
        {
            "gameTime": "1 - 44:10",
            "label": "Direct free-kick",
            "position": "2650000",
            "half": "1",
            "confidence": "0.5625561475753784"
        },
        {
            "gameTime": "1 - 5:54",
            "label": "Corner",
            "position": "354000",
            "half": "1",
            "confidence": "0.9971234202384949"
        },
        {
            "gameTime": "1 - 23:51",
            "label": "Corner",
            "position": "1431500",
            "half": "1",
            "confidence": "0.9949678778648376"
        },
        {
            "gameTime": "1 - 37:39",
            "label": "Corner",
            "position": "2259000",
            "half": "1",
            "confidence": "0.9526230692863464"
        },
        {
            "gameTime": "1 - 41:28",
            "label": "Corner",
            "position": "2488000",
            "half": "1",
            "confidence": "0.9472692012786865"
        },
        {
            "gameTime": "1 - 24:1",
            "label": "Corner",
            "position": "1441500",
            "half": "1",
            "confidence": "0.9309099912643433"
        },
        {
            "gameTime": "1 - 3:25",
            "label": "Corner",
            "position": "205500",
            "half": "1",
            "confidence": "0.9090259671211243"
        },
        {
            "gameTime": "1 - 6:4",
            "label": "Corner",
            "position": "364000",
            "half": "1",
            "confidence": "0.8968116044998169"
        },
        {
            "gameTime": "1 - 37:50",
            "label": "Corner",
            "position": "2270000",
            "half": "1",
            "confidence": "0.8811277747154236"
        },
        {
            "gameTime": "1 - 20:48",
            "label": "Corner",
            "position": "1248000",
            "half": "1",
            "confidence": "0.7563225626945496"
        },
        {
            "gameTime": "1 - 3:14",
            "label": "Corner",
            "position": "194000",
            "half": "1",
            "confidence": "0.7546367645263672"
        },
        {
            "gameTime": "1 - 9:33",
            "label": "Corner",
            "position": "573000",
            "half": "1",
            "confidence": "0.7198036909103394"
        },
        {
            "gameTime": "1 - 41:40",
            "label": "Corner",
            "position": "2500000",
            "half": "1",
            "confidence": "0.6480276584625244"
        },
        {
            "gameTime": "2 - 48:0",
            "label": "Kick-off",
            "position": "2880000",
            "half": "2",
            "confidence": "0.8668847680091858"
        },
        {
            "gameTime": "2 - 13:8",
            "label": "Kick-off",
            "position": "788500",
            "half": "2",
            "confidence": "0.7059707045555115"
        },
        {
            "gameTime": "2 - 0:0",
            "label": "Kick-off",
            "position": "0",
            "half": "2",
            "confidence": "0.6130751967430115"
        },
        {
            "gameTime": "2 - 47:48",
            "label": "Kick-off",
            "position": "2868000",
            "half": "2",
            "confidence": "0.587425708770752"
        },
        {
            "gameTime": "2 - 13:18",
            "label": "Kick-off",
            "position": "798500",
            "half": "2",
            "confidence": "0.5203566551208496"
        },
        {
            "gameTime": "2 - 12:24",
            "label": "Goal",
            "position": "744500",
            "half": "2",
            "confidence": "0.9928358197212219"
        },
        {
            "gameTime": "2 - 47:16",
            "label": "Goal",
            "position": "2836500",
            "half": "2",
            "confidence": "0.874154269695282"
        },
        {
            "gameTime": "2 - 12:35",
            "label": "Goal",
            "position": "755000",
            "half": "2",
            "confidence": "0.8310543894767761"
        },
        {
            "gameTime": "2 - 11:8",
            "label": "Offside",
            "position": "668500",
            "half": "2",
            "confidence": "0.5097690224647522"
        },
        {
            "gameTime": "2 - 12:22",
            "label": "Shots on target",
            "position": "742000",
            "half": "2",
            "confidence": "0.8616019487380981"
        },
        {
            "gameTime": "2 - 47:17",
            "label": "Shots on target",
            "position": "2837000",
            "half": "2",
            "confidence": "0.780094563961029"
        },
        {
            "gameTime": "2 - 43:21",
            "label": "Shots on target",
            "position": "2601500",
            "half": "2",
            "confidence": "0.7242698669433594"
        },
        {
            "gameTime": "2 - 29:50",
            "label": "Shots on target",
            "position": "1790500",
            "half": "2",
            "confidence": "0.6894343495368958"
        },
        {
            "gameTime": "2 - 3:54",
            "label": "Shots on target",
            "position": "234000",
            "half": "2",
            "confidence": "0.6425457000732422"
        },
        {
            "gameTime": "2 - 10:10",
            "label": "Shots on target",
            "position": "610000",
            "half": "2",
            "confidence": "0.6004663109779358"
        },
        {
            "gameTime": "2 - 40:12",
            "label": "Shots on target",
            "position": "2412500",
            "half": "2",
            "confidence": "0.5643838047981262"
        },
        {
            "gameTime": "2 - 22:42",
            "label": "Shots on target",
            "position": "1362000",
            "half": "2",
            "confidence": "0.5375933051109314"
        },
        {
            "gameTime": "2 - 33:15",
            "label": "Shots off target",
            "position": "1995000",
            "half": "2",
            "confidence": "0.6878238916397095"
        },
        {
            "gameTime": "2 - 26:13",
            "label": "Shots off target",
            "position": "1573000",
            "half": "2",
            "confidence": "0.6863270401954651"
        },
        {
            "gameTime": "2 - 40:19",
            "label": "Shots off target",
            "position": "2419500",
            "half": "2",
            "confidence": "0.678246796131134"
        },
        {
            "gameTime": "2 - 24:29",
            "label": "Shots off target",
            "position": "1469500",
            "half": "2",
            "confidence": "0.6759629249572754"
        },
        {
            "gameTime": "2 - 43:21",
            "label": "Shots off target",
            "position": "2601000",
            "half": "2",
            "confidence": "0.6486152410507202"
        },
        {
            "gameTime": "2 - 47:8",
            "label": "Shots off target",
            "position": "2828500",
            "half": "2",
            "confidence": "0.6394321918487549"
        },
        {
            "gameTime": "2 - 29:46",
            "label": "Shots off target",
            "position": "1786500",
            "half": "2",
            "confidence": "0.513263463973999"
        },
        {
            "gameTime": "2 - 26:56",
            "label": "Clearance",
            "position": "1616500",
            "half": "2",
            "confidence": "0.8263282775878906"
        },
        {
            "gameTime": "2 - 39:21",
            "label": "Clearance",
            "position": "2361000",
            "half": "2",
            "confidence": "0.7876148819923401"
        },
        {
            "gameTime": "2 - 40:45",
            "label": "Clearance",
            "position": "2445500",
            "half": "2",
            "confidence": "0.6542832851409912"
        },
        {
            "gameTime": "2 - 33:44",
            "label": "Clearance",
            "position": "2024000",
            "half": "2",
            "confidence": "0.6498201489448547"
        },
        {
            "gameTime": "2 - 21:49",
            "label": "Clearance",
            "position": "1309500",
            "half": "2",
            "confidence": "0.610923171043396"
        },
        {
            "gameTime": "2 - 47:36",
            "label": "Clearance",
            "position": "2856500",
            "half": "2",
            "confidence": "0.5222028493881226"
        },
        {
            "gameTime": "2 - 40:55",
            "label": "Clearance",
            "position": "2455500",
            "half": "2",
            "confidence": "0.518515944480896"
        },
        {
            "gameTime": "2 - 9:49",
            "label": "Ball out of play",
            "position": "589500",
            "half": "2",
            "confidence": "0.9608595967292786"
        },
        {
            "gameTime": "2 - 24:30",
            "label": "Ball out of play",
            "position": "1470500",
            "half": "2",
            "confidence": "0.9597516059875488"
        },
        {
            "gameTime": "2 - 37:38",
            "label": "Ball out of play",
            "position": "2258000",
            "half": "2",
            "confidence": "0.9216399192810059"
        },
        {
            "gameTime": "2 - 2:47",
            "label": "Ball out of play",
            "position": "167500",
            "half": "2",
            "confidence": "0.9093352556228638"
        },
        {
            "gameTime": "2 - 33:5",
            "label": "Ball out of play",
            "position": "1985000",
            "half": "2",
            "confidence": "0.8929771780967712"
        },
        {
            "gameTime": "2 - 26:13",
            "label": "Ball out of play",
            "position": "1573000",
            "half": "2",
            "confidence": "0.8829898238182068"
        },
        {
            "gameTime": "2 - 6:55",
            "label": "Ball out of play",
            "position": "415000",
            "half": "2",
            "confidence": "0.8779282569885254"
        },
        {
            "gameTime": "2 - 24:20",
            "label": "Ball out of play",
            "position": "1460000",
            "half": "2",
            "confidence": "0.8766010403633118"
        },
        {
            "gameTime": "2 - 1:29",
            "label": "Ball out of play",
            "position": "89000",
            "half": "2",
            "confidence": "0.8753636479377747"
        },
        {
            "gameTime": "2 - 9:37",
            "label": "Ball out of play",
            "position": "577000",
            "half": "2",
            "confidence": "0.8693973422050476"
        },
        {
            "gameTime": "2 - 31:1",
            "label": "Ball out of play",
            "position": "1861500",
            "half": "2",
            "confidence": "0.8475887775421143"
        },
        {
            "gameTime": "2 - 20:46",
            "label": "Ball out of play",
            "position": "1246500",
            "half": "2",
            "confidence": "0.8461634516716003"
        },
        {
            "gameTime": "2 - 47:10",
            "label": "Ball out of play",
            "position": "2830000",
            "half": "2",
            "confidence": "0.8310714364051819"
        },
        {
            "gameTime": "2 - 33:15",
            "label": "Ball out of play",
            "position": "1995000",
            "half": "2",
            "confidence": "0.8308197855949402"
        },
        {
            "gameTime": "2 - 2:37",
            "label": "Ball out of play",
            "position": "157000",
            "half": "2",
            "confidence": "0.8295941352844238"
        },
        {
            "gameTime": "2 - 17:37",
            "label": "Ball out of play",
            "position": "1057000",
            "half": "2",
            "confidence": "0.829200804233551"
        },
        {
            "gameTime": "2 - 9:59",
            "label": "Ball out of play",
            "position": "599500",
            "half": "2",
            "confidence": "0.8290719389915466"
        },
        {
            "gameTime": "2 - 5:41",
            "label": "Ball out of play",
            "position": "341500",
            "half": "2",
            "confidence": "0.8255062699317932"
        },
        {
            "gameTime": "2 - 34:7",
            "label": "Ball out of play",
            "position": "2047000",
            "half": "2",
            "confidence": "0.8100075721740723"
        },
        {
            "gameTime": "2 - 42:54",
            "label": "Ball out of play",
            "position": "2574000",
            "half": "2",
            "confidence": "0.777168869972229"
        },
        {
            "gameTime": "2 - 23:2",
            "label": "Ball out of play",
            "position": "1382000",
            "half": "2",
            "confidence": "0.7725852131843567"
        },
        {
            "gameTime": "2 - 0:48",
            "label": "Ball out of play",
            "position": "48500",
            "half": "2",
            "confidence": "0.7641189694404602"
        },
        {
            "gameTime": "2 - 3:13",
            "label": "Ball out of play",
            "position": "193500",
            "half": "2",
            "confidence": "0.7623189687728882"
        },
        {
            "gameTime": "2 - 0:28",
            "label": "Ball out of play",
            "position": "28500",
            "half": "2",
            "confidence": "0.7576078176498413"
        },
        {
            "gameTime": "2 - 12:19",
            "label": "Ball out of play",
            "position": "739500",
            "half": "2",
            "confidence": "0.7483475804328918"
        },
        {
            "gameTime": "2 - 24:57",
            "label": "Ball out of play",
            "position": "1497000",
            "half": "2",
            "confidence": "0.725590169429779"
        },
        {
            "gameTime": "2 - 14:18",
            "label": "Ball out of play",
            "position": "858000",
            "half": "2",
            "confidence": "0.7254255414009094"
        },
        {
            "gameTime": "2 - 5:29",
            "label": "Ball out of play",
            "position": "329000",
            "half": "2",
            "confidence": "0.7233489751815796"
        },
        {
            "gameTime": "2 - 32:20",
            "label": "Ball out of play",
            "position": "1940000",
            "half": "2",
            "confidence": "0.7103967666625977"
        },
        {
            "gameTime": "2 - 35:19",
            "label": "Ball out of play",
            "position": "2119500",
            "half": "2",
            "confidence": "0.7047901153564453"
        },
        {
            "gameTime": "2 - 43:49",
            "label": "Ball out of play",
            "position": "2629500",
            "half": "2",
            "confidence": "0.6856821179389954"
        },
        {
            "gameTime": "2 - 43:27",
            "label": "Ball out of play",
            "position": "2607000",
            "half": "2",
            "confidence": "0.6833251714706421"
        },
        {
            "gameTime": "2 - 6:44",
            "label": "Ball out of play",
            "position": "404500",
            "half": "2",
            "confidence": "0.6768137216567993"
        },
        {
            "gameTime": "2 - 26:2",
            "label": "Ball out of play",
            "position": "1562500",
            "half": "2",
            "confidence": "0.6732866168022156"
        },
        {
            "gameTime": "2 - 9:23",
            "label": "Ball out of play",
            "position": "563500",
            "half": "2",
            "confidence": "0.6694657206535339"
        },
        {
            "gameTime": "2 - 26:55",
            "label": "Ball out of play",
            "position": "1615500",
            "half": "2",
            "confidence": "0.6630294919013977"
        },
        {
            "gameTime": "2 - 30:49",
            "label": "Ball out of play",
            "position": "1849000",
            "half": "2",
            "confidence": "0.6613243222236633"
        },
        {
            "gameTime": "2 - 40:28",
            "label": "Ball out of play",
            "position": "2428500",
            "half": "2",
            "confidence": "0.6530646681785583"
        },
        {
            "gameTime": "2 - 42:41",
            "label": "Ball out of play",
            "position": "2561500",
            "half": "2",
            "confidence": "0.6516368389129639"
        },
        {
            "gameTime": "2 - 23:14",
            "label": "Ball out of play",
            "position": "1394000",
            "half": "2",
            "confidence": "0.6436949968338013"
        },
        {
            "gameTime": "2 - 0:18",
            "label": "Ball out of play",
            "position": "18000",
            "half": "2",
            "confidence": "0.6366866827011108"
        },
        {
            "gameTime": "2 - 38:59",
            "label": "Ball out of play",
            "position": "2339000",
            "half": "2",
            "confidence": "0.622260570526123"
        },
        {
            "gameTime": "2 - 22:19",
            "label": "Ball out of play",
            "position": "1339000",
            "half": "2",
            "confidence": "0.6070642471313477"
        },
        {
            "gameTime": "2 - 2:58",
            "label": "Ball out of play",
            "position": "178500",
            "half": "2",
            "confidence": "0.6037119030952454"
        },
        {
            "gameTime": "2 - 43:16",
            "label": "Ball out of play",
            "position": "2596500",
            "half": "2",
            "confidence": "0.5883395671844482"
        },
        {
            "gameTime": "2 - 32:49",
            "label": "Ball out of play",
            "position": "1969500",
            "half": "2",
            "confidence": "0.5859693884849548"
        },
        {
            "gameTime": "2 - 25:8",
            "label": "Ball out of play",
            "position": "1508000",
            "half": "2",
            "confidence": "0.58529132604599"
        },
        {
            "gameTime": "2 - 14:28",
            "label": "Ball out of play",
            "position": "868000",
            "half": "2",
            "confidence": "0.5825532078742981"
        },
        {
            "gameTime": "2 - 17:18",
            "label": "Ball out of play",
            "position": "1038500",
            "half": "2",
            "confidence": "0.5747072696685791"
        },
        {
            "gameTime": "2 - 33:56",
            "label": "Ball out of play",
            "position": "2036500",
            "half": "2",
            "confidence": "0.5712879300117493"
        },
        {
            "gameTime": "2 - 7:27",
            "label": "Ball out of play",
            "position": "447000",
            "half": "2",
            "confidence": "0.5634245276451111"
        },
        {
            "gameTime": "2 - 29:55",
            "label": "Ball out of play",
            "position": "1795000",
            "half": "2",
            "confidence": "0.5614854097366333"
        },
        {
            "gameTime": "2 - 14:7",
            "label": "Ball out of play",
            "position": "847500",
            "half": "2",
            "confidence": "0.5565769672393799"
        },
        {
            "gameTime": "2 - 38:48",
            "label": "Ball out of play",
            "position": "2328500",
            "half": "2",
            "confidence": "0.5532528758049011"
        },
        {
            "gameTime": "2 - 22:50",
            "label": "Ball out of play",
            "position": "1370500",
            "half": "2",
            "confidence": "0.5521312952041626"
        },
        {
            "gameTime": "2 - 19:4",
            "label": "Ball out of play",
            "position": "1144000",
            "half": "2",
            "confidence": "0.5301908254623413"
        },
        {
            "gameTime": "2 - 3:51",
            "label": "Ball out of play",
            "position": "231500",
            "half": "2",
            "confidence": "0.523235559463501"
        },
        {
            "gameTime": "2 - 7:45",
            "label": "Ball out of play",
            "position": "465500",
            "half": "2",
            "confidence": "0.5176830887794495"
        },
        {
            "gameTime": "2 - 3:23",
            "label": "Ball out of play",
            "position": "203500",
            "half": "2",
            "confidence": "0.5155823826789856"
        },
        {
            "gameTime": "2 - 43:4",
            "label": "Ball out of play",
            "position": "2584000",
            "half": "2",
            "confidence": "0.513896644115448"
        },
        {
            "gameTime": "2 - 37:48",
            "label": "Ball out of play",
            "position": "2268000",
            "half": "2",
            "confidence": "0.5119761228561401"
        },
        {
            "gameTime": "2 - 43:39",
            "label": "Ball out of play",
            "position": "2619000",
            "half": "2",
            "confidence": "0.5068142414093018"
        },
        {
            "gameTime": "2 - 1:29",
            "label": "Throw-in",
            "position": "89500",
            "half": "2",
            "confidence": "0.9802815914154053"
        },
        {
            "gameTime": "2 - 3:13",
            "label": "Throw-in",
            "position": "193500",
            "half": "2",
            "confidence": "0.974806547164917"
        },
        {
            "gameTime": "2 - 7:31",
            "label": "Throw-in",
            "position": "451500",
            "half": "2",
            "confidence": "0.9724159836769104"
        },
        {
            "gameTime": "2 - 0:49",
            "label": "Throw-in",
            "position": "49500",
            "half": "2",
            "confidence": "0.9674197435379028"
        },
        {
            "gameTime": "2 - 0:38",
            "label": "Throw-in",
            "position": "38500",
            "half": "2",
            "confidence": "0.963556170463562"
        },
        {
            "gameTime": "2 - 14:14",
            "label": "Throw-in",
            "position": "854000",
            "half": "2",
            "confidence": "0.9611978530883789"
        },
        {
            "gameTime": "2 - 7:44",
            "label": "Throw-in",
            "position": "464500",
            "half": "2",
            "confidence": "0.956025242805481"
        },
        {
            "gameTime": "2 - 9:50",
            "label": "Throw-in",
            "position": "590000",
            "half": "2",
            "confidence": "0.9396898746490479"
        },
        {
            "gameTime": "2 - 2:48",
            "label": "Throw-in",
            "position": "168500",
            "half": "2",
            "confidence": "0.9378899931907654"
        },
        {
            "gameTime": "2 - 11:36",
            "label": "Throw-in",
            "position": "696500",
            "half": "2",
            "confidence": "0.935523509979248"
        },
        {
            "gameTime": "2 - 14:24",
            "label": "Throw-in",
            "position": "864500",
            "half": "2",
            "confidence": "0.9232419729232788"
        },
        {
            "gameTime": "2 - 3:3",
            "label": "Throw-in",
            "position": "183000",
            "half": "2",
            "confidence": "0.9197704195976257"
        },
        {
            "gameTime": "2 - 1:39",
            "label": "Throw-in",
            "position": "99500",
            "half": "2",
            "confidence": "0.845783531665802"
        },
        {
            "gameTime": "2 - 2:36",
            "label": "Throw-in",
            "position": "156000",
            "half": "2",
            "confidence": "0.8073857426643372"
        },
        {
            "gameTime": "2 - 9:39",
            "label": "Throw-in",
            "position": "579500",
            "half": "2",
            "confidence": "0.8062028288841248"
        },
        {
            "gameTime": "2 - 11:26",
            "label": "Throw-in",
            "position": "686000",
            "half": "2",
            "confidence": "0.8044922351837158"
        },
        {
            "gameTime": "2 - 32:20",
            "label": "Throw-in",
            "position": "1940500",
            "half": "2",
            "confidence": "0.7906516194343567"
        },
        {
            "gameTime": "2 - 0:28",
            "label": "Throw-in",
            "position": "28000",
            "half": "2",
            "confidence": "0.7881492376327515"
        },
        {
            "gameTime": "2 - 6:58",
            "label": "Throw-in",
            "position": "418000",
            "half": "2",
            "confidence": "0.76909339427948"
        },
        {
            "gameTime": "2 - 3:23",
            "label": "Throw-in",
            "position": "203500",
            "half": "2",
            "confidence": "0.7627944946289062"
        },
        {
            "gameTime": "2 - 32:44",
            "label": "Throw-in",
            "position": "1964500",
            "half": "2",
            "confidence": "0.7622910737991333"
        },
        {
            "gameTime": "2 - 34:46",
            "label": "Throw-in",
            "position": "2086500",
            "half": "2",
            "confidence": "0.6733649373054504"
        },
        {
            "gameTime": "2 - 32:30",
            "label": "Throw-in",
            "position": "1950500",
            "half": "2",
            "confidence": "0.5790301561355591"
        },
        {
            "gameTime": "2 - 30:38",
            "label": "Throw-in",
            "position": "1838000",
            "half": "2",
            "confidence": "0.5274462103843689"
        },
        {
            "gameTime": "2 - 34:36",
            "label": "Throw-in",
            "position": "2076000",
            "half": "2",
            "confidence": "0.5082592368125916"
        },
        {
            "gameTime": "2 - 7:8",
            "label": "Throw-in",
            "position": "428000",
            "half": "2",
            "confidence": "0.5037426948547363"
        },
        {
            "gameTime": "2 - 35:15",
            "label": "Throw-in",
            "position": "2115500",
            "half": "2",
            "confidence": "0.5007163286209106"
        },
        {
            "gameTime": "2 - 16:26",
            "label": "Foul",
            "position": "986500",
            "half": "2",
            "confidence": "0.7297627925872803"
        },
        {
            "gameTime": "2 - 8:47",
            "label": "Foul",
            "position": "527000",
            "half": "2",
            "confidence": "0.6471381187438965"
        },
        {
            "gameTime": "2 - 8:33",
            "label": "Foul",
            "position": "513000",
            "half": "2",
            "confidence": "0.5041263699531555"
        },
        {
            "gameTime": "2 - 26:2",
            "label": "Direct free-kick",
            "position": "1562000",
            "half": "2",
            "confidence": "0.749869704246521"
        },
        {
            "gameTime": "2 - 26:12",
            "label": "Direct free-kick",
            "position": "1572000",
            "half": "2",
            "confidence": "0.7257422804832458"
        },
        {
            "gameTime": "2 - 23:1",
            "label": "Corner",
            "position": "1381000",
            "half": "2",
            "confidence": "0.9937359094619751"
        },
        {
            "gameTime": "2 - 43:14",
            "label": "Corner",
            "position": "2594000",
            "half": "2",
            "confidence": "0.9934205412864685"
        },
        {
            "gameTime": "2 - 43:3",
            "label": "Corner",
            "position": "2583500",
            "half": "2",
            "confidence": "0.9870629906654358"
        },
        {
            "gameTime": "2 - 23:11",
            "label": "Corner",
            "position": "1391500",
            "half": "2",
            "confidence": "0.9822539687156677"
        },
        {
            "gameTime": "2 - 43:55",
            "label": "Corner",
            "position": "2635500",
            "half": "2",
            "confidence": "0.8051813244819641"
        },
        {
            "gameTime": "2 - 31:20",
            "label": "Corner",
            "position": "1880000",
            "half": "2",
            "confidence": "0.7913544178009033"
        },
        {
            "gameTime": "2 - 43:45",
            "label": "Corner",
            "position": "2625000",
            "half": "2",
            "confidence": "0.700849175453186"
        }
    ]
}