{
    "UrlLocal": "germany_bundesliga/2016-2017/2017-01-28 - 18-00 Leipzig 2 - 1 Hoffenheim",
    "UrlYoutube": "",
    "annotations": [
        {
            "change_type": "",
            "gameTime": "1 - 03:49",
            "label": "",
            "position": "229514",
            "replay": "real-time"
        },
        {
            "change_type": "",
            "gameTime": "1 - 03:57",
            "label": "",
            "link": "",
            "position": "237310",
            "replay": "replay"
        },
        {
            "change_type": "",
            "gameTime": "1 - 04:03",
            "label": "",
            "link": "",
            "position": "243899",
            "replay": "replay"
        },
        {
            "change_type": "",
            "gameTime": "1 - 04:08",
            "label": "",
            "position": "248019",
            "replay": "other"
        },
        {
            "change_type": "",
            "gameTime": "1 - 04:42",
            "label": "",
            "position": "282780",
            "replay": "real-time"
        },
        {
            "change_type": "",
            "gameTime": "1 - 04:50",
            "label": "",
            "link": "",
            "position": "290421",
            "replay": "replay"
        },
        {
            "change_type": "",
            "gameTime": "1 - 04:58",
            "label": "",
            "link": "",
            "position": "298181",
            "replay": "replay"
        },
        {
            "change_type": "",
            "gameTime": "1 - 08:53",
            "label": "",
            "position": "533217",
            "replay": "real-time"
        },
        {
            "change_type": "",
            "gameTime": "1 - 09:01",
            "label": "",
            "link": "",
            "position": "541737",
            "replay": "replay"
        },
        {
            "change_type": "",
            "gameTime": "1 - 11:10",
            "label": "",
            "position": "670126",
            "replay": "real-time"
        },
        {
            "change_type": "",
            "gameTime": "1 - 11:17",
            "label": "",
            "link": "",
            "position": "677015",
            "replay": "replay"
        },
        {
            "change_type": "",
            "gameTime": "1 - 11:53",
            "label": "",
            "position": "713558",
            "replay": "real-time"
        },
        {
            "change_type": "",
            "gameTime": "1 - 12:03",
            "label": "",
            "link": "",
            "position": "723398",
            "replay": "replay"
        },
        {
            "change_type": "",
            "gameTime": "1 - 16:24",
            "label": "",
            "position": "984835",
            "replay": "real-time"
        },
        {
            "change_type": "",
            "gameTime": "1 - 16:32",
            "label": "",
            "link": "",
            "position": "992555",
            "replay": "replay"
        },
        {
            "change_type": "",
            "gameTime": "1 - 17:56",
            "label": "",
            "position": "1076621",
            "replay": "real-time"
        },
        {
            "change_type": "",
            "gameTime": "1 - 18:12",
            "label": "",
            "link": "",
            "position": "1092541",
            "replay": "replay"
        },
        {
            "change_type": "",
            "gameTime": "1 - 18:17",
            "label": "",
            "link": "",
            "position": "1097661",
            "replay": "replay"
        },
        {
            "change_type": "",
            "gameTime": "1 - 18:35",
            "label": "",
            "link": "",
            "position": "1115261",
            "replay": "replay"
        },
        {
            "change_type": "",
            "gameTime": "1 - 19:11",
            "label": "",
            "position": "1151767",
            "replay": "real-time"
        },
        {
            "change_type": "",
            "gameTime": "1 - 19:21",
            "label": "",
            "link": "",
            "position": "1161327",
            "replay": "replay"
        },
        {
            "change_type": "",
            "gameTime": "1 - 21:14",
            "label": "",
            "position": "1274021",
            "replay": "real-time"
        },
        {
            "change_type": "",
            "gameTime": "1 - 21:19",
            "label": "",
            "link": "",
            "position": "1279341",
            "replay": "replay"
        },
        {
            "change_type": "",
            "gameTime": "1 - 24:53",
            "label": "",
            "position": "1493232",
            "replay": "real-time"
        },
        {
            "change_type": "",
            "gameTime": "1 - 24:58",
            "label": "",
            "position": "1498032",
            "replay": "other"
        },
        {
            "change_type": "",
            "gameTime": "1 - 25:04",
            "label": "",
            "link": "",
            "position": "1504120",
            "replay": "replay"
        },
        {
            "change_type": "",
            "gameTime": "1 - 27:33",
            "label": "",
            "position": "1653054",
            "replay": "real-time"
        },
        {
            "change_type": "",
            "gameTime": "1 - 27:38",
            "label": "",
            "position": "1658934",
            "replay": "other"
        },
        {
            "change_type": "",
            "gameTime": "1 - 28:50",
            "label": "",
            "position": "1730314",
            "replay": "real-time"
        },
        {
            "change_type": "",
            "gameTime": "1 - 28:56",
            "label": "",
            "position": "1736914",
            "replay": "other"
        },
        {
            "change_type": "",
            "gameTime": "1 - 29:36",
            "label": "",
            "position": "1776408",
            "replay": "real-time"
        },
        {
            "change_type": "",
            "gameTime": "1 - 29:43",
            "label": "",
            "link": "",
            "position": "1783888",
            "replay": "replay"
        },
        {
            "change_type": "",
            "gameTime": "1 - 29:51",
            "label": "",
            "link": "",
            "position": "1791511",
            "replay": "replay"
        },
        {
            "change_type": "",
            "gameTime": "1 - 33:03",
            "label": "",
            "position": "1983098",
            "replay": "real-time"
        },
        {
            "change_type": "",
            "gameTime": "1 - 33:10",
            "label": "",
            "link": "",
            "position": "1990338",
            "replay": "replay"
        },
        {
            "change_type": "",
            "gameTime": "1 - 34:46",
            "label": "",
            "link": "",
            "position": "2086314",
            "replay": "replay"
        },
        {
            "change_type": "",
            "gameTime": "1 - 34:58",
            "label": "",
            "position": "2098023",
            "replay": "other"
        },
        {
            "change_type": "",
            "gameTime": "1 - 35:06",
            "label": "",
            "link": "",
            "position": "2106423",
            "replay": "replay"
        },
        {
            "change_type": "",
            "gameTime": "1 - 35:55",
            "label": "",
            "position": "2155074",
            "replay": "real-time"
        },
        {
            "change_type": "",
            "gameTime": "1 - 36:00",
            "label": "",
            "link": "",
            "position": "2160674",
            "replay": "replay"
        },
        {
            "change_type": "",
            "gameTime": "1 - 37:32",
            "label": "",
            "position": "2252647",
            "replay": "real-time"
        },
        {
            "change_type": "",
            "gameTime": "1 - 37:46",
            "label": "",
            "link": "",
            "position": "2266207",
            "replay": "replay"
        },
        {
            "change_type": "",
            "gameTime": "1 - 37:57",
            "label": "",
            "link": "",
            "position": "2277087",
            "replay": "replay"
        },
        {
            "change_type": "",
            "gameTime": "1 - 38:07",
            "label": "",
            "link": "",
            "position": "2287127",
            "replay": "replay"
        },
        {
            "change_type": "",
            "gameTime": "1 - 38:58",
            "label": "",
            "position": "2338367",
            "replay": "real-time"
        },
        {
            "change_type": "",
            "gameTime": "1 - 39:07",
            "label": "",
            "link": "",
            "position": "2347607",
            "replay": "replay"
        },
        {
            "change_type": "",
            "gameTime": "1 - 39:23",
            "label": "",
            "position": "2363202",
            "replay": "real-time"
        },
        {
            "change_type": "",
            "gameTime": "1 - 39:36",
            "label": "",
            "link": "",
            "position": "2376682",
            "replay": "replay"
        },
        {
            "change_type": "",
            "gameTime": "1 - 39:46",
            "label": "",
            "link": "",
            "position": "2386067",
            "replay": "replay"
        },
        {
            "change_type": "",
            "gameTime": "1 - 40:32",
            "label": "",
            "position": "2432837",
            "replay": "other"
        },
        {
            "change_type": "",
            "gameTime": "1 - 44:32",
            "label": "",
            "position": "2672791",
            "replay": "real-time"
        },
        {
            "change_type": "",
            "gameTime": "1 - 44:39",
            "label": "",
            "position": "2679510",
            "replay": "other"
        },
        {
            "change_type": "",
            "gameTime": "1 - 46:18",
            "label": "",
            "position": "2778356",
            "replay": "real-time"
        },
        {
            "change_type": "",
            "gameTime": "1 - 46:27",
            "label": "",
            "position": "2787436",
            "replay": "other"
        },
        {
            "change_type": "",
            "gameTime": "2 - 05:37",
            "label": "",
            "position": "337286",
            "replay": "real-time"
        },
        {
            "change_type": "",
            "gameTime": "2 - 05:49",
            "label": "",
            "position": "349406",
            "replay": "other"
        },
        {
            "change_type": "",
            "gameTime": "2 - 09:51",
            "label": "",
            "position": "591217",
            "replay": "real-time"
        },
        {
            "change_type": "",
            "gameTime": "2 - 10:03",
            "label": "",
            "link": "",
            "position": "603737",
            "replay": "replay"
        },
        {
            "change_type": "",
            "gameTime": "2 - 12:46",
            "label": "",
            "position": "766577",
            "replay": "real-time"
        },
        {
            "change_type": "",
            "gameTime": "2 - 12:52",
            "label": "",
            "link": "",
            "position": "772337",
            "replay": "replay"
        },
        {
            "change_type": "",
            "gameTime": "2 - 13:01",
            "label": "",
            "link": "",
            "position": "781817",
            "replay": "replay"
        },
        {
            "change_type": "",
            "gameTime": "2 - 14:59",
            "label": "",
            "position": "899964",
            "replay": "real-time"
        },
        {
            "change_type": "",
            "gameTime": "2 - 15:09",
            "label": "",
            "link": "",
            "position": "909284",
            "replay": "replay"
        },
        {
            "change_type": "",
            "gameTime": "2 - 17:14",
            "label": "",
            "position": "1034234",
            "replay": "real-time"
        },
        {
            "change_type": "",
            "gameTime": "2 - 18:46",
            "label": "",
            "position": "1126803",
            "replay": "real-time"
        },
        {
            "change_type": "",
            "gameTime": "2 - 18:53",
            "label": "",
            "link": "",
            "position": "1133843",
            "replay": "replay"
        },
        {
            "change_type": "",
            "gameTime": "2 - 19:38",
            "label": "",
            "position": "1178249",
            "replay": "real-time"
        },
        {
            "change_type": "",
            "gameTime": "2 - 19:45",
            "label": "",
            "link": "",
            "position": "1185889",
            "replay": "replay"
        },
        {
            "change_type": "",
            "gameTime": "2 - 21:59",
            "label": "",
            "position": "1319628",
            "replay": "real-time"
        },
        {
            "change_type": "",
            "gameTime": "2 - 22:05",
            "label": "",
            "link": "",
            "position": "1325628",
            "replay": "replay"
        },
        {
            "change_type": "",
            "gameTime": "2 - 22:13",
            "label": "",
            "position": "1333603",
            "replay": "other"
        },
        {
            "change_type": "",
            "gameTime": "2 - 23:04",
            "label": "",
            "position": "1384889",
            "replay": "real-time"
        },
        {
            "change_type": "",
            "gameTime": "2 - 23:10",
            "label": "",
            "link": "",
            "position": "1390409",
            "replay": "replay"
        },
        {
            "change_type": "",
            "gameTime": "2 - 28:07",
            "label": "",
            "position": "1687359",
            "replay": "real-time"
        },
        {
            "change_type": "",
            "gameTime": "2 - 28:17",
            "label": "",
            "link": "",
            "position": "1697119",
            "replay": "replay"
        },
        {
            "change_type": "",
            "gameTime": "2 - 32:05",
            "label": "",
            "position": "1925196",
            "replay": "real-time"
        },
        {
            "change_type": "",
            "gameTime": "2 - 32:16",
            "label": "",
            "link": "",
            "position": "1936716",
            "replay": "replay"
        },
        {
            "change_type": "",
            "gameTime": "2 - 32:27",
            "label": "",
            "link": "",
            "position": "1947631",
            "replay": "replay"
        },
        {
            "change_type": "",
            "gameTime": "2 - 32:35",
            "label": "",
            "link": "",
            "position": "1955181",
            "replay": "replay"
        },
        {
            "change_type": "",
            "gameTime": "2 - 32:49",
            "label": "",
            "link": "",
            "position": "1969182",
            "replay": "replay"
        },
        {
            "change_type": "",
            "gameTime": "2 - 33:39",
            "label": "",
            "position": "2019706",
            "replay": "real-time"
        },
        {
            "change_type": "",
            "gameTime": "2 - 33:45",
            "label": "",
            "link": "",
            "position": "2025826",
            "replay": "replay"
        },
        {
            "change_type": "",
            "gameTime": "2 - 36:36",
            "label": "",
            "position": "2196569",
            "replay": "real-time"
        },
        {
            "change_type": "",
            "gameTime": "2 - 36:44",
            "label": "",
            "position": "2204061",
            "replay": "other"
        },
        {
            "change_type": "",
            "gameTime": "2 - 38:39",
            "label": "",
            "position": "2319160",
            "replay": "real-time"
        },
        {
            "change_type": "",
            "gameTime": "2 - 38:45",
            "label": "",
            "link": "",
            "position": "2325311",
            "replay": "replay"
        },
        {
            "change_type": "",
            "gameTime": "2 - 39:05",
            "label": "",
            "position": "2345963",
            "replay": "real-time"
        },
        {
            "change_type": "",
            "gameTime": "2 - 39:09",
            "label": "",
            "link": "",
            "position": "2349603",
            "replay": "replay"
        },
        {
            "change_type": "",
            "gameTime": "2 - 40:03",
            "label": "",
            "position": "2403391",
            "replay": "real-time"
        },
        {
            "change_type": "",
            "gameTime": "2 - 40:10",
            "label": "",
            "link": "",
            "position": "2410446",
            "replay": "replay"
        },
        {
            "change_type": "",
            "gameTime": "2 - 40:57",
            "label": "",
            "position": "2457371",
            "replay": "real-time"
        },
        {
            "change_type": "",
            "gameTime": "2 - 41:07",
            "label": "",
            "link": "",
            "position": "2467771",
            "replay": "replay"
        },
        {
            "change_type": "",
            "gameTime": "2 - 43:46",
            "label": "",
            "position": "2626627",
            "replay": "real-time"
        },
        {
            "change_type": "",
            "gameTime": "2 - 43:51",
            "label": "",
            "link": "",
            "position": "2631507",
            "replay": "replay"
        },
        {
            "change_type": "",
            "gameTime": "2 - 44:05",
            "label": "",
            "position": "2645665",
            "replay": "real-time"
        },
        {
            "change_type": "",
            "gameTime": "2 - 44:14",
            "label": "",
            "position": "2654745",
            "replay": "other"
        },
        {
            "change_type": "",
            "gameTime": "2 - 44:43",
            "label": "",
            "position": "2683812",
            "replay": "real-time"
        },
        {
            "change_type": "",
            "gameTime": "2 - 44:50",
            "label": "",
            "link": "",
            "position": "2690772",
            "replay": "replay"
        },
        {
            "change_type": "",
            "gameTime": "2 - 46:11",
            "label": "",
            "position": "2771355",
            "replay": "real-time"
        },
        {
            "change_type": "",
            "gameTime": "2 - 46:20",
            "label": "",
            "link": "",
            "position": "2780075",
            "replay": "replay"
        }
    ],
    "gameAwayTeam": "Hoffenheim",
    "gameDate": "2017-01-28 - 18-00",
    "gameHomeTeam": "Leipzig",
    "gameScore": "2 - 1"
}