{
    "UrlLocal": "italy_serie-a/2016-2017/2016-11-26 - 22-45 Empoli 1 - 4 AC Milan",
    "predictions": [
        {
            "gameTime": "1 - 15:1",
            "label": "Kick-off",
            "position": "901000",
            "half": "1",
            "confidence": "0.992356538772583"
        },
        {
            "gameTime": "1 - 16:53",
            "label": "Kick-off",
            "position": "1013000",
            "half": "1",
            "confidence": "0.9434598088264465"
        },
        {
            "gameTime": "1 - 15:11",
            "label": "Kick-off",
            "position": "911000",
            "half": "1",
            "confidence": "0.622825562953949"
        },
        {
            "gameTime": "1 - 14:20",
            "label": "Goal",
            "position": "860000",
            "half": "1",
            "confidence": "0.9869681000709534"
        },
        {
            "gameTime": "1 - 14:9",
            "label": "Goal",
            "position": "849500",
            "half": "1",
            "confidence": "0.5093086361885071"
        },
        {
            "gameTime": "1 - 9:53",
            "label": "Substitution",
            "position": "593500",
            "half": "1",
            "confidence": "0.8580570816993713"
        },
        {
            "gameTime": "1 - 37:46",
            "label": "Offside",
            "position": "2266000",
            "half": "1",
            "confidence": "0.6444670557975769"
        },
        {
            "gameTime": "1 - 3:12",
            "label": "Shots on target",
            "position": "192000",
            "half": "1",
            "confidence": "0.8430998921394348"
        },
        {
            "gameTime": "1 - 14:20",
            "label": "Shots on target",
            "position": "860000",
            "half": "1",
            "confidence": "0.7291548848152161"
        },
        {
            "gameTime": "1 - 5:59",
            "label": "Shots on target",
            "position": "359000",
            "half": "1",
            "confidence": "0.70586758852005"
        },
        {
            "gameTime": "1 - 3:22",
            "label": "Shots on target",
            "position": "202000",
            "half": "1",
            "confidence": "0.6667700409889221"
        },
        {
            "gameTime": "1 - 33:44",
            "label": "Shots on target",
            "position": "2024500",
            "half": "1",
            "confidence": "0.5669630169868469"
        },
        {
            "gameTime": "1 - 44:13",
            "label": "Shots on target",
            "position": "2653500",
            "half": "1",
            "confidence": "0.5642688870429993"
        },
        {
            "gameTime": "1 - 39:32",
            "label": "Shots on target",
            "position": "2372000",
            "half": "1",
            "confidence": "0.5454383492469788"
        },
        {
            "gameTime": "1 - 9:6",
            "label": "Shots on target",
            "position": "546500",
            "half": "1",
            "confidence": "0.5374264717102051"
        },
        {
            "gameTime": "1 - 37:33",
            "label": "Shots on target",
            "position": "2253500",
            "half": "1",
            "confidence": "0.5193196535110474"
        },
        {
            "gameTime": "1 - 18:25",
            "label": "Shots on target",
            "position": "1105000",
            "half": "1",
            "confidence": "0.509209394454956"
        },
        {
            "gameTime": "1 - 18:34",
            "label": "Shots off target",
            "position": "1114500",
            "half": "1",
            "confidence": "0.914673924446106"
        },
        {
            "gameTime": "1 - 22:21",
            "label": "Shots off target",
            "position": "1341500",
            "half": "1",
            "confidence": "0.8938646912574768"
        },
        {
            "gameTime": "1 - 22:32",
            "label": "Shots off target",
            "position": "1352500",
            "half": "1",
            "confidence": "0.7636454701423645"
        },
        {
            "gameTime": "1 - 0:37",
            "label": "Shots off target",
            "position": "37500",
            "half": "1",
            "confidence": "0.747931718826294"
        },
        {
            "gameTime": "1 - 2:9",
            "label": "Shots off target",
            "position": "129500",
            "half": "1",
            "confidence": "0.7351109981536865"
        },
        {
            "gameTime": "1 - 21:19",
            "label": "Shots off target",
            "position": "1279000",
            "half": "1",
            "confidence": "0.7267071008682251"
        },
        {
            "gameTime": "1 - 33:57",
            "label": "Shots off target",
            "position": "2037000",
            "half": "1",
            "confidence": "0.7206919193267822"
        },
        {
            "gameTime": "1 - 3:16",
            "label": "Shots off target",
            "position": "196500",
            "half": "1",
            "confidence": "0.678797721862793"
        },
        {
            "gameTime": "1 - 34:58",
            "label": "Shots off target",
            "position": "2098000",
            "half": "1",
            "confidence": "0.6640785336494446"
        },
        {
            "gameTime": "1 - 44:15",
            "label": "Shots off target",
            "position": "2655000",
            "half": "1",
            "confidence": "0.6614314317703247"
        },
        {
            "gameTime": "1 - 18:24",
            "label": "Shots off target",
            "position": "1104000",
            "half": "1",
            "confidence": "0.6543453931808472"
        },
        {
            "gameTime": "1 - 11:25",
            "label": "Shots off target",
            "position": "685500",
            "half": "1",
            "confidence": "0.6358963251113892"
        },
        {
            "gameTime": "1 - 9:1",
            "label": "Shots off target",
            "position": "541500",
            "half": "1",
            "confidence": "0.6076310276985168"
        },
        {
            "gameTime": "1 - 21:29",
            "label": "Shots off target",
            "position": "1289000",
            "half": "1",
            "confidence": "0.6009033918380737"
        },
        {
            "gameTime": "1 - 33:46",
            "label": "Shots off target",
            "position": "2026500",
            "half": "1",
            "confidence": "0.5857566595077515"
        },
        {
            "gameTime": "1 - 31:47",
            "label": "Shots off target",
            "position": "1907500",
            "half": "1",
            "confidence": "0.5848053097724915"
        },
        {
            "gameTime": "1 - 0:47",
            "label": "Shots off target",
            "position": "47500",
            "half": "1",
            "confidence": "0.5828507542610168"
        },
        {
            "gameTime": "1 - 5:59",
            "label": "Shots off target",
            "position": "359000",
            "half": "1",
            "confidence": "0.5796908736228943"
        },
        {
            "gameTime": "1 - 22:9",
            "label": "Shots off target",
            "position": "1329000",
            "half": "1",
            "confidence": "0.5458461046218872"
        },
        {
            "gameTime": "1 - 44:25",
            "label": "Shots off target",
            "position": "2665000",
            "half": "1",
            "confidence": "0.5427669882774353"
        },
        {
            "gameTime": "1 - 3:6",
            "label": "Shots off target",
            "position": "186000",
            "half": "1",
            "confidence": "0.5403125882148743"
        },
        {
            "gameTime": "1 - 37:13",
            "label": "Shots off target",
            "position": "2233500",
            "half": "1",
            "confidence": "0.5042858123779297"
        },
        {
            "gameTime": "1 - 16:47",
            "label": "Clearance",
            "position": "1007500",
            "half": "1",
            "confidence": "0.6186255216598511"
        },
        {
            "gameTime": "1 - 17:0",
            "label": "Clearance",
            "position": "1020000",
            "half": "1",
            "confidence": "0.6044440865516663"
        },
        {
            "gameTime": "1 - 35:17",
            "label": "Clearance",
            "position": "2117500",
            "half": "1",
            "confidence": "0.5084875226020813"
        },
        {
            "gameTime": "1 - 13:40",
            "label": "Ball out of play",
            "position": "820000",
            "half": "1",
            "confidence": "0.9199347496032715"
        },
        {
            "gameTime": "1 - 11:25",
            "label": "Ball out of play",
            "position": "685000",
            "half": "1",
            "confidence": "0.8904827833175659"
        },
        {
            "gameTime": "1 - 27:47",
            "label": "Ball out of play",
            "position": "1667500",
            "half": "1",
            "confidence": "0.8798773288726807"
        },
        {
            "gameTime": "1 - 34:0",
            "label": "Ball out of play",
            "position": "2040500",
            "half": "1",
            "confidence": "0.8481858968734741"
        },
        {
            "gameTime": "1 - 22:19",
            "label": "Ball out of play",
            "position": "1339500",
            "half": "1",
            "confidence": "0.847160279750824"
        },
        {
            "gameTime": "1 - 40:40",
            "label": "Ball out of play",
            "position": "2440500",
            "half": "1",
            "confidence": "0.8443095684051514"
        },
        {
            "gameTime": "1 - 21:32",
            "label": "Ball out of play",
            "position": "1292000",
            "half": "1",
            "confidence": "0.8440563082695007"
        },
        {
            "gameTime": "1 - 13:27",
            "label": "Ball out of play",
            "position": "807000",
            "half": "1",
            "confidence": "0.8433181643486023"
        },
        {
            "gameTime": "1 - 17:34",
            "label": "Ball out of play",
            "position": "1054000",
            "half": "1",
            "confidence": "0.8427500128746033"
        },
        {
            "gameTime": "1 - 0:38",
            "label": "Ball out of play",
            "position": "38000",
            "half": "1",
            "confidence": "0.8403263092041016"
        },
        {
            "gameTime": "1 - 36:8",
            "label": "Ball out of play",
            "position": "2168000",
            "half": "1",
            "confidence": "0.8356390595436096"
        },
        {
            "gameTime": "1 - 15:26",
            "label": "Ball out of play",
            "position": "926500",
            "half": "1",
            "confidence": "0.8310706615447998"
        },
        {
            "gameTime": "1 - 22:45",
            "label": "Ball out of play",
            "position": "1365000",
            "half": "1",
            "confidence": "0.8232166171073914"
        },
        {
            "gameTime": "1 - 34:17",
            "label": "Ball out of play",
            "position": "2057000",
            "half": "1",
            "confidence": "0.8161389827728271"
        },
        {
            "gameTime": "1 - 44:27",
            "label": "Ball out of play",
            "position": "2667000",
            "half": "1",
            "confidence": "0.8132167458534241"
        },
        {
            "gameTime": "1 - 37:8",
            "label": "Ball out of play",
            "position": "2228500",
            "half": "1",
            "confidence": "0.8131642937660217"
        },
        {
            "gameTime": "1 - 21:20",
            "label": "Ball out of play",
            "position": "1280000",
            "half": "1",
            "confidence": "0.8090309500694275"
        },
        {
            "gameTime": "1 - 9:28",
            "label": "Ball out of play",
            "position": "568000",
            "half": "1",
            "confidence": "0.8030170798301697"
        },
        {
            "gameTime": "1 - 44:15",
            "label": "Ball out of play",
            "position": "2655500",
            "half": "1",
            "confidence": "0.7989418506622314"
        },
        {
            "gameTime": "1 - 43:0",
            "label": "Ball out of play",
            "position": "2580000",
            "half": "1",
            "confidence": "0.7985110878944397"
        },
        {
            "gameTime": "1 - 22:32",
            "label": "Ball out of play",
            "position": "1352000",
            "half": "1",
            "confidence": "0.7937745451927185"
        },
        {
            "gameTime": "1 - 20:26",
            "label": "Ball out of play",
            "position": "1226000",
            "half": "1",
            "confidence": "0.7894924879074097"
        },
        {
            "gameTime": "1 - 13:50",
            "label": "Ball out of play",
            "position": "830500",
            "half": "1",
            "confidence": "0.7885928750038147"
        },
        {
            "gameTime": "1 - 33:49",
            "label": "Ball out of play",
            "position": "2029000",
            "half": "1",
            "confidence": "0.7856197357177734"
        },
        {
            "gameTime": "1 - 17:23",
            "label": "Ball out of play",
            "position": "1043500",
            "half": "1",
            "confidence": "0.7685015201568604"
        },
        {
            "gameTime": "1 - 15:36",
            "label": "Ball out of play",
            "position": "936500",
            "half": "1",
            "confidence": "0.7673954963684082"
        },
        {
            "gameTime": "1 - 9:2",
            "label": "Ball out of play",
            "position": "542500",
            "half": "1",
            "confidence": "0.7671888470649719"
        },
        {
            "gameTime": "1 - 18:22",
            "label": "Ball out of play",
            "position": "1102500",
            "half": "1",
            "confidence": "0.761939525604248"
        },
        {
            "gameTime": "1 - 27:58",
            "label": "Ball out of play",
            "position": "1678000",
            "half": "1",
            "confidence": "0.7611200213432312"
        },
        {
            "gameTime": "1 - 2:9",
            "label": "Ball out of play",
            "position": "129500",
            "half": "1",
            "confidence": "0.757840633392334"
        },
        {
            "gameTime": "1 - 31:54",
            "label": "Ball out of play",
            "position": "1914500",
            "half": "1",
            "confidence": "0.7558379769325256"
        },
        {
            "gameTime": "1 - 22:9",
            "label": "Ball out of play",
            "position": "1329000",
            "half": "1",
            "confidence": "0.7466276288032532"
        },
        {
            "gameTime": "1 - 7:8",
            "label": "Ball out of play",
            "position": "428000",
            "half": "1",
            "confidence": "0.7407048344612122"
        },
        {
            "gameTime": "1 - 0:48",
            "label": "Ball out of play",
            "position": "48000",
            "half": "1",
            "confidence": "0.7387674450874329"
        },
        {
            "gameTime": "1 - 20:12",
            "label": "Ball out of play",
            "position": "1212500",
            "half": "1",
            "confidence": "0.7356509566307068"
        },
        {
            "gameTime": "1 - 16:19",
            "label": "Ball out of play",
            "position": "979000",
            "half": "1",
            "confidence": "0.7353204488754272"
        },
        {
            "gameTime": "1 - 42:32",
            "label": "Ball out of play",
            "position": "2552500",
            "half": "1",
            "confidence": "0.7035104036331177"
        },
        {
            "gameTime": "1 - 7:43",
            "label": "Ball out of play",
            "position": "463000",
            "half": "1",
            "confidence": "0.7028817534446716"
        },
        {
            "gameTime": "1 - 14:9",
            "label": "Ball out of play",
            "position": "849500",
            "half": "1",
            "confidence": "0.6976497769355774"
        },
        {
            "gameTime": "1 - 1:59",
            "label": "Ball out of play",
            "position": "119000",
            "half": "1",
            "confidence": "0.6821286082267761"
        },
        {
            "gameTime": "1 - 12:4",
            "label": "Ball out of play",
            "position": "724000",
            "half": "1",
            "confidence": "0.6724257469177246"
        },
        {
            "gameTime": "1 - 41:19",
            "label": "Ball out of play",
            "position": "2479000",
            "half": "1",
            "confidence": "0.6690476536750793"
        },
        {
            "gameTime": "1 - 10:55",
            "label": "Ball out of play",
            "position": "655500",
            "half": "1",
            "confidence": "0.6614911556243896"
        },
        {
            "gameTime": "1 - 36:21",
            "label": "Ball out of play",
            "position": "2181000",
            "half": "1",
            "confidence": "0.6571510434150696"
        },
        {
            "gameTime": "1 - 9:39",
            "label": "Ball out of play",
            "position": "579000",
            "half": "1",
            "confidence": "0.647121787071228"
        },
        {
            "gameTime": "1 - 18:34",
            "label": "Ball out of play",
            "position": "1114500",
            "half": "1",
            "confidence": "0.6466639637947083"
        },
        {
            "gameTime": "1 - 40:26",
            "label": "Ball out of play",
            "position": "2426500",
            "half": "1",
            "confidence": "0.6275613307952881"
        },
        {
            "gameTime": "1 - 11:38",
            "label": "Ball out of play",
            "position": "698500",
            "half": "1",
            "confidence": "0.6258649230003357"
        },
        {
            "gameTime": "1 - 34:57",
            "label": "Ball out of play",
            "position": "2097500",
            "half": "1",
            "confidence": "0.624916136264801"
        },
        {
            "gameTime": "1 - 25:35",
            "label": "Ball out of play",
            "position": "1535500",
            "half": "1",
            "confidence": "0.6231868863105774"
        },
        {
            "gameTime": "1 - 41:7",
            "label": "Ball out of play",
            "position": "2467500",
            "half": "1",
            "confidence": "0.6180071830749512"
        },
        {
            "gameTime": "1 - 16:8",
            "label": "Ball out of play",
            "position": "968500",
            "half": "1",
            "confidence": "0.617245614528656"
        },
        {
            "gameTime": "1 - 32:21",
            "label": "Ball out of play",
            "position": "1941500",
            "half": "1",
            "confidence": "0.6076861619949341"
        },
        {
            "gameTime": "1 - 28:24",
            "label": "Ball out of play",
            "position": "1704000",
            "half": "1",
            "confidence": "0.6056274771690369"
        },
        {
            "gameTime": "1 - 0:10",
            "label": "Ball out of play",
            "position": "10500",
            "half": "1",
            "confidence": "0.6002354025840759"
        },
        {
            "gameTime": "1 - 26:7",
            "label": "Ball out of play",
            "position": "1567000",
            "half": "1",
            "confidence": "0.5984318256378174"
        },
        {
            "gameTime": "1 - 32:11",
            "label": "Ball out of play",
            "position": "1931000",
            "half": "1",
            "confidence": "0.5826593041419983"
        },
        {
            "gameTime": "1 - 0:20",
            "label": "Ball out of play",
            "position": "20500",
            "half": "1",
            "confidence": "0.5717933177947998"
        },
        {
            "gameTime": "1 - 28:8",
            "label": "Ball out of play",
            "position": "1688000",
            "half": "1",
            "confidence": "0.5715763568878174"
        },
        {
            "gameTime": "1 - 43:16",
            "label": "Ball out of play",
            "position": "2596000",
            "half": "1",
            "confidence": "0.5668568015098572"
        },
        {
            "gameTime": "1 - 43:37",
            "label": "Ball out of play",
            "position": "2617000",
            "half": "1",
            "confidence": "0.5528386831283569"
        },
        {
            "gameTime": "1 - 37:22",
            "label": "Ball out of play",
            "position": "2242500",
            "half": "1",
            "confidence": "0.5447824597358704"
        },
        {
            "gameTime": "1 - 6:7",
            "label": "Ball out of play",
            "position": "367000",
            "half": "1",
            "confidence": "0.5385222434997559"
        },
        {
            "gameTime": "1 - 11:5",
            "label": "Ball out of play",
            "position": "665500",
            "half": "1",
            "confidence": "0.5376035571098328"
        },
        {
            "gameTime": "1 - 21:43",
            "label": "Ball out of play",
            "position": "1303500",
            "half": "1",
            "confidence": "0.5191855430603027"
        },
        {
            "gameTime": "1 - 5:55",
            "label": "Ball out of play",
            "position": "355500",
            "half": "1",
            "confidence": "0.5179468393325806"
        },
        {
            "gameTime": "1 - 15:11",
            "label": "Ball out of play",
            "position": "911000",
            "half": "1",
            "confidence": "0.5151974558830261"
        },
        {
            "gameTime": "1 - 43:44",
            "label": "Throw-in",
            "position": "2624000",
            "half": "1",
            "confidence": "0.990699827671051"
        },
        {
            "gameTime": "1 - 26:24",
            "label": "Throw-in",
            "position": "1584000",
            "half": "1",
            "confidence": "0.9775348901748657"
        },
        {
            "gameTime": "1 - 26:5",
            "label": "Throw-in",
            "position": "1565000",
            "half": "1",
            "confidence": "0.9504689574241638"
        },
        {
            "gameTime": "1 - 7:30",
            "label": "Throw-in",
            "position": "450500",
            "half": "1",
            "confidence": "0.9414379000663757"
        },
        {
            "gameTime": "1 - 43:33",
            "label": "Throw-in",
            "position": "2613500",
            "half": "1",
            "confidence": "0.9117236733436584"
        },
        {
            "gameTime": "1 - 7:19",
            "label": "Throw-in",
            "position": "439000",
            "half": "1",
            "confidence": "0.904071569442749"
        },
        {
            "gameTime": "1 - 7:8",
            "label": "Throw-in",
            "position": "428000",
            "half": "1",
            "confidence": "0.8245518803596497"
        },
        {
            "gameTime": "1 - 26:41",
            "label": "Throw-in",
            "position": "1601500",
            "half": "1",
            "confidence": "0.8048338890075684"
        },
        {
            "gameTime": "1 - 25:54",
            "label": "Throw-in",
            "position": "1554500",
            "half": "1",
            "confidence": "0.7937610149383545"
        },
        {
            "gameTime": "1 - 7:41",
            "label": "Throw-in",
            "position": "461000",
            "half": "1",
            "confidence": "0.7777512073516846"
        },
        {
            "gameTime": "1 - 28:6",
            "label": "Throw-in",
            "position": "1686500",
            "half": "1",
            "confidence": "0.7714627385139465"
        },
        {
            "gameTime": "1 - 28:32",
            "label": "Throw-in",
            "position": "1712000",
            "half": "1",
            "confidence": "0.7179574370384216"
        },
        {
            "gameTime": "1 - 19:12",
            "label": "Throw-in",
            "position": "1152500",
            "half": "1",
            "confidence": "0.6858082413673401"
        },
        {
            "gameTime": "1 - 19:22",
            "label": "Throw-in",
            "position": "1162500",
            "half": "1",
            "confidence": "0.6761884093284607"
        },
        {
            "gameTime": "1 - 41:52",
            "label": "Throw-in",
            "position": "2512500",
            "half": "1",
            "confidence": "0.6548130512237549"
        },
        {
            "gameTime": "1 - 28:16",
            "label": "Throw-in",
            "position": "1696500",
            "half": "1",
            "confidence": "0.6441535353660583"
        },
        {
            "gameTime": "1 - 43:1",
            "label": "Throw-in",
            "position": "2581000",
            "half": "1",
            "confidence": "0.5936230421066284"
        },
        {
            "gameTime": "1 - 15:27",
            "label": "Throw-in",
            "position": "927000",
            "half": "1",
            "confidence": "0.5618740916252136"
        },
        {
            "gameTime": "1 - 24:25",
            "label": "Throw-in",
            "position": "1465000",
            "half": "1",
            "confidence": "0.5587054491043091"
        },
        {
            "gameTime": "1 - 31:5",
            "label": "Throw-in",
            "position": "1865500",
            "half": "1",
            "confidence": "0.5550001263618469"
        },
        {
            "gameTime": "1 - 44:40",
            "label": "Throw-in",
            "position": "2680500",
            "half": "1",
            "confidence": "0.5547583699226379"
        },
        {
            "gameTime": "1 - 5:8",
            "label": "Throw-in",
            "position": "308500",
            "half": "1",
            "confidence": "0.5219499468803406"
        },
        {
            "gameTime": "1 - 10:2",
            "label": "Throw-in",
            "position": "602500",
            "half": "1",
            "confidence": "0.513256311416626"
        },
        {
            "gameTime": "1 - 17:47",
            "label": "Foul",
            "position": "1067000",
            "half": "1",
            "confidence": "0.8825371265411377"
        },
        {
            "gameTime": "1 - 3:34",
            "label": "Foul",
            "position": "214000",
            "half": "1",
            "confidence": "0.6415501236915588"
        },
        {
            "gameTime": "1 - 42:2",
            "label": "Foul",
            "position": "2522500",
            "half": "1",
            "confidence": "0.5874933004379272"
        },
        {
            "gameTime": "1 - 1:13",
            "label": "Foul",
            "position": "73000",
            "half": "1",
            "confidence": "0.5073326230049133"
        },
        {
            "gameTime": "1 - 1:15",
            "label": "Indirect free-kick",
            "position": "75000",
            "half": "1",
            "confidence": "0.8729498386383057"
        },
        {
            "gameTime": "1 - 1:25",
            "label": "Indirect free-kick",
            "position": "85500",
            "half": "1",
            "confidence": "0.8672985434532166"
        },
        {
            "gameTime": "1 - 38:59",
            "label": "Indirect free-kick",
            "position": "2339500",
            "half": "1",
            "confidence": "0.698846697807312"
        },
        {
            "gameTime": "1 - 5:40",
            "label": "Indirect free-kick",
            "position": "340000",
            "half": "1",
            "confidence": "0.6219398379325867"
        },
        {
            "gameTime": "1 - 39:10",
            "label": "Indirect free-kick",
            "position": "2350000",
            "half": "1",
            "confidence": "0.6132999658584595"
        },
        {
            "gameTime": "1 - 12:33",
            "label": "Indirect free-kick",
            "position": "753000",
            "half": "1",
            "confidence": "0.5707641839981079"
        },
        {
            "gameTime": "1 - 5:29",
            "label": "Indirect free-kick",
            "position": "329500",
            "half": "1",
            "confidence": "0.5616139769554138"
        },
        {
            "gameTime": "1 - 0:2",
            "label": "Indirect free-kick",
            "position": "2500",
            "half": "1",
            "confidence": "0.5501649379730225"
        },
        {
            "gameTime": "1 - 27:23",
            "label": "Indirect free-kick",
            "position": "1643000",
            "half": "1",
            "confidence": "0.5075379610061646"
        },
        {
            "gameTime": "1 - 18:23",
            "label": "Direct free-kick",
            "position": "1103000",
            "half": "1",
            "confidence": "0.9640370607376099"
        },
        {
            "gameTime": "1 - 4:35",
            "label": "Direct free-kick",
            "position": "275500",
            "half": "1",
            "confidence": "0.9599231481552124"
        },
        {
            "gameTime": "1 - 10:48",
            "label": "Direct free-kick",
            "position": "648000",
            "half": "1",
            "confidence": "0.9573944807052612"
        },
        {
            "gameTime": "1 - 11:1",
            "label": "Direct free-kick",
            "position": "661500",
            "half": "1",
            "confidence": "0.8237003684043884"
        },
        {
            "gameTime": "1 - 39:41",
            "label": "Direct free-kick",
            "position": "2381000",
            "half": "1",
            "confidence": "0.7556467652320862"
        },
        {
            "gameTime": "1 - 5:46",
            "label": "Direct free-kick",
            "position": "346500",
            "half": "1",
            "confidence": "0.7468416690826416"
        },
        {
            "gameTime": "1 - 39:29",
            "label": "Direct free-kick",
            "position": "2369000",
            "half": "1",
            "confidence": "0.6561164855957031"
        },
        {
            "gameTime": "1 - 42:57",
            "label": "Direct free-kick",
            "position": "2577000",
            "half": "1",
            "confidence": "0.618764340877533"
        },
        {
            "gameTime": "1 - 37:2",
            "label": "Direct free-kick",
            "position": "2222000",
            "half": "1",
            "confidence": "0.557059109210968"
        },
        {
            "gameTime": "1 - 5:56",
            "label": "Direct free-kick",
            "position": "356500",
            "half": "1",
            "confidence": "0.5356118083000183"
        },
        {
            "gameTime": "1 - 18:33",
            "label": "Direct free-kick",
            "position": "1113000",
            "half": "1",
            "confidence": "0.5081542134284973"
        },
        {
            "gameTime": "1 - 32:13",
            "label": "Corner",
            "position": "1933000",
            "half": "1",
            "confidence": "0.9746675491333008"
        },
        {
            "gameTime": "1 - 37:27",
            "label": "Corner",
            "position": "2247500",
            "half": "1",
            "confidence": "0.8584442138671875"
        },
        {
            "gameTime": "1 - 37:14",
            "label": "Corner",
            "position": "2234500",
            "half": "1",
            "confidence": "0.7293710708618164"
        },
        {
            "gameTime": "1 - 32:23",
            "label": "Corner",
            "position": "1943000",
            "half": "1",
            "confidence": "0.7183865904808044"
        },
        {
            "gameTime": "1 - 31:56",
            "label": "Corner",
            "position": "1916500",
            "half": "1",
            "confidence": "0.6234496235847473"
        },
        {
            "gameTime": "1 - 37:37",
            "label": "Corner",
            "position": "2257500",
            "half": "1",
            "confidence": "0.5931248068809509"
        },
        {
            "gameTime": "1 - 37:4",
            "label": "Corner",
            "position": "2224000",
            "half": "1",
            "confidence": "0.5850222110748291"
        },
        {
            "gameTime": "1 - 21:40",
            "label": "Corner",
            "position": "1300000",
            "half": "1",
            "confidence": "0.5800755023956299"
        },
        {
            "gameTime": "1 - 30:25",
            "label": "Yellow card",
            "position": "1825000",
            "half": "1",
            "confidence": "0.7393755316734314"
        },
        {
            "gameTime": "2 - 15:57",
            "label": "Penalty",
            "position": "957500",
            "half": "2",
            "confidence": "0.7285728454589844"
        },
        {
            "gameTime": "2 - 16:40",
            "label": "Kick-off",
            "position": "1000000",
            "half": "2",
            "confidence": "0.9509264230728149"
        },
        {
            "gameTime": "2 - 16:29",
            "label": "Kick-off",
            "position": "989500",
            "half": "2",
            "confidence": "0.8956108093261719"
        },
        {
            "gameTime": "2 - 16:50",
            "label": "Kick-off",
            "position": "1010000",
            "half": "2",
            "confidence": "0.7504852414131165"
        },
        {
            "gameTime": "2 - 19:7",
            "label": "Kick-off",
            "position": "1147000",
            "half": "2",
            "confidence": "0.5622777938842773"
        },
        {
            "gameTime": "2 - 19:19",
            "label": "Kick-off",
            "position": "1159000",
            "half": "2",
            "confidence": "0.5173683166503906"
        },
        {
            "gameTime": "2 - 31:49",
            "label": "Goal",
            "position": "1909500",
            "half": "2",
            "confidence": "0.9752067923545837"
        },
        {
            "gameTime": "2 - 15:55",
            "label": "Goal",
            "position": "955500",
            "half": "2",
            "confidence": "0.9740312099456787"
        },
        {
            "gameTime": "2 - 18:17",
            "label": "Goal",
            "position": "1097000",
            "half": "2",
            "confidence": "0.9463515877723694"
        },
        {
            "gameTime": "2 - 31:59",
            "label": "Goal",
            "position": "1919500",
            "half": "2",
            "confidence": "0.9394720792770386"
        },
        {
            "gameTime": "2 - 15:44",
            "label": "Goal",
            "position": "944000",
            "half": "2",
            "confidence": "0.7176962494850159"
        },
        {
            "gameTime": "2 - 18:27",
            "label": "Goal",
            "position": "1107000",
            "half": "2",
            "confidence": "0.6381707787513733"
        },
        {
            "gameTime": "2 - 4:12",
            "label": "Goal",
            "position": "252000",
            "half": "2",
            "confidence": "0.5659897923469543"
        },
        {
            "gameTime": "2 - 22:18",
            "label": "Substitution",
            "position": "1338500",
            "half": "2",
            "confidence": "0.9394036531448364"
        },
        {
            "gameTime": "2 - 22:33",
            "label": "Substitution",
            "position": "1353500",
            "half": "2",
            "confidence": "0.8859313726425171"
        },
        {
            "gameTime": "2 - 22:44",
            "label": "Substitution",
            "position": "1364500",
            "half": "2",
            "confidence": "0.8013655543327332"
        },
        {
            "gameTime": "2 - 38:31",
            "label": "Substitution",
            "position": "2311500",
            "half": "2",
            "confidence": "0.7069880366325378"
        },
        {
            "gameTime": "2 - 28:49",
            "label": "Substitution",
            "position": "1729000",
            "half": "2",
            "confidence": "0.6867709159851074"
        },
        {
            "gameTime": "2 - 38:57",
            "label": "Substitution",
            "position": "2337500",
            "half": "2",
            "confidence": "0.6549263000488281"
        },
        {
            "gameTime": "2 - 32:37",
            "label": "Substitution",
            "position": "1957500",
            "half": "2",
            "confidence": "0.5679802894592285"
        },
        {
            "gameTime": "2 - 5:45",
            "label": "Shots on target",
            "position": "345000",
            "half": "2",
            "confidence": "0.8567821383476257"
        },
        {
            "gameTime": "2 - 15:52",
            "label": "Shots on target",
            "position": "952500",
            "half": "2",
            "confidence": "0.8256950974464417"
        },
        {
            "gameTime": "2 - 5:55",
            "label": "Shots on target",
            "position": "355000",
            "half": "2",
            "confidence": "0.7982990741729736"
        },
        {
            "gameTime": "2 - 26:3",
            "label": "Shots on target",
            "position": "1563000",
            "half": "2",
            "confidence": "0.7382805943489075"
        },
        {
            "gameTime": "2 - 18:18",
            "label": "Shots on target",
            "position": "1098000",
            "half": "2",
            "confidence": "0.7021209597587585"
        },
        {
            "gameTime": "2 - 6:55",
            "label": "Shots on target",
            "position": "415500",
            "half": "2",
            "confidence": "0.6806391477584839"
        },
        {
            "gameTime": "2 - 34:5",
            "label": "Shots on target",
            "position": "2045500",
            "half": "2",
            "confidence": "0.6793505549430847"
        },
        {
            "gameTime": "2 - 26:13",
            "label": "Shots on target",
            "position": "1573000",
            "half": "2",
            "confidence": "0.6583601236343384"
        },
        {
            "gameTime": "2 - 14:17",
            "label": "Shots on target",
            "position": "857500",
            "half": "2",
            "confidence": "0.6372743248939514"
        },
        {
            "gameTime": "2 - 31:47",
            "label": "Shots on target",
            "position": "1907500",
            "half": "2",
            "confidence": "0.5941804647445679"
        },
        {
            "gameTime": "2 - 40:51",
            "label": "Shots on target",
            "position": "2451500",
            "half": "2",
            "confidence": "0.5764811635017395"
        },
        {
            "gameTime": "2 - 41:42",
            "label": "Shots on target",
            "position": "2502500",
            "half": "2",
            "confidence": "0.5738459825515747"
        },
        {
            "gameTime": "2 - 7:5",
            "label": "Shots on target",
            "position": "425500",
            "half": "2",
            "confidence": "0.5402325391769409"
        },
        {
            "gameTime": "2 - 27:8",
            "label": "Shots on target",
            "position": "1628000",
            "half": "2",
            "confidence": "0.5299254059791565"
        },
        {
            "gameTime": "2 - 31:58",
            "label": "Shots on target",
            "position": "1918500",
            "half": "2",
            "confidence": "0.5044551491737366"
        },
        {
            "gameTime": "2 - 26:49",
            "label": "Shots on target",
            "position": "1609500",
            "half": "2",
            "confidence": "0.5002698302268982"
        },
        {
            "gameTime": "2 - 14:30",
            "label": "Shots off target",
            "position": "870500",
            "half": "2",
            "confidence": "0.8634429574012756"
        },
        {
            "gameTime": "2 - 29:49",
            "label": "Shots off target",
            "position": "1789000",
            "half": "2",
            "confidence": "0.7959385514259338"
        },
        {
            "gameTime": "2 - 42:18",
            "label": "Shots off target",
            "position": "2538000",
            "half": "2",
            "confidence": "0.7697559595108032"
        },
        {
            "gameTime": "2 - 37:16",
            "label": "Shots off target",
            "position": "2236500",
            "half": "2",
            "confidence": "0.7561393976211548"
        },
        {
            "gameTime": "2 - 29:59",
            "label": "Shots off target",
            "position": "1799500",
            "half": "2",
            "confidence": "0.7304660081863403"
        },
        {
            "gameTime": "2 - 12:33",
            "label": "Shots off target",
            "position": "753500",
            "half": "2",
            "confidence": "0.7160714268684387"
        },
        {
            "gameTime": "2 - 37:5",
            "label": "Shots off target",
            "position": "2225000",
            "half": "2",
            "confidence": "0.697798490524292"
        },
        {
            "gameTime": "2 - 5:47",
            "label": "Shots off target",
            "position": "347000",
            "half": "2",
            "confidence": "0.6708421111106873"
        },
        {
            "gameTime": "2 - 10:36",
            "label": "Shots off target",
            "position": "636000",
            "half": "2",
            "confidence": "0.5580863952636719"
        },
        {
            "gameTime": "2 - 40:41",
            "label": "Shots off target",
            "position": "2441500",
            "half": "2",
            "confidence": "0.5482465028762817"
        },
        {
            "gameTime": "2 - 10:25",
            "label": "Shots off target",
            "position": "625500",
            "half": "2",
            "confidence": "0.5345597267150879"
        },
        {
            "gameTime": "2 - 14:46",
            "label": "Clearance",
            "position": "886500",
            "half": "2",
            "confidence": "0.7412562370300293"
        },
        {
            "gameTime": "2 - 42:16",
            "label": "Ball out of play",
            "position": "2536000",
            "half": "2",
            "confidence": "0.9344701766967773"
        },
        {
            "gameTime": "2 - 29:47",
            "label": "Ball out of play",
            "position": "1787000",
            "half": "2",
            "confidence": "0.9296055436134338"
        },
        {
            "gameTime": "2 - 37:19",
            "label": "Ball out of play",
            "position": "2239500",
            "half": "2",
            "confidence": "0.9262192249298096"
        },
        {
            "gameTime": "2 - 42:26",
            "label": "Ball out of play",
            "position": "2546000",
            "half": "2",
            "confidence": "0.8881523013114929"
        },
        {
            "gameTime": "2 - 31:55",
            "label": "Ball out of play",
            "position": "1915500",
            "half": "2",
            "confidence": "0.883965015411377"
        },
        {
            "gameTime": "2 - 30:0",
            "label": "Ball out of play",
            "position": "1800000",
            "half": "2",
            "confidence": "0.8680631518363953"
        },
        {
            "gameTime": "2 - 37:7",
            "label": "Ball out of play",
            "position": "2227000",
            "half": "2",
            "confidence": "0.8676732778549194"
        },
        {
            "gameTime": "2 - 12:4",
            "label": "Ball out of play",
            "position": "724500",
            "half": "2",
            "confidence": "0.8608883619308472"
        },
        {
            "gameTime": "2 - 36:4",
            "label": "Ball out of play",
            "position": "2164000",
            "half": "2",
            "confidence": "0.8413639664649963"
        },
        {
            "gameTime": "2 - 18:20",
            "label": "Ball out of play",
            "position": "1100000",
            "half": "2",
            "confidence": "0.8364328145980835"
        },
        {
            "gameTime": "2 - 14:36",
            "label": "Ball out of play",
            "position": "876000",
            "half": "2",
            "confidence": "0.8342875838279724"
        },
        {
            "gameTime": "2 - 11:50",
            "label": "Ball out of play",
            "position": "710000",
            "half": "2",
            "confidence": "0.8311166167259216"
        },
        {
            "gameTime": "2 - 41:55",
            "label": "Ball out of play",
            "position": "2515000",
            "half": "2",
            "confidence": "0.8129259943962097"
        },
        {
            "gameTime": "2 - 29:18",
            "label": "Ball out of play",
            "position": "1758000",
            "half": "2",
            "confidence": "0.8105693459510803"
        },
        {
            "gameTime": "2 - 8:21",
            "label": "Ball out of play",
            "position": "501000",
            "half": "2",
            "confidence": "0.7917718291282654"
        },
        {
            "gameTime": "2 - 11:39",
            "label": "Ball out of play",
            "position": "699500",
            "half": "2",
            "confidence": "0.7908928990364075"
        },
        {
            "gameTime": "2 - 28:54",
            "label": "Ball out of play",
            "position": "1734000",
            "half": "2",
            "confidence": "0.7821499109268188"
        },
        {
            "gameTime": "2 - 29:28",
            "label": "Ball out of play",
            "position": "1768000",
            "half": "2",
            "confidence": "0.7609090209007263"
        },
        {
            "gameTime": "2 - 12:32",
            "label": "Ball out of play",
            "position": "752500",
            "half": "2",
            "confidence": "0.7564292550086975"
        },
        {
            "gameTime": "2 - 35:7",
            "label": "Ball out of play",
            "position": "2107000",
            "half": "2",
            "confidence": "0.7532973885536194"
        },
        {
            "gameTime": "2 - 10:35",
            "label": "Ball out of play",
            "position": "635000",
            "half": "2",
            "confidence": "0.749494194984436"
        },
        {
            "gameTime": "2 - 35:52",
            "label": "Ball out of play",
            "position": "2152000",
            "half": "2",
            "confidence": "0.7480872869491577"
        },
        {
            "gameTime": "2 - 34:9",
            "label": "Ball out of play",
            "position": "2049000",
            "half": "2",
            "confidence": "0.7336080074310303"
        },
        {
            "gameTime": "2 - 14:22",
            "label": "Ball out of play",
            "position": "862000",
            "half": "2",
            "confidence": "0.7271148562431335"
        },
        {
            "gameTime": "2 - 34:27",
            "label": "Ball out of play",
            "position": "2067000",
            "half": "2",
            "confidence": "0.719953179359436"
        },
        {
            "gameTime": "2 - 4:23",
            "label": "Ball out of play",
            "position": "263000",
            "half": "2",
            "confidence": "0.7164196372032166"
        },
        {
            "gameTime": "2 - 24:51",
            "label": "Ball out of play",
            "position": "1491000",
            "half": "2",
            "confidence": "0.6843612790107727"
        },
        {
            "gameTime": "2 - 19:43",
            "label": "Ball out of play",
            "position": "1183000",
            "half": "2",
            "confidence": "0.6835737824440002"
        },
        {
            "gameTime": "2 - 24:40",
            "label": "Ball out of play",
            "position": "1480000",
            "half": "2",
            "confidence": "0.6758565306663513"
        },
        {
            "gameTime": "2 - 6:49",
            "label": "Ball out of play",
            "position": "409000",
            "half": "2",
            "confidence": "0.6647164821624756"
        },
        {
            "gameTime": "2 - 16:39",
            "label": "Ball out of play",
            "position": "999500",
            "half": "2",
            "confidence": "0.6636268496513367"
        },
        {
            "gameTime": "2 - 23:43",
            "label": "Ball out of play",
            "position": "1423000",
            "half": "2",
            "confidence": "0.6484517455101013"
        },
        {
            "gameTime": "2 - 41:43",
            "label": "Ball out of play",
            "position": "2503500",
            "half": "2",
            "confidence": "0.6435635089874268"
        },
        {
            "gameTime": "2 - 30:12",
            "label": "Ball out of play",
            "position": "1812000",
            "half": "2",
            "confidence": "0.6395336389541626"
        },
        {
            "gameTime": "2 - 17:48",
            "label": "Ball out of play",
            "position": "1068500",
            "half": "2",
            "confidence": "0.6385860443115234"
        },
        {
            "gameTime": "2 - 5:13",
            "label": "Ball out of play",
            "position": "313500",
            "half": "2",
            "confidence": "0.6337873339653015"
        },
        {
            "gameTime": "2 - 26:40",
            "label": "Ball out of play",
            "position": "1600000",
            "half": "2",
            "confidence": "0.6272388696670532"
        },
        {
            "gameTime": "2 - 34:56",
            "label": "Ball out of play",
            "position": "2096500",
            "half": "2",
            "confidence": "0.5907390713691711"
        },
        {
            "gameTime": "2 - 15:16",
            "label": "Ball out of play",
            "position": "916500",
            "half": "2",
            "confidence": "0.5898996591567993"
        },
        {
            "gameTime": "2 - 4:1",
            "label": "Ball out of play",
            "position": "241000",
            "half": "2",
            "confidence": "0.5768797397613525"
        },
        {
            "gameTime": "2 - 13:33",
            "label": "Ball out of play",
            "position": "813500",
            "half": "2",
            "confidence": "0.5567854642868042"
        },
        {
            "gameTime": "2 - 13:54",
            "label": "Ball out of play",
            "position": "834500",
            "half": "2",
            "confidence": "0.5561515092849731"
        },
        {
            "gameTime": "2 - 40:42",
            "label": "Ball out of play",
            "position": "2442000",
            "half": "2",
            "confidence": "0.5510903596878052"
        },
        {
            "gameTime": "2 - 40:55",
            "label": "Ball out of play",
            "position": "2455000",
            "half": "2",
            "confidence": "0.5481471419334412"
        },
        {
            "gameTime": "2 - 31:16",
            "label": "Ball out of play",
            "position": "1876500",
            "half": "2",
            "confidence": "0.5436346530914307"
        },
        {
            "gameTime": "2 - 1:8",
            "label": "Ball out of play",
            "position": "68500",
            "half": "2",
            "confidence": "0.5397824048995972"
        },
        {
            "gameTime": "2 - 0:28",
            "label": "Ball out of play",
            "position": "28500",
            "half": "2",
            "confidence": "0.5298705697059631"
        },
        {
            "gameTime": "2 - 42:47",
            "label": "Ball out of play",
            "position": "2567000",
            "half": "2",
            "confidence": "0.5257246494293213"
        },
        {
            "gameTime": "2 - 8:7",
            "label": "Ball out of play",
            "position": "487000",
            "half": "2",
            "confidence": "0.5165857672691345"
        },
        {
            "gameTime": "2 - 9:1",
            "label": "Ball out of play",
            "position": "541000",
            "half": "2",
            "confidence": "0.5144274830818176"
        },
        {
            "gameTime": "2 - 44:6",
            "label": "Ball out of play",
            "position": "2646500",
            "half": "2",
            "confidence": "0.5126230716705322"
        },
        {
            "gameTime": "2 - 29:18",
            "label": "Throw-in",
            "position": "1758000",
            "half": "2",
            "confidence": "0.9584752321243286"
        },
        {
            "gameTime": "2 - 29:30",
            "label": "Throw-in",
            "position": "1770000",
            "half": "2",
            "confidence": "0.9508786797523499"
        },
        {
            "gameTime": "2 - 28:54",
            "label": "Throw-in",
            "position": "1734000",
            "half": "2",
            "confidence": "0.9242181777954102"
        },
        {
            "gameTime": "2 - 4:43",
            "label": "Throw-in",
            "position": "283500",
            "half": "2",
            "confidence": "0.9106953740119934"
        },
        {
            "gameTime": "2 - 4:33",
            "label": "Throw-in",
            "position": "273000",
            "half": "2",
            "confidence": "0.8907091617584229"
        },
        {
            "gameTime": "2 - 23:57",
            "label": "Throw-in",
            "position": "1437000",
            "half": "2",
            "confidence": "0.812615692615509"
        },
        {
            "gameTime": "2 - 17:50",
            "label": "Throw-in",
            "position": "1070000",
            "half": "2",
            "confidence": "0.7468348145484924"
        },
        {
            "gameTime": "2 - 41:57",
            "label": "Throw-in",
            "position": "2517000",
            "half": "2",
            "confidence": "0.7465131282806396"
        },
        {
            "gameTime": "2 - 29:7",
            "label": "Throw-in",
            "position": "1747000",
            "half": "2",
            "confidence": "0.6933344006538391"
        },
        {
            "gameTime": "2 - 44:13",
            "label": "Throw-in",
            "position": "2653000",
            "half": "2",
            "confidence": "0.6828712821006775"
        },
        {
            "gameTime": "2 - 17:0",
            "label": "Throw-in",
            "position": "1020500",
            "half": "2",
            "confidence": "0.6547696590423584"
        },
        {
            "gameTime": "2 - 19:43",
            "label": "Throw-in",
            "position": "1183000",
            "half": "2",
            "confidence": "0.6203126907348633"
        },
        {
            "gameTime": "2 - 42:7",
            "label": "Throw-in",
            "position": "2527000",
            "half": "2",
            "confidence": "0.6180596947669983"
        },
        {
            "gameTime": "2 - 19:53",
            "label": "Throw-in",
            "position": "1193500",
            "half": "2",
            "confidence": "0.6098415851593018"
        },
        {
            "gameTime": "2 - 43:14",
            "label": "Throw-in",
            "position": "2594000",
            "half": "2",
            "confidence": "0.6096037030220032"
        },
        {
            "gameTime": "2 - 15:19",
            "label": "Throw-in",
            "position": "919000",
            "half": "2",
            "confidence": "0.5983355641365051"
        },
        {
            "gameTime": "2 - 18:0",
            "label": "Throw-in",
            "position": "1080000",
            "half": "2",
            "confidence": "0.5849478244781494"
        },
        {
            "gameTime": "2 - 12:6",
            "label": "Throw-in",
            "position": "726500",
            "half": "2",
            "confidence": "0.5530688762664795"
        },
        {
            "gameTime": "2 - 23:46",
            "label": "Throw-in",
            "position": "1426500",
            "half": "2",
            "confidence": "0.5463576912879944"
        },
        {
            "gameTime": "2 - 0:29",
            "label": "Throw-in",
            "position": "29500",
            "half": "2",
            "confidence": "0.5211648941040039"
        },
        {
            "gameTime": "2 - 9:4",
            "label": "Throw-in",
            "position": "544500",
            "half": "2",
            "confidence": "0.5187124609947205"
        },
        {
            "gameTime": "2 - 1:8",
            "label": "Throw-in",
            "position": "68000",
            "half": "2",
            "confidence": "0.5072625875473022"
        },
        {
            "gameTime": "2 - 35:53",
            "label": "Throw-in",
            "position": "2153000",
            "half": "2",
            "confidence": "0.5061467885971069"
        },
        {
            "gameTime": "2 - 0:11",
            "label": "Foul",
            "position": "11500",
            "half": "2",
            "confidence": "0.7220233082771301"
        },
        {
            "gameTime": "2 - 23:5",
            "label": "Foul",
            "position": "1385500",
            "half": "2",
            "confidence": "0.6382949352264404"
        },
        {
            "gameTime": "2 - 0:42",
            "label": "Foul",
            "position": "42500",
            "half": "2",
            "confidence": "0.6333703994750977"
        },
        {
            "gameTime": "2 - 13:25",
            "label": "Foul",
            "position": "805500",
            "half": "2",
            "confidence": "0.6248013377189636"
        },
        {
            "gameTime": "2 - 36:30",
            "label": "Foul",
            "position": "2190500",
            "half": "2",
            "confidence": "0.6237074136734009"
        },
        {
            "gameTime": "2 - 21:16",
            "label": "Foul",
            "position": "1276000",
            "half": "2",
            "confidence": "0.6154671311378479"
        },
        {
            "gameTime": "2 - 24:22",
            "label": "Foul",
            "position": "1462000",
            "half": "2",
            "confidence": "0.5208251476287842"
        },
        {
            "gameTime": "2 - 13:16",
            "label": "Indirect free-kick",
            "position": "796000",
            "half": "2",
            "confidence": "0.8680809140205383"
        },
        {
            "gameTime": "2 - 13:26",
            "label": "Indirect free-kick",
            "position": "806000",
            "half": "2",
            "confidence": "0.8239291310310364"
        },
        {
            "gameTime": "2 - 23:6",
            "label": "Indirect free-kick",
            "position": "1386000",
            "half": "2",
            "confidence": "0.7206928133964539"
        },
        {
            "gameTime": "2 - 36:33",
            "label": "Indirect free-kick",
            "position": "2193500",
            "half": "2",
            "confidence": "0.6971195936203003"
        },
        {
            "gameTime": "2 - 36:46",
            "label": "Indirect free-kick",
            "position": "2206000",
            "half": "2",
            "confidence": "0.674945056438446"
        },
        {
            "gameTime": "2 - 19:37",
            "label": "Indirect free-kick",
            "position": "1177000",
            "half": "2",
            "confidence": "0.6649248600006104"
        },
        {
            "gameTime": "2 - 0:20",
            "label": "Indirect free-kick",
            "position": "20000",
            "half": "2",
            "confidence": "0.6236276626586914"
        },
        {
            "gameTime": "2 - 0:9",
            "label": "Indirect free-kick",
            "position": "9500",
            "half": "2",
            "confidence": "0.5932734608650208"
        },
        {
            "gameTime": "2 - 8:43",
            "label": "Indirect free-kick",
            "position": "523500",
            "half": "2",
            "confidence": "0.5636539459228516"
        },
        {
            "gameTime": "2 - 0:50",
            "label": "Indirect free-kick",
            "position": "50000",
            "half": "2",
            "confidence": "0.5269126892089844"
        },
        {
            "gameTime": "2 - 13:38",
            "label": "Indirect free-kick",
            "position": "818000",
            "half": "2",
            "confidence": "0.5058167576789856"
        },
        {
            "gameTime": "2 - 22:55",
            "label": "Indirect free-kick",
            "position": "1375500",
            "half": "2",
            "confidence": "0.5014021992683411"
        },
        {
            "gameTime": "2 - 42:43",
            "label": "Corner",
            "position": "2563500",
            "half": "2",
            "confidence": "0.9914963245391846"
        },
        {
            "gameTime": "2 - 34:29",
            "label": "Corner",
            "position": "2069000",
            "half": "2",
            "confidence": "0.9884109497070312"
        },
        {
            "gameTime": "2 - 34:39",
            "label": "Corner",
            "position": "2079000",
            "half": "2",
            "confidence": "0.9127336144447327"
        },
        {
            "gameTime": "2 - 42:53",
            "label": "Corner",
            "position": "2573500",
            "half": "2",
            "confidence": "0.8324136137962341"
        },
        {
            "gameTime": "2 - 34:18",
            "label": "Corner",
            "position": "2058500",
            "half": "2",
            "confidence": "0.552133321762085"
        },
        {
            "gameTime": "2 - 21:16",
            "label": "Yellow card",
            "position": "1276000",
            "half": "2",
            "confidence": "0.7924971580505371"
        }
    ]
}