{
    "UrlLocal": "spain_laliga/2019-2020/2019-12-15 - 18-00 Valencia 1 - 1 Real Madrid",
    "predictions": [
        {
            "gameTime": "1 - 0:0",
            "label": "Kick-off",
            "position": "0",
            "half": "1",
            "confidence": "0.9757163524627686"
        },
        {
            "gameTime": "1 - 0:10",
            "label": "Kick-off",
            "position": "10000",
            "half": "1",
            "confidence": "0.9017514586448669"
        },
        {
            "gameTime": "1 - 21:35",
            "label": "Kick-off",
            "position": "1295000",
            "half": "1",
            "confidence": "0.613218367099762"
        },
        {
            "gameTime": "1 - 38:35",
            "label": "Kick-off",
            "position": "2315000",
            "half": "1",
            "confidence": "0.5160645246505737"
        },
        {
            "gameTime": "1 - 26:24",
            "label": "Goal",
            "position": "1584500",
            "half": "1",
            "confidence": "0.5591364502906799"
        },
        {
            "gameTime": "1 - 19:31",
            "label": "Shots on target",
            "position": "1171500",
            "half": "1",
            "confidence": "0.6461960673332214"
        },
        {
            "gameTime": "1 - 38:24",
            "label": "Shots off target",
            "position": "2304000",
            "half": "1",
            "confidence": "0.7428627014160156"
        },
        {
            "gameTime": "1 - 18:17",
            "label": "Shots off target",
            "position": "1097500",
            "half": "1",
            "confidence": "0.684853732585907"
        },
        {
            "gameTime": "1 - 13:18",
            "label": "Shots off target",
            "position": "798500",
            "half": "1",
            "confidence": "0.6476955413818359"
        },
        {
            "gameTime": "1 - 19:37",
            "label": "Shots off target",
            "position": "1177000",
            "half": "1",
            "confidence": "0.5775346159934998"
        },
        {
            "gameTime": "1 - 8:49",
            "label": "Shots off target",
            "position": "529000",
            "half": "1",
            "confidence": "0.5452149510383606"
        },
        {
            "gameTime": "1 - 16:46",
            "label": "Shots off target",
            "position": "1006000",
            "half": "1",
            "confidence": "0.5062534809112549"
        },
        {
            "gameTime": "1 - 19:51",
            "label": "Clearance",
            "position": "1191000",
            "half": "1",
            "confidence": "0.8896754384040833"
        },
        {
            "gameTime": "1 - 36:34",
            "label": "Clearance",
            "position": "2194500",
            "half": "1",
            "confidence": "0.8694742918014526"
        },
        {
            "gameTime": "1 - 23:36",
            "label": "Clearance",
            "position": "1416000",
            "half": "1",
            "confidence": "0.7143779397010803"
        },
        {
            "gameTime": "1 - 36:24",
            "label": "Clearance",
            "position": "2184000",
            "half": "1",
            "confidence": "0.6665254235267639"
        },
        {
            "gameTime": "1 - 9:8",
            "label": "Clearance",
            "position": "548000",
            "half": "1",
            "confidence": "0.6093234419822693"
        },
        {
            "gameTime": "1 - 44:7",
            "label": "Clearance",
            "position": "2647000",
            "half": "1",
            "confidence": "0.5640881061553955"
        },
        {
            "gameTime": "1 - 34:46",
            "label": "Ball out of play",
            "position": "2086500",
            "half": "1",
            "confidence": "0.9037161469459534"
        },
        {
            "gameTime": "1 - 13:20",
            "label": "Ball out of play",
            "position": "800000",
            "half": "1",
            "confidence": "0.8629137277603149"
        },
        {
            "gameTime": "1 - 34:56",
            "label": "Ball out of play",
            "position": "2096500",
            "half": "1",
            "confidence": "0.8288964629173279"
        },
        {
            "gameTime": "1 - 8:51",
            "label": "Ball out of play",
            "position": "531000",
            "half": "1",
            "confidence": "0.8257040977478027"
        },
        {
            "gameTime": "1 - 12:20",
            "label": "Ball out of play",
            "position": "740000",
            "half": "1",
            "confidence": "0.8238465785980225"
        },
        {
            "gameTime": "1 - 8:40",
            "label": "Ball out of play",
            "position": "520500",
            "half": "1",
            "confidence": "0.8203997611999512"
        },
        {
            "gameTime": "1 - 6:11",
            "label": "Ball out of play",
            "position": "371000",
            "half": "1",
            "confidence": "0.7934074997901917"
        },
        {
            "gameTime": "1 - 41:44",
            "label": "Ball out of play",
            "position": "2504000",
            "half": "1",
            "confidence": "0.7613485455513"
        },
        {
            "gameTime": "1 - 18:18",
            "label": "Ball out of play",
            "position": "1098500",
            "half": "1",
            "confidence": "0.759653627872467"
        },
        {
            "gameTime": "1 - 42:29",
            "label": "Ball out of play",
            "position": "2549500",
            "half": "1",
            "confidence": "0.7492120265960693"
        },
        {
            "gameTime": "1 - 18:7",
            "label": "Ball out of play",
            "position": "1087000",
            "half": "1",
            "confidence": "0.7222818732261658"
        },
        {
            "gameTime": "1 - 19:41",
            "label": "Ball out of play",
            "position": "1181500",
            "half": "1",
            "confidence": "0.7153458595275879"
        },
        {
            "gameTime": "1 - 33:0",
            "label": "Ball out of play",
            "position": "1980500",
            "half": "1",
            "confidence": "0.7116892337799072"
        },
        {
            "gameTime": "1 - 2:58",
            "label": "Ball out of play",
            "position": "178000",
            "half": "1",
            "confidence": "0.7025537490844727"
        },
        {
            "gameTime": "1 - 26:31",
            "label": "Ball out of play",
            "position": "1591000",
            "half": "1",
            "confidence": "0.702495813369751"
        },
        {
            "gameTime": "1 - 12:30",
            "label": "Ball out of play",
            "position": "750000",
            "half": "1",
            "confidence": "0.6654613018035889"
        },
        {
            "gameTime": "1 - 13:9",
            "label": "Ball out of play",
            "position": "789500",
            "half": "1",
            "confidence": "0.6410022377967834"
        },
        {
            "gameTime": "1 - 27:29",
            "label": "Ball out of play",
            "position": "1649500",
            "half": "1",
            "confidence": "0.6364113688468933"
        },
        {
            "gameTime": "1 - 4:44",
            "label": "Ball out of play",
            "position": "284000",
            "half": "1",
            "confidence": "0.6348389387130737"
        },
        {
            "gameTime": "1 - 43:40",
            "label": "Ball out of play",
            "position": "2620500",
            "half": "1",
            "confidence": "0.6048239469528198"
        },
        {
            "gameTime": "1 - 15:38",
            "label": "Ball out of play",
            "position": "938000",
            "half": "1",
            "confidence": "0.5976361632347107"
        },
        {
            "gameTime": "1 - 36:4",
            "label": "Ball out of play",
            "position": "2164500",
            "half": "1",
            "confidence": "0.5816307663917542"
        },
        {
            "gameTime": "1 - 33:54",
            "label": "Ball out of play",
            "position": "2034000",
            "half": "1",
            "confidence": "0.5711792707443237"
        },
        {
            "gameTime": "1 - 32:4",
            "label": "Ball out of play",
            "position": "1924000",
            "half": "1",
            "confidence": "0.5463084578514099"
        },
        {
            "gameTime": "1 - 5:59",
            "label": "Ball out of play",
            "position": "359500",
            "half": "1",
            "confidence": "0.5280893445014954"
        },
        {
            "gameTime": "1 - 15:4",
            "label": "Ball out of play",
            "position": "904500",
            "half": "1",
            "confidence": "0.5263170599937439"
        },
        {
            "gameTime": "1 - 41:49",
            "label": "Throw-in",
            "position": "2509000",
            "half": "1",
            "confidence": "0.9835911393165588"
        },
        {
            "gameTime": "1 - 43:3",
            "label": "Throw-in",
            "position": "2583000",
            "half": "1",
            "confidence": "0.9785680174827576"
        },
        {
            "gameTime": "1 - 42:51",
            "label": "Throw-in",
            "position": "2571000",
            "half": "1",
            "confidence": "0.9598997235298157"
        },
        {
            "gameTime": "1 - 42:40",
            "label": "Throw-in",
            "position": "2560500",
            "half": "1",
            "confidence": "0.9416112303733826"
        },
        {
            "gameTime": "1 - 41:59",
            "label": "Throw-in",
            "position": "2519500",
            "half": "1",
            "confidence": "0.9119621515274048"
        },
        {
            "gameTime": "1 - 32:57",
            "label": "Throw-in",
            "position": "1977500",
            "half": "1",
            "confidence": "0.700068473815918"
        },
        {
            "gameTime": "1 - 12:14",
            "label": "Throw-in",
            "position": "734000",
            "half": "1",
            "confidence": "0.5081965923309326"
        },
        {
            "gameTime": "1 - 36:51",
            "label": "Foul",
            "position": "2211500",
            "half": "1",
            "confidence": "0.915035605430603"
        },
        {
            "gameTime": "1 - 14:20",
            "label": "Foul",
            "position": "860000",
            "half": "1",
            "confidence": "0.901380181312561"
        },
        {
            "gameTime": "1 - 37:1",
            "label": "Foul",
            "position": "2221500",
            "half": "1",
            "confidence": "0.8535780310630798"
        },
        {
            "gameTime": "1 - 25:27",
            "label": "Foul",
            "position": "1527000",
            "half": "1",
            "confidence": "0.7970976829528809"
        },
        {
            "gameTime": "1 - 30:38",
            "label": "Foul",
            "position": "1838000",
            "half": "1",
            "confidence": "0.6710893511772156"
        },
        {
            "gameTime": "1 - 40:27",
            "label": "Foul",
            "position": "2427000",
            "half": "1",
            "confidence": "0.5513857007026672"
        },
        {
            "gameTime": "1 - 31:20",
            "label": "Indirect free-kick",
            "position": "1880500",
            "half": "1",
            "confidence": "0.6817402839660645"
        },
        {
            "gameTime": "1 - 21:10",
            "label": "Indirect free-kick",
            "position": "1270500",
            "half": "1",
            "confidence": "0.6472213864326477"
        },
        {
            "gameTime": "1 - 41:0",
            "label": "Indirect free-kick",
            "position": "2460500",
            "half": "1",
            "confidence": "0.6230039000511169"
        },
        {
            "gameTime": "1 - 30:49",
            "label": "Indirect free-kick",
            "position": "1849000",
            "half": "1",
            "confidence": "0.55964195728302"
        },
        {
            "gameTime": "1 - 16:22",
            "label": "Indirect free-kick",
            "position": "982500",
            "half": "1",
            "confidence": "0.5376241207122803"
        },
        {
            "gameTime": "1 - 9:12",
            "label": "Indirect free-kick",
            "position": "552500",
            "half": "1",
            "confidence": "0.5338032245635986"
        },
        {
            "gameTime": "1 - 14:54",
            "label": "Direct free-kick",
            "position": "894000",
            "half": "1",
            "confidence": "0.9622399806976318"
        },
        {
            "gameTime": "1 - 26:13",
            "label": "Direct free-kick",
            "position": "1573000",
            "half": "1",
            "confidence": "0.8979882001876831"
        },
        {
            "gameTime": "1 - 15:4",
            "label": "Direct free-kick",
            "position": "904000",
            "half": "1",
            "confidence": "0.8585613369941711"
        },
        {
            "gameTime": "1 - 38:10",
            "label": "Direct free-kick",
            "position": "2290500",
            "half": "1",
            "confidence": "0.8420316576957703"
        },
        {
            "gameTime": "1 - 27:7",
            "label": "Direct free-kick",
            "position": "1627500",
            "half": "1",
            "confidence": "0.5493967533111572"
        },
        {
            "gameTime": "1 - 38:20",
            "label": "Direct free-kick",
            "position": "2300500",
            "half": "1",
            "confidence": "0.5116749405860901"
        },
        {
            "gameTime": "1 - 27:12",
            "label": "Corner",
            "position": "1632500",
            "half": "1",
            "confidence": "0.9594164490699768"
        },
        {
            "gameTime": "1 - 27:23",
            "label": "Corner",
            "position": "1643000",
            "half": "1",
            "confidence": "0.7417110800743103"
        },
        {
            "gameTime": "1 - 26:22",
            "label": "Corner",
            "position": "1582000",
            "half": "1",
            "confidence": "0.6979570388793945"
        },
        {
            "gameTime": "1 - 19:43",
            "label": "Corner",
            "position": "1183500",
            "half": "1",
            "confidence": "0.6321163177490234"
        },
        {
            "gameTime": "1 - 36:55",
            "label": "Yellow card",
            "position": "2215000",
            "half": "1",
            "confidence": "0.9759843349456787"
        },
        {
            "gameTime": "1 - 37:5",
            "label": "Yellow card",
            "position": "2225000",
            "half": "1",
            "confidence": "0.8310911059379578"
        },
        {
            "gameTime": "1 - 40:35",
            "label": "Yellow card",
            "position": "2435000",
            "half": "1",
            "confidence": "0.5302470922470093"
        },
        {
            "gameTime": "2 - 0:2",
            "label": "Kick-off",
            "position": "2500",
            "half": "2",
            "confidence": "0.9913972616195679"
        },
        {
            "gameTime": "2 - 0:12",
            "label": "Kick-off",
            "position": "12500",
            "half": "2",
            "confidence": "0.9052914381027222"
        },
        {
            "gameTime": "2 - 21:12",
            "label": "Kick-off",
            "position": "1272000",
            "half": "2",
            "confidence": "0.7526699900627136"
        },
        {
            "gameTime": "2 - 50:31",
            "label": "Kick-off",
            "position": "3031500",
            "half": "2",
            "confidence": "0.7395675182342529"
        },
        {
            "gameTime": "2 - 0:27",
            "label": "Kick-off",
            "position": "27500",
            "half": "2",
            "confidence": "0.7385385632514954"
        },
        {
            "gameTime": "2 - 21:58",
            "label": "Kick-off",
            "position": "1318000",
            "half": "2",
            "confidence": "0.5680699944496155"
        },
        {
            "gameTime": "2 - 1:40",
            "label": "Kick-off",
            "position": "100500",
            "half": "2",
            "confidence": "0.5382642149925232"
        },
        {
            "gameTime": "2 - 32:39",
            "label": "Goal",
            "position": "1959500",
            "half": "2",
            "confidence": "0.928773820400238"
        },
        {
            "gameTime": "2 - 49:32",
            "label": "Goal",
            "position": "2972000",
            "half": "2",
            "confidence": "0.7378450036048889"
        },
        {
            "gameTime": "2 - 47:32",
            "label": "Goal",
            "position": "2852000",
            "half": "2",
            "confidence": "0.7006744742393494"
        },
        {
            "gameTime": "2 - 32:28",
            "label": "Goal",
            "position": "1948000",
            "half": "2",
            "confidence": "0.5032591223716736"
        },
        {
            "gameTime": "2 - 44:15",
            "label": "Substitution",
            "position": "2655000",
            "half": "2",
            "confidence": "0.7919944524765015"
        },
        {
            "gameTime": "2 - 23:23",
            "label": "Substitution",
            "position": "1403500",
            "half": "2",
            "confidence": "0.6214898824691772"
        },
        {
            "gameTime": "2 - 37:3",
            "label": "Substitution",
            "position": "2223500",
            "half": "2",
            "confidence": "0.5664032101631165"
        },
        {
            "gameTime": "2 - 49:32",
            "label": "Shots on target",
            "position": "2972000",
            "half": "2",
            "confidence": "0.7131625413894653"
        },
        {
            "gameTime": "2 - 49:2",
            "label": "Shots on target",
            "position": "2942500",
            "half": "2",
            "confidence": "0.6631050705909729"
        },
        {
            "gameTime": "2 - 34:56",
            "label": "Shots on target",
            "position": "2096500",
            "half": "2",
            "confidence": "0.5382223725318909"
        },
        {
            "gameTime": "2 - 18:57",
            "label": "Shots on target",
            "position": "1137000",
            "half": "2",
            "confidence": "0.5320684909820557"
        },
        {
            "gameTime": "2 - 8:23",
            "label": "Shots off target",
            "position": "503500",
            "half": "2",
            "confidence": "0.7312287092208862"
        },
        {
            "gameTime": "2 - 43:56",
            "label": "Shots off target",
            "position": "2636500",
            "half": "2",
            "confidence": "0.6909956336021423"
        },
        {
            "gameTime": "2 - 9:27",
            "label": "Shots off target",
            "position": "567500",
            "half": "2",
            "confidence": "0.6329932808876038"
        },
        {
            "gameTime": "2 - 10:21",
            "label": "Shots off target",
            "position": "621500",
            "half": "2",
            "confidence": "0.5783502459526062"
        },
        {
            "gameTime": "2 - 28:39",
            "label": "Shots off target",
            "position": "1719000",
            "half": "2",
            "confidence": "0.5452114343643188"
        },
        {
            "gameTime": "2 - 47:44",
            "label": "Shots off target",
            "position": "2864500",
            "half": "2",
            "confidence": "0.5230779647827148"
        },
        {
            "gameTime": "2 - 50:10",
            "label": "Shots off target",
            "position": "3010000",
            "half": "2",
            "confidence": "0.5065708756446838"
        },
        {
            "gameTime": "2 - 27:13",
            "label": "Clearance",
            "position": "1633500",
            "half": "2",
            "confidence": "0.8925800919532776"
        },
        {
            "gameTime": "2 - 2:54",
            "label": "Clearance",
            "position": "174500",
            "half": "2",
            "confidence": "0.8402903079986572"
        },
        {
            "gameTime": "2 - 48:29",
            "label": "Clearance",
            "position": "2909000",
            "half": "2",
            "confidence": "0.8029283881187439"
        },
        {
            "gameTime": "2 - 41:53",
            "label": "Clearance",
            "position": "2513500",
            "half": "2",
            "confidence": "0.7612636089324951"
        },
        {
            "gameTime": "2 - 15:24",
            "label": "Clearance",
            "position": "924000",
            "half": "2",
            "confidence": "0.7589460015296936"
        },
        {
            "gameTime": "2 - 25:23",
            "label": "Clearance",
            "position": "1523500",
            "half": "2",
            "confidence": "0.6974014043807983"
        },
        {
            "gameTime": "2 - 42:3",
            "label": "Clearance",
            "position": "2523500",
            "half": "2",
            "confidence": "0.6853523254394531"
        },
        {
            "gameTime": "2 - 28:54",
            "label": "Clearance",
            "position": "1734000",
            "half": "2",
            "confidence": "0.6432989239692688"
        },
        {
            "gameTime": "2 - 39:2",
            "label": "Clearance",
            "position": "2342000",
            "half": "2",
            "confidence": "0.5468648076057434"
        },
        {
            "gameTime": "2 - 10:21",
            "label": "Ball out of play",
            "position": "621000",
            "half": "2",
            "confidence": "0.9424712061882019"
        },
        {
            "gameTime": "2 - 0:59",
            "label": "Ball out of play",
            "position": "59000",
            "half": "2",
            "confidence": "0.8377465009689331"
        },
        {
            "gameTime": "2 - 5:51",
            "label": "Ball out of play",
            "position": "351500",
            "half": "2",
            "confidence": "0.8351616263389587"
        },
        {
            "gameTime": "2 - 39:13",
            "label": "Ball out of play",
            "position": "2353500",
            "half": "2",
            "confidence": "0.8258253931999207"
        },
        {
            "gameTime": "2 - 57:21",
            "label": "Ball out of play",
            "position": "3441500",
            "half": "2",
            "confidence": "0.8150288462638855"
        },
        {
            "gameTime": "2 - 8:26",
            "label": "Ball out of play",
            "position": "506500",
            "half": "2",
            "confidence": "0.8144120573997498"
        },
        {
            "gameTime": "2 - 8:15",
            "label": "Ball out of play",
            "position": "495000",
            "half": "2",
            "confidence": "0.7945287823677063"
        },
        {
            "gameTime": "2 - 44:0",
            "label": "Ball out of play",
            "position": "2640500",
            "half": "2",
            "confidence": "0.7754387259483337"
        },
        {
            "gameTime": "2 - 24:50",
            "label": "Ball out of play",
            "position": "1490000",
            "half": "2",
            "confidence": "0.7621493339538574"
        },
        {
            "gameTime": "2 - 32:32",
            "label": "Ball out of play",
            "position": "1952000",
            "half": "2",
            "confidence": "0.7326722741127014"
        },
        {
            "gameTime": "2 - 6:3",
            "label": "Ball out of play",
            "position": "363000",
            "half": "2",
            "confidence": "0.7064866423606873"
        },
        {
            "gameTime": "2 - 19:1",
            "label": "Ball out of play",
            "position": "1141500",
            "half": "2",
            "confidence": "0.6879422664642334"
        },
        {
            "gameTime": "2 - 42:46",
            "label": "Ball out of play",
            "position": "2566000",
            "half": "2",
            "confidence": "0.6784505248069763"
        },
        {
            "gameTime": "2 - 57:11",
            "label": "Ball out of play",
            "position": "3431000",
            "half": "2",
            "confidence": "0.6754241585731506"
        },
        {
            "gameTime": "2 - 37:24",
            "label": "Ball out of play",
            "position": "2244500",
            "half": "2",
            "confidence": "0.6737701892852783"
        },
        {
            "gameTime": "2 - 38:9",
            "label": "Ball out of play",
            "position": "2289000",
            "half": "2",
            "confidence": "0.6621298789978027"
        },
        {
            "gameTime": "2 - 37:57",
            "label": "Ball out of play",
            "position": "2277500",
            "half": "2",
            "confidence": "0.6605531573295593"
        },
        {
            "gameTime": "2 - 43:50",
            "label": "Ball out of play",
            "position": "2630000",
            "half": "2",
            "confidence": "0.6483017802238464"
        },
        {
            "gameTime": "2 - 38:21",
            "label": "Ball out of play",
            "position": "2301000",
            "half": "2",
            "confidence": "0.6462136507034302"
        },
        {
            "gameTime": "2 - 28:37",
            "label": "Ball out of play",
            "position": "1717000",
            "half": "2",
            "confidence": "0.6096428036689758"
        },
        {
            "gameTime": "2 - 3:44",
            "label": "Ball out of play",
            "position": "224500",
            "half": "2",
            "confidence": "0.6066430807113647"
        },
        {
            "gameTime": "2 - 14:34",
            "label": "Ball out of play",
            "position": "874500",
            "half": "2",
            "confidence": "0.5957802534103394"
        },
        {
            "gameTime": "2 - 10:10",
            "label": "Ball out of play",
            "position": "610500",
            "half": "2",
            "confidence": "0.593150794506073"
        },
        {
            "gameTime": "2 - 9:45",
            "label": "Ball out of play",
            "position": "585500",
            "half": "2",
            "confidence": "0.5902713537216187"
        },
        {
            "gameTime": "2 - 9:14",
            "label": "Ball out of play",
            "position": "554500",
            "half": "2",
            "confidence": "0.577914834022522"
        },
        {
            "gameTime": "2 - 50:10",
            "label": "Ball out of play",
            "position": "3010500",
            "half": "2",
            "confidence": "0.558438777923584"
        },
        {
            "gameTime": "2 - 27:57",
            "label": "Ball out of play",
            "position": "1677500",
            "half": "2",
            "confidence": "0.5492156744003296"
        },
        {
            "gameTime": "2 - 16:22",
            "label": "Ball out of play",
            "position": "982500",
            "half": "2",
            "confidence": "0.5447863340377808"
        },
        {
            "gameTime": "2 - 42:56",
            "label": "Ball out of play",
            "position": "2576000",
            "half": "2",
            "confidence": "0.5325589776039124"
        },
        {
            "gameTime": "2 - 49:31",
            "label": "Ball out of play",
            "position": "2971000",
            "half": "2",
            "confidence": "0.5109865665435791"
        },
        {
            "gameTime": "2 - 8:47",
            "label": "Ball out of play",
            "position": "527500",
            "half": "2",
            "confidence": "0.5089461207389832"
        },
        {
            "gameTime": "2 - 4:34",
            "label": "Ball out of play",
            "position": "274000",
            "half": "2",
            "confidence": "0.5086441040039062"
        },
        {
            "gameTime": "2 - 20:56",
            "label": "Ball out of play",
            "position": "1256000",
            "half": "2",
            "confidence": "0.5024064779281616"
        },
        {
            "gameTime": "2 - 5:53",
            "label": "Throw-in",
            "position": "353000",
            "half": "2",
            "confidence": "0.8257968425750732"
        },
        {
            "gameTime": "2 - 6:3",
            "label": "Throw-in",
            "position": "363000",
            "half": "2",
            "confidence": "0.7292444109916687"
        },
        {
            "gameTime": "2 - 19:39",
            "label": "Throw-in",
            "position": "1179500",
            "half": "2",
            "confidence": "0.7204063534736633"
        },
        {
            "gameTime": "2 - 43:3",
            "label": "Throw-in",
            "position": "2583500",
            "half": "2",
            "confidence": "0.6659008860588074"
        },
        {
            "gameTime": "2 - 10:50",
            "label": "Throw-in",
            "position": "650500",
            "half": "2",
            "confidence": "0.6652763485908508"
        },
        {
            "gameTime": "2 - 16:26",
            "label": "Throw-in",
            "position": "986500",
            "half": "2",
            "confidence": "0.6078767776489258"
        },
        {
            "gameTime": "2 - 4:0",
            "label": "Throw-in",
            "position": "240000",
            "half": "2",
            "confidence": "0.5248926281929016"
        },
        {
            "gameTime": "2 - 6:14",
            "label": "Throw-in",
            "position": "374000",
            "half": "2",
            "confidence": "0.5165917277336121"
        },
        {
            "gameTime": "2 - 35:20",
            "label": "Foul",
            "position": "2120000",
            "half": "2",
            "confidence": "0.8484205603599548"
        },
        {
            "gameTime": "2 - 36:26",
            "label": "Foul",
            "position": "2186500",
            "half": "2",
            "confidence": "0.6382019519805908"
        },
        {
            "gameTime": "2 - 46:5",
            "label": "Foul",
            "position": "2765500",
            "half": "2",
            "confidence": "0.6177424788475037"
        },
        {
            "gameTime": "2 - 44:51",
            "label": "Foul",
            "position": "2691500",
            "half": "2",
            "confidence": "0.5551357269287109"
        },
        {
            "gameTime": "2 - 34:6",
            "label": "Foul",
            "position": "2046500",
            "half": "2",
            "confidence": "0.5285548567771912"
        },
        {
            "gameTime": "2 - 43:2",
            "label": "Foul",
            "position": "2582500",
            "half": "2",
            "confidence": "0.5036312937736511"
        },
        {
            "gameTime": "2 - 31:6",
            "label": "Indirect free-kick",
            "position": "1866000",
            "half": "2",
            "confidence": "0.6492108702659607"
        },
        {
            "gameTime": "2 - 45:12",
            "label": "Indirect free-kick",
            "position": "2712000",
            "half": "2",
            "confidence": "0.5624388456344604"
        },
        {
            "gameTime": "2 - 26:42",
            "label": "Indirect free-kick",
            "position": "1602500",
            "half": "2",
            "confidence": "0.5427356958389282"
        },
        {
            "gameTime": "2 - 34:56",
            "label": "Direct free-kick",
            "position": "2096500",
            "half": "2",
            "confidence": "0.9948912858963013"
        },
        {
            "gameTime": "2 - 35:6",
            "label": "Direct free-kick",
            "position": "2106500",
            "half": "2",
            "confidence": "0.7374176383018494"
        },
        {
            "gameTime": "2 - 28:22",
            "label": "Corner",
            "position": "1702500",
            "half": "2",
            "confidence": "0.9992272853851318"
        },
        {
            "gameTime": "2 - 28:35",
            "label": "Corner",
            "position": "1715500",
            "half": "2",
            "confidence": "0.9978277087211609"
        },
        {
            "gameTime": "2 - 9:6",
            "label": "Corner",
            "position": "546500",
            "half": "2",
            "confidence": "0.9843930602073669"
        },
        {
            "gameTime": "2 - 9:18",
            "label": "Corner",
            "position": "558000",
            "half": "2",
            "confidence": "0.9805561900138855"
        },
        {
            "gameTime": "2 - 49:31",
            "label": "Corner",
            "position": "2971500",
            "half": "2",
            "confidence": "0.9370619654655457"
        },
        {
            "gameTime": "2 - 32:42",
            "label": "Corner",
            "position": "1962000",
            "half": "2",
            "confidence": "0.9333263039588928"
        },
        {
            "gameTime": "2 - 28:6",
            "label": "Corner",
            "position": "1686500",
            "half": "2",
            "confidence": "0.8368416428565979"
        },
        {
            "gameTime": "2 - 49:20",
            "label": "Corner",
            "position": "2960500",
            "half": "2",
            "confidence": "0.8236333131790161"
        },
        {
            "gameTime": "2 - 49:6",
            "label": "Corner",
            "position": "2946000",
            "half": "2",
            "confidence": "0.7154800891876221"
        },
        {
            "gameTime": "2 - 57:22",
            "label": "Corner",
            "position": "3442000",
            "half": "2",
            "confidence": "0.6834527850151062"
        },
        {
            "gameTime": "2 - 50:11",
            "label": "Corner",
            "position": "3011000",
            "half": "2",
            "confidence": "0.6571647524833679"
        },
        {
            "gameTime": "2 - 8:56",
            "label": "Corner",
            "position": "536000",
            "half": "2",
            "confidence": "0.5881656408309937"
        },
        {
            "gameTime": "2 - 8:27",
            "label": "Corner",
            "position": "507000",
            "half": "2",
            "confidence": "0.5872209668159485"
        },
        {
            "gameTime": "2 - 32:31",
            "label": "Corner",
            "position": "1951500",
            "half": "2",
            "confidence": "0.5445889234542847"
        },
        {
            "gameTime": "2 - 35:29",
            "label": "Corner",
            "position": "2129500",
            "half": "2",
            "confidence": "0.5261223912239075"
        },
        {
            "gameTime": "2 - 45:1",
            "label": "Yellow card",
            "position": "2701000",
            "half": "2",
            "confidence": "0.9229588508605957"
        },
        {
            "gameTime": "2 - 44:48",
            "label": "Yellow card",
            "position": "2688000",
            "half": "2",
            "confidence": "0.9138354063034058"
        },
        {
            "gameTime": "2 - 46:18",
            "label": "Yellow card",
            "position": "2778000",
            "half": "2",
            "confidence": "0.7403294444084167"
        },
        {
            "gameTime": "2 - 45:39",
            "label": "Yellow card",
            "position": "2739500",
            "half": "2",
            "confidence": "0.7370535135269165"
        },
        {
            "gameTime": "2 - 35:21",
            "label": "Yellow card",
            "position": "2121500",
            "half": "2",
            "confidence": "0.7114790081977844"
        },
        {
            "gameTime": "2 - 45:25",
            "label": "Yellow card",
            "position": "2725500",
            "half": "2",
            "confidence": "0.6960636973381042"
        },
        {
            "gameTime": "2 - 46:7",
            "label": "Yellow card",
            "position": "2767500",
            "half": "2",
            "confidence": "0.6336919665336609"
        },
        {
            "gameTime": "2 - 45:49",
            "label": "Yellow card",
            "position": "2749500",
            "half": "2",
            "confidence": "0.6089865565299988"
        }
    ]
}