{
    "UrlLocal": "europe_uefa-champions-league/2016-2017/2016-11-06 - 18-00 Ludogorets Razgrad 2 - 3 Arsenal",
    "UrlYoutube": "",
    "annotations": [
        {
            "change_type": "",
            "gameTime": "1 - 05:52",
            "label": "",
            "position": "352484",
            "replay": "real-time"
        },
        {
            "change_type": "",
            "gameTime": "1 - 05:58",
            "label": "",
            "link": "",
            "position": "358999",
            "replay": "replay"
        },
        {
            "change_type": "",
            "gameTime": "1 - 06:04",
            "label": "",
            "position": "364584",
            "replay": "other"
        },
        {
            "change_type": "",
            "gameTime": "1 - 06:22",
            "label": "",
            "position": "382661",
            "replay": "real-time"
        },
        {
            "change_type": "",
            "gameTime": "1 - 06:26",
            "label": "",
            "link": "",
            "position": "386662",
            "replay": "replay"
        },
        {
            "change_type": "",
            "gameTime": "1 - 06:33",
            "label": "",
            "link": "",
            "position": "393004",
            "replay": "replay"
        },
        {
            "change_type": "",
            "gameTime": "1 - 07:57",
            "label": "",
            "position": "477832",
            "replay": "real-time"
        },
        {
            "change_type": "",
            "gameTime": "1 - 08:05",
            "label": "",
            "link": "",
            "position": "485286",
            "replay": "replay"
        },
        {
            "change_type": "",
            "gameTime": "1 - 08:41",
            "label": "",
            "position": "521933",
            "replay": "real-time"
        },
        {
            "change_type": "",
            "gameTime": "1 - 08:46",
            "label": "",
            "link": "",
            "position": "526755",
            "replay": "replay"
        },
        {
            "change_type": "",
            "gameTime": "1 - 08:50",
            "label": "",
            "position": "530660",
            "replay": "other"
        },
        {
            "change_type": "",
            "gameTime": "1 - 11:04",
            "label": "",
            "position": "664285",
            "replay": "real-time"
        },
        {
            "change_type": "",
            "gameTime": "1 - 11:07",
            "label": "",
            "link": "",
            "position": "667126",
            "replay": "replay"
        },
        {
            "change_type": "",
            "gameTime": "1 - 12:04",
            "label": "",
            "position": "724485",
            "replay": "real-time"
        },
        {
            "change_type": "",
            "gameTime": "1 - 12:10",
            "label": "",
            "link": "",
            "position": "730711",
            "replay": "replay"
        },
        {
            "change_type": "",
            "gameTime": "1 - 12:15",
            "label": "",
            "link": "",
            "position": "735764",
            "replay": "replay"
        },
        {
            "change_type": "",
            "gameTime": "1 - 12:21",
            "label": "",
            "link": "",
            "position": "741613",
            "replay": "replay"
        },
        {
            "change_type": "",
            "gameTime": "1 - 12:26",
            "label": "",
            "position": "746059",
            "replay": "other"
        },
        {
            "change_type": "",
            "gameTime": "1 - 15:15",
            "label": "",
            "position": "915834",
            "replay": "real-time"
        },
        {
            "change_type": "",
            "gameTime": "1 - 15:27",
            "label": "",
            "link": "",
            "position": "927914",
            "replay": "replay"
        },
        {
            "change_type": "",
            "gameTime": "1 - 15:36",
            "label": "",
            "link": "",
            "position": "936492",
            "replay": "replay"
        },
        {
            "change_type": "",
            "gameTime": "1 - 15:40",
            "label": "",
            "position": "940108",
            "replay": "other"
        },
        {
            "change_type": "",
            "gameTime": "1 - 17:39",
            "label": "",
            "position": "1059194",
            "replay": "real-time"
        },
        {
            "change_type": "",
            "gameTime": "1 - 17:46",
            "label": "",
            "link": "",
            "position": "1066139",
            "replay": "replay"
        },
        {
            "change_type": "",
            "gameTime": "1 - 20:14",
            "label": "",
            "position": "1214649",
            "replay": "real-time"
        },
        {
            "change_type": "",
            "gameTime": "1 - 20:24",
            "label": "",
            "link": "",
            "position": "1224236",
            "replay": "replay"
        },
        {
            "change_type": "",
            "gameTime": "1 - 20:31",
            "label": "",
            "link": "",
            "position": "1231603",
            "replay": "replay"
        },
        {
            "change_type": "",
            "gameTime": "1 - 20:39",
            "label": "",
            "link": "",
            "position": "1239846",
            "replay": "replay"
        },
        {
            "change_type": "",
            "gameTime": "1 - 20:45",
            "label": "",
            "position": "1245468",
            "replay": "other"
        },
        {
            "change_type": "",
            "gameTime": "1 - 22:05",
            "label": "",
            "position": "1325418",
            "replay": "real-time"
        },
        {
            "change_type": "",
            "gameTime": "1 - 22:11",
            "label": "",
            "link": "",
            "position": "1331769",
            "replay": "replay"
        },
        {
            "change_type": "",
            "gameTime": "1 - 25:21",
            "label": "",
            "position": "1521720",
            "replay": "real-time"
        },
        {
            "change_type": "",
            "gameTime": "1 - 25:28",
            "label": "",
            "link": "",
            "position": "1528452",
            "replay": "replay"
        },
        {
            "change_type": "",
            "gameTime": "1 - 25:33",
            "label": "",
            "position": "1533740",
            "replay": "other"
        },
        {
            "change_type": "",
            "gameTime": "1 - 26:23",
            "label": "",
            "position": "1583633",
            "replay": "real-time"
        },
        {
            "change_type": "",
            "gameTime": "1 - 26:29",
            "label": "",
            "link": "",
            "position": "1589041",
            "replay": "replay"
        },
        {
            "change_type": "",
            "gameTime": "1 - 37:23",
            "label": "",
            "position": "2243540",
            "replay": "real-time"
        },
        {
            "change_type": "",
            "gameTime": "1 - 37:30",
            "label": "",
            "link": "",
            "position": "2250043",
            "replay": "replay"
        },
        {
            "change_type": "",
            "gameTime": "1 - 37:33",
            "label": "",
            "link": "",
            "position": "2253736",
            "replay": "replay"
        },
        {
            "change_type": "",
            "gameTime": "1 - 37:39",
            "label": "",
            "link": "",
            "position": "2259949",
            "replay": "replay"
        },
        {
            "change_type": "",
            "gameTime": "1 - 38:33",
            "label": "",
            "position": "2313935",
            "replay": "real-time"
        },
        {
            "change_type": "",
            "gameTime": "1 - 38:42",
            "label": "",
            "link": "",
            "position": "2322089",
            "replay": "replay"
        },
        {
            "change_type": "",
            "gameTime": "1 - 40:35",
            "label": "",
            "position": "2435444",
            "replay": "real-time"
        },
        {
            "change_type": "",
            "gameTime": "1 - 40:43",
            "label": "",
            "link": "",
            "position": "2443560",
            "replay": "replay"
        },
        {
            "change_type": "",
            "gameTime": "1 - 40:46",
            "label": "",
            "position": "2446965",
            "replay": "other"
        },
        {
            "change_type": "",
            "gameTime": "1 - 41:30",
            "label": "",
            "position": "2490903",
            "replay": "real-time"
        },
        {
            "change_type": "",
            "gameTime": "1 - 41:35",
            "label": "",
            "link": "",
            "position": "2495939",
            "replay": "replay"
        },
        {
            "change_type": "",
            "gameTime": "1 - 41:42",
            "label": "",
            "link": "",
            "position": "2502262",
            "replay": "replay"
        },
        {
            "change_type": "",
            "gameTime": "1 - 41:46",
            "label": "",
            "position": "2506731",
            "replay": "other"
        },
        {
            "change_type": "",
            "gameTime": "1 - 41:52",
            "label": "",
            "position": "2512599",
            "replay": "other"
        },
        {
            "change_type": "",
            "gameTime": "1 - 42:39",
            "label": "",
            "position": "2559519",
            "replay": "real-time"
        },
        {
            "change_type": "",
            "gameTime": "1 - 42:45",
            "label": "",
            "link": "",
            "position": "2565750",
            "replay": "replay"
        },
        {
            "change_type": "",
            "gameTime": "1 - 44:21",
            "label": "",
            "position": "2661166",
            "replay": "real-time"
        },
        {
            "change_type": "",
            "gameTime": "1 - 44:25",
            "label": "",
            "link": "",
            "position": "2665531",
            "replay": "replay"
        },
        {
            "change_type": "",
            "gameTime": "1 - 44:32",
            "label": "",
            "link": "",
            "position": "2672846",
            "replay": "replay"
        },
        {
            "change_type": "",
            "gameTime": "2 - 00:42",
            "label": "",
            "position": "42956",
            "replay": "real-time"
        },
        {
            "change_type": "",
            "gameTime": "2 - 00:47",
            "label": "",
            "link": "",
            "position": "47628",
            "replay": "replay"
        },
        {
            "change_type": "",
            "gameTime": "2 - 01:52",
            "label": "",
            "position": "112794",
            "replay": "real-time"
        },
        {
            "change_type": "",
            "gameTime": "2 - 01:58",
            "label": "",
            "link": "",
            "position": "118630",
            "replay": "replay"
        },
        {
            "change_type": "",
            "gameTime": "2 - 03:36",
            "label": "",
            "position": "216452",
            "replay": "real-time"
        },
        {
            "change_type": "",
            "gameTime": "2 - 03:43",
            "label": "",
            "link": "",
            "position": "223927",
            "replay": "replay"
        },
        {
            "change_type": "",
            "gameTime": "2 - 03:53",
            "label": "",
            "position": "233204",
            "replay": "real-time"
        },
        {
            "change_type": "",
            "gameTime": "2 - 03:55",
            "label": "",
            "position": "235323",
            "replay": "other"
        },
        {
            "change_type": "",
            "gameTime": "2 - 03:58",
            "label": "",
            "position": "238441",
            "replay": "other"
        },
        {
            "change_type": "",
            "gameTime": "2 - 04:02",
            "label": "",
            "position": "242004",
            "replay": "other"
        },
        {
            "change_type": "",
            "gameTime": "2 - 04:05",
            "label": "",
            "position": "245520",
            "replay": "other"
        },
        {
            "change_type": "",
            "gameTime": "2 - 04:10",
            "label": "",
            "position": "250779",
            "replay": "other"
        },
        {
            "change_type": "",
            "gameTime": "2 - 04:13",
            "label": "",
            "position": "253764",
            "replay": "other"
        },
        {
            "change_type": "",
            "gameTime": "2 - 04:16",
            "label": "",
            "position": "256659",
            "replay": "other"
        },
        {
            "change_type": "",
            "gameTime": "2 - 04:20",
            "label": "",
            "position": "260253",
            "replay": "other"
        },
        {
            "change_type": "",
            "gameTime": "2 - 04:22",
            "label": "",
            "position": "262912",
            "replay": "other"
        },
        {
            "change_type": "",
            "gameTime": "2 - 04:26",
            "label": "",
            "position": "266040",
            "replay": "other"
        },
        {
            "change_type": "",
            "gameTime": "2 - 04:29",
            "label": "",
            "position": "269038",
            "replay": "other"
        },
        {
            "change_type": "",
            "gameTime": "2 - 04:32",
            "label": "",
            "position": "272042",
            "replay": "other"
        },
        {
            "change_type": "",
            "gameTime": "2 - 04:34",
            "label": "",
            "position": "274296",
            "replay": "other"
        },
        {
            "change_type": "",
            "gameTime": "2 - 07:02",
            "label": "",
            "position": "422062",
            "replay": "real-time"
        },
        {
            "change_type": "",
            "gameTime": "2 - 07:10",
            "label": "",
            "link": "",
            "position": "430990",
            "replay": "replay"
        },
        {
            "change_type": "",
            "gameTime": "2 - 09:26",
            "label": "",
            "position": "566210",
            "replay": "real-time"
        },
        {
            "change_type": "",
            "gameTime": "2 - 09:33",
            "label": "",
            "link": "",
            "position": "573726",
            "replay": "replay"
        },
        {
            "change_type": "",
            "gameTime": "2 - 09:37",
            "label": "",
            "position": "577562",
            "replay": "other"
        },
        {
            "change_type": "",
            "gameTime": "2 - 09:59",
            "label": "",
            "position": "599471",
            "replay": "real-time"
        },
        {
            "change_type": "",
            "gameTime": "2 - 10:07",
            "label": "",
            "link": "",
            "position": "607240",
            "replay": "replay"
        },
        {
            "change_type": "",
            "gameTime": "2 - 10:41",
            "label": "",
            "position": "641901",
            "replay": "real-time"
        },
        {
            "change_type": "",
            "gameTime": "2 - 10:49",
            "label": "",
            "link": "",
            "position": "649044",
            "replay": "replay"
        },
        {
            "change_type": "",
            "gameTime": "2 - 10:55",
            "label": "",
            "position": "655314",
            "replay": "other"
        },
        {
            "change_type": "",
            "gameTime": "2 - 14:13",
            "label": "",
            "position": "853252",
            "replay": "real-time"
        },
        {
            "change_type": "",
            "gameTime": "2 - 14:21",
            "label": "",
            "link": "",
            "position": "861072",
            "replay": "replay"
        },
        {
            "change_type": "",
            "gameTime": "2 - 16:34",
            "label": "",
            "position": "994587",
            "replay": "real-time"
        },
        {
            "change_type": "",
            "gameTime": "2 - 16:40",
            "label": "",
            "link": "",
            "position": "1000487",
            "replay": "replay"
        },
        {
            "change_type": "",
            "gameTime": "2 - 17:28",
            "label": "",
            "position": "1048075",
            "replay": "real-time"
        },
        {
            "change_type": "",
            "gameTime": "2 - 17:32",
            "label": "",
            "link": "",
            "position": "1052189",
            "replay": "replay"
        },
        {
            "change_type": "",
            "gameTime": "2 - 18:18",
            "label": "",
            "position": "1098827",
            "replay": "real-time"
        },
        {
            "change_type": "",
            "gameTime": "2 - 18:27",
            "label": "",
            "link": "",
            "position": "1107856",
            "replay": "replay"
        },
        {
            "change_type": "",
            "gameTime": "2 - 18:30",
            "label": "",
            "link": "",
            "position": "1110563",
            "replay": "replay"
        },
        {
            "change_type": "",
            "gameTime": "2 - 18:35",
            "label": "",
            "link": "",
            "position": "1115061",
            "replay": "replay"
        },
        {
            "change_type": "",
            "gameTime": "2 - 20:00",
            "label": "",
            "position": "1200789",
            "replay": "real-time"
        },
        {
            "change_type": "",
            "gameTime": "2 - 20:07",
            "label": "",
            "link": "",
            "position": "1207709",
            "replay": "replay"
        },
        {
            "change_type": "",
            "gameTime": "2 - 20:11",
            "label": "",
            "link": "",
            "position": "1211117",
            "replay": "replay"
        },
        {
            "change_type": "",
            "gameTime": "2 - 20:59",
            "label": "",
            "position": "1259656",
            "replay": "real-time"
        },
        {
            "change_type": "",
            "gameTime": "2 - 21:03",
            "label": "",
            "link": "",
            "position": "1263721",
            "replay": "replay"
        },
        {
            "change_type": "",
            "gameTime": "2 - 21:08",
            "label": "",
            "link": "",
            "position": "1268419",
            "replay": "replay"
        },
        {
            "change_type": "",
            "gameTime": "2 - 21:11",
            "label": "",
            "position": "1271456",
            "replay": "other"
        },
        {
            "change_type": "",
            "gameTime": "2 - 23:29",
            "label": "",
            "position": "1409310",
            "replay": "real-time"
        },
        {
            "change_type": "",
            "gameTime": "2 - 23:37",
            "label": "",
            "link": "",
            "position": "1417716",
            "replay": "replay"
        },
        {
            "change_type": "",
            "gameTime": "2 - 23:41",
            "label": "",
            "link": "",
            "position": "1421926",
            "replay": "replay"
        },
        {
            "change_type": "",
            "gameTime": "2 - 24:12",
            "label": "",
            "position": "1452462",
            "replay": "real-time"
        },
        {
            "change_type": "",
            "gameTime": "2 - 24:19",
            "label": "",
            "link": "",
            "position": "1459402",
            "replay": "replay"
        },
        {
            "change_type": "",
            "gameTime": "2 - 26:03",
            "label": "",
            "position": "1563102",
            "replay": "real-time"
        },
        {
            "change_type": "",
            "gameTime": "2 - 26:07",
            "label": "",
            "link": "",
            "position": "1567613",
            "replay": "replay"
        },
        {
            "change_type": "",
            "gameTime": "2 - 26:50",
            "label": "",
            "position": "1610865",
            "replay": "real-time"
        },
        {
            "change_type": "",
            "gameTime": "2 - 26:57",
            "label": "",
            "link": "",
            "position": "1617633",
            "replay": "replay"
        },
        {
            "change_type": "",
            "gameTime": "2 - 27:00",
            "label": "",
            "position": "1620901",
            "replay": "other"
        },
        {
            "change_type": "",
            "gameTime": "2 - 27:24",
            "label": "",
            "position": "1644489",
            "replay": "real-time"
        },
        {
            "change_type": "",
            "gameTime": "2 - 27:31",
            "label": "",
            "link": "",
            "position": "1651143",
            "replay": "replay"
        },
        {
            "change_type": "",
            "gameTime": "2 - 27:35",
            "label": "",
            "position": "1655604",
            "replay": "other"
        },
        {
            "change_type": "",
            "gameTime": "2 - 28:29",
            "label": "",
            "position": "1709774",
            "replay": "real-time"
        },
        {
            "change_type": "",
            "gameTime": "2 - 28:34",
            "label": "",
            "link": "",
            "position": "1714945",
            "replay": "replay"
        },
        {
            "change_type": "",
            "gameTime": "2 - 28:39",
            "label": "",
            "position": "1719936",
            "replay": "other"
        },
        {
            "change_type": "",
            "gameTime": "2 - 29:11",
            "label": "",
            "position": "1751809",
            "replay": "real-time"
        },
        {
            "change_type": "",
            "gameTime": "2 - 29:18",
            "label": "",
            "link": "",
            "position": "1758908",
            "replay": "replay"
        },
        {
            "change_type": "",
            "gameTime": "2 - 33:09",
            "label": "",
            "position": "1989422",
            "replay": "real-time"
        },
        {
            "change_type": "",
            "gameTime": "2 - 33:15",
            "label": "",
            "link": "",
            "position": "1995091",
            "replay": "replay"
        },
        {
            "change_type": "",
            "gameTime": "2 - 33:43",
            "label": "",
            "position": "2023867",
            "replay": "real-time"
        },
        {
            "change_type": "",
            "gameTime": "2 - 33:53",
            "label": "",
            "link": "",
            "position": "2033680",
            "replay": "replay"
        },
        {
            "change_type": "",
            "gameTime": "2 - 34:33",
            "label": "",
            "position": "2073912",
            "replay": "real-time"
        },
        {
            "change_type": "",
            "gameTime": "2 - 34:41",
            "label": "",
            "link": "",
            "position": "2081607",
            "replay": "replay"
        },
        {
            "change_type": "",
            "gameTime": "2 - 34:59",
            "label": "",
            "position": "2099373",
            "replay": "real-time"
        },
        {
            "change_type": "",
            "gameTime": "2 - 35:05",
            "label": "",
            "link": "",
            "position": "2105335",
            "replay": "replay"
        },
        {
            "change_type": "",
            "gameTime": "2 - 35:57",
            "label": "",
            "position": "2157544",
            "replay": "other"
        },
        {
            "change_type": "",
            "gameTime": "2 - 36:02",
            "label": "",
            "link": "",
            "position": "2162653",
            "replay": "replay"
        },
        {
            "change_type": "",
            "gameTime": "2 - 40:31",
            "label": "",
            "position": "2431834",
            "replay": "real-time"
        },
        {
            "change_type": "",
            "gameTime": "2 - 40:37",
            "label": "",
            "link": "",
            "position": "2437859",
            "replay": "replay"
        },
        {
            "change_type": "",
            "gameTime": "2 - 41:09",
            "label": "",
            "position": "2469703",
            "replay": "real-time"
        },
        {
            "change_type": "",
            "gameTime": "2 - 41:20",
            "label": "",
            "link": "",
            "position": "2480380",
            "replay": "replay"
        },
        {
            "change_type": "",
            "gameTime": "2 - 42:34",
            "label": "",
            "position": "2554188",
            "replay": "real-time"
        },
        {
            "change_type": "",
            "gameTime": "2 - 42:44",
            "label": "",
            "link": "",
            "position": "2564185",
            "replay": "replay"
        },
        {
            "change_type": "",
            "gameTime": "2 - 42:52",
            "label": "",
            "link": "",
            "position": "2572100",
            "replay": "replay"
        },
        {
            "change_type": "",
            "gameTime": "2 - 42:59",
            "label": "",
            "link": "",
            "position": "2579373",
            "replay": "replay"
        },
        {
            "change_type": "",
            "gameTime": "2 - 43:14",
            "label": "",
            "link": "",
            "position": "2594430",
            "replay": "replay"
        },
        {
            "change_type": "",
            "gameTime": "2 - 43:18",
            "label": "",
            "position": "2598126",
            "replay": "other"
        },
        {
            "change_type": "",
            "gameTime": "2 - 44:24",
            "label": "",
            "position": "2664129",
            "replay": "real-time"
        },
        {
            "change_type": "",
            "gameTime": "2 - 44:43",
            "label": "",
            "link": "",
            "position": "2683714",
            "replay": "replay"
        },
        {
            "change_type": "",
            "gameTime": "2 - 47:49",
            "label": "",
            "position": "2869643",
            "replay": "real-time"
        },
        {
            "change_type": "",
            "gameTime": "2 - 47:57",
            "label": "",
            "link": "",
            "position": "2877516",
            "replay": "replay"
        },
        {
            "change_type": "",
            "gameTime": "2 - 48:02",
            "label": "",
            "position": "2882682",
            "replay": "other"
        }
    ],
    "gameAwayTeam": "Arsenal",
    "gameDate": "2016-11-06 - 18-00",
    "gameHomeTeam": "Ludogorets Razgrad",
    "gameScore": "2 - 3"
}