{
    "UrlLocal": "italy_serie-a/2016-2017/2016-09-24 - 21-45 Napoli 2 - 0 Chievo",
    "predictions": [
        {
            "gameTime": "1 - 39:17",
            "label": "Kick-off",
            "position": "2357500",
            "half": "1",
            "confidence": "0.9861817359924316"
        },
        {
            "gameTime": "1 - 39:27",
            "label": "Kick-off",
            "position": "2367500",
            "half": "1",
            "confidence": "0.8076267242431641"
        },
        {
            "gameTime": "1 - 0:2",
            "label": "Kick-off",
            "position": "2500",
            "half": "1",
            "confidence": "0.7118664383888245"
        },
        {
            "gameTime": "1 - 23:53",
            "label": "Kick-off",
            "position": "1433500",
            "half": "1",
            "confidence": "0.6097564101219177"
        },
        {
            "gameTime": "1 - 23:12",
            "label": "Goal",
            "position": "1392000",
            "half": "1",
            "confidence": "0.940840482711792"
        },
        {
            "gameTime": "1 - 38:35",
            "label": "Goal",
            "position": "2315500",
            "half": "1",
            "confidence": "0.9025056958198547"
        },
        {
            "gameTime": "1 - 15:55",
            "label": "Goal",
            "position": "955500",
            "half": "1",
            "confidence": "0.6818127036094666"
        },
        {
            "gameTime": "1 - 38:35",
            "label": "Shots on target",
            "position": "2315500",
            "half": "1",
            "confidence": "0.7051514983177185"
        },
        {
            "gameTime": "1 - 23:11",
            "label": "Shots on target",
            "position": "1391500",
            "half": "1",
            "confidence": "0.5851442217826843"
        },
        {
            "gameTime": "1 - 15:55",
            "label": "Shots on target",
            "position": "955500",
            "half": "1",
            "confidence": "0.5843321681022644"
        },
        {
            "gameTime": "1 - 36:37",
            "label": "Shots on target",
            "position": "2197000",
            "half": "1",
            "confidence": "0.5810149312019348"
        },
        {
            "gameTime": "1 - 11:11",
            "label": "Shots on target",
            "position": "671500",
            "half": "1",
            "confidence": "0.5189316868782043"
        },
        {
            "gameTime": "1 - 36:43",
            "label": "Shots off target",
            "position": "2203500",
            "half": "1",
            "confidence": "0.6430061459541321"
        },
        {
            "gameTime": "1 - 18:15",
            "label": "Shots off target",
            "position": "1095000",
            "half": "1",
            "confidence": "0.6273883581161499"
        },
        {
            "gameTime": "1 - 44:52",
            "label": "Shots off target",
            "position": "2692000",
            "half": "1",
            "confidence": "0.539313793182373"
        },
        {
            "gameTime": "1 - 36:33",
            "label": "Shots off target",
            "position": "2193000",
            "half": "1",
            "confidence": "0.5031415224075317"
        },
        {
            "gameTime": "1 - 9:53",
            "label": "Clearance",
            "position": "593000",
            "half": "1",
            "confidence": "0.9434835910797119"
        },
        {
            "gameTime": "1 - 1:41",
            "label": "Clearance",
            "position": "101000",
            "half": "1",
            "confidence": "0.9344686269760132"
        },
        {
            "gameTime": "1 - 10:3",
            "label": "Clearance",
            "position": "603000",
            "half": "1",
            "confidence": "0.8724789619445801"
        },
        {
            "gameTime": "1 - 36:57",
            "label": "Clearance",
            "position": "2217000",
            "half": "1",
            "confidence": "0.8535250425338745"
        },
        {
            "gameTime": "1 - 1:4",
            "label": "Clearance",
            "position": "64500",
            "half": "1",
            "confidence": "0.8341723084449768"
        },
        {
            "gameTime": "1 - 40:15",
            "label": "Clearance",
            "position": "2415000",
            "half": "1",
            "confidence": "0.7898549437522888"
        },
        {
            "gameTime": "1 - 17:30",
            "label": "Clearance",
            "position": "1050000",
            "half": "1",
            "confidence": "0.751872181892395"
        },
        {
            "gameTime": "1 - 20:30",
            "label": "Clearance",
            "position": "1230500",
            "half": "1",
            "confidence": "0.5750458240509033"
        },
        {
            "gameTime": "1 - 41:51",
            "label": "Clearance",
            "position": "2511500",
            "half": "1",
            "confidence": "0.5413115620613098"
        },
        {
            "gameTime": "1 - 1:15",
            "label": "Clearance",
            "position": "75000",
            "half": "1",
            "confidence": "0.5115511417388916"
        },
        {
            "gameTime": "1 - 1:51",
            "label": "Clearance",
            "position": "111000",
            "half": "1",
            "confidence": "0.5056307911872864"
        },
        {
            "gameTime": "1 - 39:51",
            "label": "Ball out of play",
            "position": "2391500",
            "half": "1",
            "confidence": "0.9709967374801636"
        },
        {
            "gameTime": "1 - 15:6",
            "label": "Ball out of play",
            "position": "906000",
            "half": "1",
            "confidence": "0.955660343170166"
        },
        {
            "gameTime": "1 - 15:27",
            "label": "Ball out of play",
            "position": "927000",
            "half": "1",
            "confidence": "0.9483767747879028"
        },
        {
            "gameTime": "1 - 32:22",
            "label": "Ball out of play",
            "position": "1942500",
            "half": "1",
            "confidence": "0.9354292750358582"
        },
        {
            "gameTime": "1 - 15:41",
            "label": "Ball out of play",
            "position": "941000",
            "half": "1",
            "confidence": "0.9020704030990601"
        },
        {
            "gameTime": "1 - 32:37",
            "label": "Ball out of play",
            "position": "1957500",
            "half": "1",
            "confidence": "0.8992393016815186"
        },
        {
            "gameTime": "1 - 40:2",
            "label": "Ball out of play",
            "position": "2402000",
            "half": "1",
            "confidence": "0.8861701488494873"
        },
        {
            "gameTime": "1 - 36:31",
            "label": "Ball out of play",
            "position": "2191000",
            "half": "1",
            "confidence": "0.8838431239128113"
        },
        {
            "gameTime": "1 - 42:45",
            "label": "Ball out of play",
            "position": "2565500",
            "half": "1",
            "confidence": "0.8738517761230469"
        },
        {
            "gameTime": "1 - 15:16",
            "label": "Ball out of play",
            "position": "916500",
            "half": "1",
            "confidence": "0.869152843952179"
        },
        {
            "gameTime": "1 - 15:58",
            "label": "Ball out of play",
            "position": "958000",
            "half": "1",
            "confidence": "0.8658281564712524"
        },
        {
            "gameTime": "1 - 20:7",
            "label": "Ball out of play",
            "position": "1207000",
            "half": "1",
            "confidence": "0.8628370761871338"
        },
        {
            "gameTime": "1 - 22:35",
            "label": "Ball out of play",
            "position": "1355000",
            "half": "1",
            "confidence": "0.8541920185089111"
        },
        {
            "gameTime": "1 - 11:22",
            "label": "Ball out of play",
            "position": "682000",
            "half": "1",
            "confidence": "0.8353816270828247"
        },
        {
            "gameTime": "1 - 38:26",
            "label": "Ball out of play",
            "position": "2306000",
            "half": "1",
            "confidence": "0.8332010507583618"
        },
        {
            "gameTime": "1 - 16:32",
            "label": "Ball out of play",
            "position": "992000",
            "half": "1",
            "confidence": "0.8245500922203064"
        },
        {
            "gameTime": "1 - 36:43",
            "label": "Ball out of play",
            "position": "2203000",
            "half": "1",
            "confidence": "0.8210718035697937"
        },
        {
            "gameTime": "1 - 10:12",
            "label": "Ball out of play",
            "position": "612500",
            "half": "1",
            "confidence": "0.8210423588752747"
        },
        {
            "gameTime": "1 - 16:10",
            "label": "Ball out of play",
            "position": "970500",
            "half": "1",
            "confidence": "0.8208808898925781"
        },
        {
            "gameTime": "1 - 31:24",
            "label": "Ball out of play",
            "position": "1884500",
            "half": "1",
            "confidence": "0.818531334400177"
        },
        {
            "gameTime": "1 - 32:12",
            "label": "Ball out of play",
            "position": "1932000",
            "half": "1",
            "confidence": "0.8154011964797974"
        },
        {
            "gameTime": "1 - 41:36",
            "label": "Ball out of play",
            "position": "2496500",
            "half": "1",
            "confidence": "0.8073092103004456"
        },
        {
            "gameTime": "1 - 8:21",
            "label": "Ball out of play",
            "position": "501000",
            "half": "1",
            "confidence": "0.8005931377410889"
        },
        {
            "gameTime": "1 - 28:50",
            "label": "Ball out of play",
            "position": "1730000",
            "half": "1",
            "confidence": "0.7988357543945312"
        },
        {
            "gameTime": "1 - 22:24",
            "label": "Ball out of play",
            "position": "1344500",
            "half": "1",
            "confidence": "0.7926525473594666"
        },
        {
            "gameTime": "1 - 9:25",
            "label": "Ball out of play",
            "position": "565500",
            "half": "1",
            "confidence": "0.7709863185882568"
        },
        {
            "gameTime": "1 - 28:38",
            "label": "Ball out of play",
            "position": "1718500",
            "half": "1",
            "confidence": "0.7674453258514404"
        },
        {
            "gameTime": "1 - 9:36",
            "label": "Ball out of play",
            "position": "576000",
            "half": "1",
            "confidence": "0.7445399761199951"
        },
        {
            "gameTime": "1 - 32:47",
            "label": "Ball out of play",
            "position": "1967500",
            "half": "1",
            "confidence": "0.7436550259590149"
        },
        {
            "gameTime": "1 - 31:34",
            "label": "Ball out of play",
            "position": "1894500",
            "half": "1",
            "confidence": "0.737287700176239"
        },
        {
            "gameTime": "1 - 18:47",
            "label": "Ball out of play",
            "position": "1127000",
            "half": "1",
            "confidence": "0.7343856692314148"
        },
        {
            "gameTime": "1 - 14:52",
            "label": "Ball out of play",
            "position": "892000",
            "half": "1",
            "confidence": "0.7331379055976868"
        },
        {
            "gameTime": "1 - 40:12",
            "label": "Ball out of play",
            "position": "2412000",
            "half": "1",
            "confidence": "0.726504921913147"
        },
        {
            "gameTime": "1 - 23:0",
            "label": "Ball out of play",
            "position": "1380500",
            "half": "1",
            "confidence": "0.7133334279060364"
        },
        {
            "gameTime": "1 - 16:59",
            "label": "Ball out of play",
            "position": "1019000",
            "half": "1",
            "confidence": "0.7124927043914795"
        },
        {
            "gameTime": "1 - 8:10",
            "label": "Ball out of play",
            "position": "490500",
            "half": "1",
            "confidence": "0.7123550772666931"
        },
        {
            "gameTime": "1 - 42:34",
            "label": "Ball out of play",
            "position": "2554500",
            "half": "1",
            "confidence": "0.7114148139953613"
        },
        {
            "gameTime": "1 - 1:18",
            "label": "Ball out of play",
            "position": "78500",
            "half": "1",
            "confidence": "0.7028570771217346"
        },
        {
            "gameTime": "1 - 29:25",
            "label": "Ball out of play",
            "position": "1765000",
            "half": "1",
            "confidence": "0.6899488568305969"
        },
        {
            "gameTime": "1 - 19:56",
            "label": "Ball out of play",
            "position": "1196500",
            "half": "1",
            "confidence": "0.6884404420852661"
        },
        {
            "gameTime": "1 - 41:46",
            "label": "Ball out of play",
            "position": "2506500",
            "half": "1",
            "confidence": "0.6620770692825317"
        },
        {
            "gameTime": "1 - 30:38",
            "label": "Ball out of play",
            "position": "1838500",
            "half": "1",
            "confidence": "0.6586164236068726"
        },
        {
            "gameTime": "1 - 23:54",
            "label": "Ball out of play",
            "position": "1434500",
            "half": "1",
            "confidence": "0.6483955383300781"
        },
        {
            "gameTime": "1 - 18:11",
            "label": "Ball out of play",
            "position": "1091000",
            "half": "1",
            "confidence": "0.6251444220542908"
        },
        {
            "gameTime": "1 - 0:40",
            "label": "Ball out of play",
            "position": "40500",
            "half": "1",
            "confidence": "0.6217188239097595"
        },
        {
            "gameTime": "1 - 24:34",
            "label": "Ball out of play",
            "position": "1474500",
            "half": "1",
            "confidence": "0.6172187924385071"
        },
        {
            "gameTime": "1 - 17:9",
            "label": "Ball out of play",
            "position": "1029500",
            "half": "1",
            "confidence": "0.5882008075714111"
        },
        {
            "gameTime": "1 - 11:11",
            "label": "Ball out of play",
            "position": "671500",
            "half": "1",
            "confidence": "0.5783144235610962"
        },
        {
            "gameTime": "1 - 30:53",
            "label": "Ball out of play",
            "position": "1853000",
            "half": "1",
            "confidence": "0.5668876767158508"
        },
        {
            "gameTime": "1 - 18:23",
            "label": "Ball out of play",
            "position": "1103500",
            "half": "1",
            "confidence": "0.551893949508667"
        },
        {
            "gameTime": "1 - 31:57",
            "label": "Ball out of play",
            "position": "1917500",
            "half": "1",
            "confidence": "0.551164448261261"
        },
        {
            "gameTime": "1 - 5:49",
            "label": "Ball out of play",
            "position": "349500",
            "half": "1",
            "confidence": "0.5244817137718201"
        },
        {
            "gameTime": "1 - 32:58",
            "label": "Ball out of play",
            "position": "1978500",
            "half": "1",
            "confidence": "0.5169557332992554"
        },
        {
            "gameTime": "1 - 34:14",
            "label": "Ball out of play",
            "position": "2054500",
            "half": "1",
            "confidence": "0.5073691010475159"
        },
        {
            "gameTime": "1 - 24:5",
            "label": "Ball out of play",
            "position": "1445000",
            "half": "1",
            "confidence": "0.5017905235290527"
        },
        {
            "gameTime": "1 - 15:26",
            "label": "Throw-in",
            "position": "926500",
            "half": "1",
            "confidence": "0.9235180616378784"
        },
        {
            "gameTime": "1 - 15:36",
            "label": "Throw-in",
            "position": "936500",
            "half": "1",
            "confidence": "0.8695799112319946"
        },
        {
            "gameTime": "1 - 8:20",
            "label": "Throw-in",
            "position": "500500",
            "half": "1",
            "confidence": "0.8326664566993713"
        },
        {
            "gameTime": "1 - 42:50",
            "label": "Throw-in",
            "position": "2570500",
            "half": "1",
            "confidence": "0.7891109585762024"
        },
        {
            "gameTime": "1 - 10:14",
            "label": "Throw-in",
            "position": "614000",
            "half": "1",
            "confidence": "0.7391774654388428"
        },
        {
            "gameTime": "1 - 8:10",
            "label": "Throw-in",
            "position": "490000",
            "half": "1",
            "confidence": "0.715764582157135"
        },
        {
            "gameTime": "1 - 5:51",
            "label": "Throw-in",
            "position": "351500",
            "half": "1",
            "confidence": "0.6786422729492188"
        },
        {
            "gameTime": "1 - 6:4",
            "label": "Throw-in",
            "position": "364500",
            "half": "1",
            "confidence": "0.6148689389228821"
        },
        {
            "gameTime": "1 - 22:16",
            "label": "Throw-in",
            "position": "1336500",
            "half": "1",
            "confidence": "0.604790985584259"
        },
        {
            "gameTime": "1 - 22:28",
            "label": "Throw-in",
            "position": "1348500",
            "half": "1",
            "confidence": "0.597070038318634"
        },
        {
            "gameTime": "1 - 18:45",
            "label": "Throw-in",
            "position": "1125500",
            "half": "1",
            "confidence": "0.5391405820846558"
        },
        {
            "gameTime": "1 - 5:27",
            "label": "Throw-in",
            "position": "327500",
            "half": "1",
            "confidence": "0.5387331247329712"
        },
        {
            "gameTime": "1 - 24:35",
            "label": "Throw-in",
            "position": "1475500",
            "half": "1",
            "confidence": "0.5384347438812256"
        },
        {
            "gameTime": "1 - 32:22",
            "label": "Throw-in",
            "position": "1942500",
            "half": "1",
            "confidence": "0.5133697986602783"
        },
        {
            "gameTime": "1 - 15:46",
            "label": "Throw-in",
            "position": "946500",
            "half": "1",
            "confidence": "0.5122083425521851"
        },
        {
            "gameTime": "1 - 28:3",
            "label": "Foul",
            "position": "1683500",
            "half": "1",
            "confidence": "0.8379485011100769"
        },
        {
            "gameTime": "1 - 30:5",
            "label": "Foul",
            "position": "1805500",
            "half": "1",
            "confidence": "0.8188745975494385"
        },
        {
            "gameTime": "1 - 13:22",
            "label": "Foul",
            "position": "802500",
            "half": "1",
            "confidence": "0.7636067867279053"
        },
        {
            "gameTime": "1 - 13:11",
            "label": "Foul",
            "position": "791500",
            "half": "1",
            "confidence": "0.7192687392234802"
        },
        {
            "gameTime": "1 - 29:54",
            "label": "Foul",
            "position": "1794500",
            "half": "1",
            "confidence": "0.6126883625984192"
        },
        {
            "gameTime": "1 - 43:15",
            "label": "Foul",
            "position": "2595500",
            "half": "1",
            "confidence": "0.6119329929351807"
        },
        {
            "gameTime": "1 - 4:18",
            "label": "Foul",
            "position": "258000",
            "half": "1",
            "confidence": "0.5965120196342468"
        },
        {
            "gameTime": "1 - 33:16",
            "label": "Foul",
            "position": "1996000",
            "half": "1",
            "confidence": "0.5521054267883301"
        },
        {
            "gameTime": "1 - 3:37",
            "label": "Foul",
            "position": "217000",
            "half": "1",
            "confidence": "0.5497977137565613"
        },
        {
            "gameTime": "1 - 3:26",
            "label": "Foul",
            "position": "206500",
            "half": "1",
            "confidence": "0.5299645662307739"
        },
        {
            "gameTime": "1 - 41:58",
            "label": "Foul",
            "position": "2518500",
            "half": "1",
            "confidence": "0.5228654146194458"
        },
        {
            "gameTime": "1 - 28:18",
            "label": "Indirect free-kick",
            "position": "1698000",
            "half": "1",
            "confidence": "0.6143563389778137"
        },
        {
            "gameTime": "1 - 30:25",
            "label": "Direct free-kick",
            "position": "1825500",
            "half": "1",
            "confidence": "0.5388101935386658"
        },
        {
            "gameTime": "1 - 44:43",
            "label": "Direct free-kick",
            "position": "2683500",
            "half": "1",
            "confidence": "0.5300244688987732"
        },
        {
            "gameTime": "1 - 16:30",
            "label": "Corner",
            "position": "990000",
            "half": "1",
            "confidence": "0.9929991960525513"
        },
        {
            "gameTime": "1 - 18:53",
            "label": "Corner",
            "position": "1133000",
            "half": "1",
            "confidence": "0.9885974526405334"
        },
        {
            "gameTime": "1 - 32:58",
            "label": "Corner",
            "position": "1978500",
            "half": "1",
            "confidence": "0.9661295413970947"
        },
        {
            "gameTime": "1 - 18:42",
            "label": "Corner",
            "position": "1122500",
            "half": "1",
            "confidence": "0.9315929412841797"
        },
        {
            "gameTime": "1 - 29:10",
            "label": "Corner",
            "position": "1750500",
            "half": "1",
            "confidence": "0.8664599061012268"
        },
        {
            "gameTime": "1 - 19:3",
            "label": "Corner",
            "position": "1143000",
            "half": "1",
            "confidence": "0.8471316695213318"
        },
        {
            "gameTime": "1 - 33:8",
            "label": "Corner",
            "position": "1988500",
            "half": "1",
            "confidence": "0.7951709032058716"
        },
        {
            "gameTime": "1 - 30:43",
            "label": "Corner",
            "position": "1843000",
            "half": "1",
            "confidence": "0.6687924861907959"
        },
        {
            "gameTime": "1 - 16:40",
            "label": "Corner",
            "position": "1000000",
            "half": "1",
            "confidence": "0.571585476398468"
        },
        {
            "gameTime": "1 - 43:16",
            "label": "Yellow card",
            "position": "2596000",
            "half": "1",
            "confidence": "0.9605077505111694"
        },
        {
            "gameTime": "1 - 43:27",
            "label": "Yellow card",
            "position": "2607000",
            "half": "1",
            "confidence": "0.8972121477127075"
        },
        {
            "gameTime": "1 - 13:28",
            "label": "Yellow card",
            "position": "808500",
            "half": "1",
            "confidence": "0.599539577960968"
        },
        {
            "gameTime": "2 - 0:1",
            "label": "Kick-off",
            "position": "1000",
            "half": "2",
            "confidence": "0.9083575010299683"
        },
        {
            "gameTime": "2 - 0:11",
            "label": "Kick-off",
            "position": "11000",
            "half": "2",
            "confidence": "0.8020191192626953"
        },
        {
            "gameTime": "2 - 35:54",
            "label": "Substitution",
            "position": "2154000",
            "half": "2",
            "confidence": "0.9514635801315308"
        },
        {
            "gameTime": "2 - 23:5",
            "label": "Substitution",
            "position": "1385000",
            "half": "2",
            "confidence": "0.850883960723877"
        },
        {
            "gameTime": "2 - 17:44",
            "label": "Substitution",
            "position": "1064500",
            "half": "2",
            "confidence": "0.6064599752426147"
        },
        {
            "gameTime": "2 - 12:41",
            "label": "Substitution",
            "position": "761000",
            "half": "2",
            "confidence": "0.5824812054634094"
        },
        {
            "gameTime": "2 - 17:29",
            "label": "Substitution",
            "position": "1049000",
            "half": "2",
            "confidence": "0.5542664527893066"
        },
        {
            "gameTime": "2 - 14:5",
            "label": "Shots off target",
            "position": "845500",
            "half": "2",
            "confidence": "0.7568318843841553"
        },
        {
            "gameTime": "2 - 10:26",
            "label": "Clearance",
            "position": "626500",
            "half": "2",
            "confidence": "0.7181413769721985"
        },
        {
            "gameTime": "2 - 7:33",
            "label": "Ball out of play",
            "position": "453000",
            "half": "2",
            "confidence": "0.9858856201171875"
        },
        {
            "gameTime": "2 - 36:38",
            "label": "Ball out of play",
            "position": "2198000",
            "half": "2",
            "confidence": "0.9844709634780884"
        },
        {
            "gameTime": "2 - 19:7",
            "label": "Ball out of play",
            "position": "1147500",
            "half": "2",
            "confidence": "0.9599511623382568"
        },
        {
            "gameTime": "2 - 1:45",
            "label": "Ball out of play",
            "position": "105000",
            "half": "2",
            "confidence": "0.9576386213302612"
        },
        {
            "gameTime": "2 - 7:22",
            "label": "Ball out of play",
            "position": "442000",
            "half": "2",
            "confidence": "0.9519338607788086"
        },
        {
            "gameTime": "2 - 1:55",
            "label": "Ball out of play",
            "position": "115000",
            "half": "2",
            "confidence": "0.9386582970619202"
        },
        {
            "gameTime": "2 - 36:27",
            "label": "Ball out of play",
            "position": "2187500",
            "half": "2",
            "confidence": "0.9110453724861145"
        },
        {
            "gameTime": "2 - 37:0",
            "label": "Ball out of play",
            "position": "2220000",
            "half": "2",
            "confidence": "0.9107992649078369"
        },
        {
            "gameTime": "2 - 21:9",
            "label": "Ball out of play",
            "position": "1269000",
            "half": "2",
            "confidence": "0.8999053239822388"
        },
        {
            "gameTime": "2 - 14:6",
            "label": "Ball out of play",
            "position": "846000",
            "half": "2",
            "confidence": "0.899480938911438"
        },
        {
            "gameTime": "2 - 7:43",
            "label": "Ball out of play",
            "position": "463000",
            "half": "2",
            "confidence": "0.8920789957046509"
        },
        {
            "gameTime": "2 - 19:17",
            "label": "Ball out of play",
            "position": "1157500",
            "half": "2",
            "confidence": "0.880882203578949"
        },
        {
            "gameTime": "2 - 11:48",
            "label": "Ball out of play",
            "position": "708000",
            "half": "2",
            "confidence": "0.86956387758255"
        },
        {
            "gameTime": "2 - 11:59",
            "label": "Ball out of play",
            "position": "719500",
            "half": "2",
            "confidence": "0.8639019727706909"
        },
        {
            "gameTime": "2 - 39:16",
            "label": "Ball out of play",
            "position": "2356000",
            "half": "2",
            "confidence": "0.8466463685035706"
        },
        {
            "gameTime": "2 - 2:21",
            "label": "Ball out of play",
            "position": "141500",
            "half": "2",
            "confidence": "0.8452968001365662"
        },
        {
            "gameTime": "2 - 7:0",
            "label": "Ball out of play",
            "position": "420500",
            "half": "2",
            "confidence": "0.842314600944519"
        },
        {
            "gameTime": "2 - 4:49",
            "label": "Ball out of play",
            "position": "289000",
            "half": "2",
            "confidence": "0.8360116481781006"
        },
        {
            "gameTime": "2 - 20:56",
            "label": "Ball out of play",
            "position": "1256000",
            "half": "2",
            "confidence": "0.8350896835327148"
        },
        {
            "gameTime": "2 - 10:58",
            "label": "Ball out of play",
            "position": "658500",
            "half": "2",
            "confidence": "0.8248652815818787"
        },
        {
            "gameTime": "2 - 4:33",
            "label": "Ball out of play",
            "position": "273000",
            "half": "2",
            "confidence": "0.8203684687614441"
        },
        {
            "gameTime": "2 - 14:16",
            "label": "Ball out of play",
            "position": "856000",
            "half": "2",
            "confidence": "0.8195531368255615"
        },
        {
            "gameTime": "2 - 14:29",
            "label": "Ball out of play",
            "position": "869500",
            "half": "2",
            "confidence": "0.8185523748397827"
        },
        {
            "gameTime": "2 - 38:8",
            "label": "Ball out of play",
            "position": "2288500",
            "half": "2",
            "confidence": "0.8103269934654236"
        },
        {
            "gameTime": "2 - 2:39",
            "label": "Ball out of play",
            "position": "159000",
            "half": "2",
            "confidence": "0.7988404631614685"
        },
        {
            "gameTime": "2 - 36:49",
            "label": "Ball out of play",
            "position": "2209500",
            "half": "2",
            "confidence": "0.796235978603363"
        },
        {
            "gameTime": "2 - 10:13",
            "label": "Ball out of play",
            "position": "613000",
            "half": "2",
            "confidence": "0.7946470975875854"
        },
        {
            "gameTime": "2 - 11:28",
            "label": "Ball out of play",
            "position": "688500",
            "half": "2",
            "confidence": "0.7905092835426331"
        },
        {
            "gameTime": "2 - 18:25",
            "label": "Ball out of play",
            "position": "1105000",
            "half": "2",
            "confidence": "0.7674106955528259"
        },
        {
            "gameTime": "2 - 12:22",
            "label": "Ball out of play",
            "position": "742000",
            "half": "2",
            "confidence": "0.752587080001831"
        },
        {
            "gameTime": "2 - 38:21",
            "label": "Ball out of play",
            "position": "2301000",
            "half": "2",
            "confidence": "0.743376612663269"
        },
        {
            "gameTime": "2 - 7:10",
            "label": "Ball out of play",
            "position": "430500",
            "half": "2",
            "confidence": "0.7318213582038879"
        },
        {
            "gameTime": "2 - 13:24",
            "label": "Ball out of play",
            "position": "804500",
            "half": "2",
            "confidence": "0.708432137966156"
        },
        {
            "gameTime": "2 - 33:0",
            "label": "Ball out of play",
            "position": "1980500",
            "half": "2",
            "confidence": "0.696307361125946"
        },
        {
            "gameTime": "2 - 22:16",
            "label": "Ball out of play",
            "position": "1336500",
            "half": "2",
            "confidence": "0.6911617517471313"
        },
        {
            "gameTime": "2 - 40:47",
            "label": "Ball out of play",
            "position": "2447500",
            "half": "2",
            "confidence": "0.6746630668640137"
        },
        {
            "gameTime": "2 - 29:2",
            "label": "Ball out of play",
            "position": "1742500",
            "half": "2",
            "confidence": "0.6714091897010803"
        },
        {
            "gameTime": "2 - 38:31",
            "label": "Ball out of play",
            "position": "2311000",
            "half": "2",
            "confidence": "0.6569092869758606"
        },
        {
            "gameTime": "2 - 26:31",
            "label": "Ball out of play",
            "position": "1591500",
            "half": "2",
            "confidence": "0.6341490149497986"
        },
        {
            "gameTime": "2 - 36:6",
            "label": "Ball out of play",
            "position": "2166500",
            "half": "2",
            "confidence": "0.6319141387939453"
        },
        {
            "gameTime": "2 - 37:39",
            "label": "Ball out of play",
            "position": "2259000",
            "half": "2",
            "confidence": "0.6295377612113953"
        },
        {
            "gameTime": "2 - 43:17",
            "label": "Ball out of play",
            "position": "2597000",
            "half": "2",
            "confidence": "0.6137449145317078"
        },
        {
            "gameTime": "2 - 11:9",
            "label": "Ball out of play",
            "position": "669000",
            "half": "2",
            "confidence": "0.6093791723251343"
        },
        {
            "gameTime": "2 - 39:26",
            "label": "Ball out of play",
            "position": "2366000",
            "half": "2",
            "confidence": "0.6090030074119568"
        },
        {
            "gameTime": "2 - 8:2",
            "label": "Ball out of play",
            "position": "482000",
            "half": "2",
            "confidence": "0.6086490154266357"
        },
        {
            "gameTime": "2 - 35:33",
            "label": "Ball out of play",
            "position": "2133000",
            "half": "2",
            "confidence": "0.6029789447784424"
        },
        {
            "gameTime": "2 - 25:1",
            "label": "Ball out of play",
            "position": "1501000",
            "half": "2",
            "confidence": "0.5806363821029663"
        },
        {
            "gameTime": "2 - 25:11",
            "label": "Ball out of play",
            "position": "1511500",
            "half": "2",
            "confidence": "0.5799282193183899"
        },
        {
            "gameTime": "2 - 10:30",
            "label": "Ball out of play",
            "position": "630000",
            "half": "2",
            "confidence": "0.5752789974212646"
        },
        {
            "gameTime": "2 - 33:13",
            "label": "Ball out of play",
            "position": "1993500",
            "half": "2",
            "confidence": "0.5715170502662659"
        },
        {
            "gameTime": "2 - 22:6",
            "label": "Ball out of play",
            "position": "1326000",
            "half": "2",
            "confidence": "0.5613270998001099"
        },
        {
            "gameTime": "2 - 13:35",
            "label": "Ball out of play",
            "position": "815000",
            "half": "2",
            "confidence": "0.5566770434379578"
        },
        {
            "gameTime": "2 - 2:11",
            "label": "Ball out of play",
            "position": "131000",
            "half": "2",
            "confidence": "0.5566580295562744"
        },
        {
            "gameTime": "2 - 12:32",
            "label": "Ball out of play",
            "position": "752000",
            "half": "2",
            "confidence": "0.5489093065261841"
        },
        {
            "gameTime": "2 - 43:28",
            "label": "Ball out of play",
            "position": "2608000",
            "half": "2",
            "confidence": "0.5480958223342896"
        },
        {
            "gameTime": "2 - 17:6",
            "label": "Ball out of play",
            "position": "1026500",
            "half": "2",
            "confidence": "0.5413863062858582"
        },
        {
            "gameTime": "2 - 28:16",
            "label": "Ball out of play",
            "position": "1696500",
            "half": "2",
            "confidence": "0.5376209020614624"
        },
        {
            "gameTime": "2 - 40:57",
            "label": "Ball out of play",
            "position": "2457500",
            "half": "2",
            "confidence": "0.5289857387542725"
        },
        {
            "gameTime": "2 - 21:31",
            "label": "Ball out of play",
            "position": "1291500",
            "half": "2",
            "confidence": "0.5194901823997498"
        },
        {
            "gameTime": "2 - 18:57",
            "label": "Ball out of play",
            "position": "1137000",
            "half": "2",
            "confidence": "0.5183596014976501"
        },
        {
            "gameTime": "2 - 20:17",
            "label": "Ball out of play",
            "position": "1217500",
            "half": "2",
            "confidence": "0.5078734159469604"
        },
        {
            "gameTime": "2 - 38:34",
            "label": "Throw-in",
            "position": "2314500",
            "half": "2",
            "confidence": "0.9599957466125488"
        },
        {
            "gameTime": "2 - 7:34",
            "label": "Throw-in",
            "position": "454500",
            "half": "2",
            "confidence": "0.9501555562019348"
        },
        {
            "gameTime": "2 - 37:0",
            "label": "Throw-in",
            "position": "2220000",
            "half": "2",
            "confidence": "0.9469990730285645"
        },
        {
            "gameTime": "2 - 38:20",
            "label": "Throw-in",
            "position": "2300500",
            "half": "2",
            "confidence": "0.9351208209991455"
        },
        {
            "gameTime": "2 - 36:42",
            "label": "Throw-in",
            "position": "2202500",
            "half": "2",
            "confidence": "0.8988280892372131"
        },
        {
            "gameTime": "2 - 2:40",
            "label": "Throw-in",
            "position": "160000",
            "half": "2",
            "confidence": "0.8944918513298035"
        },
        {
            "gameTime": "2 - 20:21",
            "label": "Throw-in",
            "position": "1221500",
            "half": "2",
            "confidence": "0.8298330307006836"
        },
        {
            "gameTime": "2 - 19:22",
            "label": "Throw-in",
            "position": "1162500",
            "half": "2",
            "confidence": "0.7898953557014465"
        },
        {
            "gameTime": "2 - 31:40",
            "label": "Throw-in",
            "position": "1900000",
            "half": "2",
            "confidence": "0.7670138478279114"
        },
        {
            "gameTime": "2 - 38:8",
            "label": "Throw-in",
            "position": "2288500",
            "half": "2",
            "confidence": "0.7662416100502014"
        },
        {
            "gameTime": "2 - 4:40",
            "label": "Throw-in",
            "position": "280000",
            "half": "2",
            "confidence": "0.740687906742096"
        },
        {
            "gameTime": "2 - 2:29",
            "label": "Throw-in",
            "position": "149500",
            "half": "2",
            "confidence": "0.7401735186576843"
        },
        {
            "gameTime": "2 - 38:55",
            "label": "Throw-in",
            "position": "2335000",
            "half": "2",
            "confidence": "0.7133646011352539"
        },
        {
            "gameTime": "2 - 39:19",
            "label": "Throw-in",
            "position": "2359000",
            "half": "2",
            "confidence": "0.7110745310783386"
        },
        {
            "gameTime": "2 - 20:11",
            "label": "Throw-in",
            "position": "1211000",
            "half": "2",
            "confidence": "0.7063873410224915"
        },
        {
            "gameTime": "2 - 2:0",
            "label": "Throw-in",
            "position": "120500",
            "half": "2",
            "confidence": "0.6843215823173523"
        },
        {
            "gameTime": "2 - 7:50",
            "label": "Throw-in",
            "position": "470000",
            "half": "2",
            "confidence": "0.6730512976646423"
        },
        {
            "gameTime": "2 - 37:39",
            "label": "Throw-in",
            "position": "2259500",
            "half": "2",
            "confidence": "0.6721473336219788"
        },
        {
            "gameTime": "2 - 11:57",
            "label": "Throw-in",
            "position": "717000",
            "half": "2",
            "confidence": "0.6610411405563354"
        },
        {
            "gameTime": "2 - 17:4",
            "label": "Throw-in",
            "position": "1024000",
            "half": "2",
            "confidence": "0.6333765983581543"
        },
        {
            "gameTime": "2 - 38:44",
            "label": "Throw-in",
            "position": "2324500",
            "half": "2",
            "confidence": "0.621270477771759"
        },
        {
            "gameTime": "2 - 21:0",
            "label": "Throw-in",
            "position": "1260000",
            "half": "2",
            "confidence": "0.6212313175201416"
        },
        {
            "gameTime": "2 - 4:51",
            "label": "Throw-in",
            "position": "291000",
            "half": "2",
            "confidence": "0.5965636372566223"
        },
        {
            "gameTime": "2 - 11:28",
            "label": "Throw-in",
            "position": "688500",
            "half": "2",
            "confidence": "0.5934304594993591"
        },
        {
            "gameTime": "2 - 7:22",
            "label": "Throw-in",
            "position": "442500",
            "half": "2",
            "confidence": "0.5905493497848511"
        },
        {
            "gameTime": "2 - 36:32",
            "label": "Throw-in",
            "position": "2192000",
            "half": "2",
            "confidence": "0.5772215723991394"
        },
        {
            "gameTime": "2 - 37:11",
            "label": "Throw-in",
            "position": "2231000",
            "half": "2",
            "confidence": "0.5700327754020691"
        },
        {
            "gameTime": "2 - 37:22",
            "label": "Throw-in",
            "position": "2242000",
            "half": "2",
            "confidence": "0.5579370260238647"
        },
        {
            "gameTime": "2 - 39:8",
            "label": "Throw-in",
            "position": "2348500",
            "half": "2",
            "confidence": "0.5208857655525208"
        },
        {
            "gameTime": "2 - 21:10",
            "label": "Throw-in",
            "position": "1270000",
            "half": "2",
            "confidence": "0.5121208429336548"
        },
        {
            "gameTime": "2 - 35:33",
            "label": "Throw-in",
            "position": "2133000",
            "half": "2",
            "confidence": "0.5061542391777039"
        },
        {
            "gameTime": "2 - 8:29",
            "label": "Foul",
            "position": "509500",
            "half": "2",
            "confidence": "0.7192673683166504"
        },
        {
            "gameTime": "2 - 31:10",
            "label": "Foul",
            "position": "1870500",
            "half": "2",
            "confidence": "0.571169376373291"
        },
        {
            "gameTime": "2 - 9:7",
            "label": "Indirect free-kick",
            "position": "547000",
            "half": "2",
            "confidence": "0.7342302799224854"
        },
        {
            "gameTime": "2 - 28:35",
            "label": "Indirect free-kick",
            "position": "1715000",
            "half": "2",
            "confidence": "0.5498125553131104"
        },
        {
            "gameTime": "2 - 41:51",
            "label": "Indirect free-kick",
            "position": "2511500",
            "half": "2",
            "confidence": "0.538922905921936"
        },
        {
            "gameTime": "2 - 41:27",
            "label": "Direct free-kick",
            "position": "2487500",
            "half": "2",
            "confidence": "0.8680533766746521"
        },
        {
            "gameTime": "2 - 11:34",
            "label": "Corner",
            "position": "694000",
            "half": "2",
            "confidence": "0.996121346950531"
        },
        {
            "gameTime": "2 - 11:44",
            "label": "Corner",
            "position": "704500",
            "half": "2",
            "confidence": "0.9843182563781738"
        }
    ]
}