{
    "UrlLocal": "england_epl/2016-2017/2016-11-19 - 18-00 Manchester United 1 - 1 Arsenal",
    "UrlYoutube": "",
    "annotations": [
        {
            "change_type": "",
            "gameTime": "1 - 03:12",
            "label": "",
            "position": "192814",
            "replay": "real-time"
        },
        {
            "change_type": "",
            "gameTime": "1 - 03:19",
            "label": "",
            "link": "",
            "position": "199173",
            "replay": "replay"
        },
        {
            "change_type": "",
            "gameTime": "1 - 04:12",
            "label": "",
            "position": "252766",
            "replay": "real-time"
        },
        {
            "change_type": "",
            "gameTime": "1 - 04:16",
            "label": "",
            "link": "",
            "position": "256983",
            "replay": "replay"
        },
        {
            "change_type": "",
            "gameTime": "1 - 04:22",
            "label": "",
            "link": "",
            "position": "262060",
            "replay": "replay"
        },
        {
            "change_type": "",
            "gameTime": "1 - 06:00",
            "label": "",
            "position": "360035",
            "replay": "real-time"
        },
        {
            "change_type": "",
            "gameTime": "1 - 06:09",
            "label": "",
            "link": "",
            "position": "369034",
            "replay": "replay"
        },
        {
            "change_type": "",
            "gameTime": "1 - 06:13",
            "label": "",
            "position": "373959",
            "replay": "other"
        },
        {
            "change_type": "",
            "gameTime": "1 - 06:38",
            "label": "",
            "position": "398686",
            "replay": "real-time"
        },
        {
            "change_type": "",
            "gameTime": "1 - 06:47",
            "label": "",
            "link": "",
            "position": "407893",
            "replay": "replay"
        },
        {
            "change_type": "",
            "gameTime": "1 - 06:54",
            "label": "",
            "link": "",
            "position": "414716",
            "replay": "replay"
        },
        {
            "change_type": "",
            "gameTime": "1 - 11:50",
            "label": "",
            "position": "710314",
            "replay": "real-time"
        },
        {
            "change_type": "",
            "gameTime": "1 - 12:02",
            "label": "",
            "position": "722112",
            "replay": "other"
        },
        {
            "change_type": "",
            "gameTime": "1 - 15:57",
            "label": "",
            "position": "957320",
            "replay": "real-time"
        },
        {
            "change_type": "",
            "gameTime": "1 - 16:06",
            "label": "",
            "link": "",
            "position": "966256",
            "replay": "replay"
        },
        {
            "change_type": "",
            "gameTime": "1 - 18:42",
            "label": "",
            "position": "1122831",
            "replay": "real-time"
        },
        {
            "change_type": "",
            "gameTime": "1 - 18:54",
            "label": "",
            "link": "",
            "position": "1134029",
            "replay": "replay"
        },
        {
            "change_type": "",
            "gameTime": "1 - 20:07",
            "label": "",
            "position": "1207915",
            "replay": "real-time"
        },
        {
            "change_type": "",
            "gameTime": "1 - 20:16",
            "label": "",
            "position": "1216606",
            "replay": "other"
        },
        {
            "change_type": "",
            "gameTime": "1 - 23:05",
            "label": "",
            "position": "1385604",
            "replay": "real-time"
        },
        {
            "change_type": "",
            "gameTime": "1 - 23:13",
            "label": "",
            "link": "",
            "position": "1393926",
            "replay": "replay"
        },
        {
            "change_type": "",
            "gameTime": "1 - 24:12",
            "label": "",
            "position": "1452847",
            "replay": "real-time"
        },
        {
            "change_type": "",
            "gameTime": "1 - 24:18",
            "label": "",
            "link": "",
            "position": "1458184",
            "replay": "replay"
        },
        {
            "change_type": "",
            "gameTime": "1 - 25:24",
            "label": "",
            "position": "1524485",
            "replay": "real-time"
        },
        {
            "change_type": "",
            "gameTime": "1 - 25:36",
            "label": "",
            "position": "1536431",
            "replay": "other"
        },
        {
            "change_type": "",
            "gameTime": "1 - 32:11",
            "label": "",
            "position": "1931812",
            "replay": "real-time"
        },
        {
            "change_type": "",
            "gameTime": "1 - 32:22",
            "label": "",
            "link": "",
            "position": "1942788",
            "replay": "replay"
        },
        {
            "change_type": "",
            "gameTime": "1 - 34:39",
            "label": "",
            "position": "2079202",
            "replay": "real-time"
        },
        {
            "change_type": "",
            "gameTime": "1 - 34:46",
            "label": "",
            "position": "2086371",
            "replay": "other"
        },
        {
            "change_type": "",
            "gameTime": "1 - 34:53",
            "label": "",
            "position": "2093553",
            "replay": "other"
        },
        {
            "change_type": "",
            "gameTime": "1 - 35:02",
            "label": "",
            "position": "2102048",
            "replay": "other"
        },
        {
            "change_type": "",
            "gameTime": "1 - 36:05",
            "label": "",
            "position": "2165320",
            "replay": "real-time"
        },
        {
            "change_type": "",
            "gameTime": "1 - 36:14",
            "label": "",
            "link": "",
            "position": "2174806",
            "replay": "replay"
        },
        {
            "change_type": "",
            "gameTime": "1 - 38:34",
            "label": "",
            "position": "2314699",
            "replay": "real-time"
        },
        {
            "change_type": "",
            "gameTime": "1 - 38:41",
            "label": "",
            "position": "2321246",
            "replay": "other"
        },
        {
            "change_type": "",
            "gameTime": "1 - 38:49",
            "label": "",
            "position": "2329144",
            "replay": "other"
        },
        {
            "change_type": "",
            "gameTime": "1 - 38:58",
            "label": "",
            "position": "2338580",
            "replay": "other"
        },
        {
            "change_type": "",
            "gameTime": "1 - 39:08",
            "label": "",
            "link": "",
            "position": "2348815",
            "replay": "replay"
        },
        {
            "change_type": "",
            "gameTime": "1 - 40:25",
            "label": "",
            "position": "2425512",
            "replay": "real-time"
        },
        {
            "change_type": "",
            "gameTime": "1 - 40:31",
            "label": "",
            "link": "",
            "position": "2431678",
            "replay": "replay"
        },
        {
            "change_type": "",
            "gameTime": "1 - 40:37",
            "label": "",
            "link": "",
            "position": "2437944",
            "replay": "replay"
        },
        {
            "change_type": "",
            "gameTime": "1 - 41:01",
            "label": "",
            "position": "2461841",
            "replay": "real-time"
        },
        {
            "change_type": "",
            "gameTime": "1 - 41:11",
            "label": "",
            "link": "",
            "position": "2471099",
            "replay": "replay"
        },
        {
            "change_type": "",
            "gameTime": "2 - 03:06",
            "label": "",
            "position": "186695",
            "replay": "real-time"
        },
        {
            "change_type": "",
            "gameTime": "2 - 03:17",
            "label": "",
            "link": "",
            "position": "197392",
            "replay": "replay"
        },
        {
            "change_type": "",
            "gameTime": "2 - 04:15",
            "label": "",
            "position": "255352",
            "replay": "real-time"
        },
        {
            "change_type": "",
            "gameTime": "2 - 04:21",
            "label": "",
            "link": "",
            "position": "261906",
            "replay": "replay"
        },
        {
            "change_type": "",
            "gameTime": "2 - 05:09",
            "label": "",
            "position": "309245",
            "replay": "real-time"
        },
        {
            "change_type": "",
            "gameTime": "2 - 05:17",
            "label": "",
            "link": "",
            "position": "317526",
            "replay": "replay"
        },
        {
            "change_type": "",
            "gameTime": "2 - 07:02",
            "label": "",
            "position": "422326",
            "replay": "real-time"
        },
        {
            "change_type": "",
            "gameTime": "2 - 07:09",
            "label": "",
            "link": "",
            "position": "429719",
            "replay": "replay"
        },
        {
            "change_type": "",
            "gameTime": "2 - 09:25",
            "label": "",
            "position": "565727",
            "replay": "real-time"
        },
        {
            "change_type": "",
            "gameTime": "2 - 09:35",
            "label": "",
            "link": "",
            "position": "575556",
            "replay": "replay"
        },
        {
            "change_type": "",
            "gameTime": "2 - 09:57",
            "label": "",
            "position": "597189",
            "replay": "real-time"
        },
        {
            "change_type": "",
            "gameTime": "2 - 10:02",
            "label": "",
            "link": "",
            "position": "602856",
            "replay": "replay"
        },
        {
            "change_type": "",
            "gameTime": "2 - 10:12",
            "label": "",
            "link": "",
            "position": "612544",
            "replay": "replay"
        },
        {
            "change_type": "",
            "gameTime": "2 - 23:23",
            "label": "",
            "position": "1403586",
            "replay": "real-time"
        },
        {
            "change_type": "",
            "gameTime": "2 - 23:35",
            "label": "",
            "link": "",
            "position": "1415673",
            "replay": "replay"
        },
        {
            "change_type": "",
            "gameTime": "2 - 23:41",
            "label": "",
            "link": "",
            "position": "1421810",
            "replay": "replay"
        },
        {
            "change_type": "",
            "gameTime": "2 - 23:50",
            "label": "",
            "link": "",
            "position": "1430810",
            "replay": "replay"
        },
        {
            "change_type": "",
            "gameTime": "2 - 23:55",
            "label": "",
            "position": "1435804",
            "replay": "other"
        },
        {
            "change_type": "",
            "gameTime": "2 - 24:06",
            "label": "",
            "position": "1446036",
            "replay": "other"
        },
        {
            "change_type": "",
            "gameTime": "2 - 24:13",
            "label": "",
            "position": "1453334",
            "replay": "other"
        },
        {
            "change_type": "",
            "gameTime": "2 - 31:08",
            "label": "",
            "position": "1868866",
            "replay": "real-time"
        },
        {
            "change_type": "",
            "gameTime": "2 - 31:26",
            "label": "",
            "link": "",
            "position": "1886374",
            "replay": "replay"
        },
        {
            "change_type": "",
            "gameTime": "2 - 33:15",
            "label": "",
            "position": "1995700",
            "replay": "real-time"
        },
        {
            "change_type": "",
            "gameTime": "2 - 33:22",
            "label": "",
            "link": "",
            "position": "2002364",
            "replay": "replay"
        },
        {
            "change_type": "",
            "gameTime": "2 - 34:18",
            "label": "",
            "position": "2058694",
            "replay": "real-time"
        },
        {
            "change_type": "",
            "gameTime": "2 - 34:25",
            "label": "",
            "link": "",
            "position": "2065434",
            "replay": "replay"
        },
        {
            "change_type": "",
            "gameTime": "2 - 34:32",
            "label": "",
            "link": "",
            "position": "2072614",
            "replay": "replay"
        },
        {
            "change_type": "",
            "gameTime": "2 - 34:36",
            "label": "",
            "position": "2076840",
            "replay": "other"
        },
        {
            "change_type": "",
            "gameTime": "2 - 37:50",
            "label": "",
            "position": "2270138",
            "replay": "real-time"
        },
        {
            "change_type": "",
            "gameTime": "2 - 37:56",
            "label": "",
            "position": "2276871",
            "replay": "other"
        },
        {
            "change_type": "",
            "gameTime": "2 - 39:31",
            "label": "",
            "position": "2371565",
            "replay": "real-time"
        },
        {
            "change_type": "",
            "gameTime": "2 - 39:36",
            "label": "",
            "link": "",
            "position": "2376928",
            "replay": "replay"
        },
        {
            "change_type": "",
            "gameTime": "2 - 39:49",
            "label": "",
            "link": "",
            "position": "2389572",
            "replay": "replay"
        },
        {
            "change_type": "",
            "gameTime": "2 - 40:26",
            "label": "",
            "position": "2426016",
            "replay": "real-time"
        },
        {
            "change_type": "",
            "gameTime": "2 - 40:33",
            "label": "",
            "link": "",
            "position": "2433953",
            "replay": "replay"
        },
        {
            "change_type": "",
            "gameTime": "2 - 43:53",
            "label": "",
            "position": "2633259",
            "replay": "real-time"
        },
        {
            "change_type": "",
            "gameTime": "2 - 44:05",
            "label": "",
            "link": "",
            "position": "2645384",
            "replay": "replay"
        },
        {
            "change_type": "",
            "gameTime": "2 - 44:11",
            "label": "",
            "link": "",
            "position": "2651464",
            "replay": "replay"
        },
        {
            "change_type": "",
            "gameTime": "2 - 44:20",
            "label": "",
            "link": "",
            "position": "2660148",
            "replay": "replay"
        },
        {
            "change_type": "",
            "gameTime": "2 - 44:26",
            "label": "",
            "position": "2666120",
            "replay": "other"
        },
        {
            "change_type": "",
            "gameTime": "2 - 45:26",
            "label": "",
            "position": "2726234",
            "replay": "real-time"
        },
        {
            "change_type": "",
            "gameTime": "2 - 45:42",
            "label": "",
            "link": "",
            "position": "2742249",
            "replay": "replay"
        },
        {
            "change_type": "",
            "gameTime": "2 - 48:26",
            "label": "",
            "position": "2906880",
            "replay": "real-time"
        },
        {
            "change_type": "",
            "gameTime": "2 - 48:38",
            "label": "",
            "link": "",
            "position": "2918958",
            "replay": "replay"
        }
    ],
    "gameAwayTeam": "Arsenal",
    "gameDate": "2016-11-19 - 18-00",
    "gameHomeTeam": "Manchester United",
    "gameScore": "1 - 1"
}