{
    "UrlLocal": "italy_serie-a/2016-2017/2016-09-18 - 18-00 Juventus 1 - 0 Internazionale",
    "predictions": [
        {
            "gameTime": "1 - 24:35",
            "label": "subs",
            "position": "1475000",
            "half": "1",
            "confidence": "0.8225715160369873"
        },
        {
            "gameTime": "1 - 7:10",
            "label": "subs",
            "position": "430000",
            "half": "1",
            "confidence": "0.514258086681366"
        },
        {
            "gameTime": "1 - 44:16",
            "label": "soccer",
            "position": "2656500",
            "half": "1",
            "confidence": "0.9052550196647644"
        },
        {
            "gameTime": "1 - 18:2",
            "label": "soccer",
            "position": "1082500",
            "half": "1",
            "confidence": "0.6759185791015625"
        },
        {
            "gameTime": "1 - 24:19",
            "label": "soccer",
            "position": "1459500",
            "half": "1",
            "confidence": "0.6288884878158569"
        },
        {
            "gameTime": "1 - 36:9",
            "label": "soccer",
            "position": "2169000",
            "half": "1",
            "confidence": "0.6239668726921082"
        },
        {
            "gameTime": "2 - 28:16",
            "label": "card",
            "position": "1696500",
            "half": "2",
            "confidence": "0.6073665618896484"
        },
        {
            "gameTime": "2 - 31:32",
            "label": "card",
            "position": "1892000",
            "half": "2",
            "confidence": "0.5717074275016785"
        },
        {
            "gameTime": "2 - 33:33",
            "label": "subs",
            "position": "2013000",
            "half": "2",
            "confidence": "0.9135863184928894"
        },
        {
            "gameTime": "2 - 12:44",
            "label": "subs",
            "position": "764500",
            "half": "2",
            "confidence": "0.8746510148048401"
        },
        {
            "gameTime": "2 - 33:22",
            "label": "subs",
            "position": "2002500",
            "half": "2",
            "confidence": "0.7839946746826172"
        },
        {
            "gameTime": "2 - 12:54",
            "label": "subs",
            "position": "774500",
            "half": "2",
            "confidence": "0.7618772387504578"
        },
        {
            "gameTime": "2 - 12:34",
            "label": "subs",
            "position": "754000",
            "half": "2",
            "confidence": "0.6964036226272583"
        },
        {
            "gameTime": "2 - 43:10",
            "label": "subs",
            "position": "2590000",
            "half": "2",
            "confidence": "0.6515735387802124"
        },
        {
            "gameTime": "2 - 25:28",
            "label": "subs",
            "position": "1528500",
            "half": "2",
            "confidence": "0.6507298350334167"
        },
        {
            "gameTime": "2 - 49:55",
            "label": "subs",
            "position": "2995000",
            "half": "2",
            "confidence": "0.5928306579589844"
        },
        {
            "gameTime": "2 - 25:3",
            "label": "subs",
            "position": "1503000",
            "half": "2",
            "confidence": "0.5829351544380188"
        },
        {
            "gameTime": "2 - 39:5",
            "label": "subs",
            "position": "2345500",
            "half": "2",
            "confidence": "0.5760406255722046"
        },
        {
            "gameTime": "2 - 27:48",
            "label": "subs",
            "position": "1668500",
            "half": "2",
            "confidence": "0.5711509585380554"
        },
        {
            "gameTime": "2 - 50:5",
            "label": "subs",
            "position": "3005000",
            "half": "2",
            "confidence": "0.5065314769744873"
        },
        {
            "gameTime": "2 - 47:46",
            "label": "soccer",
            "position": "2866500",
            "half": "2",
            "confidence": "0.9574012160301208"
        },
        {
            "gameTime": "2 - 44:11",
            "label": "soccer",
            "position": "2651000",
            "half": "2",
            "confidence": "0.9009451270103455"
        },
        {
            "gameTime": "2 - 47:58",
            "label": "soccer",
            "position": "2878500",
            "half": "2",
            "confidence": "0.8349217176437378"
        },
        {
            "gameTime": "2 - 44:21",
            "label": "soccer",
            "position": "2661000",
            "half": "2",
            "confidence": "0.7833521366119385"
        },
        {
            "gameTime": "2 - 47:36",
            "label": "soccer",
            "position": "2856000",
            "half": "2",
            "confidence": "0.6797725558280945"
        },
        {
            "gameTime": "2 - 12:58",
            "label": "soccer",
            "position": "778000",
            "half": "2",
            "confidence": "0.5361037850379944"
        }
    ]
}