{
    "UrlLocal": "germany_bundesliga/2015-2016/2015-10-24 - 16-30 Bayern Munich 4 - 0 FC Koln",
    "predictions": [
        {
            "gameTime": "1 - 0:5",
            "label": "Kick-off",
            "position": "5500",
            "half": "1",
            "confidence": "0.9524612426757812"
        },
        {
            "gameTime": "1 - 35:52",
            "label": "Kick-off",
            "position": "2152500",
            "half": "1",
            "confidence": "0.7704691886901855"
        },
        {
            "gameTime": "1 - 40:47",
            "label": "Kick-off",
            "position": "2447500",
            "half": "1",
            "confidence": "0.7702110409736633"
        },
        {
            "gameTime": "1 - 40:3",
            "label": "Goal",
            "position": "2403500",
            "half": "1",
            "confidence": "0.9312103986740112"
        },
        {
            "gameTime": "1 - 35:8",
            "label": "Goal",
            "position": "2108000",
            "half": "1",
            "confidence": "0.5744306445121765"
        },
        {
            "gameTime": "1 - 10:6",
            "label": "Shots on target",
            "position": "606500",
            "half": "1",
            "confidence": "0.6060579419136047"
        },
        {
            "gameTime": "1 - 40:3",
            "label": "Shots on target",
            "position": "2403500",
            "half": "1",
            "confidence": "0.5458154082298279"
        },
        {
            "gameTime": "1 - 6:38",
            "label": "Shots off target",
            "position": "398000",
            "half": "1",
            "confidence": "0.585267961025238"
        },
        {
            "gameTime": "1 - 15:27",
            "label": "Shots off target",
            "position": "927500",
            "half": "1",
            "confidence": "0.5551953911781311"
        },
        {
            "gameTime": "1 - 16:3",
            "label": "Shots off target",
            "position": "963000",
            "half": "1",
            "confidence": "0.5326266884803772"
        },
        {
            "gameTime": "1 - 32:51",
            "label": "Clearance",
            "position": "1971000",
            "half": "1",
            "confidence": "0.8866194486618042"
        },
        {
            "gameTime": "1 - 7:41",
            "label": "Clearance",
            "position": "461500",
            "half": "1",
            "confidence": "0.802786111831665"
        },
        {
            "gameTime": "1 - 32:11",
            "label": "Clearance",
            "position": "1931000",
            "half": "1",
            "confidence": "0.732062578201294"
        },
        {
            "gameTime": "1 - 11:18",
            "label": "Clearance",
            "position": "678500",
            "half": "1",
            "confidence": "0.6585344672203064"
        },
        {
            "gameTime": "1 - 1:16",
            "label": "Clearance",
            "position": "76500",
            "half": "1",
            "confidence": "0.6209556460380554"
        },
        {
            "gameTime": "1 - 17:23",
            "label": "Clearance",
            "position": "1043500",
            "half": "1",
            "confidence": "0.5804775953292847"
        },
        {
            "gameTime": "1 - 3:42",
            "label": "Clearance",
            "position": "222500",
            "half": "1",
            "confidence": "0.5572589039802551"
        },
        {
            "gameTime": "1 - 25:27",
            "label": "Ball out of play",
            "position": "1527500",
            "half": "1",
            "confidence": "0.9020678997039795"
        },
        {
            "gameTime": "1 - 43:23",
            "label": "Ball out of play",
            "position": "2603000",
            "half": "1",
            "confidence": "0.8977186679840088"
        },
        {
            "gameTime": "1 - 15:31",
            "label": "Ball out of play",
            "position": "931000",
            "half": "1",
            "confidence": "0.8424584269523621"
        },
        {
            "gameTime": "1 - 43:33",
            "label": "Ball out of play",
            "position": "2613000",
            "half": "1",
            "confidence": "0.8239580988883972"
        },
        {
            "gameTime": "1 - 31:53",
            "label": "Ball out of play",
            "position": "1913500",
            "half": "1",
            "confidence": "0.8074209094047546"
        },
        {
            "gameTime": "1 - 26:39",
            "label": "Ball out of play",
            "position": "1599500",
            "half": "1",
            "confidence": "0.7934420108795166"
        },
        {
            "gameTime": "1 - 15:20",
            "label": "Ball out of play",
            "position": "920000",
            "half": "1",
            "confidence": "0.7721869349479675"
        },
        {
            "gameTime": "1 - 16:8",
            "label": "Ball out of play",
            "position": "968000",
            "half": "1",
            "confidence": "0.7680703401565552"
        },
        {
            "gameTime": "1 - 43:58",
            "label": "Ball out of play",
            "position": "2638500",
            "half": "1",
            "confidence": "0.7657855749130249"
        },
        {
            "gameTime": "1 - 42:4",
            "label": "Ball out of play",
            "position": "2524500",
            "half": "1",
            "confidence": "0.7636305093765259"
        },
        {
            "gameTime": "1 - 0:48",
            "label": "Ball out of play",
            "position": "48500",
            "half": "1",
            "confidence": "0.7616268396377563"
        },
        {
            "gameTime": "1 - 9:39",
            "label": "Ball out of play",
            "position": "579000",
            "half": "1",
            "confidence": "0.7519688010215759"
        },
        {
            "gameTime": "1 - 6:38",
            "label": "Ball out of play",
            "position": "398000",
            "half": "1",
            "confidence": "0.7447857856750488"
        },
        {
            "gameTime": "1 - 11:40",
            "label": "Ball out of play",
            "position": "700500",
            "half": "1",
            "confidence": "0.7424405813217163"
        },
        {
            "gameTime": "1 - 7:19",
            "label": "Ball out of play",
            "position": "439500",
            "half": "1",
            "confidence": "0.7124654054641724"
        },
        {
            "gameTime": "1 - 19:38",
            "label": "Ball out of play",
            "position": "1178000",
            "half": "1",
            "confidence": "0.6765747666358948"
        },
        {
            "gameTime": "1 - 42:39",
            "label": "Ball out of play",
            "position": "2559500",
            "half": "1",
            "confidence": "0.6728807091712952"
        },
        {
            "gameTime": "1 - 30:55",
            "label": "Ball out of play",
            "position": "1855000",
            "half": "1",
            "confidence": "0.663913905620575"
        },
        {
            "gameTime": "1 - 11:25",
            "label": "Ball out of play",
            "position": "685000",
            "half": "1",
            "confidence": "0.6584041714668274"
        },
        {
            "gameTime": "1 - 42:15",
            "label": "Ball out of play",
            "position": "2535000",
            "half": "1",
            "confidence": "0.652270495891571"
        },
        {
            "gameTime": "1 - 19:27",
            "label": "Ball out of play",
            "position": "1167500",
            "half": "1",
            "confidence": "0.6492717862129211"
        },
        {
            "gameTime": "1 - 15:55",
            "label": "Ball out of play",
            "position": "955000",
            "half": "1",
            "confidence": "0.6441574692726135"
        },
        {
            "gameTime": "1 - 28:11",
            "label": "Ball out of play",
            "position": "1691000",
            "half": "1",
            "confidence": "0.6404725909233093"
        },
        {
            "gameTime": "1 - 26:50",
            "label": "Ball out of play",
            "position": "1610500",
            "half": "1",
            "confidence": "0.6205241680145264"
        },
        {
            "gameTime": "1 - 17:1",
            "label": "Ball out of play",
            "position": "1021500",
            "half": "1",
            "confidence": "0.6203846335411072"
        },
        {
            "gameTime": "1 - 39:53",
            "label": "Ball out of play",
            "position": "2393000",
            "half": "1",
            "confidence": "0.6195349097251892"
        },
        {
            "gameTime": "1 - 35:2",
            "label": "Ball out of play",
            "position": "2102500",
            "half": "1",
            "confidence": "0.6119542717933655"
        },
        {
            "gameTime": "1 - 13:26",
            "label": "Ball out of play",
            "position": "806500",
            "half": "1",
            "confidence": "0.6064467430114746"
        },
        {
            "gameTime": "1 - 10:7",
            "label": "Ball out of play",
            "position": "607500",
            "half": "1",
            "confidence": "0.6051862835884094"
        },
        {
            "gameTime": "1 - 9:0",
            "label": "Ball out of play",
            "position": "540500",
            "half": "1",
            "confidence": "0.6050967574119568"
        },
        {
            "gameTime": "1 - 3:58",
            "label": "Ball out of play",
            "position": "238000",
            "half": "1",
            "confidence": "0.6049812436103821"
        },
        {
            "gameTime": "1 - 43:47",
            "label": "Ball out of play",
            "position": "2627500",
            "half": "1",
            "confidence": "0.5913693904876709"
        },
        {
            "gameTime": "1 - 9:28",
            "label": "Ball out of play",
            "position": "568500",
            "half": "1",
            "confidence": "0.5870396494865417"
        },
        {
            "gameTime": "1 - 38:39",
            "label": "Ball out of play",
            "position": "2319000",
            "half": "1",
            "confidence": "0.5763258934020996"
        },
        {
            "gameTime": "1 - 31:14",
            "label": "Ball out of play",
            "position": "1874000",
            "half": "1",
            "confidence": "0.5742477178573608"
        },
        {
            "gameTime": "1 - 25:37",
            "label": "Ball out of play",
            "position": "1537500",
            "half": "1",
            "confidence": "0.5629525184631348"
        },
        {
            "gameTime": "1 - 11:52",
            "label": "Ball out of play",
            "position": "712500",
            "half": "1",
            "confidence": "0.5576032400131226"
        },
        {
            "gameTime": "1 - 2:41",
            "label": "Ball out of play",
            "position": "161000",
            "half": "1",
            "confidence": "0.5495615601539612"
        },
        {
            "gameTime": "1 - 13:37",
            "label": "Ball out of play",
            "position": "817000",
            "half": "1",
            "confidence": "0.5436273813247681"
        },
        {
            "gameTime": "1 - 12:46",
            "label": "Ball out of play",
            "position": "766500",
            "half": "1",
            "confidence": "0.543472409248352"
        },
        {
            "gameTime": "1 - 19:48",
            "label": "Ball out of play",
            "position": "1188500",
            "half": "1",
            "confidence": "0.5404507517814636"
        },
        {
            "gameTime": "1 - 37:8",
            "label": "Ball out of play",
            "position": "2228000",
            "half": "1",
            "confidence": "0.5386224389076233"
        },
        {
            "gameTime": "1 - 8:50",
            "label": "Ball out of play",
            "position": "530000",
            "half": "1",
            "confidence": "0.5369970798492432"
        },
        {
            "gameTime": "1 - 3:20",
            "label": "Ball out of play",
            "position": "200500",
            "half": "1",
            "confidence": "0.5331060290336609"
        },
        {
            "gameTime": "1 - 42:29",
            "label": "Ball out of play",
            "position": "2549000",
            "half": "1",
            "confidence": "0.5008973479270935"
        },
        {
            "gameTime": "1 - 44:8",
            "label": "Throw-in",
            "position": "2648000",
            "half": "1",
            "confidence": "0.9356586337089539"
        },
        {
            "gameTime": "1 - 42:19",
            "label": "Throw-in",
            "position": "2539000",
            "half": "1",
            "confidence": "0.9102069139480591"
        },
        {
            "gameTime": "1 - 43:57",
            "label": "Throw-in",
            "position": "2637500",
            "half": "1",
            "confidence": "0.8756454586982727"
        },
        {
            "gameTime": "1 - 19:47",
            "label": "Throw-in",
            "position": "1187000",
            "half": "1",
            "confidence": "0.8147405982017517"
        },
        {
            "gameTime": "1 - 12:57",
            "label": "Throw-in",
            "position": "777500",
            "half": "1",
            "confidence": "0.7949283719062805"
        },
        {
            "gameTime": "1 - 9:48",
            "label": "Throw-in",
            "position": "588000",
            "half": "1",
            "confidence": "0.7320312261581421"
        },
        {
            "gameTime": "1 - 28:7",
            "label": "Throw-in",
            "position": "1687000",
            "half": "1",
            "confidence": "0.6337778568267822"
        },
        {
            "gameTime": "1 - 13:7",
            "label": "Throw-in",
            "position": "787500",
            "half": "1",
            "confidence": "0.6127889752388"
        },
        {
            "gameTime": "1 - 11:37",
            "label": "Throw-in",
            "position": "697500",
            "half": "1",
            "confidence": "0.6099870204925537"
        },
        {
            "gameTime": "1 - 11:24",
            "label": "Throw-in",
            "position": "684500",
            "half": "1",
            "confidence": "0.5372898578643799"
        },
        {
            "gameTime": "1 - 9:34",
            "label": "Throw-in",
            "position": "574500",
            "half": "1",
            "confidence": "0.5239586234092712"
        },
        {
            "gameTime": "1 - 21:2",
            "label": "Foul",
            "position": "1262000",
            "half": "1",
            "confidence": "0.6687964797019958"
        },
        {
            "gameTime": "1 - 4:44",
            "label": "Foul",
            "position": "284000",
            "half": "1",
            "confidence": "0.5685264468193054"
        },
        {
            "gameTime": "1 - 17:57",
            "label": "Foul",
            "position": "1077500",
            "half": "1",
            "confidence": "0.5665271878242493"
        },
        {
            "gameTime": "1 - 17:46",
            "label": "Foul",
            "position": "1066500",
            "half": "1",
            "confidence": "0.5207135081291199"
        },
        {
            "gameTime": "1 - 15:38",
            "label": "Indirect free-kick",
            "position": "938000",
            "half": "1",
            "confidence": "0.6117400527000427"
        },
        {
            "gameTime": "1 - 18:3",
            "label": "Indirect free-kick",
            "position": "1083000",
            "half": "1",
            "confidence": "0.5248836278915405"
        },
        {
            "gameTime": "1 - 31:41",
            "label": "Corner",
            "position": "1901500",
            "half": "1",
            "confidence": "0.9260108470916748"
        },
        {
            "gameTime": "1 - 6:57",
            "label": "Corner",
            "position": "417500",
            "half": "1",
            "confidence": "0.8994427919387817"
        },
        {
            "gameTime": "1 - 31:54",
            "label": "Corner",
            "position": "1914500",
            "half": "1",
            "confidence": "0.886868953704834"
        },
        {
            "gameTime": "1 - 31:11",
            "label": "Corner",
            "position": "1871500",
            "half": "1",
            "confidence": "0.8001294732093811"
        },
        {
            "gameTime": "1 - 6:39",
            "label": "Corner",
            "position": "399500",
            "half": "1",
            "confidence": "0.7257702350616455"
        },
        {
            "gameTime": "1 - 31:24",
            "label": "Corner",
            "position": "1884000",
            "half": "1",
            "confidence": "0.6958628296852112"
        },
        {
            "gameTime": "1 - 13:43",
            "label": "Corner",
            "position": "823500",
            "half": "1",
            "confidence": "0.6443455219268799"
        },
        {
            "gameTime": "1 - 16:9",
            "label": "Corner",
            "position": "969000",
            "half": "1",
            "confidence": "0.6198984980583191"
        },
        {
            "gameTime": "1 - 0:49",
            "label": "Corner",
            "position": "49500",
            "half": "1",
            "confidence": "0.5191018581390381"
        },
        {
            "gameTime": "2 - 0:0",
            "label": "Kick-off",
            "position": "500",
            "half": "2",
            "confidence": "0.9905750751495361"
        },
        {
            "gameTime": "2 - 0:10",
            "label": "Kick-off",
            "position": "10500",
            "half": "2",
            "confidence": "0.8293529152870178"
        },
        {
            "gameTime": "2 - 14:38",
            "label": "Kick-off",
            "position": "878000",
            "half": "2",
            "confidence": "0.7073063850402832"
        },
        {
            "gameTime": "2 - 32:38",
            "label": "Kick-off",
            "position": "1958000",
            "half": "2",
            "confidence": "0.6565300822257996"
        },
        {
            "gameTime": "2 - 0:29",
            "label": "Kick-off",
            "position": "29500",
            "half": "2",
            "confidence": "0.621316134929657"
        },
        {
            "gameTime": "2 - 17:15",
            "label": "Kick-off",
            "position": "1035000",
            "half": "2",
            "confidence": "0.5982729196548462"
        },
        {
            "gameTime": "2 - 16:39",
            "label": "Goal",
            "position": "999000",
            "half": "2",
            "confidence": "0.9390316009521484"
        },
        {
            "gameTime": "2 - 16:13",
            "label": "Substitution",
            "position": "973000",
            "half": "2",
            "confidence": "0.8420088887214661"
        },
        {
            "gameTime": "2 - 25:19",
            "label": "Substitution",
            "position": "1519500",
            "half": "2",
            "confidence": "0.8173824548721313"
        },
        {
            "gameTime": "2 - 12:21",
            "label": "Substitution",
            "position": "741000",
            "half": "2",
            "confidence": "0.8109695911407471"
        },
        {
            "gameTime": "2 - 25:29",
            "label": "Substitution",
            "position": "1529500",
            "half": "2",
            "confidence": "0.5708734393119812"
        },
        {
            "gameTime": "2 - 14:2",
            "label": "Shots off target",
            "position": "842000",
            "half": "2",
            "confidence": "0.662918746471405"
        },
        {
            "gameTime": "2 - 42:7",
            "label": "Clearance",
            "position": "2527500",
            "half": "2",
            "confidence": "0.7703572511672974"
        },
        {
            "gameTime": "2 - 39:24",
            "label": "Clearance",
            "position": "2364000",
            "half": "2",
            "confidence": "0.7438547611236572"
        },
        {
            "gameTime": "2 - 14:11",
            "label": "Ball out of play",
            "position": "851000",
            "half": "2",
            "confidence": "0.9475448727607727"
        },
        {
            "gameTime": "2 - 19:26",
            "label": "Ball out of play",
            "position": "1166500",
            "half": "2",
            "confidence": "0.9346306324005127"
        },
        {
            "gameTime": "2 - 13:56",
            "label": "Ball out of play",
            "position": "836500",
            "half": "2",
            "confidence": "0.9034194350242615"
        },
        {
            "gameTime": "2 - 5:57",
            "label": "Ball out of play",
            "position": "357500",
            "half": "2",
            "confidence": "0.7980548739433289"
        },
        {
            "gameTime": "2 - 24:9",
            "label": "Ball out of play",
            "position": "1449500",
            "half": "2",
            "confidence": "0.7846518158912659"
        },
        {
            "gameTime": "2 - 3:40",
            "label": "Ball out of play",
            "position": "220000",
            "half": "2",
            "confidence": "0.7492879033088684"
        },
        {
            "gameTime": "2 - 25:52",
            "label": "Ball out of play",
            "position": "1552500",
            "half": "2",
            "confidence": "0.7390433549880981"
        },
        {
            "gameTime": "2 - 31:38",
            "label": "Ball out of play",
            "position": "1898000",
            "half": "2",
            "confidence": "0.7344198226928711"
        },
        {
            "gameTime": "2 - 26:5",
            "label": "Ball out of play",
            "position": "1565500",
            "half": "2",
            "confidence": "0.7149699330329895"
        },
        {
            "gameTime": "2 - 41:38",
            "label": "Ball out of play",
            "position": "2498500",
            "half": "2",
            "confidence": "0.6927970051765442"
        },
        {
            "gameTime": "2 - 39:1",
            "label": "Ball out of play",
            "position": "2341000",
            "half": "2",
            "confidence": "0.6927254796028137"
        },
        {
            "gameTime": "2 - 19:16",
            "label": "Ball out of play",
            "position": "1156000",
            "half": "2",
            "confidence": "0.6789616942405701"
        },
        {
            "gameTime": "2 - 3:6",
            "label": "Ball out of play",
            "position": "186000",
            "half": "2",
            "confidence": "0.678641676902771"
        },
        {
            "gameTime": "2 - 10:0",
            "label": "Ball out of play",
            "position": "600000",
            "half": "2",
            "confidence": "0.6670198440551758"
        },
        {
            "gameTime": "2 - 13:46",
            "label": "Ball out of play",
            "position": "826000",
            "half": "2",
            "confidence": "0.6628024578094482"
        },
        {
            "gameTime": "2 - 15:20",
            "label": "Ball out of play",
            "position": "920500",
            "half": "2",
            "confidence": "0.6574426293373108"
        },
        {
            "gameTime": "2 - 39:11",
            "label": "Ball out of play",
            "position": "2351000",
            "half": "2",
            "confidence": "0.6531244516372681"
        },
        {
            "gameTime": "2 - 8:54",
            "label": "Ball out of play",
            "position": "534500",
            "half": "2",
            "confidence": "0.6435537934303284"
        },
        {
            "gameTime": "2 - 23:6",
            "label": "Ball out of play",
            "position": "1386500",
            "half": "2",
            "confidence": "0.6419987082481384"
        },
        {
            "gameTime": "2 - 7:12",
            "label": "Ball out of play",
            "position": "432000",
            "half": "2",
            "confidence": "0.6418753266334534"
        },
        {
            "gameTime": "2 - 32:53",
            "label": "Ball out of play",
            "position": "1973500",
            "half": "2",
            "confidence": "0.6353315711021423"
        },
        {
            "gameTime": "2 - 16:35",
            "label": "Ball out of play",
            "position": "995500",
            "half": "2",
            "confidence": "0.6234177350997925"
        },
        {
            "gameTime": "2 - 29:34",
            "label": "Ball out of play",
            "position": "1774000",
            "half": "2",
            "confidence": "0.6193234920501709"
        },
        {
            "gameTime": "2 - 27:1",
            "label": "Ball out of play",
            "position": "1621500",
            "half": "2",
            "confidence": "0.6153321862220764"
        },
        {
            "gameTime": "2 - 15:31",
            "label": "Ball out of play",
            "position": "931000",
            "half": "2",
            "confidence": "0.6141034960746765"
        },
        {
            "gameTime": "2 - 25:11",
            "label": "Ball out of play",
            "position": "1511500",
            "half": "2",
            "confidence": "0.6002775430679321"
        },
        {
            "gameTime": "2 - 23:58",
            "label": "Ball out of play",
            "position": "1438500",
            "half": "2",
            "confidence": "0.593185305595398"
        },
        {
            "gameTime": "2 - 31:48",
            "label": "Ball out of play",
            "position": "1908500",
            "half": "2",
            "confidence": "0.576533854007721"
        },
        {
            "gameTime": "2 - 3:29",
            "label": "Ball out of play",
            "position": "209500",
            "half": "2",
            "confidence": "0.571312665939331"
        },
        {
            "gameTime": "2 - 20:2",
            "label": "Ball out of play",
            "position": "1202000",
            "half": "2",
            "confidence": "0.5699227452278137"
        },
        {
            "gameTime": "2 - 15:41",
            "label": "Ball out of play",
            "position": "941000",
            "half": "2",
            "confidence": "0.5588082671165466"
        },
        {
            "gameTime": "2 - 35:13",
            "label": "Ball out of play",
            "position": "2113000",
            "half": "2",
            "confidence": "0.5559295415878296"
        },
        {
            "gameTime": "2 - 16:25",
            "label": "Ball out of play",
            "position": "985000",
            "half": "2",
            "confidence": "0.5522151589393616"
        },
        {
            "gameTime": "2 - 9:5",
            "label": "Ball out of play",
            "position": "545000",
            "half": "2",
            "confidence": "0.5405958294868469"
        },
        {
            "gameTime": "2 - 24:19",
            "label": "Ball out of play",
            "position": "1459500",
            "half": "2",
            "confidence": "0.5299526453018188"
        },
        {
            "gameTime": "2 - 8:26",
            "label": "Ball out of play",
            "position": "506500",
            "half": "2",
            "confidence": "0.5297018885612488"
        },
        {
            "gameTime": "2 - 8:12",
            "label": "Ball out of play",
            "position": "492000",
            "half": "2",
            "confidence": "0.5257971286773682"
        },
        {
            "gameTime": "2 - 2:55",
            "label": "Ball out of play",
            "position": "175500",
            "half": "2",
            "confidence": "0.5159915089607239"
        },
        {
            "gameTime": "2 - 2:38",
            "label": "Ball out of play",
            "position": "158500",
            "half": "2",
            "confidence": "0.5139232873916626"
        },
        {
            "gameTime": "2 - 33:4",
            "label": "Ball out of play",
            "position": "1984000",
            "half": "2",
            "confidence": "0.5137403607368469"
        },
        {
            "gameTime": "2 - 4:42",
            "label": "Ball out of play",
            "position": "282500",
            "half": "2",
            "confidence": "0.5037537813186646"
        },
        {
            "gameTime": "2 - 6:8",
            "label": "Ball out of play",
            "position": "368000",
            "half": "2",
            "confidence": "0.5014801025390625"
        },
        {
            "gameTime": "2 - 34:22",
            "label": "Throw-in",
            "position": "2062500",
            "half": "2",
            "confidence": "0.9507367610931396"
        },
        {
            "gameTime": "2 - 19:25",
            "label": "Throw-in",
            "position": "1165500",
            "half": "2",
            "confidence": "0.8970625996589661"
        },
        {
            "gameTime": "2 - 34:32",
            "label": "Throw-in",
            "position": "2072500",
            "half": "2",
            "confidence": "0.88666170835495"
        },
        {
            "gameTime": "2 - 35:24",
            "label": "Throw-in",
            "position": "2124500",
            "half": "2",
            "confidence": "0.7837249636650085"
        },
        {
            "gameTime": "2 - 34:12",
            "label": "Throw-in",
            "position": "2052000",
            "half": "2",
            "confidence": "0.7680268287658691"
        },
        {
            "gameTime": "2 - 37:28",
            "label": "Throw-in",
            "position": "2248000",
            "half": "2",
            "confidence": "0.7014676928520203"
        },
        {
            "gameTime": "2 - 37:39",
            "label": "Throw-in",
            "position": "2259000",
            "half": "2",
            "confidence": "0.6881532073020935"
        },
        {
            "gameTime": "2 - 8:30",
            "label": "Throw-in",
            "position": "510500",
            "half": "2",
            "confidence": "0.6474106907844543"
        },
        {
            "gameTime": "2 - 25:4",
            "label": "Throw-in",
            "position": "1504500",
            "half": "2",
            "confidence": "0.6216991543769836"
        },
        {
            "gameTime": "2 - 35:13",
            "label": "Throw-in",
            "position": "2113500",
            "half": "2",
            "confidence": "0.5615311861038208"
        },
        {
            "gameTime": "2 - 18:24",
            "label": "Throw-in",
            "position": "1104500",
            "half": "2",
            "confidence": "0.5306138396263123"
        },
        {
            "gameTime": "2 - 8:11",
            "label": "Throw-in",
            "position": "491500",
            "half": "2",
            "confidence": "0.5243713855743408"
        },
        {
            "gameTime": "2 - 13:2",
            "label": "Throw-in",
            "position": "782500",
            "half": "2",
            "confidence": "0.5094801783561707"
        },
        {
            "gameTime": "2 - 11:58",
            "label": "Foul",
            "position": "718500",
            "half": "2",
            "confidence": "0.837321400642395"
        },
        {
            "gameTime": "2 - 30:23",
            "label": "Foul",
            "position": "1823000",
            "half": "2",
            "confidence": "0.5486800074577332"
        },
        {
            "gameTime": "2 - 31:37",
            "label": "Direct free-kick",
            "position": "1897500",
            "half": "2",
            "confidence": "0.8011896014213562"
        },
        {
            "gameTime": "2 - 15:17",
            "label": "Direct free-kick",
            "position": "917500",
            "half": "2",
            "confidence": "0.5732325911521912"
        },
        {
            "gameTime": "2 - 3:20",
            "label": "Corner",
            "position": "200500",
            "half": "2",
            "confidence": "0.9948211908340454"
        },
        {
            "gameTime": "2 - 3:30",
            "label": "Corner",
            "position": "210500",
            "half": "2",
            "confidence": "0.9591778516769409"
        },
        {
            "gameTime": "2 - 1:30",
            "label": "Corner",
            "position": "90000",
            "half": "2",
            "confidence": "0.8176907300949097"
        },
        {
            "gameTime": "2 - 15:39",
            "label": "Yellow card",
            "position": "939000",
            "half": "2",
            "confidence": "0.610602080821991"
        }
    ]
}