{
    "UrlLocal": "spain_laliga/2019-2020/2020-02-16 - 18-00 Real Madrid 2 - 2 Celta Vigo",
    "predictions": [
        {
            "gameTime": "1 - 0:0",
            "label": "Kick-off",
            "position": "0",
            "half": "1",
            "confidence": "0.9847990870475769"
        },
        {
            "gameTime": "1 - 7:53",
            "label": "Kick-off",
            "position": "473500",
            "half": "1",
            "confidence": "0.9745954275131226"
        },
        {
            "gameTime": "1 - 0:10",
            "label": "Kick-off",
            "position": "10000",
            "half": "1",
            "confidence": "0.9259340763092041"
        },
        {
            "gameTime": "1 - 7:41",
            "label": "Kick-off",
            "position": "461500",
            "half": "1",
            "confidence": "0.9064871072769165"
        },
        {
            "gameTime": "1 - 25:56",
            "label": "Kick-off",
            "position": "1556500",
            "half": "1",
            "confidence": "0.7438046932220459"
        },
        {
            "gameTime": "1 - 40:49",
            "label": "Kick-off",
            "position": "2449000",
            "half": "1",
            "confidence": "0.6381438970565796"
        },
        {
            "gameTime": "1 - 9:46",
            "label": "Kick-off",
            "position": "586500",
            "half": "1",
            "confidence": "0.5279475450515747"
        },
        {
            "gameTime": "1 - 36:14",
            "label": "Shots off target",
            "position": "2174000",
            "half": "1",
            "confidence": "0.599960207939148"
        },
        {
            "gameTime": "1 - 18:40",
            "label": "Clearance",
            "position": "1120500",
            "half": "1",
            "confidence": "0.9264936447143555"
        },
        {
            "gameTime": "1 - 40:22",
            "label": "Clearance",
            "position": "2422000",
            "half": "1",
            "confidence": "0.8776030540466309"
        },
        {
            "gameTime": "1 - 42:22",
            "label": "Clearance",
            "position": "2542000",
            "half": "1",
            "confidence": "0.8741095066070557"
        },
        {
            "gameTime": "1 - 16:31",
            "label": "Clearance",
            "position": "991500",
            "half": "1",
            "confidence": "0.8638258576393127"
        },
        {
            "gameTime": "1 - 20:24",
            "label": "Clearance",
            "position": "1224000",
            "half": "1",
            "confidence": "0.8430098295211792"
        },
        {
            "gameTime": "1 - 33:21",
            "label": "Clearance",
            "position": "2001000",
            "half": "1",
            "confidence": "0.7169739007949829"
        },
        {
            "gameTime": "1 - 17:19",
            "label": "Clearance",
            "position": "1039500",
            "half": "1",
            "confidence": "0.6610803008079529"
        },
        {
            "gameTime": "1 - 18:52",
            "label": "Clearance",
            "position": "1132500",
            "half": "1",
            "confidence": "0.6126960515975952"
        },
        {
            "gameTime": "1 - 20:34",
            "label": "Clearance",
            "position": "1234000",
            "half": "1",
            "confidence": "0.6052864193916321"
        },
        {
            "gameTime": "1 - 33:7",
            "label": "Clearance",
            "position": "1987500",
            "half": "1",
            "confidence": "0.5988149642944336"
        },
        {
            "gameTime": "1 - 2:10",
            "label": "Clearance",
            "position": "130000",
            "half": "1",
            "confidence": "0.5406988859176636"
        },
        {
            "gameTime": "1 - 8:57",
            "label": "Ball out of play",
            "position": "537000",
            "half": "1",
            "confidence": "0.916266143321991"
        },
        {
            "gameTime": "1 - 30:59",
            "label": "Ball out of play",
            "position": "1859000",
            "half": "1",
            "confidence": "0.9116062521934509"
        },
        {
            "gameTime": "1 - 5:6",
            "label": "Ball out of play",
            "position": "306500",
            "half": "1",
            "confidence": "0.88298499584198"
        },
        {
            "gameTime": "1 - 39:44",
            "label": "Ball out of play",
            "position": "2384000",
            "half": "1",
            "confidence": "0.8750397562980652"
        },
        {
            "gameTime": "1 - 9:12",
            "label": "Ball out of play",
            "position": "552000",
            "half": "1",
            "confidence": "0.8641954660415649"
        },
        {
            "gameTime": "1 - 22:50",
            "label": "Ball out of play",
            "position": "1370000",
            "half": "1",
            "confidence": "0.8611971735954285"
        },
        {
            "gameTime": "1 - 11:50",
            "label": "Ball out of play",
            "position": "710500",
            "half": "1",
            "confidence": "0.8553187847137451"
        },
        {
            "gameTime": "1 - 36:20",
            "label": "Ball out of play",
            "position": "2180000",
            "half": "1",
            "confidence": "0.8540973663330078"
        },
        {
            "gameTime": "1 - 20:35",
            "label": "Ball out of play",
            "position": "1235500",
            "half": "1",
            "confidence": "0.8512035012245178"
        },
        {
            "gameTime": "1 - 29:5",
            "label": "Ball out of play",
            "position": "1745000",
            "half": "1",
            "confidence": "0.8471074104309082"
        },
        {
            "gameTime": "1 - 22:39",
            "label": "Ball out of play",
            "position": "1359500",
            "half": "1",
            "confidence": "0.8391942381858826"
        },
        {
            "gameTime": "1 - 8:46",
            "label": "Ball out of play",
            "position": "526500",
            "half": "1",
            "confidence": "0.8378666043281555"
        },
        {
            "gameTime": "1 - 24:35",
            "label": "Ball out of play",
            "position": "1475000",
            "half": "1",
            "confidence": "0.830711841583252"
        },
        {
            "gameTime": "1 - 17:2",
            "label": "Ball out of play",
            "position": "1022500",
            "half": "1",
            "confidence": "0.8273700475692749"
        },
        {
            "gameTime": "1 - 41:55",
            "label": "Ball out of play",
            "position": "2515000",
            "half": "1",
            "confidence": "0.8111858367919922"
        },
        {
            "gameTime": "1 - 27:36",
            "label": "Ball out of play",
            "position": "1656000",
            "half": "1",
            "confidence": "0.8110649585723877"
        },
        {
            "gameTime": "1 - 18:18",
            "label": "Ball out of play",
            "position": "1098500",
            "half": "1",
            "confidence": "0.8049231767654419"
        },
        {
            "gameTime": "1 - 37:28",
            "label": "Ball out of play",
            "position": "2248500",
            "half": "1",
            "confidence": "0.803175151348114"
        },
        {
            "gameTime": "1 - 19:44",
            "label": "Ball out of play",
            "position": "1184000",
            "half": "1",
            "confidence": "0.7897380590438843"
        },
        {
            "gameTime": "1 - 41:44",
            "label": "Ball out of play",
            "position": "2504500",
            "half": "1",
            "confidence": "0.7834938764572144"
        },
        {
            "gameTime": "1 - 2:9",
            "label": "Ball out of play",
            "position": "129500",
            "half": "1",
            "confidence": "0.7769485116004944"
        },
        {
            "gameTime": "1 - 4:56",
            "label": "Ball out of play",
            "position": "296000",
            "half": "1",
            "confidence": "0.7743580937385559"
        },
        {
            "gameTime": "1 - 12:5",
            "label": "Ball out of play",
            "position": "725500",
            "half": "1",
            "confidence": "0.772259533405304"
        },
        {
            "gameTime": "1 - 42:7",
            "label": "Ball out of play",
            "position": "2527500",
            "half": "1",
            "confidence": "0.7607375979423523"
        },
        {
            "gameTime": "1 - 32:39",
            "label": "Ball out of play",
            "position": "1959000",
            "half": "1",
            "confidence": "0.7189759016036987"
        },
        {
            "gameTime": "1 - 23:9",
            "label": "Ball out of play",
            "position": "1389500",
            "half": "1",
            "confidence": "0.7102989554405212"
        },
        {
            "gameTime": "1 - 1:54",
            "label": "Ball out of play",
            "position": "114500",
            "half": "1",
            "confidence": "0.6983529925346375"
        },
        {
            "gameTime": "1 - 6:32",
            "label": "Ball out of play",
            "position": "392000",
            "half": "1",
            "confidence": "0.6975316405296326"
        },
        {
            "gameTime": "1 - 11:38",
            "label": "Ball out of play",
            "position": "698000",
            "half": "1",
            "confidence": "0.6869158148765564"
        },
        {
            "gameTime": "1 - 20:45",
            "label": "Ball out of play",
            "position": "1245500",
            "half": "1",
            "confidence": "0.6862297058105469"
        },
        {
            "gameTime": "1 - 15:0",
            "label": "Ball out of play",
            "position": "900500",
            "half": "1",
            "confidence": "0.6850429177284241"
        },
        {
            "gameTime": "1 - 36:9",
            "label": "Ball out of play",
            "position": "2169500",
            "half": "1",
            "confidence": "0.6727286577224731"
        },
        {
            "gameTime": "1 - 31:9",
            "label": "Ball out of play",
            "position": "1869000",
            "half": "1",
            "confidence": "0.6645612716674805"
        },
        {
            "gameTime": "1 - 41:33",
            "label": "Ball out of play",
            "position": "2493000",
            "half": "1",
            "confidence": "0.6627513766288757"
        },
        {
            "gameTime": "1 - 29:15",
            "label": "Ball out of play",
            "position": "1755000",
            "half": "1",
            "confidence": "0.6582757234573364"
        },
        {
            "gameTime": "1 - 9:23",
            "label": "Ball out of play",
            "position": "563000",
            "half": "1",
            "confidence": "0.6413242220878601"
        },
        {
            "gameTime": "1 - 37:54",
            "label": "Ball out of play",
            "position": "2274000",
            "half": "1",
            "confidence": "0.6385098099708557"
        },
        {
            "gameTime": "1 - 39:54",
            "label": "Ball out of play",
            "position": "2394000",
            "half": "1",
            "confidence": "0.6381062269210815"
        },
        {
            "gameTime": "1 - 43:22",
            "label": "Ball out of play",
            "position": "2602000",
            "half": "1",
            "confidence": "0.6323717832565308"
        },
        {
            "gameTime": "1 - 17:34",
            "label": "Ball out of play",
            "position": "1054000",
            "half": "1",
            "confidence": "0.6238910555839539"
        },
        {
            "gameTime": "1 - 42:50",
            "label": "Ball out of play",
            "position": "2570500",
            "half": "1",
            "confidence": "0.6179574728012085"
        },
        {
            "gameTime": "1 - 13:50",
            "label": "Ball out of play",
            "position": "830500",
            "half": "1",
            "confidence": "0.607150673866272"
        },
        {
            "gameTime": "1 - 24:45",
            "label": "Ball out of play",
            "position": "1485000",
            "half": "1",
            "confidence": "0.6070990562438965"
        },
        {
            "gameTime": "1 - 18:55",
            "label": "Ball out of play",
            "position": "1135500",
            "half": "1",
            "confidence": "0.5974584221839905"
        },
        {
            "gameTime": "1 - 2:40",
            "label": "Ball out of play",
            "position": "160000",
            "half": "1",
            "confidence": "0.5970834493637085"
        },
        {
            "gameTime": "1 - 43:10",
            "label": "Ball out of play",
            "position": "2590000",
            "half": "1",
            "confidence": "0.5951419472694397"
        },
        {
            "gameTime": "1 - 5:16",
            "label": "Ball out of play",
            "position": "316500",
            "half": "1",
            "confidence": "0.5882928371429443"
        },
        {
            "gameTime": "1 - 33:57",
            "label": "Ball out of play",
            "position": "2037000",
            "half": "1",
            "confidence": "0.5831053256988525"
        },
        {
            "gameTime": "1 - 10:31",
            "label": "Ball out of play",
            "position": "631500",
            "half": "1",
            "confidence": "0.5765784978866577"
        },
        {
            "gameTime": "1 - 19:55",
            "label": "Ball out of play",
            "position": "1195000",
            "half": "1",
            "confidence": "0.5731050372123718"
        },
        {
            "gameTime": "1 - 23:48",
            "label": "Ball out of play",
            "position": "1428000",
            "half": "1",
            "confidence": "0.5714603066444397"
        },
        {
            "gameTime": "1 - 21:7",
            "label": "Ball out of play",
            "position": "1267000",
            "half": "1",
            "confidence": "0.5401144623756409"
        },
        {
            "gameTime": "1 - 34:7",
            "label": "Ball out of play",
            "position": "2047000",
            "half": "1",
            "confidence": "0.5332181453704834"
        },
        {
            "gameTime": "1 - 42:19",
            "label": "Ball out of play",
            "position": "2539000",
            "half": "1",
            "confidence": "0.5277431607246399"
        },
        {
            "gameTime": "1 - 32:22",
            "label": "Ball out of play",
            "position": "1942500",
            "half": "1",
            "confidence": "0.5233106017112732"
        },
        {
            "gameTime": "1 - 40:20",
            "label": "Ball out of play",
            "position": "2420000",
            "half": "1",
            "confidence": "0.5150173902511597"
        },
        {
            "gameTime": "1 - 3:36",
            "label": "Ball out of play",
            "position": "216000",
            "half": "1",
            "confidence": "0.5105646848678589"
        },
        {
            "gameTime": "1 - 6:16",
            "label": "Ball out of play",
            "position": "376000",
            "half": "1",
            "confidence": "0.5075480937957764"
        },
        {
            "gameTime": "1 - 5:9",
            "label": "Throw-in",
            "position": "309000",
            "half": "1",
            "confidence": "0.8895928859710693"
        },
        {
            "gameTime": "1 - 5:25",
            "label": "Throw-in",
            "position": "325500",
            "half": "1",
            "confidence": "0.8607836961746216"
        },
        {
            "gameTime": "1 - 21:5",
            "label": "Throw-in",
            "position": "1265500",
            "half": "1",
            "confidence": "0.8509999513626099"
        },
        {
            "gameTime": "1 - 8:58",
            "label": "Throw-in",
            "position": "538500",
            "half": "1",
            "confidence": "0.8054443597793579"
        },
        {
            "gameTime": "1 - 12:5",
            "label": "Throw-in",
            "position": "725000",
            "half": "1",
            "confidence": "0.7608886361122131"
        },
        {
            "gameTime": "1 - 20:50",
            "label": "Throw-in",
            "position": "1250000",
            "half": "1",
            "confidence": "0.7240118384361267"
        },
        {
            "gameTime": "1 - 27:40",
            "label": "Throw-in",
            "position": "1660000",
            "half": "1",
            "confidence": "0.6941167116165161"
        },
        {
            "gameTime": "1 - 20:39",
            "label": "Throw-in",
            "position": "1239000",
            "half": "1",
            "confidence": "0.6739425659179688"
        },
        {
            "gameTime": "1 - 8:48",
            "label": "Throw-in",
            "position": "528000",
            "half": "1",
            "confidence": "0.658730149269104"
        },
        {
            "gameTime": "1 - 29:5",
            "label": "Throw-in",
            "position": "1745000",
            "half": "1",
            "confidence": "0.5993077754974365"
        },
        {
            "gameTime": "1 - 18:15",
            "label": "Throw-in",
            "position": "1095000",
            "half": "1",
            "confidence": "0.5672146677970886"
        },
        {
            "gameTime": "1 - 5:35",
            "label": "Throw-in",
            "position": "335500",
            "half": "1",
            "confidence": "0.5566017031669617"
        },
        {
            "gameTime": "1 - 18:59",
            "label": "Throw-in",
            "position": "1139000",
            "half": "1",
            "confidence": "0.5371175408363342"
        },
        {
            "gameTime": "1 - 6:16",
            "label": "Throw-in",
            "position": "376000",
            "half": "1",
            "confidence": "0.532322883605957"
        },
        {
            "gameTime": "1 - 22:39",
            "label": "Throw-in",
            "position": "1359500",
            "half": "1",
            "confidence": "0.5289319157600403"
        },
        {
            "gameTime": "1 - 17:32",
            "label": "Throw-in",
            "position": "1052500",
            "half": "1",
            "confidence": "0.5203511118888855"
        },
        {
            "gameTime": "1 - 10:35",
            "label": "Throw-in",
            "position": "635000",
            "half": "1",
            "confidence": "0.5015466213226318"
        },
        {
            "gameTime": "1 - 12:25",
            "label": "Foul",
            "position": "745000",
            "half": "1",
            "confidence": "0.7796422243118286"
        },
        {
            "gameTime": "1 - 12:35",
            "label": "Foul",
            "position": "755000",
            "half": "1",
            "confidence": "0.7472788095474243"
        },
        {
            "gameTime": "1 - 19:16",
            "label": "Foul",
            "position": "1156500",
            "half": "1",
            "confidence": "0.5809666514396667"
        },
        {
            "gameTime": "1 - 19:16",
            "label": "Indirect free-kick",
            "position": "1156500",
            "half": "1",
            "confidence": "0.7476847171783447"
        },
        {
            "gameTime": "1 - 25:43",
            "label": "Indirect free-kick",
            "position": "1543000",
            "half": "1",
            "confidence": "0.7203581929206848"
        },
        {
            "gameTime": "1 - 26:51",
            "label": "Indirect free-kick",
            "position": "1611500",
            "half": "1",
            "confidence": "0.6534035801887512"
        },
        {
            "gameTime": "1 - 18:38",
            "label": "Indirect free-kick",
            "position": "1118500",
            "half": "1",
            "confidence": "0.6145428419113159"
        },
        {
            "gameTime": "1 - 12:41",
            "label": "Indirect free-kick",
            "position": "761500",
            "half": "1",
            "confidence": "0.5681723356246948"
        },
        {
            "gameTime": "1 - 26:8",
            "label": "Indirect free-kick",
            "position": "1568000",
            "half": "1",
            "confidence": "0.5520252585411072"
        },
        {
            "gameTime": "1 - 12:30",
            "label": "Indirect free-kick",
            "position": "750500",
            "half": "1",
            "confidence": "0.5343936085700989"
        },
        {
            "gameTime": "1 - 19:30",
            "label": "Indirect free-kick",
            "position": "1170500",
            "half": "1",
            "confidence": "0.5148068070411682"
        },
        {
            "gameTime": "1 - 3:27",
            "label": "Direct free-kick",
            "position": "207500",
            "half": "1",
            "confidence": "0.6989342570304871"
        },
        {
            "gameTime": "1 - 41:32",
            "label": "Direct free-kick",
            "position": "2492500",
            "half": "1",
            "confidence": "0.601324200630188"
        },
        {
            "gameTime": "1 - 43:7",
            "label": "Corner",
            "position": "2587000",
            "half": "1",
            "confidence": "0.9986358284950256"
        },
        {
            "gameTime": "1 - 43:45",
            "label": "Corner",
            "position": "2625000",
            "half": "1",
            "confidence": "0.9831362366676331"
        },
        {
            "gameTime": "1 - 24:56",
            "label": "Corner",
            "position": "1496500",
            "half": "1",
            "confidence": "0.9827693700790405"
        },
        {
            "gameTime": "1 - 43:19",
            "label": "Corner",
            "position": "2599500",
            "half": "1",
            "confidence": "0.9809250235557556"
        },
        {
            "gameTime": "1 - 23:15",
            "label": "Corner",
            "position": "1395500",
            "half": "1",
            "confidence": "0.9697562456130981"
        },
        {
            "gameTime": "1 - 20:2",
            "label": "Corner",
            "position": "1202500",
            "half": "1",
            "confidence": "0.965836763381958"
        },
        {
            "gameTime": "1 - 23:4",
            "label": "Corner",
            "position": "1384000",
            "half": "1",
            "confidence": "0.9633753299713135"
        },
        {
            "gameTime": "1 - 20:13",
            "label": "Corner",
            "position": "1213000",
            "half": "1",
            "confidence": "0.9616729617118835"
        },
        {
            "gameTime": "1 - 41:50",
            "label": "Corner",
            "position": "2510000",
            "half": "1",
            "confidence": "0.9313362240791321"
        },
        {
            "gameTime": "1 - 9:10",
            "label": "Corner",
            "position": "550500",
            "half": "1",
            "confidence": "0.9226353764533997"
        },
        {
            "gameTime": "1 - 42:4",
            "label": "Corner",
            "position": "2524000",
            "half": "1",
            "confidence": "0.8874467611312866"
        },
        {
            "gameTime": "1 - 25:6",
            "label": "Corner",
            "position": "1506500",
            "half": "1",
            "confidence": "0.7761590480804443"
        },
        {
            "gameTime": "1 - 22:53",
            "label": "Corner",
            "position": "1373500",
            "half": "1",
            "confidence": "0.6513886451721191"
        },
        {
            "gameTime": "1 - 9:20",
            "label": "Corner",
            "position": "560500",
            "half": "1",
            "confidence": "0.603997528553009"
        },
        {
            "gameTime": "1 - 30:54",
            "label": "Corner",
            "position": "1854500",
            "half": "1",
            "confidence": "0.603039562702179"
        },
        {
            "gameTime": "1 - 37:38",
            "label": "Corner",
            "position": "2258000",
            "half": "1",
            "confidence": "0.5708454251289368"
        },
        {
            "gameTime": "2 - 0:0",
            "label": "Kick-off",
            "position": "0",
            "half": "2",
            "confidence": "0.9982671737670898"
        },
        {
            "gameTime": "2 - 0:11",
            "label": "Kick-off",
            "position": "11000",
            "half": "2",
            "confidence": "0.9966617822647095"
        },
        {
            "gameTime": "2 - 41:13",
            "label": "Kick-off",
            "position": "2473000",
            "half": "2",
            "confidence": "0.9938801527023315"
        },
        {
            "gameTime": "2 - 40:57",
            "label": "Kick-off",
            "position": "2457500",
            "half": "2",
            "confidence": "0.9608508944511414"
        },
        {
            "gameTime": "2 - 50:19",
            "label": "Kick-off",
            "position": "3019000",
            "half": "2",
            "confidence": "0.9218280911445618"
        },
        {
            "gameTime": "2 - 0:23",
            "label": "Kick-off",
            "position": "23500",
            "half": "2",
            "confidence": "0.8913999199867249"
        },
        {
            "gameTime": "2 - 20:3",
            "label": "Kick-off",
            "position": "1203500",
            "half": "2",
            "confidence": "0.8755549788475037"
        },
        {
            "gameTime": "2 - 47:47",
            "label": "Kick-off",
            "position": "2867500",
            "half": "2",
            "confidence": "0.870256245136261"
        },
        {
            "gameTime": "2 - 41:23",
            "label": "Kick-off",
            "position": "2483000",
            "half": "2",
            "confidence": "0.831670343875885"
        },
        {
            "gameTime": "2 - 7:14",
            "label": "Kick-off",
            "position": "434500",
            "half": "2",
            "confidence": "0.7673392295837402"
        },
        {
            "gameTime": "2 - 50:8",
            "label": "Kick-off",
            "position": "3008500",
            "half": "2",
            "confidence": "0.7612675428390503"
        },
        {
            "gameTime": "2 - 0:34",
            "label": "Kick-off",
            "position": "34500",
            "half": "2",
            "confidence": "0.7566829919815063"
        },
        {
            "gameTime": "2 - 20:14",
            "label": "Kick-off",
            "position": "1214000",
            "half": "2",
            "confidence": "0.7240852117538452"
        },
        {
            "gameTime": "2 - 7:1",
            "label": "Kick-off",
            "position": "421500",
            "half": "2",
            "confidence": "0.5616724491119385"
        },
        {
            "gameTime": "2 - 39:54",
            "label": "Goal",
            "position": "2394000",
            "half": "2",
            "confidence": "0.5278093814849854"
        },
        {
            "gameTime": "2 - 37:47",
            "label": "Substitution",
            "position": "2267500",
            "half": "2",
            "confidence": "0.735421359539032"
        },
        {
            "gameTime": "2 - 27:50",
            "label": "Substitution",
            "position": "1670000",
            "half": "2",
            "confidence": "0.60658198595047"
        },
        {
            "gameTime": "2 - 38:29",
            "label": "Substitution",
            "position": "2309000",
            "half": "2",
            "confidence": "0.6051204204559326"
        },
        {
            "gameTime": "2 - 6:14",
            "label": "Shots on target",
            "position": "374000",
            "half": "2",
            "confidence": "0.5031986236572266"
        },
        {
            "gameTime": "2 - 49:7",
            "label": "Clearance",
            "position": "2947000",
            "half": "2",
            "confidence": "0.8291159272193909"
        },
        {
            "gameTime": "2 - 14:13",
            "label": "Clearance",
            "position": "853000",
            "half": "2",
            "confidence": "0.8211362361907959"
        },
        {
            "gameTime": "2 - 6:58",
            "label": "Clearance",
            "position": "418500",
            "half": "2",
            "confidence": "0.7684366106987"
        },
        {
            "gameTime": "2 - 43:28",
            "label": "Clearance",
            "position": "2608500",
            "half": "2",
            "confidence": "0.7286585569381714"
        },
        {
            "gameTime": "2 - 32:48",
            "label": "Clearance",
            "position": "1968000",
            "half": "2",
            "confidence": "0.6947597861289978"
        },
        {
            "gameTime": "2 - 42:31",
            "label": "Clearance",
            "position": "2551000",
            "half": "2",
            "confidence": "0.6471704840660095"
        },
        {
            "gameTime": "2 - 16:5",
            "label": "Clearance",
            "position": "965000",
            "half": "2",
            "confidence": "0.5601365566253662"
        },
        {
            "gameTime": "2 - 9:31",
            "label": "Clearance",
            "position": "571500",
            "half": "2",
            "confidence": "0.544130265712738"
        },
        {
            "gameTime": "2 - 46:50",
            "label": "Ball out of play",
            "position": "2810000",
            "half": "2",
            "confidence": "0.9075772166252136"
        },
        {
            "gameTime": "2 - 21:48",
            "label": "Ball out of play",
            "position": "1308500",
            "half": "2",
            "confidence": "0.8884657025337219"
        },
        {
            "gameTime": "2 - 23:13",
            "label": "Ball out of play",
            "position": "1393500",
            "half": "2",
            "confidence": "0.8183171153068542"
        },
        {
            "gameTime": "2 - 6:11",
            "label": "Ball out of play",
            "position": "371500",
            "half": "2",
            "confidence": "0.8154983520507812"
        },
        {
            "gameTime": "2 - 5:27",
            "label": "Ball out of play",
            "position": "327000",
            "half": "2",
            "confidence": "0.8113285899162292"
        },
        {
            "gameTime": "2 - 47:0",
            "label": "Ball out of play",
            "position": "2820000",
            "half": "2",
            "confidence": "0.8093580603599548"
        },
        {
            "gameTime": "2 - 32:9",
            "label": "Ball out of play",
            "position": "1929500",
            "half": "2",
            "confidence": "0.8091647624969482"
        },
        {
            "gameTime": "2 - 10:58",
            "label": "Ball out of play",
            "position": "658500",
            "half": "2",
            "confidence": "0.7925544381141663"
        },
        {
            "gameTime": "2 - 32:20",
            "label": "Ball out of play",
            "position": "1940500",
            "half": "2",
            "confidence": "0.7534715533256531"
        },
        {
            "gameTime": "2 - 30:19",
            "label": "Ball out of play",
            "position": "1819000",
            "half": "2",
            "confidence": "0.7450087666511536"
        },
        {
            "gameTime": "2 - 11:11",
            "label": "Ball out of play",
            "position": "671500",
            "half": "2",
            "confidence": "0.7337118983268738"
        },
        {
            "gameTime": "2 - 36:35",
            "label": "Ball out of play",
            "position": "2195000",
            "half": "2",
            "confidence": "0.7336002588272095"
        },
        {
            "gameTime": "2 - 7:52",
            "label": "Ball out of play",
            "position": "472000",
            "half": "2",
            "confidence": "0.7243208885192871"
        },
        {
            "gameTime": "2 - 18:4",
            "label": "Ball out of play",
            "position": "1084000",
            "half": "2",
            "confidence": "0.7235495448112488"
        },
        {
            "gameTime": "2 - 30:8",
            "label": "Ball out of play",
            "position": "1808000",
            "half": "2",
            "confidence": "0.7179977297782898"
        },
        {
            "gameTime": "2 - 13:41",
            "label": "Ball out of play",
            "position": "821000",
            "half": "2",
            "confidence": "0.7030708193778992"
        },
        {
            "gameTime": "2 - 35:22",
            "label": "Ball out of play",
            "position": "2122500",
            "half": "2",
            "confidence": "0.6972430348396301"
        },
        {
            "gameTime": "2 - 25:42",
            "label": "Ball out of play",
            "position": "1542500",
            "half": "2",
            "confidence": "0.6639670729637146"
        },
        {
            "gameTime": "2 - 45:7",
            "label": "Ball out of play",
            "position": "2707000",
            "half": "2",
            "confidence": "0.662350058555603"
        },
        {
            "gameTime": "2 - 35:55",
            "label": "Ball out of play",
            "position": "2155000",
            "half": "2",
            "confidence": "0.6559752821922302"
        },
        {
            "gameTime": "2 - 17:3",
            "label": "Ball out of play",
            "position": "1023500",
            "half": "2",
            "confidence": "0.6512365341186523"
        },
        {
            "gameTime": "2 - 13:51",
            "label": "Ball out of play",
            "position": "831000",
            "half": "2",
            "confidence": "0.6271152496337891"
        },
        {
            "gameTime": "2 - 45:29",
            "label": "Ball out of play",
            "position": "2729000",
            "half": "2",
            "confidence": "0.622627854347229"
        },
        {
            "gameTime": "2 - 30:29",
            "label": "Ball out of play",
            "position": "1829000",
            "half": "2",
            "confidence": "0.6214286684989929"
        },
        {
            "gameTime": "2 - 8:15",
            "label": "Ball out of play",
            "position": "495000",
            "half": "2",
            "confidence": "0.6196410059928894"
        },
        {
            "gameTime": "2 - 5:38",
            "label": "Ball out of play",
            "position": "338000",
            "half": "2",
            "confidence": "0.5902732610702515"
        },
        {
            "gameTime": "2 - 44:56",
            "label": "Ball out of play",
            "position": "2696500",
            "half": "2",
            "confidence": "0.5649111270904541"
        },
        {
            "gameTime": "2 - 34:36",
            "label": "Ball out of play",
            "position": "2076000",
            "half": "2",
            "confidence": "0.562586784362793"
        },
        {
            "gameTime": "2 - 15:56",
            "label": "Ball out of play",
            "position": "956000",
            "half": "2",
            "confidence": "0.554302453994751"
        },
        {
            "gameTime": "2 - 22:57",
            "label": "Ball out of play",
            "position": "1377000",
            "half": "2",
            "confidence": "0.5323151350021362"
        },
        {
            "gameTime": "2 - 47:44",
            "label": "Ball out of play",
            "position": "2864000",
            "half": "2",
            "confidence": "0.5311532616615295"
        },
        {
            "gameTime": "2 - 15:45",
            "label": "Ball out of play",
            "position": "945500",
            "half": "2",
            "confidence": "0.5179945230484009"
        },
        {
            "gameTime": "2 - 34:25",
            "label": "Ball out of play",
            "position": "2065000",
            "half": "2",
            "confidence": "0.5107659697532654"
        },
        {
            "gameTime": "2 - 43:0",
            "label": "Ball out of play",
            "position": "2580000",
            "half": "2",
            "confidence": "0.5083300471305847"
        },
        {
            "gameTime": "2 - 23:30",
            "label": "Ball out of play",
            "position": "1410500",
            "half": "2",
            "confidence": "0.5074784755706787"
        },
        {
            "gameTime": "2 - 8:15",
            "label": "Throw-in",
            "position": "495000",
            "half": "2",
            "confidence": "0.9320545196533203"
        },
        {
            "gameTime": "2 - 23:10",
            "label": "Throw-in",
            "position": "1390000",
            "half": "2",
            "confidence": "0.9107390642166138"
        },
        {
            "gameTime": "2 - 36:36",
            "label": "Throw-in",
            "position": "2196500",
            "half": "2",
            "confidence": "0.884186327457428"
        },
        {
            "gameTime": "2 - 10:55",
            "label": "Throw-in",
            "position": "655000",
            "half": "2",
            "confidence": "0.8710471987724304"
        },
        {
            "gameTime": "2 - 21:55",
            "label": "Throw-in",
            "position": "1315500",
            "half": "2",
            "confidence": "0.8678847551345825"
        },
        {
            "gameTime": "2 - 36:46",
            "label": "Throw-in",
            "position": "2206500",
            "half": "2",
            "confidence": "0.842711329460144"
        },
        {
            "gameTime": "2 - 22:56",
            "label": "Throw-in",
            "position": "1376500",
            "half": "2",
            "confidence": "0.817377507686615"
        },
        {
            "gameTime": "2 - 11:6",
            "label": "Throw-in",
            "position": "666000",
            "half": "2",
            "confidence": "0.8170691728591919"
        },
        {
            "gameTime": "2 - 14:32",
            "label": "Throw-in",
            "position": "872000",
            "half": "2",
            "confidence": "0.7676780223846436"
        },
        {
            "gameTime": "2 - 36:26",
            "label": "Throw-in",
            "position": "2186000",
            "half": "2",
            "confidence": "0.7136156558990479"
        },
        {
            "gameTime": "2 - 44:59",
            "label": "Throw-in",
            "position": "2699000",
            "half": "2",
            "confidence": "0.7103172540664673"
        },
        {
            "gameTime": "2 - 38:46",
            "label": "Throw-in",
            "position": "2326500",
            "half": "2",
            "confidence": "0.6339866518974304"
        },
        {
            "gameTime": "2 - 21:40",
            "label": "Throw-in",
            "position": "1300500",
            "half": "2",
            "confidence": "0.5327178835868835"
        },
        {
            "gameTime": "2 - 45:9",
            "label": "Throw-in",
            "position": "2709000",
            "half": "2",
            "confidence": "0.5211355686187744"
        },
        {
            "gameTime": "2 - 32:51",
            "label": "Throw-in",
            "position": "1971500",
            "half": "2",
            "confidence": "0.5107644200325012"
        },
        {
            "gameTime": "2 - 20:52",
            "label": "Throw-in",
            "position": "1252000",
            "half": "2",
            "confidence": "0.5079355239868164"
        },
        {
            "gameTime": "2 - 26:14",
            "label": "Foul",
            "position": "1574000",
            "half": "2",
            "confidence": "0.8953043818473816"
        },
        {
            "gameTime": "2 - 50:33",
            "label": "Foul",
            "position": "3033000",
            "half": "2",
            "confidence": "0.7855128645896912"
        },
        {
            "gameTime": "2 - 49:19",
            "label": "Foul",
            "position": "2959500",
            "half": "2",
            "confidence": "0.6607661843299866"
        },
        {
            "gameTime": "2 - 28:30",
            "label": "Foul",
            "position": "1710500",
            "half": "2",
            "confidence": "0.6414276957511902"
        },
        {
            "gameTime": "2 - 1:20",
            "label": "Foul",
            "position": "80000",
            "half": "2",
            "confidence": "0.6357840895652771"
        },
        {
            "gameTime": "2 - 26:2",
            "label": "Foul",
            "position": "1562500",
            "half": "2",
            "confidence": "0.5948605537414551"
        },
        {
            "gameTime": "2 - 50:43",
            "label": "Foul",
            "position": "3043000",
            "half": "2",
            "confidence": "0.5787116885185242"
        },
        {
            "gameTime": "2 - 28:11",
            "label": "Indirect free-kick",
            "position": "1691500",
            "half": "2",
            "confidence": "0.6221375465393066"
        },
        {
            "gameTime": "2 - 28:59",
            "label": "Indirect free-kick",
            "position": "1739500",
            "half": "2",
            "confidence": "0.6030750870704651"
        },
        {
            "gameTime": "2 - 2:35",
            "label": "Direct free-kick",
            "position": "155500",
            "half": "2",
            "confidence": "0.7677251696586609"
        },
        {
            "gameTime": "2 - 19:15",
            "label": "Direct free-kick",
            "position": "1155500",
            "half": "2",
            "confidence": "0.6048262119293213"
        },
        {
            "gameTime": "2 - 5:40",
            "label": "Corner",
            "position": "340000",
            "half": "2",
            "confidence": "0.9931063055992126"
        },
        {
            "gameTime": "2 - 24:25",
            "label": "Corner",
            "position": "1465000",
            "half": "2",
            "confidence": "0.9641156196594238"
        },
        {
            "gameTime": "2 - 5:29",
            "label": "Corner",
            "position": "329500",
            "half": "2",
            "confidence": "0.8750275373458862"
        },
        {
            "gameTime": "2 - 23:35",
            "label": "Corner",
            "position": "1415500",
            "half": "2",
            "confidence": "0.7402828335762024"
        },
        {
            "gameTime": "2 - 24:14",
            "label": "Corner",
            "position": "1454500",
            "half": "2",
            "confidence": "0.7158521413803101"
        },
        {
            "gameTime": "2 - 8:57",
            "label": "Corner",
            "position": "537000",
            "half": "2",
            "confidence": "0.7076361775398254"
        },
        {
            "gameTime": "2 - 24:35",
            "label": "Corner",
            "position": "1475000",
            "half": "2",
            "confidence": "0.6996506452560425"
        },
        {
            "gameTime": "2 - 5:50",
            "label": "Corner",
            "position": "350500",
            "half": "2",
            "confidence": "0.6770512461662292"
        },
        {
            "gameTime": "2 - 23:45",
            "label": "Corner",
            "position": "1425500",
            "half": "2",
            "confidence": "0.5629577040672302"
        },
        {
            "gameTime": "2 - 34:50",
            "label": "Corner",
            "position": "2090500",
            "half": "2",
            "confidence": "0.5385342240333557"
        },
        {
            "gameTime": "2 - 35:42",
            "label": "Corner",
            "position": "2142500",
            "half": "2",
            "confidence": "0.528171956539154"
        }
    ]
}