{
    "UrlLocal": "europe_uefa-champions-league/2016-2017/2016-11-01 - 20-45 Besiktas 1 - 1 Napoli",
    "predictions": [
        {
            "gameTime": "1 - 22:59",
            "label": "subs",
            "position": "1379500",
            "half": "1",
            "confidence": "0.8966591954231262"
        },
        {
            "gameTime": "2 - 11:32",
            "label": "card",
            "position": "692000",
            "half": "2",
            "confidence": "0.8758577108383179"
        },
        {
            "gameTime": "2 - 11:21",
            "label": "card",
            "position": "681500",
            "half": "2",
            "confidence": "0.8312516212463379"
        },
        {
            "gameTime": "2 - 2:1",
            "label": "card",
            "position": "121000",
            "half": "2",
            "confidence": "0.8281804323196411"
        },
        {
            "gameTime": "2 - 1:50",
            "label": "card",
            "position": "110500",
            "half": "2",
            "confidence": "0.6727747917175293"
        },
        {
            "gameTime": "2 - 20:6",
            "label": "subs",
            "position": "1206000",
            "half": "2",
            "confidence": "0.9673293828964233"
        },
        {
            "gameTime": "2 - 17:38",
            "label": "subs",
            "position": "1058000",
            "half": "2",
            "confidence": "0.9619576930999756"
        },
        {
            "gameTime": "2 - 17:48",
            "label": "subs",
            "position": "1068000",
            "half": "2",
            "confidence": "0.9075567722320557"
        },
        {
            "gameTime": "2 - 35:13",
            "label": "subs",
            "position": "2113500",
            "half": "2",
            "confidence": "0.9030323624610901"
        },
        {
            "gameTime": "2 - 35:23",
            "label": "subs",
            "position": "2123500",
            "half": "2",
            "confidence": "0.6791089177131653"
        },
        {
            "gameTime": "2 - 19:55",
            "label": "subs",
            "position": "1195500",
            "half": "2",
            "confidence": "0.5464522838592529"
        },
        {
            "gameTime": "2 - 12:10",
            "label": "subs",
            "position": "730000",
            "half": "2",
            "confidence": "0.5267858505249023"
        },
        {
            "gameTime": "2 - 33:5",
            "label": "soccer",
            "position": "1985500",
            "half": "2",
            "confidence": "0.976468563079834"
        },
        {
            "gameTime": "2 - 17:25",
            "label": "soccer",
            "position": "1045500",
            "half": "2",
            "confidence": "0.8461587429046631"
        },
        {
            "gameTime": "2 - 3:6",
            "label": "soccer",
            "position": "186500",
            "half": "2",
            "confidence": "0.7518097758293152"
        },
        {
            "gameTime": "2 - 17:15",
            "label": "soccer",
            "position": "1035000",
            "half": "2",
            "confidence": "0.7511862516403198"
        },
        {
            "gameTime": "2 - 24:28",
            "label": "soccer",
            "position": "1468000",
            "half": "2",
            "confidence": "0.5294911861419678"
        },
        {
            "gameTime": "2 - 32:31",
            "label": "soccer",
            "position": "1951500",
            "half": "2",
            "confidence": "0.5234691500663757"
        }
    ]
}