{
    "UrlLocal": "france_ligue-1/2016-2017/2017-02-08 - 18-00 Nice 1 - 0 Saint Etienne",
    "UrlYoutube": "",
    "annotations": [
        {
            "change_type": "",
            "gameTime": "1 - 00:37",
            "label": "",
            "position": "37096",
            "replay": "real-time"
        },
        {
            "change_type": "",
            "gameTime": "1 - 00:40",
            "label": "",
            "link": "",
            "position": "40946",
            "replay": "replay"
        },
        {
            "change_type": "",
            "gameTime": "1 - 01:16",
            "label": "",
            "position": "76999",
            "replay": "real-time"
        },
        {
            "change_type": "",
            "gameTime": "1 - 01:22",
            "label": "",
            "link": "",
            "position": "82255",
            "replay": "replay"
        },
        {
            "change_type": "",
            "gameTime": "1 - 01:47",
            "label": "",
            "position": "107979",
            "replay": "real-time"
        },
        {
            "change_type": "",
            "gameTime": "1 - 01:57",
            "label": "",
            "link": "",
            "position": "117771",
            "replay": "replay"
        },
        {
            "change_type": "",
            "gameTime": "1 - 02:04",
            "label": "",
            "link": "",
            "position": "124335",
            "replay": "replay"
        },
        {
            "change_type": "",
            "gameTime": "1 - 06:09",
            "label": "",
            "position": "369242",
            "replay": "real-time"
        },
        {
            "change_type": "",
            "gameTime": "1 - 06:12",
            "label": "",
            "position": "372764",
            "replay": "other"
        },
        {
            "change_type": "",
            "gameTime": "1 - 06:57",
            "label": "",
            "position": "417610",
            "replay": "real-time"
        },
        {
            "change_type": "",
            "gameTime": "1 - 07:12",
            "label": "",
            "link": "",
            "position": "432740",
            "replay": "replay"
        },
        {
            "change_type": "",
            "gameTime": "1 - 07:22",
            "label": "",
            "link": "",
            "position": "442551",
            "replay": "replay"
        },
        {
            "change_type": "",
            "gameTime": "1 - 07:28",
            "label": "",
            "link": "",
            "position": "448061",
            "replay": "replay"
        },
        {
            "change_type": "",
            "gameTime": "1 - 07:35",
            "label": "",
            "link": "",
            "position": "455231",
            "replay": "replay"
        },
        {
            "change_type": "",
            "gameTime": "1 - 07:41",
            "label": "",
            "position": "461073",
            "replay": "other"
        },
        {
            "change_type": "",
            "gameTime": "1 - 10:27",
            "label": "",
            "position": "627424",
            "replay": "real-time"
        },
        {
            "change_type": "",
            "gameTime": "1 - 10:33",
            "label": "",
            "link": "",
            "position": "633169",
            "replay": "replay"
        },
        {
            "change_type": "",
            "gameTime": "1 - 10:39",
            "label": "",
            "link": "",
            "position": "639495",
            "replay": "replay"
        },
        {
            "change_type": "",
            "gameTime": "1 - 10:46",
            "label": "",
            "position": "646637",
            "replay": "other"
        },
        {
            "change_type": "",
            "gameTime": "1 - 11:47",
            "label": "",
            "position": "707769",
            "replay": "real-time"
        },
        {
            "change_type": "",
            "gameTime": "1 - 11:59",
            "label": "",
            "position": "719376",
            "replay": "other"
        },
        {
            "change_type": "",
            "gameTime": "1 - 12:07",
            "label": "",
            "position": "727547",
            "replay": "other"
        },
        {
            "change_type": "",
            "gameTime": "1 - 12:15",
            "label": "",
            "position": "735004",
            "replay": "other"
        },
        {
            "change_type": "",
            "gameTime": "1 - 13:39",
            "label": "",
            "position": "819170",
            "replay": "real-time"
        },
        {
            "change_type": "",
            "gameTime": "1 - 13:47",
            "label": "",
            "position": "827608",
            "replay": "other"
        },
        {
            "change_type": "",
            "gameTime": "1 - 13:54",
            "label": "",
            "position": "834960",
            "replay": "other"
        },
        {
            "change_type": "",
            "gameTime": "1 - 14:34",
            "label": "",
            "position": "874445",
            "replay": "real-time"
        },
        {
            "change_type": "",
            "gameTime": "1 - 14:42",
            "label": "",
            "position": "882827",
            "replay": "other"
        },
        {
            "change_type": "",
            "gameTime": "1 - 17:23",
            "label": "",
            "position": "1043564",
            "replay": "real-time"
        },
        {
            "change_type": "",
            "gameTime": "1 - 17:27",
            "label": "",
            "position": "1047510",
            "replay": "other"
        },
        {
            "change_type": "",
            "gameTime": "1 - 17:32",
            "label": "",
            "position": "1052235",
            "replay": "other"
        },
        {
            "change_type": "",
            "gameTime": "1 - 17:40",
            "label": "",
            "position": "1060631",
            "replay": "other"
        },
        {
            "change_type": "",
            "gameTime": "1 - 18:39",
            "label": "",
            "position": "1119522",
            "replay": "real-time"
        },
        {
            "change_type": "",
            "gameTime": "1 - 18:51",
            "label": "",
            "link": "",
            "position": "1131524",
            "replay": "replay"
        },
        {
            "change_type": "",
            "gameTime": "1 - 18:59",
            "label": "",
            "link": "",
            "position": "1139224",
            "replay": "replay"
        },
        {
            "change_type": "",
            "gameTime": "1 - 20:47",
            "label": "",
            "position": "1247170",
            "replay": "real-time"
        },
        {
            "change_type": "",
            "gameTime": "1 - 20:52",
            "label": "",
            "link": "",
            "position": "1252837",
            "replay": "replay"
        },
        {
            "change_type": "",
            "gameTime": "1 - 21:58",
            "label": "",
            "position": "1318692",
            "replay": "real-time"
        },
        {
            "change_type": "",
            "gameTime": "1 - 22:06",
            "label": "",
            "link": "",
            "position": "1326923",
            "replay": "replay"
        },
        {
            "change_type": "",
            "gameTime": "1 - 23:44",
            "label": "",
            "position": "1424466",
            "replay": "real-time"
        },
        {
            "change_type": "",
            "gameTime": "1 - 23:49",
            "label": "",
            "position": "1429346",
            "replay": "other"
        },
        {
            "change_type": "",
            "gameTime": "1 - 24:37",
            "label": "",
            "position": "1477147",
            "replay": "real-time"
        },
        {
            "change_type": "",
            "gameTime": "1 - 24:46",
            "label": "",
            "position": "1486023",
            "replay": "other"
        },
        {
            "change_type": "",
            "gameTime": "1 - 24:57",
            "label": "",
            "position": "1497206",
            "replay": "other"
        },
        {
            "change_type": "",
            "gameTime": "1 - 25:04",
            "label": "",
            "position": "1504013",
            "replay": "other"
        },
        {
            "change_type": "",
            "gameTime": "1 - 25:09",
            "label": "",
            "position": "1509161",
            "replay": "other"
        },
        {
            "change_type": "",
            "gameTime": "1 - 26:34",
            "label": "",
            "position": "1594133",
            "replay": "real-time"
        },
        {
            "change_type": "",
            "gameTime": "1 - 26:38",
            "label": "",
            "link": "",
            "position": "1598771",
            "replay": "replay"
        },
        {
            "change_type": "",
            "gameTime": "1 - 27:40",
            "label": "",
            "position": "1660183",
            "replay": "real-time"
        },
        {
            "change_type": "",
            "gameTime": "1 - 27:47",
            "label": "",
            "link": "",
            "position": "1667998",
            "replay": "replay"
        },
        {
            "change_type": "",
            "gameTime": "1 - 27:57",
            "label": "",
            "link": "",
            "position": "1677785",
            "replay": "replay"
        },
        {
            "change_type": "",
            "gameTime": "1 - 29:48",
            "label": "",
            "position": "1788413",
            "replay": "real-time"
        },
        {
            "change_type": "",
            "gameTime": "1 - 29:54",
            "label": "",
            "link": "",
            "position": "1794958",
            "replay": "replay"
        },
        {
            "change_type": "",
            "gameTime": "1 - 29:58",
            "label": "",
            "link": "",
            "position": "1798625",
            "replay": "replay"
        },
        {
            "change_type": "",
            "gameTime": "1 - 31:07",
            "label": "",
            "position": "1867032",
            "replay": "real-time"
        },
        {
            "change_type": "",
            "gameTime": "1 - 31:13",
            "label": "",
            "link": "",
            "position": "1873304",
            "replay": "replay"
        },
        {
            "change_type": "",
            "gameTime": "1 - 31:19",
            "label": "",
            "link": "",
            "position": "1879145",
            "replay": "replay"
        },
        {
            "change_type": "",
            "gameTime": "1 - 31:27",
            "label": "",
            "position": "1887238",
            "replay": "other"
        },
        {
            "change_type": "",
            "gameTime": "1 - 32:31",
            "label": "",
            "position": "1951055",
            "replay": "real-time"
        },
        {
            "change_type": "",
            "gameTime": "1 - 32:40",
            "label": "",
            "link": "",
            "position": "1960092",
            "replay": "replay"
        },
        {
            "change_type": "",
            "gameTime": "1 - 32:45",
            "label": "",
            "link": "",
            "position": "1965544",
            "replay": "replay"
        },
        {
            "change_type": "",
            "gameTime": "1 - 32:50",
            "label": "",
            "link": "",
            "position": "1970776",
            "replay": "replay"
        },
        {
            "change_type": "",
            "gameTime": "1 - 33:03",
            "label": "",
            "link": "",
            "position": "1983307",
            "replay": "replay"
        },
        {
            "change_type": "",
            "gameTime": "1 - 34:04",
            "label": "",
            "position": "2044275",
            "replay": "real-time"
        },
        {
            "change_type": "",
            "gameTime": "1 - 34:13",
            "label": "",
            "link": "",
            "position": "2053683",
            "replay": "replay"
        },
        {
            "change_type": "",
            "gameTime": "1 - 35:18",
            "label": "",
            "position": "2118660",
            "replay": "real-time"
        },
        {
            "change_type": "",
            "gameTime": "1 - 35:28",
            "label": "",
            "link": "",
            "position": "2128988",
            "replay": "replay"
        },
        {
            "change_type": "",
            "gameTime": "1 - 35:55",
            "label": "",
            "position": "2155177",
            "replay": "real-time"
        },
        {
            "change_type": "",
            "gameTime": "1 - 36:00",
            "label": "",
            "link": "",
            "position": "2160564",
            "replay": "replay"
        },
        {
            "change_type": "",
            "gameTime": "1 - 36:04",
            "label": "",
            "link": "",
            "position": "2164731",
            "replay": "replay"
        },
        {
            "change_type": "",
            "gameTime": "1 - 36:11",
            "label": "",
            "link": "",
            "position": "2171738",
            "replay": "replay"
        },
        {
            "change_type": "",
            "gameTime": "1 - 38:05",
            "label": "",
            "position": "2285482",
            "replay": "real-time"
        },
        {
            "change_type": "",
            "gameTime": "1 - 38:12",
            "label": "",
            "link": "",
            "position": "2292715",
            "replay": "replay"
        },
        {
            "change_type": "",
            "gameTime": "1 - 39:31",
            "label": "",
            "position": "2371219",
            "replay": "real-time"
        },
        {
            "change_type": "",
            "gameTime": "1 - 39:35",
            "label": "",
            "link": "",
            "position": "2375221",
            "replay": "replay"
        },
        {
            "change_type": "",
            "gameTime": "1 - 39:41",
            "label": "",
            "link": "",
            "position": "2381580",
            "replay": "replay"
        },
        {
            "change_type": "",
            "gameTime": "1 - 41:57",
            "label": "",
            "position": "2517555",
            "replay": "real-time"
        },
        {
            "change_type": "",
            "gameTime": "1 - 42:02",
            "label": "",
            "link": "",
            "position": "2522383",
            "replay": "replay"
        },
        {
            "change_type": "",
            "gameTime": "1 - 42:07",
            "label": "",
            "link": "",
            "position": "2527868",
            "replay": "replay"
        },
        {
            "change_type": "",
            "gameTime": "1 - 42:45",
            "label": "",
            "position": "2565171",
            "replay": "real-time"
        },
        {
            "change_type": "",
            "gameTime": "1 - 42:52",
            "label": "",
            "link": "",
            "position": "2572786",
            "replay": "replay"
        },
        {
            "change_type": "",
            "gameTime": "1 - 42:59",
            "label": "",
            "link": "",
            "position": "2579768",
            "replay": "replay"
        },
        {
            "change_type": "",
            "gameTime": "1 - 43:18",
            "label": "",
            "position": "2598516",
            "replay": "real-time"
        },
        {
            "change_type": "",
            "gameTime": "1 - 43:23",
            "label": "",
            "link": "",
            "position": "2603794",
            "replay": "replay"
        },
        {
            "change_type": "",
            "gameTime": "1 - 43:48",
            "label": "",
            "position": "2628344",
            "replay": "real-time"
        },
        {
            "change_type": "",
            "gameTime": "1 - 43:53",
            "label": "",
            "link": "",
            "position": "2633479",
            "replay": "replay"
        },
        {
            "change_type": "",
            "gameTime": "1 - 43:59",
            "label": "",
            "link": "",
            "position": "2639965",
            "replay": "replay"
        },
        {
            "change_type": "",
            "gameTime": "1 - 44:59",
            "label": "",
            "position": "2699506",
            "replay": "real-time"
        },
        {
            "change_type": "",
            "gameTime": "1 - 45:07",
            "label": "",
            "link": "",
            "position": "2707824",
            "replay": "replay"
        },
        {
            "change_type": "",
            "gameTime": "1 - 46:08",
            "label": "",
            "position": "2768689",
            "replay": "real-time"
        },
        {
            "change_type": "",
            "gameTime": "2 - 00:44",
            "label": "",
            "position": "44535",
            "replay": "real-time"
        },
        {
            "change_type": "",
            "gameTime": "2 - 00:58",
            "label": "",
            "link": "",
            "position": "58148",
            "replay": "replay"
        },
        {
            "change_type": "",
            "gameTime": "2 - 02:09",
            "label": "",
            "position": "129421",
            "replay": "real-time"
        },
        {
            "change_type": "",
            "gameTime": "2 - 02:14",
            "label": "",
            "link": "",
            "position": "134071",
            "replay": "replay"
        },
        {
            "change_type": "",
            "gameTime": "2 - 02:17",
            "label": "",
            "position": "137346",
            "replay": "other"
        },
        {
            "change_type": "",
            "gameTime": "2 - 02:23",
            "label": "",
            "position": "143023",
            "replay": "other"
        },
        {
            "change_type": "",
            "gameTime": "2 - 02:49",
            "label": "",
            "position": "169902",
            "replay": "real-time"
        },
        {
            "change_type": "",
            "gameTime": "2 - 03:03",
            "label": "",
            "link": "",
            "position": "183493",
            "replay": "replay"
        },
        {
            "change_type": "",
            "gameTime": "2 - 03:10",
            "label": "",
            "link": "",
            "position": "190978",
            "replay": "replay"
        },
        {
            "change_type": "",
            "gameTime": "2 - 04:31",
            "label": "",
            "position": "271844",
            "replay": "real-time"
        },
        {
            "change_type": "",
            "gameTime": "2 - 04:38",
            "label": "",
            "link": "",
            "position": "278618",
            "replay": "replay"
        },
        {
            "change_type": "",
            "gameTime": "2 - 09:16",
            "label": "",
            "position": "556069",
            "replay": "real-time"
        },
        {
            "change_type": "",
            "gameTime": "2 - 09:22",
            "label": "",
            "position": "562825",
            "replay": "other"
        },
        {
            "change_type": "",
            "gameTime": "2 - 09:32",
            "label": "",
            "position": "572741",
            "replay": "other"
        },
        {
            "change_type": "",
            "gameTime": "2 - 09:38",
            "label": "",
            "position": "578128",
            "replay": "other"
        },
        {
            "change_type": "",
            "gameTime": "2 - 09:46",
            "label": "",
            "position": "586530",
            "replay": "other"
        },
        {
            "change_type": "",
            "gameTime": "2 - 10:23",
            "label": "",
            "position": "623041",
            "replay": "real-time"
        },
        {
            "change_type": "",
            "gameTime": "2 - 10:28",
            "label": "",
            "link": "",
            "position": "628170",
            "replay": "replay"
        },
        {
            "change_type": "",
            "gameTime": "2 - 10:33",
            "label": "",
            "link": "",
            "position": "633504",
            "replay": "replay"
        },
        {
            "change_type": "",
            "gameTime": "2 - 10:37",
            "label": "",
            "position": "637585",
            "replay": "other"
        },
        {
            "change_type": "",
            "gameTime": "2 - 11:21",
            "label": "",
            "position": "681510",
            "replay": "real-time"
        },
        {
            "change_type": "",
            "gameTime": "2 - 11:28",
            "label": "",
            "position": "688839",
            "replay": "other"
        },
        {
            "change_type": "",
            "gameTime": "2 - 14:43",
            "label": "",
            "position": "883138",
            "replay": "real-time"
        },
        {
            "change_type": "",
            "gameTime": "2 - 14:49",
            "label": "",
            "position": "889831",
            "replay": "other"
        },
        {
            "change_type": "",
            "gameTime": "2 - 14:56",
            "label": "",
            "position": "896867",
            "replay": "other"
        },
        {
            "change_type": "",
            "gameTime": "2 - 16:46",
            "label": "",
            "position": "1006831",
            "replay": "real-time"
        },
        {
            "change_type": "",
            "gameTime": "2 - 16:52",
            "label": "",
            "link": "",
            "position": "1012245",
            "replay": "replay"
        },
        {
            "change_type": "",
            "gameTime": "2 - 17:21",
            "label": "",
            "position": "1041784",
            "replay": "real-time"
        },
        {
            "change_type": "",
            "gameTime": "2 - 17:27",
            "label": "",
            "link": "",
            "position": "1047721",
            "replay": "replay"
        },
        {
            "change_type": "",
            "gameTime": "2 - 17:34",
            "label": "",
            "link": "",
            "position": "1054645",
            "replay": "replay"
        },
        {
            "change_type": "",
            "gameTime": "2 - 17:39",
            "label": "",
            "link": "",
            "position": "1059955",
            "replay": "replay"
        },
        {
            "change_type": "",
            "gameTime": "2 - 17:48",
            "label": "",
            "position": "1068755",
            "replay": "other"
        },
        {
            "change_type": "",
            "gameTime": "2 - 17:54",
            "label": "",
            "position": "1074118",
            "replay": "other"
        },
        {
            "change_type": "",
            "gameTime": "2 - 18:57",
            "label": "",
            "position": "1137002",
            "replay": "real-time"
        },
        {
            "change_type": "",
            "gameTime": "2 - 19:05",
            "label": "",
            "link": "",
            "position": "1145350",
            "replay": "replay"
        },
        {
            "change_type": "",
            "gameTime": "2 - 19:10",
            "label": "",
            "link": "",
            "position": "1150563",
            "replay": "replay"
        },
        {
            "change_type": "",
            "gameTime": "2 - 19:18",
            "label": "",
            "link": "",
            "position": "1158486",
            "replay": "replay"
        },
        {
            "change_type": "",
            "gameTime": "2 - 19:58",
            "label": "",
            "position": "1198598",
            "replay": "real-time"
        },
        {
            "change_type": "",
            "gameTime": "2 - 20:04",
            "label": "",
            "position": "1204028",
            "replay": "other"
        },
        {
            "change_type": "",
            "gameTime": "2 - 23:42",
            "label": "",
            "position": "1422687",
            "replay": "real-time"
        },
        {
            "change_type": "",
            "gameTime": "2 - 23:49",
            "label": "",
            "position": "1429590",
            "replay": "other"
        },
        {
            "change_type": "",
            "gameTime": "2 - 24:33",
            "label": "",
            "position": "1473488",
            "replay": "real-time"
        },
        {
            "change_type": "",
            "gameTime": "2 - 24:42",
            "label": "",
            "position": "1482960",
            "replay": "other"
        },
        {
            "change_type": "",
            "gameTime": "2 - 26:02",
            "label": "",
            "position": "1562338",
            "replay": "real-time"
        },
        {
            "change_type": "",
            "gameTime": "2 - 26:09",
            "label": "",
            "link": "",
            "position": "1569256",
            "replay": "replay"
        },
        {
            "change_type": "",
            "gameTime": "2 - 26:13",
            "label": "",
            "link": "",
            "position": "1573663",
            "replay": "replay"
        },
        {
            "change_type": "",
            "gameTime": "2 - 26:26",
            "label": "",
            "link": "",
            "position": "1586466",
            "replay": "replay"
        },
        {
            "change_type": "",
            "gameTime": "2 - 27:23",
            "label": "",
            "position": "1643608",
            "replay": "real-time"
        },
        {
            "change_type": "",
            "gameTime": "2 - 27:29",
            "label": "",
            "link": "",
            "position": "1649291",
            "replay": "replay"
        },
        {
            "change_type": "",
            "gameTime": "2 - 27:33",
            "label": "",
            "position": "1653780",
            "replay": "other"
        },
        {
            "change_type": "",
            "gameTime": "2 - 27:54",
            "label": "",
            "position": "1674654",
            "replay": "real-time"
        },
        {
            "change_type": "",
            "gameTime": "2 - 28:02",
            "label": "",
            "position": "1682635",
            "replay": "other"
        },
        {
            "change_type": "",
            "gameTime": "2 - 28:09",
            "label": "",
            "position": "1689653",
            "replay": "other"
        },
        {
            "change_type": "",
            "gameTime": "2 - 30:01",
            "label": "",
            "position": "1801471",
            "replay": "real-time"
        },
        {
            "change_type": "",
            "gameTime": "2 - 30:10",
            "label": "",
            "link": "",
            "position": "1810888",
            "replay": "replay"
        },
        {
            "change_type": "",
            "gameTime": "2 - 30:17",
            "label": "",
            "link": "",
            "position": "1817004",
            "replay": "replay"
        },
        {
            "change_type": "",
            "gameTime": "2 - 30:21",
            "label": "",
            "position": "1821953",
            "replay": "other"
        },
        {
            "change_type": "",
            "gameTime": "2 - 30:55",
            "label": "",
            "position": "1855159",
            "replay": "real-time"
        },
        {
            "change_type": "",
            "gameTime": "2 - 31:02",
            "label": "",
            "link": "",
            "position": "1862022",
            "replay": "replay"
        },
        {
            "change_type": "",
            "gameTime": "2 - 32:37",
            "label": "",
            "position": "1957848",
            "replay": "real-time"
        },
        {
            "change_type": "",
            "gameTime": "2 - 32:42",
            "label": "",
            "position": "1962704",
            "replay": "other"
        },
        {
            "change_type": "",
            "gameTime": "2 - 32:53",
            "label": "",
            "link": "",
            "position": "1973540",
            "replay": "replay"
        },
        {
            "change_type": "",
            "gameTime": "2 - 33:05",
            "label": "",
            "link": "",
            "position": "1985016",
            "replay": "replay"
        },
        {
            "change_type": "",
            "gameTime": "2 - 33:13",
            "label": "",
            "link": "",
            "position": "1993250",
            "replay": "replay"
        },
        {
            "change_type": "",
            "gameTime": "2 - 34:59",
            "label": "",
            "position": "2099751",
            "replay": "real-time"
        },
        {
            "change_type": "",
            "gameTime": "2 - 35:09",
            "label": "",
            "link": "",
            "position": "2109746",
            "replay": "replay"
        },
        {
            "change_type": "",
            "gameTime": "2 - 35:15",
            "label": "",
            "link": "",
            "position": "2115403",
            "replay": "replay"
        },
        {
            "change_type": "",
            "gameTime": "2 - 36:03",
            "label": "",
            "position": "2163437",
            "replay": "real-time"
        },
        {
            "change_type": "",
            "gameTime": "2 - 36:12",
            "label": "",
            "link": "",
            "position": "2172792",
            "replay": "replay"
        },
        {
            "change_type": "",
            "gameTime": "2 - 36:19",
            "label": "",
            "link": "",
            "position": "2179794",
            "replay": "replay"
        },
        {
            "change_type": "",
            "gameTime": "2 - 38:35",
            "label": "",
            "position": "2315011",
            "replay": "real-time"
        },
        {
            "change_type": "",
            "gameTime": "2 - 38:44",
            "label": "",
            "link": "",
            "position": "2324518",
            "replay": "replay"
        },
        {
            "change_type": "",
            "gameTime": "2 - 39:18",
            "label": "",
            "position": "2358249",
            "replay": "real-time"
        },
        {
            "change_type": "",
            "gameTime": "2 - 39:23",
            "label": "",
            "link": "",
            "position": "2363468",
            "replay": "replay"
        },
        {
            "change_type": "",
            "gameTime": "2 - 39:30",
            "label": "",
            "link": "",
            "position": "2370124",
            "replay": "replay"
        },
        {
            "change_type": "",
            "gameTime": "2 - 41:13",
            "label": "",
            "position": "2473729",
            "replay": "real-time"
        },
        {
            "change_type": "",
            "gameTime": "2 - 41:21",
            "label": "",
            "link": "",
            "position": "2481466",
            "replay": "replay"
        },
        {
            "change_type": "",
            "gameTime": "2 - 41:44",
            "label": "",
            "position": "2504972",
            "replay": "real-time"
        },
        {
            "change_type": "",
            "gameTime": "2 - 41:50",
            "label": "",
            "link": "",
            "position": "2510701",
            "replay": "replay"
        },
        {
            "change_type": "",
            "gameTime": "2 - 43:46",
            "label": "",
            "position": "2626656",
            "replay": "real-time"
        },
        {
            "change_type": "",
            "gameTime": "2 - 43:52",
            "label": "",
            "link": "",
            "position": "2632804",
            "replay": "replay"
        },
        {
            "change_type": "",
            "gameTime": "2 - 44:38",
            "label": "",
            "position": "2678718",
            "replay": "real-time"
        },
        {
            "change_type": "",
            "gameTime": "2 - 44:51",
            "label": "",
            "link": "",
            "position": "2691046",
            "replay": "replay"
        }
    ],
    "gameAwayTeam": "Saint Etienne",
    "gameDate": "2017-02-08 - 18-00",
    "gameHomeTeam": "Nice",
    "gameScore": "1 - 0"
}