{
    "UrlLocal": "germany_bundesliga/2016-2017/2017-05-13 - 18-00 Leipzig 4 - 5 Bayern",
    "UrlYoutube": "",
    "annotations": [
        {
            "change_type": "",
            "gameTime": "1 - 01:30",
            "label": "",
            "position": "90477",
            "replay": "real-time"
        },
        {
            "change_type": "",
            "gameTime": "1 - 01:46",
            "label": "",
            "link": "",
            "position": "106597",
            "replay": "replay"
        },
        {
            "change_type": "",
            "gameTime": "1 - 01:54",
            "label": "",
            "link": "",
            "position": "114797",
            "replay": "replay"
        },
        {
            "change_type": "",
            "gameTime": "1 - 02:12",
            "label": "",
            "link": "",
            "position": "132757",
            "replay": "replay"
        },
        {
            "change_type": "",
            "gameTime": "1 - 02:37",
            "label": "",
            "position": "157712",
            "replay": "real-time"
        },
        {
            "change_type": "",
            "gameTime": "1 - 02:45",
            "label": "",
            "link": "",
            "position": "165552",
            "replay": "replay"
        },
        {
            "change_type": "",
            "gameTime": "1 - 03:49",
            "label": "",
            "position": "229845",
            "replay": "real-time"
        },
        {
            "change_type": "",
            "gameTime": "1 - 03:59",
            "label": "",
            "link": "",
            "position": "239205",
            "replay": "replay"
        },
        {
            "change_type": "",
            "gameTime": "1 - 06:18",
            "label": "",
            "position": "378079",
            "replay": "real-time"
        },
        {
            "change_type": "",
            "gameTime": "1 - 06:25",
            "label": "",
            "link": "",
            "position": "385079",
            "replay": "replay"
        },
        {
            "change_type": "",
            "gameTime": "1 - 07:08",
            "label": "",
            "position": "428638",
            "replay": "real-time"
        },
        {
            "change_type": "",
            "gameTime": "1 - 07:24",
            "label": "",
            "link": "",
            "position": "444678",
            "replay": "replay"
        },
        {
            "change_type": "",
            "gameTime": "1 - 12:14",
            "label": "",
            "position": "734108",
            "replay": "real-time"
        },
        {
            "change_type": "",
            "gameTime": "1 - 12:24",
            "label": "",
            "link": "",
            "position": "744988",
            "replay": "replay"
        },
        {
            "change_type": "",
            "gameTime": "1 - 15:30",
            "label": "",
            "position": "930774",
            "replay": "real-time"
        },
        {
            "change_type": "",
            "gameTime": "1 - 15:37",
            "label": "",
            "link": "",
            "position": "937414",
            "replay": "replay"
        },
        {
            "change_type": "",
            "gameTime": "1 - 15:43",
            "label": "",
            "link": "",
            "position": "943974",
            "replay": "replay"
        },
        {
            "change_type": "",
            "gameTime": "1 - 15:49",
            "label": "",
            "link": "",
            "position": "949934",
            "replay": "replay"
        },
        {
            "change_type": "",
            "gameTime": "1 - 16:28",
            "label": "",
            "position": "988283",
            "replay": "real-time"
        },
        {
            "change_type": "",
            "gameTime": "1 - 16:33",
            "label": "",
            "link": "",
            "position": "993323",
            "replay": "replay"
        },
        {
            "change_type": "",
            "gameTime": "1 - 16:37",
            "label": "",
            "link": "",
            "position": "997643",
            "replay": "replay"
        },
        {
            "change_type": "",
            "gameTime": "1 - 16:42",
            "label": "",
            "link": "",
            "position": "1002083",
            "replay": "replay"
        },
        {
            "change_type": "",
            "gameTime": "1 - 16:53",
            "label": "",
            "position": "1013963",
            "replay": "other"
        },
        {
            "change_type": "",
            "gameTime": "1 - 17:48",
            "label": "",
            "position": "1068213",
            "replay": "real-time"
        },
        {
            "change_type": "",
            "gameTime": "1 - 17:56",
            "label": "",
            "link": "",
            "position": "1076693",
            "replay": "replay"
        },
        {
            "change_type": "",
            "gameTime": "1 - 18:00",
            "label": "",
            "link": "",
            "position": "1080936",
            "replay": "replay"
        },
        {
            "change_type": "",
            "gameTime": "1 - 22:39",
            "label": "",
            "position": "1359355",
            "replay": "real-time"
        },
        {
            "change_type": "",
            "gameTime": "1 - 22:45",
            "label": "",
            "link": "",
            "position": "1365315",
            "replay": "replay"
        },
        {
            "change_type": "",
            "gameTime": "1 - 22:48",
            "label": "",
            "link": "",
            "position": "1368986",
            "replay": "replay"
        },
        {
            "change_type": "",
            "gameTime": "1 - 23:28",
            "label": "",
            "position": "1408313",
            "replay": "real-time"
        },
        {
            "change_type": "",
            "gameTime": "1 - 23:32",
            "label": "",
            "link": "",
            "position": "1412073",
            "replay": "replay"
        },
        {
            "change_type": "",
            "gameTime": "1 - 24:08",
            "label": "",
            "position": "1448255",
            "replay": "real-time"
        },
        {
            "change_type": "",
            "gameTime": "1 - 24:18",
            "label": "",
            "link": "",
            "position": "1458935",
            "replay": "replay"
        },
        {
            "change_type": "",
            "gameTime": "1 - 26:37",
            "label": "",
            "position": "1597797",
            "replay": "real-time"
        },
        {
            "change_type": "",
            "gameTime": "1 - 26:42",
            "label": "",
            "position": "1602077",
            "replay": "other"
        },
        {
            "change_type": "",
            "gameTime": "1 - 26:47",
            "label": "",
            "link": "",
            "position": "1607117",
            "replay": "replay"
        },
        {
            "change_type": "",
            "gameTime": "1 - 26:52",
            "label": "",
            "position": "1612393",
            "replay": "other"
        },
        {
            "change_type": "",
            "gameTime": "1 - 27:56",
            "label": "",
            "position": "1676443",
            "replay": "real-time"
        },
        {
            "change_type": "",
            "gameTime": "1 - 28:07",
            "label": "",
            "link": "",
            "position": "1687043",
            "replay": "replay"
        },
        {
            "change_type": "",
            "gameTime": "1 - 28:36",
            "label": "",
            "position": "1716711",
            "replay": "real-time"
        },
        {
            "change_type": "",
            "gameTime": "1 - 28:46",
            "label": "",
            "link": "",
            "position": "1726191",
            "replay": "replay"
        },
        {
            "change_type": "",
            "gameTime": "1 - 28:50",
            "label": "",
            "link": "",
            "position": "1730551",
            "replay": "replay"
        },
        {
            "change_type": "",
            "gameTime": "1 - 28:56",
            "label": "",
            "link": "",
            "position": "1736729",
            "replay": "replay"
        },
        {
            "change_type": "",
            "gameTime": "1 - 32:22",
            "label": "",
            "position": "1942976",
            "replay": "real-time"
        },
        {
            "change_type": "",
            "gameTime": "1 - 32:29",
            "label": "",
            "position": "1949616",
            "replay": "other"
        },
        {
            "change_type": "",
            "gameTime": "1 - 32:37",
            "label": "",
            "position": "1957775",
            "replay": "other"
        },
        {
            "change_type": "",
            "gameTime": "1 - 33:29",
            "label": "",
            "position": "2009468",
            "replay": "real-time"
        },
        {
            "change_type": "",
            "gameTime": "1 - 33:38",
            "label": "",
            "link": "",
            "position": "2018068",
            "replay": "replay"
        },
        {
            "change_type": "",
            "gameTime": "1 - 33:44",
            "label": "",
            "position": "2024348",
            "replay": "other"
        },
        {
            "change_type": "",
            "gameTime": "1 - 37:55",
            "label": "",
            "position": "2275335",
            "replay": "real-time"
        },
        {
            "change_type": "",
            "gameTime": "1 - 38:03",
            "label": "",
            "link": "",
            "position": "2283255",
            "replay": "replay"
        },
        {
            "change_type": "",
            "gameTime": "1 - 38:13",
            "label": "",
            "position": "2293175",
            "replay": "other"
        },
        {
            "change_type": "",
            "gameTime": "1 - 38:42",
            "label": "",
            "position": "2322230",
            "replay": "real-time"
        },
        {
            "change_type": "",
            "gameTime": "1 - 38:49",
            "label": "",
            "link": "",
            "position": "2329110",
            "replay": "replay"
        },
        {
            "change_type": "",
            "gameTime": "1 - 39:21",
            "label": "",
            "position": "2361948",
            "replay": "real-time"
        },
        {
            "change_type": "",
            "gameTime": "1 - 39:29",
            "label": "",
            "link": "",
            "position": "2369948",
            "replay": "replay"
        },
        {
            "change_type": "",
            "gameTime": "2 - 01:39",
            "label": "",
            "position": "99403",
            "replay": "real-time"
        },
        {
            "change_type": "",
            "gameTime": "2 - 01:55",
            "label": "",
            "link": "",
            "position": "115843",
            "replay": "replay"
        },
        {
            "change_type": "",
            "gameTime": "2 - 02:04",
            "label": "",
            "link": "",
            "position": "124643",
            "replay": "replay"
        },
        {
            "change_type": "",
            "gameTime": "2 - 02:11",
            "label": "",
            "link": "",
            "position": "131763",
            "replay": "replay"
        },
        {
            "change_type": "",
            "gameTime": "2 - 05:27",
            "label": "",
            "position": "327978",
            "replay": "real-time"
        },
        {
            "change_type": "",
            "gameTime": "2 - 05:36",
            "label": "",
            "link": "",
            "position": "336698",
            "replay": "replay"
        },
        {
            "change_type": "",
            "gameTime": "2 - 05:43",
            "label": "",
            "link": "",
            "position": "343298",
            "replay": "replay"
        },
        {
            "change_type": "",
            "gameTime": "2 - 05:47",
            "label": "",
            "link": "",
            "position": "347858",
            "replay": "replay"
        },
        {
            "change_type": "",
            "gameTime": "2 - 11:51",
            "label": "",
            "position": "711287",
            "replay": "real-time"
        },
        {
            "change_type": "",
            "gameTime": "2 - 11:56",
            "label": "",
            "link": "",
            "position": "716567",
            "replay": "replay"
        },
        {
            "change_type": "",
            "gameTime": "2 - 14:40",
            "label": "",
            "position": "880232",
            "replay": "real-time"
        },
        {
            "change_type": "",
            "gameTime": "2 - 14:48",
            "label": "",
            "link": "",
            "position": "888432",
            "replay": "replay"
        },
        {
            "change_type": "",
            "gameTime": "2 - 14:56",
            "label": "",
            "link": "",
            "position": "896272",
            "replay": "replay"
        },
        {
            "change_type": "",
            "gameTime": "2 - 15:03",
            "label": "",
            "link": "",
            "position": "903072",
            "replay": "replay"
        },
        {
            "change_type": "",
            "gameTime": "2 - 18:33",
            "label": "",
            "position": "1113229",
            "replay": "real-time"
        },
        {
            "change_type": "",
            "gameTime": "2 - 18:39",
            "label": "",
            "link": "",
            "position": "1119753",
            "replay": "replay"
        },
        {
            "change_type": "",
            "gameTime": "2 - 19:12",
            "label": "",
            "position": "1152862",
            "replay": "real-time"
        },
        {
            "change_type": "",
            "gameTime": "2 - 19:24",
            "label": "",
            "link": "",
            "position": "1164977",
            "replay": "replay"
        },
        {
            "change_type": "",
            "gameTime": "2 - 20:00",
            "label": "",
            "position": "1200996",
            "replay": "real-time"
        },
        {
            "change_type": "",
            "gameTime": "2 - 20:12",
            "label": "",
            "link": "",
            "position": "1212719",
            "replay": "replay"
        },
        {
            "change_type": "",
            "gameTime": "2 - 20:21",
            "label": "",
            "link": "",
            "position": "1221655",
            "replay": "replay"
        },
        {
            "change_type": "",
            "gameTime": "2 - 20:30",
            "label": "",
            "link": "",
            "position": "1230714",
            "replay": "replay"
        },
        {
            "change_type": "",
            "gameTime": "2 - 20:41",
            "label": "",
            "position": "1241795",
            "replay": "other"
        },
        {
            "change_type": "",
            "gameTime": "2 - 23:04",
            "label": "",
            "position": "1384488",
            "replay": "real-time"
        },
        {
            "change_type": "",
            "gameTime": "2 - 23:10",
            "label": "",
            "link": "",
            "position": "1390656",
            "replay": "replay"
        },
        {
            "change_type": "",
            "gameTime": "2 - 26:48",
            "label": "",
            "position": "1608868",
            "replay": "real-time"
        },
        {
            "change_type": "",
            "gameTime": "2 - 26:56",
            "label": "",
            "link": "",
            "position": "1616828",
            "replay": "replay"
        },
        {
            "change_type": "",
            "gameTime": "2 - 28:07",
            "label": "",
            "position": "1687170",
            "replay": "real-time"
        },
        {
            "change_type": "",
            "gameTime": "2 - 28:13",
            "label": "",
            "link": "",
            "position": "1693735",
            "replay": "replay"
        },
        {
            "change_type": "",
            "gameTime": "2 - 29:06",
            "label": "",
            "position": "1746707",
            "replay": "real-time"
        },
        {
            "change_type": "",
            "gameTime": "2 - 29:12",
            "label": "",
            "link": "",
            "position": "1752587",
            "replay": "replay"
        },
        {
            "change_type": "",
            "gameTime": "2 - 31:31",
            "label": "",
            "position": "1891258",
            "replay": "real-time"
        },
        {
            "change_type": "",
            "gameTime": "2 - 31:37",
            "label": "",
            "link": "",
            "position": "1897068",
            "replay": "replay"
        },
        {
            "change_type": "",
            "gameTime": "2 - 33:07",
            "label": "",
            "position": "1987147",
            "replay": "real-time"
        },
        {
            "change_type": "",
            "gameTime": "2 - 33:18",
            "label": "",
            "link": "",
            "position": "1998757",
            "replay": "replay"
        },
        {
            "change_type": "",
            "gameTime": "2 - 37:45",
            "label": "",
            "position": "2265797",
            "replay": "real-time"
        },
        {
            "change_type": "",
            "gameTime": "2 - 37:51",
            "label": "",
            "link": "",
            "position": "2271277",
            "replay": "replay"
        },
        {
            "change_type": "",
            "gameTime": "2 - 38:50",
            "label": "",
            "position": "2330870",
            "replay": "real-time"
        },
        {
            "change_type": "",
            "gameTime": "2 - 39:00",
            "label": "",
            "link": "",
            "position": "2340830",
            "replay": "replay"
        },
        {
            "change_type": "",
            "gameTime": "2 - 39:06",
            "label": "",
            "link": "",
            "position": "2346790",
            "replay": "replay"
        },
        {
            "change_type": "",
            "gameTime": "2 - 39:16",
            "label": "",
            "link": "",
            "position": "2356030",
            "replay": "replay"
        },
        {
            "change_type": "",
            "gameTime": "2 - 39:56",
            "label": "",
            "position": "2396336",
            "replay": "real-time"
        },
        {
            "change_type": "",
            "gameTime": "2 - 39:56",
            "label": "",
            "position": "2396409",
            "replay": "real-time"
        },
        {
            "change_type": "",
            "gameTime": "2 - 40:05",
            "label": "",
            "link": "",
            "position": "2405369",
            "replay": "replay"
        },
        {
            "change_type": "",
            "gameTime": "2 - 40:44",
            "label": "",
            "position": "2444249",
            "replay": "real-time"
        },
        {
            "change_type": "",
            "gameTime": "2 - 40:54",
            "label": "",
            "link": "",
            "position": "2454283",
            "replay": "replay"
        },
        {
            "change_type": "",
            "gameTime": "2 - 42:49",
            "label": "",
            "position": "2569557",
            "replay": "real-time"
        },
        {
            "change_type": "",
            "gameTime": "2 - 42:56",
            "label": "",
            "link": "",
            "position": "2576743",
            "replay": "replay"
        },
        {
            "change_type": "",
            "gameTime": "2 - 43:03",
            "label": "",
            "link": "",
            "position": "2583650",
            "replay": "replay"
        },
        {
            "change_type": "",
            "gameTime": "2 - 44:34",
            "label": "",
            "position": "2674721",
            "replay": "real-time"
        },
        {
            "change_type": "",
            "gameTime": "2 - 44:43",
            "label": "",
            "link": "",
            "position": "2683041",
            "replay": "replay"
        },
        {
            "change_type": "",
            "gameTime": "2 - 45:39",
            "label": "",
            "position": "2739086",
            "replay": "real-time"
        },
        {
            "change_type": "",
            "gameTime": "2 - 45:45",
            "label": "",
            "position": "2745012",
            "replay": "other"
        },
        {
            "change_type": "",
            "gameTime": "2 - 45:54",
            "label": "",
            "position": "2754412",
            "replay": "other"
        },
        {
            "change_type": "",
            "gameTime": "2 - 45:58",
            "label": "",
            "link": "",
            "position": "2758620",
            "replay": "replay"
        },
        {
            "change_type": "",
            "gameTime": "2 - 46:10",
            "label": "",
            "link": "",
            "position": "2770165",
            "replay": "replay"
        },
        {
            "change_type": "",
            "gameTime": "2 - 47:01",
            "label": "",
            "position": "2821290",
            "replay": "real-time"
        },
        {
            "change_type": "",
            "gameTime": "2 - 47:07",
            "label": "",
            "link": "",
            "position": "2827010",
            "replay": "replay"
        },
        {
            "change_type": "",
            "gameTime": "2 - 47:12",
            "label": "",
            "link": "",
            "position": "2832610",
            "replay": "replay"
        },
        {
            "change_type": "",
            "gameTime": "2 - 49:56",
            "label": "",
            "position": "2996757",
            "replay": "real-time"
        },
        {
            "change_type": "",
            "gameTime": "2 - 50:03",
            "label": "",
            "position": "3003020",
            "replay": "other"
        },
        {
            "change_type": "",
            "gameTime": "2 - 50:12",
            "label": "",
            "link": "",
            "position": "3012120",
            "replay": "replay"
        },
        {
            "change_type": "",
            "gameTime": "2 - 50:26",
            "label": "",
            "link": "",
            "position": "3026648",
            "replay": "replay"
        }
    ],
    "gameAwayTeam": "Bayern",
    "gameDate": "2017-05-13 - 18-00",
    "gameHomeTeam": "Leipzig",
    "gameScore": "4 - 5"
}