{
    "UrlLocal": "spain_laliga/2019-2020/2019-09-14 - 18-00 Barcelona 5 - 2 Valencia",
    "predictions": [
        {
            "gameTime": "1 - 0:0",
            "label": "Kick-off",
            "position": "0",
            "half": "1",
            "confidence": "0.9865102171897888"
        },
        {
            "gameTime": "1 - 0:10",
            "label": "Kick-off",
            "position": "10000",
            "half": "1",
            "confidence": "0.9631375074386597"
        },
        {
            "gameTime": "1 - 7:34",
            "label": "Kick-off",
            "position": "454500",
            "half": "1",
            "confidence": "0.9579720497131348"
        },
        {
            "gameTime": "1 - 2:59",
            "label": "Kick-off",
            "position": "179000",
            "half": "1",
            "confidence": "0.9517822265625"
        },
        {
            "gameTime": "1 - 45:18",
            "label": "Kick-off",
            "position": "2718000",
            "half": "1",
            "confidence": "0.7973095774650574"
        },
        {
            "gameTime": "1 - 28:9",
            "label": "Kick-off",
            "position": "1689000",
            "half": "1",
            "confidence": "0.6792067885398865"
        },
        {
            "gameTime": "1 - 28:57",
            "label": "Kick-off",
            "position": "1737000",
            "half": "1",
            "confidence": "0.6392784714698792"
        },
        {
            "gameTime": "1 - 36:44",
            "label": "Kick-off",
            "position": "2204000",
            "half": "1",
            "confidence": "0.6116880774497986"
        },
        {
            "gameTime": "1 - 45:32",
            "label": "Kick-off",
            "position": "2732000",
            "half": "1",
            "confidence": "0.6056010723114014"
        },
        {
            "gameTime": "1 - 29:10",
            "label": "Kick-off",
            "position": "1750000",
            "half": "1",
            "confidence": "0.5919522047042847"
        },
        {
            "gameTime": "1 - 7:58",
            "label": "Kick-off",
            "position": "478000",
            "half": "1",
            "confidence": "0.5711230635643005"
        },
        {
            "gameTime": "1 - 2:48",
            "label": "Kick-off",
            "position": "168000",
            "half": "1",
            "confidence": "0.5474778413772583"
        },
        {
            "gameTime": "1 - 0:20",
            "label": "Kick-off",
            "position": "20000",
            "half": "1",
            "confidence": "0.5452510118484497"
        },
        {
            "gameTime": "1 - 21:18",
            "label": "Kick-off",
            "position": "1278000",
            "half": "1",
            "confidence": "0.5224424600601196"
        },
        {
            "gameTime": "1 - 6:23",
            "label": "Goal",
            "position": "383500",
            "half": "1",
            "confidence": "0.9639437794685364"
        },
        {
            "gameTime": "1 - 1:59",
            "label": "Goal",
            "position": "119500",
            "half": "1",
            "confidence": "0.8024956583976746"
        },
        {
            "gameTime": "1 - 34:31",
            "label": "Substitution",
            "position": "2071500",
            "half": "1",
            "confidence": "0.6285231113433838"
        },
        {
            "gameTime": "1 - 26:45",
            "label": "Offside",
            "position": "1605500",
            "half": "1",
            "confidence": "0.5804721713066101"
        },
        {
            "gameTime": "1 - 6:24",
            "label": "Shots on target",
            "position": "384500",
            "half": "1",
            "confidence": "0.6275416612625122"
        },
        {
            "gameTime": "1 - 1:53",
            "label": "Shots on target",
            "position": "113000",
            "half": "1",
            "confidence": "0.5946782231330872"
        },
        {
            "gameTime": "1 - 18:2",
            "label": "Shots on target",
            "position": "1082000",
            "half": "1",
            "confidence": "0.512487530708313"
        },
        {
            "gameTime": "1 - 32:40",
            "label": "Shots off target",
            "position": "1960000",
            "half": "1",
            "confidence": "0.6670446395874023"
        },
        {
            "gameTime": "1 - 44:53",
            "label": "Shots off target",
            "position": "2693500",
            "half": "1",
            "confidence": "0.5558494925498962"
        },
        {
            "gameTime": "1 - 6:10",
            "label": "Shots off target",
            "position": "370500",
            "half": "1",
            "confidence": "0.5377776622772217"
        },
        {
            "gameTime": "1 - 37:42",
            "label": "Clearance",
            "position": "2262000",
            "half": "1",
            "confidence": "0.7332339882850647"
        },
        {
            "gameTime": "1 - 3:35",
            "label": "Clearance",
            "position": "215000",
            "half": "1",
            "confidence": "0.6613632440567017"
        },
        {
            "gameTime": "1 - 25:17",
            "label": "Clearance",
            "position": "1517500",
            "half": "1",
            "confidence": "0.6432701349258423"
        },
        {
            "gameTime": "1 - 5:50",
            "label": "Clearance",
            "position": "350500",
            "half": "1",
            "confidence": "0.6135895252227783"
        },
        {
            "gameTime": "1 - 3:45",
            "label": "Clearance",
            "position": "225000",
            "half": "1",
            "confidence": "0.6082339286804199"
        },
        {
            "gameTime": "1 - 17:11",
            "label": "Clearance",
            "position": "1031000",
            "half": "1",
            "confidence": "0.5620242953300476"
        },
        {
            "gameTime": "1 - 33:28",
            "label": "Clearance",
            "position": "2008500",
            "half": "1",
            "confidence": "0.548215925693512"
        },
        {
            "gameTime": "1 - 10:46",
            "label": "Clearance",
            "position": "646000",
            "half": "1",
            "confidence": "0.5143367648124695"
        },
        {
            "gameTime": "1 - 39:52",
            "label": "Ball out of play",
            "position": "2392000",
            "half": "1",
            "confidence": "0.8557609915733337"
        },
        {
            "gameTime": "1 - 40:30",
            "label": "Ball out of play",
            "position": "2430500",
            "half": "1",
            "confidence": "0.8476802110671997"
        },
        {
            "gameTime": "1 - 15:39",
            "label": "Ball out of play",
            "position": "939500",
            "half": "1",
            "confidence": "0.8393454551696777"
        },
        {
            "gameTime": "1 - 40:2",
            "label": "Ball out of play",
            "position": "2402000",
            "half": "1",
            "confidence": "0.805650532245636"
        },
        {
            "gameTime": "1 - 6:13",
            "label": "Ball out of play",
            "position": "373500",
            "half": "1",
            "confidence": "0.7481793165206909"
        },
        {
            "gameTime": "1 - 40:40",
            "label": "Ball out of play",
            "position": "2440500",
            "half": "1",
            "confidence": "0.5873426198959351"
        },
        {
            "gameTime": "1 - 32:41",
            "label": "Ball out of play",
            "position": "1961500",
            "half": "1",
            "confidence": "0.5553514957427979"
        },
        {
            "gameTime": "1 - 45:3",
            "label": "Ball out of play",
            "position": "2703000",
            "half": "1",
            "confidence": "0.5468724370002747"
        },
        {
            "gameTime": "1 - 17:31",
            "label": "Throw-in",
            "position": "1051500",
            "half": "1",
            "confidence": "0.5747360587120056"
        },
        {
            "gameTime": "1 - 37:9",
            "label": "Throw-in",
            "position": "2229500",
            "half": "1",
            "confidence": "0.5399521589279175"
        },
        {
            "gameTime": "1 - 29:55",
            "label": "Foul",
            "position": "1795500",
            "half": "1",
            "confidence": "0.6665992736816406"
        },
        {
            "gameTime": "1 - 10:21",
            "label": "Foul",
            "position": "621000",
            "half": "1",
            "confidence": "0.5601621270179749"
        },
        {
            "gameTime": "1 - 10:47",
            "label": "Indirect free-kick",
            "position": "647500",
            "half": "1",
            "confidence": "0.5415395498275757"
        },
        {
            "gameTime": "1 - 41:43",
            "label": "Direct free-kick",
            "position": "2503000",
            "half": "1",
            "confidence": "0.8502848744392395"
        },
        {
            "gameTime": "1 - 10:4",
            "label": "Direct free-kick",
            "position": "604000",
            "half": "1",
            "confidence": "0.6349243521690369"
        },
        {
            "gameTime": "1 - 40:57",
            "label": "Corner",
            "position": "2457000",
            "half": "1",
            "confidence": "0.9988418221473694"
        },
        {
            "gameTime": "1 - 41:7",
            "label": "Corner",
            "position": "2467500",
            "half": "1",
            "confidence": "0.9965788722038269"
        },
        {
            "gameTime": "1 - 40:42",
            "label": "Corner",
            "position": "2442500",
            "half": "1",
            "confidence": "0.9651605486869812"
        },
        {
            "gameTime": "1 - 16:4",
            "label": "Corner",
            "position": "964500",
            "half": "1",
            "confidence": "0.8970916271209717"
        },
        {
            "gameTime": "1 - 40:31",
            "label": "Corner",
            "position": "2431000",
            "half": "1",
            "confidence": "0.8868246078491211"
        },
        {
            "gameTime": "1 - 41:49",
            "label": "Corner",
            "position": "2509500",
            "half": "1",
            "confidence": "0.8531784415245056"
        },
        {
            "gameTime": "1 - 10:9",
            "label": "Corner",
            "position": "609000",
            "half": "1",
            "confidence": "0.8324607014656067"
        },
        {
            "gameTime": "1 - 30:10",
            "label": "Yellow card",
            "position": "1810500",
            "half": "1",
            "confidence": "0.9930545687675476"
        },
        {
            "gameTime": "1 - 29:54",
            "label": "Yellow card",
            "position": "1794000",
            "half": "1",
            "confidence": "0.9680179357528687"
        },
        {
            "gameTime": "1 - 26:59",
            "label": "Yellow card",
            "position": "1619000",
            "half": "1",
            "confidence": "0.6903573274612427"
        },
        {
            "gameTime": "2 - 7:23",
            "label": "Kick-off",
            "position": "443500",
            "half": "2",
            "confidence": "0.9855932593345642"
        },
        {
            "gameTime": "2 - 0:10",
            "label": "Kick-off",
            "position": "10500",
            "half": "2",
            "confidence": "0.9850207567214966"
        },
        {
            "gameTime": "2 - 0:0",
            "label": "Kick-off",
            "position": "0",
            "half": "2",
            "confidence": "0.982624351978302"
        },
        {
            "gameTime": "2 - 10:15",
            "label": "Kick-off",
            "position": "615500",
            "half": "2",
            "confidence": "0.9632525444030762"
        },
        {
            "gameTime": "2 - 31:8",
            "label": "Kick-off",
            "position": "1868000",
            "half": "2",
            "confidence": "0.8677302598953247"
        },
        {
            "gameTime": "2 - 16:56",
            "label": "Kick-off",
            "position": "1016000",
            "half": "2",
            "confidence": "0.8515456914901733"
        },
        {
            "gameTime": "2 - 27:42",
            "label": "Kick-off",
            "position": "1662500",
            "half": "2",
            "confidence": "0.8447653651237488"
        },
        {
            "gameTime": "2 - 17:6",
            "label": "Kick-off",
            "position": "1026000",
            "half": "2",
            "confidence": "0.7974824905395508"
        },
        {
            "gameTime": "2 - 27:32",
            "label": "Kick-off",
            "position": "1652000",
            "half": "2",
            "confidence": "0.7951989769935608"
        },
        {
            "gameTime": "2 - 6:50",
            "label": "Kick-off",
            "position": "410500",
            "half": "2",
            "confidence": "0.7634085416793823"
        },
        {
            "gameTime": "2 - 10:25",
            "label": "Kick-off",
            "position": "625500",
            "half": "2",
            "confidence": "0.7610235810279846"
        },
        {
            "gameTime": "2 - 37:56",
            "label": "Kick-off",
            "position": "2276000",
            "half": "2",
            "confidence": "0.6044564247131348"
        },
        {
            "gameTime": "2 - 11:19",
            "label": "Kick-off",
            "position": "679500",
            "half": "2",
            "confidence": "0.5978081822395325"
        },
        {
            "gameTime": "2 - 30:57",
            "label": "Kick-off",
            "position": "1857500",
            "half": "2",
            "confidence": "0.5752365589141846"
        },
        {
            "gameTime": "2 - 44:4",
            "label": "Kick-off",
            "position": "2644000",
            "half": "2",
            "confidence": "0.5551177263259888"
        },
        {
            "gameTime": "2 - 38:49",
            "label": "Kick-off",
            "position": "2329500",
            "half": "2",
            "confidence": "0.5430266857147217"
        },
        {
            "gameTime": "2 - 7:8",
            "label": "Kick-off",
            "position": "428000",
            "half": "2",
            "confidence": "0.5200746059417725"
        },
        {
            "gameTime": "2 - 6:2",
            "label": "Goal",
            "position": "362500",
            "half": "2",
            "confidence": "0.881523609161377"
        },
        {
            "gameTime": "2 - 36:42",
            "label": "Goal",
            "position": "2202000",
            "half": "2",
            "confidence": "0.8710901737213135"
        },
        {
            "gameTime": "2 - 36:30",
            "label": "Goal",
            "position": "2190500",
            "half": "2",
            "confidence": "0.7252928614616394"
        },
        {
            "gameTime": "2 - 24:36",
            "label": "Substitution",
            "position": "1476000",
            "half": "2",
            "confidence": "0.8773673176765442"
        },
        {
            "gameTime": "2 - 26:44",
            "label": "Substitution",
            "position": "1604500",
            "half": "2",
            "confidence": "0.830714225769043"
        },
        {
            "gameTime": "2 - 26:56",
            "label": "Substitution",
            "position": "1616000",
            "half": "2",
            "confidence": "0.6348165273666382"
        },
        {
            "gameTime": "2 - 24:46",
            "label": "Substitution",
            "position": "1486000",
            "half": "2",
            "confidence": "0.5699924826622009"
        },
        {
            "gameTime": "2 - 21:59",
            "label": "Substitution",
            "position": "1319000",
            "half": "2",
            "confidence": "0.5540727376937866"
        },
        {
            "gameTime": "2 - 14:39",
            "label": "Substitution",
            "position": "879500",
            "half": "2",
            "confidence": "0.5175843238830566"
        },
        {
            "gameTime": "2 - 36:30",
            "label": "Shots on target",
            "position": "2190500",
            "half": "2",
            "confidence": "0.7148875594139099"
        },
        {
            "gameTime": "2 - 6:3",
            "label": "Shots on target",
            "position": "363500",
            "half": "2",
            "confidence": "0.7134501338005066"
        },
        {
            "gameTime": "2 - 1:0",
            "label": "Shots off target",
            "position": "60500",
            "half": "2",
            "confidence": "0.8890368938446045"
        },
        {
            "gameTime": "2 - 43:48",
            "label": "Shots off target",
            "position": "2628500",
            "half": "2",
            "confidence": "0.6652904152870178"
        },
        {
            "gameTime": "2 - 21:52",
            "label": "Clearance",
            "position": "1312500",
            "half": "2",
            "confidence": "0.6445780992507935"
        },
        {
            "gameTime": "2 - 29:1",
            "label": "Clearance",
            "position": "1741500",
            "half": "2",
            "confidence": "0.6426650285720825"
        },
        {
            "gameTime": "2 - 29:48",
            "label": "Ball out of play",
            "position": "1788500",
            "half": "2",
            "confidence": "0.7683449983596802"
        },
        {
            "gameTime": "2 - 43:50",
            "label": "Ball out of play",
            "position": "2630500",
            "half": "2",
            "confidence": "0.7512317299842834"
        },
        {
            "gameTime": "2 - 5:59",
            "label": "Ball out of play",
            "position": "359000",
            "half": "2",
            "confidence": "0.685834527015686"
        },
        {
            "gameTime": "2 - 13:35",
            "label": "Ball out of play",
            "position": "815500",
            "half": "2",
            "confidence": "0.683689296245575"
        },
        {
            "gameTime": "2 - 43:39",
            "label": "Ball out of play",
            "position": "2619000",
            "half": "2",
            "confidence": "0.6713451743125916"
        },
        {
            "gameTime": "2 - 8:57",
            "label": "Ball out of play",
            "position": "537000",
            "half": "2",
            "confidence": "0.6628735661506653"
        },
        {
            "gameTime": "2 - 0:57",
            "label": "Ball out of play",
            "position": "57500",
            "half": "2",
            "confidence": "0.6285675764083862"
        },
        {
            "gameTime": "2 - 12:0",
            "label": "Ball out of play",
            "position": "720000",
            "half": "2",
            "confidence": "0.6128194332122803"
        },
        {
            "gameTime": "2 - 35:41",
            "label": "Ball out of play",
            "position": "2141000",
            "half": "2",
            "confidence": "0.6004768013954163"
        },
        {
            "gameTime": "2 - 5:15",
            "label": "Ball out of play",
            "position": "315000",
            "half": "2",
            "confidence": "0.5827010869979858"
        },
        {
            "gameTime": "2 - 20:16",
            "label": "Ball out of play",
            "position": "1216000",
            "half": "2",
            "confidence": "0.5355035662651062"
        },
        {
            "gameTime": "2 - 44:36",
            "label": "Ball out of play",
            "position": "2676500",
            "half": "2",
            "confidence": "0.523604691028595"
        },
        {
            "gameTime": "2 - 44:48",
            "label": "Ball out of play",
            "position": "2688000",
            "half": "2",
            "confidence": "0.506394624710083"
        },
        {
            "gameTime": "2 - 33:51",
            "label": "Ball out of play",
            "position": "2031000",
            "half": "2",
            "confidence": "0.5038758516311646"
        },
        {
            "gameTime": "2 - 5:4",
            "label": "Ball out of play",
            "position": "304500",
            "half": "2",
            "confidence": "0.5010863542556763"
        },
        {
            "gameTime": "2 - 29:54",
            "label": "Throw-in",
            "position": "1794500",
            "half": "2",
            "confidence": "0.79353928565979"
        },
        {
            "gameTime": "2 - 44:48",
            "label": "Throw-in",
            "position": "2688000",
            "half": "2",
            "confidence": "0.7548545002937317"
        },
        {
            "gameTime": "2 - 30:13",
            "label": "Throw-in",
            "position": "1813000",
            "half": "2",
            "confidence": "0.6662290692329407"
        },
        {
            "gameTime": "2 - 13:48",
            "label": "Throw-in",
            "position": "828000",
            "half": "2",
            "confidence": "0.6592150926589966"
        },
        {
            "gameTime": "2 - 44:58",
            "label": "Throw-in",
            "position": "2698000",
            "half": "2",
            "confidence": "0.6365928649902344"
        },
        {
            "gameTime": "2 - 13:34",
            "label": "Throw-in",
            "position": "814500",
            "half": "2",
            "confidence": "0.602418065071106"
        },
        {
            "gameTime": "2 - 9:4",
            "label": "Throw-in",
            "position": "544500",
            "half": "2",
            "confidence": "0.5510618686676025"
        },
        {
            "gameTime": "2 - 28:2",
            "label": "Foul",
            "position": "1682000",
            "half": "2",
            "confidence": "0.7539951205253601"
        },
        {
            "gameTime": "2 - 23:22",
            "label": "Foul",
            "position": "1402000",
            "half": "2",
            "confidence": "0.7179271578788757"
        },
        {
            "gameTime": "2 - 32:44",
            "label": "Foul",
            "position": "1964000",
            "half": "2",
            "confidence": "0.6890559792518616"
        },
        {
            "gameTime": "2 - 28:12",
            "label": "Foul",
            "position": "1692500",
            "half": "2",
            "confidence": "0.5599984526634216"
        },
        {
            "gameTime": "2 - 7:58",
            "label": "Foul",
            "position": "478000",
            "half": "2",
            "confidence": "0.5096936821937561"
        },
        {
            "gameTime": "2 - 5:30",
            "label": "Corner",
            "position": "330000",
            "half": "2",
            "confidence": "0.9979825019836426"
        },
        {
            "gameTime": "2 - 5:18",
            "label": "Corner",
            "position": "318500",
            "half": "2",
            "confidence": "0.9630470871925354"
        },
        {
            "gameTime": "2 - 29:26",
            "label": "Corner",
            "position": "1766500",
            "half": "2",
            "confidence": "0.8408803343772888"
        },
        {
            "gameTime": "2 - 23:37",
            "label": "Yellow card",
            "position": "1417000",
            "half": "2",
            "confidence": "0.9422985315322876"
        },
        {
            "gameTime": "2 - 32:52",
            "label": "Yellow card",
            "position": "1972500",
            "half": "2",
            "confidence": "0.9328503012657166"
        },
        {
            "gameTime": "2 - 23:22",
            "label": "Yellow card",
            "position": "1402000",
            "half": "2",
            "confidence": "0.8327268362045288"
        },
        {
            "gameTime": "2 - 32:42",
            "label": "Yellow card",
            "position": "1962000",
            "half": "2",
            "confidence": "0.7849907875061035"
        },
        {
            "gameTime": "2 - 8:10",
            "label": "Yellow card",
            "position": "490500",
            "half": "2",
            "confidence": "0.6352515816688538"
        }
    ]
}