{
    "UrlLocal": "spain_laliga/2019-2020/2019-12-15 - 18-00 Valencia 1 - 1 Real Madrid",
    "predictions": [
        {
            "gameTime": "1 - 36:54",
            "label": "card",
            "position": "2214000",
            "half": "1",
            "confidence": "0.9537983536720276"
        },
        {
            "gameTime": "1 - 37:4",
            "label": "card",
            "position": "2224000",
            "half": "1",
            "confidence": "0.9246706962585449"
        },
        {
            "gameTime": "1 - 26:31",
            "label": "soccer",
            "position": "1591500",
            "half": "1",
            "confidence": "0.695306122303009"
        },
        {
            "gameTime": "2 - 44:48",
            "label": "card",
            "position": "2688000",
            "half": "2",
            "confidence": "0.9303090572357178"
        },
        {
            "gameTime": "2 - 44:59",
            "label": "card",
            "position": "2699500",
            "half": "2",
            "confidence": "0.9229556322097778"
        },
        {
            "gameTime": "2 - 45:25",
            "label": "card",
            "position": "2725500",
            "half": "2",
            "confidence": "0.8573948740959167"
        },
        {
            "gameTime": "2 - 45:41",
            "label": "card",
            "position": "2741000",
            "half": "2",
            "confidence": "0.8561950922012329"
        },
        {
            "gameTime": "2 - 46:15",
            "label": "card",
            "position": "2775000",
            "half": "2",
            "confidence": "0.7750521302223206"
        },
        {
            "gameTime": "2 - 46:25",
            "label": "card",
            "position": "2785000",
            "half": "2",
            "confidence": "0.6544591784477234"
        },
        {
            "gameTime": "2 - 45:51",
            "label": "card",
            "position": "2751000",
            "half": "2",
            "confidence": "0.65340256690979"
        },
        {
            "gameTime": "2 - 23:25",
            "label": "subs",
            "position": "1405500",
            "half": "2",
            "confidence": "0.778867781162262"
        },
        {
            "gameTime": "2 - 12:53",
            "label": "subs",
            "position": "773000",
            "half": "2",
            "confidence": "0.7060971856117249"
        },
        {
            "gameTime": "2 - 13:3",
            "label": "subs",
            "position": "783500",
            "half": "2",
            "confidence": "0.565843939781189"
        },
        {
            "gameTime": "2 - 44:16",
            "label": "subs",
            "position": "2656500",
            "half": "2",
            "confidence": "0.5104647874832153"
        },
        {
            "gameTime": "2 - 32:37",
            "label": "soccer",
            "position": "1957000",
            "half": "2",
            "confidence": "0.9572817087173462"
        },
        {
            "gameTime": "2 - 49:31",
            "label": "soccer",
            "position": "2971000",
            "half": "2",
            "confidence": "0.9117613434791565"
        },
        {
            "gameTime": "2 - 47:43",
            "label": "soccer",
            "position": "2863500",
            "half": "2",
            "confidence": "0.7875246405601501"
        }
    ]
}