{
    "UrlLocal": "germany_bundesliga/2015-2016/2015-11-08 - 17-30 Dortmund 3 - 2 Schalke",
    "predictions": [
        {
            "gameTime": "1 - 16:15",
            "label": "card",
            "position": "975500",
            "half": "1",
            "confidence": "0.5939974188804626"
        },
        {
            "gameTime": "1 - 21:18",
            "label": "card",
            "position": "1278000",
            "half": "1",
            "confidence": "0.5772401094436646"
        },
        {
            "gameTime": "1 - 16:3",
            "label": "card",
            "position": "963500",
            "half": "1",
            "confidence": "0.5721654295921326"
        },
        {
            "gameTime": "1 - 44:32",
            "label": "subs",
            "position": "2672500",
            "half": "1",
            "confidence": "0.5864620208740234"
        },
        {
            "gameTime": "1 - 29:44",
            "label": "soccer",
            "position": "1784000",
            "half": "1",
            "confidence": "0.9708297848701477"
        },
        {
            "gameTime": "1 - 32:11",
            "label": "soccer",
            "position": "1931500",
            "half": "1",
            "confidence": "0.9524703025817871"
        },
        {
            "gameTime": "1 - 42:41",
            "label": "soccer",
            "position": "2561000",
            "half": "1",
            "confidence": "0.8193694949150085"
        },
        {
            "gameTime": "1 - 29:32",
            "label": "soccer",
            "position": "1772500",
            "half": "1",
            "confidence": "0.7953557968139648"
        },
        {
            "gameTime": "2 - 36:26",
            "label": "card",
            "position": "2186000",
            "half": "2",
            "confidence": "0.9697559475898743"
        },
        {
            "gameTime": "2 - 36:15",
            "label": "card",
            "position": "2175500",
            "half": "2",
            "confidence": "0.9272187352180481"
        },
        {
            "gameTime": "2 - 45:8",
            "label": "card",
            "position": "2708000",
            "half": "2",
            "confidence": "0.7782175540924072"
        },
        {
            "gameTime": "2 - 44:57",
            "label": "card",
            "position": "2697500",
            "half": "2",
            "confidence": "0.6463148593902588"
        },
        {
            "gameTime": "2 - 3:6",
            "label": "card",
            "position": "186000",
            "half": "2",
            "confidence": "0.5522825717926025"
        },
        {
            "gameTime": "2 - 27:26",
            "label": "card",
            "position": "1646000",
            "half": "2",
            "confidence": "0.5052036643028259"
        },
        {
            "gameTime": "2 - 10:1",
            "label": "subs",
            "position": "601500",
            "half": "2",
            "confidence": "0.9731801748275757"
        },
        {
            "gameTime": "2 - 10:11",
            "label": "subs",
            "position": "611500",
            "half": "2",
            "confidence": "0.9619563817977905"
        },
        {
            "gameTime": "2 - 9:51",
            "label": "subs",
            "position": "591000",
            "half": "2",
            "confidence": "0.9030303955078125"
        },
        {
            "gameTime": "2 - 41:4",
            "label": "subs",
            "position": "2464000",
            "half": "2",
            "confidence": "0.8661400675773621"
        },
        {
            "gameTime": "2 - 1:59",
            "label": "soccer",
            "position": "119000",
            "half": "2",
            "confidence": "0.9419726133346558"
        },
        {
            "gameTime": "2 - 25:20",
            "label": "soccer",
            "position": "1520500",
            "half": "2",
            "confidence": "0.609563946723938"
        }
    ]
}