{
    "UrlLocal": "italy_serie-a/2016-2017/2016-09-11 - 16-00 AC Milan 0 - 1 Udinese",
    "predictions": [
        {
            "gameTime": "1 - 33:11",
            "label": "card",
            "position": "1991000",
            "half": "1",
            "confidence": "0.7816194295883179"
        },
        {
            "gameTime": "1 - 33:16",
            "label": "subs",
            "position": "1996500",
            "half": "1",
            "confidence": "0.6673253178596497"
        },
        {
            "gameTime": "1 - 40:1",
            "label": "subs",
            "position": "2401000",
            "half": "1",
            "confidence": "0.613010585308075"
        },
        {
            "gameTime": "1 - 27:21",
            "label": "subs",
            "position": "1641500",
            "half": "1",
            "confidence": "0.5944945216178894"
        },
        {
            "gameTime": "1 - 29:28",
            "label": "soccer",
            "position": "1768000",
            "half": "1",
            "confidence": "0.6148339509963989"
        },
        {
            "gameTime": "1 - 30:11",
            "label": "soccer",
            "position": "1811000",
            "half": "1",
            "confidence": "0.5692651271820068"
        },
        {
            "gameTime": "1 - 28:35",
            "label": "soccer",
            "position": "1715500",
            "half": "1",
            "confidence": "0.5003044009208679"
        },
        {
            "gameTime": "2 - 16:59",
            "label": "card",
            "position": "1019500",
            "half": "2",
            "confidence": "0.7161416411399841"
        },
        {
            "gameTime": "2 - 48:53",
            "label": "card",
            "position": "2933500",
            "half": "2",
            "confidence": "0.6409716010093689"
        },
        {
            "gameTime": "2 - 43:34",
            "label": "subs",
            "position": "2614500",
            "half": "2",
            "confidence": "0.927329957485199"
        },
        {
            "gameTime": "2 - 40:17",
            "label": "subs",
            "position": "2417500",
            "half": "2",
            "confidence": "0.9252339601516724"
        },
        {
            "gameTime": "2 - 33:40",
            "label": "subs",
            "position": "2020000",
            "half": "2",
            "confidence": "0.8501412272453308"
        },
        {
            "gameTime": "2 - 40:7",
            "label": "subs",
            "position": "2407000",
            "half": "2",
            "confidence": "0.8106242418289185"
        },
        {
            "gameTime": "2 - 35:20",
            "label": "subs",
            "position": "2120000",
            "half": "2",
            "confidence": "0.7242388129234314"
        },
        {
            "gameTime": "2 - 28:10",
            "label": "subs",
            "position": "1690000",
            "half": "2",
            "confidence": "0.7031140327453613"
        },
        {
            "gameTime": "2 - 33:29",
            "label": "subs",
            "position": "2009000",
            "half": "2",
            "confidence": "0.6822190284729004"
        },
        {
            "gameTime": "2 - 15:15",
            "label": "subs",
            "position": "915500",
            "half": "2",
            "confidence": "0.6798847913742065"
        },
        {
            "gameTime": "2 - 32:7",
            "label": "subs",
            "position": "1927500",
            "half": "2",
            "confidence": "0.5871575474739075"
        },
        {
            "gameTime": "2 - 49:34",
            "label": "soccer",
            "position": "2974000",
            "half": "2",
            "confidence": "0.7725104689598083"
        },
        {
            "gameTime": "2 - 42:28",
            "label": "soccer",
            "position": "2548000",
            "half": "2",
            "confidence": "0.6821521520614624"
        },
        {
            "gameTime": "2 - 48:1",
            "label": "soccer",
            "position": "2881500",
            "half": "2",
            "confidence": "0.5621141195297241"
        }
    ]
}