{
    "UrlLocal": "europe_uefa-champions-league/2016-2017/2017-03-07 - 18-00 Arsenal 1 - 5 Bayern",
    "predictions": [
        {
            "gameTime": "1 - 46:48",
            "label": "subs",
            "position": "2808500",
            "half": "1",
            "confidence": "0.5915939211845398"
        },
        {
            "gameTime": "1 - 23:3",
            "label": "soccer",
            "position": "1383500",
            "half": "1",
            "confidence": "0.7414262890815735"
        },
        {
            "gameTime": "1 - 19:45",
            "label": "soccer",
            "position": "1185500",
            "half": "1",
            "confidence": "0.658333420753479"
        },
        {
            "gameTime": "2 - 25:24",
            "label": "card",
            "position": "1524500",
            "half": "2",
            "confidence": "0.9481633901596069"
        },
        {
            "gameTime": "2 - 7:37",
            "label": "card",
            "position": "457000",
            "half": "2",
            "confidence": "0.9201326370239258"
        },
        {
            "gameTime": "2 - 25:14",
            "label": "card",
            "position": "1514000",
            "half": "2",
            "confidence": "0.919761061668396"
        },
        {
            "gameTime": "2 - 7:26",
            "label": "card",
            "position": "446500",
            "half": "2",
            "confidence": "0.598953127861023"
        },
        {
            "gameTime": "2 - 33:11",
            "label": "card",
            "position": "1991500",
            "half": "2",
            "confidence": "0.5468514561653137"
        },
        {
            "gameTime": "2 - 26:52",
            "label": "subs",
            "position": "1612500",
            "half": "2",
            "confidence": "0.9618391394615173"
        },
        {
            "gameTime": "2 - 27:2",
            "label": "subs",
            "position": "1622500",
            "half": "2",
            "confidence": "0.9603049755096436"
        },
        {
            "gameTime": "2 - 26:23",
            "label": "subs",
            "position": "1583000",
            "half": "2",
            "confidence": "0.8964497447013855"
        },
        {
            "gameTime": "2 - 26:35",
            "label": "subs",
            "position": "1595000",
            "half": "2",
            "confidence": "0.7832342982292175"
        },
        {
            "gameTime": "2 - 27:12",
            "label": "subs",
            "position": "1632500",
            "half": "2",
            "confidence": "0.782362699508667"
        },
        {
            "gameTime": "2 - 48:55",
            "label": "subs",
            "position": "2935500",
            "half": "2",
            "confidence": "0.6786481142044067"
        },
        {
            "gameTime": "2 - 33:30",
            "label": "subs",
            "position": "2010000",
            "half": "2",
            "confidence": "0.6749585270881653"
        },
        {
            "gameTime": "2 - 49:5",
            "label": "subs",
            "position": "2945500",
            "half": "2",
            "confidence": "0.5625017285346985"
        },
        {
            "gameTime": "2 - 39:26",
            "label": "soccer",
            "position": "2366500",
            "half": "2",
            "confidence": "0.9492793679237366"
        },
        {
            "gameTime": "2 - 9:27",
            "label": "soccer",
            "position": "567500",
            "half": "2",
            "confidence": "0.8014616370201111"
        },
        {
            "gameTime": "2 - 34:17",
            "label": "soccer",
            "position": "2057000",
            "half": "2",
            "confidence": "0.7927323579788208"
        },
        {
            "gameTime": "2 - 22:33",
            "label": "soccer",
            "position": "1353000",
            "half": "2",
            "confidence": "0.737762987613678"
        },
        {
            "gameTime": "2 - 20:41",
            "label": "soccer",
            "position": "1241500",
            "half": "2",
            "confidence": "0.6481756567955017"
        }
    ]
}