{
    "UrlLocal": "england_epl/2016-2017/2016-11-19 - 18-00 Manchester United 1 - 1 Arsenal",
    "predictions": [
        {
            "gameTime": "1 - 16:4",
            "label": "card",
            "position": "964000",
            "half": "1",
            "confidence": "0.7539758086204529"
        },
        {
            "gameTime": "1 - 24:20",
            "label": "card",
            "position": "1460000",
            "half": "1",
            "confidence": "0.728268563747406"
        },
        {
            "gameTime": "1 - 24:9",
            "label": "card",
            "position": "1449000",
            "half": "1",
            "confidence": "0.5703336000442505"
        },
        {
            "gameTime": "1 - 33:8",
            "label": "subs",
            "position": "1988500",
            "half": "1",
            "confidence": "0.8889049291610718"
        },
        {
            "gameTime": "1 - 4:18",
            "label": "subs",
            "position": "258000",
            "half": "1",
            "confidence": "0.7570262551307678"
        },
        {
            "gameTime": "2 - 46:51",
            "label": "card",
            "position": "2811000",
            "half": "2",
            "confidence": "0.9579078555107117"
        },
        {
            "gameTime": "2 - 40:28",
            "label": "card",
            "position": "2428500",
            "half": "2",
            "confidence": "0.9400469064712524"
        },
        {
            "gameTime": "2 - 48:30",
            "label": "card",
            "position": "2910000",
            "half": "2",
            "confidence": "0.8139747977256775"
        },
        {
            "gameTime": "2 - 46:40",
            "label": "card",
            "position": "2800500",
            "half": "2",
            "confidence": "0.7866026163101196"
        },
        {
            "gameTime": "2 - 48:44",
            "label": "card",
            "position": "2924000",
            "half": "2",
            "confidence": "0.7779815793037415"
        },
        {
            "gameTime": "2 - 24:12",
            "label": "card",
            "position": "1452000",
            "half": "2",
            "confidence": "0.5719709396362305"
        },
        {
            "gameTime": "2 - 17:21",
            "label": "subs",
            "position": "1041500",
            "half": "2",
            "confidence": "0.9651766419410706"
        },
        {
            "gameTime": "2 - 40:0",
            "label": "subs",
            "position": "2400000",
            "half": "2",
            "confidence": "0.9404560327529907"
        },
        {
            "gameTime": "2 - 18:34",
            "label": "subs",
            "position": "1114500",
            "half": "2",
            "confidence": "0.9398804903030396"
        },
        {
            "gameTime": "2 - 27:41",
            "label": "subs",
            "position": "1661000",
            "half": "2",
            "confidence": "0.926533043384552"
        },
        {
            "gameTime": "2 - 18:44",
            "label": "subs",
            "position": "1124500",
            "half": "2",
            "confidence": "0.9164479374885559"
        },
        {
            "gameTime": "2 - 34:42",
            "label": "subs",
            "position": "2082000",
            "half": "2",
            "confidence": "0.7945981621742249"
        },
        {
            "gameTime": "2 - 17:31",
            "label": "subs",
            "position": "1051500",
            "half": "2",
            "confidence": "0.7874045372009277"
        },
        {
            "gameTime": "2 - 39:49",
            "label": "subs",
            "position": "2389500",
            "half": "2",
            "confidence": "0.7020158171653748"
        },
        {
            "gameTime": "2 - 27:51",
            "label": "subs",
            "position": "1671000",
            "half": "2",
            "confidence": "0.6316934823989868"
        },
        {
            "gameTime": "2 - 23:5",
            "label": "soccer",
            "position": "1385000",
            "half": "2",
            "confidence": "0.8227885961532593"
        }
    ]
}