{
    "UrlLocal": "europe_uefa-champions-league/2015-2016/2015-11-03 - 22-45 Sevilla 1 - 3 Manchester City",
    "predictions": [
        {
            "gameTime": "1 - 27:59",
            "label": "Penalty",
            "position": "1679500",
            "half": "1",
            "confidence": "0.7618127465248108"
        },
        {
            "gameTime": "1 - 26:3",
            "label": "Kick-off",
            "position": "1563000",
            "half": "1",
            "confidence": "0.995808482170105"
        },
        {
            "gameTime": "1 - 36:9",
            "label": "Kick-off",
            "position": "2169000",
            "half": "1",
            "confidence": "0.9929234981536865"
        },
        {
            "gameTime": "1 - 11:45",
            "label": "Kick-off",
            "position": "705500",
            "half": "1",
            "confidence": "0.982761561870575"
        },
        {
            "gameTime": "1 - 0:9",
            "label": "Kick-off",
            "position": "9000",
            "half": "1",
            "confidence": "0.9049033522605896"
        },
        {
            "gameTime": "1 - 25:8",
            "label": "Kick-off",
            "position": "1508000",
            "half": "1",
            "confidence": "0.7842687964439392"
        },
        {
            "gameTime": "1 - 35:58",
            "label": "Kick-off",
            "position": "2158500",
            "half": "1",
            "confidence": "0.7733514904975891"
        },
        {
            "gameTime": "1 - 26:13",
            "label": "Kick-off",
            "position": "1573000",
            "half": "1",
            "confidence": "0.7706755995750427"
        },
        {
            "gameTime": "1 - 11:26",
            "label": "Kick-off",
            "position": "686000",
            "half": "1",
            "confidence": "0.6017009615898132"
        },
        {
            "gameTime": "1 - 15:34",
            "label": "Kick-off",
            "position": "934000",
            "half": "1",
            "confidence": "0.580204963684082"
        },
        {
            "gameTime": "1 - 15:23",
            "label": "Kick-off",
            "position": "923500",
            "half": "1",
            "confidence": "0.5631575584411621"
        },
        {
            "gameTime": "1 - 10:38",
            "label": "Goal",
            "position": "638500",
            "half": "1",
            "confidence": "0.9824138879776001"
        },
        {
            "gameTime": "1 - 7:49",
            "label": "Goal",
            "position": "469500",
            "half": "1",
            "confidence": "0.7521777153015137"
        },
        {
            "gameTime": "1 - 24:16",
            "label": "Goal",
            "position": "1456000",
            "half": "1",
            "confidence": "0.7375580668449402"
        },
        {
            "gameTime": "1 - 10:25",
            "label": "Goal",
            "position": "625500",
            "half": "1",
            "confidence": "0.6476043462753296"
        },
        {
            "gameTime": "1 - 25:55",
            "label": "Substitution",
            "position": "1555500",
            "half": "1",
            "confidence": "0.7503209710121155"
        },
        {
            "gameTime": "1 - 3:31",
            "label": "Substitution",
            "position": "211000",
            "half": "1",
            "confidence": "0.5331528186798096"
        },
        {
            "gameTime": "1 - 10:38",
            "label": "Shots on target",
            "position": "638500",
            "half": "1",
            "confidence": "0.8340052962303162"
        },
        {
            "gameTime": "1 - 24:17",
            "label": "Shots on target",
            "position": "1457000",
            "half": "1",
            "confidence": "0.6301945447921753"
        },
        {
            "gameTime": "1 - 7:50",
            "label": "Shots on target",
            "position": "470000",
            "half": "1",
            "confidence": "0.5392419099807739"
        },
        {
            "gameTime": "1 - 10:27",
            "label": "Shots on target",
            "position": "627500",
            "half": "1",
            "confidence": "0.5201075077056885"
        },
        {
            "gameTime": "1 - 37:39",
            "label": "Shots on target",
            "position": "2259500",
            "half": "1",
            "confidence": "0.5067973136901855"
        },
        {
            "gameTime": "1 - 28:19",
            "label": "Clearance",
            "position": "1699000",
            "half": "1",
            "confidence": "0.906902551651001"
        },
        {
            "gameTime": "1 - 21:13",
            "label": "Clearance",
            "position": "1273000",
            "half": "1",
            "confidence": "0.8746442198753357"
        },
        {
            "gameTime": "1 - 37:54",
            "label": "Clearance",
            "position": "2274500",
            "half": "1",
            "confidence": "0.8277379274368286"
        },
        {
            "gameTime": "1 - 28:33",
            "label": "Clearance",
            "position": "1713000",
            "half": "1",
            "confidence": "0.7496141195297241"
        },
        {
            "gameTime": "1 - 15:17",
            "label": "Clearance",
            "position": "917000",
            "half": "1",
            "confidence": "0.7429853081703186"
        },
        {
            "gameTime": "1 - 11:30",
            "label": "Clearance",
            "position": "690500",
            "half": "1",
            "confidence": "0.6823955178260803"
        },
        {
            "gameTime": "1 - 15:27",
            "label": "Clearance",
            "position": "927000",
            "half": "1",
            "confidence": "0.6814390420913696"
        },
        {
            "gameTime": "1 - 8:48",
            "label": "Clearance",
            "position": "528000",
            "half": "1",
            "confidence": "0.6344239115715027"
        },
        {
            "gameTime": "1 - 3:31",
            "label": "Clearance",
            "position": "211000",
            "half": "1",
            "confidence": "0.6340517401695251"
        },
        {
            "gameTime": "1 - 25:9",
            "label": "Clearance",
            "position": "1509500",
            "half": "1",
            "confidence": "0.6101151704788208"
        },
        {
            "gameTime": "1 - 36:3",
            "label": "Clearance",
            "position": "2163500",
            "half": "1",
            "confidence": "0.5754411220550537"
        },
        {
            "gameTime": "1 - 44:34",
            "label": "Clearance",
            "position": "2674500",
            "half": "1",
            "confidence": "0.5078550577163696"
        },
        {
            "gameTime": "1 - 39:36",
            "label": "Ball out of play",
            "position": "2376500",
            "half": "1",
            "confidence": "0.9709094166755676"
        },
        {
            "gameTime": "1 - 4:8",
            "label": "Ball out of play",
            "position": "248000",
            "half": "1",
            "confidence": "0.9694461822509766"
        },
        {
            "gameTime": "1 - 38:45",
            "label": "Ball out of play",
            "position": "2325500",
            "half": "1",
            "confidence": "0.9375032782554626"
        },
        {
            "gameTime": "1 - 37:30",
            "label": "Ball out of play",
            "position": "2250500",
            "half": "1",
            "confidence": "0.930359959602356"
        },
        {
            "gameTime": "1 - 27:33",
            "label": "Ball out of play",
            "position": "1653000",
            "half": "1",
            "confidence": "0.9151618480682373"
        },
        {
            "gameTime": "1 - 37:14",
            "label": "Ball out of play",
            "position": "2234500",
            "half": "1",
            "confidence": "0.880969762802124"
        },
        {
            "gameTime": "1 - 4:18",
            "label": "Ball out of play",
            "position": "258000",
            "half": "1",
            "confidence": "0.8730635643005371"
        },
        {
            "gameTime": "1 - 34:19",
            "label": "Ball out of play",
            "position": "2059500",
            "half": "1",
            "confidence": "0.8574454188346863"
        },
        {
            "gameTime": "1 - 10:28",
            "label": "Ball out of play",
            "position": "628500",
            "half": "1",
            "confidence": "0.8547309041023254"
        },
        {
            "gameTime": "1 - 27:18",
            "label": "Ball out of play",
            "position": "1638500",
            "half": "1",
            "confidence": "0.8513357639312744"
        },
        {
            "gameTime": "1 - 38:34",
            "label": "Ball out of play",
            "position": "2314500",
            "half": "1",
            "confidence": "0.8503215909004211"
        },
        {
            "gameTime": "1 - 40:11",
            "label": "Ball out of play",
            "position": "2411000",
            "half": "1",
            "confidence": "0.844122052192688"
        },
        {
            "gameTime": "1 - 31:58",
            "label": "Ball out of play",
            "position": "1918500",
            "half": "1",
            "confidence": "0.8429625034332275"
        },
        {
            "gameTime": "1 - 3:57",
            "label": "Ball out of play",
            "position": "237500",
            "half": "1",
            "confidence": "0.8425706624984741"
        },
        {
            "gameTime": "1 - 26:34",
            "label": "Ball out of play",
            "position": "1594500",
            "half": "1",
            "confidence": "0.8359187841415405"
        },
        {
            "gameTime": "1 - 18:53",
            "label": "Ball out of play",
            "position": "1133500",
            "half": "1",
            "confidence": "0.7932552695274353"
        },
        {
            "gameTime": "1 - 12:21",
            "label": "Ball out of play",
            "position": "741000",
            "half": "1",
            "confidence": "0.789867103099823"
        },
        {
            "gameTime": "1 - 37:41",
            "label": "Ball out of play",
            "position": "2261000",
            "half": "1",
            "confidence": "0.7874850630760193"
        },
        {
            "gameTime": "1 - 27:45",
            "label": "Ball out of play",
            "position": "1665000",
            "half": "1",
            "confidence": "0.7700430750846863"
        },
        {
            "gameTime": "1 - 30:41",
            "label": "Ball out of play",
            "position": "1841000",
            "half": "1",
            "confidence": "0.7693758010864258"
        },
        {
            "gameTime": "1 - 35:6",
            "label": "Ball out of play",
            "position": "2106500",
            "half": "1",
            "confidence": "0.7604395747184753"
        },
        {
            "gameTime": "1 - 39:26",
            "label": "Ball out of play",
            "position": "2366000",
            "half": "1",
            "confidence": "0.7575092315673828"
        },
        {
            "gameTime": "1 - 32:9",
            "label": "Ball out of play",
            "position": "1929500",
            "half": "1",
            "confidence": "0.7506489753723145"
        },
        {
            "gameTime": "1 - 9:38",
            "label": "Ball out of play",
            "position": "578000",
            "half": "1",
            "confidence": "0.7462685704231262"
        },
        {
            "gameTime": "1 - 27:55",
            "label": "Ball out of play",
            "position": "1675000",
            "half": "1",
            "confidence": "0.7365174889564514"
        },
        {
            "gameTime": "1 - 4:35",
            "label": "Ball out of play",
            "position": "275000",
            "half": "1",
            "confidence": "0.7076659798622131"
        },
        {
            "gameTime": "1 - 19:25",
            "label": "Ball out of play",
            "position": "1165500",
            "half": "1",
            "confidence": "0.697843074798584"
        },
        {
            "gameTime": "1 - 0:59",
            "label": "Ball out of play",
            "position": "59500",
            "half": "1",
            "confidence": "0.6874688267707825"
        },
        {
            "gameTime": "1 - 24:7",
            "label": "Ball out of play",
            "position": "1447500",
            "half": "1",
            "confidence": "0.6825064420700073"
        },
        {
            "gameTime": "1 - 18:43",
            "label": "Ball out of play",
            "position": "1123000",
            "half": "1",
            "confidence": "0.6776787638664246"
        },
        {
            "gameTime": "1 - 21:39",
            "label": "Ball out of play",
            "position": "1299500",
            "half": "1",
            "confidence": "0.6675493717193604"
        },
        {
            "gameTime": "1 - 26:24",
            "label": "Ball out of play",
            "position": "1584000",
            "half": "1",
            "confidence": "0.6517729759216309"
        },
        {
            "gameTime": "1 - 30:51",
            "label": "Ball out of play",
            "position": "1851000",
            "half": "1",
            "confidence": "0.6440180540084839"
        },
        {
            "gameTime": "1 - 5:18",
            "label": "Ball out of play",
            "position": "318000",
            "half": "1",
            "confidence": "0.6362524628639221"
        },
        {
            "gameTime": "1 - 12:32",
            "label": "Ball out of play",
            "position": "752000",
            "half": "1",
            "confidence": "0.6235172748565674"
        },
        {
            "gameTime": "1 - 13:51",
            "label": "Ball out of play",
            "position": "831000",
            "half": "1",
            "confidence": "0.6206443309783936"
        },
        {
            "gameTime": "1 - 40:44",
            "label": "Ball out of play",
            "position": "2444500",
            "half": "1",
            "confidence": "0.6075160503387451"
        },
        {
            "gameTime": "1 - 33:24",
            "label": "Ball out of play",
            "position": "2004000",
            "half": "1",
            "confidence": "0.6014208793640137"
        },
        {
            "gameTime": "1 - 9:26",
            "label": "Ball out of play",
            "position": "566500",
            "half": "1",
            "confidence": "0.6006703972816467"
        },
        {
            "gameTime": "1 - 9:48",
            "label": "Ball out of play",
            "position": "588000",
            "half": "1",
            "confidence": "0.587698757648468"
        },
        {
            "gameTime": "1 - 39:54",
            "label": "Ball out of play",
            "position": "2394000",
            "half": "1",
            "confidence": "0.5805040597915649"
        },
        {
            "gameTime": "1 - 7:39",
            "label": "Ball out of play",
            "position": "459000",
            "half": "1",
            "confidence": "0.5658058524131775"
        },
        {
            "gameTime": "1 - 7:52",
            "label": "Ball out of play",
            "position": "472500",
            "half": "1",
            "confidence": "0.5617900490760803"
        },
        {
            "gameTime": "1 - 16:59",
            "label": "Ball out of play",
            "position": "1019500",
            "half": "1",
            "confidence": "0.5616983771324158"
        },
        {
            "gameTime": "1 - 16:47",
            "label": "Ball out of play",
            "position": "1007000",
            "half": "1",
            "confidence": "0.5544137954711914"
        },
        {
            "gameTime": "1 - 12:10",
            "label": "Ball out of play",
            "position": "730500",
            "half": "1",
            "confidence": "0.5518010854721069"
        },
        {
            "gameTime": "1 - 38:55",
            "label": "Ball out of play",
            "position": "2335500",
            "half": "1",
            "confidence": "0.5401180982589722"
        },
        {
            "gameTime": "1 - 19:15",
            "label": "Ball out of play",
            "position": "1155000",
            "half": "1",
            "confidence": "0.5343506336212158"
        },
        {
            "gameTime": "1 - 17:12",
            "label": "Ball out of play",
            "position": "1032000",
            "half": "1",
            "confidence": "0.5331293344497681"
        },
        {
            "gameTime": "1 - 11:42",
            "label": "Ball out of play",
            "position": "702500",
            "half": "1",
            "confidence": "0.5176637768745422"
        },
        {
            "gameTime": "1 - 14:51",
            "label": "Ball out of play",
            "position": "891000",
            "half": "1",
            "confidence": "0.5015058517456055"
        },
        {
            "gameTime": "1 - 38:50",
            "label": "Throw-in",
            "position": "2330000",
            "half": "1",
            "confidence": "0.9606768488883972"
        },
        {
            "gameTime": "1 - 37:18",
            "label": "Throw-in",
            "position": "2238500",
            "half": "1",
            "confidence": "0.9313440918922424"
        },
        {
            "gameTime": "1 - 17:2",
            "label": "Throw-in",
            "position": "1022500",
            "half": "1",
            "confidence": "0.9055356383323669"
        },
        {
            "gameTime": "1 - 4:10",
            "label": "Throw-in",
            "position": "250000",
            "half": "1",
            "confidence": "0.9017179608345032"
        },
        {
            "gameTime": "1 - 37:28",
            "label": "Throw-in",
            "position": "2248500",
            "half": "1",
            "confidence": "0.88741135597229"
        },
        {
            "gameTime": "1 - 12:34",
            "label": "Throw-in",
            "position": "754500",
            "half": "1",
            "confidence": "0.8208117485046387"
        },
        {
            "gameTime": "1 - 38:39",
            "label": "Throw-in",
            "position": "2319500",
            "half": "1",
            "confidence": "0.8154937028884888"
        },
        {
            "gameTime": "1 - 12:24",
            "label": "Throw-in",
            "position": "744000",
            "half": "1",
            "confidence": "0.7606045603752136"
        },
        {
            "gameTime": "1 - 17:12",
            "label": "Throw-in",
            "position": "1032500",
            "half": "1",
            "confidence": "0.7525128126144409"
        },
        {
            "gameTime": "1 - 30:51",
            "label": "Throw-in",
            "position": "1851000",
            "half": "1",
            "confidence": "0.7442508935928345"
        },
        {
            "gameTime": "1 - 9:47",
            "label": "Throw-in",
            "position": "587000",
            "half": "1",
            "confidence": "0.727929413318634"
        },
        {
            "gameTime": "1 - 9:36",
            "label": "Throw-in",
            "position": "576000",
            "half": "1",
            "confidence": "0.726137638092041"
        },
        {
            "gameTime": "1 - 41:45",
            "label": "Throw-in",
            "position": "2505500",
            "half": "1",
            "confidence": "0.7258807420730591"
        },
        {
            "gameTime": "1 - 16:51",
            "label": "Throw-in",
            "position": "1011500",
            "half": "1",
            "confidence": "0.6565590500831604"
        },
        {
            "gameTime": "1 - 41:56",
            "label": "Throw-in",
            "position": "2516500",
            "half": "1",
            "confidence": "0.6496413946151733"
        },
        {
            "gameTime": "1 - 30:7",
            "label": "Throw-in",
            "position": "1807000",
            "half": "1",
            "confidence": "0.5947003364562988"
        },
        {
            "gameTime": "1 - 0:26",
            "label": "Throw-in",
            "position": "26500",
            "half": "1",
            "confidence": "0.5714470148086548"
        },
        {
            "gameTime": "1 - 26:34",
            "label": "Throw-in",
            "position": "1594500",
            "half": "1",
            "confidence": "0.5694805383682251"
        },
        {
            "gameTime": "1 - 14:5",
            "label": "Throw-in",
            "position": "845500",
            "half": "1",
            "confidence": "0.5447512865066528"
        },
        {
            "gameTime": "1 - 34:14",
            "label": "Throw-in",
            "position": "2054500",
            "half": "1",
            "confidence": "0.5335062742233276"
        },
        {
            "gameTime": "1 - 3:51",
            "label": "Throw-in",
            "position": "231500",
            "half": "1",
            "confidence": "0.5303106307983398"
        },
        {
            "gameTime": "1 - 37:0",
            "label": "Throw-in",
            "position": "2220000",
            "half": "1",
            "confidence": "0.5246753692626953"
        },
        {
            "gameTime": "1 - 40:18",
            "label": "Throw-in",
            "position": "2418500",
            "half": "1",
            "confidence": "0.5101057291030884"
        },
        {
            "gameTime": "1 - 42:40",
            "label": "Foul",
            "position": "2560000",
            "half": "1",
            "confidence": "0.8784812092781067"
        },
        {
            "gameTime": "1 - 6:35",
            "label": "Foul",
            "position": "395500",
            "half": "1",
            "confidence": "0.7749104499816895"
        },
        {
            "gameTime": "1 - 42:50",
            "label": "Foul",
            "position": "2570000",
            "half": "1",
            "confidence": "0.726457417011261"
        },
        {
            "gameTime": "1 - 28:53",
            "label": "Foul",
            "position": "1733500",
            "half": "1",
            "confidence": "0.7139245271682739"
        },
        {
            "gameTime": "1 - 6:57",
            "label": "Foul",
            "position": "417000",
            "half": "1",
            "confidence": "0.6228391528129578"
        },
        {
            "gameTime": "1 - 2:51",
            "label": "Foul",
            "position": "171500",
            "half": "1",
            "confidence": "0.5751336216926575"
        },
        {
            "gameTime": "1 - 5:51",
            "label": "Foul",
            "position": "351500",
            "half": "1",
            "confidence": "0.502261221408844"
        },
        {
            "gameTime": "1 - 1:59",
            "label": "Indirect free-kick",
            "position": "119500",
            "half": "1",
            "confidence": "0.7745538353919983"
        },
        {
            "gameTime": "1 - 29:18",
            "label": "Indirect free-kick",
            "position": "1758000",
            "half": "1",
            "confidence": "0.6788052320480347"
        },
        {
            "gameTime": "1 - 5:41",
            "label": "Indirect free-kick",
            "position": "341500",
            "half": "1",
            "confidence": "0.5610750317573547"
        },
        {
            "gameTime": "1 - 23:20",
            "label": "Indirect free-kick",
            "position": "1400500",
            "half": "1",
            "confidence": "0.5455588102340698"
        },
        {
            "gameTime": "1 - 21:9",
            "label": "Indirect free-kick",
            "position": "1269000",
            "half": "1",
            "confidence": "0.5310971140861511"
        },
        {
            "gameTime": "1 - 31:33",
            "label": "Indirect free-kick",
            "position": "1893000",
            "half": "1",
            "confidence": "0.5177899599075317"
        },
        {
            "gameTime": "1 - 4:57",
            "label": "Direct free-kick",
            "position": "297000",
            "half": "1",
            "confidence": "0.5260561108589172"
        },
        {
            "gameTime": "1 - 34:36",
            "label": "Corner",
            "position": "2076000",
            "half": "1",
            "confidence": "0.9981010556221008"
        },
        {
            "gameTime": "1 - 32:23",
            "label": "Corner",
            "position": "1943500",
            "half": "1",
            "confidence": "0.9979071617126465"
        },
        {
            "gameTime": "1 - 34:46",
            "label": "Corner",
            "position": "2086000",
            "half": "1",
            "confidence": "0.9621282815933228"
        },
        {
            "gameTime": "1 - 39:59",
            "label": "Corner",
            "position": "2399000",
            "half": "1",
            "confidence": "0.9163939356803894"
        },
        {
            "gameTime": "1 - 32:33",
            "label": "Corner",
            "position": "1953500",
            "half": "1",
            "confidence": "0.8216443657875061"
        },
        {
            "gameTime": "1 - 19:15",
            "label": "Corner",
            "position": "1155500",
            "half": "1",
            "confidence": "0.685355007648468"
        },
        {
            "gameTime": "1 - 27:47",
            "label": "Corner",
            "position": "1667000",
            "half": "1",
            "confidence": "0.6101978421211243"
        },
        {
            "gameTime": "1 - 32:9",
            "label": "Corner",
            "position": "1929000",
            "half": "1",
            "confidence": "0.6098712086677551"
        },
        {
            "gameTime": "1 - 28:4",
            "label": "Corner",
            "position": "1684500",
            "half": "1",
            "confidence": "0.5323488712310791"
        },
        {
            "gameTime": "1 - 42:46",
            "label": "Yellow card",
            "position": "2566000",
            "half": "1",
            "confidence": "0.9611768126487732"
        },
        {
            "gameTime": "1 - 42:56",
            "label": "Yellow card",
            "position": "2576000",
            "half": "1",
            "confidence": "0.7581942677497864"
        },
        {
            "gameTime": "2 - 0:15",
            "label": "Kick-off",
            "position": "15000",
            "half": "2",
            "confidence": "0.9966894388198853"
        },
        {
            "gameTime": "2 - 26:5",
            "label": "Kick-off",
            "position": "1565000",
            "half": "2",
            "confidence": "0.7481874823570251"
        },
        {
            "gameTime": "2 - 0:1",
            "label": "Kick-off",
            "position": "1000",
            "half": "2",
            "confidence": "0.6967936158180237"
        },
        {
            "gameTime": "2 - 19:4",
            "label": "Substitution",
            "position": "1144000",
            "half": "2",
            "confidence": "0.9984297156333923"
        },
        {
            "gameTime": "2 - 27:39",
            "label": "Substitution",
            "position": "1659000",
            "half": "2",
            "confidence": "0.998302698135376"
        },
        {
            "gameTime": "2 - 40:24",
            "label": "Substitution",
            "position": "2424500",
            "half": "2",
            "confidence": "0.9982989430427551"
        },
        {
            "gameTime": "2 - 27:49",
            "label": "Substitution",
            "position": "1669000",
            "half": "2",
            "confidence": "0.9869165420532227"
        },
        {
            "gameTime": "2 - 45:3",
            "label": "Substitution",
            "position": "2703000",
            "half": "2",
            "confidence": "0.9411205053329468"
        },
        {
            "gameTime": "2 - 10:17",
            "label": "Substitution",
            "position": "617000",
            "half": "2",
            "confidence": "0.8924696445465088"
        },
        {
            "gameTime": "2 - 40:14",
            "label": "Substitution",
            "position": "2414000",
            "half": "2",
            "confidence": "0.8672863841056824"
        },
        {
            "gameTime": "2 - 40:34",
            "label": "Substitution",
            "position": "2434500",
            "half": "2",
            "confidence": "0.7091827392578125"
        },
        {
            "gameTime": "2 - 19:14",
            "label": "Substitution",
            "position": "1154000",
            "half": "2",
            "confidence": "0.691448450088501"
        },
        {
            "gameTime": "2 - 18:53",
            "label": "Substitution",
            "position": "1133500",
            "half": "2",
            "confidence": "0.6850147247314453"
        },
        {
            "gameTime": "2 - 27:28",
            "label": "Substitution",
            "position": "1648500",
            "half": "2",
            "confidence": "0.5928006768226624"
        },
        {
            "gameTime": "2 - 33:28",
            "label": "Clearance",
            "position": "2008500",
            "half": "2",
            "confidence": "0.9417303204536438"
        },
        {
            "gameTime": "2 - 19:11",
            "label": "Clearance",
            "position": "1151500",
            "half": "2",
            "confidence": "0.8602319955825806"
        },
        {
            "gameTime": "2 - 30:26",
            "label": "Clearance",
            "position": "1826500",
            "half": "2",
            "confidence": "0.8217934370040894"
        },
        {
            "gameTime": "2 - 8:35",
            "label": "Clearance",
            "position": "515000",
            "half": "2",
            "confidence": "0.8203698396682739"
        },
        {
            "gameTime": "2 - 1:52",
            "label": "Clearance",
            "position": "112000",
            "half": "2",
            "confidence": "0.7409301400184631"
        },
        {
            "gameTime": "2 - 33:15",
            "label": "Clearance",
            "position": "1995000",
            "half": "2",
            "confidence": "0.728746771812439"
        },
        {
            "gameTime": "2 - 25:50",
            "label": "Clearance",
            "position": "1550000",
            "half": "2",
            "confidence": "0.684664249420166"
        },
        {
            "gameTime": "2 - 12:23",
            "label": "Clearance",
            "position": "743000",
            "half": "2",
            "confidence": "0.6146087646484375"
        },
        {
            "gameTime": "2 - 8:23",
            "label": "Clearance",
            "position": "503500",
            "half": "2",
            "confidence": "0.5883306860923767"
        },
        {
            "gameTime": "2 - 10:13",
            "label": "Clearance",
            "position": "613500",
            "half": "2",
            "confidence": "0.5603540539741516"
        },
        {
            "gameTime": "2 - 2:3",
            "label": "Clearance",
            "position": "123500",
            "half": "2",
            "confidence": "0.540596604347229"
        },
        {
            "gameTime": "2 - 29:47",
            "label": "Ball out of play",
            "position": "1787500",
            "half": "2",
            "confidence": "0.9795225858688354"
        },
        {
            "gameTime": "2 - 1:37",
            "label": "Ball out of play",
            "position": "97000",
            "half": "2",
            "confidence": "0.9400455355644226"
        },
        {
            "gameTime": "2 - 29:57",
            "label": "Ball out of play",
            "position": "1797500",
            "half": "2",
            "confidence": "0.9329858422279358"
        },
        {
            "gameTime": "2 - 42:48",
            "label": "Ball out of play",
            "position": "2568000",
            "half": "2",
            "confidence": "0.9260604977607727"
        },
        {
            "gameTime": "2 - 24:48",
            "label": "Ball out of play",
            "position": "1488000",
            "half": "2",
            "confidence": "0.9208213686943054"
        },
        {
            "gameTime": "2 - 22:3",
            "label": "Ball out of play",
            "position": "1323000",
            "half": "2",
            "confidence": "0.9175869226455688"
        },
        {
            "gameTime": "2 - 30:14",
            "label": "Ball out of play",
            "position": "1814500",
            "half": "2",
            "confidence": "0.9170435070991516"
        },
        {
            "gameTime": "2 - 39:36",
            "label": "Ball out of play",
            "position": "2376000",
            "half": "2",
            "confidence": "0.9163277745246887"
        },
        {
            "gameTime": "2 - 38:53",
            "label": "Ball out of play",
            "position": "2333500",
            "half": "2",
            "confidence": "0.9135264158248901"
        },
        {
            "gameTime": "2 - 15:37",
            "label": "Ball out of play",
            "position": "937500",
            "half": "2",
            "confidence": "0.9101665019989014"
        },
        {
            "gameTime": "2 - 15:26",
            "label": "Ball out of play",
            "position": "926500",
            "half": "2",
            "confidence": "0.9073147177696228"
        },
        {
            "gameTime": "2 - 6:0",
            "label": "Ball out of play",
            "position": "360500",
            "half": "2",
            "confidence": "0.9004923105239868"
        },
        {
            "gameTime": "2 - 29:22",
            "label": "Ball out of play",
            "position": "1762000",
            "half": "2",
            "confidence": "0.8938328623771667"
        },
        {
            "gameTime": "2 - 38:24",
            "label": "Ball out of play",
            "position": "2304500",
            "half": "2",
            "confidence": "0.8912160992622375"
        },
        {
            "gameTime": "2 - 20:48",
            "label": "Ball out of play",
            "position": "1248000",
            "half": "2",
            "confidence": "0.8885865211486816"
        },
        {
            "gameTime": "2 - 2:52",
            "label": "Ball out of play",
            "position": "172500",
            "half": "2",
            "confidence": "0.8823486566543579"
        },
        {
            "gameTime": "2 - 14:58",
            "label": "Ball out of play",
            "position": "898500",
            "half": "2",
            "confidence": "0.8753786087036133"
        },
        {
            "gameTime": "2 - 5:47",
            "label": "Ball out of play",
            "position": "347500",
            "half": "2",
            "confidence": "0.8700612187385559"
        },
        {
            "gameTime": "2 - 13:42",
            "label": "Ball out of play",
            "position": "822000",
            "half": "2",
            "confidence": "0.8581047654151917"
        },
        {
            "gameTime": "2 - 39:4",
            "label": "Ball out of play",
            "position": "2344000",
            "half": "2",
            "confidence": "0.8309811949729919"
        },
        {
            "gameTime": "2 - 11:29",
            "label": "Ball out of play",
            "position": "689000",
            "half": "2",
            "confidence": "0.8304498195648193"
        },
        {
            "gameTime": "2 - 19:20",
            "label": "Ball out of play",
            "position": "1160000",
            "half": "2",
            "confidence": "0.827876627445221"
        },
        {
            "gameTime": "2 - 21:52",
            "label": "Ball out of play",
            "position": "1312500",
            "half": "2",
            "confidence": "0.8132781386375427"
        },
        {
            "gameTime": "2 - 8:15",
            "label": "Ball out of play",
            "position": "495500",
            "half": "2",
            "confidence": "0.802849292755127"
        },
        {
            "gameTime": "2 - 18:32",
            "label": "Ball out of play",
            "position": "1112500",
            "half": "2",
            "confidence": "0.7938529253005981"
        },
        {
            "gameTime": "2 - 38:36",
            "label": "Ball out of play",
            "position": "2316000",
            "half": "2",
            "confidence": "0.7930718660354614"
        },
        {
            "gameTime": "2 - 5:3",
            "label": "Ball out of play",
            "position": "303000",
            "half": "2",
            "confidence": "0.7716875672340393"
        },
        {
            "gameTime": "2 - 6:28",
            "label": "Ball out of play",
            "position": "388500",
            "half": "2",
            "confidence": "0.7656682729721069"
        },
        {
            "gameTime": "2 - 39:25",
            "label": "Ball out of play",
            "position": "2365500",
            "half": "2",
            "confidence": "0.7596074342727661"
        },
        {
            "gameTime": "2 - 13:31",
            "label": "Ball out of play",
            "position": "811500",
            "half": "2",
            "confidence": "0.7517480850219727"
        },
        {
            "gameTime": "2 - 22:16",
            "label": "Ball out of play",
            "position": "1336500",
            "half": "2",
            "confidence": "0.751684844493866"
        },
        {
            "gameTime": "2 - 20:59",
            "label": "Ball out of play",
            "position": "1259000",
            "half": "2",
            "confidence": "0.7495652437210083"
        },
        {
            "gameTime": "2 - 24:37",
            "label": "Ball out of play",
            "position": "1477500",
            "half": "2",
            "confidence": "0.7453082799911499"
        },
        {
            "gameTime": "2 - 44:54",
            "label": "Ball out of play",
            "position": "2694000",
            "half": "2",
            "confidence": "0.7135313153266907"
        },
        {
            "gameTime": "2 - 12:9",
            "label": "Ball out of play",
            "position": "729500",
            "half": "2",
            "confidence": "0.6960641741752625"
        },
        {
            "gameTime": "2 - 15:8",
            "label": "Ball out of play",
            "position": "908500",
            "half": "2",
            "confidence": "0.6830469965934753"
        },
        {
            "gameTime": "2 - 28:14",
            "label": "Ball out of play",
            "position": "1694500",
            "half": "2",
            "confidence": "0.6758154034614563"
        },
        {
            "gameTime": "2 - 0:49",
            "label": "Ball out of play",
            "position": "49000",
            "half": "2",
            "confidence": "0.6632652282714844"
        },
        {
            "gameTime": "2 - 4:51",
            "label": "Ball out of play",
            "position": "291000",
            "half": "2",
            "confidence": "0.6603437066078186"
        },
        {
            "gameTime": "2 - 42:59",
            "label": "Ball out of play",
            "position": "2579000",
            "half": "2",
            "confidence": "0.653987467288971"
        },
        {
            "gameTime": "2 - 42:36",
            "label": "Ball out of play",
            "position": "2556500",
            "half": "2",
            "confidence": "0.6466203927993774"
        },
        {
            "gameTime": "2 - 11:57",
            "label": "Ball out of play",
            "position": "717500",
            "half": "2",
            "confidence": "0.6415106654167175"
        },
        {
            "gameTime": "2 - 30:33",
            "label": "Ball out of play",
            "position": "1833000",
            "half": "2",
            "confidence": "0.6368124485015869"
        },
        {
            "gameTime": "2 - 32:56",
            "label": "Ball out of play",
            "position": "1976500",
            "half": "2",
            "confidence": "0.633995532989502"
        },
        {
            "gameTime": "2 - 5:33",
            "label": "Ball out of play",
            "position": "333000",
            "half": "2",
            "confidence": "0.6269655823707581"
        },
        {
            "gameTime": "2 - 27:7",
            "label": "Ball out of play",
            "position": "1627000",
            "half": "2",
            "confidence": "0.62533038854599"
        },
        {
            "gameTime": "2 - 5:19",
            "label": "Ball out of play",
            "position": "319000",
            "half": "2",
            "confidence": "0.6028623580932617"
        },
        {
            "gameTime": "2 - 25:45",
            "label": "Ball out of play",
            "position": "1545500",
            "half": "2",
            "confidence": "0.6017154455184937"
        },
        {
            "gameTime": "2 - 15:47",
            "label": "Ball out of play",
            "position": "947500",
            "half": "2",
            "confidence": "0.6009315848350525"
        },
        {
            "gameTime": "2 - 3:2",
            "label": "Ball out of play",
            "position": "182500",
            "half": "2",
            "confidence": "0.5867711305618286"
        },
        {
            "gameTime": "2 - 25:0",
            "label": "Ball out of play",
            "position": "1500000",
            "half": "2",
            "confidence": "0.5662680268287659"
        },
        {
            "gameTime": "2 - 22:53",
            "label": "Ball out of play",
            "position": "1373500",
            "half": "2",
            "confidence": "0.5558281540870667"
        },
        {
            "gameTime": "2 - 21:42",
            "label": "Ball out of play",
            "position": "1302000",
            "half": "2",
            "confidence": "0.5441287159919739"
        },
        {
            "gameTime": "2 - 34:15",
            "label": "Ball out of play",
            "position": "2055500",
            "half": "2",
            "confidence": "0.5262357592582703"
        },
        {
            "gameTime": "2 - 41:29",
            "label": "Ball out of play",
            "position": "2489000",
            "half": "2",
            "confidence": "0.5226535797119141"
        },
        {
            "gameTime": "2 - 6:10",
            "label": "Ball out of play",
            "position": "370500",
            "half": "2",
            "confidence": "0.5207055807113647"
        },
        {
            "gameTime": "2 - 29:37",
            "label": "Ball out of play",
            "position": "1777000",
            "half": "2",
            "confidence": "0.5139612555503845"
        },
        {
            "gameTime": "2 - 26:56",
            "label": "Ball out of play",
            "position": "1616500",
            "half": "2",
            "confidence": "0.5057286620140076"
        },
        {
            "gameTime": "2 - 29:47",
            "label": "Throw-in",
            "position": "1787000",
            "half": "2",
            "confidence": "0.9992663264274597"
        },
        {
            "gameTime": "2 - 29:35",
            "label": "Throw-in",
            "position": "1775500",
            "half": "2",
            "confidence": "0.9748156070709229"
        },
        {
            "gameTime": "2 - 29:57",
            "label": "Throw-in",
            "position": "1797000",
            "half": "2",
            "confidence": "0.9485035538673401"
        },
        {
            "gameTime": "2 - 20:44",
            "label": "Throw-in",
            "position": "1244000",
            "half": "2",
            "confidence": "0.9349484443664551"
        },
        {
            "gameTime": "2 - 13:42",
            "label": "Throw-in",
            "position": "822000",
            "half": "2",
            "confidence": "0.9302492141723633"
        },
        {
            "gameTime": "2 - 1:34",
            "label": "Throw-in",
            "position": "94000",
            "half": "2",
            "confidence": "0.9195677638053894"
        },
        {
            "gameTime": "2 - 38:22",
            "label": "Throw-in",
            "position": "2302000",
            "half": "2",
            "confidence": "0.8992846608161926"
        },
        {
            "gameTime": "2 - 10:27",
            "label": "Throw-in",
            "position": "627500",
            "half": "2",
            "confidence": "0.8704920411109924"
        },
        {
            "gameTime": "2 - 13:31",
            "label": "Throw-in",
            "position": "811500",
            "half": "2",
            "confidence": "0.8644289374351501"
        },
        {
            "gameTime": "2 - 5:32",
            "label": "Throw-in",
            "position": "332000",
            "half": "2",
            "confidence": "0.850723385810852"
        },
        {
            "gameTime": "2 - 39:40",
            "label": "Throw-in",
            "position": "2380500",
            "half": "2",
            "confidence": "0.8456589579582214"
        },
        {
            "gameTime": "2 - 28:16",
            "label": "Throw-in",
            "position": "1696000",
            "half": "2",
            "confidence": "0.8356596231460571"
        },
        {
            "gameTime": "2 - 19:32",
            "label": "Throw-in",
            "position": "1172000",
            "half": "2",
            "confidence": "0.8312248587608337"
        },
        {
            "gameTime": "2 - 20:59",
            "label": "Throw-in",
            "position": "1259000",
            "half": "2",
            "confidence": "0.8155008554458618"
        },
        {
            "gameTime": "2 - 38:55",
            "label": "Throw-in",
            "position": "2335500",
            "half": "2",
            "confidence": "0.8001919388771057"
        },
        {
            "gameTime": "2 - 6:39",
            "label": "Throw-in",
            "position": "399000",
            "half": "2",
            "confidence": "0.7920985221862793"
        },
        {
            "gameTime": "2 - 21:59",
            "label": "Throw-in",
            "position": "1319500",
            "half": "2",
            "confidence": "0.7852978110313416"
        },
        {
            "gameTime": "2 - 22:19",
            "label": "Throw-in",
            "position": "1339500",
            "half": "2",
            "confidence": "0.7763174176216125"
        },
        {
            "gameTime": "2 - 39:30",
            "label": "Throw-in",
            "position": "2370000",
            "half": "2",
            "confidence": "0.7563452124595642"
        },
        {
            "gameTime": "2 - 24:48",
            "label": "Throw-in",
            "position": "1488000",
            "half": "2",
            "confidence": "0.7490546703338623"
        },
        {
            "gameTime": "2 - 42:54",
            "label": "Throw-in",
            "position": "2574500",
            "half": "2",
            "confidence": "0.7462360858917236"
        },
        {
            "gameTime": "2 - 11:29",
            "label": "Throw-in",
            "position": "689500",
            "half": "2",
            "confidence": "0.7383342385292053"
        },
        {
            "gameTime": "2 - 19:19",
            "label": "Throw-in",
            "position": "1159500",
            "half": "2",
            "confidence": "0.7337832450866699"
        },
        {
            "gameTime": "2 - 29:22",
            "label": "Throw-in",
            "position": "1762000",
            "half": "2",
            "confidence": "0.7216041684150696"
        },
        {
            "gameTime": "2 - 12:9",
            "label": "Throw-in",
            "position": "729500",
            "half": "2",
            "confidence": "0.6924759745597839"
        },
        {
            "gameTime": "2 - 0:49",
            "label": "Throw-in",
            "position": "49500",
            "half": "2",
            "confidence": "0.6849018931388855"
        },
        {
            "gameTime": "2 - 21:42",
            "label": "Throw-in",
            "position": "1302500",
            "half": "2",
            "confidence": "0.6736761331558228"
        },
        {
            "gameTime": "2 - 40:36",
            "label": "Throw-in",
            "position": "2436000",
            "half": "2",
            "confidence": "0.6729233860969543"
        },
        {
            "gameTime": "2 - 36:15",
            "label": "Throw-in",
            "position": "2175500",
            "half": "2",
            "confidence": "0.668982744216919"
        },
        {
            "gameTime": "2 - 39:5",
            "label": "Throw-in",
            "position": "2345500",
            "half": "2",
            "confidence": "0.6632510423660278"
        },
        {
            "gameTime": "2 - 30:33",
            "label": "Throw-in",
            "position": "1833000",
            "half": "2",
            "confidence": "0.632101833820343"
        },
        {
            "gameTime": "2 - 6:51",
            "label": "Throw-in",
            "position": "411500",
            "half": "2",
            "confidence": "0.598105788230896"
        },
        {
            "gameTime": "2 - 30:45",
            "label": "Throw-in",
            "position": "1845500",
            "half": "2",
            "confidence": "0.5892494916915894"
        },
        {
            "gameTime": "2 - 45:29",
            "label": "Throw-in",
            "position": "2729500",
            "half": "2",
            "confidence": "0.5806556940078735"
        },
        {
            "gameTime": "2 - 21:9",
            "label": "Throw-in",
            "position": "1269000",
            "half": "2",
            "confidence": "0.5703151226043701"
        },
        {
            "gameTime": "2 - 30:7",
            "label": "Throw-in",
            "position": "1807000",
            "half": "2",
            "confidence": "0.5487871170043945"
        },
        {
            "gameTime": "2 - 5:21",
            "label": "Throw-in",
            "position": "321500",
            "half": "2",
            "confidence": "0.5435822010040283"
        },
        {
            "gameTime": "2 - 31:32",
            "label": "Foul",
            "position": "1892500",
            "half": "2",
            "confidence": "0.9414268136024475"
        },
        {
            "gameTime": "2 - 6:57",
            "label": "Foul",
            "position": "417000",
            "half": "2",
            "confidence": "0.8698758482933044"
        },
        {
            "gameTime": "2 - 3:47",
            "label": "Foul",
            "position": "227000",
            "half": "2",
            "confidence": "0.8658177852630615"
        },
        {
            "gameTime": "2 - 34:54",
            "label": "Foul",
            "position": "2094000",
            "half": "2",
            "confidence": "0.8224390149116516"
        },
        {
            "gameTime": "2 - 34:43",
            "label": "Foul",
            "position": "2083500",
            "half": "2",
            "confidence": "0.7798272371292114"
        },
        {
            "gameTime": "2 - 41:1",
            "label": "Foul",
            "position": "2461500",
            "half": "2",
            "confidence": "0.7510802745819092"
        },
        {
            "gameTime": "2 - 5:37",
            "label": "Foul",
            "position": "337000",
            "half": "2",
            "confidence": "0.6985528469085693"
        },
        {
            "gameTime": "2 - 43:8",
            "label": "Foul",
            "position": "2588500",
            "half": "2",
            "confidence": "0.6653086543083191"
        },
        {
            "gameTime": "2 - 19:23",
            "label": "Foul",
            "position": "1163500",
            "half": "2",
            "confidence": "0.6363003253936768"
        },
        {
            "gameTime": "2 - 7:11",
            "label": "Foul",
            "position": "431500",
            "half": "2",
            "confidence": "0.6349784135818481"
        },
        {
            "gameTime": "2 - 31:22",
            "label": "Foul",
            "position": "1882000",
            "half": "2",
            "confidence": "0.6287707686424255"
        },
        {
            "gameTime": "2 - 5:26",
            "label": "Foul",
            "position": "326500",
            "half": "2",
            "confidence": "0.5851514339447021"
        },
        {
            "gameTime": "2 - 3:57",
            "label": "Foul",
            "position": "237000",
            "half": "2",
            "confidence": "0.5744917392730713"
        },
        {
            "gameTime": "2 - 41:11",
            "label": "Foul",
            "position": "2471500",
            "half": "2",
            "confidence": "0.5104398131370544"
        },
        {
            "gameTime": "2 - 28:32",
            "label": "Indirect free-kick",
            "position": "1712500",
            "half": "2",
            "confidence": "0.7051491737365723"
        },
        {
            "gameTime": "2 - 34:13",
            "label": "Indirect free-kick",
            "position": "2053000",
            "half": "2",
            "confidence": "0.6683065295219421"
        },
        {
            "gameTime": "2 - 41:23",
            "label": "Indirect free-kick",
            "position": "2483500",
            "half": "2",
            "confidence": "0.6172910928726196"
        },
        {
            "gameTime": "2 - 3:8",
            "label": "Indirect free-kick",
            "position": "188000",
            "half": "2",
            "confidence": "0.6165421009063721"
        },
        {
            "gameTime": "2 - 4:4",
            "label": "Indirect free-kick",
            "position": "244000",
            "half": "2",
            "confidence": "0.5517387390136719"
        },
        {
            "gameTime": "2 - 10:11",
            "label": "Indirect free-kick",
            "position": "611000",
            "half": "2",
            "confidence": "0.5417043566703796"
        },
        {
            "gameTime": "2 - 27:51",
            "label": "Indirect free-kick",
            "position": "1671000",
            "half": "2",
            "confidence": "0.5075333118438721"
        },
        {
            "gameTime": "2 - 32:18",
            "label": "Direct free-kick",
            "position": "1938500",
            "half": "2",
            "confidence": "0.8990302681922913"
        },
        {
            "gameTime": "2 - 32:28",
            "label": "Direct free-kick",
            "position": "1948500",
            "half": "2",
            "confidence": "0.5240390300750732"
        },
        {
            "gameTime": "2 - 15:48",
            "label": "Corner",
            "position": "948500",
            "half": "2",
            "confidence": "0.9718272686004639"
        },
        {
            "gameTime": "2 - 24:55",
            "label": "Corner",
            "position": "1495500",
            "half": "2",
            "confidence": "0.8898214101791382"
        },
        {
            "gameTime": "2 - 6:20",
            "label": "Corner",
            "position": "380000",
            "half": "2",
            "confidence": "0.8528399467468262"
        },
        {
            "gameTime": "2 - 15:38",
            "label": "Corner",
            "position": "938000",
            "half": "2",
            "confidence": "0.7510662078857422"
        },
        {
            "gameTime": "2 - 6:9",
            "label": "Corner",
            "position": "369500",
            "half": "2",
            "confidence": "0.6520801186561584"
        },
        {
            "gameTime": "2 - 31:32",
            "label": "Yellow card",
            "position": "1892500",
            "half": "2",
            "confidence": "0.801527738571167"
        }
    ]
}