{
    "UrlLocal": "england_epl/2015-2016/2015-12-28 - 20-30 Manchester United 0 - 0 Chelsea",
    "predictions": [
        {
            "gameTime": "1 - 29:20",
            "label": "card",
            "position": "1760000",
            "half": "1",
            "confidence": "0.949449896812439"
        },
        {
            "gameTime": "1 - 27:0",
            "label": "card",
            "position": "1620000",
            "half": "1",
            "confidence": "0.9430204033851624"
        },
        {
            "gameTime": "1 - 26:49",
            "label": "card",
            "position": "1609500",
            "half": "1",
            "confidence": "0.8935506343841553"
        },
        {
            "gameTime": "1 - 38:59",
            "label": "card",
            "position": "2339500",
            "half": "1",
            "confidence": "0.8782455325126648"
        },
        {
            "gameTime": "1 - 29:9",
            "label": "card",
            "position": "1749500",
            "half": "1",
            "confidence": "0.8612557053565979"
        },
        {
            "gameTime": "1 - 38:49",
            "label": "card",
            "position": "2329000",
            "half": "1",
            "confidence": "0.6428832411766052"
        },
        {
            "gameTime": "1 - 7:57",
            "label": "subs",
            "position": "477000",
            "half": "1",
            "confidence": "0.536230206489563"
        },
        {
            "gameTime": "2 - 26:50",
            "label": "card",
            "position": "1610000",
            "half": "2",
            "confidence": "0.9461950659751892"
        },
        {
            "gameTime": "2 - 26:39",
            "label": "card",
            "position": "1599500",
            "half": "2",
            "confidence": "0.9189387559890747"
        },
        {
            "gameTime": "2 - 35:23",
            "label": "card",
            "position": "2123000",
            "half": "2",
            "confidence": "0.912929117679596"
        },
        {
            "gameTime": "2 - 45:40",
            "label": "card",
            "position": "2740000",
            "half": "2",
            "confidence": "0.7603212594985962"
        },
        {
            "gameTime": "2 - 35:12",
            "label": "card",
            "position": "2112500",
            "half": "2",
            "confidence": "0.7062481641769409"
        },
        {
            "gameTime": "2 - 45:29",
            "label": "card",
            "position": "2729500",
            "half": "2",
            "confidence": "0.5896446704864502"
        },
        {
            "gameTime": "2 - 47:40",
            "label": "subs",
            "position": "2860500",
            "half": "2",
            "confidence": "0.826522707939148"
        },
        {
            "gameTime": "2 - 24:32",
            "label": "subs",
            "position": "1472500",
            "half": "2",
            "confidence": "0.6990376114845276"
        },
        {
            "gameTime": "2 - 27:4",
            "label": "subs",
            "position": "1624500",
            "half": "2",
            "confidence": "0.5329086184501648"
        },
        {
            "gameTime": "2 - 24:22",
            "label": "subs",
            "position": "1462000",
            "half": "2",
            "confidence": "0.5099682807922363"
        }
    ]
}