{
    "UrlLocal": "germany_bundesliga/2016-2017/2017-01-21 - 18-00 Leipzig 3 - 0 Frankfurt",
    "predictions": [
        {
            "gameTime": "1 - 0:0",
            "label": "Kick-off",
            "position": "500",
            "half": "1",
            "confidence": "0.9783462882041931"
        },
        {
            "gameTime": "1 - 49:19",
            "label": "Kick-off",
            "position": "2959000",
            "half": "1",
            "confidence": "0.8440150022506714"
        },
        {
            "gameTime": "1 - 49:6",
            "label": "Kick-off",
            "position": "2946500",
            "half": "1",
            "confidence": "0.7589150667190552"
        },
        {
            "gameTime": "1 - 22:47",
            "label": "Kick-off",
            "position": "1367000",
            "half": "1",
            "confidence": "0.7540934681892395"
        },
        {
            "gameTime": "1 - 35:36",
            "label": "Kick-off",
            "position": "2136000",
            "half": "1",
            "confidence": "0.7233861684799194"
        },
        {
            "gameTime": "1 - 48:26",
            "label": "Goal",
            "position": "2906500",
            "half": "1",
            "confidence": "0.9975710511207581"
        },
        {
            "gameTime": "1 - 5:51",
            "label": "Goal",
            "position": "351500",
            "half": "1",
            "confidence": "0.9884666204452515"
        },
        {
            "gameTime": "1 - 48:16",
            "label": "Goal",
            "position": "2896000",
            "half": "1",
            "confidence": "0.9339579939842224"
        },
        {
            "gameTime": "1 - 46:39",
            "label": "Goal",
            "position": "2799000",
            "half": "1",
            "confidence": "0.5645272731781006"
        },
        {
            "gameTime": "1 - 4:29",
            "label": "Substitution",
            "position": "269500",
            "half": "1",
            "confidence": "0.6717386245727539"
        },
        {
            "gameTime": "1 - 49:35",
            "label": "Substitution",
            "position": "2975000",
            "half": "1",
            "confidence": "0.5244143009185791"
        },
        {
            "gameTime": "1 - 38:36",
            "label": "Offside",
            "position": "2316000",
            "half": "1",
            "confidence": "0.6832445859909058"
        },
        {
            "gameTime": "1 - 48:21",
            "label": "Shots on target",
            "position": "2901000",
            "half": "1",
            "confidence": "0.9569275975227356"
        },
        {
            "gameTime": "1 - 5:51",
            "label": "Shots on target",
            "position": "351500",
            "half": "1",
            "confidence": "0.8647136688232422"
        },
        {
            "gameTime": "1 - 44:1",
            "label": "Shots on target",
            "position": "2641000",
            "half": "1",
            "confidence": "0.7748359441757202"
        },
        {
            "gameTime": "1 - 46:41",
            "label": "Shots on target",
            "position": "2801000",
            "half": "1",
            "confidence": "0.6885223388671875"
        },
        {
            "gameTime": "1 - 48:10",
            "label": "Shots on target",
            "position": "2890500",
            "half": "1",
            "confidence": "0.6752588748931885"
        },
        {
            "gameTime": "1 - 29:57",
            "label": "Shots on target",
            "position": "1797000",
            "half": "1",
            "confidence": "0.6662933826446533"
        },
        {
            "gameTime": "1 - 46:52",
            "label": "Shots on target",
            "position": "2812000",
            "half": "1",
            "confidence": "0.5796167850494385"
        },
        {
            "gameTime": "1 - 26:33",
            "label": "Shots on target",
            "position": "1593000",
            "half": "1",
            "confidence": "0.5781539678573608"
        },
        {
            "gameTime": "1 - 34:50",
            "label": "Shots on target",
            "position": "2090500",
            "half": "1",
            "confidence": "0.5752643346786499"
        },
        {
            "gameTime": "1 - 5:40",
            "label": "Shots on target",
            "position": "340500",
            "half": "1",
            "confidence": "0.5570638179779053"
        },
        {
            "gameTime": "1 - 40:33",
            "label": "Shots on target",
            "position": "2433000",
            "half": "1",
            "confidence": "0.5123841762542725"
        },
        {
            "gameTime": "1 - 12:35",
            "label": "Shots on target",
            "position": "755500",
            "half": "1",
            "confidence": "0.5073903203010559"
        },
        {
            "gameTime": "1 - 48:11",
            "label": "Shots off target",
            "position": "2891000",
            "half": "1",
            "confidence": "0.7600477933883667"
        },
        {
            "gameTime": "1 - 30:39",
            "label": "Clearance",
            "position": "1839500",
            "half": "1",
            "confidence": "0.9672921299934387"
        },
        {
            "gameTime": "1 - 41:8",
            "label": "Clearance",
            "position": "2468500",
            "half": "1",
            "confidence": "0.8523868322372437"
        },
        {
            "gameTime": "1 - 35:27",
            "label": "Clearance",
            "position": "2127000",
            "half": "1",
            "confidence": "0.8105122447013855"
        },
        {
            "gameTime": "1 - 30:49",
            "label": "Clearance",
            "position": "1849500",
            "half": "1",
            "confidence": "0.7125234007835388"
        },
        {
            "gameTime": "1 - 30:28",
            "label": "Clearance",
            "position": "1828000",
            "half": "1",
            "confidence": "0.5993755459785461"
        },
        {
            "gameTime": "1 - 39:21",
            "label": "Ball out of play",
            "position": "2361500",
            "half": "1",
            "confidence": "0.9318975210189819"
        },
        {
            "gameTime": "1 - 10:14",
            "label": "Ball out of play",
            "position": "614500",
            "half": "1",
            "confidence": "0.8716393113136292"
        },
        {
            "gameTime": "1 - 31:22",
            "label": "Ball out of play",
            "position": "1882500",
            "half": "1",
            "confidence": "0.8614159226417542"
        },
        {
            "gameTime": "1 - 44:9",
            "label": "Ball out of play",
            "position": "2649500",
            "half": "1",
            "confidence": "0.8516541719436646"
        },
        {
            "gameTime": "1 - 10:1",
            "label": "Ball out of play",
            "position": "601000",
            "half": "1",
            "confidence": "0.8403652310371399"
        },
        {
            "gameTime": "1 - 40:40",
            "label": "Ball out of play",
            "position": "2440000",
            "half": "1",
            "confidence": "0.8065391182899475"
        },
        {
            "gameTime": "1 - 39:37",
            "label": "Ball out of play",
            "position": "2377500",
            "half": "1",
            "confidence": "0.7902441620826721"
        },
        {
            "gameTime": "1 - 18:52",
            "label": "Ball out of play",
            "position": "1132500",
            "half": "1",
            "confidence": "0.7798605561256409"
        },
        {
            "gameTime": "1 - 15:41",
            "label": "Ball out of play",
            "position": "941500",
            "half": "1",
            "confidence": "0.7729873061180115"
        },
        {
            "gameTime": "1 - 7:2",
            "label": "Ball out of play",
            "position": "422500",
            "half": "1",
            "confidence": "0.7698996067047119"
        },
        {
            "gameTime": "1 - 34:54",
            "label": "Ball out of play",
            "position": "2094500",
            "half": "1",
            "confidence": "0.7495777010917664"
        },
        {
            "gameTime": "1 - 33:36",
            "label": "Ball out of play",
            "position": "2016500",
            "half": "1",
            "confidence": "0.7424599528312683"
        },
        {
            "gameTime": "1 - 15:25",
            "label": "Ball out of play",
            "position": "925000",
            "half": "1",
            "confidence": "0.7241196632385254"
        },
        {
            "gameTime": "1 - 30:15",
            "label": "Ball out of play",
            "position": "1815000",
            "half": "1",
            "confidence": "0.7127615809440613"
        },
        {
            "gameTime": "1 - 43:41",
            "label": "Ball out of play",
            "position": "2621000",
            "half": "1",
            "confidence": "0.7081161141395569"
        },
        {
            "gameTime": "1 - 33:25",
            "label": "Ball out of play",
            "position": "2005500",
            "half": "1",
            "confidence": "0.6980539560317993"
        },
        {
            "gameTime": "1 - 18:41",
            "label": "Ball out of play",
            "position": "1121000",
            "half": "1",
            "confidence": "0.6894621849060059"
        },
        {
            "gameTime": "1 - 45:30",
            "label": "Ball out of play",
            "position": "2730500",
            "half": "1",
            "confidence": "0.685114860534668"
        },
        {
            "gameTime": "1 - 19:4",
            "label": "Ball out of play",
            "position": "1144000",
            "half": "1",
            "confidence": "0.6835789680480957"
        },
        {
            "gameTime": "1 - 47:22",
            "label": "Ball out of play",
            "position": "2842000",
            "half": "1",
            "confidence": "0.663598895072937"
        },
        {
            "gameTime": "1 - 31:32",
            "label": "Ball out of play",
            "position": "1892500",
            "half": "1",
            "confidence": "0.6506427526473999"
        },
        {
            "gameTime": "1 - 32:52",
            "label": "Ball out of play",
            "position": "1972000",
            "half": "1",
            "confidence": "0.6412989497184753"
        },
        {
            "gameTime": "1 - 48:13",
            "label": "Ball out of play",
            "position": "2893500",
            "half": "1",
            "confidence": "0.6330294609069824"
        },
        {
            "gameTime": "1 - 31:12",
            "label": "Ball out of play",
            "position": "1872000",
            "half": "1",
            "confidence": "0.5938191413879395"
        },
        {
            "gameTime": "1 - 20:11",
            "label": "Ball out of play",
            "position": "1211000",
            "half": "1",
            "confidence": "0.5899155735969543"
        },
        {
            "gameTime": "1 - 10:40",
            "label": "Ball out of play",
            "position": "640500",
            "half": "1",
            "confidence": "0.5897741913795471"
        },
        {
            "gameTime": "1 - 26:1",
            "label": "Ball out of play",
            "position": "1561500",
            "half": "1",
            "confidence": "0.5835772752761841"
        },
        {
            "gameTime": "1 - 33:7",
            "label": "Ball out of play",
            "position": "1987500",
            "half": "1",
            "confidence": "0.5783411264419556"
        },
        {
            "gameTime": "1 - 33:46",
            "label": "Ball out of play",
            "position": "2026500",
            "half": "1",
            "confidence": "0.5744250416755676"
        },
        {
            "gameTime": "1 - 13:9",
            "label": "Ball out of play",
            "position": "789500",
            "half": "1",
            "confidence": "0.5744073390960693"
        },
        {
            "gameTime": "1 - 47:7",
            "label": "Ball out of play",
            "position": "2827500",
            "half": "1",
            "confidence": "0.5700209140777588"
        },
        {
            "gameTime": "1 - 21:6",
            "label": "Ball out of play",
            "position": "1266000",
            "half": "1",
            "confidence": "0.569678783416748"
        },
        {
            "gameTime": "1 - 22:57",
            "label": "Ball out of play",
            "position": "1377500",
            "half": "1",
            "confidence": "0.5675598382949829"
        },
        {
            "gameTime": "1 - 44:27",
            "label": "Ball out of play",
            "position": "2667000",
            "half": "1",
            "confidence": "0.5561490654945374"
        },
        {
            "gameTime": "1 - 6:49",
            "label": "Ball out of play",
            "position": "409000",
            "half": "1",
            "confidence": "0.5543419718742371"
        },
        {
            "gameTime": "1 - 0:10",
            "label": "Ball out of play",
            "position": "10500",
            "half": "1",
            "confidence": "0.5480432510375977"
        },
        {
            "gameTime": "1 - 45:20",
            "label": "Ball out of play",
            "position": "2720000",
            "half": "1",
            "confidence": "0.5372759699821472"
        },
        {
            "gameTime": "1 - 7:13",
            "label": "Ball out of play",
            "position": "433500",
            "half": "1",
            "confidence": "0.5217577219009399"
        },
        {
            "gameTime": "1 - 20:44",
            "label": "Ball out of play",
            "position": "1244500",
            "half": "1",
            "confidence": "0.5190680623054504"
        },
        {
            "gameTime": "1 - 39:49",
            "label": "Ball out of play",
            "position": "2389500",
            "half": "1",
            "confidence": "0.5180254578590393"
        },
        {
            "gameTime": "1 - 16:28",
            "label": "Ball out of play",
            "position": "988500",
            "half": "1",
            "confidence": "0.5044736862182617"
        },
        {
            "gameTime": "1 - 36:31",
            "label": "Ball out of play",
            "position": "2191000",
            "half": "1",
            "confidence": "0.5039427280426025"
        },
        {
            "gameTime": "1 - 21:5",
            "label": "Throw-in",
            "position": "1265500",
            "half": "1",
            "confidence": "0.9642059206962585"
        },
        {
            "gameTime": "1 - 15:44",
            "label": "Throw-in",
            "position": "944000",
            "half": "1",
            "confidence": "0.9430557489395142"
        },
        {
            "gameTime": "1 - 20:52",
            "label": "Throw-in",
            "position": "1252500",
            "half": "1",
            "confidence": "0.93892902135849"
        },
        {
            "gameTime": "1 - 33:7",
            "label": "Throw-in",
            "position": "1987500",
            "half": "1",
            "confidence": "0.9312700629234314"
        },
        {
            "gameTime": "1 - 20:11",
            "label": "Throw-in",
            "position": "1211000",
            "half": "1",
            "confidence": "0.9175727367401123"
        },
        {
            "gameTime": "1 - 6:56",
            "label": "Throw-in",
            "position": "416000",
            "half": "1",
            "confidence": "0.9147016406059265"
        },
        {
            "gameTime": "1 - 33:24",
            "label": "Throw-in",
            "position": "2004500",
            "half": "1",
            "confidence": "0.9141117334365845"
        },
        {
            "gameTime": "1 - 44:57",
            "label": "Throw-in",
            "position": "2697500",
            "half": "1",
            "confidence": "0.9126480221748352"
        },
        {
            "gameTime": "1 - 0:17",
            "label": "Throw-in",
            "position": "17500",
            "half": "1",
            "confidence": "0.910559356212616"
        },
        {
            "gameTime": "1 - 18:56",
            "label": "Throw-in",
            "position": "1136000",
            "half": "1",
            "confidence": "0.863523542881012"
        },
        {
            "gameTime": "1 - 15:28",
            "label": "Throw-in",
            "position": "928500",
            "half": "1",
            "confidence": "0.8550650477409363"
        },
        {
            "gameTime": "1 - 44:47",
            "label": "Throw-in",
            "position": "2687000",
            "half": "1",
            "confidence": "0.8390750288963318"
        },
        {
            "gameTime": "1 - 47:22",
            "label": "Throw-in",
            "position": "2842000",
            "half": "1",
            "confidence": "0.8248364329338074"
        },
        {
            "gameTime": "1 - 6:43",
            "label": "Throw-in",
            "position": "403500",
            "half": "1",
            "confidence": "0.8063294291496277"
        },
        {
            "gameTime": "1 - 32:57",
            "label": "Throw-in",
            "position": "1977000",
            "half": "1",
            "confidence": "0.7882827520370483"
        },
        {
            "gameTime": "1 - 39:23",
            "label": "Throw-in",
            "position": "2363500",
            "half": "1",
            "confidence": "0.7511091232299805"
        },
        {
            "gameTime": "1 - 44:25",
            "label": "Throw-in",
            "position": "2665000",
            "half": "1",
            "confidence": "0.7446069717407227"
        },
        {
            "gameTime": "1 - 36:33",
            "label": "Throw-in",
            "position": "2193000",
            "half": "1",
            "confidence": "0.7389987111091614"
        },
        {
            "gameTime": "1 - 13:9",
            "label": "Throw-in",
            "position": "789500",
            "half": "1",
            "confidence": "0.7355164885520935"
        },
        {
            "gameTime": "1 - 28:35",
            "label": "Throw-in",
            "position": "1715500",
            "half": "1",
            "confidence": "0.7088700532913208"
        },
        {
            "gameTime": "1 - 0:28",
            "label": "Throw-in",
            "position": "28500",
            "half": "1",
            "confidence": "0.7085888385772705"
        },
        {
            "gameTime": "1 - 13:20",
            "label": "Throw-in",
            "position": "800000",
            "half": "1",
            "confidence": "0.6991363167762756"
        },
        {
            "gameTime": "1 - 20:0",
            "label": "Throw-in",
            "position": "1200000",
            "half": "1",
            "confidence": "0.6962428689002991"
        },
        {
            "gameTime": "1 - 47:10",
            "label": "Throw-in",
            "position": "2830000",
            "half": "1",
            "confidence": "0.674701452255249"
        },
        {
            "gameTime": "1 - 43:9",
            "label": "Throw-in",
            "position": "2589500",
            "half": "1",
            "confidence": "0.6629890203475952"
        },
        {
            "gameTime": "1 - 20:21",
            "label": "Throw-in",
            "position": "1221000",
            "half": "1",
            "confidence": "0.6473703980445862"
        },
        {
            "gameTime": "1 - 45:33",
            "label": "Throw-in",
            "position": "2733000",
            "half": "1",
            "confidence": "0.6291294097900391"
        },
        {
            "gameTime": "1 - 44:35",
            "label": "Throw-in",
            "position": "2675000",
            "half": "1",
            "confidence": "0.6183292269706726"
        },
        {
            "gameTime": "1 - 43:42",
            "label": "Throw-in",
            "position": "2622000",
            "half": "1",
            "confidence": "0.571280837059021"
        },
        {
            "gameTime": "1 - 19:6",
            "label": "Throw-in",
            "position": "1146000",
            "half": "1",
            "confidence": "0.5348162651062012"
        },
        {
            "gameTime": "1 - 45:22",
            "label": "Throw-in",
            "position": "2722500",
            "half": "1",
            "confidence": "0.5144448280334473"
        },
        {
            "gameTime": "1 - 26:58",
            "label": "Foul",
            "position": "1618500",
            "half": "1",
            "confidence": "0.905992865562439"
        },
        {
            "gameTime": "1 - 43:14",
            "label": "Foul",
            "position": "2594500",
            "half": "1",
            "confidence": "0.846172571182251"
        },
        {
            "gameTime": "1 - 2:6",
            "label": "Foul",
            "position": "126500",
            "half": "1",
            "confidence": "0.8163124322891235"
        },
        {
            "gameTime": "1 - 43:36",
            "label": "Foul",
            "position": "2616000",
            "half": "1",
            "confidence": "0.8134069442749023"
        },
        {
            "gameTime": "1 - 14:4",
            "label": "Foul",
            "position": "844500",
            "half": "1",
            "confidence": "0.783906877040863"
        },
        {
            "gameTime": "1 - 18:1",
            "label": "Foul",
            "position": "1081500",
            "half": "1",
            "confidence": "0.7773484587669373"
        },
        {
            "gameTime": "1 - 11:13",
            "label": "Foul",
            "position": "673500",
            "half": "1",
            "confidence": "0.7040199637413025"
        },
        {
            "gameTime": "1 - 37:36",
            "label": "Foul",
            "position": "2256000",
            "half": "1",
            "confidence": "0.6738681793212891"
        },
        {
            "gameTime": "1 - 17:51",
            "label": "Foul",
            "position": "1071000",
            "half": "1",
            "confidence": "0.6115158200263977"
        },
        {
            "gameTime": "1 - 9:12",
            "label": "Foul",
            "position": "552500",
            "half": "1",
            "confidence": "0.539482831954956"
        },
        {
            "gameTime": "1 - 22:11",
            "label": "Foul",
            "position": "1331000",
            "half": "1",
            "confidence": "0.5333820581436157"
        },
        {
            "gameTime": "1 - 47:31",
            "label": "Foul",
            "position": "2851000",
            "half": "1",
            "confidence": "0.5299437642097473"
        },
        {
            "gameTime": "1 - 23:15",
            "label": "Foul",
            "position": "1395500",
            "half": "1",
            "confidence": "0.5137035250663757"
        },
        {
            "gameTime": "1 - 0:59",
            "label": "Indirect free-kick",
            "position": "59000",
            "half": "1",
            "confidence": "0.6908828020095825"
        },
        {
            "gameTime": "1 - 25:49",
            "label": "Indirect free-kick",
            "position": "1549000",
            "half": "1",
            "confidence": "0.6659949421882629"
        },
        {
            "gameTime": "1 - 11:30",
            "label": "Indirect free-kick",
            "position": "690500",
            "half": "1",
            "confidence": "0.5544026494026184"
        },
        {
            "gameTime": "1 - 38:10",
            "label": "Indirect free-kick",
            "position": "2290500",
            "half": "1",
            "confidence": "0.5511823892593384"
        },
        {
            "gameTime": "1 - 48:11",
            "label": "Direct free-kick",
            "position": "2891000",
            "half": "1",
            "confidence": "0.965989351272583"
        },
        {
            "gameTime": "1 - 48:22",
            "label": "Direct free-kick",
            "position": "2902000",
            "half": "1",
            "confidence": "0.867408037185669"
        },
        {
            "gameTime": "1 - 5:40",
            "label": "Direct free-kick",
            "position": "340500",
            "half": "1",
            "confidence": "0.8407948017120361"
        },
        {
            "gameTime": "1 - 5:50",
            "label": "Direct free-kick",
            "position": "350500",
            "half": "1",
            "confidence": "0.6647683382034302"
        },
        {
            "gameTime": "1 - 18:35",
            "label": "Direct free-kick",
            "position": "1115000",
            "half": "1",
            "confidence": "0.5731479525566101"
        },
        {
            "gameTime": "1 - 39:40",
            "label": "Corner",
            "position": "2380500",
            "half": "1",
            "confidence": "0.9297345280647278"
        },
        {
            "gameTime": "1 - 10:43",
            "label": "Corner",
            "position": "643500",
            "half": "1",
            "confidence": "0.9241450428962708"
        },
        {
            "gameTime": "1 - 34:18",
            "label": "Corner",
            "position": "2058500",
            "half": "1",
            "confidence": "0.864575982093811"
        },
        {
            "gameTime": "1 - 14:22",
            "label": "Yellow card",
            "position": "862500",
            "half": "1",
            "confidence": "0.9386650919914246"
        },
        {
            "gameTime": "1 - 14:12",
            "label": "Yellow card",
            "position": "852000",
            "half": "1",
            "confidence": "0.8633010387420654"
        },
        {
            "gameTime": "1 - 2:20",
            "label": "Yellow card",
            "position": "140500",
            "half": "1",
            "confidence": "0.8598969578742981"
        },
        {
            "gameTime": "1 - 2:10",
            "label": "Yellow card",
            "position": "130000",
            "half": "1",
            "confidence": "0.781561553478241"
        },
        {
            "gameTime": "2 - 0:3",
            "label": "Kick-off",
            "position": "3000",
            "half": "2",
            "confidence": "0.7520751357078552"
        },
        {
            "gameTime": "2 - 19:40",
            "label": "Kick-off",
            "position": "1180000",
            "half": "2",
            "confidence": "0.7299241423606873"
        },
        {
            "gameTime": "2 - 12:35",
            "label": "Kick-off",
            "position": "755000",
            "half": "2",
            "confidence": "0.6538277864456177"
        },
        {
            "gameTime": "2 - 21:27",
            "label": "Goal",
            "position": "1287000",
            "half": "2",
            "confidence": "0.9910681843757629"
        },
        {
            "gameTime": "2 - 21:37",
            "label": "Goal",
            "position": "1297000",
            "half": "2",
            "confidence": "0.9001816511154175"
        },
        {
            "gameTime": "2 - 16:27",
            "label": "Substitution",
            "position": "987500",
            "half": "2",
            "confidence": "0.9028452634811401"
        },
        {
            "gameTime": "2 - 24:51",
            "label": "Substitution",
            "position": "1491500",
            "half": "2",
            "confidence": "0.8677330613136292"
        },
        {
            "gameTime": "2 - 16:42",
            "label": "Substitution",
            "position": "1002000",
            "half": "2",
            "confidence": "0.7694994807243347"
        },
        {
            "gameTime": "2 - 31:24",
            "label": "Offside",
            "position": "1884500",
            "half": "2",
            "confidence": "0.8098909854888916"
        },
        {
            "gameTime": "2 - 21:26",
            "label": "Shots on target",
            "position": "1286500",
            "half": "2",
            "confidence": "0.9270973801612854"
        },
        {
            "gameTime": "2 - 21:36",
            "label": "Shots on target",
            "position": "1296500",
            "half": "2",
            "confidence": "0.7888560891151428"
        },
        {
            "gameTime": "2 - 14:52",
            "label": "Shots on target",
            "position": "892500",
            "half": "2",
            "confidence": "0.6078987121582031"
        },
        {
            "gameTime": "2 - 0:36",
            "label": "Shots on target",
            "position": "36000",
            "half": "2",
            "confidence": "0.5599315762519836"
        },
        {
            "gameTime": "2 - 12:11",
            "label": "Shots on target",
            "position": "731000",
            "half": "2",
            "confidence": "0.5448167324066162"
        },
        {
            "gameTime": "2 - 8:14",
            "label": "Shots on target",
            "position": "494000",
            "half": "2",
            "confidence": "0.5218013525009155"
        },
        {
            "gameTime": "2 - 21:16",
            "label": "Shots on target",
            "position": "1276000",
            "half": "2",
            "confidence": "0.5022062063217163"
        },
        {
            "gameTime": "2 - 28:43",
            "label": "Shots off target",
            "position": "1723000",
            "half": "2",
            "confidence": "0.7416661977767944"
        },
        {
            "gameTime": "2 - 20:37",
            "label": "Shots off target",
            "position": "1237000",
            "half": "2",
            "confidence": "0.59174644947052"
        },
        {
            "gameTime": "2 - 5:5",
            "label": "Shots off target",
            "position": "305000",
            "half": "2",
            "confidence": "0.5435723066329956"
        },
        {
            "gameTime": "2 - 0:44",
            "label": "Shots off target",
            "position": "44500",
            "half": "2",
            "confidence": "0.5193482041358948"
        },
        {
            "gameTime": "2 - 20:59",
            "label": "Clearance",
            "position": "1259500",
            "half": "2",
            "confidence": "0.9744169116020203"
        },
        {
            "gameTime": "2 - 29:9",
            "label": "Clearance",
            "position": "1749000",
            "half": "2",
            "confidence": "0.9430869221687317"
        },
        {
            "gameTime": "2 - 1:0",
            "label": "Clearance",
            "position": "60000",
            "half": "2",
            "confidence": "0.9360373020172119"
        },
        {
            "gameTime": "2 - 32:59",
            "label": "Clearance",
            "position": "1979000",
            "half": "2",
            "confidence": "0.9208027720451355"
        },
        {
            "gameTime": "2 - 12:27",
            "label": "Clearance",
            "position": "747000",
            "half": "2",
            "confidence": "0.8722705245018005"
        },
        {
            "gameTime": "2 - 5:29",
            "label": "Clearance",
            "position": "329000",
            "half": "2",
            "confidence": "0.779149055480957"
        },
        {
            "gameTime": "2 - 39:55",
            "label": "Clearance",
            "position": "2395500",
            "half": "2",
            "confidence": "0.7339414358139038"
        },
        {
            "gameTime": "2 - 5:39",
            "label": "Clearance",
            "position": "339000",
            "half": "2",
            "confidence": "0.5923944115638733"
        },
        {
            "gameTime": "2 - 33:9",
            "label": "Clearance",
            "position": "1989000",
            "half": "2",
            "confidence": "0.5908814668655396"
        },
        {
            "gameTime": "2 - 37:28",
            "label": "Clearance",
            "position": "2248000",
            "half": "2",
            "confidence": "0.5398560762405396"
        },
        {
            "gameTime": "2 - 38:15",
            "label": "Ball out of play",
            "position": "2295500",
            "half": "2",
            "confidence": "0.9600731134414673"
        },
        {
            "gameTime": "2 - 18:50",
            "label": "Ball out of play",
            "position": "1130000",
            "half": "2",
            "confidence": "0.9520680904388428"
        },
        {
            "gameTime": "2 - 19:1",
            "label": "Ball out of play",
            "position": "1141000",
            "half": "2",
            "confidence": "0.912617027759552"
        },
        {
            "gameTime": "2 - 38:25",
            "label": "Ball out of play",
            "position": "2305500",
            "half": "2",
            "confidence": "0.8902499675750732"
        },
        {
            "gameTime": "2 - 0:39",
            "label": "Ball out of play",
            "position": "39000",
            "half": "2",
            "confidence": "0.8808201551437378"
        },
        {
            "gameTime": "2 - 28:43",
            "label": "Ball out of play",
            "position": "1723000",
            "half": "2",
            "confidence": "0.8546813130378723"
        },
        {
            "gameTime": "2 - 37:37",
            "label": "Ball out of play",
            "position": "2257000",
            "half": "2",
            "confidence": "0.7898765206336975"
        },
        {
            "gameTime": "2 - 17:1",
            "label": "Ball out of play",
            "position": "1021000",
            "half": "2",
            "confidence": "0.7853659987449646"
        },
        {
            "gameTime": "2 - 26:37",
            "label": "Ball out of play",
            "position": "1597000",
            "half": "2",
            "confidence": "0.7841241955757141"
        },
        {
            "gameTime": "2 - 16:13",
            "label": "Ball out of play",
            "position": "973000",
            "half": "2",
            "confidence": "0.7673810124397278"
        },
        {
            "gameTime": "2 - 11:3",
            "label": "Ball out of play",
            "position": "663500",
            "half": "2",
            "confidence": "0.764401376247406"
        },
        {
            "gameTime": "2 - 13:11",
            "label": "Ball out of play",
            "position": "791000",
            "half": "2",
            "confidence": "0.7565993666648865"
        },
        {
            "gameTime": "2 - 26:47",
            "label": "Ball out of play",
            "position": "1607000",
            "half": "2",
            "confidence": "0.752620279788971"
        },
        {
            "gameTime": "2 - 44:49",
            "label": "Ball out of play",
            "position": "2689500",
            "half": "2",
            "confidence": "0.7465181350708008"
        },
        {
            "gameTime": "2 - 37:49",
            "label": "Ball out of play",
            "position": "2269000",
            "half": "2",
            "confidence": "0.7304351925849915"
        },
        {
            "gameTime": "2 - 12:10",
            "label": "Ball out of play",
            "position": "730000",
            "half": "2",
            "confidence": "0.7258265018463135"
        },
        {
            "gameTime": "2 - 9:45",
            "label": "Ball out of play",
            "position": "585000",
            "half": "2",
            "confidence": "0.7176664471626282"
        },
        {
            "gameTime": "2 - 5:7",
            "label": "Ball out of play",
            "position": "307500",
            "half": "2",
            "confidence": "0.6839230060577393"
        },
        {
            "gameTime": "2 - 18:2",
            "label": "Ball out of play",
            "position": "1082500",
            "half": "2",
            "confidence": "0.67967689037323"
        },
        {
            "gameTime": "2 - 13:25",
            "label": "Ball out of play",
            "position": "805500",
            "half": "2",
            "confidence": "0.6716707944869995"
        },
        {
            "gameTime": "2 - 11:19",
            "label": "Ball out of play",
            "position": "679500",
            "half": "2",
            "confidence": "0.6681262850761414"
        },
        {
            "gameTime": "2 - 18:20",
            "label": "Ball out of play",
            "position": "1100500",
            "half": "2",
            "confidence": "0.6663678288459778"
        },
        {
            "gameTime": "2 - 14:44",
            "label": "Ball out of play",
            "position": "884500",
            "half": "2",
            "confidence": "0.6576542854309082"
        },
        {
            "gameTime": "2 - 8:40",
            "label": "Ball out of play",
            "position": "520500",
            "half": "2",
            "confidence": "0.6471154689788818"
        },
        {
            "gameTime": "2 - 17:52",
            "label": "Ball out of play",
            "position": "1072000",
            "half": "2",
            "confidence": "0.6367194652557373"
        },
        {
            "gameTime": "2 - 31:5",
            "label": "Ball out of play",
            "position": "1865000",
            "half": "2",
            "confidence": "0.6211990118026733"
        },
        {
            "gameTime": "2 - 18:39",
            "label": "Ball out of play",
            "position": "1119500",
            "half": "2",
            "confidence": "0.6114367246627808"
        },
        {
            "gameTime": "2 - 7:43",
            "label": "Ball out of play",
            "position": "463000",
            "half": "2",
            "confidence": "0.6089527606964111"
        },
        {
            "gameTime": "2 - 39:43",
            "label": "Ball out of play",
            "position": "2383500",
            "half": "2",
            "confidence": "0.60863196849823"
        },
        {
            "gameTime": "2 - 0:49",
            "label": "Ball out of play",
            "position": "49000",
            "half": "2",
            "confidence": "0.5992335677146912"
        },
        {
            "gameTime": "2 - 44:17",
            "label": "Ball out of play",
            "position": "2657000",
            "half": "2",
            "confidence": "0.5972322225570679"
        },
        {
            "gameTime": "2 - 44:59",
            "label": "Ball out of play",
            "position": "2699500",
            "half": "2",
            "confidence": "0.5869239568710327"
        },
        {
            "gameTime": "2 - 38:1",
            "label": "Ball out of play",
            "position": "2281000",
            "half": "2",
            "confidence": "0.573813259601593"
        },
        {
            "gameTime": "2 - 11:59",
            "label": "Ball out of play",
            "position": "719500",
            "half": "2",
            "confidence": "0.5690624713897705"
        },
        {
            "gameTime": "2 - 17:16",
            "label": "Ball out of play",
            "position": "1036500",
            "half": "2",
            "confidence": "0.5452877879142761"
        },
        {
            "gameTime": "2 - 44:6",
            "label": "Ball out of play",
            "position": "2646500",
            "half": "2",
            "confidence": "0.5442550778388977"
        },
        {
            "gameTime": "2 - 13:0",
            "label": "Ball out of play",
            "position": "780500",
            "half": "2",
            "confidence": "0.5372536182403564"
        },
        {
            "gameTime": "2 - 17:26",
            "label": "Ball out of play",
            "position": "1046500",
            "half": "2",
            "confidence": "0.5176172256469727"
        },
        {
            "gameTime": "2 - 8:53",
            "label": "Ball out of play",
            "position": "533000",
            "half": "2",
            "confidence": "0.517430305480957"
        },
        {
            "gameTime": "2 - 18:49",
            "label": "Throw-in",
            "position": "1129500",
            "half": "2",
            "confidence": "0.9979367256164551"
        },
        {
            "gameTime": "2 - 38:19",
            "label": "Throw-in",
            "position": "2299500",
            "half": "2",
            "confidence": "0.9978207349777222"
        },
        {
            "gameTime": "2 - 11:8",
            "label": "Throw-in",
            "position": "668000",
            "half": "2",
            "confidence": "0.9931241869926453"
        },
        {
            "gameTime": "2 - 18:2",
            "label": "Throw-in",
            "position": "1082000",
            "half": "2",
            "confidence": "0.9876564741134644"
        },
        {
            "gameTime": "2 - 11:18",
            "label": "Throw-in",
            "position": "678500",
            "half": "2",
            "confidence": "0.9856268763542175"
        },
        {
            "gameTime": "2 - 38:9",
            "label": "Throw-in",
            "position": "2289000",
            "half": "2",
            "confidence": "0.9684571027755737"
        },
        {
            "gameTime": "2 - 17:51",
            "label": "Throw-in",
            "position": "1071500",
            "half": "2",
            "confidence": "0.9639239311218262"
        },
        {
            "gameTime": "2 - 37:50",
            "label": "Throw-in",
            "position": "2270500",
            "half": "2",
            "confidence": "0.9573900103569031"
        },
        {
            "gameTime": "2 - 19:1",
            "label": "Throw-in",
            "position": "1141500",
            "half": "2",
            "confidence": "0.9142115712165833"
        },
        {
            "gameTime": "2 - 18:38",
            "label": "Throw-in",
            "position": "1118500",
            "half": "2",
            "confidence": "0.9091187715530396"
        },
        {
            "gameTime": "2 - 6:57",
            "label": "Throw-in",
            "position": "417500",
            "half": "2",
            "confidence": "0.8724304437637329"
        },
        {
            "gameTime": "2 - 16:57",
            "label": "Throw-in",
            "position": "1017000",
            "half": "2",
            "confidence": "0.8369830250740051"
        },
        {
            "gameTime": "2 - 38:37",
            "label": "Throw-in",
            "position": "2317500",
            "half": "2",
            "confidence": "0.8310859799385071"
        },
        {
            "gameTime": "2 - 13:10",
            "label": "Throw-in",
            "position": "790500",
            "half": "2",
            "confidence": "0.802343487739563"
        },
        {
            "gameTime": "2 - 16:46",
            "label": "Throw-in",
            "position": "1006000",
            "half": "2",
            "confidence": "0.7498195767402649"
        },
        {
            "gameTime": "2 - 10:57",
            "label": "Throw-in",
            "position": "657500",
            "half": "2",
            "confidence": "0.7189475893974304"
        },
        {
            "gameTime": "2 - 26:51",
            "label": "Throw-in",
            "position": "1611500",
            "half": "2",
            "confidence": "0.7074524760246277"
        },
        {
            "gameTime": "2 - 18:22",
            "label": "Throw-in",
            "position": "1102000",
            "half": "2",
            "confidence": "0.672641932964325"
        },
        {
            "gameTime": "2 - 17:41",
            "label": "Throw-in",
            "position": "1061000",
            "half": "2",
            "confidence": "0.5872440338134766"
        },
        {
            "gameTime": "2 - 7:41",
            "label": "Throw-in",
            "position": "461500",
            "half": "2",
            "confidence": "0.5557631850242615"
        },
        {
            "gameTime": "2 - 37:40",
            "label": "Throw-in",
            "position": "2260000",
            "half": "2",
            "confidence": "0.555591344833374"
        },
        {
            "gameTime": "2 - 16:14",
            "label": "Throw-in",
            "position": "974000",
            "half": "2",
            "confidence": "0.5526947379112244"
        },
        {
            "gameTime": "2 - 13:0",
            "label": "Throw-in",
            "position": "780000",
            "half": "2",
            "confidence": "0.5473582744598389"
        },
        {
            "gameTime": "2 - 7:7",
            "label": "Throw-in",
            "position": "427500",
            "half": "2",
            "confidence": "0.5220869183540344"
        },
        {
            "gameTime": "2 - 31:8",
            "label": "Throw-in",
            "position": "1868500",
            "half": "2",
            "confidence": "0.502424955368042"
        },
        {
            "gameTime": "2 - 10:14",
            "label": "Foul",
            "position": "614000",
            "half": "2",
            "confidence": "0.9469436407089233"
        },
        {
            "gameTime": "2 - 25:44",
            "label": "Foul",
            "position": "1544500",
            "half": "2",
            "confidence": "0.820328414440155"
        },
        {
            "gameTime": "2 - 35:10",
            "label": "Foul",
            "position": "2110000",
            "half": "2",
            "confidence": "0.678386926651001"
        },
        {
            "gameTime": "2 - 5:46",
            "label": "Foul",
            "position": "346000",
            "half": "2",
            "confidence": "0.6286482214927673"
        },
        {
            "gameTime": "2 - 34:59",
            "label": "Foul",
            "position": "2099500",
            "half": "2",
            "confidence": "0.5931431651115417"
        },
        {
            "gameTime": "2 - 9:57",
            "label": "Foul",
            "position": "597500",
            "half": "2",
            "confidence": "0.5608128905296326"
        },
        {
            "gameTime": "2 - 32:29",
            "label": "Foul",
            "position": "1949000",
            "half": "2",
            "confidence": "0.5054931044578552"
        },
        {
            "gameTime": "2 - 10:24",
            "label": "Foul",
            "position": "624000",
            "half": "2",
            "confidence": "0.5051779747009277"
        },
        {
            "gameTime": "2 - 2:36",
            "label": "Indirect free-kick",
            "position": "156500",
            "half": "2",
            "confidence": "0.6759942770004272"
        },
        {
            "gameTime": "2 - 2:25",
            "label": "Indirect free-kick",
            "position": "145000",
            "half": "2",
            "confidence": "0.6599921584129333"
        },
        {
            "gameTime": "2 - 40:2",
            "label": "Indirect free-kick",
            "position": "2402000",
            "half": "2",
            "confidence": "0.5953993797302246"
        },
        {
            "gameTime": "2 - 3:57",
            "label": "Indirect free-kick",
            "position": "237500",
            "half": "2",
            "confidence": "0.5575094223022461"
        },
        {
            "gameTime": "2 - 10:44",
            "label": "Direct free-kick",
            "position": "644000",
            "half": "2",
            "confidence": "0.7314066290855408"
        },
        {
            "gameTime": "2 - 12:2",
            "label": "Direct free-kick",
            "position": "722000",
            "half": "2",
            "confidence": "0.7217623591423035"
        },
        {
            "gameTime": "2 - 20:35",
            "label": "Direct free-kick",
            "position": "1235000",
            "half": "2",
            "confidence": "0.6789184808731079"
        },
        {
            "gameTime": "2 - 44:6",
            "label": "Corner",
            "position": "2646000",
            "half": "2",
            "confidence": "0.9984267950057983"
        },
        {
            "gameTime": "2 - 44:17",
            "label": "Corner",
            "position": "2657000",
            "half": "2",
            "confidence": "0.9969448447227478"
        },
        {
            "gameTime": "2 - 11:58",
            "label": "Corner",
            "position": "718500",
            "half": "2",
            "confidence": "0.9417912364006042"
        },
        {
            "gameTime": "2 - 21:30",
            "label": "Corner",
            "position": "1290000",
            "half": "2",
            "confidence": "0.941596508026123"
        },
        {
            "gameTime": "2 - 20:29",
            "label": "Corner",
            "position": "1229000",
            "half": "2",
            "confidence": "0.9338818788528442"
        },
        {
            "gameTime": "2 - 12:8",
            "label": "Corner",
            "position": "728500",
            "half": "2",
            "confidence": "0.8948892951011658"
        },
        {
            "gameTime": "2 - 20:39",
            "label": "Corner",
            "position": "1239000",
            "half": "2",
            "confidence": "0.8305051922798157"
        },
        {
            "gameTime": "2 - 21:13",
            "label": "Corner",
            "position": "1273500",
            "half": "2",
            "confidence": "0.6858336925506592"
        },
        {
            "gameTime": "2 - 20:18",
            "label": "Corner",
            "position": "1218500",
            "half": "2",
            "confidence": "0.530299723148346"
        },
        {
            "gameTime": "2 - 30:48",
            "label": "Yellow card",
            "position": "1848500",
            "half": "2",
            "confidence": "0.5533053278923035"
        },
        {
            "gameTime": "2 - 23:13",
            "label": "Yellow card",
            "position": "1393500",
            "half": "2",
            "confidence": "0.5391010642051697"
        }
    ]
}