{
    "UrlLocal": "england_epl/2015-2016/2015-08-23 - 15-30 West Brom 2 - 3 Chelsea",
    "predictions": [
        {
            "gameTime": "1 - 16:16",
            "label": "card",
            "position": "976000",
            "half": "1",
            "confidence": "0.6949954628944397"
        },
        {
            "gameTime": "1 - 16:5",
            "label": "card",
            "position": "965500",
            "half": "1",
            "confidence": "0.5158464908599854"
        },
        {
            "gameTime": "1 - 29:13",
            "label": "soccer",
            "position": "1753500",
            "half": "1",
            "confidence": "0.868054986000061"
        },
        {
            "gameTime": "1 - 13:4",
            "label": "soccer",
            "position": "784000",
            "half": "1",
            "confidence": "0.5556763410568237"
        },
        {
            "gameTime": "2 - 25:28",
            "label": "card",
            "position": "1528500",
            "half": "2",
            "confidence": "0.952264666557312"
        },
        {
            "gameTime": "2 - 25:18",
            "label": "card",
            "position": "1518000",
            "half": "2",
            "confidence": "0.7632104158401489"
        },
        {
            "gameTime": "2 - 8:15",
            "label": "card",
            "position": "495500",
            "half": "2",
            "confidence": "0.7419082522392273"
        },
        {
            "gameTime": "2 - 11:26",
            "label": "card",
            "position": "686000",
            "half": "2",
            "confidence": "0.6238553524017334"
        },
        {
            "gameTime": "2 - 11:15",
            "label": "card",
            "position": "675500",
            "half": "2",
            "confidence": "0.5347803831100464"
        },
        {
            "gameTime": "2 - 8:25",
            "label": "card",
            "position": "505500",
            "half": "2",
            "confidence": "0.5006956458091736"
        },
        {
            "gameTime": "2 - 14:25",
            "label": "subs",
            "position": "865500",
            "half": "2",
            "confidence": "0.8759713172912598"
        },
        {
            "gameTime": "2 - 42:35",
            "label": "subs",
            "position": "2555000",
            "half": "2",
            "confidence": "0.7777837514877319"
        },
        {
            "gameTime": "2 - 32:18",
            "label": "subs",
            "position": "1938000",
            "half": "2",
            "confidence": "0.7720532417297363"
        },
        {
            "gameTime": "2 - 32:28",
            "label": "subs",
            "position": "1948500",
            "half": "2",
            "confidence": "0.7342386245727539"
        },
        {
            "gameTime": "2 - 38:49",
            "label": "subs",
            "position": "2329500",
            "half": "2",
            "confidence": "0.551246166229248"
        },
        {
            "gameTime": "2 - 17:24",
            "label": "soccer",
            "position": "1044000",
            "half": "2",
            "confidence": "0.8230947256088257"
        },
        {
            "gameTime": "2 - 26:52",
            "label": "soccer",
            "position": "1612500",
            "half": "2",
            "confidence": "0.8084143996238708"
        },
        {
            "gameTime": "2 - 27:20",
            "label": "soccer",
            "position": "1640500",
            "half": "2",
            "confidence": "0.6878454089164734"
        }
    ]
}