{
    "UrlLocal": "spain_laliga/2015-2016/2015-12-05 - 18-00 Real Madrid 4 - 1 Getafe",
    "predictions": [
        {
            "gameTime": "1 - 0:0",
            "label": "Kick-off",
            "position": "0",
            "half": "1",
            "confidence": "0.9174814224243164"
        },
        {
            "gameTime": "1 - 4:35",
            "label": "Kick-off",
            "position": "275500",
            "half": "1",
            "confidence": "0.8296738266944885"
        },
        {
            "gameTime": "1 - 35:37",
            "label": "Kick-off",
            "position": "2137000",
            "half": "1",
            "confidence": "0.7747297286987305"
        },
        {
            "gameTime": "1 - 0:10",
            "label": "Kick-off",
            "position": "10000",
            "half": "1",
            "confidence": "0.6899828910827637"
        },
        {
            "gameTime": "1 - 16:53",
            "label": "Kick-off",
            "position": "1013500",
            "half": "1",
            "confidence": "0.6063699722290039"
        },
        {
            "gameTime": "1 - 3:54",
            "label": "Goal",
            "position": "234000",
            "half": "1",
            "confidence": "0.8854874968528748"
        },
        {
            "gameTime": "1 - 37:47",
            "label": "Goal",
            "position": "2267500",
            "half": "1",
            "confidence": "0.797982931137085"
        },
        {
            "gameTime": "1 - 15:43",
            "label": "Goal",
            "position": "943500",
            "half": "1",
            "confidence": "0.7153697609901428"
        },
        {
            "gameTime": "1 - 34:19",
            "label": "Goal",
            "position": "2059500",
            "half": "1",
            "confidence": "0.5696256160736084"
        },
        {
            "gameTime": "1 - 3:53",
            "label": "Shots on target",
            "position": "233500",
            "half": "1",
            "confidence": "0.5110683441162109"
        },
        {
            "gameTime": "1 - 22:49",
            "label": "Shots off target",
            "position": "1369000",
            "half": "1",
            "confidence": "0.6617443561553955"
        },
        {
            "gameTime": "1 - 43:20",
            "label": "Shots off target",
            "position": "2600000",
            "half": "1",
            "confidence": "0.5902833938598633"
        },
        {
            "gameTime": "1 - 7:59",
            "label": "Shots off target",
            "position": "479000",
            "half": "1",
            "confidence": "0.5799829959869385"
        },
        {
            "gameTime": "1 - 11:26",
            "label": "Clearance",
            "position": "686000",
            "half": "1",
            "confidence": "0.8616534471511841"
        },
        {
            "gameTime": "1 - 28:55",
            "label": "Clearance",
            "position": "1735000",
            "half": "1",
            "confidence": "0.8408603072166443"
        },
        {
            "gameTime": "1 - 23:5",
            "label": "Clearance",
            "position": "1385500",
            "half": "1",
            "confidence": "0.830630898475647"
        },
        {
            "gameTime": "1 - 27:0",
            "label": "Clearance",
            "position": "1620000",
            "half": "1",
            "confidence": "0.6824472546577454"
        },
        {
            "gameTime": "1 - 32:9",
            "label": "Clearance",
            "position": "1929000",
            "half": "1",
            "confidence": "0.6797782778739929"
        },
        {
            "gameTime": "1 - 31:13",
            "label": "Clearance",
            "position": "1873000",
            "half": "1",
            "confidence": "0.657009482383728"
        },
        {
            "gameTime": "1 - 4:38",
            "label": "Clearance",
            "position": "278500",
            "half": "1",
            "confidence": "0.6543538570404053"
        },
        {
            "gameTime": "1 - 3:10",
            "label": "Clearance",
            "position": "190500",
            "half": "1",
            "confidence": "0.6339837312698364"
        },
        {
            "gameTime": "1 - 25:50",
            "label": "Clearance",
            "position": "1550500",
            "half": "1",
            "confidence": "0.6170235276222229"
        },
        {
            "gameTime": "1 - 35:33",
            "label": "Clearance",
            "position": "2133000",
            "half": "1",
            "confidence": "0.503494143486023"
        },
        {
            "gameTime": "1 - 25:35",
            "label": "Ball out of play",
            "position": "1535500",
            "half": "1",
            "confidence": "0.9301291704177856"
        },
        {
            "gameTime": "1 - 19:45",
            "label": "Ball out of play",
            "position": "1185000",
            "half": "1",
            "confidence": "0.9141225218772888"
        },
        {
            "gameTime": "1 - 5:5",
            "label": "Ball out of play",
            "position": "305500",
            "half": "1",
            "confidence": "0.8994876146316528"
        },
        {
            "gameTime": "1 - 9:49",
            "label": "Ball out of play",
            "position": "589000",
            "half": "1",
            "confidence": "0.8984076976776123"
        },
        {
            "gameTime": "1 - 2:2",
            "label": "Ball out of play",
            "position": "122000",
            "half": "1",
            "confidence": "0.871931254863739"
        },
        {
            "gameTime": "1 - 37:38",
            "label": "Ball out of play",
            "position": "2258500",
            "half": "1",
            "confidence": "0.8524288535118103"
        },
        {
            "gameTime": "1 - 21:46",
            "label": "Ball out of play",
            "position": "1306000",
            "half": "1",
            "confidence": "0.8470040559768677"
        },
        {
            "gameTime": "1 - 5:15",
            "label": "Ball out of play",
            "position": "315500",
            "half": "1",
            "confidence": "0.8455913066864014"
        },
        {
            "gameTime": "1 - 21:25",
            "label": "Ball out of play",
            "position": "1285000",
            "half": "1",
            "confidence": "0.8352941870689392"
        },
        {
            "gameTime": "1 - 3:42",
            "label": "Ball out of play",
            "position": "222500",
            "half": "1",
            "confidence": "0.8259968161582947"
        },
        {
            "gameTime": "1 - 35:51",
            "label": "Ball out of play",
            "position": "2151000",
            "half": "1",
            "confidence": "0.8121225833892822"
        },
        {
            "gameTime": "1 - 2:12",
            "label": "Ball out of play",
            "position": "132000",
            "half": "1",
            "confidence": "0.8068745136260986"
        },
        {
            "gameTime": "1 - 2:42",
            "label": "Ball out of play",
            "position": "162500",
            "half": "1",
            "confidence": "0.7985410094261169"
        },
        {
            "gameTime": "1 - 29:4",
            "label": "Ball out of play",
            "position": "1744500",
            "half": "1",
            "confidence": "0.7794815897941589"
        },
        {
            "gameTime": "1 - 26:25",
            "label": "Ball out of play",
            "position": "1585000",
            "half": "1",
            "confidence": "0.7653745412826538"
        },
        {
            "gameTime": "1 - 6:49",
            "label": "Ball out of play",
            "position": "409500",
            "half": "1",
            "confidence": "0.7637777924537659"
        },
        {
            "gameTime": "1 - 36:1",
            "label": "Ball out of play",
            "position": "2161000",
            "half": "1",
            "confidence": "0.7493436932563782"
        },
        {
            "gameTime": "1 - 26:36",
            "label": "Ball out of play",
            "position": "1596000",
            "half": "1",
            "confidence": "0.7348530888557434"
        },
        {
            "gameTime": "1 - 27:12",
            "label": "Ball out of play",
            "position": "1632500",
            "half": "1",
            "confidence": "0.7252655625343323"
        },
        {
            "gameTime": "1 - 32:45",
            "label": "Ball out of play",
            "position": "1965500",
            "half": "1",
            "confidence": "0.7250956296920776"
        },
        {
            "gameTime": "1 - 21:35",
            "label": "Ball out of play",
            "position": "1295000",
            "half": "1",
            "confidence": "0.7235393524169922"
        },
        {
            "gameTime": "1 - 5:35",
            "label": "Ball out of play",
            "position": "335000",
            "half": "1",
            "confidence": "0.7202548384666443"
        },
        {
            "gameTime": "1 - 22:38",
            "label": "Ball out of play",
            "position": "1358500",
            "half": "1",
            "confidence": "0.7170318365097046"
        },
        {
            "gameTime": "1 - 2:22",
            "label": "Ball out of play",
            "position": "142000",
            "half": "1",
            "confidence": "0.6947512030601501"
        },
        {
            "gameTime": "1 - 32:58",
            "label": "Ball out of play",
            "position": "1978500",
            "half": "1",
            "confidence": "0.6930151581764221"
        },
        {
            "gameTime": "1 - 9:3",
            "label": "Ball out of play",
            "position": "543000",
            "half": "1",
            "confidence": "0.692457377910614"
        },
        {
            "gameTime": "1 - 20:26",
            "label": "Ball out of play",
            "position": "1226000",
            "half": "1",
            "confidence": "0.6773866415023804"
        },
        {
            "gameTime": "1 - 31:42",
            "label": "Ball out of play",
            "position": "1902000",
            "half": "1",
            "confidence": "0.6752609014511108"
        },
        {
            "gameTime": "1 - 43:15",
            "label": "Ball out of play",
            "position": "2595000",
            "half": "1",
            "confidence": "0.6679916977882385"
        },
        {
            "gameTime": "1 - 4:55",
            "label": "Ball out of play",
            "position": "295000",
            "half": "1",
            "confidence": "0.6640530824661255"
        },
        {
            "gameTime": "1 - 34:18",
            "label": "Ball out of play",
            "position": "2058000",
            "half": "1",
            "confidence": "0.6508381962776184"
        },
        {
            "gameTime": "1 - 8:46",
            "label": "Ball out of play",
            "position": "526000",
            "half": "1",
            "confidence": "0.6497227549552917"
        },
        {
            "gameTime": "1 - 11:0",
            "label": "Ball out of play",
            "position": "660500",
            "half": "1",
            "confidence": "0.6440203189849854"
        },
        {
            "gameTime": "1 - 27:2",
            "label": "Ball out of play",
            "position": "1622000",
            "half": "1",
            "confidence": "0.6432019472122192"
        },
        {
            "gameTime": "1 - 7:59",
            "label": "Ball out of play",
            "position": "479000",
            "half": "1",
            "confidence": "0.617149829864502"
        },
        {
            "gameTime": "1 - 32:32",
            "label": "Ball out of play",
            "position": "1952500",
            "half": "1",
            "confidence": "0.6169982552528381"
        },
        {
            "gameTime": "1 - 22:48",
            "label": "Ball out of play",
            "position": "1368500",
            "half": "1",
            "confidence": "0.6124205589294434"
        },
        {
            "gameTime": "1 - 28:36",
            "label": "Ball out of play",
            "position": "1716000",
            "half": "1",
            "confidence": "0.6057068705558777"
        },
        {
            "gameTime": "1 - 14:10",
            "label": "Ball out of play",
            "position": "850000",
            "half": "1",
            "confidence": "0.5907642841339111"
        },
        {
            "gameTime": "1 - 1:51",
            "label": "Ball out of play",
            "position": "111500",
            "half": "1",
            "confidence": "0.5844953060150146"
        },
        {
            "gameTime": "1 - 13:40",
            "label": "Ball out of play",
            "position": "820000",
            "half": "1",
            "confidence": "0.5797640085220337"
        },
        {
            "gameTime": "1 - 10:24",
            "label": "Ball out of play",
            "position": "624000",
            "half": "1",
            "confidence": "0.5740430951118469"
        },
        {
            "gameTime": "1 - 18:41",
            "label": "Ball out of play",
            "position": "1121500",
            "half": "1",
            "confidence": "0.5740339756011963"
        },
        {
            "gameTime": "1 - 8:9",
            "label": "Ball out of play",
            "position": "489000",
            "half": "1",
            "confidence": "0.5700514316558838"
        },
        {
            "gameTime": "1 - 21:14",
            "label": "Ball out of play",
            "position": "1274500",
            "half": "1",
            "confidence": "0.5690600275993347"
        },
        {
            "gameTime": "1 - 43:28",
            "label": "Ball out of play",
            "position": "2608000",
            "half": "1",
            "confidence": "0.5679038763046265"
        },
        {
            "gameTime": "1 - 27:25",
            "label": "Ball out of play",
            "position": "1645000",
            "half": "1",
            "confidence": "0.5500165820121765"
        },
        {
            "gameTime": "1 - 15:33",
            "label": "Ball out of play",
            "position": "933000",
            "half": "1",
            "confidence": "0.548301100730896"
        },
        {
            "gameTime": "1 - 2:52",
            "label": "Ball out of play",
            "position": "172500",
            "half": "1",
            "confidence": "0.5420548319816589"
        },
        {
            "gameTime": "1 - 33:19",
            "label": "Ball out of play",
            "position": "1999500",
            "half": "1",
            "confidence": "0.5283069610595703"
        },
        {
            "gameTime": "1 - 44:43",
            "label": "Ball out of play",
            "position": "2683000",
            "half": "1",
            "confidence": "0.5266558527946472"
        },
        {
            "gameTime": "1 - 6:39",
            "label": "Ball out of play",
            "position": "399000",
            "half": "1",
            "confidence": "0.519770085811615"
        },
        {
            "gameTime": "1 - 10:34",
            "label": "Ball out of play",
            "position": "634000",
            "half": "1",
            "confidence": "0.5158814787864685"
        },
        {
            "gameTime": "1 - 19:59",
            "label": "Ball out of play",
            "position": "1199500",
            "half": "1",
            "confidence": "0.5122604370117188"
        },
        {
            "gameTime": "1 - 3:10",
            "label": "Ball out of play",
            "position": "190000",
            "half": "1",
            "confidence": "0.5084431767463684"
        },
        {
            "gameTime": "1 - 8:35",
            "label": "Ball out of play",
            "position": "515500",
            "half": "1",
            "confidence": "0.5046975612640381"
        },
        {
            "gameTime": "1 - 8:22",
            "label": "Ball out of play",
            "position": "502500",
            "half": "1",
            "confidence": "0.5028715133666992"
        },
        {
            "gameTime": "1 - 32:41",
            "label": "Throw-in",
            "position": "1961500",
            "half": "1",
            "confidence": "0.979939341545105"
        },
        {
            "gameTime": "1 - 21:46",
            "label": "Throw-in",
            "position": "1306500",
            "half": "1",
            "confidence": "0.921815812587738"
        },
        {
            "gameTime": "1 - 32:53",
            "label": "Throw-in",
            "position": "1973500",
            "half": "1",
            "confidence": "0.9089293479919434"
        },
        {
            "gameTime": "1 - 2:4",
            "label": "Throw-in",
            "position": "124000",
            "half": "1",
            "confidence": "0.90121990442276"
        },
        {
            "gameTime": "1 - 35:56",
            "label": "Throw-in",
            "position": "2156000",
            "half": "1",
            "confidence": "0.8846903443336487"
        },
        {
            "gameTime": "1 - 8:46",
            "label": "Throw-in",
            "position": "526000",
            "half": "1",
            "confidence": "0.8430994153022766"
        },
        {
            "gameTime": "1 - 2:14",
            "label": "Throw-in",
            "position": "134500",
            "half": "1",
            "confidence": "0.8344488739967346"
        },
        {
            "gameTime": "1 - 21:36",
            "label": "Throw-in",
            "position": "1296000",
            "half": "1",
            "confidence": "0.8045017123222351"
        },
        {
            "gameTime": "1 - 27:34",
            "label": "Throw-in",
            "position": "1654500",
            "half": "1",
            "confidence": "0.7997045516967773"
        },
        {
            "gameTime": "1 - 14:9",
            "label": "Throw-in",
            "position": "849500",
            "half": "1",
            "confidence": "0.7666993141174316"
        },
        {
            "gameTime": "1 - 36:6",
            "label": "Throw-in",
            "position": "2166000",
            "half": "1",
            "confidence": "0.7215980291366577"
        },
        {
            "gameTime": "1 - 0:21",
            "label": "Throw-in",
            "position": "21000",
            "half": "1",
            "confidence": "0.7167530655860901"
        },
        {
            "gameTime": "1 - 1:53",
            "label": "Throw-in",
            "position": "113500",
            "half": "1",
            "confidence": "0.6954747438430786"
        },
        {
            "gameTime": "1 - 13:50",
            "label": "Throw-in",
            "position": "830500",
            "half": "1",
            "confidence": "0.6726874113082886"
        },
        {
            "gameTime": "1 - 9:48",
            "label": "Throw-in",
            "position": "588500",
            "half": "1",
            "confidence": "0.6512625813484192"
        },
        {
            "gameTime": "1 - 6:45",
            "label": "Throw-in",
            "position": "405500",
            "half": "1",
            "confidence": "0.6390833258628845"
        },
        {
            "gameTime": "1 - 6:33",
            "label": "Throw-in",
            "position": "393000",
            "half": "1",
            "confidence": "0.5556326508522034"
        },
        {
            "gameTime": "1 - 21:56",
            "label": "Throw-in",
            "position": "1316500",
            "half": "1",
            "confidence": "0.5433531999588013"
        },
        {
            "gameTime": "1 - 31:20",
            "label": "Throw-in",
            "position": "1880000",
            "half": "1",
            "confidence": "0.534824788570404"
        },
        {
            "gameTime": "1 - 9:2",
            "label": "Throw-in",
            "position": "542500",
            "half": "1",
            "confidence": "0.5201734304428101"
        },
        {
            "gameTime": "1 - 4:56",
            "label": "Throw-in",
            "position": "296000",
            "half": "1",
            "confidence": "0.509209156036377"
        },
        {
            "gameTime": "1 - 17:27",
            "label": "Foul",
            "position": "1047000",
            "half": "1",
            "confidence": "0.8691143989562988"
        },
        {
            "gameTime": "1 - 29:32",
            "label": "Foul",
            "position": "1772000",
            "half": "1",
            "confidence": "0.6665734052658081"
        },
        {
            "gameTime": "1 - 5:58",
            "label": "Foul",
            "position": "358500",
            "half": "1",
            "confidence": "0.5591445565223694"
        },
        {
            "gameTime": "1 - 17:58",
            "label": "Indirect free-kick",
            "position": "1078500",
            "half": "1",
            "confidence": "0.5110512971878052"
        },
        {
            "gameTime": "1 - 5:28",
            "label": "Corner",
            "position": "328000",
            "half": "1",
            "confidence": "0.881520688533783"
        },
        {
            "gameTime": "1 - 8:9",
            "label": "Corner",
            "position": "489000",
            "half": "1",
            "confidence": "0.6547858119010925"
        },
        {
            "gameTime": "1 - 5:38",
            "label": "Corner",
            "position": "338500",
            "half": "1",
            "confidence": "0.6437692642211914"
        },
        {
            "gameTime": "1 - 7:58",
            "label": "Corner",
            "position": "478500",
            "half": "1",
            "confidence": "0.6313721537590027"
        },
        {
            "gameTime": "1 - 36:52",
            "label": "Yellow card",
            "position": "2212500",
            "half": "1",
            "confidence": "0.5562720894813538"
        },
        {
            "gameTime": "2 - 16:36",
            "label": "Substitution",
            "position": "996000",
            "half": "2",
            "confidence": "0.9473633766174316"
        },
        {
            "gameTime": "2 - 16:51",
            "label": "Substitution",
            "position": "1011500",
            "half": "2",
            "confidence": "0.9029305577278137"
        },
        {
            "gameTime": "2 - 41:36",
            "label": "Substitution",
            "position": "2496000",
            "half": "2",
            "confidence": "0.874567985534668"
        },
        {
            "gameTime": "2 - 41:14",
            "label": "Substitution",
            "position": "2474500",
            "half": "2",
            "confidence": "0.8712394833564758"
        },
        {
            "gameTime": "2 - 34:2",
            "label": "Substitution",
            "position": "2042500",
            "half": "2",
            "confidence": "0.8042438626289368"
        },
        {
            "gameTime": "2 - 16:25",
            "label": "Substitution",
            "position": "985000",
            "half": "2",
            "confidence": "0.6238580942153931"
        },
        {
            "gameTime": "2 - 41:24",
            "label": "Substitution",
            "position": "2484500",
            "half": "2",
            "confidence": "0.5997537970542908"
        },
        {
            "gameTime": "2 - 32:28",
            "label": "Substitution",
            "position": "1948500",
            "half": "2",
            "confidence": "0.5704768300056458"
        },
        {
            "gameTime": "2 - 34:12",
            "label": "Substitution",
            "position": "2052500",
            "half": "2",
            "confidence": "0.5702211260795593"
        },
        {
            "gameTime": "2 - 25:16",
            "label": "Substitution",
            "position": "1516500",
            "half": "2",
            "confidence": "0.560766875743866"
        },
        {
            "gameTime": "2 - 17:3",
            "label": "Substitution",
            "position": "1023500",
            "half": "2",
            "confidence": "0.5562497973442078"
        },
        {
            "gameTime": "2 - 3:46",
            "label": "Clearance",
            "position": "226000",
            "half": "2",
            "confidence": "0.6790637373924255"
        },
        {
            "gameTime": "2 - 20:6",
            "label": "Clearance",
            "position": "1206500",
            "half": "2",
            "confidence": "0.6290204524993896"
        },
        {
            "gameTime": "2 - 19:33",
            "label": "Ball out of play",
            "position": "1173500",
            "half": "2",
            "confidence": "0.9074476957321167"
        },
        {
            "gameTime": "2 - 19:43",
            "label": "Ball out of play",
            "position": "1183500",
            "half": "2",
            "confidence": "0.8994971513748169"
        },
        {
            "gameTime": "2 - 24:0",
            "label": "Ball out of play",
            "position": "1440500",
            "half": "2",
            "confidence": "0.8863925337791443"
        },
        {
            "gameTime": "2 - 27:35",
            "label": "Ball out of play",
            "position": "1655000",
            "half": "2",
            "confidence": "0.8809158205986023"
        },
        {
            "gameTime": "2 - 42:33",
            "label": "Ball out of play",
            "position": "2553500",
            "half": "2",
            "confidence": "0.8776843547821045"
        },
        {
            "gameTime": "2 - 21:48",
            "label": "Ball out of play",
            "position": "1308000",
            "half": "2",
            "confidence": "0.8769828081130981"
        },
        {
            "gameTime": "2 - 34:23",
            "label": "Ball out of play",
            "position": "2063000",
            "half": "2",
            "confidence": "0.8762646913528442"
        },
        {
            "gameTime": "2 - 9:48",
            "label": "Ball out of play",
            "position": "588500",
            "half": "2",
            "confidence": "0.8405169248580933"
        },
        {
            "gameTime": "2 - 35:17",
            "label": "Ball out of play",
            "position": "2117000",
            "half": "2",
            "confidence": "0.8372402191162109"
        },
        {
            "gameTime": "2 - 42:45",
            "label": "Ball out of play",
            "position": "2565000",
            "half": "2",
            "confidence": "0.8322609066963196"
        },
        {
            "gameTime": "2 - 14:21",
            "label": "Ball out of play",
            "position": "861500",
            "half": "2",
            "confidence": "0.8181190490722656"
        },
        {
            "gameTime": "2 - 30:48",
            "label": "Ball out of play",
            "position": "1848500",
            "half": "2",
            "confidence": "0.8002483248710632"
        },
        {
            "gameTime": "2 - 10:36",
            "label": "Ball out of play",
            "position": "636500",
            "half": "2",
            "confidence": "0.7891325354576111"
        },
        {
            "gameTime": "2 - 4:14",
            "label": "Ball out of play",
            "position": "254000",
            "half": "2",
            "confidence": "0.786444902420044"
        },
        {
            "gameTime": "2 - 27:56",
            "label": "Ball out of play",
            "position": "1676000",
            "half": "2",
            "confidence": "0.7845367789268494"
        },
        {
            "gameTime": "2 - 42:0",
            "label": "Ball out of play",
            "position": "2520500",
            "half": "2",
            "confidence": "0.7805914878845215"
        },
        {
            "gameTime": "2 - 28:9",
            "label": "Ball out of play",
            "position": "1689500",
            "half": "2",
            "confidence": "0.7376600503921509"
        },
        {
            "gameTime": "2 - 33:16",
            "label": "Ball out of play",
            "position": "1996500",
            "half": "2",
            "confidence": "0.7367686629295349"
        },
        {
            "gameTime": "2 - 41:49",
            "label": "Ball out of play",
            "position": "2509500",
            "half": "2",
            "confidence": "0.7349110841751099"
        },
        {
            "gameTime": "2 - 21:58",
            "label": "Ball out of play",
            "position": "1318000",
            "half": "2",
            "confidence": "0.7242613434791565"
        },
        {
            "gameTime": "2 - 24:27",
            "label": "Ball out of play",
            "position": "1467000",
            "half": "2",
            "confidence": "0.711469829082489"
        },
        {
            "gameTime": "2 - 34:35",
            "label": "Ball out of play",
            "position": "2075500",
            "half": "2",
            "confidence": "0.6907413005828857"
        },
        {
            "gameTime": "2 - 15:27",
            "label": "Ball out of play",
            "position": "927000",
            "half": "2",
            "confidence": "0.6586031317710876"
        },
        {
            "gameTime": "2 - 33:34",
            "label": "Ball out of play",
            "position": "2014500",
            "half": "2",
            "confidence": "0.6496774554252625"
        },
        {
            "gameTime": "2 - 35:5",
            "label": "Ball out of play",
            "position": "2105000",
            "half": "2",
            "confidence": "0.6418114304542542"
        },
        {
            "gameTime": "2 - 20:16",
            "label": "Ball out of play",
            "position": "1216500",
            "half": "2",
            "confidence": "0.6361236572265625"
        },
        {
            "gameTime": "2 - 19:54",
            "label": "Ball out of play",
            "position": "1194000",
            "half": "2",
            "confidence": "0.6237238049507141"
        },
        {
            "gameTime": "2 - 42:23",
            "label": "Ball out of play",
            "position": "2543000",
            "half": "2",
            "confidence": "0.6097447872161865"
        },
        {
            "gameTime": "2 - 18:46",
            "label": "Ball out of play",
            "position": "1126500",
            "half": "2",
            "confidence": "0.5953758955001831"
        },
        {
            "gameTime": "2 - 18:3",
            "label": "Ball out of play",
            "position": "1083000",
            "half": "2",
            "confidence": "0.5887693762779236"
        },
        {
            "gameTime": "2 - 35:27",
            "label": "Ball out of play",
            "position": "2127000",
            "half": "2",
            "confidence": "0.5884751677513123"
        },
        {
            "gameTime": "2 - 29:44",
            "label": "Ball out of play",
            "position": "1784500",
            "half": "2",
            "confidence": "0.5549386739730835"
        },
        {
            "gameTime": "2 - 3:56",
            "label": "Ball out of play",
            "position": "236500",
            "half": "2",
            "confidence": "0.5332849621772766"
        },
        {
            "gameTime": "2 - 43:56",
            "label": "Ball out of play",
            "position": "2636000",
            "half": "2",
            "confidence": "0.5288395285606384"
        },
        {
            "gameTime": "2 - 23:50",
            "label": "Ball out of play",
            "position": "1430000",
            "half": "2",
            "confidence": "0.5181140899658203"
        },
        {
            "gameTime": "2 - 33:6",
            "label": "Ball out of play",
            "position": "1986000",
            "half": "2",
            "confidence": "0.5176343321800232"
        },
        {
            "gameTime": "2 - 39:48",
            "label": "Ball out of play",
            "position": "2388500",
            "half": "2",
            "confidence": "0.5104358196258545"
        },
        {
            "gameTime": "2 - 15:37",
            "label": "Ball out of play",
            "position": "937000",
            "half": "2",
            "confidence": "0.509952187538147"
        },
        {
            "gameTime": "2 - 36:4",
            "label": "Ball out of play",
            "position": "2164500",
            "half": "2",
            "confidence": "0.5071869492530823"
        },
        {
            "gameTime": "2 - 44:26",
            "label": "Ball out of play",
            "position": "2666500",
            "half": "2",
            "confidence": "0.5035601258277893"
        },
        {
            "gameTime": "2 - 8:34",
            "label": "Ball out of play",
            "position": "514500",
            "half": "2",
            "confidence": "0.503329336643219"
        },
        {
            "gameTime": "2 - 19:44",
            "label": "Throw-in",
            "position": "1184500",
            "half": "2",
            "confidence": "0.8955446481704712"
        },
        {
            "gameTime": "2 - 35:25",
            "label": "Throw-in",
            "position": "2125000",
            "half": "2",
            "confidence": "0.8727042078971863"
        },
        {
            "gameTime": "2 - 21:55",
            "label": "Throw-in",
            "position": "1315000",
            "half": "2",
            "confidence": "0.821655809879303"
        },
        {
            "gameTime": "2 - 18:46",
            "label": "Throw-in",
            "position": "1126000",
            "half": "2",
            "confidence": "0.8066139817237854"
        },
        {
            "gameTime": "2 - 20:17",
            "label": "Throw-in",
            "position": "1217000",
            "half": "2",
            "confidence": "0.7823404669761658"
        },
        {
            "gameTime": "2 - 33:16",
            "label": "Throw-in",
            "position": "1996500",
            "half": "2",
            "confidence": "0.7805600166320801"
        },
        {
            "gameTime": "2 - 23:54",
            "label": "Throw-in",
            "position": "1434500",
            "half": "2",
            "confidence": "0.7749583721160889"
        },
        {
            "gameTime": "2 - 42:31",
            "label": "Throw-in",
            "position": "2551500",
            "half": "2",
            "confidence": "0.7472440600395203"
        },
        {
            "gameTime": "2 - 14:27",
            "label": "Throw-in",
            "position": "867500",
            "half": "2",
            "confidence": "0.731281578540802"
        },
        {
            "gameTime": "2 - 42:42",
            "label": "Throw-in",
            "position": "2562500",
            "half": "2",
            "confidence": "0.7283480763435364"
        },
        {
            "gameTime": "2 - 33:34",
            "label": "Throw-in",
            "position": "2014500",
            "half": "2",
            "confidence": "0.7189229130744934"
        },
        {
            "gameTime": "2 - 33:46",
            "label": "Throw-in",
            "position": "2026000",
            "half": "2",
            "confidence": "0.6782223582267761"
        },
        {
            "gameTime": "2 - 42:0",
            "label": "Throw-in",
            "position": "2520500",
            "half": "2",
            "confidence": "0.6640848517417908"
        },
        {
            "gameTime": "2 - 18:2",
            "label": "Throw-in",
            "position": "1082500",
            "half": "2",
            "confidence": "0.655061662197113"
        },
        {
            "gameTime": "2 - 25:31",
            "label": "Throw-in",
            "position": "1531500",
            "half": "2",
            "confidence": "0.6452805399894714"
        },
        {
            "gameTime": "2 - 19:34",
            "label": "Throw-in",
            "position": "1174000",
            "half": "2",
            "confidence": "0.6030624508857727"
        },
        {
            "gameTime": "2 - 24:5",
            "label": "Throw-in",
            "position": "1445500",
            "half": "2",
            "confidence": "0.5831363201141357"
        },
        {
            "gameTime": "2 - 10:5",
            "label": "Throw-in",
            "position": "605000",
            "half": "2",
            "confidence": "0.5818564295768738"
        },
        {
            "gameTime": "2 - 19:57",
            "label": "Throw-in",
            "position": "1197000",
            "half": "2",
            "confidence": "0.564106285572052"
        },
        {
            "gameTime": "2 - 36:9",
            "label": "Throw-in",
            "position": "2169500",
            "half": "2",
            "confidence": "0.552198588848114"
        },
        {
            "gameTime": "2 - 1:6",
            "label": "Throw-in",
            "position": "66500",
            "half": "2",
            "confidence": "0.5181913375854492"
        },
        {
            "gameTime": "2 - 21:44",
            "label": "Throw-in",
            "position": "1304000",
            "half": "2",
            "confidence": "0.5154770612716675"
        },
        {
            "gameTime": "2 - 2:44",
            "label": "Foul",
            "position": "164000",
            "half": "2",
            "confidence": "0.5510522723197937"
        },
        {
            "gameTime": "2 - 4:52",
            "label": "Indirect free-kick",
            "position": "292000",
            "half": "2",
            "confidence": "0.6045001745223999"
        },
        {
            "gameTime": "2 - 2:49",
            "label": "Indirect free-kick",
            "position": "169500",
            "half": "2",
            "confidence": "0.5331752300262451"
        },
        {
            "gameTime": "2 - 36:10",
            "label": "Indirect free-kick",
            "position": "2170000",
            "half": "2",
            "confidence": "0.5216513276100159"
        },
        {
            "gameTime": "2 - 13:24",
            "label": "Direct free-kick",
            "position": "804000",
            "half": "2",
            "confidence": "0.8060312867164612"
        },
        {
            "gameTime": "2 - 27:56",
            "label": "Corner",
            "position": "1676500",
            "half": "2",
            "confidence": "0.8603536486625671"
        },
        {
            "gameTime": "2 - 28:6",
            "label": "Corner",
            "position": "1686500",
            "half": "2",
            "confidence": "0.8070118427276611"
        },
        {
            "gameTime": "2 - 24:22",
            "label": "Corner",
            "position": "1462500",
            "half": "2",
            "confidence": "0.7995547652244568"
        },
        {
            "gameTime": "2 - 28:18",
            "label": "Corner",
            "position": "1698500",
            "half": "2",
            "confidence": "0.7153586745262146"
        },
        {
            "gameTime": "2 - 34:58",
            "label": "Corner",
            "position": "2098500",
            "half": "2",
            "confidence": "0.6117657423019409"
        },
        {
            "gameTime": "2 - 33:5",
            "label": "Corner",
            "position": "1985500",
            "half": "2",
            "confidence": "0.5810802578926086"
        },
        {
            "gameTime": "2 - 12:47",
            "label": "Yellow card",
            "position": "767000",
            "half": "2",
            "confidence": "0.8094825744628906"
        }
    ]
}