{
    "UrlLocal": "england_epl/2016-2017/2017-04-02 - 18-00 Arsenal 2 - 2 Manchester City",
    "UrlYoutube": "",
    "annotations": [
        {
            "change_type": "",
            "gameTime": "1 - 02:35",
            "label": "",
            "position": "155925",
            "replay": "real-time"
        },
        {
            "change_type": "",
            "gameTime": "1 - 02:46",
            "label": "",
            "link": "",
            "position": "166300",
            "replay": "replay"
        },
        {
            "change_type": "",
            "gameTime": "1 - 03:18",
            "label": "",
            "position": "198640",
            "replay": "real-time"
        },
        {
            "change_type": "",
            "gameTime": "1 - 03:29",
            "label": "",
            "link": "",
            "position": "209669",
            "replay": "replay"
        },
        {
            "change_type": "",
            "gameTime": "1 - 03:55",
            "label": "",
            "position": "235588",
            "replay": "real-time"
        },
        {
            "change_type": "",
            "gameTime": "1 - 04:05",
            "label": "",
            "link": "",
            "position": "245377",
            "replay": "replay"
        },
        {
            "change_type": "",
            "gameTime": "1 - 04:12",
            "label": "",
            "link": "",
            "position": "252816",
            "replay": "replay"
        },
        {
            "change_type": "",
            "gameTime": "1 - 04:45",
            "label": "",
            "position": "285796",
            "replay": "real-time"
        },
        {
            "change_type": "",
            "gameTime": "1 - 04:59",
            "label": "",
            "link": "",
            "position": "299319",
            "replay": "replay"
        },
        {
            "change_type": "",
            "gameTime": "1 - 05:07",
            "label": "",
            "link": "",
            "position": "307607",
            "replay": "replay"
        },
        {
            "change_type": "",
            "gameTime": "1 - 05:17",
            "label": "",
            "link": "",
            "position": "317828",
            "replay": "replay"
        },
        {
            "change_type": "",
            "gameTime": "1 - 05:23",
            "label": "",
            "position": "323174",
            "replay": "other"
        },
        {
            "change_type": "",
            "gameTime": "1 - 06:03",
            "label": "",
            "position": "363961",
            "replay": "real-time"
        },
        {
            "change_type": "",
            "gameTime": "1 - 06:15",
            "label": "",
            "link": "",
            "position": "375707",
            "replay": "replay"
        },
        {
            "change_type": "",
            "gameTime": "1 - 06:24",
            "label": "",
            "link": "",
            "position": "384733",
            "replay": "replay"
        },
        {
            "change_type": "",
            "gameTime": "1 - 06:29",
            "label": "",
            "position": "389351",
            "replay": "other"
        },
        {
            "change_type": "",
            "gameTime": "1 - 07:54",
            "label": "",
            "position": "474292",
            "replay": "real-time"
        },
        {
            "change_type": "",
            "gameTime": "1 - 08:01",
            "label": "",
            "link": "",
            "position": "481124",
            "replay": "replay"
        },
        {
            "change_type": "",
            "gameTime": "1 - 08:07",
            "label": "",
            "link": "",
            "position": "487329",
            "replay": "replay"
        },
        {
            "change_type": "",
            "gameTime": "1 - 11:55",
            "label": "",
            "position": "715970",
            "replay": "real-time"
        },
        {
            "change_type": "",
            "gameTime": "1 - 12:06",
            "label": "",
            "link": "",
            "position": "726125",
            "replay": "replay"
        },
        {
            "change_type": "",
            "gameTime": "1 - 12:17",
            "label": "",
            "link": "",
            "position": "737020",
            "replay": "replay"
        },
        {
            "change_type": "",
            "gameTime": "1 - 12:21",
            "label": "",
            "link": "",
            "position": "741942",
            "replay": "replay"
        },
        {
            "change_type": "",
            "gameTime": "1 - 12:26",
            "label": "",
            "link": "",
            "position": "746931",
            "replay": "replay"
        },
        {
            "change_type": "",
            "gameTime": "1 - 13:58",
            "label": "",
            "position": "838960",
            "replay": "real-time"
        },
        {
            "change_type": "",
            "gameTime": "1 - 14:05",
            "label": "",
            "link": "",
            "position": "845256",
            "replay": "replay"
        },
        {
            "change_type": "",
            "gameTime": "1 - 14:11",
            "label": "",
            "link": "",
            "position": "851564",
            "replay": "replay"
        },
        {
            "change_type": "",
            "gameTime": "1 - 15:00",
            "label": "",
            "position": "900696",
            "replay": "real-time"
        },
        {
            "change_type": "",
            "gameTime": "1 - 15:09",
            "label": "",
            "link": "",
            "position": "909075",
            "replay": "replay"
        },
        {
            "change_type": "",
            "gameTime": "1 - 20:55",
            "label": "",
            "position": "1255955",
            "replay": "real-time"
        },
        {
            "change_type": "",
            "gameTime": "1 - 21:03",
            "label": "",
            "link": "",
            "position": "1263902",
            "replay": "replay"
        },
        {
            "change_type": "",
            "gameTime": "1 - 28:11",
            "label": "",
            "position": "1691559",
            "replay": "real-time"
        },
        {
            "change_type": "",
            "gameTime": "1 - 28:22",
            "label": "",
            "position": "1702526",
            "replay": "other"
        },
        {
            "change_type": "",
            "gameTime": "1 - 28:49",
            "label": "",
            "position": "1729069",
            "replay": "real-time"
        },
        {
            "change_type": "",
            "gameTime": "1 - 28:57",
            "label": "",
            "position": "1737231",
            "replay": "other"
        },
        {
            "change_type": "",
            "gameTime": "1 - 29:36",
            "label": "",
            "position": "1776970",
            "replay": "real-time"
        },
        {
            "change_type": "",
            "gameTime": "1 - 29:43",
            "label": "",
            "link": "",
            "position": "1783736",
            "replay": "replay"
        },
        {
            "change_type": "",
            "gameTime": "1 - 29:52",
            "label": "",
            "link": "",
            "position": "1792400",
            "replay": "replay"
        },
        {
            "change_type": "",
            "gameTime": "1 - 29:59",
            "label": "",
            "position": "1799989",
            "replay": "other"
        },
        {
            "change_type": "",
            "gameTime": "1 - 31:57",
            "label": "",
            "position": "1917954",
            "replay": "real-time"
        },
        {
            "change_type": "",
            "gameTime": "1 - 32:03",
            "label": "",
            "link": "",
            "position": "1923332",
            "replay": "replay"
        },
        {
            "change_type": "",
            "gameTime": "1 - 32:10",
            "label": "",
            "link": "",
            "position": "1930569",
            "replay": "replay"
        },
        {
            "change_type": "",
            "gameTime": "1 - 34:00",
            "label": "",
            "position": "2040993",
            "replay": "real-time"
        },
        {
            "change_type": "",
            "gameTime": "1 - 34:07",
            "label": "",
            "link": "",
            "position": "2047403",
            "replay": "replay"
        },
        {
            "change_type": "",
            "gameTime": "1 - 34:12",
            "label": "",
            "link": "",
            "position": "2052592",
            "replay": "replay"
        },
        {
            "change_type": "",
            "gameTime": "1 - 39:29",
            "label": "",
            "position": "2369049",
            "replay": "real-time"
        },
        {
            "change_type": "",
            "gameTime": "1 - 39:46",
            "label": "",
            "link": "",
            "position": "2386917",
            "replay": "replay"
        },
        {
            "change_type": "",
            "gameTime": "1 - 39:53",
            "label": "",
            "link": "",
            "position": "2393461",
            "replay": "replay"
        },
        {
            "change_type": "",
            "gameTime": "1 - 40:00",
            "label": "",
            "position": "2400021",
            "replay": "other"
        },
        {
            "change_type": "",
            "gameTime": "1 - 41:43",
            "label": "",
            "position": "2503188",
            "replay": "real-time"
        },
        {
            "change_type": "",
            "gameTime": "1 - 42:00",
            "label": "",
            "link": "",
            "position": "2520129",
            "replay": "replay"
        },
        {
            "change_type": "",
            "gameTime": "1 - 42:11",
            "label": "",
            "link": "",
            "position": "2531760",
            "replay": "replay"
        },
        {
            "change_type": "",
            "gameTime": "1 - 42:18",
            "label": "",
            "link": "",
            "position": "2538493",
            "replay": "replay"
        },
        {
            "change_type": "",
            "gameTime": "1 - 42:24",
            "label": "",
            "link": "",
            "position": "2544068",
            "replay": "replay"
        },
        {
            "change_type": "",
            "gameTime": "1 - 44:39",
            "label": "",
            "position": "2679208",
            "replay": "real-time"
        },
        {
            "change_type": "",
            "gameTime": "1 - 44:48",
            "label": "",
            "link": "",
            "position": "2688387",
            "replay": "replay"
        },
        {
            "change_type": "",
            "gameTime": "1 - 46:38",
            "label": "",
            "position": "2798476",
            "replay": "real-time"
        },
        {
            "change_type": "",
            "gameTime": "1 - 46:49",
            "label": "",
            "link": "",
            "position": "2809355",
            "replay": "replay"
        },
        {
            "change_type": "",
            "gameTime": "1 - 46:57",
            "label": "",
            "link": "",
            "position": "2817157",
            "replay": "replay"
        },
        {
            "change_type": "",
            "gameTime": "2 - 01:52",
            "label": "",
            "position": "112460",
            "replay": "real-time"
        },
        {
            "change_type": "",
            "gameTime": "2 - 01:58",
            "label": "",
            "link": "",
            "position": "118444",
            "replay": "replay"
        },
        {
            "change_type": "",
            "gameTime": "2 - 02:04",
            "label": "",
            "link": "",
            "position": "124507",
            "replay": "replay"
        },
        {
            "change_type": "",
            "gameTime": "2 - 06:37",
            "label": "",
            "position": "397445",
            "replay": "real-time"
        },
        {
            "change_type": "",
            "gameTime": "2 - 06:46",
            "label": "",
            "link": "",
            "position": "406979",
            "replay": "replay"
        },
        {
            "change_type": "",
            "gameTime": "2 - 06:52",
            "label": "",
            "link": "",
            "position": "412094",
            "replay": "replay"
        },
        {
            "change_type": "",
            "gameTime": "2 - 07:34",
            "label": "",
            "position": "454033",
            "replay": "real-time"
        },
        {
            "change_type": "",
            "gameTime": "2 - 07:42",
            "label": "",
            "link": "",
            "position": "462553",
            "replay": "replay"
        },
        {
            "change_type": "",
            "gameTime": "2 - 08:10",
            "label": "",
            "position": "490495",
            "replay": "real-time"
        },
        {
            "change_type": "",
            "gameTime": "2 - 08:18",
            "label": "",
            "link": "",
            "position": "498575",
            "replay": "replay"
        },
        {
            "change_type": "",
            "gameTime": "2 - 08:24",
            "label": "",
            "link": "",
            "position": "504632",
            "replay": "replay"
        },
        {
            "change_type": "",
            "gameTime": "2 - 08:34",
            "label": "",
            "link": "",
            "position": "514174",
            "replay": "replay"
        },
        {
            "change_type": "",
            "gameTime": "2 - 08:41",
            "label": "",
            "link": "",
            "position": "521669",
            "replay": "replay"
        },
        {
            "change_type": "",
            "gameTime": "2 - 08:46",
            "label": "",
            "position": "526856",
            "replay": "other"
        },
        {
            "change_type": "",
            "gameTime": "2 - 12:20",
            "label": "",
            "position": "740152",
            "replay": "real-time"
        },
        {
            "change_type": "",
            "gameTime": "2 - 12:28",
            "label": "",
            "link": "",
            "position": "748484",
            "replay": "replay"
        },
        {
            "change_type": "",
            "gameTime": "2 - 12:35",
            "label": "",
            "link": "",
            "position": "755341",
            "replay": "replay"
        },
        {
            "change_type": "",
            "gameTime": "2 - 12:42",
            "label": "",
            "link": "",
            "position": "762801",
            "replay": "replay"
        },
        {
            "change_type": "",
            "gameTime": "2 - 13:22",
            "label": "",
            "position": "802336",
            "replay": "real-time"
        },
        {
            "change_type": "",
            "gameTime": "2 - 13:30",
            "label": "",
            "position": "810230",
            "replay": "other"
        },
        {
            "change_type": "",
            "gameTime": "2 - 13:36",
            "label": "",
            "position": "816706",
            "replay": "other"
        },
        {
            "change_type": "",
            "gameTime": "2 - 15:11",
            "label": "",
            "position": "911277",
            "replay": "real-time"
        },
        {
            "change_type": "",
            "gameTime": "2 - 15:16",
            "label": "",
            "link": "",
            "position": "916994",
            "replay": "replay"
        },
        {
            "change_type": "",
            "gameTime": "2 - 17:09",
            "label": "",
            "position": "1029700",
            "replay": "real-time"
        },
        {
            "change_type": "",
            "gameTime": "2 - 17:19",
            "label": "",
            "link": "",
            "position": "1039846",
            "replay": "replay"
        },
        {
            "change_type": "",
            "gameTime": "2 - 22:05",
            "label": "",
            "position": "1325933",
            "replay": "real-time"
        },
        {
            "change_type": "",
            "gameTime": "2 - 22:14",
            "label": "",
            "link": "",
            "position": "1334162",
            "replay": "replay"
        },
        {
            "change_type": "",
            "gameTime": "2 - 25:58",
            "label": "",
            "position": "1558052",
            "replay": "real-time"
        },
        {
            "change_type": "",
            "gameTime": "2 - 26:10",
            "label": "",
            "link": "",
            "position": "1570334",
            "replay": "replay"
        },
        {
            "change_type": "",
            "gameTime": "2 - 34:10",
            "label": "",
            "position": "2050548",
            "replay": "real-time"
        },
        {
            "change_type": "",
            "gameTime": "2 - 34:21",
            "label": "",
            "link": "",
            "position": "2061228",
            "replay": "replay"
        },
        {
            "change_type": "",
            "gameTime": "2 - 35:46",
            "label": "",
            "position": "2146436",
            "replay": "real-time"
        },
        {
            "change_type": "",
            "gameTime": "2 - 35:53",
            "label": "",
            "link": "",
            "position": "2153481",
            "replay": "replay"
        },
        {
            "change_type": "",
            "gameTime": "2 - 35:58",
            "label": "",
            "position": "2158991",
            "replay": "other"
        },
        {
            "change_type": "",
            "gameTime": "2 - 38:25",
            "label": "",
            "position": "2305163",
            "replay": "real-time"
        },
        {
            "change_type": "",
            "gameTime": "2 - 38:34",
            "label": "",
            "link": "",
            "position": "2314280",
            "replay": "replay"
        },
        {
            "change_type": "",
            "gameTime": "2 - 39:44",
            "label": "",
            "position": "2384725",
            "replay": "real-time"
        },
        {
            "change_type": "",
            "gameTime": "2 - 39:52",
            "label": "",
            "link": "",
            "position": "2392016",
            "replay": "replay"
        },
        {
            "change_type": "",
            "gameTime": "2 - 39:56",
            "label": "",
            "link": "",
            "position": "2396590",
            "replay": "replay"
        },
        {
            "change_type": "",
            "gameTime": "2 - 42:51",
            "label": "",
            "position": "2571170",
            "replay": "real-time"
        },
        {
            "change_type": "",
            "gameTime": "2 - 43:06",
            "label": "",
            "link": "",
            "position": "2586984",
            "replay": "replay"
        },
        {
            "change_type": "",
            "gameTime": "2 - 47:42",
            "label": "",
            "position": "2862598",
            "replay": "real-time"
        },
        {
            "change_type": "",
            "gameTime": "2 - 47:53",
            "label": "",
            "position": "2873796",
            "replay": "other"
        }
    ],
    "gameAwayTeam": "Manchester City",
    "gameDate": "2017-04-02 - 18-00",
    "gameHomeTeam": "Arsenal",
    "gameScore": "2 - 2"
}