{
    "UrlLocal": "germany_bundesliga/2016-2017/2017-02-11 - 18-00 Leipzig 0 - 3 Hamburger",
    "UrlYoutube": "",
    "annotations": [
        {
            "change_type": "",
            "gameTime": "1 - 02:58",
            "label": "",
            "position": "178932",
            "replay": "real-time"
        },
        {
            "change_type": "",
            "gameTime": "1 - 03:08",
            "label": "",
            "link": "",
            "position": "188770",
            "replay": "replay"
        },
        {
            "change_type": "",
            "gameTime": "1 - 09:05",
            "label": "",
            "position": "545061",
            "replay": "real-time"
        },
        {
            "change_type": "",
            "gameTime": "1 - 09:11",
            "label": "",
            "link": "",
            "position": "551181",
            "replay": "replay"
        },
        {
            "change_type": "",
            "gameTime": "1 - 09:31",
            "label": "",
            "position": "571456",
            "replay": "real-time"
        },
        {
            "change_type": "",
            "gameTime": "1 - 09:41",
            "label": "",
            "position": "581656",
            "replay": "other"
        },
        {
            "change_type": "",
            "gameTime": "1 - 11:20",
            "label": "",
            "position": "680695",
            "replay": "real-time"
        },
        {
            "change_type": "",
            "gameTime": "1 - 11:26",
            "label": "",
            "link": "",
            "position": "686495",
            "replay": "replay"
        },
        {
            "change_type": "",
            "gameTime": "1 - 14:44",
            "label": "",
            "position": "884353",
            "replay": "real-time"
        },
        {
            "change_type": "",
            "gameTime": "1 - 14:57",
            "label": "",
            "link": "",
            "position": "897233",
            "replay": "replay"
        },
        {
            "change_type": "",
            "gameTime": "1 - 17:16",
            "label": "",
            "position": "1036353",
            "replay": "real-time"
        },
        {
            "change_type": "",
            "gameTime": "1 - 17:28",
            "label": "",
            "link": "",
            "position": "1048713",
            "replay": "replay"
        },
        {
            "change_type": "",
            "gameTime": "1 - 18:08",
            "label": "",
            "position": "1088772",
            "replay": "real-time"
        },
        {
            "change_type": "",
            "gameTime": "1 - 18:14",
            "label": "",
            "link": "",
            "position": "1094852",
            "replay": "replay"
        },
        {
            "change_type": "",
            "gameTime": "1 - 18:21",
            "label": "",
            "link": "",
            "position": "1101644",
            "replay": "replay"
        },
        {
            "change_type": "",
            "gameTime": "1 - 18:26",
            "label": "",
            "link": "",
            "position": "1106913",
            "replay": "replay"
        },
        {
            "change_type": "",
            "gameTime": "1 - 24:00",
            "label": "",
            "position": "1440932",
            "replay": "real-time"
        },
        {
            "change_type": "",
            "gameTime": "1 - 24:07",
            "label": "",
            "link": "",
            "position": "1447737",
            "replay": "replay"
        },
        {
            "change_type": "",
            "gameTime": "1 - 24:15",
            "label": "",
            "link": "",
            "position": "1455661",
            "replay": "replay"
        },
        {
            "change_type": "",
            "gameTime": "1 - 24:23",
            "label": "",
            "link": "",
            "position": "1463465",
            "replay": "replay"
        },
        {
            "change_type": "",
            "gameTime": "1 - 25:07",
            "label": "",
            "position": "1507090",
            "replay": "real-time"
        },
        {
            "change_type": "",
            "gameTime": "1 - 25:16",
            "label": "",
            "link": "",
            "position": "1516050",
            "replay": "replay"
        },
        {
            "change_type": "",
            "gameTime": "1 - 26:33",
            "label": "",
            "position": "1593178",
            "replay": "real-time"
        },
        {
            "change_type": "",
            "gameTime": "1 - 26:39",
            "label": "",
            "link": "",
            "position": "1599818",
            "replay": "replay"
        },
        {
            "change_type": "",
            "gameTime": "1 - 28:29",
            "label": "",
            "position": "1709027",
            "replay": "real-time"
        },
        {
            "change_type": "",
            "gameTime": "1 - 28:37",
            "label": "",
            "link": "",
            "position": "1717707",
            "replay": "replay"
        },
        {
            "change_type": "",
            "gameTime": "1 - 32:57",
            "label": "",
            "position": "1977367",
            "replay": "real-time"
        },
        {
            "change_type": "",
            "gameTime": "1 - 33:04",
            "label": "",
            "link": "",
            "position": "1984807",
            "replay": "replay"
        },
        {
            "change_type": "",
            "gameTime": "1 - 34:39",
            "label": "",
            "position": "2079327",
            "replay": "real-time"
        },
        {
            "change_type": "",
            "gameTime": "1 - 34:58",
            "label": "",
            "link": "",
            "position": "2098087",
            "replay": "replay"
        },
        {
            "change_type": "",
            "gameTime": "1 - 36:38",
            "label": "",
            "position": "2198355",
            "replay": "real-time"
        },
        {
            "change_type": "",
            "gameTime": "1 - 36:45",
            "label": "",
            "link": "",
            "position": "2205715",
            "replay": "replay"
        },
        {
            "change_type": "",
            "gameTime": "1 - 37:01",
            "label": "",
            "position": "2221050",
            "replay": "real-time"
        },
        {
            "change_type": "",
            "gameTime": "1 - 37:09",
            "label": "",
            "position": "2229290",
            "replay": "other"
        },
        {
            "change_type": "",
            "gameTime": "1 - 39:23",
            "label": "",
            "position": "2363496",
            "replay": "real-time"
        },
        {
            "change_type": "",
            "gameTime": "1 - 39:34",
            "label": "",
            "position": "2374656",
            "replay": "other"
        },
        {
            "change_type": "",
            "gameTime": "1 - 39:51",
            "label": "",
            "position": "2391449",
            "replay": "real-time"
        },
        {
            "change_type": "",
            "gameTime": "1 - 39:58",
            "label": "",
            "link": "",
            "position": "2398774",
            "replay": "replay"
        },
        {
            "change_type": "",
            "gameTime": "1 - 40:05",
            "label": "",
            "link": "",
            "position": "2405214",
            "replay": "replay"
        },
        {
            "change_type": "",
            "gameTime": "1 - 40:11",
            "label": "",
            "position": "2411794",
            "replay": "other"
        },
        {
            "change_type": "",
            "gameTime": "1 - 40:17",
            "label": "",
            "position": "2417352",
            "replay": "other"
        },
        {
            "change_type": "",
            "gameTime": "1 - 42:25",
            "label": "",
            "position": "2545108",
            "replay": "real-time"
        },
        {
            "change_type": "",
            "gameTime": "1 - 42:29",
            "label": "",
            "link": "",
            "position": "2549868",
            "replay": "replay"
        },
        {
            "change_type": "",
            "gameTime": "1 - 42:38",
            "label": "",
            "position": "2558829",
            "replay": "real-time"
        },
        {
            "change_type": "",
            "gameTime": "1 - 42:46",
            "label": "",
            "position": "2566916",
            "replay": "other"
        },
        {
            "change_type": "",
            "gameTime": "1 - 43:23",
            "label": "",
            "position": "2603958",
            "replay": "real-time"
        },
        {
            "change_type": "",
            "gameTime": "1 - 43:30",
            "label": "",
            "link": "",
            "position": "2610878",
            "replay": "replay"
        },
        {
            "change_type": "",
            "gameTime": "2 - 00:38",
            "label": "",
            "position": "38748",
            "replay": "real-time"
        },
        {
            "change_type": "",
            "gameTime": "2 - 00:47",
            "label": "",
            "position": "47188",
            "replay": "other"
        },
        {
            "change_type": "",
            "gameTime": "2 - 02:57",
            "label": "",
            "position": "177898",
            "replay": "real-time"
        },
        {
            "change_type": "",
            "gameTime": "2 - 03:05",
            "label": "",
            "link": "",
            "position": "185833",
            "replay": "replay"
        },
        {
            "change_type": "",
            "gameTime": "2 - 03:11",
            "label": "",
            "position": "191799",
            "replay": "other"
        },
        {
            "change_type": "",
            "gameTime": "2 - 04:09",
            "label": "",
            "position": "249265",
            "replay": "real-time"
        },
        {
            "change_type": "",
            "gameTime": "2 - 04:15",
            "label": "",
            "link": "",
            "position": "255945",
            "replay": "replay"
        },
        {
            "change_type": "",
            "gameTime": "2 - 04:20",
            "label": "",
            "position": "260119",
            "replay": "other"
        },
        {
            "change_type": "",
            "gameTime": "2 - 06:03",
            "label": "",
            "position": "363174",
            "replay": "real-time"
        },
        {
            "change_type": "",
            "gameTime": "2 - 07:02",
            "label": "",
            "position": "422694",
            "replay": "real-time"
        },
        {
            "change_type": "",
            "gameTime": "2 - 07:10",
            "label": "",
            "link": "",
            "position": "430507",
            "replay": "replay"
        },
        {
            "change_type": "",
            "gameTime": "2 - 08:42",
            "label": "",
            "position": "522029",
            "replay": "real-time"
        },
        {
            "change_type": "",
            "gameTime": "2 - 08:49",
            "label": "",
            "link": "",
            "position": "529016",
            "replay": "replay"
        },
        {
            "change_type": "",
            "gameTime": "2 - 09:32",
            "label": "",
            "position": "572064",
            "replay": "real-time"
        },
        {
            "change_type": "",
            "gameTime": "2 - 09:39",
            "label": "",
            "link": "",
            "position": "579584",
            "replay": "replay"
        },
        {
            "change_type": "",
            "gameTime": "2 - 09:46",
            "label": "",
            "position": "586441",
            "replay": "other"
        },
        {
            "change_type": "",
            "gameTime": "2 - 12:44",
            "label": "",
            "position": "764573",
            "replay": "real-time"
        },
        {
            "change_type": "",
            "gameTime": "2 - 12:51",
            "label": "",
            "link": "",
            "position": "771293",
            "replay": "replay"
        },
        {
            "change_type": "",
            "gameTime": "2 - 14:45",
            "label": "",
            "position": "885567",
            "replay": "real-time"
        },
        {
            "change_type": "",
            "gameTime": "2 - 14:54",
            "label": "",
            "position": "894567",
            "replay": "other"
        },
        {
            "change_type": "",
            "gameTime": "2 - 15:53",
            "label": "",
            "position": "953956",
            "replay": "real-time"
        },
        {
            "change_type": "",
            "gameTime": "2 - 16:00",
            "label": "",
            "position": "960396",
            "replay": "other"
        },
        {
            "change_type": "",
            "gameTime": "2 - 18:08",
            "label": "",
            "position": "1088724",
            "replay": "real-time"
        },
        {
            "change_type": "",
            "gameTime": "2 - 18:14",
            "label": "",
            "link": "",
            "position": "1094684",
            "replay": "replay"
        },
        {
            "change_type": "",
            "gameTime": "2 - 21:44",
            "label": "",
            "position": "1304622",
            "replay": "real-time"
        },
        {
            "change_type": "",
            "gameTime": "2 - 21:50",
            "label": "",
            "position": "1310222",
            "replay": "other"
        },
        {
            "change_type": "",
            "gameTime": "2 - 25:19",
            "label": "",
            "position": "1519596",
            "replay": "real-time"
        },
        {
            "change_type": "",
            "gameTime": "2 - 25:27",
            "label": "",
            "link": "",
            "position": "1527316",
            "replay": "replay"
        },
        {
            "change_type": "",
            "gameTime": "2 - 34:45",
            "label": "",
            "position": "2085135",
            "replay": "real-time"
        },
        {
            "change_type": "",
            "gameTime": "2 - 34:53",
            "label": "",
            "position": "2093855",
            "replay": "other"
        },
        {
            "change_type": "",
            "gameTime": "2 - 36:09",
            "label": "",
            "position": "2169768",
            "replay": "real-time"
        },
        {
            "change_type": "",
            "gameTime": "2 - 36:17",
            "label": "",
            "position": "2177448",
            "replay": "other"
        },
        {
            "change_type": "",
            "gameTime": "2 - 37:23",
            "label": "",
            "position": "2243874",
            "replay": "real-time"
        },
        {
            "change_type": "",
            "gameTime": "2 - 37:28",
            "label": "",
            "link": "",
            "position": "2248234",
            "replay": "replay"
        },
        {
            "change_type": "",
            "gameTime": "2 - 37:35",
            "label": "",
            "position": "2255327",
            "replay": "other"
        },
        {
            "change_type": "",
            "gameTime": "2 - 40:32",
            "label": "",
            "position": "2432180",
            "replay": "real-time"
        },
        {
            "change_type": "",
            "gameTime": "2 - 40:36",
            "label": "",
            "link": "",
            "position": "2436908",
            "replay": "replay"
        },
        {
            "change_type": "",
            "gameTime": "2 - 41:43",
            "label": "",
            "position": "2503982",
            "replay": "real-time"
        },
        {
            "change_type": "",
            "gameTime": "2 - 41:57",
            "label": "",
            "link": "",
            "position": "2517302",
            "replay": "replay"
        },
        {
            "change_type": "",
            "gameTime": "2 - 43:05",
            "label": "",
            "position": "2585897",
            "replay": "real-time"
        },
        {
            "change_type": "",
            "gameTime": "2 - 43:15",
            "label": "",
            "position": "2595017",
            "replay": "other"
        },
        {
            "change_type": "",
            "gameTime": "2 - 43:41",
            "label": "",
            "position": "2621917",
            "replay": "real-time"
        },
        {
            "change_type": "",
            "gameTime": "2 - 43:53",
            "label": "",
            "link": "",
            "position": "2633117",
            "replay": "replay"
        },
        {
            "change_type": "",
            "gameTime": "2 - 47:37",
            "label": "",
            "position": "2857552",
            "replay": "real-time"
        },
        {
            "change_type": "",
            "gameTime": "2 - 47:49",
            "label": "",
            "link": "",
            "position": "2869961",
            "replay": "replay"
        },
        {
            "change_type": "",
            "gameTime": "2 - 47:56",
            "label": "",
            "link": "",
            "position": "2876374",
            "replay": "replay"
        }
    ],
    "gameAwayTeam": "Hamburger",
    "gameDate": "2017-02-11 - 18-00",
    "gameHomeTeam": "Leipzig",
    "gameScore": "0 - 3"
}