{
    "UrlLocal": "spain_laliga/2019-2020/2020-02-16 - 18-00 Real Madrid 2 - 2 Celta Vigo",
    "UrlYoutube": "",
    "annotations": [
        {
            "change_type": "",
            "gameTime": "1 - 02:51",
            "label": "",
            "position": "171512",
            "replay": "real-time"
        },
        {
            "change_type": "",
            "gameTime": "1 - 02:57",
            "label": "",
            "link": "",
            "position": "177091",
            "replay": "replay"
        },
        {
            "change_type": "",
            "gameTime": "1 - 07:06",
            "label": "",
            "position": "426954",
            "replay": "real-time"
        },
        {
            "change_type": "",
            "gameTime": "1 - 07:17",
            "label": "",
            "link": "",
            "position": "437422",
            "replay": "replay"
        },
        {
            "change_type": "",
            "gameTime": "1 - 07:22",
            "label": "",
            "link": "",
            "position": "442477",
            "replay": "replay"
        },
        {
            "change_type": "",
            "gameTime": "1 - 07:28",
            "label": "",
            "link": "",
            "position": "448397",
            "replay": "replay"
        },
        {
            "change_type": "",
            "gameTime": "1 - 07:32",
            "label": "",
            "link": "",
            "position": "452162",
            "replay": "replay"
        },
        {
            "change_type": "",
            "gameTime": "1 - 07:42",
            "label": "",
            "link": "",
            "position": "462951",
            "replay": "replay"
        },
        {
            "change_type": "",
            "gameTime": "1 - 09:25",
            "label": "",
            "position": "565365",
            "replay": "real-time"
        },
        {
            "change_type": "",
            "gameTime": "1 - 09:31",
            "label": "",
            "link": "",
            "position": "571633",
            "replay": "replay"
        },
        {
            "change_type": "",
            "gameTime": "1 - 09:38",
            "label": "",
            "link": "",
            "position": "578338",
            "replay": "replay"
        },
        {
            "change_type": "",
            "gameTime": "1 - 09:44",
            "label": "",
            "link": "",
            "position": "584501",
            "replay": "replay"
        },
        {
            "change_type": "",
            "gameTime": "1 - 14:02",
            "label": "",
            "position": "842843",
            "replay": "real-time"
        },
        {
            "change_type": "",
            "gameTime": "1 - 14:12",
            "label": "",
            "link": "",
            "position": "852322",
            "replay": "replay"
        },
        {
            "change_type": "",
            "gameTime": "1 - 14:21",
            "label": "",
            "link": "",
            "position": "861495",
            "replay": "replay"
        },
        {
            "change_type": "",
            "gameTime": "1 - 14:59",
            "label": "",
            "position": "899261",
            "replay": "real-time"
        },
        {
            "change_type": "",
            "gameTime": "1 - 15:09",
            "label": "",
            "link": "",
            "position": "909161",
            "replay": "replay"
        },
        {
            "change_type": "",
            "gameTime": "1 - 15:12",
            "label": "",
            "link": "",
            "position": "912894",
            "replay": "replay"
        },
        {
            "change_type": "",
            "gameTime": "1 - 16:11",
            "label": "",
            "position": "971332",
            "replay": "real-time"
        },
        {
            "change_type": "",
            "gameTime": "1 - 16:16",
            "label": "",
            "link": "",
            "position": "976995",
            "replay": "replay"
        },
        {
            "change_type": "",
            "gameTime": "1 - 16:22",
            "label": "",
            "link": "",
            "position": "982312",
            "replay": "replay"
        },
        {
            "change_type": "",
            "gameTime": "1 - 16:26",
            "label": "",
            "link": "",
            "position": "986232",
            "replay": "replay"
        },
        {
            "change_type": "",
            "gameTime": "1 - 18:28",
            "label": "",
            "position": "1108867",
            "replay": "real-time"
        },
        {
            "change_type": "",
            "gameTime": "1 - 18:38",
            "label": "",
            "link": "",
            "position": "1118524",
            "replay": "replay"
        },
        {
            "change_type": "",
            "gameTime": "1 - 19:21",
            "label": "",
            "position": "1161175",
            "replay": "real-time"
        },
        {
            "change_type": "",
            "gameTime": "1 - 19:26",
            "label": "",
            "link": "",
            "position": "1166616",
            "replay": "replay"
        },
        {
            "change_type": "",
            "gameTime": "1 - 20:17",
            "label": "",
            "position": "1217059",
            "replay": "real-time"
        },
        {
            "change_type": "",
            "gameTime": "1 - 20:25",
            "label": "",
            "link": "",
            "position": "1225252",
            "replay": "replay"
        },
        {
            "change_type": "",
            "gameTime": "1 - 24:45",
            "label": "",
            "position": "1485359",
            "replay": "real-time"
        },
        {
            "change_type": "",
            "gameTime": "1 - 24:50",
            "label": "",
            "link": "",
            "position": "1490951",
            "replay": "replay"
        },
        {
            "change_type": "",
            "gameTime": "1 - 25:46",
            "label": "",
            "position": "1546590",
            "replay": "real-time"
        },
        {
            "change_type": "",
            "gameTime": "1 - 25:52",
            "label": "",
            "link": "",
            "position": "1552160",
            "replay": "replay"
        },
        {
            "change_type": "",
            "gameTime": "1 - 26:04",
            "label": "",
            "position": "1564734",
            "replay": "real-time"
        },
        {
            "change_type": "",
            "gameTime": "1 - 26:09",
            "label": "",
            "link": "",
            "position": "1569498",
            "replay": "replay"
        },
        {
            "change_type": "",
            "gameTime": "1 - 26:42",
            "label": "",
            "position": "1602779",
            "replay": "real-time"
        },
        {
            "change_type": "",
            "gameTime": "1 - 26:49",
            "label": "",
            "link": "",
            "position": "1609718",
            "replay": "replay"
        },
        {
            "change_type": "",
            "gameTime": "1 - 31:32",
            "label": "",
            "position": "1892483",
            "replay": "real-time"
        },
        {
            "change_type": "",
            "gameTime": "1 - 31:40",
            "label": "",
            "link": "",
            "position": "1900833",
            "replay": "replay"
        },
        {
            "change_type": "",
            "gameTime": "1 - 31:44",
            "label": "",
            "link": "",
            "position": "1904884",
            "replay": "replay"
        },
        {
            "change_type": "",
            "gameTime": "1 - 32:47",
            "label": "",
            "position": "1967256",
            "replay": "real-time"
        },
        {
            "change_type": "",
            "gameTime": "1 - 32:51",
            "label": "",
            "link": "",
            "position": "1971831",
            "replay": "replay"
        },
        {
            "change_type": "",
            "gameTime": "1 - 32:59",
            "label": "",
            "position": "1979529",
            "replay": "real-time"
        },
        {
            "change_type": "",
            "gameTime": "1 - 33:12",
            "label": "",
            "link": "",
            "position": "1992822",
            "replay": "replay"
        },
        {
            "change_type": "",
            "gameTime": "1 - 33:14",
            "label": "",
            "link": "",
            "position": "1994471",
            "replay": "replay"
        },
        {
            "change_type": "",
            "gameTime": "1 - 33:14",
            "label": "",
            "link": "",
            "position": "1994651",
            "replay": "replay"
        },
        {
            "change_type": "",
            "gameTime": "1 - 37:06",
            "label": "",
            "position": "2226424",
            "replay": "real-time"
        },
        {
            "change_type": "",
            "gameTime": "1 - 37:11",
            "label": "",
            "link": "",
            "position": "2231667",
            "replay": "replay"
        },
        {
            "change_type": "",
            "gameTime": "1 - 38:02",
            "label": "",
            "position": "2282445",
            "replay": "real-time"
        },
        {
            "change_type": "",
            "gameTime": "1 - 38:15",
            "label": "",
            "link": "",
            "position": "2295890",
            "replay": "replay"
        },
        {
            "change_type": "",
            "gameTime": "1 - 38:24",
            "label": "",
            "link": "",
            "position": "2304252",
            "replay": "replay"
        },
        {
            "change_type": "",
            "gameTime": "1 - 38:28",
            "label": "",
            "link": "",
            "position": "2308855",
            "replay": "replay"
        },
        {
            "change_type": "",
            "gameTime": "1 - 39:56",
            "label": "",
            "position": "2396189",
            "replay": "real-time"
        },
        {
            "change_type": "",
            "gameTime": "1 - 40:07",
            "label": "",
            "link": "",
            "position": "2407425",
            "replay": "replay"
        },
        {
            "change_type": "",
            "gameTime": "1 - 40:12",
            "label": "",
            "link": "",
            "position": "2412388",
            "replay": "replay"
        },
        {
            "change_type": "",
            "gameTime": "1 - 42:08",
            "label": "",
            "position": "2528023",
            "replay": "real-time"
        },
        {
            "change_type": "",
            "gameTime": "1 - 42:15",
            "label": "",
            "link": "",
            "position": "2535613",
            "replay": "replay"
        },
        {
            "change_type": "",
            "gameTime": "1 - 42:19",
            "label": "",
            "link": "",
            "position": "2539548",
            "replay": "replay"
        },
        {
            "change_type": "",
            "gameTime": "1 - 42:50",
            "label": "",
            "position": "2570942",
            "replay": "real-time"
        },
        {
            "change_type": "",
            "gameTime": "1 - 42:55",
            "label": "",
            "link": "",
            "position": "2575580",
            "replay": "replay"
        },
        {
            "change_type": "",
            "gameTime": "1 - 44:37",
            "label": "",
            "position": "2677754",
            "replay": "real-time"
        },
        {
            "change_type": "",
            "gameTime": "1 - 44:44",
            "label": "",
            "link": "",
            "position": "2684120",
            "replay": "replay"
        },
        {
            "change_type": "",
            "gameTime": "1 - 44:52",
            "label": "",
            "link": "",
            "position": "2692537",
            "replay": "replay"
        },
        {
            "change_type": "",
            "gameTime": "1 - 44:56",
            "label": "",
            "position": "2696610",
            "replay": "real-time"
        },
        {
            "change_type": "",
            "gameTime": "1 - 45:02",
            "label": "",
            "link": "",
            "position": "2702857",
            "replay": "replay"
        },
        {
            "change_type": "",
            "gameTime": "2 - 01:41",
            "label": "",
            "position": "101961",
            "replay": "real-time"
        },
        {
            "change_type": "",
            "gameTime": "2 - 01:51",
            "label": "",
            "link": "",
            "position": "111105",
            "replay": "replay"
        },
        {
            "change_type": "",
            "gameTime": "2 - 01:58",
            "label": "",
            "link": "",
            "position": "118933",
            "replay": "replay"
        },
        {
            "change_type": "",
            "gameTime": "2 - 03:37",
            "label": "",
            "position": "217504",
            "replay": "real-time"
        },
        {
            "change_type": "",
            "gameTime": "2 - 03:50",
            "label": "",
            "link": "",
            "position": "230981",
            "replay": "replay"
        },
        {
            "change_type": "",
            "gameTime": "2 - 04:14",
            "label": "",
            "position": "254591",
            "replay": "real-time"
        },
        {
            "change_type": "",
            "gameTime": "2 - 04:23",
            "label": "",
            "link": "",
            "position": "263021",
            "replay": "replay"
        },
        {
            "change_type": "",
            "gameTime": "2 - 06:37",
            "label": "",
            "position": "397911",
            "replay": "real-time"
        },
        {
            "change_type": "",
            "gameTime": "2 - 06:51",
            "label": "",
            "link": "",
            "position": "411164",
            "replay": "replay"
        },
        {
            "change_type": "",
            "gameTime": "2 - 06:57",
            "label": "",
            "link": "",
            "position": "417150",
            "replay": "replay"
        },
        {
            "change_type": "",
            "gameTime": "2 - 07:01",
            "label": "",
            "link": "",
            "position": "421579",
            "replay": "replay"
        },
        {
            "change_type": "",
            "gameTime": "2 - 08:59",
            "label": "",
            "position": "539910",
            "replay": "real-time"
        },
        {
            "change_type": "",
            "gameTime": "2 - 09:06",
            "label": "",
            "link": "",
            "position": "546954",
            "replay": "replay"
        },
        {
            "change_type": "",
            "gameTime": "2 - 09:14",
            "label": "",
            "link": "",
            "position": "554466",
            "replay": "replay"
        },
        {
            "change_type": "",
            "gameTime": "2 - 09:18",
            "label": "",
            "link": "",
            "position": "558094",
            "replay": "replay"
        },
        {
            "change_type": "",
            "gameTime": "2 - 11:16",
            "label": "",
            "position": "676334",
            "replay": "real-time"
        },
        {
            "change_type": "",
            "gameTime": "2 - 11:21",
            "label": "",
            "link": "",
            "position": "681346",
            "replay": "replay"
        },
        {
            "change_type": "",
            "gameTime": "2 - 11:49",
            "label": "",
            "position": "709598",
            "replay": "real-time"
        },
        {
            "change_type": "",
            "gameTime": "2 - 11:57",
            "label": "",
            "link": "",
            "position": "717026",
            "replay": "replay"
        },
        {
            "change_type": "",
            "gameTime": "2 - 13:55",
            "label": "",
            "position": "835499",
            "replay": "real-time"
        },
        {
            "change_type": "",
            "gameTime": "2 - 13:59",
            "label": "",
            "link": "",
            "position": "839689",
            "replay": "replay"
        },
        {
            "change_type": "",
            "gameTime": "2 - 15:55",
            "label": "",
            "position": "955864",
            "replay": "real-time"
        },
        {
            "change_type": "",
            "gameTime": "2 - 16:05",
            "label": "",
            "link": "",
            "position": "965548",
            "replay": "replay"
        },
        {
            "change_type": "",
            "gameTime": "2 - 17:21",
            "label": "",
            "position": "1041895",
            "replay": "real-time"
        },
        {
            "change_type": "",
            "gameTime": "2 - 17:28",
            "label": "",
            "link": "",
            "position": "1048792",
            "replay": "replay"
        },
        {
            "change_type": "",
            "gameTime": "2 - 18:19",
            "label": "",
            "position": "1099726",
            "replay": "real-time"
        },
        {
            "change_type": "",
            "gameTime": "2 - 18:27",
            "label": "",
            "link": "",
            "position": "1107694",
            "replay": "replay"
        },
        {
            "change_type": "",
            "gameTime": "2 - 18:38",
            "label": "",
            "link": "",
            "position": "1118013",
            "replay": "replay"
        },
        {
            "change_type": "",
            "gameTime": "2 - 19:43",
            "label": "",
            "position": "1183979",
            "replay": "real-time"
        },
        {
            "change_type": "",
            "gameTime": "2 - 19:49",
            "label": "",
            "link": "",
            "position": "1189999",
            "replay": "replay"
        },
        {
            "change_type": "",
            "gameTime": "2 - 19:57",
            "label": "",
            "link": "",
            "position": "1197114",
            "replay": "replay"
        },
        {
            "change_type": "",
            "gameTime": "2 - 20:02",
            "label": "",
            "link": "",
            "position": "1202882",
            "replay": "replay"
        },
        {
            "change_type": "",
            "gameTime": "2 - 20:05",
            "label": "",
            "link": "",
            "position": "1205550",
            "replay": "replay"
        },
        {
            "change_type": "",
            "gameTime": "2 - 23:40",
            "label": "",
            "position": "1420086",
            "replay": "real-time"
        },
        {
            "change_type": "",
            "gameTime": "2 - 23:49",
            "label": "",
            "link": "",
            "position": "1429019",
            "replay": "replay"
        },
        {
            "change_type": "",
            "gameTime": "2 - 23:53",
            "label": "",
            "link": "",
            "position": "1433684",
            "replay": "replay"
        },
        {
            "change_type": "",
            "gameTime": "2 - 26:19",
            "label": "",
            "position": "1579290",
            "replay": "real-time"
        },
        {
            "change_type": "",
            "gameTime": "2 - 26:29",
            "label": "",
            "link": "",
            "position": "1589745",
            "replay": "replay"
        },
        {
            "change_type": "",
            "gameTime": "2 - 26:37",
            "label": "",
            "link": "",
            "position": "1597845",
            "replay": "replay"
        },
        {
            "change_type": "",
            "gameTime": "2 - 28:45",
            "label": "",
            "position": "1725401",
            "replay": "real-time"
        },
        {
            "change_type": "",
            "gameTime": "2 - 28:51",
            "label": "",
            "link": "",
            "position": "1731630",
            "replay": "replay"
        },
        {
            "change_type": "",
            "gameTime": "2 - 30:17",
            "label": "",
            "position": "1817412",
            "replay": "real-time"
        },
        {
            "change_type": "",
            "gameTime": "2 - 30:25",
            "label": "",
            "link": "",
            "position": "1825002",
            "replay": "replay"
        },
        {
            "change_type": "",
            "gameTime": "2 - 32:19",
            "label": "",
            "position": "1939458",
            "replay": "real-time"
        },
        {
            "change_type": "",
            "gameTime": "2 - 32:25",
            "label": "",
            "link": "",
            "position": "1945029",
            "replay": "replay"
        },
        {
            "change_type": "",
            "gameTime": "2 - 32:38",
            "label": "",
            "position": "1958336",
            "replay": "real-time"
        },
        {
            "change_type": "",
            "gameTime": "2 - 32:49",
            "label": "",
            "link": "",
            "position": "1969039",
            "replay": "replay"
        },
        {
            "change_type": "",
            "gameTime": "2 - 32:52",
            "label": "",
            "link": "",
            "position": "1972295",
            "replay": "replay"
        },
        {
            "change_type": "",
            "gameTime": "2 - 35:40",
            "label": "",
            "position": "2140047",
            "replay": "real-time"
        },
        {
            "change_type": "",
            "gameTime": "2 - 35:52",
            "label": "",
            "link": "",
            "position": "2152157",
            "replay": "replay"
        },
        {
            "change_type": "",
            "gameTime": "2 - 40:26",
            "label": "",
            "position": "2426718",
            "replay": "real-time"
        },
        {
            "change_type": "",
            "gameTime": "2 - 40:37",
            "label": "",
            "link": "",
            "position": "2437878",
            "replay": "replay"
        },
        {
            "change_type": "",
            "gameTime": "2 - 40:44",
            "label": "",
            "link": "",
            "position": "2444006",
            "replay": "replay"
        },
        {
            "change_type": "",
            "gameTime": "2 - 40:48",
            "label": "",
            "link": "",
            "position": "2448065",
            "replay": "replay"
        },
        {
            "change_type": "",
            "gameTime": "2 - 40:54",
            "label": "",
            "link": "",
            "position": "2454687",
            "replay": "replay"
        },
        {
            "change_type": "",
            "gameTime": "2 - 41:00",
            "label": "",
            "link": "",
            "position": "2460369",
            "replay": "replay"
        },
        {
            "change_type": "",
            "gameTime": "2 - 42:25",
            "label": "",
            "position": "2545069",
            "replay": "real-time"
        },
        {
            "change_type": "",
            "gameTime": "2 - 42:30",
            "label": "",
            "link": "",
            "position": "2550148",
            "replay": "replay"
        },
        {
            "change_type": "",
            "gameTime": "2 - 43:03",
            "label": "",
            "position": "2583636",
            "replay": "real-time"
        },
        {
            "change_type": "",
            "gameTime": "2 - 43:10",
            "label": "",
            "link": "",
            "position": "2590501",
            "replay": "replay"
        },
        {
            "change_type": "",
            "gameTime": "2 - 43:20",
            "label": "",
            "position": "2600848",
            "replay": "real-time"
        },
        {
            "change_type": "",
            "gameTime": "2 - 43:29",
            "label": "",
            "link": "",
            "position": "2609928",
            "replay": "replay"
        },
        {
            "change_type": "",
            "gameTime": "2 - 46:57",
            "label": "",
            "position": "2817652",
            "replay": "real-time"
        },
        {
            "change_type": "",
            "gameTime": "2 - 47:05",
            "label": "",
            "link": "",
            "position": "2825240",
            "replay": "replay"
        },
        {
            "change_type": "",
            "gameTime": "2 - 47:11",
            "label": "",
            "link": "",
            "position": "2831988",
            "replay": "replay"
        },
        {
            "change_type": "",
            "gameTime": "2 - 47:21",
            "label": "",
            "link": "",
            "position": "2841792",
            "replay": "replay"
        },
        {
            "change_type": "",
            "gameTime": "2 - 48:49",
            "label": "",
            "position": "2929806",
            "replay": "real-time"
        },
        {
            "change_type": "",
            "gameTime": "2 - 48:56",
            "label": "",
            "link": "",
            "position": "2936971",
            "replay": "replay"
        },
        {
            "change_type": "",
            "gameTime": "2 - 49:37",
            "label": "",
            "position": "2977907",
            "replay": "real-time"
        },
        {
            "change_type": "",
            "gameTime": "2 - 49:41",
            "label": "",
            "link": "",
            "position": "2981863",
            "replay": "replay"
        },
        {
            "change_type": "",
            "gameTime": "2 - 49:52",
            "label": "",
            "position": "2992131",
            "replay": "real-time"
        },
        {
            "change_type": "",
            "gameTime": "2 - 49:59",
            "label": "",
            "link": "",
            "position": "2999635",
            "replay": "replay"
        }
    ],
    "gameAwayTeam": "Celta Vigo",
    "gameDate": "2020-02-16 - 18-00",
    "gameHomeTeam": "Real Madrid",
    "gameScore": "2 - 2"
}