{
    "UrlLocal": "europe_uefa-champions-league/2016-2017/2017-02-15 - 18-00 Bayern 5 - 1 Arsenal",
    "predictions": [
        {
            "gameTime": "1 - 15:6",
            "label": "card",
            "position": "906500",
            "half": "1",
            "confidence": "0.9907688498497009"
        },
        {
            "gameTime": "1 - 14:56",
            "label": "card",
            "position": "896000",
            "half": "1",
            "confidence": "0.9800107479095459"
        },
        {
            "gameTime": "1 - 32:46",
            "label": "card",
            "position": "1966000",
            "half": "1",
            "confidence": "0.945722222328186"
        },
        {
            "gameTime": "1 - 32:35",
            "label": "card",
            "position": "1955500",
            "half": "1",
            "confidence": "0.9029423594474792"
        },
        {
            "gameTime": "1 - 25:52",
            "label": "card",
            "position": "1552000",
            "half": "1",
            "confidence": "0.6513816118240356"
        },
        {
            "gameTime": "1 - 32:57",
            "label": "card",
            "position": "1977000",
            "half": "1",
            "confidence": "0.5265458822250366"
        },
        {
            "gameTime": "1 - 29:42",
            "label": "soccer",
            "position": "1782500",
            "half": "1",
            "confidence": "0.9428998827934265"
        },
        {
            "gameTime": "1 - 10:44",
            "label": "soccer",
            "position": "644500",
            "half": "1",
            "confidence": "0.6185415387153625"
        },
        {
            "gameTime": "1 - 34:16",
            "label": "soccer",
            "position": "2056000",
            "half": "1",
            "confidence": "0.5529231429100037"
        },
        {
            "gameTime": "1 - 29:52",
            "label": "soccer",
            "position": "1792500",
            "half": "1",
            "confidence": "0.5216211676597595"
        },
        {
            "gameTime": "2 - 14:56",
            "label": "card",
            "position": "896500",
            "half": "2",
            "confidence": "0.8353700637817383"
        },
        {
            "gameTime": "2 - 37:35",
            "label": "card",
            "position": "2255500",
            "half": "2",
            "confidence": "0.7863718867301941"
        },
        {
            "gameTime": "2 - 15:6",
            "label": "card",
            "position": "906500",
            "half": "2",
            "confidence": "0.5562196373939514"
        },
        {
            "gameTime": "2 - 20:18",
            "label": "subs",
            "position": "1218000",
            "half": "2",
            "confidence": "0.9598311185836792"
        },
        {
            "gameTime": "2 - 38:11",
            "label": "subs",
            "position": "2291500",
            "half": "2",
            "confidence": "0.9420198798179626"
        },
        {
            "gameTime": "2 - 20:28",
            "label": "subs",
            "position": "1228000",
            "half": "2",
            "confidence": "0.8970788717269897"
        },
        {
            "gameTime": "2 - 3:37",
            "label": "subs",
            "position": "217000",
            "half": "2",
            "confidence": "0.8806636929512024"
        },
        {
            "gameTime": "2 - 40:53",
            "label": "subs",
            "position": "2453000",
            "half": "2",
            "confidence": "0.8277108073234558"
        },
        {
            "gameTime": "2 - 40:42",
            "label": "subs",
            "position": "2442500",
            "half": "2",
            "confidence": "0.7209286689758301"
        },
        {
            "gameTime": "2 - 3:26",
            "label": "subs",
            "position": "206500",
            "half": "2",
            "confidence": "0.6755654811859131"
        },
        {
            "gameTime": "2 - 31:12",
            "label": "subs",
            "position": "1872500",
            "half": "2",
            "confidence": "0.665827214717865"
        },
        {
            "gameTime": "2 - 3:47",
            "label": "subs",
            "position": "227000",
            "half": "2",
            "confidence": "0.6368888020515442"
        },
        {
            "gameTime": "2 - 42:2",
            "label": "subs",
            "position": "2522500",
            "half": "2",
            "confidence": "0.6080337762832642"
        },
        {
            "gameTime": "2 - 18:36",
            "label": "subs",
            "position": "1116500",
            "half": "2",
            "confidence": "0.5244796872138977"
        },
        {
            "gameTime": "2 - 15:53",
            "label": "soccer",
            "position": "953500",
            "half": "2",
            "confidence": "0.7186068296432495"
        }
    ]
}