{
    "UrlLocal": "england_epl/2016-2017/2017-03-18 - 18-00 West Brom 3 - 1 Arsenal",
    "predictions": [
        {
            "gameTime": "1 - 16:21",
            "label": "subs",
            "position": "981500",
            "half": "1",
            "confidence": "0.5523415803909302"
        },
        {
            "gameTime": "1 - 11:49",
            "label": "soccer",
            "position": "709000",
            "half": "1",
            "confidence": "0.9375430941581726"
        },
        {
            "gameTime": "1 - 14:37",
            "label": "soccer",
            "position": "877500",
            "half": "1",
            "confidence": "0.9202271699905396"
        },
        {
            "gameTime": "2 - 19:30",
            "label": "subs",
            "position": "1170500",
            "half": "2",
            "confidence": "0.9689071178436279"
        },
        {
            "gameTime": "2 - 43:56",
            "label": "subs",
            "position": "2636000",
            "half": "2",
            "confidence": "0.9558076858520508"
        },
        {
            "gameTime": "2 - 44:7",
            "label": "subs",
            "position": "2647500",
            "half": "2",
            "confidence": "0.9148796200752258"
        },
        {
            "gameTime": "2 - 32:57",
            "label": "subs",
            "position": "1977500",
            "half": "2",
            "confidence": "0.910272479057312"
        },
        {
            "gameTime": "2 - 26:39",
            "label": "subs",
            "position": "1599500",
            "half": "2",
            "confidence": "0.8990373015403748"
        },
        {
            "gameTime": "2 - 8:47",
            "label": "subs",
            "position": "527000",
            "half": "2",
            "confidence": "0.898358166217804"
        },
        {
            "gameTime": "2 - 8:57",
            "label": "subs",
            "position": "537000",
            "half": "2",
            "confidence": "0.7653648257255554"
        },
        {
            "gameTime": "2 - 19:20",
            "label": "subs",
            "position": "1160000",
            "half": "2",
            "confidence": "0.5519823431968689"
        },
        {
            "gameTime": "2 - 30:31",
            "label": "subs",
            "position": "1831000",
            "half": "2",
            "confidence": "0.5392058491706848"
        },
        {
            "gameTime": "2 - 26:49",
            "label": "subs",
            "position": "1609500",
            "half": "2",
            "confidence": "0.5221632122993469"
        },
        {
            "gameTime": "2 - 29:39",
            "label": "soccer",
            "position": "1779500",
            "half": "2",
            "confidence": "0.926996648311615"
        },
        {
            "gameTime": "2 - 9:58",
            "label": "soccer",
            "position": "598000",
            "half": "2",
            "confidence": "0.9008854031562805"
        }
    ]
}