{
    "UrlLocal": "italy_serie-a/2016-2017/2017-04-01 - 21-45 AS Roma 2 - 0 Empoli",
    "predictions": [
        {
            "gameTime": "1 - 11:49",
            "label": "soccer",
            "position": "709000",
            "half": "1",
            "confidence": "0.9521039724349976"
        },
        {
            "gameTime": "2 - 14:46",
            "label": "card",
            "position": "886500",
            "half": "2",
            "confidence": "0.6859659552574158"
        },
        {
            "gameTime": "2 - 14:58",
            "label": "card",
            "position": "898000",
            "half": "2",
            "confidence": "0.6660452485084534"
        },
        {
            "gameTime": "2 - 12:29",
            "label": "subs",
            "position": "749500",
            "half": "2",
            "confidence": "0.9364843368530273"
        },
        {
            "gameTime": "2 - 39:35",
            "label": "subs",
            "position": "2375500",
            "half": "2",
            "confidence": "0.9271860122680664"
        },
        {
            "gameTime": "2 - 31:51",
            "label": "subs",
            "position": "1911500",
            "half": "2",
            "confidence": "0.9260650873184204"
        },
        {
            "gameTime": "2 - 16:22",
            "label": "subs",
            "position": "982500",
            "half": "2",
            "confidence": "0.888654887676239"
        },
        {
            "gameTime": "2 - 27:29",
            "label": "subs",
            "position": "1649000",
            "half": "2",
            "confidence": "0.886432409286499"
        },
        {
            "gameTime": "2 - 27:39",
            "label": "subs",
            "position": "1659500",
            "half": "2",
            "confidence": "0.8668349385261536"
        },
        {
            "gameTime": "2 - 31:41",
            "label": "subs",
            "position": "1901000",
            "half": "2",
            "confidence": "0.6467545628547668"
        },
        {
            "gameTime": "2 - 39:23",
            "label": "subs",
            "position": "2363000",
            "half": "2",
            "confidence": "0.5627785325050354"
        },
        {
            "gameTime": "2 - 32:3",
            "label": "subs",
            "position": "1923500",
            "half": "2",
            "confidence": "0.5561127066612244"
        },
        {
            "gameTime": "2 - 10:40",
            "label": "soccer",
            "position": "640500",
            "half": "2",
            "confidence": "0.786552369594574"
        },
        {
            "gameTime": "2 - 14:37",
            "label": "soccer",
            "position": "877000",
            "half": "2",
            "confidence": "0.6800331473350525"
        }
    ]
}