{
    "UrlLocal": "england_epl/2015-2016/2015-10-03 - 19-30 Chelsea 1 - 3 Southampton",
    "predictions": [
        {
            "gameTime": "1 - 0:1",
            "label": "Kick-off",
            "position": "1500",
            "half": "1",
            "confidence": "0.9996949434280396"
        },
        {
            "gameTime": "1 - 42:14",
            "label": "Kick-off",
            "position": "2534500",
            "half": "1",
            "confidence": "0.9959279894828796"
        },
        {
            "gameTime": "1 - 0:11",
            "label": "Kick-off",
            "position": "11500",
            "half": "1",
            "confidence": "0.9647805690765381"
        },
        {
            "gameTime": "1 - 42:25",
            "label": "Kick-off",
            "position": "2545500",
            "half": "1",
            "confidence": "0.9238728880882263"
        },
        {
            "gameTime": "1 - 9:1",
            "label": "Goal",
            "position": "541000",
            "half": "1",
            "confidence": "0.9871600866317749"
        },
        {
            "gameTime": "1 - 41:33",
            "label": "Goal",
            "position": "2493500",
            "half": "1",
            "confidence": "0.8594157099723816"
        },
        {
            "gameTime": "1 - 9:12",
            "label": "Goal",
            "position": "552500",
            "half": "1",
            "confidence": "0.6847015619277954"
        },
        {
            "gameTime": "1 - 22:54",
            "label": "Offside",
            "position": "1374000",
            "half": "1",
            "confidence": "0.7791718244552612"
        },
        {
            "gameTime": "1 - 23:4",
            "label": "Offside",
            "position": "1384000",
            "half": "1",
            "confidence": "0.5215996503829956"
        },
        {
            "gameTime": "1 - 9:1",
            "label": "Shots on target",
            "position": "541500",
            "half": "1",
            "confidence": "0.9369440078735352"
        },
        {
            "gameTime": "1 - 9:19",
            "label": "Shots on target",
            "position": "559500",
            "half": "1",
            "confidence": "0.7818573713302612"
        },
        {
            "gameTime": "1 - 41:30",
            "label": "Shots on target",
            "position": "2490000",
            "half": "1",
            "confidence": "0.7570458650588989"
        },
        {
            "gameTime": "1 - 6:9",
            "label": "Shots off target",
            "position": "369000",
            "half": "1",
            "confidence": "0.8358150124549866"
        },
        {
            "gameTime": "1 - 14:59",
            "label": "Shots off target",
            "position": "899000",
            "half": "1",
            "confidence": "0.816936194896698"
        },
        {
            "gameTime": "1 - 22:26",
            "label": "Shots off target",
            "position": "1346500",
            "half": "1",
            "confidence": "0.6836205124855042"
        },
        {
            "gameTime": "1 - 36:50",
            "label": "Shots off target",
            "position": "2210500",
            "half": "1",
            "confidence": "0.6606755256652832"
        },
        {
            "gameTime": "1 - 33:55",
            "label": "Clearance",
            "position": "2035500",
            "half": "1",
            "confidence": "0.80143141746521"
        },
        {
            "gameTime": "1 - 4:59",
            "label": "Clearance",
            "position": "299500",
            "half": "1",
            "confidence": "0.6749553084373474"
        },
        {
            "gameTime": "1 - 22:36",
            "label": "Clearance",
            "position": "1356500",
            "half": "1",
            "confidence": "0.6612359881401062"
        },
        {
            "gameTime": "1 - 12:22",
            "label": "Clearance",
            "position": "742500",
            "half": "1",
            "confidence": "0.6480181813240051"
        },
        {
            "gameTime": "1 - 22:46",
            "label": "Clearance",
            "position": "1366500",
            "half": "1",
            "confidence": "0.5319541692733765"
        },
        {
            "gameTime": "1 - 23:17",
            "label": "Clearance",
            "position": "1397500",
            "half": "1",
            "confidence": "0.5124310851097107"
        },
        {
            "gameTime": "1 - 30:6",
            "label": "Ball out of play",
            "position": "1806000",
            "half": "1",
            "confidence": "0.9353833794593811"
        },
        {
            "gameTime": "1 - 30:16",
            "label": "Ball out of play",
            "position": "1816000",
            "half": "1",
            "confidence": "0.9308104515075684"
        },
        {
            "gameTime": "1 - 6:15",
            "label": "Ball out of play",
            "position": "375000",
            "half": "1",
            "confidence": "0.9025884866714478"
        },
        {
            "gameTime": "1 - 21:15",
            "label": "Ball out of play",
            "position": "1275500",
            "half": "1",
            "confidence": "0.9004547595977783"
        },
        {
            "gameTime": "1 - 31:23",
            "label": "Ball out of play",
            "position": "1883000",
            "half": "1",
            "confidence": "0.8961392641067505"
        },
        {
            "gameTime": "1 - 36:51",
            "label": "Ball out of play",
            "position": "2211500",
            "half": "1",
            "confidence": "0.8948485851287842"
        },
        {
            "gameTime": "1 - 2:41",
            "label": "Ball out of play",
            "position": "161500",
            "half": "1",
            "confidence": "0.8947227001190186"
        },
        {
            "gameTime": "1 - 34:28",
            "label": "Ball out of play",
            "position": "2068000",
            "half": "1",
            "confidence": "0.887380063533783"
        },
        {
            "gameTime": "1 - 26:57",
            "label": "Ball out of play",
            "position": "1617500",
            "half": "1",
            "confidence": "0.8851816654205322"
        },
        {
            "gameTime": "1 - 19:33",
            "label": "Ball out of play",
            "position": "1173500",
            "half": "1",
            "confidence": "0.884102463722229"
        },
        {
            "gameTime": "1 - 1:23",
            "label": "Ball out of play",
            "position": "83000",
            "half": "1",
            "confidence": "0.8748744130134583"
        },
        {
            "gameTime": "1 - 9:58",
            "label": "Ball out of play",
            "position": "598000",
            "half": "1",
            "confidence": "0.8664442300796509"
        },
        {
            "gameTime": "1 - 31:8",
            "label": "Ball out of play",
            "position": "1868500",
            "half": "1",
            "confidence": "0.8529304265975952"
        },
        {
            "gameTime": "1 - 27:44",
            "label": "Ball out of play",
            "position": "1664000",
            "half": "1",
            "confidence": "0.852859616279602"
        },
        {
            "gameTime": "1 - 21:4",
            "label": "Ball out of play",
            "position": "1264000",
            "half": "1",
            "confidence": "0.8442724347114563"
        },
        {
            "gameTime": "1 - 34:17",
            "label": "Ball out of play",
            "position": "2057500",
            "half": "1",
            "confidence": "0.8434733152389526"
        },
        {
            "gameTime": "1 - 10:34",
            "label": "Ball out of play",
            "position": "634500",
            "half": "1",
            "confidence": "0.8416100740432739"
        },
        {
            "gameTime": "1 - 19:43",
            "label": "Ball out of play",
            "position": "1183500",
            "half": "1",
            "confidence": "0.8394262194633484"
        },
        {
            "gameTime": "1 - 20:2",
            "label": "Ball out of play",
            "position": "1202000",
            "half": "1",
            "confidence": "0.83729487657547"
        },
        {
            "gameTime": "1 - 19:23",
            "label": "Ball out of play",
            "position": "1163000",
            "half": "1",
            "confidence": "0.8270348906517029"
        },
        {
            "gameTime": "1 - 39:30",
            "label": "Ball out of play",
            "position": "2370000",
            "half": "1",
            "confidence": "0.8057730793952942"
        },
        {
            "gameTime": "1 - 15:3",
            "label": "Ball out of play",
            "position": "903500",
            "half": "1",
            "confidence": "0.8042740225791931"
        },
        {
            "gameTime": "1 - 33:33",
            "label": "Ball out of play",
            "position": "2013500",
            "half": "1",
            "confidence": "0.7973173260688782"
        },
        {
            "gameTime": "1 - 6:4",
            "label": "Ball out of play",
            "position": "364500",
            "half": "1",
            "confidence": "0.7892694473266602"
        },
        {
            "gameTime": "1 - 27:55",
            "label": "Ball out of play",
            "position": "1675000",
            "half": "1",
            "confidence": "0.7878886461257935"
        },
        {
            "gameTime": "1 - 22:21",
            "label": "Ball out of play",
            "position": "1341500",
            "half": "1",
            "confidence": "0.7866880297660828"
        },
        {
            "gameTime": "1 - 2:13",
            "label": "Ball out of play",
            "position": "133000",
            "half": "1",
            "confidence": "0.7558931112289429"
        },
        {
            "gameTime": "1 - 37:43",
            "label": "Ball out of play",
            "position": "2263500",
            "half": "1",
            "confidence": "0.7523506879806519"
        },
        {
            "gameTime": "1 - 37:30",
            "label": "Ball out of play",
            "position": "2250000",
            "half": "1",
            "confidence": "0.7474654912948608"
        },
        {
            "gameTime": "1 - 14:5",
            "label": "Ball out of play",
            "position": "845500",
            "half": "1",
            "confidence": "0.7393791675567627"
        },
        {
            "gameTime": "1 - 26:42",
            "label": "Ball out of play",
            "position": "1602500",
            "half": "1",
            "confidence": "0.7365052700042725"
        },
        {
            "gameTime": "1 - 22:5",
            "label": "Ball out of play",
            "position": "1325000",
            "half": "1",
            "confidence": "0.7343564629554749"
        },
        {
            "gameTime": "1 - 1:12",
            "label": "Ball out of play",
            "position": "72500",
            "half": "1",
            "confidence": "0.7205623388290405"
        },
        {
            "gameTime": "1 - 23:50",
            "label": "Ball out of play",
            "position": "1430000",
            "half": "1",
            "confidence": "0.7091858983039856"
        },
        {
            "gameTime": "1 - 2:2",
            "label": "Ball out of play",
            "position": "122000",
            "half": "1",
            "confidence": "0.7038326263427734"
        },
        {
            "gameTime": "1 - 12:57",
            "label": "Ball out of play",
            "position": "777000",
            "half": "1",
            "confidence": "0.7036706805229187"
        },
        {
            "gameTime": "1 - 9:24",
            "label": "Ball out of play",
            "position": "564500",
            "half": "1",
            "confidence": "0.7002885341644287"
        },
        {
            "gameTime": "1 - 22:34",
            "label": "Ball out of play",
            "position": "1354000",
            "half": "1",
            "confidence": "0.6867526173591614"
        },
        {
            "gameTime": "1 - 39:19",
            "label": "Ball out of play",
            "position": "2359500",
            "half": "1",
            "confidence": "0.6752164363861084"
        },
        {
            "gameTime": "1 - 13:55",
            "label": "Ball out of play",
            "position": "835000",
            "half": "1",
            "confidence": "0.6688421964645386"
        },
        {
            "gameTime": "1 - 10:23",
            "label": "Ball out of play",
            "position": "623000",
            "half": "1",
            "confidence": "0.6548335552215576"
        },
        {
            "gameTime": "1 - 34:38",
            "label": "Ball out of play",
            "position": "2078000",
            "half": "1",
            "confidence": "0.6498888731002808"
        },
        {
            "gameTime": "1 - 6:25",
            "label": "Ball out of play",
            "position": "385000",
            "half": "1",
            "confidence": "0.6498851776123047"
        },
        {
            "gameTime": "1 - 13:9",
            "label": "Ball out of play",
            "position": "789500",
            "half": "1",
            "confidence": "0.6266745328903198"
        },
        {
            "gameTime": "1 - 24:11",
            "label": "Ball out of play",
            "position": "1451500",
            "half": "1",
            "confidence": "0.625049889087677"
        },
        {
            "gameTime": "1 - 38:42",
            "label": "Ball out of play",
            "position": "2322500",
            "half": "1",
            "confidence": "0.6189987063407898"
        },
        {
            "gameTime": "1 - 14:50",
            "label": "Ball out of play",
            "position": "890000",
            "half": "1",
            "confidence": "0.6096912026405334"
        },
        {
            "gameTime": "1 - 25:3",
            "label": "Ball out of play",
            "position": "1503500",
            "half": "1",
            "confidence": "0.5783028602600098"
        },
        {
            "gameTime": "1 - 12:26",
            "label": "Ball out of play",
            "position": "746500",
            "half": "1",
            "confidence": "0.5776888132095337"
        },
        {
            "gameTime": "1 - 13:20",
            "label": "Ball out of play",
            "position": "800500",
            "half": "1",
            "confidence": "0.5680088400840759"
        },
        {
            "gameTime": "1 - 39:43",
            "label": "Ball out of play",
            "position": "2383500",
            "half": "1",
            "confidence": "0.5667734146118164"
        },
        {
            "gameTime": "1 - 21:54",
            "label": "Ball out of play",
            "position": "1314000",
            "half": "1",
            "confidence": "0.5609230399131775"
        },
        {
            "gameTime": "1 - 10:11",
            "label": "Ball out of play",
            "position": "611000",
            "half": "1",
            "confidence": "0.5594779849052429"
        },
        {
            "gameTime": "1 - 4:56",
            "label": "Ball out of play",
            "position": "296000",
            "half": "1",
            "confidence": "0.5541238188743591"
        },
        {
            "gameTime": "1 - 2:28",
            "label": "Ball out of play",
            "position": "148000",
            "half": "1",
            "confidence": "0.5520015358924866"
        },
        {
            "gameTime": "1 - 12:15",
            "label": "Ball out of play",
            "position": "735500",
            "half": "1",
            "confidence": "0.547596275806427"
        },
        {
            "gameTime": "1 - 9:47",
            "label": "Ball out of play",
            "position": "587500",
            "half": "1",
            "confidence": "0.5434057116508484"
        },
        {
            "gameTime": "1 - 33:43",
            "label": "Ball out of play",
            "position": "2023500",
            "half": "1",
            "confidence": "0.5431549549102783"
        },
        {
            "gameTime": "1 - 30:58",
            "label": "Ball out of play",
            "position": "1858000",
            "half": "1",
            "confidence": "0.5380902886390686"
        },
        {
            "gameTime": "1 - 14:15",
            "label": "Ball out of play",
            "position": "855500",
            "half": "1",
            "confidence": "0.537217378616333"
        },
        {
            "gameTime": "1 - 6:35",
            "label": "Ball out of play",
            "position": "395000",
            "half": "1",
            "confidence": "0.5357258319854736"
        },
        {
            "gameTime": "1 - 18:19",
            "label": "Ball out of play",
            "position": "1099000",
            "half": "1",
            "confidence": "0.5276920199394226"
        },
        {
            "gameTime": "1 - 4:41",
            "label": "Ball out of play",
            "position": "281500",
            "half": "1",
            "confidence": "0.5054111480712891"
        },
        {
            "gameTime": "1 - 30:16",
            "label": "Throw-in",
            "position": "1816500",
            "half": "1",
            "confidence": "0.9612804651260376"
        },
        {
            "gameTime": "1 - 14:1",
            "label": "Throw-in",
            "position": "841000",
            "half": "1",
            "confidence": "0.9328704476356506"
        },
        {
            "gameTime": "1 - 34:33",
            "label": "Throw-in",
            "position": "2073000",
            "half": "1",
            "confidence": "0.9282014966011047"
        },
        {
            "gameTime": "1 - 34:19",
            "label": "Throw-in",
            "position": "2059500",
            "half": "1",
            "confidence": "0.9057586193084717"
        },
        {
            "gameTime": "1 - 2:21",
            "label": "Throw-in",
            "position": "141000",
            "half": "1",
            "confidence": "0.9054789543151855"
        },
        {
            "gameTime": "1 - 14:11",
            "label": "Throw-in",
            "position": "851000",
            "half": "1",
            "confidence": "0.8989623785018921"
        },
        {
            "gameTime": "1 - 22:5",
            "label": "Throw-in",
            "position": "1325000",
            "half": "1",
            "confidence": "0.889894962310791"
        },
        {
            "gameTime": "1 - 26:54",
            "label": "Throw-in",
            "position": "1614000",
            "half": "1",
            "confidence": "0.8781273365020752"
        },
        {
            "gameTime": "1 - 2:45",
            "label": "Throw-in",
            "position": "165000",
            "half": "1",
            "confidence": "0.8773021697998047"
        },
        {
            "gameTime": "1 - 19:42",
            "label": "Throw-in",
            "position": "1182500",
            "half": "1",
            "confidence": "0.8655877113342285"
        },
        {
            "gameTime": "1 - 1:51",
            "label": "Throw-in",
            "position": "111000",
            "half": "1",
            "confidence": "0.8473471403121948"
        },
        {
            "gameTime": "1 - 2:5",
            "label": "Throw-in",
            "position": "125000",
            "half": "1",
            "confidence": "0.8437572121620178"
        },
        {
            "gameTime": "1 - 21:13",
            "label": "Throw-in",
            "position": "1273000",
            "half": "1",
            "confidence": "0.8221114277839661"
        },
        {
            "gameTime": "1 - 27:44",
            "label": "Throw-in",
            "position": "1664500",
            "half": "1",
            "confidence": "0.8100640773773193"
        },
        {
            "gameTime": "1 - 31:10",
            "label": "Throw-in",
            "position": "1870000",
            "half": "1",
            "confidence": "0.8090858459472656"
        },
        {
            "gameTime": "1 - 21:54",
            "label": "Throw-in",
            "position": "1314500",
            "half": "1",
            "confidence": "0.8020422458648682"
        },
        {
            "gameTime": "1 - 31:25",
            "label": "Throw-in",
            "position": "1885500",
            "half": "1",
            "confidence": "0.7817513346672058"
        },
        {
            "gameTime": "1 - 34:43",
            "label": "Throw-in",
            "position": "2083000",
            "half": "1",
            "confidence": "0.7583645582199097"
        },
        {
            "gameTime": "1 - 30:6",
            "label": "Throw-in",
            "position": "1806000",
            "half": "1",
            "confidence": "0.7551877498626709"
        },
        {
            "gameTime": "1 - 27:55",
            "label": "Throw-in",
            "position": "1675000",
            "half": "1",
            "confidence": "0.7193371653556824"
        },
        {
            "gameTime": "1 - 19:32",
            "label": "Throw-in",
            "position": "1172000",
            "half": "1",
            "confidence": "0.7181693315505981"
        },
        {
            "gameTime": "1 - 26:40",
            "label": "Throw-in",
            "position": "1600500",
            "half": "1",
            "confidence": "0.7004953622817993"
        },
        {
            "gameTime": "1 - 22:15",
            "label": "Throw-in",
            "position": "1335000",
            "half": "1",
            "confidence": "0.6871917843818665"
        },
        {
            "gameTime": "1 - 11:37",
            "label": "Throw-in",
            "position": "697500",
            "half": "1",
            "confidence": "0.6860644817352295"
        },
        {
            "gameTime": "1 - 13:11",
            "label": "Throw-in",
            "position": "791000",
            "half": "1",
            "confidence": "0.6433869004249573"
        },
        {
            "gameTime": "1 - 28:8",
            "label": "Throw-in",
            "position": "1688000",
            "half": "1",
            "confidence": "0.6208317875862122"
        },
        {
            "gameTime": "1 - 18:52",
            "label": "Throw-in",
            "position": "1132000",
            "half": "1",
            "confidence": "0.5944543480873108"
        },
        {
            "gameTime": "1 - 38:35",
            "label": "Throw-in",
            "position": "2315500",
            "half": "1",
            "confidence": "0.591093897819519"
        },
        {
            "gameTime": "1 - 25:29",
            "label": "Throw-in",
            "position": "1529000",
            "half": "1",
            "confidence": "0.5768821835517883"
        },
        {
            "gameTime": "1 - 12:56",
            "label": "Throw-in",
            "position": "776000",
            "half": "1",
            "confidence": "0.5693677067756653"
        },
        {
            "gameTime": "1 - 25:43",
            "label": "Throw-in",
            "position": "1543500",
            "half": "1",
            "confidence": "0.5569723844528198"
        },
        {
            "gameTime": "1 - 10:35",
            "label": "Throw-in",
            "position": "635000",
            "half": "1",
            "confidence": "0.5559208989143372"
        },
        {
            "gameTime": "1 - 27:11",
            "label": "Throw-in",
            "position": "1631000",
            "half": "1",
            "confidence": "0.5213621854782104"
        },
        {
            "gameTime": "1 - 5:29",
            "label": "Foul",
            "position": "329000",
            "half": "1",
            "confidence": "0.8918507099151611"
        },
        {
            "gameTime": "1 - 40:47",
            "label": "Foul",
            "position": "2447500",
            "half": "1",
            "confidence": "0.7439592480659485"
        },
        {
            "gameTime": "1 - 35:54",
            "label": "Foul",
            "position": "2154000",
            "half": "1",
            "confidence": "0.6599372029304504"
        },
        {
            "gameTime": "1 - 7:6",
            "label": "Foul",
            "position": "426000",
            "half": "1",
            "confidence": "0.6032479405403137"
        },
        {
            "gameTime": "1 - 33:17",
            "label": "Foul",
            "position": "1997000",
            "half": "1",
            "confidence": "0.5968560576438904"
        },
        {
            "gameTime": "1 - 5:57",
            "label": "Foul",
            "position": "357000",
            "half": "1",
            "confidence": "0.555341362953186"
        },
        {
            "gameTime": "1 - 34:0",
            "label": "Foul",
            "position": "2040500",
            "half": "1",
            "confidence": "0.5212355256080627"
        },
        {
            "gameTime": "1 - 27:18",
            "label": "Foul",
            "position": "1638000",
            "half": "1",
            "confidence": "0.5089739561080933"
        },
        {
            "gameTime": "1 - 40:37",
            "label": "Foul",
            "position": "2437000",
            "half": "1",
            "confidence": "0.5021908283233643"
        },
        {
            "gameTime": "1 - 40:47",
            "label": "Indirect free-kick",
            "position": "2447500",
            "half": "1",
            "confidence": "0.5703914165496826"
        },
        {
            "gameTime": "1 - 5:57",
            "label": "Indirect free-kick",
            "position": "357000",
            "half": "1",
            "confidence": "0.5068366527557373"
        },
        {
            "gameTime": "1 - 8:50",
            "label": "Direct free-kick",
            "position": "530000",
            "half": "1",
            "confidence": "0.9975765347480774"
        },
        {
            "gameTime": "1 - 9:0",
            "label": "Direct free-kick",
            "position": "540000",
            "half": "1",
            "confidence": "0.9773000478744507"
        },
        {
            "gameTime": "1 - 9:13",
            "label": "Direct free-kick",
            "position": "553500",
            "half": "1",
            "confidence": "0.8344102501869202"
        },
        {
            "gameTime": "1 - 36:35",
            "label": "Direct free-kick",
            "position": "2195500",
            "half": "1",
            "confidence": "0.7966058850288391"
        },
        {
            "gameTime": "1 - 7:35",
            "label": "Direct free-kick",
            "position": "455000",
            "half": "1",
            "confidence": "0.6856392025947571"
        },
        {
            "gameTime": "1 - 8:34",
            "label": "Direct free-kick",
            "position": "514500",
            "half": "1",
            "confidence": "0.6426258683204651"
        },
        {
            "gameTime": "1 - 10:13",
            "label": "Corner",
            "position": "613500",
            "half": "1",
            "confidence": "0.9870102405548096"
        },
        {
            "gameTime": "1 - 6:30",
            "label": "Corner",
            "position": "390500",
            "half": "1",
            "confidence": "0.9591777324676514"
        },
        {
            "gameTime": "1 - 37:50",
            "label": "Corner",
            "position": "2270500",
            "half": "1",
            "confidence": "0.9451172351837158"
        },
        {
            "gameTime": "1 - 37:19",
            "label": "Corner",
            "position": "2239500",
            "half": "1",
            "confidence": "0.8669705986976624"
        },
        {
            "gameTime": "1 - 6:16",
            "label": "Corner",
            "position": "376000",
            "half": "1",
            "confidence": "0.7669161558151245"
        },
        {
            "gameTime": "1 - 10:26",
            "label": "Corner",
            "position": "626000",
            "half": "1",
            "confidence": "0.7525962591171265"
        },
        {
            "gameTime": "1 - 11:15",
            "label": "Corner",
            "position": "675000",
            "half": "1",
            "confidence": "0.6286373734474182"
        },
        {
            "gameTime": "2 - 26:59",
            "label": "Goal",
            "position": "1619500",
            "half": "2",
            "confidence": "0.8645783066749573"
        },
        {
            "gameTime": "2 - 45:57",
            "label": "Substitution",
            "position": "2757000",
            "half": "2",
            "confidence": "0.9653306007385254"
        },
        {
            "gameTime": "2 - 32:8",
            "label": "Substitution",
            "position": "1928500",
            "half": "2",
            "confidence": "0.9638424515724182"
        },
        {
            "gameTime": "2 - 18:44",
            "label": "Substitution",
            "position": "1124000",
            "half": "2",
            "confidence": "0.9521962404251099"
        },
        {
            "gameTime": "2 - 27:54",
            "label": "Substitution",
            "position": "1674500",
            "half": "2",
            "confidence": "0.8137207627296448"
        },
        {
            "gameTime": "2 - 45:46",
            "label": "Substitution",
            "position": "2746500",
            "half": "2",
            "confidence": "0.6902318000793457"
        },
        {
            "gameTime": "2 - 31:58",
            "label": "Substitution",
            "position": "1918000",
            "half": "2",
            "confidence": "0.669160783290863"
        },
        {
            "gameTime": "2 - 18:54",
            "label": "Substitution",
            "position": "1134000",
            "half": "2",
            "confidence": "0.6378371715545654"
        },
        {
            "gameTime": "2 - 26:59",
            "label": "Shots on target",
            "position": "1619500",
            "half": "2",
            "confidence": "0.8375915884971619"
        },
        {
            "gameTime": "2 - 36:8",
            "label": "Shots on target",
            "position": "2168000",
            "half": "2",
            "confidence": "0.5166729688644409"
        },
        {
            "gameTime": "2 - 23:10",
            "label": "Shots off target",
            "position": "1390000",
            "half": "2",
            "confidence": "0.8553459644317627"
        },
        {
            "gameTime": "2 - 8:48",
            "label": "Shots off target",
            "position": "528000",
            "half": "2",
            "confidence": "0.8324903249740601"
        },
        {
            "gameTime": "2 - 3:32",
            "label": "Shots off target",
            "position": "212500",
            "half": "2",
            "confidence": "0.8047460317611694"
        },
        {
            "gameTime": "2 - 36:19",
            "label": "Shots off target",
            "position": "2179000",
            "half": "2",
            "confidence": "0.792811393737793"
        },
        {
            "gameTime": "2 - 38:26",
            "label": "Shots off target",
            "position": "2306500",
            "half": "2",
            "confidence": "0.6623983979225159"
        },
        {
            "gameTime": "2 - 21:15",
            "label": "Shots off target",
            "position": "1275000",
            "half": "2",
            "confidence": "0.5925264358520508"
        },
        {
            "gameTime": "2 - 36:8",
            "label": "Shots off target",
            "position": "2168500",
            "half": "2",
            "confidence": "0.570519208908081"
        },
        {
            "gameTime": "2 - 41:14",
            "label": "Shots off target",
            "position": "2474500",
            "half": "2",
            "confidence": "0.51996248960495"
        },
        {
            "gameTime": "2 - 43:34",
            "label": "Clearance",
            "position": "2614500",
            "half": "2",
            "confidence": "0.9555321335792542"
        },
        {
            "gameTime": "2 - 32:21",
            "label": "Clearance",
            "position": "1941500",
            "half": "2",
            "confidence": "0.9258764982223511"
        },
        {
            "gameTime": "2 - 36:43",
            "label": "Clearance",
            "position": "2203000",
            "half": "2",
            "confidence": "0.7130998969078064"
        },
        {
            "gameTime": "2 - 36:31",
            "label": "Clearance",
            "position": "2191500",
            "half": "2",
            "confidence": "0.7046560049057007"
        },
        {
            "gameTime": "2 - 32:31",
            "label": "Clearance",
            "position": "1951500",
            "half": "2",
            "confidence": "0.668833315372467"
        },
        {
            "gameTime": "2 - 3:52",
            "label": "Clearance",
            "position": "232000",
            "half": "2",
            "confidence": "0.6681501865386963"
        },
        {
            "gameTime": "2 - 21:23",
            "label": "Clearance",
            "position": "1283500",
            "half": "2",
            "confidence": "0.6281172633171082"
        },
        {
            "gameTime": "2 - 28:47",
            "label": "Clearance",
            "position": "1727500",
            "half": "2",
            "confidence": "0.5870252847671509"
        },
        {
            "gameTime": "2 - 41:54",
            "label": "Clearance",
            "position": "2514000",
            "half": "2",
            "confidence": "0.500787615776062"
        },
        {
            "gameTime": "2 - 8:12",
            "label": "Ball out of play",
            "position": "492000",
            "half": "2",
            "confidence": "0.9509594440460205"
        },
        {
            "gameTime": "2 - 28:22",
            "label": "Ball out of play",
            "position": "1702500",
            "half": "2",
            "confidence": "0.9468994736671448"
        },
        {
            "gameTime": "2 - 8:46",
            "label": "Ball out of play",
            "position": "526500",
            "half": "2",
            "confidence": "0.9365529417991638"
        },
        {
            "gameTime": "2 - 38:29",
            "label": "Ball out of play",
            "position": "2309000",
            "half": "2",
            "confidence": "0.9225874543190002"
        },
        {
            "gameTime": "2 - 13:3",
            "label": "Ball out of play",
            "position": "783000",
            "half": "2",
            "confidence": "0.9187333583831787"
        },
        {
            "gameTime": "2 - 8:56",
            "label": "Ball out of play",
            "position": "536500",
            "half": "2",
            "confidence": "0.9157649278640747"
        },
        {
            "gameTime": "2 - 3:32",
            "label": "Ball out of play",
            "position": "212500",
            "half": "2",
            "confidence": "0.9129727482795715"
        },
        {
            "gameTime": "2 - 4:19",
            "label": "Ball out of play",
            "position": "259000",
            "half": "2",
            "confidence": "0.9082604646682739"
        },
        {
            "gameTime": "2 - 36:59",
            "label": "Ball out of play",
            "position": "2219000",
            "half": "2",
            "confidence": "0.9005872011184692"
        },
        {
            "gameTime": "2 - 36:16",
            "label": "Ball out of play",
            "position": "2176500",
            "half": "2",
            "confidence": "0.8887549638748169"
        },
        {
            "gameTime": "2 - 31:30",
            "label": "Ball out of play",
            "position": "1890500",
            "half": "2",
            "confidence": "0.8772361874580383"
        },
        {
            "gameTime": "2 - 7:38",
            "label": "Ball out of play",
            "position": "458000",
            "half": "2",
            "confidence": "0.8769057989120483"
        },
        {
            "gameTime": "2 - 4:29",
            "label": "Ball out of play",
            "position": "269000",
            "half": "2",
            "confidence": "0.875346839427948"
        },
        {
            "gameTime": "2 - 34:19",
            "label": "Ball out of play",
            "position": "2059000",
            "half": "2",
            "confidence": "0.87457275390625"
        },
        {
            "gameTime": "2 - 7:26",
            "label": "Ball out of play",
            "position": "446500",
            "half": "2",
            "confidence": "0.8658671975135803"
        },
        {
            "gameTime": "2 - 13:53",
            "label": "Ball out of play",
            "position": "833000",
            "half": "2",
            "confidence": "0.8652034997940063"
        },
        {
            "gameTime": "2 - 38:18",
            "label": "Ball out of play",
            "position": "2298500",
            "half": "2",
            "confidence": "0.8554596900939941"
        },
        {
            "gameTime": "2 - 43:7",
            "label": "Ball out of play",
            "position": "2587500",
            "half": "2",
            "confidence": "0.8398357033729553"
        },
        {
            "gameTime": "2 - 46:14",
            "label": "Ball out of play",
            "position": "2774500",
            "half": "2",
            "confidence": "0.8393497467041016"
        },
        {
            "gameTime": "2 - 3:21",
            "label": "Ball out of play",
            "position": "201500",
            "half": "2",
            "confidence": "0.8342891335487366"
        },
        {
            "gameTime": "2 - 25:28",
            "label": "Ball out of play",
            "position": "1528500",
            "half": "2",
            "confidence": "0.8158528804779053"
        },
        {
            "gameTime": "2 - 39:23",
            "label": "Ball out of play",
            "position": "2363000",
            "half": "2",
            "confidence": "0.8144681453704834"
        },
        {
            "gameTime": "2 - 23:5",
            "label": "Ball out of play",
            "position": "1385500",
            "half": "2",
            "confidence": "0.8088180422782898"
        },
        {
            "gameTime": "2 - 3:58",
            "label": "Ball out of play",
            "position": "238500",
            "half": "2",
            "confidence": "0.8084223866462708"
        },
        {
            "gameTime": "2 - 39:3",
            "label": "Ball out of play",
            "position": "2343500",
            "half": "2",
            "confidence": "0.7934719920158386"
        },
        {
            "gameTime": "2 - 8:23",
            "label": "Ball out of play",
            "position": "503500",
            "half": "2",
            "confidence": "0.7856086492538452"
        },
        {
            "gameTime": "2 - 12:52",
            "label": "Ball out of play",
            "position": "772500",
            "half": "2",
            "confidence": "0.767649233341217"
        },
        {
            "gameTime": "2 - 23:15",
            "label": "Ball out of play",
            "position": "1395500",
            "half": "2",
            "confidence": "0.7536740899085999"
        },
        {
            "gameTime": "2 - 34:42",
            "label": "Ball out of play",
            "position": "2082000",
            "half": "2",
            "confidence": "0.7493501305580139"
        },
        {
            "gameTime": "2 - 35:13",
            "label": "Ball out of play",
            "position": "2113000",
            "half": "2",
            "confidence": "0.746846079826355"
        },
        {
            "gameTime": "2 - 14:3",
            "label": "Ball out of play",
            "position": "843500",
            "half": "2",
            "confidence": "0.7463420033454895"
        },
        {
            "gameTime": "2 - 13:13",
            "label": "Ball out of play",
            "position": "793500",
            "half": "2",
            "confidence": "0.7198275327682495"
        },
        {
            "gameTime": "2 - 41:7",
            "label": "Ball out of play",
            "position": "2467000",
            "half": "2",
            "confidence": "0.7142629027366638"
        },
        {
            "gameTime": "2 - 34:4",
            "label": "Ball out of play",
            "position": "2044500",
            "half": "2",
            "confidence": "0.711100161075592"
        },
        {
            "gameTime": "2 - 34:29",
            "label": "Ball out of play",
            "position": "2069500",
            "half": "2",
            "confidence": "0.7068081498146057"
        },
        {
            "gameTime": "2 - 34:59",
            "label": "Ball out of play",
            "position": "2099000",
            "half": "2",
            "confidence": "0.6988126039505005"
        },
        {
            "gameTime": "2 - 45:35",
            "label": "Ball out of play",
            "position": "2735500",
            "half": "2",
            "confidence": "0.6987887620925903"
        },
        {
            "gameTime": "2 - 4:8",
            "label": "Ball out of play",
            "position": "248500",
            "half": "2",
            "confidence": "0.6915732622146606"
        },
        {
            "gameTime": "2 - 38:50",
            "label": "Ball out of play",
            "position": "2330500",
            "half": "2",
            "confidence": "0.6760739684104919"
        },
        {
            "gameTime": "2 - 43:17",
            "label": "Ball out of play",
            "position": "2597500",
            "half": "2",
            "confidence": "0.6714152097702026"
        },
        {
            "gameTime": "2 - 11:21",
            "label": "Ball out of play",
            "position": "681500",
            "half": "2",
            "confidence": "0.654442548751831"
        },
        {
            "gameTime": "2 - 28:12",
            "label": "Ball out of play",
            "position": "1692000",
            "half": "2",
            "confidence": "0.6495264172554016"
        },
        {
            "gameTime": "2 - 45:8",
            "label": "Ball out of play",
            "position": "2708500",
            "half": "2",
            "confidence": "0.6494777798652649"
        },
        {
            "gameTime": "2 - 12:18",
            "label": "Ball out of play",
            "position": "738000",
            "half": "2",
            "confidence": "0.6333497166633606"
        },
        {
            "gameTime": "2 - 36:6",
            "label": "Ball out of play",
            "position": "2166000",
            "half": "2",
            "confidence": "0.6233527064323425"
        },
        {
            "gameTime": "2 - 0:37",
            "label": "Ball out of play",
            "position": "37500",
            "half": "2",
            "confidence": "0.6215795874595642"
        },
        {
            "gameTime": "2 - 15:56",
            "label": "Ball out of play",
            "position": "956000",
            "half": "2",
            "confidence": "0.621247410774231"
        },
        {
            "gameTime": "2 - 6:16",
            "label": "Ball out of play",
            "position": "376500",
            "half": "2",
            "confidence": "0.606639564037323"
        },
        {
            "gameTime": "2 - 38:39",
            "label": "Ball out of play",
            "position": "2319000",
            "half": "2",
            "confidence": "0.580166757106781"
        },
        {
            "gameTime": "2 - 26:51",
            "label": "Ball out of play",
            "position": "1611000",
            "half": "2",
            "confidence": "0.5741129517555237"
        },
        {
            "gameTime": "2 - 28:50",
            "label": "Ball out of play",
            "position": "1730500",
            "half": "2",
            "confidence": "0.5709121823310852"
        },
        {
            "gameTime": "2 - 30:25",
            "label": "Ball out of play",
            "position": "1825000",
            "half": "2",
            "confidence": "0.5689626932144165"
        },
        {
            "gameTime": "2 - 11:8",
            "label": "Ball out of play",
            "position": "668500",
            "half": "2",
            "confidence": "0.5679497718811035"
        },
        {
            "gameTime": "2 - 14:33",
            "label": "Ball out of play",
            "position": "873500",
            "half": "2",
            "confidence": "0.5650362372398376"
        },
        {
            "gameTime": "2 - 22:53",
            "label": "Ball out of play",
            "position": "1373000",
            "half": "2",
            "confidence": "0.5559621453285217"
        },
        {
            "gameTime": "2 - 37:9",
            "label": "Ball out of play",
            "position": "2229000",
            "half": "2",
            "confidence": "0.554484486579895"
        },
        {
            "gameTime": "2 - 0:52",
            "label": "Ball out of play",
            "position": "52000",
            "half": "2",
            "confidence": "0.5457867383956909"
        },
        {
            "gameTime": "2 - 41:44",
            "label": "Ball out of play",
            "position": "2504500",
            "half": "2",
            "confidence": "0.5417701601982117"
        },
        {
            "gameTime": "2 - 13:42",
            "label": "Ball out of play",
            "position": "822000",
            "half": "2",
            "confidence": "0.5276756286621094"
        },
        {
            "gameTime": "2 - 39:33",
            "label": "Ball out of play",
            "position": "2373500",
            "half": "2",
            "confidence": "0.5253782868385315"
        },
        {
            "gameTime": "2 - 13:53",
            "label": "Throw-in",
            "position": "833000",
            "half": "2",
            "confidence": "0.997318685054779"
        },
        {
            "gameTime": "2 - 14:3",
            "label": "Throw-in",
            "position": "843500",
            "half": "2",
            "confidence": "0.9941505789756775"
        },
        {
            "gameTime": "2 - 7:35",
            "label": "Throw-in",
            "position": "455500",
            "half": "2",
            "confidence": "0.9929678440093994"
        },
        {
            "gameTime": "2 - 7:25",
            "label": "Throw-in",
            "position": "445000",
            "half": "2",
            "confidence": "0.9872620701789856"
        },
        {
            "gameTime": "2 - 4:25",
            "label": "Throw-in",
            "position": "265500",
            "half": "2",
            "confidence": "0.9542062282562256"
        },
        {
            "gameTime": "2 - 4:14",
            "label": "Throw-in",
            "position": "254000",
            "half": "2",
            "confidence": "0.951692521572113"
        },
        {
            "gameTime": "2 - 13:42",
            "label": "Throw-in",
            "position": "822500",
            "half": "2",
            "confidence": "0.9020461440086365"
        },
        {
            "gameTime": "2 - 35:16",
            "label": "Throw-in",
            "position": "2116000",
            "half": "2",
            "confidence": "0.8319977521896362"
        },
        {
            "gameTime": "2 - 38:59",
            "label": "Throw-in",
            "position": "2339000",
            "half": "2",
            "confidence": "0.8129129409790039"
        },
        {
            "gameTime": "2 - 46:16",
            "label": "Throw-in",
            "position": "2776000",
            "half": "2",
            "confidence": "0.767683744430542"
        },
        {
            "gameTime": "2 - 37:8",
            "label": "Throw-in",
            "position": "2228000",
            "half": "2",
            "confidence": "0.7391223311424255"
        },
        {
            "gameTime": "2 - 3:58",
            "label": "Throw-in",
            "position": "238500",
            "half": "2",
            "confidence": "0.7083035111427307"
        },
        {
            "gameTime": "2 - 0:51",
            "label": "Throw-in",
            "position": "51500",
            "half": "2",
            "confidence": "0.6225610375404358"
        },
        {
            "gameTime": "2 - 24:39",
            "label": "Throw-in",
            "position": "1479000",
            "half": "2",
            "confidence": "0.618487536907196"
        },
        {
            "gameTime": "2 - 29:20",
            "label": "Throw-in",
            "position": "1760000",
            "half": "2",
            "confidence": "0.5693864822387695"
        },
        {
            "gameTime": "2 - 46:27",
            "label": "Throw-in",
            "position": "2787500",
            "half": "2",
            "confidence": "0.5672576427459717"
        },
        {
            "gameTime": "2 - 4:35",
            "label": "Throw-in",
            "position": "275500",
            "half": "2",
            "confidence": "0.5562635064125061"
        },
        {
            "gameTime": "2 - 8:11",
            "label": "Throw-in",
            "position": "491500",
            "half": "2",
            "confidence": "0.5515229105949402"
        },
        {
            "gameTime": "2 - 21:32",
            "label": "Throw-in",
            "position": "1292500",
            "half": "2",
            "confidence": "0.5313733220100403"
        },
        {
            "gameTime": "2 - 35:5",
            "label": "Throw-in",
            "position": "2105500",
            "half": "2",
            "confidence": "0.523807168006897"
        },
        {
            "gameTime": "2 - 45:32",
            "label": "Throw-in",
            "position": "2732500",
            "half": "2",
            "confidence": "0.5105990171432495"
        },
        {
            "gameTime": "2 - 4:47",
            "label": "Foul",
            "position": "287000",
            "half": "2",
            "confidence": "0.7148852944374084"
        },
        {
            "gameTime": "2 - 18:28",
            "label": "Foul",
            "position": "1108000",
            "half": "2",
            "confidence": "0.7128944993019104"
        },
        {
            "gameTime": "2 - 18:5",
            "label": "Foul",
            "position": "1085000",
            "half": "2",
            "confidence": "0.674898087978363"
        },
        {
            "gameTime": "2 - 21:36",
            "label": "Foul",
            "position": "1296500",
            "half": "2",
            "confidence": "0.6666862964630127"
        },
        {
            "gameTime": "2 - 19:46",
            "label": "Foul",
            "position": "1186000",
            "half": "2",
            "confidence": "0.6488215923309326"
        },
        {
            "gameTime": "2 - 9:42",
            "label": "Foul",
            "position": "582500",
            "half": "2",
            "confidence": "0.6288870573043823"
        },
        {
            "gameTime": "2 - 17:47",
            "label": "Foul",
            "position": "1067000",
            "half": "2",
            "confidence": "0.612586259841919"
        },
        {
            "gameTime": "2 - 9:52",
            "label": "Foul",
            "position": "592500",
            "half": "2",
            "confidence": "0.6002351641654968"
        },
        {
            "gameTime": "2 - 25:50",
            "label": "Foul",
            "position": "1550500",
            "half": "2",
            "confidence": "0.5625097751617432"
        },
        {
            "gameTime": "2 - 39:51",
            "label": "Foul",
            "position": "2391500",
            "half": "2",
            "confidence": "0.5252106189727783"
        },
        {
            "gameTime": "2 - 5:10",
            "label": "Foul",
            "position": "310000",
            "half": "2",
            "confidence": "0.5076644420623779"
        },
        {
            "gameTime": "2 - 20:57",
            "label": "Indirect free-kick",
            "position": "1257500",
            "half": "2",
            "confidence": "0.5350369811058044"
        },
        {
            "gameTime": "2 - 20:57",
            "label": "Direct free-kick",
            "position": "1257500",
            "half": "2",
            "confidence": "0.9923377633094788"
        },
        {
            "gameTime": "2 - 21:8",
            "label": "Direct free-kick",
            "position": "1268000",
            "half": "2",
            "confidence": "0.9663068056106567"
        },
        {
            "gameTime": "2 - 22:53",
            "label": "Direct free-kick",
            "position": "1373000",
            "half": "2",
            "confidence": "0.8516086935997009"
        },
        {
            "gameTime": "2 - 41:3",
            "label": "Direct free-kick",
            "position": "2463000",
            "half": "2",
            "confidence": "0.7591738104820251"
        },
        {
            "gameTime": "2 - 41:13",
            "label": "Direct free-kick",
            "position": "2473000",
            "half": "2",
            "confidence": "0.5185853838920593"
        },
        {
            "gameTime": "2 - 38:35",
            "label": "Corner",
            "position": "2315500",
            "half": "2",
            "confidence": "0.9809397459030151"
        },
        {
            "gameTime": "2 - 8:25",
            "label": "Corner",
            "position": "505500",
            "half": "2",
            "confidence": "0.9177727103233337"
        },
        {
            "gameTime": "2 - 16:7",
            "label": "Corner",
            "position": "967000",
            "half": "2",
            "confidence": "0.908183217048645"
        },
        {
            "gameTime": "2 - 41:21",
            "label": "Corner",
            "position": "2481500",
            "half": "2",
            "confidence": "0.9055867195129395"
        },
        {
            "gameTime": "2 - 38:47",
            "label": "Corner",
            "position": "2327500",
            "half": "2",
            "confidence": "0.8803005814552307"
        },
        {
            "gameTime": "2 - 39:34",
            "label": "Corner",
            "position": "2374500",
            "half": "2",
            "confidence": "0.781467616558075"
        },
        {
            "gameTime": "2 - 31:0",
            "label": "Corner",
            "position": "1860000",
            "half": "2",
            "confidence": "0.7074378728866577"
        },
        {
            "gameTime": "2 - 36:15",
            "label": "Corner",
            "position": "2175000",
            "half": "2",
            "confidence": "0.6906436681747437"
        },
        {
            "gameTime": "2 - 41:11",
            "label": "Corner",
            "position": "2471000",
            "half": "2",
            "confidence": "0.6211414933204651"
        },
        {
            "gameTime": "2 - 39:44",
            "label": "Corner",
            "position": "2384500",
            "half": "2",
            "confidence": "0.6167343854904175"
        },
        {
            "gameTime": "2 - 15:56",
            "label": "Corner",
            "position": "956500",
            "half": "2",
            "confidence": "0.5946406126022339"
        },
        {
            "gameTime": "2 - 41:31",
            "label": "Corner",
            "position": "2491500",
            "half": "2",
            "confidence": "0.5140829682350159"
        }
    ]
}