{
    "UrlLocal": "germany_bundesliga/2016-2017/2017-04-29 - 16-30 Dortmund 0 - 0 FC Koln",
    "predictions": [
        {
            "gameTime": "1 - 0:10",
            "label": "Kick-off",
            "position": "10000",
            "half": "1",
            "confidence": "0.9156245589256287"
        },
        {
            "gameTime": "1 - 38:40",
            "label": "Kick-off",
            "position": "2320000",
            "half": "1",
            "confidence": "0.7927685976028442"
        },
        {
            "gameTime": "1 - 15:40",
            "label": "Kick-off",
            "position": "940000",
            "half": "1",
            "confidence": "0.5074511170387268"
        },
        {
            "gameTime": "1 - 2:42",
            "label": "Offside",
            "position": "162500",
            "half": "1",
            "confidence": "0.6944998502731323"
        },
        {
            "gameTime": "1 - 30:28",
            "label": "Offside",
            "position": "1828500",
            "half": "1",
            "confidence": "0.5544739961624146"
        },
        {
            "gameTime": "1 - 31:16",
            "label": "Shots on target",
            "position": "1876500",
            "half": "1",
            "confidence": "0.6890161633491516"
        },
        {
            "gameTime": "1 - 22:10",
            "label": "Shots on target",
            "position": "1330000",
            "half": "1",
            "confidence": "0.6452094316482544"
        },
        {
            "gameTime": "1 - 26:10",
            "label": "Shots on target",
            "position": "1570500",
            "half": "1",
            "confidence": "0.6218108534812927"
        },
        {
            "gameTime": "1 - 33:16",
            "label": "Shots on target",
            "position": "1996000",
            "half": "1",
            "confidence": "0.5977156758308411"
        },
        {
            "gameTime": "1 - 30:24",
            "label": "Shots on target",
            "position": "1824000",
            "half": "1",
            "confidence": "0.5646202564239502"
        },
        {
            "gameTime": "1 - 31:5",
            "label": "Shots on target",
            "position": "1865500",
            "half": "1",
            "confidence": "0.561529278755188"
        },
        {
            "gameTime": "1 - 14:54",
            "label": "Shots on target",
            "position": "894500",
            "half": "1",
            "confidence": "0.5588234066963196"
        },
        {
            "gameTime": "1 - 37:40",
            "label": "Shots off target",
            "position": "2260000",
            "half": "1",
            "confidence": "0.7506754994392395"
        },
        {
            "gameTime": "1 - 36:52",
            "label": "Shots off target",
            "position": "2212500",
            "half": "1",
            "confidence": "0.5836649537086487"
        },
        {
            "gameTime": "1 - 36:41",
            "label": "Shots off target",
            "position": "2201000",
            "half": "1",
            "confidence": "0.5376365780830383"
        },
        {
            "gameTime": "1 - 11:19",
            "label": "Shots off target",
            "position": "679000",
            "half": "1",
            "confidence": "0.5158880352973938"
        },
        {
            "gameTime": "1 - 11:39",
            "label": "Clearance",
            "position": "699500",
            "half": "1",
            "confidence": "0.9324313998222351"
        },
        {
            "gameTime": "1 - 13:15",
            "label": "Clearance",
            "position": "795000",
            "half": "1",
            "confidence": "0.8984875679016113"
        },
        {
            "gameTime": "1 - 11:50",
            "label": "Clearance",
            "position": "710500",
            "half": "1",
            "confidence": "0.7945187091827393"
        },
        {
            "gameTime": "1 - 26:44",
            "label": "Clearance",
            "position": "1604500",
            "half": "1",
            "confidence": "0.7426639795303345"
        },
        {
            "gameTime": "1 - 37:10",
            "label": "Clearance",
            "position": "2230500",
            "half": "1",
            "confidence": "0.6918990612030029"
        },
        {
            "gameTime": "1 - 31:34",
            "label": "Clearance",
            "position": "1894500",
            "half": "1",
            "confidence": "0.668762743473053"
        },
        {
            "gameTime": "1 - 12:8",
            "label": "Clearance",
            "position": "728500",
            "half": "1",
            "confidence": "0.6263532638549805"
        },
        {
            "gameTime": "1 - 20:45",
            "label": "Clearance",
            "position": "1245000",
            "half": "1",
            "confidence": "0.6029643416404724"
        },
        {
            "gameTime": "1 - 13:4",
            "label": "Clearance",
            "position": "784500",
            "half": "1",
            "confidence": "0.6022798418998718"
        },
        {
            "gameTime": "1 - 30:52",
            "label": "Clearance",
            "position": "1852000",
            "half": "1",
            "confidence": "0.5589591264724731"
        },
        {
            "gameTime": "1 - 36:46",
            "label": "Ball out of play",
            "position": "2206000",
            "half": "1",
            "confidence": "0.9310658574104309"
        },
        {
            "gameTime": "1 - 25:10",
            "label": "Ball out of play",
            "position": "1510500",
            "half": "1",
            "confidence": "0.9244496822357178"
        },
        {
            "gameTime": "1 - 21:19",
            "label": "Ball out of play",
            "position": "1279000",
            "half": "1",
            "confidence": "0.9209128618240356"
        },
        {
            "gameTime": "1 - 20:25",
            "label": "Ball out of play",
            "position": "1225500",
            "half": "1",
            "confidence": "0.9086671471595764"
        },
        {
            "gameTime": "1 - 11:12",
            "label": "Ball out of play",
            "position": "672500",
            "half": "1",
            "confidence": "0.9067227244377136"
        },
        {
            "gameTime": "1 - 28:43",
            "label": "Ball out of play",
            "position": "1723500",
            "half": "1",
            "confidence": "0.9021580219268799"
        },
        {
            "gameTime": "1 - 27:40",
            "label": "Ball out of play",
            "position": "1660500",
            "half": "1",
            "confidence": "0.899612545967102"
        },
        {
            "gameTime": "1 - 14:7",
            "label": "Ball out of play",
            "position": "847000",
            "half": "1",
            "confidence": "0.8953250050544739"
        },
        {
            "gameTime": "1 - 15:30",
            "label": "Ball out of play",
            "position": "930000",
            "half": "1",
            "confidence": "0.8634893894195557"
        },
        {
            "gameTime": "1 - 43:41",
            "label": "Ball out of play",
            "position": "2621500",
            "half": "1",
            "confidence": "0.8627042174339294"
        },
        {
            "gameTime": "1 - 28:53",
            "label": "Ball out of play",
            "position": "1733500",
            "half": "1",
            "confidence": "0.8553661108016968"
        },
        {
            "gameTime": "1 - 24:59",
            "label": "Ball out of play",
            "position": "1499500",
            "half": "1",
            "confidence": "0.8282700181007385"
        },
        {
            "gameTime": "1 - 9:47",
            "label": "Ball out of play",
            "position": "587000",
            "half": "1",
            "confidence": "0.818436861038208"
        },
        {
            "gameTime": "1 - 37:41",
            "label": "Ball out of play",
            "position": "2261000",
            "half": "1",
            "confidence": "0.8179587721824646"
        },
        {
            "gameTime": "1 - 7:57",
            "label": "Ball out of play",
            "position": "477500",
            "half": "1",
            "confidence": "0.8176223039627075"
        },
        {
            "gameTime": "1 - 13:56",
            "label": "Ball out of play",
            "position": "836500",
            "half": "1",
            "confidence": "0.8149986267089844"
        },
        {
            "gameTime": "1 - 37:53",
            "label": "Ball out of play",
            "position": "2273500",
            "half": "1",
            "confidence": "0.8110145330429077"
        },
        {
            "gameTime": "1 - 23:45",
            "label": "Ball out of play",
            "position": "1425000",
            "half": "1",
            "confidence": "0.8054127097129822"
        },
        {
            "gameTime": "1 - 26:20",
            "label": "Ball out of play",
            "position": "1580000",
            "half": "1",
            "confidence": "0.8034818768501282"
        },
        {
            "gameTime": "1 - 1:57",
            "label": "Ball out of play",
            "position": "117500",
            "half": "1",
            "confidence": "0.7979015111923218"
        },
        {
            "gameTime": "1 - 16:42",
            "label": "Ball out of play",
            "position": "1002500",
            "half": "1",
            "confidence": "0.7955760359764099"
        },
        {
            "gameTime": "1 - 25:23",
            "label": "Ball out of play",
            "position": "1523000",
            "half": "1",
            "confidence": "0.7946137189865112"
        },
        {
            "gameTime": "1 - 31:16",
            "label": "Ball out of play",
            "position": "1876500",
            "half": "1",
            "confidence": "0.7839171290397644"
        },
        {
            "gameTime": "1 - 21:2",
            "label": "Ball out of play",
            "position": "1262000",
            "half": "1",
            "confidence": "0.7830139994621277"
        },
        {
            "gameTime": "1 - 18:52",
            "label": "Ball out of play",
            "position": "1132500",
            "half": "1",
            "confidence": "0.7717810869216919"
        },
        {
            "gameTime": "1 - 11:22",
            "label": "Ball out of play",
            "position": "682500",
            "half": "1",
            "confidence": "0.7691025733947754"
        },
        {
            "gameTime": "1 - 15:19",
            "label": "Ball out of play",
            "position": "919500",
            "half": "1",
            "confidence": "0.7594260573387146"
        },
        {
            "gameTime": "1 - 22:30",
            "label": "Ball out of play",
            "position": "1350500",
            "half": "1",
            "confidence": "0.756969690322876"
        },
        {
            "gameTime": "1 - 15:5",
            "label": "Ball out of play",
            "position": "905500",
            "half": "1",
            "confidence": "0.7503167986869812"
        },
        {
            "gameTime": "1 - 27:9",
            "label": "Ball out of play",
            "position": "1629500",
            "half": "1",
            "confidence": "0.7495909333229065"
        },
        {
            "gameTime": "1 - 7:25",
            "label": "Ball out of play",
            "position": "445000",
            "half": "1",
            "confidence": "0.743605375289917"
        },
        {
            "gameTime": "1 - 14:51",
            "label": "Ball out of play",
            "position": "891000",
            "half": "1",
            "confidence": "0.7431517243385315"
        },
        {
            "gameTime": "1 - 26:8",
            "label": "Ball out of play",
            "position": "1568000",
            "half": "1",
            "confidence": "0.7427346706390381"
        },
        {
            "gameTime": "1 - 2:9",
            "label": "Ball out of play",
            "position": "129000",
            "half": "1",
            "confidence": "0.7229486107826233"
        },
        {
            "gameTime": "1 - 27:23",
            "label": "Ball out of play",
            "position": "1643500",
            "half": "1",
            "confidence": "0.7149922847747803"
        },
        {
            "gameTime": "1 - 22:40",
            "label": "Ball out of play",
            "position": "1360500",
            "half": "1",
            "confidence": "0.7138562202453613"
        },
        {
            "gameTime": "1 - 33:25",
            "label": "Ball out of play",
            "position": "2005000",
            "half": "1",
            "confidence": "0.7137423157691956"
        },
        {
            "gameTime": "1 - 20:9",
            "label": "Ball out of play",
            "position": "1209500",
            "half": "1",
            "confidence": "0.7038584351539612"
        },
        {
            "gameTime": "1 - 35:21",
            "label": "Ball out of play",
            "position": "2121000",
            "half": "1",
            "confidence": "0.701861560344696"
        },
        {
            "gameTime": "1 - 9:57",
            "label": "Ball out of play",
            "position": "597000",
            "half": "1",
            "confidence": "0.6960275769233704"
        },
        {
            "gameTime": "1 - 33:12",
            "label": "Ball out of play",
            "position": "1992000",
            "half": "1",
            "confidence": "0.6947869658470154"
        },
        {
            "gameTime": "1 - 23:34",
            "label": "Ball out of play",
            "position": "1414000",
            "half": "1",
            "confidence": "0.6656072735786438"
        },
        {
            "gameTime": "1 - 18:16",
            "label": "Ball out of play",
            "position": "1096000",
            "half": "1",
            "confidence": "0.6642285585403442"
        },
        {
            "gameTime": "1 - 9:21",
            "label": "Ball out of play",
            "position": "561500",
            "half": "1",
            "confidence": "0.6563238501548767"
        },
        {
            "gameTime": "1 - 9:35",
            "label": "Ball out of play",
            "position": "575000",
            "half": "1",
            "confidence": "0.653799831867218"
        },
        {
            "gameTime": "1 - 0:20",
            "label": "Ball out of play",
            "position": "20500",
            "half": "1",
            "confidence": "0.6429024338722229"
        },
        {
            "gameTime": "1 - 30:37",
            "label": "Ball out of play",
            "position": "1837000",
            "half": "1",
            "confidence": "0.6335881948471069"
        },
        {
            "gameTime": "1 - 0:30",
            "label": "Ball out of play",
            "position": "30500",
            "half": "1",
            "confidence": "0.6297482848167419"
        },
        {
            "gameTime": "1 - 41:24",
            "label": "Ball out of play",
            "position": "2484000",
            "half": "1",
            "confidence": "0.6279324293136597"
        },
        {
            "gameTime": "1 - 18:42",
            "label": "Ball out of play",
            "position": "1122000",
            "half": "1",
            "confidence": "0.6234527826309204"
        },
        {
            "gameTime": "1 - 8:7",
            "label": "Ball out of play",
            "position": "487500",
            "half": "1",
            "confidence": "0.6175004839897156"
        },
        {
            "gameTime": "1 - 19:59",
            "label": "Ball out of play",
            "position": "1199000",
            "half": "1",
            "confidence": "0.6172959804534912"
        },
        {
            "gameTime": "1 - 21:48",
            "label": "Ball out of play",
            "position": "1308500",
            "half": "1",
            "confidence": "0.6170052886009216"
        },
        {
            "gameTime": "1 - 12:34",
            "label": "Ball out of play",
            "position": "754500",
            "half": "1",
            "confidence": "0.6079956889152527"
        },
        {
            "gameTime": "1 - 34:18",
            "label": "Ball out of play",
            "position": "2058000",
            "half": "1",
            "confidence": "0.6032719016075134"
        },
        {
            "gameTime": "1 - 35:31",
            "label": "Ball out of play",
            "position": "2131000",
            "half": "1",
            "confidence": "0.6011290550231934"
        },
        {
            "gameTime": "1 - 16:26",
            "label": "Ball out of play",
            "position": "986500",
            "half": "1",
            "confidence": "0.5954517126083374"
        },
        {
            "gameTime": "1 - 17:33",
            "label": "Ball out of play",
            "position": "1053000",
            "half": "1",
            "confidence": "0.5931451320648193"
        },
        {
            "gameTime": "1 - 43:56",
            "label": "Ball out of play",
            "position": "2636000",
            "half": "1",
            "confidence": "0.5885655283927917"
        },
        {
            "gameTime": "1 - 23:20",
            "label": "Ball out of play",
            "position": "1400000",
            "half": "1",
            "confidence": "0.5879408121109009"
        },
        {
            "gameTime": "1 - 18:26",
            "label": "Ball out of play",
            "position": "1106000",
            "half": "1",
            "confidence": "0.576299786567688"
        },
        {
            "gameTime": "1 - 2:30",
            "label": "Ball out of play",
            "position": "150500",
            "half": "1",
            "confidence": "0.5755267143249512"
        },
        {
            "gameTime": "1 - 21:29",
            "label": "Ball out of play",
            "position": "1289000",
            "half": "1",
            "confidence": "0.5727882385253906"
        },
        {
            "gameTime": "1 - 19:9",
            "label": "Ball out of play",
            "position": "1149500",
            "half": "1",
            "confidence": "0.5334566831588745"
        },
        {
            "gameTime": "1 - 34:28",
            "label": "Ball out of play",
            "position": "2068000",
            "half": "1",
            "confidence": "0.5240921974182129"
        },
        {
            "gameTime": "1 - 7:45",
            "label": "Ball out of play",
            "position": "465500",
            "half": "1",
            "confidence": "0.5193784832954407"
        },
        {
            "gameTime": "1 - 37:21",
            "label": "Ball out of play",
            "position": "2241500",
            "half": "1",
            "confidence": "0.5190087556838989"
        },
        {
            "gameTime": "1 - 30:24",
            "label": "Ball out of play",
            "position": "1824500",
            "half": "1",
            "confidence": "0.5158413052558899"
        },
        {
            "gameTime": "1 - 17:43",
            "label": "Ball out of play",
            "position": "1063000",
            "half": "1",
            "confidence": "0.509203314781189"
        },
        {
            "gameTime": "1 - 27:49",
            "label": "Throw-in",
            "position": "1669000",
            "half": "1",
            "confidence": "0.9910344481468201"
        },
        {
            "gameTime": "1 - 23:39",
            "label": "Throw-in",
            "position": "1419500",
            "half": "1",
            "confidence": "0.9725110530853271"
        },
        {
            "gameTime": "1 - 21:47",
            "label": "Throw-in",
            "position": "1307000",
            "half": "1",
            "confidence": "0.966820240020752"
        },
        {
            "gameTime": "1 - 27:38",
            "label": "Throw-in",
            "position": "1658500",
            "half": "1",
            "confidence": "0.9487640261650085"
        },
        {
            "gameTime": "1 - 9:27",
            "label": "Throw-in",
            "position": "567500",
            "half": "1",
            "confidence": "0.947152316570282"
        },
        {
            "gameTime": "1 - 18:54",
            "label": "Throw-in",
            "position": "1134500",
            "half": "1",
            "confidence": "0.9435383677482605"
        },
        {
            "gameTime": "1 - 9:45",
            "label": "Throw-in",
            "position": "585000",
            "half": "1",
            "confidence": "0.9222853779792786"
        },
        {
            "gameTime": "1 - 43:42",
            "label": "Throw-in",
            "position": "2622000",
            "half": "1",
            "confidence": "0.9132208824157715"
        },
        {
            "gameTime": "1 - 22:38",
            "label": "Throw-in",
            "position": "1358500",
            "half": "1",
            "confidence": "0.9055207967758179"
        },
        {
            "gameTime": "1 - 7:39",
            "label": "Throw-in",
            "position": "459000",
            "half": "1",
            "confidence": "0.8909579515457153"
        },
        {
            "gameTime": "1 - 27:17",
            "label": "Throw-in",
            "position": "1637500",
            "half": "1",
            "confidence": "0.8878486752510071"
        },
        {
            "gameTime": "1 - 19:8",
            "label": "Throw-in",
            "position": "1148500",
            "half": "1",
            "confidence": "0.8628622889518738"
        },
        {
            "gameTime": "1 - 28:11",
            "label": "Throw-in",
            "position": "1691000",
            "half": "1",
            "confidence": "0.8595276474952698"
        },
        {
            "gameTime": "1 - 21:33",
            "label": "Throw-in",
            "position": "1293000",
            "half": "1",
            "confidence": "0.8486687541007996"
        },
        {
            "gameTime": "1 - 16:4",
            "label": "Throw-in",
            "position": "964500",
            "half": "1",
            "confidence": "0.8427397608757019"
        },
        {
            "gameTime": "1 - 7:51",
            "label": "Throw-in",
            "position": "471000",
            "half": "1",
            "confidence": "0.8231046199798584"
        },
        {
            "gameTime": "1 - 28:22",
            "label": "Throw-in",
            "position": "1702500",
            "half": "1",
            "confidence": "0.8230623006820679"
        },
        {
            "gameTime": "1 - 27:7",
            "label": "Throw-in",
            "position": "1627000",
            "half": "1",
            "confidence": "0.8160196542739868"
        },
        {
            "gameTime": "1 - 44:12",
            "label": "Throw-in",
            "position": "2652000",
            "half": "1",
            "confidence": "0.8101087212562561"
        },
        {
            "gameTime": "1 - 23:22",
            "label": "Throw-in",
            "position": "1402500",
            "half": "1",
            "confidence": "0.805962860584259"
        },
        {
            "gameTime": "1 - 12:33",
            "label": "Throw-in",
            "position": "753500",
            "half": "1",
            "confidence": "0.7985469698905945"
        },
        {
            "gameTime": "1 - 0:32",
            "label": "Throw-in",
            "position": "32000",
            "half": "1",
            "confidence": "0.7902045845985413"
        },
        {
            "gameTime": "1 - 7:25",
            "label": "Throw-in",
            "position": "445000",
            "half": "1",
            "confidence": "0.785386860370636"
        },
        {
            "gameTime": "1 - 16:15",
            "label": "Throw-in",
            "position": "975000",
            "half": "1",
            "confidence": "0.7843661904335022"
        },
        {
            "gameTime": "1 - 16:26",
            "label": "Throw-in",
            "position": "986500",
            "half": "1",
            "confidence": "0.7721661329269409"
        },
        {
            "gameTime": "1 - 23:49",
            "label": "Throw-in",
            "position": "1429500",
            "half": "1",
            "confidence": "0.7717998623847961"
        },
        {
            "gameTime": "1 - 22:48",
            "label": "Throw-in",
            "position": "1368500",
            "half": "1",
            "confidence": "0.7649291753768921"
        },
        {
            "gameTime": "1 - 8:5",
            "label": "Throw-in",
            "position": "485500",
            "half": "1",
            "confidence": "0.7600136399269104"
        },
        {
            "gameTime": "1 - 44:0",
            "label": "Throw-in",
            "position": "2640500",
            "half": "1",
            "confidence": "0.739215612411499"
        },
        {
            "gameTime": "1 - 20:10",
            "label": "Throw-in",
            "position": "1210500",
            "half": "1",
            "confidence": "0.7292661070823669"
        },
        {
            "gameTime": "1 - 44:22",
            "label": "Throw-in",
            "position": "2662000",
            "half": "1",
            "confidence": "0.6962496042251587"
        },
        {
            "gameTime": "1 - 0:19",
            "label": "Throw-in",
            "position": "19000",
            "half": "1",
            "confidence": "0.677337110042572"
        },
        {
            "gameTime": "1 - 35:19",
            "label": "Throw-in",
            "position": "2119000",
            "half": "1",
            "confidence": "0.6686947345733643"
        },
        {
            "gameTime": "1 - 12:14",
            "label": "Throw-in",
            "position": "734000",
            "half": "1",
            "confidence": "0.6542259454727173"
        },
        {
            "gameTime": "1 - 19:56",
            "label": "Throw-in",
            "position": "1196500",
            "half": "1",
            "confidence": "0.6444319486618042"
        },
        {
            "gameTime": "1 - 44:33",
            "label": "Throw-in",
            "position": "2673000",
            "half": "1",
            "confidence": "0.6418079137802124"
        },
        {
            "gameTime": "1 - 2:1",
            "label": "Throw-in",
            "position": "121500",
            "half": "1",
            "confidence": "0.6373878717422485"
        },
        {
            "gameTime": "1 - 22:26",
            "label": "Throw-in",
            "position": "1346000",
            "half": "1",
            "confidence": "0.6318612694740295"
        },
        {
            "gameTime": "1 - 42:53",
            "label": "Throw-in",
            "position": "2573500",
            "half": "1",
            "confidence": "0.628483235836029"
        },
        {
            "gameTime": "1 - 9:55",
            "label": "Throw-in",
            "position": "595000",
            "half": "1",
            "confidence": "0.6083906888961792"
        },
        {
            "gameTime": "1 - 2:14",
            "label": "Throw-in",
            "position": "134500",
            "half": "1",
            "confidence": "0.5826786756515503"
        },
        {
            "gameTime": "1 - 14:38",
            "label": "Throw-in",
            "position": "878000",
            "half": "1",
            "confidence": "0.5823965668678284"
        },
        {
            "gameTime": "1 - 27:59",
            "label": "Throw-in",
            "position": "1679000",
            "half": "1",
            "confidence": "0.5617161393165588"
        },
        {
            "gameTime": "1 - 18:44",
            "label": "Throw-in",
            "position": "1124000",
            "half": "1",
            "confidence": "0.5182663798332214"
        },
        {
            "gameTime": "1 - 27:27",
            "label": "Throw-in",
            "position": "1647500",
            "half": "1",
            "confidence": "0.5041989088058472"
        },
        {
            "gameTime": "1 - 4:44",
            "label": "Throw-in",
            "position": "284500",
            "half": "1",
            "confidence": "0.5023122429847717"
        },
        {
            "gameTime": "1 - 1:32",
            "label": "Foul",
            "position": "92500",
            "half": "1",
            "confidence": "0.6742660403251648"
        },
        {
            "gameTime": "1 - 1:21",
            "label": "Foul",
            "position": "81000",
            "half": "1",
            "confidence": "0.6594337821006775"
        },
        {
            "gameTime": "1 - 38:26",
            "label": "Foul",
            "position": "2306500",
            "half": "1",
            "confidence": "0.6066141724586487"
        },
        {
            "gameTime": "1 - 5:28",
            "label": "Foul",
            "position": "328500",
            "half": "1",
            "confidence": "0.5119448304176331"
        },
        {
            "gameTime": "1 - 4:29",
            "label": "Indirect free-kick",
            "position": "269500",
            "half": "1",
            "confidence": "0.6949892044067383"
        },
        {
            "gameTime": "1 - 8:38",
            "label": "Indirect free-kick",
            "position": "518000",
            "half": "1",
            "confidence": "0.6794165968894958"
        },
        {
            "gameTime": "1 - 38:45",
            "label": "Indirect free-kick",
            "position": "2325000",
            "half": "1",
            "confidence": "0.6706794500350952"
        },
        {
            "gameTime": "1 - 17:5",
            "label": "Indirect free-kick",
            "position": "1025000",
            "half": "1",
            "confidence": "0.652198076248169"
        },
        {
            "gameTime": "1 - 4:39",
            "label": "Indirect free-kick",
            "position": "279500",
            "half": "1",
            "confidence": "0.6465383768081665"
        },
        {
            "gameTime": "1 - 2:55",
            "label": "Indirect free-kick",
            "position": "175500",
            "half": "1",
            "confidence": "0.6094654202461243"
        },
        {
            "gameTime": "1 - 1:33",
            "label": "Indirect free-kick",
            "position": "93500",
            "half": "1",
            "confidence": "0.5702877640724182"
        },
        {
            "gameTime": "1 - 1:22",
            "label": "Indirect free-kick",
            "position": "82500",
            "half": "1",
            "confidence": "0.5228389501571655"
        },
        {
            "gameTime": "1 - 25:30",
            "label": "Corner",
            "position": "1530000",
            "half": "1",
            "confidence": "0.9883063435554504"
        },
        {
            "gameTime": "1 - 15:19",
            "label": "Corner",
            "position": "919000",
            "half": "1",
            "confidence": "0.9838032722473145"
        },
        {
            "gameTime": "1 - 6:19",
            "label": "Corner",
            "position": "379000",
            "half": "1",
            "confidence": "0.9186748266220093"
        },
        {
            "gameTime": "1 - 25:40",
            "label": "Corner",
            "position": "1540000",
            "half": "1",
            "confidence": "0.8647165298461914"
        },
        {
            "gameTime": "1 - 10:17",
            "label": "Corner",
            "position": "617000",
            "half": "1",
            "confidence": "0.6841895580291748"
        },
        {
            "gameTime": "1 - 38:31",
            "label": "Yellow card",
            "position": "2311500",
            "half": "1",
            "confidence": "0.825508713722229"
        },
        {
            "gameTime": "2 - 9:53",
            "label": "Substitution",
            "position": "593000",
            "half": "2",
            "confidence": "0.9869043231010437"
        },
        {
            "gameTime": "2 - 34:20",
            "label": "Substitution",
            "position": "2060000",
            "half": "2",
            "confidence": "0.97430020570755"
        },
        {
            "gameTime": "2 - 25:15",
            "label": "Substitution",
            "position": "1515000",
            "half": "2",
            "confidence": "0.9627329707145691"
        },
        {
            "gameTime": "2 - 20:13",
            "label": "Substitution",
            "position": "1213000",
            "half": "2",
            "confidence": "0.8420367240905762"
        },
        {
            "gameTime": "2 - 28:29",
            "label": "Substitution",
            "position": "1709000",
            "half": "2",
            "confidence": "0.7329815626144409"
        },
        {
            "gameTime": "2 - 28:39",
            "label": "Substitution",
            "position": "1719000",
            "half": "2",
            "confidence": "0.5347109436988831"
        },
        {
            "gameTime": "2 - 20:23",
            "label": "Substitution",
            "position": "1223500",
            "half": "2",
            "confidence": "0.5246853232383728"
        },
        {
            "gameTime": "2 - 17:0",
            "label": "Offside",
            "position": "1020000",
            "half": "2",
            "confidence": "0.6110307574272156"
        },
        {
            "gameTime": "2 - 21:23",
            "label": "Shots on target",
            "position": "1283000",
            "half": "2",
            "confidence": "0.7746714949607849"
        },
        {
            "gameTime": "2 - 14:39",
            "label": "Shots on target",
            "position": "879000",
            "half": "2",
            "confidence": "0.6200946569442749"
        },
        {
            "gameTime": "2 - 23:27",
            "label": "Shots on target",
            "position": "1407000",
            "half": "2",
            "confidence": "0.6144025921821594"
        },
        {
            "gameTime": "2 - 27:52",
            "label": "Shots on target",
            "position": "1672500",
            "half": "2",
            "confidence": "0.512408971786499"
        },
        {
            "gameTime": "2 - 36:50",
            "label": "Clearance",
            "position": "2210500",
            "half": "2",
            "confidence": "0.8833397626876831"
        },
        {
            "gameTime": "2 - 25:29",
            "label": "Clearance",
            "position": "1529000",
            "half": "2",
            "confidence": "0.790209949016571"
        },
        {
            "gameTime": "2 - 1:38",
            "label": "Clearance",
            "position": "98000",
            "half": "2",
            "confidence": "0.7521092295646667"
        },
        {
            "gameTime": "2 - 10:36",
            "label": "Clearance",
            "position": "636000",
            "half": "2",
            "confidence": "0.5902037620544434"
        },
        {
            "gameTime": "2 - 16:56",
            "label": "Clearance",
            "position": "1016000",
            "half": "2",
            "confidence": "0.5864969491958618"
        },
        {
            "gameTime": "2 - 26:36",
            "label": "Ball out of play",
            "position": "1596000",
            "half": "2",
            "confidence": "0.9419915676116943"
        },
        {
            "gameTime": "2 - 0:41",
            "label": "Ball out of play",
            "position": "41500",
            "half": "2",
            "confidence": "0.9335650205612183"
        },
        {
            "gameTime": "2 - 0:30",
            "label": "Ball out of play",
            "position": "30500",
            "half": "2",
            "confidence": "0.9249294400215149"
        },
        {
            "gameTime": "2 - 9:22",
            "label": "Ball out of play",
            "position": "562000",
            "half": "2",
            "confidence": "0.920940637588501"
        },
        {
            "gameTime": "2 - 6:43",
            "label": "Ball out of play",
            "position": "403000",
            "half": "2",
            "confidence": "0.9104132652282715"
        },
        {
            "gameTime": "2 - 38:52",
            "label": "Ball out of play",
            "position": "2332500",
            "half": "2",
            "confidence": "0.9068050980567932"
        },
        {
            "gameTime": "2 - 11:11",
            "label": "Ball out of play",
            "position": "671500",
            "half": "2",
            "confidence": "0.8960580825805664"
        },
        {
            "gameTime": "2 - 18:0",
            "label": "Ball out of play",
            "position": "1080000",
            "half": "2",
            "confidence": "0.8869243860244751"
        },
        {
            "gameTime": "2 - 15:42",
            "label": "Ball out of play",
            "position": "942500",
            "half": "2",
            "confidence": "0.8811101317405701"
        },
        {
            "gameTime": "2 - 34:39",
            "label": "Ball out of play",
            "position": "2079500",
            "half": "2",
            "confidence": "0.8752678036689758"
        },
        {
            "gameTime": "2 - 18:12",
            "label": "Ball out of play",
            "position": "1092500",
            "half": "2",
            "confidence": "0.8743921518325806"
        },
        {
            "gameTime": "2 - 19:49",
            "label": "Ball out of play",
            "position": "1189000",
            "half": "2",
            "confidence": "0.8732575178146362"
        },
        {
            "gameTime": "2 - 8:49",
            "label": "Ball out of play",
            "position": "529000",
            "half": "2",
            "confidence": "0.8712586164474487"
        },
        {
            "gameTime": "2 - 16:17",
            "label": "Ball out of play",
            "position": "977500",
            "half": "2",
            "confidence": "0.8522823452949524"
        },
        {
            "gameTime": "2 - 39:2",
            "label": "Ball out of play",
            "position": "2342500",
            "half": "2",
            "confidence": "0.8365862965583801"
        },
        {
            "gameTime": "2 - 1:18",
            "label": "Ball out of play",
            "position": "78500",
            "half": "2",
            "confidence": "0.8227614760398865"
        },
        {
            "gameTime": "2 - 11:28",
            "label": "Ball out of play",
            "position": "688500",
            "half": "2",
            "confidence": "0.8176813721656799"
        },
        {
            "gameTime": "2 - 4:22",
            "label": "Ball out of play",
            "position": "262500",
            "half": "2",
            "confidence": "0.8160325884819031"
        },
        {
            "gameTime": "2 - 4:35",
            "label": "Ball out of play",
            "position": "275000",
            "half": "2",
            "confidence": "0.7978441119194031"
        },
        {
            "gameTime": "2 - 26:24",
            "label": "Ball out of play",
            "position": "1584500",
            "half": "2",
            "confidence": "0.7812890410423279"
        },
        {
            "gameTime": "2 - 7:15",
            "label": "Ball out of play",
            "position": "435500",
            "half": "2",
            "confidence": "0.779340922832489"
        },
        {
            "gameTime": "2 - 9:32",
            "label": "Ball out of play",
            "position": "572000",
            "half": "2",
            "confidence": "0.7692103385925293"
        },
        {
            "gameTime": "2 - 11:40",
            "label": "Ball out of play",
            "position": "700500",
            "half": "2",
            "confidence": "0.7658929824829102"
        },
        {
            "gameTime": "2 - 14:4",
            "label": "Ball out of play",
            "position": "844500",
            "half": "2",
            "confidence": "0.7555932402610779"
        },
        {
            "gameTime": "2 - 20:38",
            "label": "Ball out of play",
            "position": "1238000",
            "half": "2",
            "confidence": "0.7508696913719177"
        },
        {
            "gameTime": "2 - 9:11",
            "label": "Ball out of play",
            "position": "551500",
            "half": "2",
            "confidence": "0.7488606572151184"
        },
        {
            "gameTime": "2 - 12:46",
            "label": "Ball out of play",
            "position": "766500",
            "half": "2",
            "confidence": "0.7408834099769592"
        },
        {
            "gameTime": "2 - 4:11",
            "label": "Ball out of play",
            "position": "251000",
            "half": "2",
            "confidence": "0.7362784743309021"
        },
        {
            "gameTime": "2 - 6:53",
            "label": "Ball out of play",
            "position": "413000",
            "half": "2",
            "confidence": "0.7352331876754761"
        },
        {
            "gameTime": "2 - 16:28",
            "label": "Ball out of play",
            "position": "988500",
            "half": "2",
            "confidence": "0.7318400144577026"
        },
        {
            "gameTime": "2 - 11:52",
            "label": "Ball out of play",
            "position": "712000",
            "half": "2",
            "confidence": "0.727765679359436"
        },
        {
            "gameTime": "2 - 7:5",
            "label": "Ball out of play",
            "position": "425000",
            "half": "2",
            "confidence": "0.7080013751983643"
        },
        {
            "gameTime": "2 - 34:29",
            "label": "Ball out of play",
            "position": "2069000",
            "half": "2",
            "confidence": "0.7053338885307312"
        },
        {
            "gameTime": "2 - 2:22",
            "label": "Ball out of play",
            "position": "142000",
            "half": "2",
            "confidence": "0.7052311897277832"
        },
        {
            "gameTime": "2 - 14:28",
            "label": "Ball out of play",
            "position": "868000",
            "half": "2",
            "confidence": "0.7043904662132263"
        },
        {
            "gameTime": "2 - 28:3",
            "label": "Ball out of play",
            "position": "1683000",
            "half": "2",
            "confidence": "0.703949511051178"
        },
        {
            "gameTime": "2 - 14:17",
            "label": "Ball out of play",
            "position": "857500",
            "half": "2",
            "confidence": "0.7003498077392578"
        },
        {
            "gameTime": "2 - 2:33",
            "label": "Ball out of play",
            "position": "153000",
            "half": "2",
            "confidence": "0.6972978711128235"
        },
        {
            "gameTime": "2 - 0:20",
            "label": "Ball out of play",
            "position": "20000",
            "half": "2",
            "confidence": "0.6959154605865479"
        },
        {
            "gameTime": "2 - 4:48",
            "label": "Ball out of play",
            "position": "288500",
            "half": "2",
            "confidence": "0.6837869882583618"
        },
        {
            "gameTime": "2 - 36:32",
            "label": "Ball out of play",
            "position": "2192500",
            "half": "2",
            "confidence": "0.6747647523880005"
        },
        {
            "gameTime": "2 - 27:52",
            "label": "Ball out of play",
            "position": "1672500",
            "half": "2",
            "confidence": "0.6719435453414917"
        },
        {
            "gameTime": "2 - 1:7",
            "label": "Ball out of play",
            "position": "67000",
            "half": "2",
            "confidence": "0.6668272614479065"
        },
        {
            "gameTime": "2 - 9:0",
            "label": "Ball out of play",
            "position": "540000",
            "half": "2",
            "confidence": "0.6612105965614319"
        },
        {
            "gameTime": "2 - 5:20",
            "label": "Ball out of play",
            "position": "320000",
            "half": "2",
            "confidence": "0.6500325202941895"
        },
        {
            "gameTime": "2 - 44:44",
            "label": "Ball out of play",
            "position": "2684000",
            "half": "2",
            "confidence": "0.6457159519195557"
        },
        {
            "gameTime": "2 - 12:56",
            "label": "Ball out of play",
            "position": "776500",
            "half": "2",
            "confidence": "0.6290369629859924"
        },
        {
            "gameTime": "2 - 43:30",
            "label": "Ball out of play",
            "position": "2610500",
            "half": "2",
            "confidence": "0.6169533729553223"
        },
        {
            "gameTime": "2 - 24:30",
            "label": "Ball out of play",
            "position": "1470000",
            "half": "2",
            "confidence": "0.6082691550254822"
        },
        {
            "gameTime": "2 - 36:17",
            "label": "Ball out of play",
            "position": "2177000",
            "half": "2",
            "confidence": "0.5952527523040771"
        },
        {
            "gameTime": "2 - 24:42",
            "label": "Ball out of play",
            "position": "1482500",
            "half": "2",
            "confidence": "0.5608898997306824"
        },
        {
            "gameTime": "2 - 10:18",
            "label": "Ball out of play",
            "position": "618000",
            "half": "2",
            "confidence": "0.5528459548950195"
        },
        {
            "gameTime": "2 - 14:39",
            "label": "Ball out of play",
            "position": "879000",
            "half": "2",
            "confidence": "0.5476471185684204"
        },
        {
            "gameTime": "2 - 34:49",
            "label": "Ball out of play",
            "position": "2089500",
            "half": "2",
            "confidence": "0.5436911582946777"
        },
        {
            "gameTime": "2 - 42:58",
            "label": "Ball out of play",
            "position": "2578000",
            "half": "2",
            "confidence": "0.5402120351791382"
        },
        {
            "gameTime": "2 - 26:46",
            "label": "Ball out of play",
            "position": "1606000",
            "half": "2",
            "confidence": "0.5298314094543457"
        },
        {
            "gameTime": "2 - 10:31",
            "label": "Ball out of play",
            "position": "631500",
            "half": "2",
            "confidence": "0.5230557918548584"
        },
        {
            "gameTime": "2 - 0:9",
            "label": "Ball out of play",
            "position": "9500",
            "half": "2",
            "confidence": "0.522627055644989"
        },
        {
            "gameTime": "2 - 10:0",
            "label": "Ball out of play",
            "position": "600500",
            "half": "2",
            "confidence": "0.5179693102836609"
        },
        {
            "gameTime": "2 - 8:38",
            "label": "Ball out of play",
            "position": "518500",
            "half": "2",
            "confidence": "0.5178382992744446"
        },
        {
            "gameTime": "2 - 23:48",
            "label": "Ball out of play",
            "position": "1428500",
            "half": "2",
            "confidence": "0.512513279914856"
        },
        {
            "gameTime": "2 - 42:18",
            "label": "Ball out of play",
            "position": "2538500",
            "half": "2",
            "confidence": "0.5047037601470947"
        },
        {
            "gameTime": "2 - 0:42",
            "label": "Throw-in",
            "position": "42000",
            "half": "2",
            "confidence": "0.973887026309967"
        },
        {
            "gameTime": "2 - 26:36",
            "label": "Throw-in",
            "position": "1596000",
            "half": "2",
            "confidence": "0.9680642485618591"
        },
        {
            "gameTime": "2 - 0:30",
            "label": "Throw-in",
            "position": "30000",
            "half": "2",
            "confidence": "0.9608777761459351"
        },
        {
            "gameTime": "2 - 42:25",
            "label": "Throw-in",
            "position": "2545000",
            "half": "2",
            "confidence": "0.9470639824867249"
        },
        {
            "gameTime": "2 - 8:46",
            "label": "Throw-in",
            "position": "526000",
            "half": "2",
            "confidence": "0.9318974614143372"
        },
        {
            "gameTime": "2 - 9:21",
            "label": "Throw-in",
            "position": "561500",
            "half": "2",
            "confidence": "0.9314253926277161"
        },
        {
            "gameTime": "2 - 2:22",
            "label": "Throw-in",
            "position": "142000",
            "half": "2",
            "confidence": "0.8994629383087158"
        },
        {
            "gameTime": "2 - 2:33",
            "label": "Throw-in",
            "position": "153000",
            "half": "2",
            "confidence": "0.892460823059082"
        },
        {
            "gameTime": "2 - 11:49",
            "label": "Throw-in",
            "position": "709500",
            "half": "2",
            "confidence": "0.8821366429328918"
        },
        {
            "gameTime": "2 - 42:36",
            "label": "Throw-in",
            "position": "2556000",
            "half": "2",
            "confidence": "0.83846116065979"
        },
        {
            "gameTime": "2 - 42:58",
            "label": "Throw-in",
            "position": "2578000",
            "half": "2",
            "confidence": "0.8305620551109314"
        },
        {
            "gameTime": "2 - 26:25",
            "label": "Throw-in",
            "position": "1585000",
            "half": "2",
            "confidence": "0.8237387537956238"
        },
        {
            "gameTime": "2 - 8:56",
            "label": "Throw-in",
            "position": "536000",
            "half": "2",
            "confidence": "0.8106609582901001"
        },
        {
            "gameTime": "2 - 9:31",
            "label": "Throw-in",
            "position": "571500",
            "half": "2",
            "confidence": "0.7994283437728882"
        },
        {
            "gameTime": "2 - 15:42",
            "label": "Throw-in",
            "position": "942500",
            "half": "2",
            "confidence": "0.7921122312545776"
        },
        {
            "gameTime": "2 - 9:9",
            "label": "Throw-in",
            "position": "549500",
            "half": "2",
            "confidence": "0.7581675052642822"
        },
        {
            "gameTime": "2 - 0:13",
            "label": "Throw-in",
            "position": "13000",
            "half": "2",
            "confidence": "0.7317625284194946"
        },
        {
            "gameTime": "2 - 11:39",
            "label": "Throw-in",
            "position": "699000",
            "half": "2",
            "confidence": "0.6643279194831848"
        },
        {
            "gameTime": "2 - 20:42",
            "label": "Throw-in",
            "position": "1242500",
            "half": "2",
            "confidence": "0.6116653084754944"
        },
        {
            "gameTime": "2 - 10:7",
            "label": "Throw-in",
            "position": "607000",
            "half": "2",
            "confidence": "0.5837389826774597"
        },
        {
            "gameTime": "2 - 18:14",
            "label": "Throw-in",
            "position": "1094500",
            "half": "2",
            "confidence": "0.5660597681999207"
        },
        {
            "gameTime": "2 - 7:6",
            "label": "Throw-in",
            "position": "426500",
            "half": "2",
            "confidence": "0.5485886335372925"
        },
        {
            "gameTime": "2 - 39:15",
            "label": "Throw-in",
            "position": "2355000",
            "half": "2",
            "confidence": "0.5457155108451843"
        },
        {
            "gameTime": "2 - 2:11",
            "label": "Throw-in",
            "position": "131500",
            "half": "2",
            "confidence": "0.539703369140625"
        },
        {
            "gameTime": "2 - 42:46",
            "label": "Throw-in",
            "position": "2566000",
            "half": "2",
            "confidence": "0.5373926162719727"
        },
        {
            "gameTime": "2 - 8:35",
            "label": "Throw-in",
            "position": "515000",
            "half": "2",
            "confidence": "0.5362762808799744"
        },
        {
            "gameTime": "2 - 30:4",
            "label": "Throw-in",
            "position": "1804000",
            "half": "2",
            "confidence": "0.531400740146637"
        },
        {
            "gameTime": "2 - 44:41",
            "label": "Throw-in",
            "position": "2681500",
            "half": "2",
            "confidence": "0.5110217928886414"
        },
        {
            "gameTime": "2 - 43:57",
            "label": "Foul",
            "position": "2637000",
            "half": "2",
            "confidence": "0.7668513059616089"
        },
        {
            "gameTime": "2 - 8:4",
            "label": "Foul",
            "position": "484000",
            "half": "2",
            "confidence": "0.6783058047294617"
        },
        {
            "gameTime": "2 - 27:19",
            "label": "Foul",
            "position": "1639500",
            "half": "2",
            "confidence": "0.5865252017974854"
        },
        {
            "gameTime": "2 - 21:49",
            "label": "Foul",
            "position": "1309500",
            "half": "2",
            "confidence": "0.5425074100494385"
        },
        {
            "gameTime": "2 - 41:3",
            "label": "Foul",
            "position": "2463500",
            "half": "2",
            "confidence": "0.5091798305511475"
        },
        {
            "gameTime": "2 - 37:52",
            "label": "Foul",
            "position": "2272500",
            "half": "2",
            "confidence": "0.5043126344680786"
        },
        {
            "gameTime": "2 - 30:42",
            "label": "Indirect free-kick",
            "position": "1842500",
            "half": "2",
            "confidence": "0.5326472520828247"
        },
        {
            "gameTime": "2 - 27:46",
            "label": "Direct free-kick",
            "position": "1666000",
            "half": "2",
            "confidence": "0.9070673584938049"
        },
        {
            "gameTime": "2 - 16:37",
            "label": "Corner",
            "position": "997500",
            "half": "2",
            "confidence": "0.9953886270523071"
        },
        {
            "gameTime": "2 - 16:47",
            "label": "Corner",
            "position": "1007500",
            "half": "2",
            "confidence": "0.9300193190574646"
        },
        {
            "gameTime": "2 - 7:6",
            "label": "Corner",
            "position": "426000",
            "half": "2",
            "confidence": "0.8329081535339355"
        },
        {
            "gameTime": "2 - 4:32",
            "label": "Corner",
            "position": "272500",
            "half": "2",
            "confidence": "0.795805037021637"
        },
        {
            "gameTime": "2 - 14:24",
            "label": "Corner",
            "position": "864000",
            "half": "2",
            "confidence": "0.7550511956214905"
        },
        {
            "gameTime": "2 - 4:42",
            "label": "Corner",
            "position": "282500",
            "half": "2",
            "confidence": "0.5865612030029297"
        },
        {
            "gameTime": "2 - 7:16",
            "label": "Corner",
            "position": "436000",
            "half": "2",
            "confidence": "0.5799659490585327"
        },
        {
            "gameTime": "2 - 44:9",
            "label": "Yellow card",
            "position": "2649000",
            "half": "2",
            "confidence": "0.7987220883369446"
        },
        {
            "gameTime": "2 - 38:7",
            "label": "Yellow card",
            "position": "2287500",
            "half": "2",
            "confidence": "0.5968660712242126"
        }
    ]
}