{
    "UrlLocal": "italy_serie-a/2016-2017/2016-09-18 - 18-00 Juventus 1 - 0 Internazionale",
    "predictions": [
        {
            "gameTime": "1 - 45:14",
            "label": "Kick-off",
            "position": "2714500",
            "half": "1",
            "confidence": "0.9728735685348511"
        },
        {
            "gameTime": "1 - 45:4",
            "label": "Kick-off",
            "position": "2704000",
            "half": "1",
            "confidence": "0.9125481247901917"
        },
        {
            "gameTime": "1 - 0:4",
            "label": "Kick-off",
            "position": "4500",
            "half": "1",
            "confidence": "0.5982460975646973"
        },
        {
            "gameTime": "1 - 41:24",
            "label": "Kick-off",
            "position": "2484000",
            "half": "1",
            "confidence": "0.5957028865814209"
        },
        {
            "gameTime": "1 - 44:9",
            "label": "Goal",
            "position": "2649000",
            "half": "1",
            "confidence": "0.8853352069854736"
        },
        {
            "gameTime": "1 - 44:20",
            "label": "Goal",
            "position": "2660000",
            "half": "1",
            "confidence": "0.78480464220047"
        },
        {
            "gameTime": "1 - 2:1",
            "label": "Shots on target",
            "position": "121500",
            "half": "1",
            "confidence": "0.8661656379699707"
        },
        {
            "gameTime": "1 - 2:11",
            "label": "Shots on target",
            "position": "131500",
            "half": "1",
            "confidence": "0.7970019578933716"
        },
        {
            "gameTime": "1 - 44:18",
            "label": "Shots on target",
            "position": "2658000",
            "half": "1",
            "confidence": "0.7379847764968872"
        },
        {
            "gameTime": "1 - 42:14",
            "label": "Shots on target",
            "position": "2534000",
            "half": "1",
            "confidence": "0.6948338150978088"
        },
        {
            "gameTime": "1 - 36:4",
            "label": "Shots on target",
            "position": "2164000",
            "half": "1",
            "confidence": "0.6704972982406616"
        },
        {
            "gameTime": "1 - 18:1",
            "label": "Shots on target",
            "position": "1081500",
            "half": "1",
            "confidence": "0.6131422519683838"
        },
        {
            "gameTime": "1 - 44:7",
            "label": "Shots on target",
            "position": "2647500",
            "half": "1",
            "confidence": "0.605804979801178"
        },
        {
            "gameTime": "1 - 17:51",
            "label": "Shots on target",
            "position": "1071000",
            "half": "1",
            "confidence": "0.5079272389411926"
        },
        {
            "gameTime": "1 - 29:20",
            "label": "Shots off target",
            "position": "1760500",
            "half": "1",
            "confidence": "0.7710895538330078"
        },
        {
            "gameTime": "1 - 11:35",
            "label": "Shots off target",
            "position": "695500",
            "half": "1",
            "confidence": "0.647932767868042"
        },
        {
            "gameTime": "1 - 6:26",
            "label": "Shots off target",
            "position": "386000",
            "half": "1",
            "confidence": "0.5656230449676514"
        },
        {
            "gameTime": "1 - 29:30",
            "label": "Clearance",
            "position": "1770000",
            "half": "1",
            "confidence": "0.8672428727149963"
        },
        {
            "gameTime": "1 - 21:55",
            "label": "Clearance",
            "position": "1315000",
            "half": "1",
            "confidence": "0.6539897918701172"
        },
        {
            "gameTime": "1 - 35:2",
            "label": "Clearance",
            "position": "2102500",
            "half": "1",
            "confidence": "0.6318480372428894"
        },
        {
            "gameTime": "1 - 26:45",
            "label": "Clearance",
            "position": "1605500",
            "half": "1",
            "confidence": "0.5877800583839417"
        },
        {
            "gameTime": "1 - 19:39",
            "label": "Clearance",
            "position": "1179000",
            "half": "1",
            "confidence": "0.5766083002090454"
        },
        {
            "gameTime": "1 - 13:51",
            "label": "Clearance",
            "position": "831500",
            "half": "1",
            "confidence": "0.5013255476951599"
        },
        {
            "gameTime": "1 - 5:58",
            "label": "Ball out of play",
            "position": "358000",
            "half": "1",
            "confidence": "0.9655472636222839"
        },
        {
            "gameTime": "1 - 14:52",
            "label": "Ball out of play",
            "position": "892000",
            "half": "1",
            "confidence": "0.9203304052352905"
        },
        {
            "gameTime": "1 - 6:8",
            "label": "Ball out of play",
            "position": "368000",
            "half": "1",
            "confidence": "0.906580924987793"
        },
        {
            "gameTime": "1 - 24:15",
            "label": "Ball out of play",
            "position": "1455000",
            "half": "1",
            "confidence": "0.9059466123580933"
        },
        {
            "gameTime": "1 - 0:21",
            "label": "Ball out of play",
            "position": "21000",
            "half": "1",
            "confidence": "0.8855147361755371"
        },
        {
            "gameTime": "1 - 37:29",
            "label": "Ball out of play",
            "position": "2249500",
            "half": "1",
            "confidence": "0.8839123845100403"
        },
        {
            "gameTime": "1 - 20:5",
            "label": "Ball out of play",
            "position": "1205000",
            "half": "1",
            "confidence": "0.873470664024353"
        },
        {
            "gameTime": "1 - 24:25",
            "label": "Ball out of play",
            "position": "1465000",
            "half": "1",
            "confidence": "0.8676477074623108"
        },
        {
            "gameTime": "1 - 33:1",
            "label": "Ball out of play",
            "position": "1981000",
            "half": "1",
            "confidence": "0.8622456789016724"
        },
        {
            "gameTime": "1 - 37:53",
            "label": "Ball out of play",
            "position": "2273500",
            "half": "1",
            "confidence": "0.8616635203361511"
        },
        {
            "gameTime": "1 - 15:2",
            "label": "Ball out of play",
            "position": "902000",
            "half": "1",
            "confidence": "0.8593708872795105"
        },
        {
            "gameTime": "1 - 1:32",
            "label": "Ball out of play",
            "position": "92500",
            "half": "1",
            "confidence": "0.8519526720046997"
        },
        {
            "gameTime": "1 - 38:35",
            "label": "Ball out of play",
            "position": "2315000",
            "half": "1",
            "confidence": "0.8318445086479187"
        },
        {
            "gameTime": "1 - 43:44",
            "label": "Ball out of play",
            "position": "2624500",
            "half": "1",
            "confidence": "0.8144062161445618"
        },
        {
            "gameTime": "1 - 20:46",
            "label": "Ball out of play",
            "position": "1246000",
            "half": "1",
            "confidence": "0.8077877163887024"
        },
        {
            "gameTime": "1 - 0:31",
            "label": "Ball out of play",
            "position": "31000",
            "half": "1",
            "confidence": "0.7958729863166809"
        },
        {
            "gameTime": "1 - 33:37",
            "label": "Ball out of play",
            "position": "2017500",
            "half": "1",
            "confidence": "0.79182368516922"
        },
        {
            "gameTime": "1 - 4:33",
            "label": "Ball out of play",
            "position": "273000",
            "half": "1",
            "confidence": "0.7888361215591431"
        },
        {
            "gameTime": "1 - 12:3",
            "label": "Ball out of play",
            "position": "723000",
            "half": "1",
            "confidence": "0.7860727310180664"
        },
        {
            "gameTime": "1 - 36:6",
            "label": "Ball out of play",
            "position": "2166000",
            "half": "1",
            "confidence": "0.7791447043418884"
        },
        {
            "gameTime": "1 - 17:58",
            "label": "Ball out of play",
            "position": "1078000",
            "half": "1",
            "confidence": "0.7773166298866272"
        },
        {
            "gameTime": "1 - 40:16",
            "label": "Ball out of play",
            "position": "2416500",
            "half": "1",
            "confidence": "0.7751579284667969"
        },
        {
            "gameTime": "1 - 36:17",
            "label": "Ball out of play",
            "position": "2177000",
            "half": "1",
            "confidence": "0.7607322335243225"
        },
        {
            "gameTime": "1 - 6:26",
            "label": "Ball out of play",
            "position": "386000",
            "half": "1",
            "confidence": "0.7540380358695984"
        },
        {
            "gameTime": "1 - 18:42",
            "label": "Ball out of play",
            "position": "1122000",
            "half": "1",
            "confidence": "0.751818835735321"
        },
        {
            "gameTime": "1 - 26:38",
            "label": "Ball out of play",
            "position": "1598500",
            "half": "1",
            "confidence": "0.7393162250518799"
        },
        {
            "gameTime": "1 - 43:54",
            "label": "Ball out of play",
            "position": "2634500",
            "half": "1",
            "confidence": "0.7269688844680786"
        },
        {
            "gameTime": "1 - 11:43",
            "label": "Ball out of play",
            "position": "703500",
            "half": "1",
            "confidence": "0.7140153050422668"
        },
        {
            "gameTime": "1 - 34:36",
            "label": "Ball out of play",
            "position": "2076000",
            "half": "1",
            "confidence": "0.7068319320678711"
        },
        {
            "gameTime": "1 - 3:36",
            "label": "Ball out of play",
            "position": "216500",
            "half": "1",
            "confidence": "0.7033926844596863"
        },
        {
            "gameTime": "1 - 36:53",
            "label": "Ball out of play",
            "position": "2213500",
            "half": "1",
            "confidence": "0.7033404111862183"
        },
        {
            "gameTime": "1 - 19:54",
            "label": "Ball out of play",
            "position": "1194500",
            "half": "1",
            "confidence": "0.6950007677078247"
        },
        {
            "gameTime": "1 - 45:46",
            "label": "Ball out of play",
            "position": "2746500",
            "half": "1",
            "confidence": "0.6734668612480164"
        },
        {
            "gameTime": "1 - 29:49",
            "label": "Ball out of play",
            "position": "1789500",
            "half": "1",
            "confidence": "0.6712213158607483"
        },
        {
            "gameTime": "1 - 37:39",
            "label": "Ball out of play",
            "position": "2259500",
            "half": "1",
            "confidence": "0.6668998599052429"
        },
        {
            "gameTime": "1 - 23:31",
            "label": "Ball out of play",
            "position": "1411000",
            "half": "1",
            "confidence": "0.6621556878089905"
        },
        {
            "gameTime": "1 - 4:22",
            "label": "Ball out of play",
            "position": "262500",
            "half": "1",
            "confidence": "0.6585696935653687"
        },
        {
            "gameTime": "1 - 29:21",
            "label": "Ball out of play",
            "position": "1761500",
            "half": "1",
            "confidence": "0.657463550567627"
        },
        {
            "gameTime": "1 - 20:35",
            "label": "Ball out of play",
            "position": "1235500",
            "half": "1",
            "confidence": "0.6407642960548401"
        },
        {
            "gameTime": "1 - 11:33",
            "label": "Ball out of play",
            "position": "693000",
            "half": "1",
            "confidence": "0.6399059891700745"
        },
        {
            "gameTime": "1 - 35:16",
            "label": "Ball out of play",
            "position": "2116000",
            "half": "1",
            "confidence": "0.6319324374198914"
        },
        {
            "gameTime": "1 - 38:5",
            "label": "Ball out of play",
            "position": "2285500",
            "half": "1",
            "confidence": "0.626815140247345"
        },
        {
            "gameTime": "1 - 1:42",
            "label": "Ball out of play",
            "position": "102500",
            "half": "1",
            "confidence": "0.6230953931808472"
        },
        {
            "gameTime": "1 - 24:4",
            "label": "Ball out of play",
            "position": "1444500",
            "half": "1",
            "confidence": "0.6164975166320801"
        },
        {
            "gameTime": "1 - 33:53",
            "label": "Ball out of play",
            "position": "2033000",
            "half": "1",
            "confidence": "0.6096885800361633"
        },
        {
            "gameTime": "1 - 34:46",
            "label": "Ball out of play",
            "position": "2086000",
            "half": "1",
            "confidence": "0.6088146567344666"
        },
        {
            "gameTime": "1 - 23:13",
            "label": "Ball out of play",
            "position": "1393000",
            "half": "1",
            "confidence": "0.6086324453353882"
        },
        {
            "gameTime": "1 - 16:2",
            "label": "Ball out of play",
            "position": "962500",
            "half": "1",
            "confidence": "0.6065330505371094"
        },
        {
            "gameTime": "1 - 39:59",
            "label": "Ball out of play",
            "position": "2399500",
            "half": "1",
            "confidence": "0.6013630628585815"
        },
        {
            "gameTime": "1 - 12:47",
            "label": "Ball out of play",
            "position": "767000",
            "half": "1",
            "confidence": "0.5998002290725708"
        },
        {
            "gameTime": "1 - 26:28",
            "label": "Ball out of play",
            "position": "1588000",
            "half": "1",
            "confidence": "0.5830839276313782"
        },
        {
            "gameTime": "1 - 32:0",
            "label": "Ball out of play",
            "position": "1920500",
            "half": "1",
            "confidence": "0.5751170516014099"
        },
        {
            "gameTime": "1 - 17:34",
            "label": "Ball out of play",
            "position": "1054000",
            "half": "1",
            "confidence": "0.5748501420021057"
        },
        {
            "gameTime": "1 - 44:5",
            "label": "Ball out of play",
            "position": "2645500",
            "half": "1",
            "confidence": "0.553955078125"
        },
        {
            "gameTime": "1 - 13:22",
            "label": "Ball out of play",
            "position": "802000",
            "half": "1",
            "confidence": "0.5512377619743347"
        },
        {
            "gameTime": "1 - 37:19",
            "label": "Ball out of play",
            "position": "2239000",
            "half": "1",
            "confidence": "0.5412067770957947"
        },
        {
            "gameTime": "1 - 25:20",
            "label": "Ball out of play",
            "position": "1520500",
            "half": "1",
            "confidence": "0.5310686826705933"
        },
        {
            "gameTime": "1 - 29:8",
            "label": "Ball out of play",
            "position": "1748500",
            "half": "1",
            "confidence": "0.5300304889678955"
        },
        {
            "gameTime": "1 - 36:43",
            "label": "Ball out of play",
            "position": "2203000",
            "half": "1",
            "confidence": "0.5294601917266846"
        },
        {
            "gameTime": "1 - 35:26",
            "label": "Ball out of play",
            "position": "2126500",
            "half": "1",
            "confidence": "0.5248153209686279"
        },
        {
            "gameTime": "1 - 0:33",
            "label": "Throw-in",
            "position": "33000",
            "half": "1",
            "confidence": "0.9984221458435059"
        },
        {
            "gameTime": "1 - 0:22",
            "label": "Throw-in",
            "position": "22500",
            "half": "1",
            "confidence": "0.9975709319114685"
        },
        {
            "gameTime": "1 - 40:17",
            "label": "Throw-in",
            "position": "2417000",
            "half": "1",
            "confidence": "0.982660710811615"
        },
        {
            "gameTime": "1 - 29:49",
            "label": "Throw-in",
            "position": "1789500",
            "half": "1",
            "confidence": "0.9788224101066589"
        },
        {
            "gameTime": "1 - 23:34",
            "label": "Throw-in",
            "position": "1414000",
            "half": "1",
            "confidence": "0.9714481234550476"
        },
        {
            "gameTime": "1 - 1:28",
            "label": "Throw-in",
            "position": "88000",
            "half": "1",
            "confidence": "0.9697414636611938"
        },
        {
            "gameTime": "1 - 1:38",
            "label": "Throw-in",
            "position": "98000",
            "half": "1",
            "confidence": "0.955009400844574"
        },
        {
            "gameTime": "1 - 18:43",
            "label": "Throw-in",
            "position": "1123500",
            "half": "1",
            "confidence": "0.9319858551025391"
        },
        {
            "gameTime": "1 - 29:59",
            "label": "Throw-in",
            "position": "1799500",
            "half": "1",
            "confidence": "0.9197733402252197"
        },
        {
            "gameTime": "1 - 23:16",
            "label": "Throw-in",
            "position": "1396500",
            "half": "1",
            "confidence": "0.9195972084999084"
        },
        {
            "gameTime": "1 - 13:20",
            "label": "Throw-in",
            "position": "800500",
            "half": "1",
            "confidence": "0.914104163646698"
        },
        {
            "gameTime": "1 - 40:27",
            "label": "Throw-in",
            "position": "2427000",
            "half": "1",
            "confidence": "0.9004472494125366"
        },
        {
            "gameTime": "1 - 20:5",
            "label": "Throw-in",
            "position": "1205000",
            "half": "1",
            "confidence": "0.8919161558151245"
        },
        {
            "gameTime": "1 - 12:1",
            "label": "Throw-in",
            "position": "721000",
            "half": "1",
            "confidence": "0.885338306427002"
        },
        {
            "gameTime": "1 - 23:44",
            "label": "Throw-in",
            "position": "1424000",
            "half": "1",
            "confidence": "0.8781300783157349"
        },
        {
            "gameTime": "1 - 1:4",
            "label": "Throw-in",
            "position": "64500",
            "half": "1",
            "confidence": "0.8326866030693054"
        },
        {
            "gameTime": "1 - 1:15",
            "label": "Throw-in",
            "position": "75500",
            "half": "1",
            "confidence": "0.7958260178565979"
        },
        {
            "gameTime": "1 - 18:54",
            "label": "Throw-in",
            "position": "1134000",
            "half": "1",
            "confidence": "0.79195237159729"
        },
        {
            "gameTime": "1 - 45:46",
            "label": "Throw-in",
            "position": "2746500",
            "half": "1",
            "confidence": "0.7722619771957397"
        },
        {
            "gameTime": "1 - 34:31",
            "label": "Throw-in",
            "position": "2071500",
            "half": "1",
            "confidence": "0.755556046962738"
        },
        {
            "gameTime": "1 - 12:11",
            "label": "Throw-in",
            "position": "731000",
            "half": "1",
            "confidence": "0.7475103735923767"
        },
        {
            "gameTime": "1 - 37:31",
            "label": "Throw-in",
            "position": "2251500",
            "half": "1",
            "confidence": "0.7428091168403625"
        },
        {
            "gameTime": "1 - 24:9",
            "label": "Throw-in",
            "position": "1449500",
            "half": "1",
            "confidence": "0.7280454039573669"
        },
        {
            "gameTime": "1 - 3:37",
            "label": "Throw-in",
            "position": "217000",
            "half": "1",
            "confidence": "0.7191596627235413"
        },
        {
            "gameTime": "1 - 23:6",
            "label": "Throw-in",
            "position": "1386000",
            "half": "1",
            "confidence": "0.7059271931648254"
        },
        {
            "gameTime": "1 - 11:50",
            "label": "Throw-in",
            "position": "710500",
            "half": "1",
            "confidence": "0.6961455345153809"
        },
        {
            "gameTime": "1 - 25:21",
            "label": "Throw-in",
            "position": "1521500",
            "half": "1",
            "confidence": "0.6892620325088501"
        },
        {
            "gameTime": "1 - 19:54",
            "label": "Throw-in",
            "position": "1194500",
            "half": "1",
            "confidence": "0.6472175121307373"
        },
        {
            "gameTime": "1 - 39:59",
            "label": "Throw-in",
            "position": "2399500",
            "half": "1",
            "confidence": "0.6320139169692993"
        },
        {
            "gameTime": "1 - 11:0",
            "label": "Throw-in",
            "position": "660500",
            "half": "1",
            "confidence": "0.6310429573059082"
        },
        {
            "gameTime": "1 - 13:8",
            "label": "Throw-in",
            "position": "788500",
            "half": "1",
            "confidence": "0.62361741065979"
        },
        {
            "gameTime": "1 - 34:41",
            "label": "Throw-in",
            "position": "2081500",
            "half": "1",
            "confidence": "0.5690567493438721"
        },
        {
            "gameTime": "1 - 34:17",
            "label": "Throw-in",
            "position": "2057500",
            "half": "1",
            "confidence": "0.5248090624809265"
        },
        {
            "gameTime": "1 - 22:43",
            "label": "Foul",
            "position": "1363000",
            "half": "1",
            "confidence": "0.8710402250289917"
        },
        {
            "gameTime": "1 - 32:3",
            "label": "Foul",
            "position": "1923500",
            "half": "1",
            "confidence": "0.8483100533485413"
        },
        {
            "gameTime": "1 - 27:3",
            "label": "Foul",
            "position": "1623500",
            "half": "1",
            "confidence": "0.7599414587020874"
        },
        {
            "gameTime": "1 - 6:44",
            "label": "Foul",
            "position": "404500",
            "half": "1",
            "confidence": "0.7241030931472778"
        },
        {
            "gameTime": "1 - 10:24",
            "label": "Foul",
            "position": "624000",
            "half": "1",
            "confidence": "0.6322170495986938"
        },
        {
            "gameTime": "1 - 28:0",
            "label": "Foul",
            "position": "1680000",
            "half": "1",
            "confidence": "0.6108028888702393"
        },
        {
            "gameTime": "1 - 40:33",
            "label": "Foul",
            "position": "2433000",
            "half": "1",
            "confidence": "0.583518385887146"
        },
        {
            "gameTime": "1 - 26:53",
            "label": "Foul",
            "position": "1613000",
            "half": "1",
            "confidence": "0.5413630604743958"
        },
        {
            "gameTime": "1 - 7:35",
            "label": "Foul",
            "position": "455000",
            "half": "1",
            "confidence": "0.5312774777412415"
        },
        {
            "gameTime": "1 - 32:20",
            "label": "Foul",
            "position": "1940500",
            "half": "1",
            "confidence": "0.5277785658836365"
        },
        {
            "gameTime": "1 - 15:29",
            "label": "Foul",
            "position": "929500",
            "half": "1",
            "confidence": "0.5227632522583008"
        },
        {
            "gameTime": "1 - 12:48",
            "label": "Foul",
            "position": "768500",
            "half": "1",
            "confidence": "0.5092436671257019"
        },
        {
            "gameTime": "1 - 15:31",
            "label": "Indirect free-kick",
            "position": "931500",
            "half": "1",
            "confidence": "0.7521332502365112"
        },
        {
            "gameTime": "1 - 21:20",
            "label": "Indirect free-kick",
            "position": "1280500",
            "half": "1",
            "confidence": "0.6504419445991516"
        },
        {
            "gameTime": "1 - 22:43",
            "label": "Indirect free-kick",
            "position": "1363500",
            "half": "1",
            "confidence": "0.6397188901901245"
        },
        {
            "gameTime": "1 - 18:16",
            "label": "Indirect free-kick",
            "position": "1096000",
            "half": "1",
            "confidence": "0.6334380507469177"
        },
        {
            "gameTime": "1 - 27:19",
            "label": "Indirect free-kick",
            "position": "1639500",
            "half": "1",
            "confidence": "0.6049860119819641"
        },
        {
            "gameTime": "1 - 28:45",
            "label": "Indirect free-kick",
            "position": "1725000",
            "half": "1",
            "confidence": "0.5841208696365356"
        },
        {
            "gameTime": "1 - 28:5",
            "label": "Indirect free-kick",
            "position": "1685500",
            "half": "1",
            "confidence": "0.5718867182731628"
        },
        {
            "gameTime": "1 - 25:10",
            "label": "Indirect free-kick",
            "position": "1510500",
            "half": "1",
            "confidence": "0.5335044860839844"
        },
        {
            "gameTime": "1 - 23:1",
            "label": "Indirect free-kick",
            "position": "1381000",
            "half": "1",
            "confidence": "0.5296623110771179"
        },
        {
            "gameTime": "1 - 6:36",
            "label": "Direct free-kick",
            "position": "396000",
            "half": "1",
            "confidence": "0.8892605304718018"
        },
        {
            "gameTime": "1 - 6:23",
            "label": "Direct free-kick",
            "position": "383500",
            "half": "1",
            "confidence": "0.8605188727378845"
        },
        {
            "gameTime": "1 - 17:50",
            "label": "Direct free-kick",
            "position": "1070000",
            "half": "1",
            "confidence": "0.7349179983139038"
        },
        {
            "gameTime": "1 - 43:36",
            "label": "Direct free-kick",
            "position": "2616000",
            "half": "1",
            "confidence": "0.6853687763214111"
        },
        {
            "gameTime": "1 - 33:26",
            "label": "Corner",
            "position": "2006000",
            "half": "1",
            "confidence": "0.9973196387290955"
        },
        {
            "gameTime": "1 - 6:25",
            "label": "Corner",
            "position": "385000",
            "half": "1",
            "confidence": "0.9827302694320679"
        },
        {
            "gameTime": "1 - 33:36",
            "label": "Corner",
            "position": "2016000",
            "half": "1",
            "confidence": "0.9796937108039856"
        },
        {
            "gameTime": "1 - 44:7",
            "label": "Corner",
            "position": "2647500",
            "half": "1",
            "confidence": "0.9793720841407776"
        },
        {
            "gameTime": "1 - 17:52",
            "label": "Corner",
            "position": "1072000",
            "half": "1",
            "confidence": "0.9655963778495789"
        },
        {
            "gameTime": "1 - 6:35",
            "label": "Corner",
            "position": "395000",
            "half": "1",
            "confidence": "0.9469514489173889"
        },
        {
            "gameTime": "1 - 4:55",
            "label": "Corner",
            "position": "295000",
            "half": "1",
            "confidence": "0.9387073516845703"
        },
        {
            "gameTime": "1 - 43:55",
            "label": "Corner",
            "position": "2635500",
            "half": "1",
            "confidence": "0.9307134747505188"
        },
        {
            "gameTime": "1 - 36:4",
            "label": "Corner",
            "position": "2164500",
            "half": "1",
            "confidence": "0.9092720150947571"
        },
        {
            "gameTime": "1 - 36:39",
            "label": "Corner",
            "position": "2199000",
            "half": "1",
            "confidence": "0.8733420968055725"
        },
        {
            "gameTime": "1 - 43:44",
            "label": "Corner",
            "position": "2624000",
            "half": "1",
            "confidence": "0.8591548204421997"
        },
        {
            "gameTime": "1 - 33:7",
            "label": "Corner",
            "position": "1987500",
            "half": "1",
            "confidence": "0.835442841053009"
        },
        {
            "gameTime": "1 - 18:3",
            "label": "Corner",
            "position": "1083500",
            "half": "1",
            "confidence": "0.8181705474853516"
        },
        {
            "gameTime": "1 - 36:52",
            "label": "Corner",
            "position": "2212500",
            "half": "1",
            "confidence": "0.8114964962005615"
        },
        {
            "gameTime": "1 - 20:36",
            "label": "Corner",
            "position": "1236000",
            "half": "1",
            "confidence": "0.7719125747680664"
        },
        {
            "gameTime": "1 - 36:14",
            "label": "Corner",
            "position": "2174500",
            "half": "1",
            "confidence": "0.6668134331703186"
        },
        {
            "gameTime": "1 - 44:17",
            "label": "Corner",
            "position": "2657500",
            "half": "1",
            "confidence": "0.649377703666687"
        },
        {
            "gameTime": "1 - 5:5",
            "label": "Corner",
            "position": "305000",
            "half": "1",
            "confidence": "0.6318532824516296"
        },
        {
            "gameTime": "1 - 6:47",
            "label": "Yellow card",
            "position": "407000",
            "half": "1",
            "confidence": "0.5903013348579407"
        },
        {
            "gameTime": "1 - 40:41",
            "label": "Yellow card",
            "position": "2441000",
            "half": "1",
            "confidence": "0.5626165270805359"
        },
        {
            "gameTime": "2 - 47:49",
            "label": "Goal",
            "position": "2869000",
            "half": "2",
            "confidence": "0.8481229543685913"
        },
        {
            "gameTime": "2 - 33:33",
            "label": "Substitution",
            "position": "2013000",
            "half": "2",
            "confidence": "0.9663451313972473"
        },
        {
            "gameTime": "2 - 12:45",
            "label": "Substitution",
            "position": "765000",
            "half": "2",
            "confidence": "0.9431442618370056"
        },
        {
            "gameTime": "2 - 24:5",
            "label": "Substitution",
            "position": "1445500",
            "half": "2",
            "confidence": "0.6988558173179626"
        },
        {
            "gameTime": "2 - 25:28",
            "label": "Substitution",
            "position": "1528000",
            "half": "2",
            "confidence": "0.651648223400116"
        },
        {
            "gameTime": "2 - 50:2",
            "label": "Substitution",
            "position": "3002000",
            "half": "2",
            "confidence": "0.6250506043434143"
        },
        {
            "gameTime": "2 - 33:22",
            "label": "Substitution",
            "position": "2002500",
            "half": "2",
            "confidence": "0.5959079265594482"
        },
        {
            "gameTime": "2 - 12:34",
            "label": "Substitution",
            "position": "754500",
            "half": "2",
            "confidence": "0.5512073636054993"
        },
        {
            "gameTime": "2 - 24:59",
            "label": "Substitution",
            "position": "1499500",
            "half": "2",
            "confidence": "0.5498144626617432"
        },
        {
            "gameTime": "2 - 47:48",
            "label": "Shots on target",
            "position": "2868000",
            "half": "2",
            "confidence": "0.7395078539848328"
        },
        {
            "gameTime": "2 - 8:30",
            "label": "Shots on target",
            "position": "510000",
            "half": "2",
            "confidence": "0.7105780243873596"
        },
        {
            "gameTime": "2 - 18:59",
            "label": "Shots on target",
            "position": "1139500",
            "half": "2",
            "confidence": "0.7090608477592468"
        },
        {
            "gameTime": "2 - 22:15",
            "label": "Shots on target",
            "position": "1335500",
            "half": "2",
            "confidence": "0.6976441144943237"
        },
        {
            "gameTime": "2 - 47:58",
            "label": "Shots on target",
            "position": "2878500",
            "half": "2",
            "confidence": "0.674045205116272"
        },
        {
            "gameTime": "2 - 22:3",
            "label": "Shots on target",
            "position": "1323500",
            "half": "2",
            "confidence": "0.5787146091461182"
        },
        {
            "gameTime": "2 - 4:53",
            "label": "Shots on target",
            "position": "293500",
            "half": "2",
            "confidence": "0.5422137379646301"
        },
        {
            "gameTime": "2 - 22:14",
            "label": "Shots off target",
            "position": "1334500",
            "half": "2",
            "confidence": "0.7111337780952454"
        },
        {
            "gameTime": "2 - 4:58",
            "label": "Shots off target",
            "position": "298000",
            "half": "2",
            "confidence": "0.6167057156562805"
        },
        {
            "gameTime": "2 - 43:4",
            "label": "Clearance",
            "position": "2584500",
            "half": "2",
            "confidence": "0.8725852370262146"
        },
        {
            "gameTime": "2 - 36:30",
            "label": "Clearance",
            "position": "2190500",
            "half": "2",
            "confidence": "0.8217111825942993"
        },
        {
            "gameTime": "2 - 20:24",
            "label": "Clearance",
            "position": "1224000",
            "half": "2",
            "confidence": "0.6633704900741577"
        },
        {
            "gameTime": "2 - 43:15",
            "label": "Clearance",
            "position": "2595000",
            "half": "2",
            "confidence": "0.596462070941925"
        },
        {
            "gameTime": "2 - 10:12",
            "label": "Clearance",
            "position": "612500",
            "half": "2",
            "confidence": "0.5754520297050476"
        },
        {
            "gameTime": "2 - 7:52",
            "label": "Ball out of play",
            "position": "472000",
            "half": "2",
            "confidence": "0.9012466073036194"
        },
        {
            "gameTime": "2 - 26:25",
            "label": "Ball out of play",
            "position": "1585000",
            "half": "2",
            "confidence": "0.8763303160667419"
        },
        {
            "gameTime": "2 - 0:31",
            "label": "Ball out of play",
            "position": "31000",
            "half": "2",
            "confidence": "0.8647895455360413"
        },
        {
            "gameTime": "2 - 39:34",
            "label": "Ball out of play",
            "position": "2374500",
            "half": "2",
            "confidence": "0.8564575910568237"
        },
        {
            "gameTime": "2 - 43:39",
            "label": "Ball out of play",
            "position": "2619500",
            "half": "2",
            "confidence": "0.8430080413818359"
        },
        {
            "gameTime": "2 - 26:37",
            "label": "Ball out of play",
            "position": "1597500",
            "half": "2",
            "confidence": "0.8416091799736023"
        },
        {
            "gameTime": "2 - 5:1",
            "label": "Ball out of play",
            "position": "301000",
            "half": "2",
            "confidence": "0.8309049010276794"
        },
        {
            "gameTime": "2 - 9:52",
            "label": "Ball out of play",
            "position": "592500",
            "half": "2",
            "confidence": "0.8206698298454285"
        },
        {
            "gameTime": "2 - 46:19",
            "label": "Ball out of play",
            "position": "2779500",
            "half": "2",
            "confidence": "0.8041433095932007"
        },
        {
            "gameTime": "2 - 8:2",
            "label": "Ball out of play",
            "position": "482000",
            "half": "2",
            "confidence": "0.8014740943908691"
        },
        {
            "gameTime": "2 - 23:57",
            "label": "Ball out of play",
            "position": "1437000",
            "half": "2",
            "confidence": "0.7955383062362671"
        },
        {
            "gameTime": "2 - 6:34",
            "label": "Ball out of play",
            "position": "394000",
            "half": "2",
            "confidence": "0.792115330696106"
        },
        {
            "gameTime": "2 - 47:42",
            "label": "Ball out of play",
            "position": "2862500",
            "half": "2",
            "confidence": "0.7808710336685181"
        },
        {
            "gameTime": "2 - 14:40",
            "label": "Ball out of play",
            "position": "880000",
            "half": "2",
            "confidence": "0.773319661617279"
        },
        {
            "gameTime": "2 - 43:52",
            "label": "Ball out of play",
            "position": "2632500",
            "half": "2",
            "confidence": "0.7596022486686707"
        },
        {
            "gameTime": "2 - 39:21",
            "label": "Ball out of play",
            "position": "2361000",
            "half": "2",
            "confidence": "0.7291794419288635"
        },
        {
            "gameTime": "2 - 4:50",
            "label": "Ball out of play",
            "position": "290500",
            "half": "2",
            "confidence": "0.7035326361656189"
        },
        {
            "gameTime": "2 - 41:21",
            "label": "Ball out of play",
            "position": "2481500",
            "half": "2",
            "confidence": "0.7034671306610107"
        },
        {
            "gameTime": "2 - 21:4",
            "label": "Ball out of play",
            "position": "1264000",
            "half": "2",
            "confidence": "0.6953428387641907"
        },
        {
            "gameTime": "2 - 5:57",
            "label": "Ball out of play",
            "position": "357000",
            "half": "2",
            "confidence": "0.6917964220046997"
        },
        {
            "gameTime": "2 - 2:12",
            "label": "Ball out of play",
            "position": "132000",
            "half": "2",
            "confidence": "0.6806826591491699"
        },
        {
            "gameTime": "2 - 41:34",
            "label": "Ball out of play",
            "position": "2494500",
            "half": "2",
            "confidence": "0.679266631603241"
        },
        {
            "gameTime": "2 - 3:13",
            "label": "Ball out of play",
            "position": "193500",
            "half": "2",
            "confidence": "0.6783504486083984"
        },
        {
            "gameTime": "2 - 18:12",
            "label": "Ball out of play",
            "position": "1092000",
            "half": "2",
            "confidence": "0.6772786378860474"
        },
        {
            "gameTime": "2 - 44:10",
            "label": "Ball out of play",
            "position": "2650000",
            "half": "2",
            "confidence": "0.6664137244224548"
        },
        {
            "gameTime": "2 - 0:18",
            "label": "Ball out of play",
            "position": "18500",
            "half": "2",
            "confidence": "0.641299307346344"
        },
        {
            "gameTime": "2 - 13:36",
            "label": "Ball out of play",
            "position": "816000",
            "half": "2",
            "confidence": "0.6402173042297363"
        },
        {
            "gameTime": "2 - 21:38",
            "label": "Ball out of play",
            "position": "1298000",
            "half": "2",
            "confidence": "0.6336052417755127"
        },
        {
            "gameTime": "2 - 21:26",
            "label": "Ball out of play",
            "position": "1286500",
            "half": "2",
            "confidence": "0.630778968334198"
        },
        {
            "gameTime": "2 - 8:12",
            "label": "Ball out of play",
            "position": "492000",
            "half": "2",
            "confidence": "0.6268466711044312"
        },
        {
            "gameTime": "2 - 16:4",
            "label": "Ball out of play",
            "position": "964500",
            "half": "2",
            "confidence": "0.6264253854751587"
        },
        {
            "gameTime": "2 - 14:26",
            "label": "Ball out of play",
            "position": "866000",
            "half": "2",
            "confidence": "0.6207950711250305"
        },
        {
            "gameTime": "2 - 2:22",
            "label": "Ball out of play",
            "position": "142000",
            "half": "2",
            "confidence": "0.6002466678619385"
        },
        {
            "gameTime": "2 - 8:22",
            "label": "Ball out of play",
            "position": "502500",
            "half": "2",
            "confidence": "0.5997449159622192"
        },
        {
            "gameTime": "2 - 46:29",
            "label": "Ball out of play",
            "position": "2789500",
            "half": "2",
            "confidence": "0.5971276164054871"
        },
        {
            "gameTime": "2 - 10:39",
            "label": "Ball out of play",
            "position": "639500",
            "half": "2",
            "confidence": "0.5881502628326416"
        },
        {
            "gameTime": "2 - 35:7",
            "label": "Ball out of play",
            "position": "2107000",
            "half": "2",
            "confidence": "0.5873637199401855"
        },
        {
            "gameTime": "2 - 19:55",
            "label": "Ball out of play",
            "position": "1195500",
            "half": "2",
            "confidence": "0.5792568922042847"
        },
        {
            "gameTime": "2 - 20:11",
            "label": "Ball out of play",
            "position": "1211000",
            "half": "2",
            "confidence": "0.5774708390235901"
        },
        {
            "gameTime": "2 - 40:30",
            "label": "Ball out of play",
            "position": "2430000",
            "half": "2",
            "confidence": "0.5757352113723755"
        },
        {
            "gameTime": "2 - 19:25",
            "label": "Ball out of play",
            "position": "1165000",
            "half": "2",
            "confidence": "0.566887378692627"
        },
        {
            "gameTime": "2 - 23:27",
            "label": "Ball out of play",
            "position": "1407500",
            "half": "2",
            "confidence": "0.5635374188423157"
        },
        {
            "gameTime": "2 - 13:46",
            "label": "Ball out of play",
            "position": "826000",
            "half": "2",
            "confidence": "0.5596343874931335"
        },
        {
            "gameTime": "2 - 20:53",
            "label": "Ball out of play",
            "position": "1253000",
            "half": "2",
            "confidence": "0.5572782158851624"
        },
        {
            "gameTime": "2 - 2:43",
            "label": "Ball out of play",
            "position": "163500",
            "half": "2",
            "confidence": "0.5397847890853882"
        },
        {
            "gameTime": "2 - 6:45",
            "label": "Ball out of play",
            "position": "405500",
            "half": "2",
            "confidence": "0.5374466180801392"
        },
        {
            "gameTime": "2 - 49:8",
            "label": "Ball out of play",
            "position": "2948000",
            "half": "2",
            "confidence": "0.5366154313087463"
        },
        {
            "gameTime": "2 - 49:21",
            "label": "Ball out of play",
            "position": "2961000",
            "half": "2",
            "confidence": "0.5345081090927124"
        },
        {
            "gameTime": "2 - 28:4",
            "label": "Ball out of play",
            "position": "1684500",
            "half": "2",
            "confidence": "0.5215832591056824"
        },
        {
            "gameTime": "2 - 38:10",
            "label": "Ball out of play",
            "position": "2290000",
            "half": "2",
            "confidence": "0.5151185393333435"
        },
        {
            "gameTime": "2 - 42:1",
            "label": "Ball out of play",
            "position": "2521000",
            "half": "2",
            "confidence": "0.5124650001525879"
        },
        {
            "gameTime": "2 - 10:29",
            "label": "Ball out of play",
            "position": "629000",
            "half": "2",
            "confidence": "0.5083039999008179"
        },
        {
            "gameTime": "2 - 14:50",
            "label": "Ball out of play",
            "position": "890000",
            "half": "2",
            "confidence": "0.505522608757019"
        },
        {
            "gameTime": "2 - 42:11",
            "label": "Ball out of play",
            "position": "2531000",
            "half": "2",
            "confidence": "0.504518449306488"
        },
        {
            "gameTime": "2 - 21:3",
            "label": "Throw-in",
            "position": "1263500",
            "half": "2",
            "confidence": "0.9953153133392334"
        },
        {
            "gameTime": "2 - 43:53",
            "label": "Throw-in",
            "position": "2633000",
            "half": "2",
            "confidence": "0.9870206117630005"
        },
        {
            "gameTime": "2 - 46:14",
            "label": "Throw-in",
            "position": "2774500",
            "half": "2",
            "confidence": "0.9839171171188354"
        },
        {
            "gameTime": "2 - 20:53",
            "label": "Throw-in",
            "position": "1253000",
            "half": "2",
            "confidence": "0.9830095171928406"
        },
        {
            "gameTime": "2 - 43:40",
            "label": "Throw-in",
            "position": "2620000",
            "half": "2",
            "confidence": "0.981001079082489"
        },
        {
            "gameTime": "2 - 2:12",
            "label": "Throw-in",
            "position": "132000",
            "half": "2",
            "confidence": "0.9753329753875732"
        },
        {
            "gameTime": "2 - 14:39",
            "label": "Throw-in",
            "position": "879000",
            "half": "2",
            "confidence": "0.9667807817459106"
        },
        {
            "gameTime": "2 - 2:22",
            "label": "Throw-in",
            "position": "142000",
            "half": "2",
            "confidence": "0.9435368776321411"
        },
        {
            "gameTime": "2 - 46:24",
            "label": "Throw-in",
            "position": "2784500",
            "half": "2",
            "confidence": "0.9410861134529114"
        },
        {
            "gameTime": "2 - 6:38",
            "label": "Throw-in",
            "position": "398000",
            "half": "2",
            "confidence": "0.9156741499900818"
        },
        {
            "gameTime": "2 - 8:11",
            "label": "Throw-in",
            "position": "491000",
            "half": "2",
            "confidence": "0.8989262580871582"
        },
        {
            "gameTime": "2 - 14:49",
            "label": "Throw-in",
            "position": "889000",
            "half": "2",
            "confidence": "0.8978416323661804"
        },
        {
            "gameTime": "2 - 43:29",
            "label": "Throw-in",
            "position": "2609500",
            "half": "2",
            "confidence": "0.883021891117096"
        },
        {
            "gameTime": "2 - 2:35",
            "label": "Throw-in",
            "position": "155000",
            "half": "2",
            "confidence": "0.8788473606109619"
        },
        {
            "gameTime": "2 - 0:29",
            "label": "Throw-in",
            "position": "29500",
            "half": "2",
            "confidence": "0.8720616698265076"
        },
        {
            "gameTime": "2 - 26:30",
            "label": "Throw-in",
            "position": "1590000",
            "half": "2",
            "confidence": "0.8503556251525879"
        },
        {
            "gameTime": "2 - 46:1",
            "label": "Throw-in",
            "position": "2761000",
            "half": "2",
            "confidence": "0.8485462069511414"
        },
        {
            "gameTime": "2 - 49:31",
            "label": "Throw-in",
            "position": "2971000",
            "half": "2",
            "confidence": "0.8382028937339783"
        },
        {
            "gameTime": "2 - 2:45",
            "label": "Throw-in",
            "position": "165000",
            "half": "2",
            "confidence": "0.8266180157661438"
        },
        {
            "gameTime": "2 - 2:1",
            "label": "Throw-in",
            "position": "121500",
            "half": "2",
            "confidence": "0.8221040368080139"
        },
        {
            "gameTime": "2 - 10:41",
            "label": "Throw-in",
            "position": "641500",
            "half": "2",
            "confidence": "0.8098829388618469"
        },
        {
            "gameTime": "2 - 6:48",
            "label": "Throw-in",
            "position": "408000",
            "half": "2",
            "confidence": "0.8020393252372742"
        },
        {
            "gameTime": "2 - 5:56",
            "label": "Throw-in",
            "position": "356000",
            "half": "2",
            "confidence": "0.765877366065979"
        },
        {
            "gameTime": "2 - 26:40",
            "label": "Throw-in",
            "position": "1600000",
            "half": "2",
            "confidence": "0.7518580555915833"
        },
        {
            "gameTime": "2 - 39:21",
            "label": "Throw-in",
            "position": "2361000",
            "half": "2",
            "confidence": "0.7382961511611938"
        },
        {
            "gameTime": "2 - 37:36",
            "label": "Throw-in",
            "position": "2256000",
            "half": "2",
            "confidence": "0.7224220037460327"
        },
        {
            "gameTime": "2 - 14:28",
            "label": "Throw-in",
            "position": "868500",
            "half": "2",
            "confidence": "0.7090725302696228"
        },
        {
            "gameTime": "2 - 0:19",
            "label": "Throw-in",
            "position": "19000",
            "half": "2",
            "confidence": "0.7067705988883972"
        },
        {
            "gameTime": "2 - 49:41",
            "label": "Throw-in",
            "position": "2981000",
            "half": "2",
            "confidence": "0.7048962712287903"
        },
        {
            "gameTime": "2 - 1:51",
            "label": "Throw-in",
            "position": "111000",
            "half": "2",
            "confidence": "0.6970402598381042"
        },
        {
            "gameTime": "2 - 34:12",
            "label": "Throw-in",
            "position": "2052000",
            "half": "2",
            "confidence": "0.6954767107963562"
        },
        {
            "gameTime": "2 - 10:31",
            "label": "Throw-in",
            "position": "631000",
            "half": "2",
            "confidence": "0.6653813719749451"
        },
        {
            "gameTime": "2 - 0:39",
            "label": "Throw-in",
            "position": "39500",
            "half": "2",
            "confidence": "0.6024060249328613"
        },
        {
            "gameTime": "2 - 49:20",
            "label": "Throw-in",
            "position": "2960500",
            "half": "2",
            "confidence": "0.5861272215843201"
        },
        {
            "gameTime": "2 - 28:4",
            "label": "Throw-in",
            "position": "1684500",
            "half": "2",
            "confidence": "0.5818391442298889"
        },
        {
            "gameTime": "2 - 30:56",
            "label": "Throw-in",
            "position": "1856000",
            "half": "2",
            "confidence": "0.5779324173927307"
        },
        {
            "gameTime": "2 - 23:22",
            "label": "Throw-in",
            "position": "1402500",
            "half": "2",
            "confidence": "0.5486798286437988"
        },
        {
            "gameTime": "2 - 49:51",
            "label": "Throw-in",
            "position": "2991000",
            "half": "2",
            "confidence": "0.5249417424201965"
        },
        {
            "gameTime": "2 - 3:13",
            "label": "Throw-in",
            "position": "193500",
            "half": "2",
            "confidence": "0.5246381163597107"
        },
        {
            "gameTime": "2 - 39:10",
            "label": "Throw-in",
            "position": "2350500",
            "half": "2",
            "confidence": "0.5180314779281616"
        },
        {
            "gameTime": "2 - 20:42",
            "label": "Throw-in",
            "position": "1242500",
            "half": "2",
            "confidence": "0.5139027833938599"
        },
        {
            "gameTime": "2 - 28:9",
            "label": "Foul",
            "position": "1689500",
            "half": "2",
            "confidence": "0.9190978407859802"
        },
        {
            "gameTime": "2 - 31:24",
            "label": "Foul",
            "position": "1884500",
            "half": "2",
            "confidence": "0.7639309167861938"
        },
        {
            "gameTime": "2 - 19:39",
            "label": "Foul",
            "position": "1179500",
            "half": "2",
            "confidence": "0.7260841131210327"
        },
        {
            "gameTime": "2 - 1:44",
            "label": "Foul",
            "position": "104500",
            "half": "2",
            "confidence": "0.7169944047927856"
        },
        {
            "gameTime": "2 - 0:53",
            "label": "Foul",
            "position": "53000",
            "half": "2",
            "confidence": "0.7151122093200684"
        },
        {
            "gameTime": "2 - 46:59",
            "label": "Foul",
            "position": "2819000",
            "half": "2",
            "confidence": "0.7142294645309448"
        },
        {
            "gameTime": "2 - 17:56",
            "label": "Foul",
            "position": "1076500",
            "half": "2",
            "confidence": "0.667058527469635"
        },
        {
            "gameTime": "2 - 3:11",
            "label": "Foul",
            "position": "191000",
            "half": "2",
            "confidence": "0.6579377055168152"
        },
        {
            "gameTime": "2 - 28:20",
            "label": "Foul",
            "position": "1700500",
            "half": "2",
            "confidence": "0.6253547668457031"
        },
        {
            "gameTime": "2 - 1:3",
            "label": "Foul",
            "position": "63000",
            "half": "2",
            "confidence": "0.6004320383071899"
        },
        {
            "gameTime": "2 - 12:8",
            "label": "Foul",
            "position": "728500",
            "half": "2",
            "confidence": "0.587234616279602"
        },
        {
            "gameTime": "2 - 46:44",
            "label": "Foul",
            "position": "2804500",
            "half": "2",
            "confidence": "0.5385810732841492"
        },
        {
            "gameTime": "2 - 18:9",
            "label": "Foul",
            "position": "1089000",
            "half": "2",
            "confidence": "0.5319572687149048"
        },
        {
            "gameTime": "2 - 45:48",
            "label": "Foul",
            "position": "2748500",
            "half": "2",
            "confidence": "0.5289689898490906"
        },
        {
            "gameTime": "2 - 33:4",
            "label": "Foul",
            "position": "1984000",
            "half": "2",
            "confidence": "0.5255188941955566"
        },
        {
            "gameTime": "2 - 1:55",
            "label": "Foul",
            "position": "115000",
            "half": "2",
            "confidence": "0.5193013548851013"
        },
        {
            "gameTime": "2 - 3:21",
            "label": "Foul",
            "position": "201000",
            "half": "2",
            "confidence": "0.5118141174316406"
        },
        {
            "gameTime": "2 - 1:21",
            "label": "Indirect free-kick",
            "position": "81000",
            "half": "2",
            "confidence": "0.7878051996231079"
        },
        {
            "gameTime": "2 - 15:47",
            "label": "Indirect free-kick",
            "position": "947000",
            "half": "2",
            "confidence": "0.7411572933197021"
        },
        {
            "gameTime": "2 - 16:22",
            "label": "Indirect free-kick",
            "position": "982500",
            "half": "2",
            "confidence": "0.681420087814331"
        },
        {
            "gameTime": "2 - 44:28",
            "label": "Indirect free-kick",
            "position": "2668500",
            "half": "2",
            "confidence": "0.6077302694320679"
        },
        {
            "gameTime": "2 - 32:10",
            "label": "Indirect free-kick",
            "position": "1930500",
            "half": "2",
            "confidence": "0.6070742011070251"
        },
        {
            "gameTime": "2 - 3:43",
            "label": "Indirect free-kick",
            "position": "223500",
            "half": "2",
            "confidence": "0.5861141681671143"
        },
        {
            "gameTime": "2 - 0:57",
            "label": "Indirect free-kick",
            "position": "57500",
            "half": "2",
            "confidence": "0.5722659826278687"
        },
        {
            "gameTime": "2 - 10:11",
            "label": "Indirect free-kick",
            "position": "611500",
            "half": "2",
            "confidence": "0.550235390663147"
        },
        {
            "gameTime": "2 - 27:50",
            "label": "Indirect free-kick",
            "position": "1670500",
            "half": "2",
            "confidence": "0.5175423622131348"
        },
        {
            "gameTime": "2 - 1:31",
            "label": "Indirect free-kick",
            "position": "91000",
            "half": "2",
            "confidence": "0.5095144510269165"
        },
        {
            "gameTime": "2 - 18:54",
            "label": "Direct free-kick",
            "position": "1134000",
            "half": "2",
            "confidence": "0.9957875609397888"
        },
        {
            "gameTime": "2 - 19:4",
            "label": "Direct free-kick",
            "position": "1144000",
            "half": "2",
            "confidence": "0.7348690629005432"
        },
        {
            "gameTime": "2 - 47:52",
            "label": "Direct free-kick",
            "position": "2872500",
            "half": "2",
            "confidence": "0.520485520362854"
        },
        {
            "gameTime": "2 - 5:12",
            "label": "Corner",
            "position": "312000",
            "half": "2",
            "confidence": "0.989096999168396"
        },
        {
            "gameTime": "2 - 47:57",
            "label": "Corner",
            "position": "2877000",
            "half": "2",
            "confidence": "0.9845113754272461"
        },
        {
            "gameTime": "2 - 41:58",
            "label": "Corner",
            "position": "2518000",
            "half": "2",
            "confidence": "0.9809548854827881"
        },
        {
            "gameTime": "2 - 13:34",
            "label": "Corner",
            "position": "814500",
            "half": "2",
            "confidence": "0.972529411315918"
        },
        {
            "gameTime": "2 - 48:7",
            "label": "Corner",
            "position": "2887000",
            "half": "2",
            "confidence": "0.9697220921516418"
        },
        {
            "gameTime": "2 - 8:55",
            "label": "Corner",
            "position": "535000",
            "half": "2",
            "confidence": "0.9191179871559143"
        },
        {
            "gameTime": "2 - 42:8",
            "label": "Corner",
            "position": "2528000",
            "half": "2",
            "confidence": "0.8719342350959778"
        },
        {
            "gameTime": "2 - 5:22",
            "label": "Corner",
            "position": "322000",
            "half": "2",
            "confidence": "0.7828004956245422"
        },
        {
            "gameTime": "2 - 12:58",
            "label": "Corner",
            "position": "778000",
            "half": "2",
            "confidence": "0.7571689486503601"
        },
        {
            "gameTime": "2 - 41:7",
            "label": "Corner",
            "position": "2467000",
            "half": "2",
            "confidence": "0.7522018551826477"
        },
        {
            "gameTime": "2 - 8:44",
            "label": "Corner",
            "position": "524000",
            "half": "2",
            "confidence": "0.7437286972999573"
        },
        {
            "gameTime": "2 - 13:8",
            "label": "Corner",
            "position": "788000",
            "half": "2",
            "confidence": "0.6769633889198303"
        },
        {
            "gameTime": "2 - 18:50",
            "label": "Corner",
            "position": "1130000",
            "half": "2",
            "confidence": "0.6241979002952576"
        },
        {
            "gameTime": "2 - 9:7",
            "label": "Corner",
            "position": "547500",
            "half": "2",
            "confidence": "0.5485956072807312"
        },
        {
            "gameTime": "2 - 28:16",
            "label": "Yellow card",
            "position": "1696500",
            "half": "2",
            "confidence": "0.893524169921875"
        },
        {
            "gameTime": "2 - 31:27",
            "label": "Yellow card",
            "position": "1887500",
            "half": "2",
            "confidence": "0.6800272464752197"
        }
    ]
}