{
    "UrlLocal": "italy_serie-a/2016-2017/2016-08-20 - 18-00 Juventus 2 - 1 Fiorentina",
    "predictions": [
        {
            "gameTime": "1 - 0:0",
            "label": "Kick-off",
            "position": "0",
            "half": "1",
            "confidence": "0.9932929277420044"
        },
        {
            "gameTime": "1 - 36:59",
            "label": "Kick-off",
            "position": "2219000",
            "half": "1",
            "confidence": "0.9715179800987244"
        },
        {
            "gameTime": "1 - 37:9",
            "label": "Kick-off",
            "position": "2229000",
            "half": "1",
            "confidence": "0.8312637209892273"
        },
        {
            "gameTime": "1 - 0:10",
            "label": "Kick-off",
            "position": "10000",
            "half": "1",
            "confidence": "0.5158334970474243"
        },
        {
            "gameTime": "1 - 36:24",
            "label": "Goal",
            "position": "2184500",
            "half": "1",
            "confidence": "0.9966034889221191"
        },
        {
            "gameTime": "1 - 36:14",
            "label": "Goal",
            "position": "2174000",
            "half": "1",
            "confidence": "0.9171695709228516"
        },
        {
            "gameTime": "1 - 35:24",
            "label": "Substitution",
            "position": "2124500",
            "half": "1",
            "confidence": "0.7812296748161316"
        },
        {
            "gameTime": "1 - 45:55",
            "label": "Substitution",
            "position": "2755500",
            "half": "1",
            "confidence": "0.6168609261512756"
        },
        {
            "gameTime": "1 - 20:58",
            "label": "Substitution",
            "position": "1258000",
            "half": "1",
            "confidence": "0.5909408330917358"
        },
        {
            "gameTime": "1 - 36:23",
            "label": "Shots on target",
            "position": "2183500",
            "half": "1",
            "confidence": "0.8802574872970581"
        },
        {
            "gameTime": "1 - 39:55",
            "label": "Shots on target",
            "position": "2395000",
            "half": "1",
            "confidence": "0.6356583833694458"
        },
        {
            "gameTime": "1 - 36:13",
            "label": "Shots on target",
            "position": "2173000",
            "half": "1",
            "confidence": "0.6073164939880371"
        },
        {
            "gameTime": "1 - 40:5",
            "label": "Shots on target",
            "position": "2405500",
            "half": "1",
            "confidence": "0.6073087453842163"
        },
        {
            "gameTime": "1 - 21:57",
            "label": "Shots on target",
            "position": "1317000",
            "half": "1",
            "confidence": "0.5084376931190491"
        },
        {
            "gameTime": "1 - 44:2",
            "label": "Shots on target",
            "position": "2642000",
            "half": "1",
            "confidence": "0.5060677528381348"
        },
        {
            "gameTime": "1 - 29:25",
            "label": "Shots off target",
            "position": "1765500",
            "half": "1",
            "confidence": "0.8800658583641052"
        },
        {
            "gameTime": "1 - 3:31",
            "label": "Shots off target",
            "position": "211000",
            "half": "1",
            "confidence": "0.7835012674331665"
        },
        {
            "gameTime": "1 - 40:6",
            "label": "Shots off target",
            "position": "2406000",
            "half": "1",
            "confidence": "0.6571843028068542"
        },
        {
            "gameTime": "1 - 1:22",
            "label": "Shots off target",
            "position": "82000",
            "half": "1",
            "confidence": "0.6312369108200073"
        },
        {
            "gameTime": "1 - 33:22",
            "label": "Shots off target",
            "position": "2002000",
            "half": "1",
            "confidence": "0.5600568652153015"
        },
        {
            "gameTime": "1 - 44:3",
            "label": "Shots off target",
            "position": "2643000",
            "half": "1",
            "confidence": "0.539097785949707"
        },
        {
            "gameTime": "1 - 21:5",
            "label": "Clearance",
            "position": "1265500",
            "half": "1",
            "confidence": "0.8521623611450195"
        },
        {
            "gameTime": "1 - 37:4",
            "label": "Clearance",
            "position": "2224000",
            "half": "1",
            "confidence": "0.777003824710846"
        },
        {
            "gameTime": "1 - 43:2",
            "label": "Clearance",
            "position": "2582000",
            "half": "1",
            "confidence": "0.74456387758255"
        },
        {
            "gameTime": "1 - 30:0",
            "label": "Clearance",
            "position": "1800000",
            "half": "1",
            "confidence": "0.7007461190223694"
        },
        {
            "gameTime": "1 - 18:36",
            "label": "Clearance",
            "position": "1116500",
            "half": "1",
            "confidence": "0.6647608876228333"
        },
        {
            "gameTime": "1 - 28:29",
            "label": "Clearance",
            "position": "1709500",
            "half": "1",
            "confidence": "0.6412135362625122"
        },
        {
            "gameTime": "1 - 18:48",
            "label": "Clearance",
            "position": "1128500",
            "half": "1",
            "confidence": "0.6058598160743713"
        },
        {
            "gameTime": "1 - 3:44",
            "label": "Clearance",
            "position": "224000",
            "half": "1",
            "confidence": "0.5746235251426697"
        },
        {
            "gameTime": "1 - 40:19",
            "label": "Clearance",
            "position": "2419000",
            "half": "1",
            "confidence": "0.5532023906707764"
        },
        {
            "gameTime": "1 - 29:43",
            "label": "Clearance",
            "position": "1783500",
            "half": "1",
            "confidence": "0.5083615779876709"
        },
        {
            "gameTime": "1 - 10:2",
            "label": "Clearance",
            "position": "602000",
            "half": "1",
            "confidence": "0.5070925354957581"
        },
        {
            "gameTime": "1 - 42:34",
            "label": "Clearance",
            "position": "2554000",
            "half": "1",
            "confidence": "0.5040470957756042"
        },
        {
            "gameTime": "1 - 32:23",
            "label": "Ball out of play",
            "position": "1943000",
            "half": "1",
            "confidence": "0.9540047645568848"
        },
        {
            "gameTime": "1 - 18:9",
            "label": "Ball out of play",
            "position": "1089500",
            "half": "1",
            "confidence": "0.9511375427246094"
        },
        {
            "gameTime": "1 - 32:33",
            "label": "Ball out of play",
            "position": "1953000",
            "half": "1",
            "confidence": "0.9252970814704895"
        },
        {
            "gameTime": "1 - 35:16",
            "label": "Ball out of play",
            "position": "2116500",
            "half": "1",
            "confidence": "0.9195346236228943"
        },
        {
            "gameTime": "1 - 35:4",
            "label": "Ball out of play",
            "position": "2104000",
            "half": "1",
            "confidence": "0.9176715612411499"
        },
        {
            "gameTime": "1 - 5:58",
            "label": "Ball out of play",
            "position": "358500",
            "half": "1",
            "confidence": "0.9055142402648926"
        },
        {
            "gameTime": "1 - 44:52",
            "label": "Ball out of play",
            "position": "2692500",
            "half": "1",
            "confidence": "0.9020338654518127"
        },
        {
            "gameTime": "1 - 43:52",
            "label": "Ball out of play",
            "position": "2632500",
            "half": "1",
            "confidence": "0.8919650316238403"
        },
        {
            "gameTime": "1 - 17:59",
            "label": "Ball out of play",
            "position": "1079000",
            "half": "1",
            "confidence": "0.8653512001037598"
        },
        {
            "gameTime": "1 - 11:55",
            "label": "Ball out of play",
            "position": "715000",
            "half": "1",
            "confidence": "0.8528695106506348"
        },
        {
            "gameTime": "1 - 20:53",
            "label": "Ball out of play",
            "position": "1253500",
            "half": "1",
            "confidence": "0.84808748960495"
        },
        {
            "gameTime": "1 - 3:32",
            "label": "Ball out of play",
            "position": "212500",
            "half": "1",
            "confidence": "0.8459879159927368"
        },
        {
            "gameTime": "1 - 14:34",
            "label": "Ball out of play",
            "position": "874000",
            "half": "1",
            "confidence": "0.844350278377533"
        },
        {
            "gameTime": "1 - 33:23",
            "label": "Ball out of play",
            "position": "2003500",
            "half": "1",
            "confidence": "0.8359307646751404"
        },
        {
            "gameTime": "1 - 18:21",
            "label": "Ball out of play",
            "position": "1101500",
            "half": "1",
            "confidence": "0.8344927430152893"
        },
        {
            "gameTime": "1 - 29:25",
            "label": "Ball out of play",
            "position": "1765500",
            "half": "1",
            "confidence": "0.8295366168022156"
        },
        {
            "gameTime": "1 - 45:9",
            "label": "Ball out of play",
            "position": "2709500",
            "half": "1",
            "confidence": "0.8181596994400024"
        },
        {
            "gameTime": "1 - 4:47",
            "label": "Ball out of play",
            "position": "287000",
            "half": "1",
            "confidence": "0.8146892786026001"
        },
        {
            "gameTime": "1 - 41:53",
            "label": "Ball out of play",
            "position": "2513500",
            "half": "1",
            "confidence": "0.8131430149078369"
        },
        {
            "gameTime": "1 - 6:43",
            "label": "Ball out of play",
            "position": "403500",
            "half": "1",
            "confidence": "0.8114926218986511"
        },
        {
            "gameTime": "1 - 44:4",
            "label": "Ball out of play",
            "position": "2644500",
            "half": "1",
            "confidence": "0.8093019127845764"
        },
        {
            "gameTime": "1 - 41:34",
            "label": "Ball out of play",
            "position": "2494000",
            "half": "1",
            "confidence": "0.80910325050354"
        },
        {
            "gameTime": "1 - 25:17",
            "label": "Ball out of play",
            "position": "1517500",
            "half": "1",
            "confidence": "0.7945593595504761"
        },
        {
            "gameTime": "1 - 6:29",
            "label": "Ball out of play",
            "position": "389500",
            "half": "1",
            "confidence": "0.7831664681434631"
        },
        {
            "gameTime": "1 - 25:6",
            "label": "Ball out of play",
            "position": "1506000",
            "half": "1",
            "confidence": "0.7811552882194519"
        },
        {
            "gameTime": "1 - 7:4",
            "label": "Ball out of play",
            "position": "424500",
            "half": "1",
            "confidence": "0.7641239166259766"
        },
        {
            "gameTime": "1 - 41:15",
            "label": "Ball out of play",
            "position": "2475000",
            "half": "1",
            "confidence": "0.7612001299858093"
        },
        {
            "gameTime": "1 - 4:35",
            "label": "Ball out of play",
            "position": "275500",
            "half": "1",
            "confidence": "0.7480509877204895"
        },
        {
            "gameTime": "1 - 19:5",
            "label": "Ball out of play",
            "position": "1145000",
            "half": "1",
            "confidence": "0.7426537275314331"
        },
        {
            "gameTime": "1 - 12:40",
            "label": "Ball out of play",
            "position": "760000",
            "half": "1",
            "confidence": "0.732207179069519"
        },
        {
            "gameTime": "1 - 40:47",
            "label": "Ball out of play",
            "position": "2447500",
            "half": "1",
            "confidence": "0.7299599647521973"
        },
        {
            "gameTime": "1 - 44:37",
            "label": "Ball out of play",
            "position": "2677000",
            "half": "1",
            "confidence": "0.7272874712944031"
        },
        {
            "gameTime": "1 - 23:1",
            "label": "Ball out of play",
            "position": "1381500",
            "half": "1",
            "confidence": "0.7258466482162476"
        },
        {
            "gameTime": "1 - 10:40",
            "label": "Ball out of play",
            "position": "640500",
            "half": "1",
            "confidence": "0.7248501777648926"
        },
        {
            "gameTime": "1 - 24:0",
            "label": "Ball out of play",
            "position": "1440000",
            "half": "1",
            "confidence": "0.7173610925674438"
        },
        {
            "gameTime": "1 - 26:46",
            "label": "Ball out of play",
            "position": "1606500",
            "half": "1",
            "confidence": "0.7156516313552856"
        },
        {
            "gameTime": "1 - 11:44",
            "label": "Ball out of play",
            "position": "704500",
            "half": "1",
            "confidence": "0.7115914821624756"
        },
        {
            "gameTime": "1 - 7:14",
            "label": "Ball out of play",
            "position": "434500",
            "half": "1",
            "confidence": "0.7056961059570312"
        },
        {
            "gameTime": "1 - 14:44",
            "label": "Ball out of play",
            "position": "884500",
            "half": "1",
            "confidence": "0.7012584805488586"
        },
        {
            "gameTime": "1 - 1:22",
            "label": "Ball out of play",
            "position": "82000",
            "half": "1",
            "confidence": "0.6933878660202026"
        },
        {
            "gameTime": "1 - 3:22",
            "label": "Ball out of play",
            "position": "202000",
            "half": "1",
            "confidence": "0.6857345104217529"
        },
        {
            "gameTime": "1 - 3:56",
            "label": "Ball out of play",
            "position": "236000",
            "half": "1",
            "confidence": "0.6821774840354919"
        },
        {
            "gameTime": "1 - 26:33",
            "label": "Ball out of play",
            "position": "1593000",
            "half": "1",
            "confidence": "0.6769500970840454"
        },
        {
            "gameTime": "1 - 19:57",
            "label": "Ball out of play",
            "position": "1197000",
            "half": "1",
            "confidence": "0.6635493636131287"
        },
        {
            "gameTime": "1 - 40:10",
            "label": "Ball out of play",
            "position": "2410000",
            "half": "1",
            "confidence": "0.663174033164978"
        },
        {
            "gameTime": "1 - 25:44",
            "label": "Ball out of play",
            "position": "1544500",
            "half": "1",
            "confidence": "0.6517964601516724"
        },
        {
            "gameTime": "1 - 12:29",
            "label": "Ball out of play",
            "position": "749500",
            "half": "1",
            "confidence": "0.6400100588798523"
        },
        {
            "gameTime": "1 - 10:53",
            "label": "Ball out of play",
            "position": "653500",
            "half": "1",
            "confidence": "0.6278091669082642"
        },
        {
            "gameTime": "1 - 36:11",
            "label": "Ball out of play",
            "position": "2171000",
            "half": "1",
            "confidence": "0.624178946018219"
        },
        {
            "gameTime": "1 - 20:43",
            "label": "Ball out of play",
            "position": "1243000",
            "half": "1",
            "confidence": "0.616982102394104"
        },
        {
            "gameTime": "1 - 4:6",
            "label": "Ball out of play",
            "position": "246000",
            "half": "1",
            "confidence": "0.6042631268501282"
        },
        {
            "gameTime": "1 - 9:33",
            "label": "Ball out of play",
            "position": "573500",
            "half": "1",
            "confidence": "0.5930296182632446"
        },
        {
            "gameTime": "1 - 34:53",
            "label": "Ball out of play",
            "position": "2093500",
            "half": "1",
            "confidence": "0.5841172337532043"
        },
        {
            "gameTime": "1 - 35:32",
            "label": "Ball out of play",
            "position": "2132500",
            "half": "1",
            "confidence": "0.5689935088157654"
        },
        {
            "gameTime": "1 - 6:53",
            "label": "Ball out of play",
            "position": "413500",
            "half": "1",
            "confidence": "0.5679424405097961"
        },
        {
            "gameTime": "1 - 21:59",
            "label": "Ball out of play",
            "position": "1319000",
            "half": "1",
            "confidence": "0.5529560446739197"
        },
        {
            "gameTime": "1 - 39:56",
            "label": "Ball out of play",
            "position": "2396000",
            "half": "1",
            "confidence": "0.5475531816482544"
        },
        {
            "gameTime": "1 - 10:30",
            "label": "Ball out of play",
            "position": "630000",
            "half": "1",
            "confidence": "0.5277353525161743"
        },
        {
            "gameTime": "1 - 9:22",
            "label": "Ball out of play",
            "position": "562000",
            "half": "1",
            "confidence": "0.519189178943634"
        },
        {
            "gameTime": "1 - 28:15",
            "label": "Ball out of play",
            "position": "1695000",
            "half": "1",
            "confidence": "0.5178731083869934"
        },
        {
            "gameTime": "1 - 10:15",
            "label": "Ball out of play",
            "position": "615000",
            "half": "1",
            "confidence": "0.5118980407714844"
        },
        {
            "gameTime": "1 - 11:55",
            "label": "Throw-in",
            "position": "715000",
            "half": "1",
            "confidence": "0.9977165460586548"
        },
        {
            "gameTime": "1 - 44:55",
            "label": "Throw-in",
            "position": "2695500",
            "half": "1",
            "confidence": "0.9973650574684143"
        },
        {
            "gameTime": "1 - 45:10",
            "label": "Throw-in",
            "position": "2710000",
            "half": "1",
            "confidence": "0.9899023771286011"
        },
        {
            "gameTime": "1 - 11:44",
            "label": "Throw-in",
            "position": "704500",
            "half": "1",
            "confidence": "0.9896239638328552"
        },
        {
            "gameTime": "1 - 32:34",
            "label": "Throw-in",
            "position": "1954500",
            "half": "1",
            "confidence": "0.971883237361908"
        },
        {
            "gameTime": "1 - 6:21",
            "label": "Throw-in",
            "position": "381000",
            "half": "1",
            "confidence": "0.9677222967147827"
        },
        {
            "gameTime": "1 - 32:23",
            "label": "Throw-in",
            "position": "1943500",
            "half": "1",
            "confidence": "0.9674522280693054"
        },
        {
            "gameTime": "1 - 14:49",
            "label": "Throw-in",
            "position": "889500",
            "half": "1",
            "confidence": "0.9615143537521362"
        },
        {
            "gameTime": "1 - 44:38",
            "label": "Throw-in",
            "position": "2678500",
            "half": "1",
            "confidence": "0.9601595997810364"
        },
        {
            "gameTime": "1 - 14:36",
            "label": "Throw-in",
            "position": "876500",
            "half": "1",
            "confidence": "0.9554189443588257"
        },
        {
            "gameTime": "1 - 19:14",
            "label": "Throw-in",
            "position": "1154000",
            "half": "1",
            "confidence": "0.9521119594573975"
        },
        {
            "gameTime": "1 - 18:59",
            "label": "Throw-in",
            "position": "1139000",
            "half": "1",
            "confidence": "0.9449924230575562"
        },
        {
            "gameTime": "1 - 20:10",
            "label": "Throw-in",
            "position": "1210500",
            "half": "1",
            "confidence": "0.9399314522743225"
        },
        {
            "gameTime": "1 - 6:59",
            "label": "Throw-in",
            "position": "419000",
            "half": "1",
            "confidence": "0.9304267764091492"
        },
        {
            "gameTime": "1 - 44:28",
            "label": "Throw-in",
            "position": "2668000",
            "half": "1",
            "confidence": "0.9250512719154358"
        },
        {
            "gameTime": "1 - 4:38",
            "label": "Throw-in",
            "position": "278500",
            "half": "1",
            "confidence": "0.8984827399253845"
        },
        {
            "gameTime": "1 - 4:2",
            "label": "Throw-in",
            "position": "242500",
            "half": "1",
            "confidence": "0.874409556388855"
        },
        {
            "gameTime": "1 - 25:2",
            "label": "Throw-in",
            "position": "1502000",
            "half": "1",
            "confidence": "0.8688750267028809"
        },
        {
            "gameTime": "1 - 20:0",
            "label": "Throw-in",
            "position": "1200000",
            "half": "1",
            "confidence": "0.8673874139785767"
        },
        {
            "gameTime": "1 - 11:21",
            "label": "Throw-in",
            "position": "681500",
            "half": "1",
            "confidence": "0.855850100517273"
        },
        {
            "gameTime": "1 - 25:17",
            "label": "Throw-in",
            "position": "1517000",
            "half": "1",
            "confidence": "0.8532846570014954"
        },
        {
            "gameTime": "1 - 6:45",
            "label": "Throw-in",
            "position": "405000",
            "half": "1",
            "confidence": "0.8251005411148071"
        },
        {
            "gameTime": "1 - 6:7",
            "label": "Throw-in",
            "position": "367000",
            "half": "1",
            "confidence": "0.8102559447288513"
        },
        {
            "gameTime": "1 - 41:34",
            "label": "Throw-in",
            "position": "2494000",
            "half": "1",
            "confidence": "0.7925916910171509"
        },
        {
            "gameTime": "1 - 18:3",
            "label": "Throw-in",
            "position": "1083000",
            "half": "1",
            "confidence": "0.7867506742477417"
        },
        {
            "gameTime": "1 - 42:39",
            "label": "Throw-in",
            "position": "2559000",
            "half": "1",
            "confidence": "0.7668642401695251"
        },
        {
            "gameTime": "1 - 41:15",
            "label": "Throw-in",
            "position": "2475000",
            "half": "1",
            "confidence": "0.7638506889343262"
        },
        {
            "gameTime": "1 - 10:42",
            "label": "Throw-in",
            "position": "642000",
            "half": "1",
            "confidence": "0.7512932419776917"
        },
        {
            "gameTime": "1 - 6:31",
            "label": "Throw-in",
            "position": "391000",
            "half": "1",
            "confidence": "0.75118488073349"
        },
        {
            "gameTime": "1 - 7:10",
            "label": "Throw-in",
            "position": "430000",
            "half": "1",
            "confidence": "0.7197036147117615"
        },
        {
            "gameTime": "1 - 10:52",
            "label": "Throw-in",
            "position": "652000",
            "half": "1",
            "confidence": "0.6940131783485413"
        },
        {
            "gameTime": "1 - 41:53",
            "label": "Throw-in",
            "position": "2513500",
            "half": "1",
            "confidence": "0.6893545389175415"
        },
        {
            "gameTime": "1 - 23:1",
            "label": "Throw-in",
            "position": "1381000",
            "half": "1",
            "confidence": "0.6681438088417053"
        },
        {
            "gameTime": "1 - 38:46",
            "label": "Throw-in",
            "position": "2326500",
            "half": "1",
            "confidence": "0.6543926000595093"
        },
        {
            "gameTime": "1 - 25:29",
            "label": "Throw-in",
            "position": "1529500",
            "half": "1",
            "confidence": "0.6446064114570618"
        },
        {
            "gameTime": "1 - 12:43",
            "label": "Throw-in",
            "position": "763000",
            "half": "1",
            "confidence": "0.5946000218391418"
        },
        {
            "gameTime": "1 - 35:32",
            "label": "Throw-in",
            "position": "2132500",
            "half": "1",
            "confidence": "0.5743799209594727"
        },
        {
            "gameTime": "1 - 35:1",
            "label": "Throw-in",
            "position": "2101500",
            "half": "1",
            "confidence": "0.5739546418190002"
        },
        {
            "gameTime": "1 - 10:31",
            "label": "Throw-in",
            "position": "631500",
            "half": "1",
            "confidence": "0.5409639477729797"
        },
        {
            "gameTime": "1 - 4:48",
            "label": "Throw-in",
            "position": "288500",
            "half": "1",
            "confidence": "0.5278242230415344"
        },
        {
            "gameTime": "1 - 25:39",
            "label": "Throw-in",
            "position": "1539500",
            "half": "1",
            "confidence": "0.5200754404067993"
        },
        {
            "gameTime": "1 - 22:9",
            "label": "Foul",
            "position": "1329000",
            "half": "1",
            "confidence": "0.8954513669013977"
        },
        {
            "gameTime": "1 - 39:1",
            "label": "Foul",
            "position": "2341000",
            "half": "1",
            "confidence": "0.8919318914413452"
        },
        {
            "gameTime": "1 - 32:43",
            "label": "Foul",
            "position": "1963500",
            "half": "1",
            "confidence": "0.8823379874229431"
        },
        {
            "gameTime": "1 - 23:8",
            "label": "Foul",
            "position": "1388500",
            "half": "1",
            "confidence": "0.8144752383232117"
        },
        {
            "gameTime": "1 - 0:19",
            "label": "Foul",
            "position": "19000",
            "half": "1",
            "confidence": "0.7785251140594482"
        },
        {
            "gameTime": "1 - 43:7",
            "label": "Foul",
            "position": "2587500",
            "half": "1",
            "confidence": "0.7165998816490173"
        },
        {
            "gameTime": "1 - 38:7",
            "label": "Foul",
            "position": "2287000",
            "half": "1",
            "confidence": "0.6920096278190613"
        },
        {
            "gameTime": "1 - 7:5",
            "label": "Foul",
            "position": "425500",
            "half": "1",
            "confidence": "0.6302686333656311"
        },
        {
            "gameTime": "1 - 7:19",
            "label": "Foul",
            "position": "439000",
            "half": "1",
            "confidence": "0.5469111800193787"
        },
        {
            "gameTime": "1 - 44:35",
            "label": "Foul",
            "position": "2675500",
            "half": "1",
            "confidence": "0.5204280614852905"
        },
        {
            "gameTime": "1 - 32:43",
            "label": "Indirect free-kick",
            "position": "1963500",
            "half": "1",
            "confidence": "0.6427955031394958"
        },
        {
            "gameTime": "1 - 39:5",
            "label": "Indirect free-kick",
            "position": "2345000",
            "half": "1",
            "confidence": "0.5791564583778381"
        },
        {
            "gameTime": "1 - 7:21",
            "label": "Indirect free-kick",
            "position": "441500",
            "half": "1",
            "confidence": "0.5198979377746582"
        },
        {
            "gameTime": "1 - 38:41",
            "label": "Indirect free-kick",
            "position": "2321500",
            "half": "1",
            "confidence": "0.5172349810600281"
        },
        {
            "gameTime": "1 - 1:23",
            "label": "Direct free-kick",
            "position": "83000",
            "half": "1",
            "confidence": "0.9498888254165649"
        },
        {
            "gameTime": "1 - 23:54",
            "label": "Direct free-kick",
            "position": "1434500",
            "half": "1",
            "confidence": "0.8229140639305115"
        },
        {
            "gameTime": "1 - 37:46",
            "label": "Direct free-kick",
            "position": "2266500",
            "half": "1",
            "confidence": "0.5339956283569336"
        },
        {
            "gameTime": "1 - 24:4",
            "label": "Direct free-kick",
            "position": "1444500",
            "half": "1",
            "confidence": "0.5096520781517029"
        },
        {
            "gameTime": "1 - 13:59",
            "label": "Corner",
            "position": "839500",
            "half": "1",
            "confidence": "0.958034336566925"
        },
        {
            "gameTime": "1 - 33:27",
            "label": "Corner",
            "position": "2007000",
            "half": "1",
            "confidence": "0.5195198655128479"
        },
        {
            "gameTime": "1 - 38:11",
            "label": "Yellow card",
            "position": "2291000",
            "half": "1",
            "confidence": "0.8782560229301453"
        },
        {
            "gameTime": "1 - 38:21",
            "label": "Yellow card",
            "position": "2301000",
            "half": "1",
            "confidence": "0.805881679058075"
        },
        {
            "gameTime": "2 - 30:3",
            "label": "Kick-off",
            "position": "1803500",
            "half": "2",
            "confidence": "0.9726489782333374"
        },
        {
            "gameTime": "2 - 25:54",
            "label": "Kick-off",
            "position": "1554500",
            "half": "2",
            "confidence": "0.9504062533378601"
        },
        {
            "gameTime": "2 - 30:13",
            "label": "Kick-off",
            "position": "1813500",
            "half": "2",
            "confidence": "0.9465399384498596"
        },
        {
            "gameTime": "2 - 0:0",
            "label": "Kick-off",
            "position": "0",
            "half": "2",
            "confidence": "0.9214803576469421"
        },
        {
            "gameTime": "2 - 25:39",
            "label": "Kick-off",
            "position": "1539000",
            "half": "2",
            "confidence": "0.9069443941116333"
        },
        {
            "gameTime": "2 - 29:6",
            "label": "Goal",
            "position": "1746000",
            "half": "2",
            "confidence": "0.9957125186920166"
        },
        {
            "gameTime": "2 - 24:58",
            "label": "Goal",
            "position": "1498500",
            "half": "2",
            "confidence": "0.9948784112930298"
        },
        {
            "gameTime": "2 - 24:48",
            "label": "Goal",
            "position": "1488000",
            "half": "2",
            "confidence": "0.8739463090896606"
        },
        {
            "gameTime": "2 - 49:44",
            "label": "Goal",
            "position": "2984000",
            "half": "2",
            "confidence": "0.5301847457885742"
        },
        {
            "gameTime": "2 - 42:43",
            "label": "Substitution",
            "position": "2563500",
            "half": "2",
            "confidence": "0.9150059223175049"
        },
        {
            "gameTime": "2 - 39:5",
            "label": "Substitution",
            "position": "2345500",
            "half": "2",
            "confidence": "0.8774561285972595"
        },
        {
            "gameTime": "2 - 34:27",
            "label": "Substitution",
            "position": "2067000",
            "half": "2",
            "confidence": "0.8381667733192444"
        },
        {
            "gameTime": "2 - 20:23",
            "label": "Substitution",
            "position": "1223000",
            "half": "2",
            "confidence": "0.8364248871803284"
        },
        {
            "gameTime": "2 - 19:11",
            "label": "Substitution",
            "position": "1151500",
            "half": "2",
            "confidence": "0.805799126625061"
        },
        {
            "gameTime": "2 - 49:44",
            "label": "Shots on target",
            "position": "2984000",
            "half": "2",
            "confidence": "0.8677420020103455"
        },
        {
            "gameTime": "2 - 24:58",
            "label": "Shots on target",
            "position": "1498500",
            "half": "2",
            "confidence": "0.8516570925712585"
        },
        {
            "gameTime": "2 - 29:6",
            "label": "Shots on target",
            "position": "1746000",
            "half": "2",
            "confidence": "0.6727741360664368"
        },
        {
            "gameTime": "2 - 9:38",
            "label": "Shots on target",
            "position": "578500",
            "half": "2",
            "confidence": "0.6481719017028809"
        },
        {
            "gameTime": "2 - 35:12",
            "label": "Shots on target",
            "position": "2112500",
            "half": "2",
            "confidence": "0.6240634322166443"
        },
        {
            "gameTime": "2 - 40:30",
            "label": "Shots on target",
            "position": "2430000",
            "half": "2",
            "confidence": "0.5665481090545654"
        },
        {
            "gameTime": "2 - 9:31",
            "label": "Shots off target",
            "position": "571000",
            "half": "2",
            "confidence": "0.8896943926811218"
        },
        {
            "gameTime": "2 - 40:19",
            "label": "Shots off target",
            "position": "2419500",
            "half": "2",
            "confidence": "0.8013959527015686"
        },
        {
            "gameTime": "2 - 36:7",
            "label": "Shots off target",
            "position": "2167000",
            "half": "2",
            "confidence": "0.7485021948814392"
        },
        {
            "gameTime": "2 - 35:25",
            "label": "Shots off target",
            "position": "2125000",
            "half": "2",
            "confidence": "0.7367944121360779"
        },
        {
            "gameTime": "2 - 40:30",
            "label": "Shots off target",
            "position": "2430000",
            "half": "2",
            "confidence": "0.695588231086731"
        },
        {
            "gameTime": "2 - 49:48",
            "label": "Shots off target",
            "position": "2988000",
            "half": "2",
            "confidence": "0.6916840672492981"
        },
        {
            "gameTime": "2 - 9:41",
            "label": "Shots off target",
            "position": "581000",
            "half": "2",
            "confidence": "0.6775689125061035"
        },
        {
            "gameTime": "2 - 36:36",
            "label": "Shots off target",
            "position": "2196500",
            "half": "2",
            "confidence": "0.5407470464706421"
        },
        {
            "gameTime": "2 - 4:11",
            "label": "Clearance",
            "position": "251500",
            "half": "2",
            "confidence": "0.8615119457244873"
        },
        {
            "gameTime": "2 - 4:59",
            "label": "Clearance",
            "position": "299000",
            "half": "2",
            "confidence": "0.7795422077178955"
        },
        {
            "gameTime": "2 - 40:38",
            "label": "Clearance",
            "position": "2438000",
            "half": "2",
            "confidence": "0.6727007627487183"
        },
        {
            "gameTime": "2 - 4:21",
            "label": "Clearance",
            "position": "261500",
            "half": "2",
            "confidence": "0.6134020686149597"
        },
        {
            "gameTime": "2 - 36:12",
            "label": "Ball out of play",
            "position": "2172500",
            "half": "2",
            "confidence": "0.9209433794021606"
        },
        {
            "gameTime": "2 - 36:1",
            "label": "Ball out of play",
            "position": "2161500",
            "half": "2",
            "confidence": "0.9201436042785645"
        },
        {
            "gameTime": "2 - 20:41",
            "label": "Ball out of play",
            "position": "1241500",
            "half": "2",
            "confidence": "0.8951451778411865"
        },
        {
            "gameTime": "2 - 22:38",
            "label": "Ball out of play",
            "position": "1358000",
            "half": "2",
            "confidence": "0.8945976495742798"
        },
        {
            "gameTime": "2 - 24:16",
            "label": "Ball out of play",
            "position": "1456500",
            "half": "2",
            "confidence": "0.8941500186920166"
        },
        {
            "gameTime": "2 - 46:21",
            "label": "Ball out of play",
            "position": "2781000",
            "half": "2",
            "confidence": "0.8923237323760986"
        },
        {
            "gameTime": "2 - 46:31",
            "label": "Ball out of play",
            "position": "2791000",
            "half": "2",
            "confidence": "0.8810040950775146"
        },
        {
            "gameTime": "2 - 14:42",
            "label": "Ball out of play",
            "position": "882000",
            "half": "2",
            "confidence": "0.8781258463859558"
        },
        {
            "gameTime": "2 - 48:42",
            "label": "Ball out of play",
            "position": "2922500",
            "half": "2",
            "confidence": "0.861345648765564"
        },
        {
            "gameTime": "2 - 49:26",
            "label": "Ball out of play",
            "position": "2966000",
            "half": "2",
            "confidence": "0.8450085520744324"
        },
        {
            "gameTime": "2 - 42:2",
            "label": "Ball out of play",
            "position": "2522000",
            "half": "2",
            "confidence": "0.8429009914398193"
        },
        {
            "gameTime": "2 - 48:30",
            "label": "Ball out of play",
            "position": "2910500",
            "half": "2",
            "confidence": "0.8321601748466492"
        },
        {
            "gameTime": "2 - 13:19",
            "label": "Ball out of play",
            "position": "799500",
            "half": "2",
            "confidence": "0.8279401063919067"
        },
        {
            "gameTime": "2 - 49:51",
            "label": "Ball out of play",
            "position": "2991000",
            "half": "2",
            "confidence": "0.8275227546691895"
        },
        {
            "gameTime": "2 - 40:19",
            "label": "Ball out of play",
            "position": "2419500",
            "half": "2",
            "confidence": "0.8197720050811768"
        },
        {
            "gameTime": "2 - 8:1",
            "label": "Ball out of play",
            "position": "481500",
            "half": "2",
            "confidence": "0.7995666861534119"
        },
        {
            "gameTime": "2 - 1:6",
            "label": "Ball out of play",
            "position": "66500",
            "half": "2",
            "confidence": "0.7973971366882324"
        },
        {
            "gameTime": "2 - 0:49",
            "label": "Ball out of play",
            "position": "49500",
            "half": "2",
            "confidence": "0.7942475080490112"
        },
        {
            "gameTime": "2 - 35:46",
            "label": "Ball out of play",
            "position": "2146000",
            "half": "2",
            "confidence": "0.7848960757255554"
        },
        {
            "gameTime": "2 - 14:29",
            "label": "Ball out of play",
            "position": "869500",
            "half": "2",
            "confidence": "0.7668047547340393"
        },
        {
            "gameTime": "2 - 39:44",
            "label": "Ball out of play",
            "position": "2384000",
            "half": "2",
            "confidence": "0.764340341091156"
        },
        {
            "gameTime": "2 - 4:29",
            "label": "Ball out of play",
            "position": "269000",
            "half": "2",
            "confidence": "0.7561339735984802"
        },
        {
            "gameTime": "2 - 19:19",
            "label": "Ball out of play",
            "position": "1159500",
            "half": "2",
            "confidence": "0.7553777098655701"
        },
        {
            "gameTime": "2 - 26:58",
            "label": "Ball out of play",
            "position": "1618500",
            "half": "2",
            "confidence": "0.7532781362533569"
        },
        {
            "gameTime": "2 - 35:25",
            "label": "Ball out of play",
            "position": "2125500",
            "half": "2",
            "confidence": "0.7431886196136475"
        },
        {
            "gameTime": "2 - 46:10",
            "label": "Ball out of play",
            "position": "2770500",
            "half": "2",
            "confidence": "0.7343291640281677"
        },
        {
            "gameTime": "2 - 3:49",
            "label": "Ball out of play",
            "position": "229000",
            "half": "2",
            "confidence": "0.7343029379844666"
        },
        {
            "gameTime": "2 - 39:33",
            "label": "Ball out of play",
            "position": "2373000",
            "half": "2",
            "confidence": "0.7257960438728333"
        },
        {
            "gameTime": "2 - 49:13",
            "label": "Ball out of play",
            "position": "2953500",
            "half": "2",
            "confidence": "0.7032032608985901"
        },
        {
            "gameTime": "2 - 10:9",
            "label": "Ball out of play",
            "position": "609500",
            "half": "2",
            "confidence": "0.6910479068756104"
        },
        {
            "gameTime": "2 - 9:48",
            "label": "Ball out of play",
            "position": "588000",
            "half": "2",
            "confidence": "0.6824405193328857"
        },
        {
            "gameTime": "2 - 36:36",
            "label": "Ball out of play",
            "position": "2196500",
            "half": "2",
            "confidence": "0.6782982349395752"
        },
        {
            "gameTime": "2 - 20:7",
            "label": "Ball out of play",
            "position": "1207500",
            "half": "2",
            "confidence": "0.6700748205184937"
        },
        {
            "gameTime": "2 - 10:21",
            "label": "Ball out of play",
            "position": "621000",
            "half": "2",
            "confidence": "0.6567351818084717"
        },
        {
            "gameTime": "2 - 2:12",
            "label": "Ball out of play",
            "position": "132500",
            "half": "2",
            "confidence": "0.6433637738227844"
        },
        {
            "gameTime": "2 - 40:29",
            "label": "Ball out of play",
            "position": "2429500",
            "half": "2",
            "confidence": "0.632864236831665"
        },
        {
            "gameTime": "2 - 18:47",
            "label": "Ball out of play",
            "position": "1127500",
            "half": "2",
            "confidence": "0.6210800409317017"
        },
        {
            "gameTime": "2 - 28:58",
            "label": "Ball out of play",
            "position": "1738000",
            "half": "2",
            "confidence": "0.6209380030632019"
        },
        {
            "gameTime": "2 - 3:59",
            "label": "Ball out of play",
            "position": "239000",
            "half": "2",
            "confidence": "0.5943824052810669"
        },
        {
            "gameTime": "2 - 22:27",
            "label": "Ball out of play",
            "position": "1347500",
            "half": "2",
            "confidence": "0.5932308435440063"
        },
        {
            "gameTime": "2 - 13:51",
            "label": "Ball out of play",
            "position": "831000",
            "half": "2",
            "confidence": "0.5881898999214172"
        },
        {
            "gameTime": "2 - 10:48",
            "label": "Ball out of play",
            "position": "648500",
            "half": "2",
            "confidence": "0.5850217938423157"
        },
        {
            "gameTime": "2 - 45:43",
            "label": "Ball out of play",
            "position": "2743500",
            "half": "2",
            "confidence": "0.5837472677230835"
        },
        {
            "gameTime": "2 - 49:38",
            "label": "Ball out of play",
            "position": "2978000",
            "half": "2",
            "confidence": "0.5802558660507202"
        },
        {
            "gameTime": "2 - 32:28",
            "label": "Ball out of play",
            "position": "1948500",
            "half": "2",
            "confidence": "0.5622798800468445"
        },
        {
            "gameTime": "2 - 44:23",
            "label": "Ball out of play",
            "position": "2663000",
            "half": "2",
            "confidence": "0.5601130127906799"
        },
        {
            "gameTime": "2 - 48:52",
            "label": "Ball out of play",
            "position": "2932500",
            "half": "2",
            "confidence": "0.5570192337036133"
        },
        {
            "gameTime": "2 - 12:19",
            "label": "Ball out of play",
            "position": "739500",
            "half": "2",
            "confidence": "0.5549722909927368"
        },
        {
            "gameTime": "2 - 24:44",
            "label": "Ball out of play",
            "position": "1484000",
            "half": "2",
            "confidence": "0.5391920208930969"
        },
        {
            "gameTime": "2 - 26:42",
            "label": "Ball out of play",
            "position": "1602500",
            "half": "2",
            "confidence": "0.5370445251464844"
        },
        {
            "gameTime": "2 - 1:31",
            "label": "Ball out of play",
            "position": "91000",
            "half": "2",
            "confidence": "0.5155019760131836"
        },
        {
            "gameTime": "2 - 0:17",
            "label": "Ball out of play",
            "position": "17500",
            "half": "2",
            "confidence": "0.5120956301689148"
        },
        {
            "gameTime": "2 - 13:9",
            "label": "Ball out of play",
            "position": "789000",
            "half": "2",
            "confidence": "0.5044839382171631"
        },
        {
            "gameTime": "2 - 22:38",
            "label": "Throw-in",
            "position": "1358000",
            "half": "2",
            "confidence": "0.9948112964630127"
        },
        {
            "gameTime": "2 - 48:37",
            "label": "Throw-in",
            "position": "2917000",
            "half": "2",
            "confidence": "0.982073187828064"
        },
        {
            "gameTime": "2 - 22:27",
            "label": "Throw-in",
            "position": "1347500",
            "half": "2",
            "confidence": "0.9744839072227478"
        },
        {
            "gameTime": "2 - 48:47",
            "label": "Throw-in",
            "position": "2927000",
            "half": "2",
            "confidence": "0.9724487066268921"
        },
        {
            "gameTime": "2 - 14:26",
            "label": "Throw-in",
            "position": "866500",
            "half": "2",
            "confidence": "0.9569583535194397"
        },
        {
            "gameTime": "2 - 14:13",
            "label": "Throw-in",
            "position": "853500",
            "half": "2",
            "confidence": "0.9558430910110474"
        },
        {
            "gameTime": "2 - 10:21",
            "label": "Throw-in",
            "position": "621500",
            "half": "2",
            "confidence": "0.9290006160736084"
        },
        {
            "gameTime": "2 - 19:16",
            "label": "Throw-in",
            "position": "1156000",
            "half": "2",
            "confidence": "0.919667661190033"
        },
        {
            "gameTime": "2 - 46:10",
            "label": "Throw-in",
            "position": "2770500",
            "half": "2",
            "confidence": "0.8377149701118469"
        },
        {
            "gameTime": "2 - 14:39",
            "label": "Throw-in",
            "position": "879000",
            "half": "2",
            "confidence": "0.8278360366821289"
        },
        {
            "gameTime": "2 - 10:10",
            "label": "Throw-in",
            "position": "610500",
            "half": "2",
            "confidence": "0.8216581344604492"
        },
        {
            "gameTime": "2 - 28:24",
            "label": "Throw-in",
            "position": "1704500",
            "half": "2",
            "confidence": "0.7923315763473511"
        },
        {
            "gameTime": "2 - 49:3",
            "label": "Throw-in",
            "position": "2943500",
            "half": "2",
            "confidence": "0.7914737462997437"
        },
        {
            "gameTime": "2 - 32:29",
            "label": "Throw-in",
            "position": "1949000",
            "half": "2",
            "confidence": "0.7790194153785706"
        },
        {
            "gameTime": "2 - 49:20",
            "label": "Throw-in",
            "position": "2960000",
            "half": "2",
            "confidence": "0.7649305462837219"
        },
        {
            "gameTime": "2 - 3:41",
            "label": "Throw-in",
            "position": "221500",
            "half": "2",
            "confidence": "0.7526929378509521"
        },
        {
            "gameTime": "2 - 39:43",
            "label": "Throw-in",
            "position": "2383500",
            "half": "2",
            "confidence": "0.7498524188995361"
        },
        {
            "gameTime": "2 - 34:43",
            "label": "Throw-in",
            "position": "2083000",
            "half": "2",
            "confidence": "0.6970756649971008"
        },
        {
            "gameTime": "2 - 19:26",
            "label": "Throw-in",
            "position": "1166000",
            "half": "2",
            "confidence": "0.6959925293922424"
        },
        {
            "gameTime": "2 - 1:7",
            "label": "Throw-in",
            "position": "67000",
            "half": "2",
            "confidence": "0.6944794058799744"
        },
        {
            "gameTime": "2 - 48:26",
            "label": "Throw-in",
            "position": "2906500",
            "half": "2",
            "confidence": "0.65739905834198"
        },
        {
            "gameTime": "2 - 20:41",
            "label": "Throw-in",
            "position": "1241500",
            "half": "2",
            "confidence": "0.6530553102493286"
        },
        {
            "gameTime": "2 - 39:33",
            "label": "Throw-in",
            "position": "2373000",
            "half": "2",
            "confidence": "0.6170965433120728"
        },
        {
            "gameTime": "2 - 5:37",
            "label": "Throw-in",
            "position": "337000",
            "half": "2",
            "confidence": "0.6076573133468628"
        },
        {
            "gameTime": "2 - 22:17",
            "label": "Throw-in",
            "position": "1337000",
            "half": "2",
            "confidence": "0.5973933935165405"
        },
        {
            "gameTime": "2 - 28:10",
            "label": "Throw-in",
            "position": "1690500",
            "half": "2",
            "confidence": "0.5537044405937195"
        },
        {
            "gameTime": "2 - 0:49",
            "label": "Throw-in",
            "position": "49500",
            "half": "2",
            "confidence": "0.5507621169090271"
        },
        {
            "gameTime": "2 - 26:6",
            "label": "Throw-in",
            "position": "1566500",
            "half": "2",
            "confidence": "0.5154481530189514"
        },
        {
            "gameTime": "2 - 35:38",
            "label": "Foul",
            "position": "2138500",
            "half": "2",
            "confidence": "0.8870254158973694"
        },
        {
            "gameTime": "2 - 47:14",
            "label": "Foul",
            "position": "2834500",
            "half": "2",
            "confidence": "0.8095114827156067"
        },
        {
            "gameTime": "2 - 5:27",
            "label": "Foul",
            "position": "327500",
            "half": "2",
            "confidence": "0.7812766432762146"
        },
        {
            "gameTime": "2 - 7:0",
            "label": "Foul",
            "position": "420000",
            "half": "2",
            "confidence": "0.7682190537452698"
        },
        {
            "gameTime": "2 - 8:49",
            "label": "Foul",
            "position": "529000",
            "half": "2",
            "confidence": "0.7672615647315979"
        },
        {
            "gameTime": "2 - 31:6",
            "label": "Foul",
            "position": "1866000",
            "half": "2",
            "confidence": "0.7452307939529419"
        },
        {
            "gameTime": "2 - 20:6",
            "label": "Foul",
            "position": "1206500",
            "half": "2",
            "confidence": "0.7221701741218567"
        },
        {
            "gameTime": "2 - 2:15",
            "label": "Foul",
            "position": "135500",
            "half": "2",
            "confidence": "0.7156680822372437"
        },
        {
            "gameTime": "2 - 45:6",
            "label": "Foul",
            "position": "2706000",
            "half": "2",
            "confidence": "0.6912552714347839"
        },
        {
            "gameTime": "2 - 5:16",
            "label": "Foul",
            "position": "316500",
            "half": "2",
            "confidence": "0.626544713973999"
        },
        {
            "gameTime": "2 - 30:39",
            "label": "Foul",
            "position": "1839500",
            "half": "2",
            "confidence": "0.6156592965126038"
        },
        {
            "gameTime": "2 - 27:5",
            "label": "Foul",
            "position": "1625000",
            "half": "2",
            "confidence": "0.5773205161094666"
        },
        {
            "gameTime": "2 - 34:7",
            "label": "Foul",
            "position": "2047000",
            "half": "2",
            "confidence": "0.5544242262840271"
        },
        {
            "gameTime": "2 - 0:12",
            "label": "Foul",
            "position": "12500",
            "half": "2",
            "confidence": "0.5312466621398926"
        },
        {
            "gameTime": "2 - 26:31",
            "label": "Foul",
            "position": "1591500",
            "half": "2",
            "confidence": "0.5030670166015625"
        },
        {
            "gameTime": "2 - 31:20",
            "label": "Indirect free-kick",
            "position": "1880000",
            "half": "2",
            "confidence": "0.9132544994354248"
        },
        {
            "gameTime": "2 - 26:30",
            "label": "Indirect free-kick",
            "position": "1590000",
            "half": "2",
            "confidence": "0.7511610388755798"
        },
        {
            "gameTime": "2 - 45:33",
            "label": "Indirect free-kick",
            "position": "2733500",
            "half": "2",
            "confidence": "0.6310141682624817"
        },
        {
            "gameTime": "2 - 47:12",
            "label": "Indirect free-kick",
            "position": "2832500",
            "half": "2",
            "confidence": "0.5943793058395386"
        },
        {
            "gameTime": "2 - 31:30",
            "label": "Indirect free-kick",
            "position": "1890000",
            "half": "2",
            "confidence": "0.5783065557479858"
        },
        {
            "gameTime": "2 - 1:54",
            "label": "Indirect free-kick",
            "position": "114000",
            "half": "2",
            "confidence": "0.5643308162689209"
        },
        {
            "gameTime": "2 - 26:18",
            "label": "Indirect free-kick",
            "position": "1578500",
            "half": "2",
            "confidence": "0.5418112277984619"
        },
        {
            "gameTime": "2 - 48:20",
            "label": "Indirect free-kick",
            "position": "2900500",
            "half": "2",
            "confidence": "0.5315492153167725"
        },
        {
            "gameTime": "2 - 9:30",
            "label": "Direct free-kick",
            "position": "570000",
            "half": "2",
            "confidence": "0.9989089965820312"
        },
        {
            "gameTime": "2 - 9:40",
            "label": "Direct free-kick",
            "position": "580000",
            "half": "2",
            "confidence": "0.9935603141784668"
        },
        {
            "gameTime": "2 - 47:38",
            "label": "Direct free-kick",
            "position": "2858500",
            "half": "2",
            "confidence": "0.9892979860305786"
        },
        {
            "gameTime": "2 - 3:0",
            "label": "Direct free-kick",
            "position": "180500",
            "half": "2",
            "confidence": "0.9478667974472046"
        },
        {
            "gameTime": "2 - 1:32",
            "label": "Direct free-kick",
            "position": "92000",
            "half": "2",
            "confidence": "0.8431063294410706"
        },
        {
            "gameTime": "2 - 47:48",
            "label": "Direct free-kick",
            "position": "2868500",
            "half": "2",
            "confidence": "0.8399955630302429"
        },
        {
            "gameTime": "2 - 3:10",
            "label": "Direct free-kick",
            "position": "190500",
            "half": "2",
            "confidence": "0.6765998601913452"
        },
        {
            "gameTime": "2 - 1:42",
            "label": "Direct free-kick",
            "position": "102000",
            "half": "2",
            "confidence": "0.6211668252944946"
        },
        {
            "gameTime": "2 - 35:22",
            "label": "Direct free-kick",
            "position": "2122000",
            "half": "2",
            "confidence": "0.5613857507705688"
        },
        {
            "gameTime": "2 - 24:41",
            "label": "Corner",
            "position": "1481000",
            "half": "2",
            "confidence": "0.9885758757591248"
        },
        {
            "gameTime": "2 - 24:51",
            "label": "Corner",
            "position": "1491000",
            "half": "2",
            "confidence": "0.9691081643104553"
        },
        {
            "gameTime": "2 - 9:42",
            "label": "Corner",
            "position": "582000",
            "half": "2",
            "confidence": "0.7991716861724854"
        },
        {
            "gameTime": "2 - 36:32",
            "label": "Corner",
            "position": "2192000",
            "half": "2",
            "confidence": "0.7729962468147278"
        },
        {
            "gameTime": "2 - 9:31",
            "label": "Corner",
            "position": "571500",
            "half": "2",
            "confidence": "0.5873119831085205"
        },
        {
            "gameTime": "2 - 24:20",
            "label": "Corner",
            "position": "1460500",
            "half": "2",
            "confidence": "0.5131680369377136"
        },
        {
            "gameTime": "2 - 19:12",
            "label": "Yellow card",
            "position": "1152500",
            "half": "2",
            "confidence": "0.5263974070549011"
        },
        {
            "gameTime": "2 - 18:59",
            "label": "Yellow card",
            "position": "1139500",
            "half": "2",
            "confidence": "0.5088866353034973"
        }
    ]
}