{
    "UrlLocal": "spain_laliga/2019-2020/2019-09-14 - 18-00 Barcelona 5 - 2 Valencia",
    "UrlYoutube": "",
    "annotations": [
        {
            "change_type": "",
            "gameTime": "1 - 02:17",
            "label": "",
            "position": "137442",
            "replay": "real-time"
        },
        {
            "change_type": "",
            "gameTime": "1 - 02:25",
            "label": "",
            "link": "",
            "position": "145416",
            "replay": "replay"
        },
        {
            "change_type": "",
            "gameTime": "1 - 02:32",
            "label": "",
            "link": "",
            "position": "152649",
            "replay": "replay"
        },
        {
            "change_type": "",
            "gameTime": "1 - 02:38",
            "label": "",
            "link": "",
            "position": "158808",
            "replay": "replay"
        },
        {
            "change_type": "",
            "gameTime": "1 - 02:48",
            "label": "",
            "position": "168960",
            "replay": "other"
        },
        {
            "change_type": "",
            "gameTime": "1 - 06:50",
            "label": "",
            "position": "410042",
            "replay": "real-time"
        },
        {
            "change_type": "",
            "gameTime": "1 - 06:59",
            "label": "",
            "link": "",
            "position": "419116",
            "replay": "replay"
        },
        {
            "change_type": "",
            "gameTime": "1 - 07:09",
            "label": "",
            "link": "",
            "position": "429974",
            "replay": "replay"
        },
        {
            "change_type": "",
            "gameTime": "1 - 07:18",
            "label": "",
            "link": "",
            "position": "438336",
            "replay": "replay"
        },
        {
            "change_type": "",
            "gameTime": "1 - 07:24",
            "label": "",
            "position": "444594",
            "replay": "other"
        },
        {
            "change_type": "",
            "gameTime": "1 - 10:31",
            "label": "",
            "position": "631844",
            "replay": "real-time"
        },
        {
            "change_type": "",
            "gameTime": "1 - 10:36",
            "label": "",
            "link": "",
            "position": "636417",
            "replay": "replay"
        },
        {
            "change_type": "",
            "gameTime": "1 - 10:43",
            "label": "",
            "link": "",
            "position": "643372",
            "replay": "replay"
        },
        {
            "change_type": "",
            "gameTime": "1 - 13:28",
            "label": "",
            "position": "808165",
            "replay": "real-time"
        },
        {
            "change_type": "",
            "gameTime": "1 - 13:38",
            "label": "",
            "link": "",
            "position": "818176",
            "replay": "replay"
        },
        {
            "change_type": "",
            "gameTime": "1 - 13:41",
            "label": "",
            "position": "821099",
            "replay": "other"
        },
        {
            "change_type": "",
            "gameTime": "1 - 15:46",
            "label": "",
            "position": "946725",
            "replay": "real-time"
        },
        {
            "change_type": "",
            "gameTime": "1 - 15:53",
            "label": "",
            "link": "",
            "position": "953531",
            "replay": "replay"
        },
        {
            "change_type": "",
            "gameTime": "1 - 25:12",
            "label": "",
            "position": "1512669",
            "replay": "real-time"
        },
        {
            "change_type": "",
            "gameTime": "1 - 25:26",
            "label": "",
            "link": "",
            "position": "1526721",
            "replay": "replay"
        },
        {
            "change_type": "",
            "gameTime": "1 - 26:43",
            "label": "",
            "position": "1603361",
            "replay": "real-time"
        },
        {
            "change_type": "",
            "gameTime": "1 - 26:54",
            "label": "",
            "link": "",
            "position": "1614087",
            "replay": "replay"
        },
        {
            "change_type": "",
            "gameTime": "1 - 27:23",
            "label": "",
            "position": "1643836",
            "replay": "real-time"
        },
        {
            "change_type": "",
            "gameTime": "1 - 27:36",
            "label": "",
            "link": "",
            "position": "1656859",
            "replay": "replay"
        },
        {
            "change_type": "",
            "gameTime": "1 - 28:35",
            "label": "",
            "position": "1715100",
            "replay": "real-time"
        },
        {
            "change_type": "",
            "gameTime": "1 - 28:41",
            "label": "",
            "link": "",
            "position": "1721915",
            "replay": "replay"
        },
        {
            "change_type": "",
            "gameTime": "1 - 28:48",
            "label": "",
            "link": "",
            "position": "1728287",
            "replay": "replay"
        },
        {
            "change_type": "",
            "gameTime": "1 - 28:54",
            "label": "",
            "link": "",
            "position": "1734154",
            "replay": "replay"
        },
        {
            "change_type": "",
            "gameTime": "1 - 29:00",
            "label": "",
            "position": "1740066",
            "replay": "other"
        },
        {
            "change_type": "",
            "gameTime": "1 - 30:08",
            "label": "",
            "position": "1808739",
            "replay": "real-time"
        },
        {
            "change_type": "",
            "gameTime": "1 - 30:13",
            "label": "",
            "link": "",
            "position": "1813748",
            "replay": "replay"
        },
        {
            "change_type": "",
            "gameTime": "1 - 30:23",
            "label": "",
            "link": "",
            "position": "1823216",
            "replay": "replay"
        },
        {
            "change_type": "",
            "gameTime": "1 - 32:55",
            "label": "",
            "position": "1975323",
            "replay": "real-time"
        },
        {
            "change_type": "",
            "gameTime": "1 - 33:03",
            "label": "",
            "link": "",
            "position": "1983260",
            "replay": "replay"
        },
        {
            "change_type": "",
            "gameTime": "1 - 33:07",
            "label": "",
            "link": "",
            "position": "1987335",
            "replay": "replay"
        },
        {
            "change_type": "",
            "gameTime": "1 - 33:15",
            "label": "",
            "position": "1995166",
            "replay": "other"
        },
        {
            "change_type": "",
            "gameTime": "1 - 33:22",
            "label": "",
            "link": "",
            "position": "2002492",
            "replay": "replay"
        },
        {
            "change_type": "",
            "gameTime": "1 - 33:27",
            "label": "",
            "position": "2007835",
            "replay": "real-time"
        },
        {
            "change_type": "",
            "gameTime": "1 - 33:31",
            "label": "",
            "position": "2011431",
            "replay": "other"
        },
        {
            "change_type": "",
            "gameTime": "1 - 36:24",
            "label": "",
            "position": "2184976",
            "replay": "real-time"
        },
        {
            "change_type": "",
            "gameTime": "1 - 36:31",
            "label": "",
            "link": "",
            "position": "2191457",
            "replay": "replay"
        },
        {
            "change_type": "",
            "gameTime": "1 - 36:42",
            "label": "",
            "link": "",
            "position": "2202022",
            "replay": "replay"
        },
        {
            "change_type": "",
            "gameTime": "1 - 36:45",
            "label": "",
            "position": "2205430",
            "replay": "other"
        },
        {
            "change_type": "",
            "gameTime": "1 - 37:24",
            "label": "",
            "position": "2244431",
            "replay": "real-time"
        },
        {
            "change_type": "",
            "gameTime": "1 - 37:33",
            "label": "",
            "link": "",
            "position": "2253978",
            "replay": "replay"
        },
        {
            "change_type": "",
            "gameTime": "1 - 37:42",
            "label": "",
            "link": "",
            "position": "2262971",
            "replay": "replay"
        },
        {
            "change_type": "",
            "gameTime": "1 - 40:05",
            "label": "",
            "position": "2405407",
            "replay": "real-time"
        },
        {
            "change_type": "",
            "gameTime": "1 - 40:12",
            "label": "",
            "position": "2412246",
            "replay": "other"
        },
        {
            "change_type": "",
            "gameTime": "1 - 40:21",
            "label": "",
            "position": "2421363",
            "replay": "other"
        },
        {
            "change_type": "",
            "gameTime": "1 - 44:55",
            "label": "",
            "position": "2695178",
            "replay": "real-time"
        },
        {
            "change_type": "",
            "gameTime": "1 - 45:04",
            "label": "",
            "link": "",
            "position": "2704220",
            "replay": "replay"
        },
        {
            "change_type": "",
            "gameTime": "2 - 01:06",
            "label": "",
            "position": "66339",
            "replay": "real-time"
        },
        {
            "change_type": "",
            "gameTime": "2 - 01:15",
            "label": "",
            "link": "",
            "position": "75147",
            "replay": "replay"
        },
        {
            "change_type": "",
            "gameTime": "2 - 01:21",
            "label": "",
            "link": "",
            "position": "81065",
            "replay": "replay"
        },
        {
            "change_type": "",
            "gameTime": "2 - 06:22",
            "label": "",
            "position": "382265",
            "replay": "real-time"
        },
        {
            "change_type": "",
            "gameTime": "2 - 06:34",
            "label": "",
            "link": "",
            "position": "394402",
            "replay": "replay"
        },
        {
            "change_type": "",
            "gameTime": "2 - 06:40",
            "label": "",
            "link": "",
            "position": "400985",
            "replay": "replay"
        },
        {
            "change_type": "",
            "gameTime": "2 - 06:52",
            "label": "",
            "link": "",
            "position": "412569",
            "replay": "replay"
        },
        {
            "change_type": "",
            "gameTime": "2 - 06:56",
            "label": "",
            "position": "416444",
            "replay": "other"
        },
        {
            "change_type": "",
            "gameTime": "2 - 06:59",
            "label": "",
            "position": "419323",
            "replay": "other"
        },
        {
            "change_type": "",
            "gameTime": "2 - 08:09",
            "label": "",
            "position": "489854",
            "replay": "real-time"
        },
        {
            "change_type": "",
            "gameTime": "2 - 08:18",
            "label": "",
            "link": "",
            "position": "498055",
            "replay": "replay"
        },
        {
            "change_type": "",
            "gameTime": "2 - 08:26",
            "label": "",
            "link": "",
            "position": "506977",
            "replay": "replay"
        },
        {
            "change_type": "",
            "gameTime": "2 - 08:35",
            "label": "",
            "link": "",
            "position": "515287",
            "replay": "replay"
        },
        {
            "change_type": "",
            "gameTime": "2 - 08:42",
            "label": "",
            "position": "522673",
            "replay": "other"
        },
        {
            "change_type": "",
            "gameTime": "2 - 11:05",
            "label": "",
            "position": "665198",
            "replay": "real-time"
        },
        {
            "change_type": "",
            "gameTime": "2 - 11:12",
            "label": "",
            "link": "",
            "position": "672087",
            "replay": "replay"
        },
        {
            "change_type": "",
            "gameTime": "2 - 11:15",
            "label": "",
            "link": "",
            "position": "675383",
            "replay": "replay"
        },
        {
            "change_type": "",
            "gameTime": "2 - 11:19",
            "label": "",
            "position": "679342",
            "replay": "other"
        },
        {
            "change_type": "",
            "gameTime": "2 - 16:20",
            "label": "",
            "position": "980009",
            "replay": "real-time"
        },
        {
            "change_type": "",
            "gameTime": "2 - 16:28",
            "label": "",
            "link": "",
            "position": "988054",
            "replay": "replay"
        },
        {
            "change_type": "",
            "gameTime": "2 - 16:36",
            "label": "",
            "link": "",
            "position": "996194",
            "replay": "replay"
        },
        {
            "change_type": "",
            "gameTime": "2 - 16:47",
            "label": "",
            "link": "",
            "position": "1007306",
            "replay": "replay"
        },
        {
            "change_type": "",
            "gameTime": "2 - 16:55",
            "label": "",
            "position": "1015022",
            "replay": "other"
        },
        {
            "change_type": "",
            "gameTime": "2 - 21:26",
            "label": "",
            "position": "1286737",
            "replay": "real-time"
        },
        {
            "change_type": "",
            "gameTime": "2 - 21:45",
            "label": "",
            "link": "",
            "position": "1305247",
            "replay": "replay"
        },
        {
            "change_type": "",
            "gameTime": "2 - 23:43",
            "label": "",
            "position": "1423723",
            "replay": "real-time"
        },
        {
            "change_type": "",
            "gameTime": "2 - 23:52",
            "label": "",
            "link": "",
            "position": "1432124",
            "replay": "replay"
        },
        {
            "change_type": "",
            "gameTime": "2 - 23:57",
            "label": "",
            "link": "",
            "position": "1437062",
            "replay": "replay"
        },
        {
            "change_type": "",
            "gameTime": "2 - 29:05",
            "label": "",
            "position": "1745807",
            "replay": "real-time"
        },
        {
            "change_type": "",
            "gameTime": "2 - 29:13",
            "label": "",
            "link": "",
            "position": "1753582",
            "replay": "replay"
        },
        {
            "change_type": "",
            "gameTime": "2 - 30:26",
            "label": "",
            "position": "1826207",
            "replay": "real-time"
        },
        {
            "change_type": "",
            "gameTime": "2 - 30:33",
            "label": "",
            "link": "",
            "position": "1833375",
            "replay": "replay"
        },
        {
            "change_type": "",
            "gameTime": "2 - 32:01",
            "label": "",
            "position": "1921239",
            "replay": "real-time"
        },
        {
            "change_type": "",
            "gameTime": "2 - 32:06",
            "label": "",
            "link": "",
            "position": "1926585",
            "replay": "replay"
        },
        {
            "change_type": "",
            "gameTime": "2 - 32:55",
            "label": "",
            "position": "1975883",
            "replay": "real-time"
        },
        {
            "change_type": "",
            "gameTime": "2 - 33:04",
            "label": "",
            "link": "",
            "position": "1984263",
            "replay": "replay"
        },
        {
            "change_type": "",
            "gameTime": "2 - 33:15",
            "label": "",
            "link": "",
            "position": "1995831",
            "replay": "replay"
        },
        {
            "change_type": "",
            "gameTime": "2 - 33:26",
            "label": "",
            "link": "",
            "position": "2006973",
            "replay": "replay"
        },
        {
            "change_type": "",
            "gameTime": "2 - 34:01",
            "label": "",
            "position": "2041134",
            "replay": "real-time"
        },
        {
            "change_type": "",
            "gameTime": "2 - 34:05",
            "label": "",
            "link": "",
            "position": "2045539",
            "replay": "replay"
        },
        {
            "change_type": "",
            "gameTime": "2 - 34:11",
            "label": "",
            "link": "",
            "position": "2051735",
            "replay": "replay"
        },
        {
            "change_type": "",
            "gameTime": "2 - 37:11",
            "label": "",
            "position": "2231237",
            "replay": "real-time"
        },
        {
            "change_type": "",
            "gameTime": "2 - 37:26",
            "label": "",
            "link": "",
            "position": "2246041",
            "replay": "replay"
        },
        {
            "change_type": "",
            "gameTime": "2 - 37:32",
            "label": "",
            "link": "",
            "position": "2252587",
            "replay": "replay"
        },
        {
            "change_type": "",
            "gameTime": "2 - 37:36",
            "label": "",
            "link": "",
            "position": "2256629",
            "replay": "replay"
        },
        {
            "change_type": "",
            "gameTime": "2 - 37:45",
            "label": "",
            "link": "",
            "position": "2265686",
            "replay": "replay"
        },
        {
            "change_type": "",
            "gameTime": "2 - 37:53",
            "label": "",
            "position": "2273082",
            "replay": "other"
        },
        {
            "change_type": "",
            "gameTime": "2 - 38:26",
            "label": "",
            "position": "2306440",
            "replay": "real-time"
        },
        {
            "change_type": "",
            "gameTime": "2 - 38:32",
            "label": "",
            "link": "",
            "position": "2312461",
            "replay": "replay"
        },
        {
            "change_type": "",
            "gameTime": "2 - 43:49",
            "label": "",
            "position": "2629441",
            "replay": "real-time"
        },
        {
            "change_type": "",
            "gameTime": "2 - 43:58",
            "label": "",
            "link": "",
            "position": "2638858",
            "replay": "replay"
        },
        {
            "change_type": "",
            "gameTime": "2 - 44:07",
            "label": "",
            "position": "2647450",
            "replay": "other"
        },
        {
            "change_type": "",
            "gameTime": "2 - 46:45",
            "label": "",
            "position": "2805017",
            "replay": "real-time"
        },
        {
            "change_type": "",
            "gameTime": "2 - 46:56",
            "label": "",
            "link": "",
            "position": "2816000",
            "replay": "replay"
        },
        {
            "change_type": "",
            "gameTime": "2 - 47:03",
            "label": "",
            "link": "",
            "position": "2823839",
            "replay": "replay"
        },
        {
            "change_type": "",
            "gameTime": "2 - 47:10",
            "label": "",
            "link": "",
            "position": "2830766",
            "replay": "replay"
        }
    ],
    "gameAwayTeam": "Valencia",
    "gameDate": "2019-09-14 - 18-00",
    "gameHomeTeam": "Barcelona",
    "gameScore": "5 - 2"
}