{
    "UrlLocal": "england_epl/2016-2017/2017-01-03 - 18-00 Bournemouth 3 - 3 Arsenal",
    "predictions": [
        {
            "gameTime": "1 - 16:58",
            "label": "Kick-off",
            "position": "1018000",
            "half": "1",
            "confidence": "0.8502801656723022"
        },
        {
            "gameTime": "1 - 27:40",
            "label": "Substitution",
            "position": "1660000",
            "half": "1",
            "confidence": "0.9621413946151733"
        },
        {
            "gameTime": "1 - 6:25",
            "label": "Offside",
            "position": "385000",
            "half": "1",
            "confidence": "0.6891116499900818"
        },
        {
            "gameTime": "1 - 14:34",
            "label": "Offside",
            "position": "874500",
            "half": "1",
            "confidence": "0.688657820224762"
        },
        {
            "gameTime": "1 - 14:46",
            "label": "Offside",
            "position": "886000",
            "half": "1",
            "confidence": "0.6089335680007935"
        },
        {
            "gameTime": "1 - 6:14",
            "label": "Offside",
            "position": "374500",
            "half": "1",
            "confidence": "0.556077778339386"
        },
        {
            "gameTime": "1 - 34:45",
            "label": "Shots off target",
            "position": "2085000",
            "half": "1",
            "confidence": "0.6979684233665466"
        },
        {
            "gameTime": "1 - 5:11",
            "label": "Clearance",
            "position": "311000",
            "half": "1",
            "confidence": "0.9184990525245667"
        },
        {
            "gameTime": "1 - 37:7",
            "label": "Clearance",
            "position": "2227500",
            "half": "1",
            "confidence": "0.7123790383338928"
        },
        {
            "gameTime": "1 - 7:6",
            "label": "Clearance",
            "position": "426000",
            "half": "1",
            "confidence": "0.6725088953971863"
        },
        {
            "gameTime": "1 - 36:20",
            "label": "Clearance",
            "position": "2180000",
            "half": "1",
            "confidence": "0.6517526507377625"
        },
        {
            "gameTime": "1 - 36:5",
            "label": "Clearance",
            "position": "2165500",
            "half": "1",
            "confidence": "0.6311324834823608"
        },
        {
            "gameTime": "1 - 5:21",
            "label": "Clearance",
            "position": "321000",
            "half": "1",
            "confidence": "0.6290300488471985"
        },
        {
            "gameTime": "1 - 8:47",
            "label": "Clearance",
            "position": "527000",
            "half": "1",
            "confidence": "0.5192362070083618"
        },
        {
            "gameTime": "1 - 4:0",
            "label": "Clearance",
            "position": "240000",
            "half": "1",
            "confidence": "0.5093851685523987"
        },
        {
            "gameTime": "1 - 10:26",
            "label": "Ball out of play",
            "position": "626500",
            "half": "1",
            "confidence": "0.8928806185722351"
        },
        {
            "gameTime": "1 - 33:30",
            "label": "Ball out of play",
            "position": "2010000",
            "half": "1",
            "confidence": "0.8823341727256775"
        },
        {
            "gameTime": "1 - 38:2",
            "label": "Ball out of play",
            "position": "2282500",
            "half": "1",
            "confidence": "0.8726962804794312"
        },
        {
            "gameTime": "1 - 3:33",
            "label": "Ball out of play",
            "position": "213500",
            "half": "1",
            "confidence": "0.8581822514533997"
        },
        {
            "gameTime": "1 - 33:43",
            "label": "Ball out of play",
            "position": "2023500",
            "half": "1",
            "confidence": "0.8523834347724915"
        },
        {
            "gameTime": "1 - 15:23",
            "label": "Ball out of play",
            "position": "923500",
            "half": "1",
            "confidence": "0.8478406071662903"
        },
        {
            "gameTime": "1 - 10:2",
            "label": "Ball out of play",
            "position": "602000",
            "half": "1",
            "confidence": "0.8438562750816345"
        },
        {
            "gameTime": "1 - 21:18",
            "label": "Ball out of play",
            "position": "1278500",
            "half": "1",
            "confidence": "0.8226141929626465"
        },
        {
            "gameTime": "1 - 36:20",
            "label": "Ball out of play",
            "position": "2180000",
            "half": "1",
            "confidence": "0.8109789490699768"
        },
        {
            "gameTime": "1 - 9:33",
            "label": "Ball out of play",
            "position": "573500",
            "half": "1",
            "confidence": "0.7969563007354736"
        },
        {
            "gameTime": "1 - 46:26",
            "label": "Ball out of play",
            "position": "2786500",
            "half": "1",
            "confidence": "0.795268177986145"
        },
        {
            "gameTime": "1 - 37:51",
            "label": "Ball out of play",
            "position": "2271500",
            "half": "1",
            "confidence": "0.7862088680267334"
        },
        {
            "gameTime": "1 - 3:52",
            "label": "Ball out of play",
            "position": "232000",
            "half": "1",
            "confidence": "0.7793464660644531"
        },
        {
            "gameTime": "1 - 41:17",
            "label": "Ball out of play",
            "position": "2477000",
            "half": "1",
            "confidence": "0.7759584784507751"
        },
        {
            "gameTime": "1 - 4:4",
            "label": "Ball out of play",
            "position": "244000",
            "half": "1",
            "confidence": "0.7712187170982361"
        },
        {
            "gameTime": "1 - 22:10",
            "label": "Ball out of play",
            "position": "1330000",
            "half": "1",
            "confidence": "0.7687905430793762"
        },
        {
            "gameTime": "1 - 9:20",
            "label": "Ball out of play",
            "position": "560500",
            "half": "1",
            "confidence": "0.7610906958580017"
        },
        {
            "gameTime": "1 - 2:9",
            "label": "Ball out of play",
            "position": "129000",
            "half": "1",
            "confidence": "0.7434034943580627"
        },
        {
            "gameTime": "1 - 8:11",
            "label": "Ball out of play",
            "position": "491000",
            "half": "1",
            "confidence": "0.7415593862533569"
        },
        {
            "gameTime": "1 - 24:32",
            "label": "Ball out of play",
            "position": "1472000",
            "half": "1",
            "confidence": "0.7397615909576416"
        },
        {
            "gameTime": "1 - 34:39",
            "label": "Ball out of play",
            "position": "2079000",
            "half": "1",
            "confidence": "0.7326974272727966"
        },
        {
            "gameTime": "1 - 7:57",
            "label": "Ball out of play",
            "position": "477500",
            "half": "1",
            "confidence": "0.7170075178146362"
        },
        {
            "gameTime": "1 - 18:11",
            "label": "Ball out of play",
            "position": "1091000",
            "half": "1",
            "confidence": "0.692328155040741"
        },
        {
            "gameTime": "1 - 44:47",
            "label": "Ball out of play",
            "position": "2687500",
            "half": "1",
            "confidence": "0.6576581597328186"
        },
        {
            "gameTime": "1 - 10:49",
            "label": "Ball out of play",
            "position": "649500",
            "half": "1",
            "confidence": "0.6520447731018066"
        },
        {
            "gameTime": "1 - 11:0",
            "label": "Ball out of play",
            "position": "660500",
            "half": "1",
            "confidence": "0.651267409324646"
        },
        {
            "gameTime": "1 - 5:2",
            "label": "Ball out of play",
            "position": "302500",
            "half": "1",
            "confidence": "0.6506889462471008"
        },
        {
            "gameTime": "1 - 14:57",
            "label": "Ball out of play",
            "position": "897500",
            "half": "1",
            "confidence": "0.6504724025726318"
        },
        {
            "gameTime": "1 - 15:34",
            "label": "Ball out of play",
            "position": "934500",
            "half": "1",
            "confidence": "0.6429717540740967"
        },
        {
            "gameTime": "1 - 24:19",
            "label": "Ball out of play",
            "position": "1459500",
            "half": "1",
            "confidence": "0.6393022537231445"
        },
        {
            "gameTime": "1 - 5:44",
            "label": "Ball out of play",
            "position": "344500",
            "half": "1",
            "confidence": "0.6351253986358643"
        },
        {
            "gameTime": "1 - 34:8",
            "label": "Ball out of play",
            "position": "2048000",
            "half": "1",
            "confidence": "0.6311829090118408"
        },
        {
            "gameTime": "1 - 40:0",
            "label": "Ball out of play",
            "position": "2400000",
            "half": "1",
            "confidence": "0.6309009790420532"
        },
        {
            "gameTime": "1 - 40:14",
            "label": "Ball out of play",
            "position": "2414000",
            "half": "1",
            "confidence": "0.6086351275444031"
        },
        {
            "gameTime": "1 - 39:20",
            "label": "Ball out of play",
            "position": "2360000",
            "half": "1",
            "confidence": "0.602532684803009"
        },
        {
            "gameTime": "1 - 1:58",
            "label": "Ball out of play",
            "position": "118000",
            "half": "1",
            "confidence": "0.6017398834228516"
        },
        {
            "gameTime": "1 - 44:57",
            "label": "Ball out of play",
            "position": "2697500",
            "half": "1",
            "confidence": "0.5951113700866699"
        },
        {
            "gameTime": "1 - 39:32",
            "label": "Ball out of play",
            "position": "2372500",
            "half": "1",
            "confidence": "0.5653366446495056"
        },
        {
            "gameTime": "1 - 13:25",
            "label": "Ball out of play",
            "position": "805500",
            "half": "1",
            "confidence": "0.5635958909988403"
        },
        {
            "gameTime": "1 - 8:25",
            "label": "Ball out of play",
            "position": "505500",
            "half": "1",
            "confidence": "0.5625083446502686"
        },
        {
            "gameTime": "1 - 46:16",
            "label": "Ball out of play",
            "position": "2776000",
            "half": "1",
            "confidence": "0.5613012313842773"
        },
        {
            "gameTime": "1 - 45:58",
            "label": "Ball out of play",
            "position": "2758000",
            "half": "1",
            "confidence": "0.5506446361541748"
        },
        {
            "gameTime": "1 - 21:8",
            "label": "Ball out of play",
            "position": "1268000",
            "half": "1",
            "confidence": "0.5450339913368225"
        },
        {
            "gameTime": "1 - 9:49",
            "label": "Ball out of play",
            "position": "589000",
            "half": "1",
            "confidence": "0.5441280007362366"
        },
        {
            "gameTime": "1 - 1:33",
            "label": "Ball out of play",
            "position": "93000",
            "half": "1",
            "confidence": "0.5243898630142212"
        },
        {
            "gameTime": "1 - 22:20",
            "label": "Ball out of play",
            "position": "1340000",
            "half": "1",
            "confidence": "0.521288275718689"
        },
        {
            "gameTime": "1 - 5:54",
            "label": "Ball out of play",
            "position": "354500",
            "half": "1",
            "confidence": "0.5180896520614624"
        },
        {
            "gameTime": "1 - 40:27",
            "label": "Ball out of play",
            "position": "2427500",
            "half": "1",
            "confidence": "0.5094680190086365"
        },
        {
            "gameTime": "1 - 28:46",
            "label": "Ball out of play",
            "position": "1726000",
            "half": "1",
            "confidence": "0.5086624622344971"
        },
        {
            "gameTime": "1 - 10:49",
            "label": "Throw-in",
            "position": "649500",
            "half": "1",
            "confidence": "0.9849323630332947"
        },
        {
            "gameTime": "1 - 44:4",
            "label": "Throw-in",
            "position": "2644000",
            "half": "1",
            "confidence": "0.9540621042251587"
        },
        {
            "gameTime": "1 - 10:59",
            "label": "Throw-in",
            "position": "659500",
            "half": "1",
            "confidence": "0.9444124102592468"
        },
        {
            "gameTime": "1 - 22:12",
            "label": "Throw-in",
            "position": "1332500",
            "half": "1",
            "confidence": "0.9407862424850464"
        },
        {
            "gameTime": "1 - 43:50",
            "label": "Throw-in",
            "position": "2630500",
            "half": "1",
            "confidence": "0.9380536675453186"
        },
        {
            "gameTime": "1 - 24:34",
            "label": "Throw-in",
            "position": "1474000",
            "half": "1",
            "confidence": "0.9286335706710815"
        },
        {
            "gameTime": "1 - 18:8",
            "label": "Throw-in",
            "position": "1088500",
            "half": "1",
            "confidence": "0.8962398767471313"
        },
        {
            "gameTime": "1 - 2:9",
            "label": "Throw-in",
            "position": "129500",
            "half": "1",
            "confidence": "0.8943166732788086"
        },
        {
            "gameTime": "1 - 41:19",
            "label": "Throw-in",
            "position": "2479500",
            "half": "1",
            "confidence": "0.8918970227241516"
        },
        {
            "gameTime": "1 - 10:26",
            "label": "Throw-in",
            "position": "626500",
            "half": "1",
            "confidence": "0.8842418789863586"
        },
        {
            "gameTime": "1 - 15:23",
            "label": "Throw-in",
            "position": "923000",
            "half": "1",
            "confidence": "0.85997474193573"
        },
        {
            "gameTime": "1 - 4:2",
            "label": "Throw-in",
            "position": "242500",
            "half": "1",
            "confidence": "0.8127626776695251"
        },
        {
            "gameTime": "1 - 41:29",
            "label": "Throw-in",
            "position": "2489500",
            "half": "1",
            "confidence": "0.812652587890625"
        },
        {
            "gameTime": "1 - 47:10",
            "label": "Throw-in",
            "position": "2830000",
            "half": "1",
            "confidence": "0.7734276056289673"
        },
        {
            "gameTime": "1 - 10:39",
            "label": "Throw-in",
            "position": "639000",
            "half": "1",
            "confidence": "0.7689628601074219"
        },
        {
            "gameTime": "1 - 4:30",
            "label": "Throw-in",
            "position": "270500",
            "half": "1",
            "confidence": "0.7503175139427185"
        },
        {
            "gameTime": "1 - 6:40",
            "label": "Throw-in",
            "position": "400500",
            "half": "1",
            "confidence": "0.7118868231773376"
        },
        {
            "gameTime": "1 - 43:34",
            "label": "Throw-in",
            "position": "2614500",
            "half": "1",
            "confidence": "0.6937910914421082"
        },
        {
            "gameTime": "1 - 15:37",
            "label": "Throw-in",
            "position": "937500",
            "half": "1",
            "confidence": "0.6886274218559265"
        },
        {
            "gameTime": "1 - 44:57",
            "label": "Throw-in",
            "position": "2697500",
            "half": "1",
            "confidence": "0.6675534844398499"
        },
        {
            "gameTime": "1 - 22:2",
            "label": "Throw-in",
            "position": "1322000",
            "half": "1",
            "confidence": "0.6430678963661194"
        },
        {
            "gameTime": "1 - 24:22",
            "label": "Throw-in",
            "position": "1462000",
            "half": "1",
            "confidence": "0.6138617396354675"
        },
        {
            "gameTime": "1 - 4:19",
            "label": "Throw-in",
            "position": "259500",
            "half": "1",
            "confidence": "0.6062995791435242"
        },
        {
            "gameTime": "1 - 26:58",
            "label": "Throw-in",
            "position": "1618000",
            "half": "1",
            "confidence": "0.6033315658569336"
        },
        {
            "gameTime": "1 - 22:22",
            "label": "Throw-in",
            "position": "1342500",
            "half": "1",
            "confidence": "0.6012210845947266"
        },
        {
            "gameTime": "1 - 1:16",
            "label": "Throw-in",
            "position": "76000",
            "half": "1",
            "confidence": "0.6007586717605591"
        },
        {
            "gameTime": "1 - 36:20",
            "label": "Throw-in",
            "position": "2180500",
            "half": "1",
            "confidence": "0.5888113379478455"
        },
        {
            "gameTime": "1 - 6:53",
            "label": "Throw-in",
            "position": "413000",
            "half": "1",
            "confidence": "0.581232488155365"
        },
        {
            "gameTime": "1 - 0:1",
            "label": "Throw-in",
            "position": "1000",
            "half": "1",
            "confidence": "0.5740281343460083"
        },
        {
            "gameTime": "1 - 7:57",
            "label": "Throw-in",
            "position": "477500",
            "half": "1",
            "confidence": "0.5718027353286743"
        },
        {
            "gameTime": "1 - 21:43",
            "label": "Throw-in",
            "position": "1303000",
            "half": "1",
            "confidence": "0.5408921837806702"
        },
        {
            "gameTime": "1 - 15:12",
            "label": "Throw-in",
            "position": "912000",
            "half": "1",
            "confidence": "0.540698766708374"
        },
        {
            "gameTime": "1 - 46:0",
            "label": "Throw-in",
            "position": "2760000",
            "half": "1",
            "confidence": "0.5382019281387329"
        },
        {
            "gameTime": "1 - 23:26",
            "label": "Throw-in",
            "position": "1406000",
            "half": "1",
            "confidence": "0.5346760749816895"
        },
        {
            "gameTime": "1 - 10:3",
            "label": "Throw-in",
            "position": "603500",
            "half": "1",
            "confidence": "0.5276361107826233"
        },
        {
            "gameTime": "1 - 0:15",
            "label": "Throw-in",
            "position": "15000",
            "half": "1",
            "confidence": "0.5204353332519531"
        },
        {
            "gameTime": "1 - 24:10",
            "label": "Throw-in",
            "position": "1450500",
            "half": "1",
            "confidence": "0.5180901885032654"
        },
        {
            "gameTime": "1 - 36:30",
            "label": "Throw-in",
            "position": "2190500",
            "half": "1",
            "confidence": "0.5167949795722961"
        },
        {
            "gameTime": "1 - 8:18",
            "label": "Throw-in",
            "position": "498000",
            "half": "1",
            "confidence": "0.5082035064697266"
        },
        {
            "gameTime": "1 - 20:54",
            "label": "Foul",
            "position": "1254000",
            "half": "1",
            "confidence": "0.9157949686050415"
        },
        {
            "gameTime": "1 - 30:58",
            "label": "Foul",
            "position": "1858500",
            "half": "1",
            "confidence": "0.880177915096283"
        },
        {
            "gameTime": "1 - 5:26",
            "label": "Foul",
            "position": "326000",
            "half": "1",
            "confidence": "0.8580687642097473"
        },
        {
            "gameTime": "1 - 47:17",
            "label": "Foul",
            "position": "2837000",
            "half": "1",
            "confidence": "0.8268464207649231"
        },
        {
            "gameTime": "1 - 7:14",
            "label": "Foul",
            "position": "434000",
            "half": "1",
            "confidence": "0.7956423163414001"
        },
        {
            "gameTime": "1 - 45:26",
            "label": "Foul",
            "position": "2726500",
            "half": "1",
            "confidence": "0.7929481267929077"
        },
        {
            "gameTime": "1 - 47:29",
            "label": "Foul",
            "position": "2849500",
            "half": "1",
            "confidence": "0.778384804725647"
        },
        {
            "gameTime": "1 - 19:7",
            "label": "Foul",
            "position": "1147000",
            "half": "1",
            "confidence": "0.6810498833656311"
        },
        {
            "gameTime": "1 - 27:16",
            "label": "Foul",
            "position": "1636000",
            "half": "1",
            "confidence": "0.6541534662246704"
        },
        {
            "gameTime": "1 - 14:26",
            "label": "Foul",
            "position": "866000",
            "half": "1",
            "confidence": "0.581998884677887"
        },
        {
            "gameTime": "1 - 7:25",
            "label": "Foul",
            "position": "445000",
            "half": "1",
            "confidence": "0.5459744930267334"
        },
        {
            "gameTime": "1 - 32:53",
            "label": "Foul",
            "position": "1973000",
            "half": "1",
            "confidence": "0.5140194892883301"
        },
        {
            "gameTime": "1 - 12:56",
            "label": "Foul",
            "position": "776500",
            "half": "1",
            "confidence": "0.5034440755844116"
        },
        {
            "gameTime": "1 - 18:41",
            "label": "Direct free-kick",
            "position": "1121500",
            "half": "1",
            "confidence": "0.5707352161407471"
        },
        {
            "gameTime": "1 - 21:15",
            "label": "Direct free-kick",
            "position": "1275500",
            "half": "1",
            "confidence": "0.5437242388725281"
        },
        {
            "gameTime": "1 - 34:12",
            "label": "Corner",
            "position": "2052000",
            "half": "1",
            "confidence": "0.9318155646324158"
        },
        {
            "gameTime": "1 - 9:47",
            "label": "Corner",
            "position": "587000",
            "half": "1",
            "confidence": "0.8258419036865234"
        },
        {
            "gameTime": "1 - 18:39",
            "label": "Corner",
            "position": "1119500",
            "half": "1",
            "confidence": "0.6935881972312927"
        },
        {
            "gameTime": "1 - 4:25",
            "label": "Corner",
            "position": "265000",
            "half": "1",
            "confidence": "0.5858736634254456"
        },
        {
            "gameTime": "1 - 31:15",
            "label": "Yellow card",
            "position": "1875000",
            "half": "1",
            "confidence": "0.8995468616485596"
        },
        {
            "gameTime": "1 - 47:36",
            "label": "Yellow card",
            "position": "2856500",
            "half": "1",
            "confidence": "0.8883803486824036"
        },
        {
            "gameTime": "1 - 30:58",
            "label": "Yellow card",
            "position": "1858000",
            "half": "1",
            "confidence": "0.8529676198959351"
        },
        {
            "gameTime": "1 - 47:23",
            "label": "Yellow card",
            "position": "2843500",
            "half": "1",
            "confidence": "0.8250988125801086"
        },
        {
            "gameTime": "1 - 31:26",
            "label": "Yellow card",
            "position": "1886500",
            "half": "1",
            "confidence": "0.668733537197113"
        },
        {
            "gameTime": "2 - 30:14",
            "label": "Kick-off",
            "position": "1814500",
            "half": "2",
            "confidence": "0.9834380745887756"
        },
        {
            "gameTime": "2 - 52:44",
            "label": "Kick-off",
            "position": "3164000",
            "half": "2",
            "confidence": "0.902105450630188"
        },
        {
            "gameTime": "2 - 25:6",
            "label": "Kick-off",
            "position": "1506500",
            "half": "2",
            "confidence": "0.8898921012878418"
        },
        {
            "gameTime": "2 - 30:31",
            "label": "Kick-off",
            "position": "1831000",
            "half": "2",
            "confidence": "0.889713704586029"
        },
        {
            "gameTime": "2 - 53:0",
            "label": "Kick-off",
            "position": "3180500",
            "half": "2",
            "confidence": "0.8361272215843201"
        },
        {
            "gameTime": "2 - 25:19",
            "label": "Kick-off",
            "position": "1519000",
            "half": "2",
            "confidence": "0.7737604379653931"
        },
        {
            "gameTime": "2 - 53:10",
            "label": "Kick-off",
            "position": "3190500",
            "half": "2",
            "confidence": "0.7098576426506042"
        },
        {
            "gameTime": "2 - 46:14",
            "label": "Goal",
            "position": "2774500",
            "half": "2",
            "confidence": "0.6470038294792175"
        },
        {
            "gameTime": "2 - 12:25",
            "label": "Goal",
            "position": "745000",
            "half": "2",
            "confidence": "0.5328391790390015"
        },
        {
            "gameTime": "2 - 17:43",
            "label": "Substitution",
            "position": "1063500",
            "half": "2",
            "confidence": "0.9871009588241577"
        },
        {
            "gameTime": "2 - 44:57",
            "label": "Substitution",
            "position": "2697500",
            "half": "2",
            "confidence": "0.9646451473236084"
        },
        {
            "gameTime": "2 - 17:33",
            "label": "Substitution",
            "position": "1053000",
            "half": "2",
            "confidence": "0.9599015116691589"
        },
        {
            "gameTime": "2 - 18:22",
            "label": "Substitution",
            "position": "1102000",
            "half": "2",
            "confidence": "0.9515318870544434"
        },
        {
            "gameTime": "2 - 44:47",
            "label": "Substitution",
            "position": "2687000",
            "half": "2",
            "confidence": "0.9122374653816223"
        },
        {
            "gameTime": "2 - 17:11",
            "label": "Substitution",
            "position": "1031500",
            "half": "2",
            "confidence": "0.8771283030509949"
        },
        {
            "gameTime": "2 - 17:53",
            "label": "Substitution",
            "position": "1073500",
            "half": "2",
            "confidence": "0.7998656630516052"
        },
        {
            "gameTime": "2 - 17:22",
            "label": "Substitution",
            "position": "1042500",
            "half": "2",
            "confidence": "0.7648414969444275"
        },
        {
            "gameTime": "2 - 26:42",
            "label": "Substitution",
            "position": "1602500",
            "half": "2",
            "confidence": "0.6219266057014465"
        },
        {
            "gameTime": "2 - 37:42",
            "label": "Substitution",
            "position": "2262500",
            "half": "2",
            "confidence": "0.5714482069015503"
        },
        {
            "gameTime": "2 - 18:32",
            "label": "Substitution",
            "position": "1112000",
            "half": "2",
            "confidence": "0.5645752549171448"
        },
        {
            "gameTime": "2 - 47:12",
            "label": "Substitution",
            "position": "2832000",
            "half": "2",
            "confidence": "0.5143324136734009"
        },
        {
            "gameTime": "2 - 22:18",
            "label": "Substitution",
            "position": "1338000",
            "half": "2",
            "confidence": "0.5108374357223511"
        },
        {
            "gameTime": "2 - 18:11",
            "label": "Substitution",
            "position": "1091500",
            "half": "2",
            "confidence": "0.5005348324775696"
        },
        {
            "gameTime": "2 - 28:29",
            "label": "Offside",
            "position": "1709000",
            "half": "2",
            "confidence": "0.5934146642684937"
        },
        {
            "gameTime": "2 - 36:23",
            "label": "Shots off target",
            "position": "2183000",
            "half": "2",
            "confidence": "0.5080799460411072"
        },
        {
            "gameTime": "2 - 45:12",
            "label": "Clearance",
            "position": "2712000",
            "half": "2",
            "confidence": "0.7725924253463745"
        },
        {
            "gameTime": "2 - 41:7",
            "label": "Clearance",
            "position": "2467000",
            "half": "2",
            "confidence": "0.6780989170074463"
        },
        {
            "gameTime": "2 - 19:16",
            "label": "Clearance",
            "position": "1156500",
            "half": "2",
            "confidence": "0.5925913453102112"
        },
        {
            "gameTime": "2 - 27:53",
            "label": "Clearance",
            "position": "1673500",
            "half": "2",
            "confidence": "0.57376629114151"
        },
        {
            "gameTime": "2 - 9:42",
            "label": "Clearance",
            "position": "582000",
            "half": "2",
            "confidence": "0.5539467930793762"
        },
        {
            "gameTime": "2 - 36:36",
            "label": "Clearance",
            "position": "2196000",
            "half": "2",
            "confidence": "0.5329998731613159"
        },
        {
            "gameTime": "2 - 13:16",
            "label": "Clearance",
            "position": "796000",
            "half": "2",
            "confidence": "0.5000497698783875"
        },
        {
            "gameTime": "2 - 21:8",
            "label": "Ball out of play",
            "position": "1268000",
            "half": "2",
            "confidence": "0.8480022549629211"
        },
        {
            "gameTime": "2 - 24:26",
            "label": "Ball out of play",
            "position": "1466500",
            "half": "2",
            "confidence": "0.8269140124320984"
        },
        {
            "gameTime": "2 - 29:34",
            "label": "Ball out of play",
            "position": "1774500",
            "half": "2",
            "confidence": "0.8166706562042236"
        },
        {
            "gameTime": "2 - 1:23",
            "label": "Ball out of play",
            "position": "83500",
            "half": "2",
            "confidence": "0.8104893565177917"
        },
        {
            "gameTime": "2 - 10:25",
            "label": "Ball out of play",
            "position": "625000",
            "half": "2",
            "confidence": "0.8097889423370361"
        },
        {
            "gameTime": "2 - 31:35",
            "label": "Ball out of play",
            "position": "1895500",
            "half": "2",
            "confidence": "0.8040168881416321"
        },
        {
            "gameTime": "2 - 43:12",
            "label": "Ball out of play",
            "position": "2592500",
            "half": "2",
            "confidence": "0.8025040626525879"
        },
        {
            "gameTime": "2 - 39:41",
            "label": "Ball out of play",
            "position": "2381500",
            "half": "2",
            "confidence": "0.8005375266075134"
        },
        {
            "gameTime": "2 - 41:55",
            "label": "Ball out of play",
            "position": "2515000",
            "half": "2",
            "confidence": "0.7950184941291809"
        },
        {
            "gameTime": "2 - 32:6",
            "label": "Ball out of play",
            "position": "1926500",
            "half": "2",
            "confidence": "0.7907048463821411"
        },
        {
            "gameTime": "2 - 29:24",
            "label": "Ball out of play",
            "position": "1764000",
            "half": "2",
            "confidence": "0.7821364998817444"
        },
        {
            "gameTime": "2 - 40:14",
            "label": "Ball out of play",
            "position": "2414000",
            "half": "2",
            "confidence": "0.7778652906417847"
        },
        {
            "gameTime": "2 - 19:58",
            "label": "Ball out of play",
            "position": "1198000",
            "half": "2",
            "confidence": "0.7725496292114258"
        },
        {
            "gameTime": "2 - 46:2",
            "label": "Ball out of play",
            "position": "2762500",
            "half": "2",
            "confidence": "0.7719326019287109"
        },
        {
            "gameTime": "2 - 1:33",
            "label": "Ball out of play",
            "position": "93500",
            "half": "2",
            "confidence": "0.7625723481178284"
        },
        {
            "gameTime": "2 - 47:55",
            "label": "Ball out of play",
            "position": "2875000",
            "half": "2",
            "confidence": "0.7509822249412537"
        },
        {
            "gameTime": "2 - 36:14",
            "label": "Ball out of play",
            "position": "2174000",
            "half": "2",
            "confidence": "0.726658821105957"
        },
        {
            "gameTime": "2 - 48:8",
            "label": "Ball out of play",
            "position": "2888500",
            "half": "2",
            "confidence": "0.7213285565376282"
        },
        {
            "gameTime": "2 - 39:18",
            "label": "Ball out of play",
            "position": "2358500",
            "half": "2",
            "confidence": "0.712146520614624"
        },
        {
            "gameTime": "2 - 43:22",
            "label": "Ball out of play",
            "position": "2602500",
            "half": "2",
            "confidence": "0.7012885808944702"
        },
        {
            "gameTime": "2 - 27:49",
            "label": "Ball out of play",
            "position": "1669000",
            "half": "2",
            "confidence": "0.6666276454925537"
        },
        {
            "gameTime": "2 - 40:24",
            "label": "Ball out of play",
            "position": "2424500",
            "half": "2",
            "confidence": "0.6665935516357422"
        },
        {
            "gameTime": "2 - 16:37",
            "label": "Ball out of play",
            "position": "997500",
            "half": "2",
            "confidence": "0.6556867957115173"
        },
        {
            "gameTime": "2 - 19:2",
            "label": "Ball out of play",
            "position": "1142500",
            "half": "2",
            "confidence": "0.6511505842208862"
        },
        {
            "gameTime": "2 - 5:47",
            "label": "Ball out of play",
            "position": "347000",
            "half": "2",
            "confidence": "0.6479036211967468"
        },
        {
            "gameTime": "2 - 47:31",
            "label": "Ball out of play",
            "position": "2851000",
            "half": "2",
            "confidence": "0.6473401784896851"
        },
        {
            "gameTime": "2 - 39:8",
            "label": "Ball out of play",
            "position": "2348000",
            "half": "2",
            "confidence": "0.6467012763023376"
        },
        {
            "gameTime": "2 - 31:45",
            "label": "Ball out of play",
            "position": "1905500",
            "half": "2",
            "confidence": "0.6456890106201172"
        },
        {
            "gameTime": "2 - 16:4",
            "label": "Ball out of play",
            "position": "964000",
            "half": "2",
            "confidence": "0.6411452293395996"
        },
        {
            "gameTime": "2 - 36:25",
            "label": "Ball out of play",
            "position": "2185500",
            "half": "2",
            "confidence": "0.6397210359573364"
        },
        {
            "gameTime": "2 - 44:11",
            "label": "Ball out of play",
            "position": "2651000",
            "half": "2",
            "confidence": "0.6371967196464539"
        },
        {
            "gameTime": "2 - 21:18",
            "label": "Ball out of play",
            "position": "1278500",
            "half": "2",
            "confidence": "0.6235640645027161"
        },
        {
            "gameTime": "2 - 49:3",
            "label": "Ball out of play",
            "position": "2943000",
            "half": "2",
            "confidence": "0.6103434562683105"
        },
        {
            "gameTime": "2 - 35:3",
            "label": "Ball out of play",
            "position": "2103000",
            "half": "2",
            "confidence": "0.5976110100746155"
        },
        {
            "gameTime": "2 - 45:17",
            "label": "Ball out of play",
            "position": "2717000",
            "half": "2",
            "confidence": "0.5960698127746582"
        },
        {
            "gameTime": "2 - 46:12",
            "label": "Ball out of play",
            "position": "2772500",
            "half": "2",
            "confidence": "0.5923302173614502"
        },
        {
            "gameTime": "2 - 14:27",
            "label": "Ball out of play",
            "position": "867000",
            "half": "2",
            "confidence": "0.5898589491844177"
        },
        {
            "gameTime": "2 - 19:12",
            "label": "Ball out of play",
            "position": "1152500",
            "half": "2",
            "confidence": "0.5858723521232605"
        },
        {
            "gameTime": "2 - 38:56",
            "label": "Ball out of play",
            "position": "2336500",
            "half": "2",
            "confidence": "0.5844945311546326"
        },
        {
            "gameTime": "2 - 23:23",
            "label": "Ball out of play",
            "position": "1403000",
            "half": "2",
            "confidence": "0.5791572332382202"
        },
        {
            "gameTime": "2 - 9:22",
            "label": "Ball out of play",
            "position": "562000",
            "half": "2",
            "confidence": "0.5668232440948486"
        },
        {
            "gameTime": "2 - 35:15",
            "label": "Ball out of play",
            "position": "2115000",
            "half": "2",
            "confidence": "0.5628476142883301"
        },
        {
            "gameTime": "2 - 30:48",
            "label": "Ball out of play",
            "position": "1848000",
            "half": "2",
            "confidence": "0.5554648637771606"
        },
        {
            "gameTime": "2 - 23:53",
            "label": "Ball out of play",
            "position": "1433500",
            "half": "2",
            "confidence": "0.5413766503334045"
        },
        {
            "gameTime": "2 - 27:38",
            "label": "Ball out of play",
            "position": "1658000",
            "half": "2",
            "confidence": "0.5391759276390076"
        },
        {
            "gameTime": "2 - 15:46",
            "label": "Ball out of play",
            "position": "946500",
            "half": "2",
            "confidence": "0.5368078947067261"
        },
        {
            "gameTime": "2 - 19:47",
            "label": "Ball out of play",
            "position": "1187500",
            "half": "2",
            "confidence": "0.5134096741676331"
        },
        {
            "gameTime": "2 - 10:14",
            "label": "Ball out of play",
            "position": "614500",
            "half": "2",
            "confidence": "0.5099602341651917"
        },
        {
            "gameTime": "2 - 16:17",
            "label": "Ball out of play",
            "position": "977500",
            "half": "2",
            "confidence": "0.5080257654190063"
        },
        {
            "gameTime": "2 - 48:28",
            "label": "Ball out of play",
            "position": "2908000",
            "half": "2",
            "confidence": "0.5054764151573181"
        },
        {
            "gameTime": "2 - 18:37",
            "label": "Ball out of play",
            "position": "1117500",
            "half": "2",
            "confidence": "0.5009844303131104"
        },
        {
            "gameTime": "2 - 1:25",
            "label": "Throw-in",
            "position": "85500",
            "half": "2",
            "confidence": "0.8667625188827515"
        },
        {
            "gameTime": "2 - 33:8",
            "label": "Throw-in",
            "position": "1988500",
            "half": "2",
            "confidence": "0.8424723148345947"
        },
        {
            "gameTime": "2 - 32:57",
            "label": "Throw-in",
            "position": "1977000",
            "half": "2",
            "confidence": "0.8199443817138672"
        },
        {
            "gameTime": "2 - 24:15",
            "label": "Throw-in",
            "position": "1455500",
            "half": "2",
            "confidence": "0.7896493673324585"
        },
        {
            "gameTime": "2 - 27:0",
            "label": "Throw-in",
            "position": "1620500",
            "half": "2",
            "confidence": "0.7741419076919556"
        },
        {
            "gameTime": "2 - 0:59",
            "label": "Throw-in",
            "position": "59500",
            "half": "2",
            "confidence": "0.754693865776062"
        },
        {
            "gameTime": "2 - 5:14",
            "label": "Throw-in",
            "position": "314000",
            "half": "2",
            "confidence": "0.7442721724510193"
        },
        {
            "gameTime": "2 - 33:19",
            "label": "Throw-in",
            "position": "1999000",
            "half": "2",
            "confidence": "0.7348447442054749"
        },
        {
            "gameTime": "2 - 23:59",
            "label": "Throw-in",
            "position": "1439000",
            "half": "2",
            "confidence": "0.7342824935913086"
        },
        {
            "gameTime": "2 - 5:2",
            "label": "Throw-in",
            "position": "302500",
            "half": "2",
            "confidence": "0.7018857002258301"
        },
        {
            "gameTime": "2 - 48:17",
            "label": "Throw-in",
            "position": "2897000",
            "half": "2",
            "confidence": "0.6975786089897156"
        },
        {
            "gameTime": "2 - 21:8",
            "label": "Throw-in",
            "position": "1268000",
            "half": "2",
            "confidence": "0.6950054168701172"
        },
        {
            "gameTime": "2 - 40:12",
            "label": "Throw-in",
            "position": "2412500",
            "half": "2",
            "confidence": "0.6915665864944458"
        },
        {
            "gameTime": "2 - 19:57",
            "label": "Throw-in",
            "position": "1197500",
            "half": "2",
            "confidence": "0.6852381229400635"
        },
        {
            "gameTime": "2 - 44:10",
            "label": "Throw-in",
            "position": "2650500",
            "half": "2",
            "confidence": "0.684293806552887"
        },
        {
            "gameTime": "2 - 5:24",
            "label": "Throw-in",
            "position": "324000",
            "half": "2",
            "confidence": "0.6632217764854431"
        },
        {
            "gameTime": "2 - 47:14",
            "label": "Throw-in",
            "position": "2834000",
            "half": "2",
            "confidence": "0.6584749817848206"
        },
        {
            "gameTime": "2 - 2:19",
            "label": "Throw-in",
            "position": "139000",
            "half": "2",
            "confidence": "0.6537987589836121"
        },
        {
            "gameTime": "2 - 32:46",
            "label": "Throw-in",
            "position": "1966500",
            "half": "2",
            "confidence": "0.6527873277664185"
        },
        {
            "gameTime": "2 - 50:3",
            "label": "Throw-in",
            "position": "3003500",
            "half": "2",
            "confidence": "0.6450697779655457"
        },
        {
            "gameTime": "2 - 10:27",
            "label": "Throw-in",
            "position": "627000",
            "half": "2",
            "confidence": "0.6284576654434204"
        },
        {
            "gameTime": "2 - 48:5",
            "label": "Throw-in",
            "position": "2885500",
            "half": "2",
            "confidence": "0.6279767155647278"
        },
        {
            "gameTime": "2 - 43:6",
            "label": "Throw-in",
            "position": "2586000",
            "half": "2",
            "confidence": "0.621866762638092"
        },
        {
            "gameTime": "2 - 23:26",
            "label": "Throw-in",
            "position": "1406000",
            "half": "2",
            "confidence": "0.6129248142242432"
        },
        {
            "gameTime": "2 - 45:20",
            "label": "Throw-in",
            "position": "2720500",
            "half": "2",
            "confidence": "0.6001536250114441"
        },
        {
            "gameTime": "2 - 1:12",
            "label": "Throw-in",
            "position": "72000",
            "half": "2",
            "confidence": "0.5864875316619873"
        },
        {
            "gameTime": "2 - 47:30",
            "label": "Throw-in",
            "position": "2850500",
            "half": "2",
            "confidence": "0.5861514210700989"
        },
        {
            "gameTime": "2 - 31:32",
            "label": "Throw-in",
            "position": "1892500",
            "half": "2",
            "confidence": "0.5840329527854919"
        },
        {
            "gameTime": "2 - 23:15",
            "label": "Throw-in",
            "position": "1395500",
            "half": "2",
            "confidence": "0.5645435452461243"
        },
        {
            "gameTime": "2 - 49:0",
            "label": "Throw-in",
            "position": "2940500",
            "half": "2",
            "confidence": "0.5600354671478271"
        },
        {
            "gameTime": "2 - 20:57",
            "label": "Throw-in",
            "position": "1257500",
            "half": "2",
            "confidence": "0.553192675113678"
        },
        {
            "gameTime": "2 - 3:50",
            "label": "Throw-in",
            "position": "230500",
            "half": "2",
            "confidence": "0.545393705368042"
        },
        {
            "gameTime": "2 - 39:19",
            "label": "Throw-in",
            "position": "2359500",
            "half": "2",
            "confidence": "0.5339303016662598"
        },
        {
            "gameTime": "2 - 43:19",
            "label": "Throw-in",
            "position": "2599000",
            "half": "2",
            "confidence": "0.514177143573761"
        },
        {
            "gameTime": "2 - 29:23",
            "label": "Throw-in",
            "position": "1763000",
            "half": "2",
            "confidence": "0.5038782954216003"
        },
        {
            "gameTime": "2 - 4:37",
            "label": "Foul",
            "position": "277500",
            "half": "2",
            "confidence": "0.8226644396781921"
        },
        {
            "gameTime": "2 - 14:43",
            "label": "Foul",
            "position": "883000",
            "half": "2",
            "confidence": "0.7942578196525574"
        },
        {
            "gameTime": "2 - 4:47",
            "label": "Foul",
            "position": "287500",
            "half": "2",
            "confidence": "0.7631934285163879"
        },
        {
            "gameTime": "2 - 38:39",
            "label": "Foul",
            "position": "2319000",
            "half": "2",
            "confidence": "0.7602270245552063"
        },
        {
            "gameTime": "2 - 6:44",
            "label": "Foul",
            "position": "404500",
            "half": "2",
            "confidence": "0.6996430158615112"
        },
        {
            "gameTime": "2 - 34:8",
            "label": "Foul",
            "position": "2048500",
            "half": "2",
            "confidence": "0.6863125562667847"
        },
        {
            "gameTime": "2 - 41:58",
            "label": "Foul",
            "position": "2518000",
            "half": "2",
            "confidence": "0.5070238709449768"
        },
        {
            "gameTime": "2 - 10:55",
            "label": "Foul",
            "position": "655000",
            "half": "2",
            "confidence": "0.5067535638809204"
        },
        {
            "gameTime": "2 - 26:53",
            "label": "Indirect free-kick",
            "position": "1613500",
            "half": "2",
            "confidence": "0.5552783012390137"
        },
        {
            "gameTime": "2 - 34:33",
            "label": "Indirect free-kick",
            "position": "2073500",
            "half": "2",
            "confidence": "0.5078610777854919"
        },
        {
            "gameTime": "2 - 15:27",
            "label": "Direct free-kick",
            "position": "927000",
            "half": "2",
            "confidence": "0.6078200340270996"
        },
        {
            "gameTime": "2 - 14:20",
            "label": "Corner",
            "position": "860500",
            "half": "2",
            "confidence": "0.9894185662269592"
        },
        {
            "gameTime": "2 - 39:12",
            "label": "Corner",
            "position": "2352000",
            "half": "2",
            "confidence": "0.9807172417640686"
        },
        {
            "gameTime": "2 - 39:22",
            "label": "Corner",
            "position": "2362000",
            "half": "2",
            "confidence": "0.8781323432922363"
        },
        {
            "gameTime": "2 - 15:48",
            "label": "Corner",
            "position": "948000",
            "half": "2",
            "confidence": "0.8495286107063293"
        },
        {
            "gameTime": "2 - 39:56",
            "label": "Corner",
            "position": "2396500",
            "half": "2",
            "confidence": "0.8475096225738525"
        },
        {
            "gameTime": "2 - 14:7",
            "label": "Corner",
            "position": "847500",
            "half": "2",
            "confidence": "0.8369395136833191"
        },
        {
            "gameTime": "2 - 15:35",
            "label": "Corner",
            "position": "935000",
            "half": "2",
            "confidence": "0.8239796161651611"
        },
        {
            "gameTime": "2 - 39:46",
            "label": "Corner",
            "position": "2386000",
            "half": "2",
            "confidence": "0.7597227692604065"
        },
        {
            "gameTime": "2 - 16:34",
            "label": "Corner",
            "position": "994000",
            "half": "2",
            "confidence": "0.615195095539093"
        },
        {
            "gameTime": "2 - 6:1",
            "label": "Corner",
            "position": "361500",
            "half": "2",
            "confidence": "0.5048595666885376"
        },
        {
            "gameTime": "2 - 34:18",
            "label": "Yellow card",
            "position": "2058500",
            "half": "2",
            "confidence": "0.9366903305053711"
        },
        {
            "gameTime": "2 - 34:8",
            "label": "Yellow card",
            "position": "2048000",
            "half": "2",
            "confidence": "0.9110054969787598"
        },
        {
            "gameTime": "2 - 14:55",
            "label": "Yellow card",
            "position": "895500",
            "half": "2",
            "confidence": "0.5874466896057129"
        },
        {
            "gameTime": "2 - 10:49",
            "label": "Yellow card",
            "position": "649500",
            "half": "2",
            "confidence": "0.58268803358078"
        }
    ]
}