{
    "UrlLocal": "spain_laliga/2019-2020/2019-10-05 - 18-00 Real Madrid 4 - 2 Granada",
    "UrlYoutube": "",
    "annotations": [
        {
            "change_type": "",
            "gameTime": "1 - 00:56",
            "label": "",
            "position": "56329",
            "replay": "real-time"
        },
        {
            "change_type": "",
            "gameTime": "1 - 01:00",
            "label": "",
            "link": "",
            "position": "60163",
            "replay": "replay"
        },
        {
            "change_type": "",
            "gameTime": "1 - 02:11",
            "label": "",
            "position": "131718",
            "replay": "real-time"
        },
        {
            "change_type": "",
            "gameTime": "1 - 02:27",
            "label": "",
            "link": "",
            "position": "147513",
            "replay": "replay"
        },
        {
            "change_type": "",
            "gameTime": "1 - 02:33",
            "label": "",
            "position": "153527",
            "replay": "other"
        },
        {
            "change_type": "",
            "gameTime": "1 - 02:41",
            "label": "",
            "link": "",
            "position": "161886",
            "replay": "replay"
        },
        {
            "change_type": "",
            "gameTime": "1 - 02:48",
            "label": "",
            "link": "",
            "position": "168736",
            "replay": "replay"
        },
        {
            "change_type": "",
            "gameTime": "1 - 02:53",
            "label": "",
            "position": "173875",
            "replay": "other"
        },
        {
            "change_type": "",
            "gameTime": "1 - 03:50",
            "label": "",
            "position": "230927",
            "replay": "real-time"
        },
        {
            "change_type": "",
            "gameTime": "1 - 04:01",
            "label": "",
            "link": "",
            "position": "241939",
            "replay": "replay"
        },
        {
            "change_type": "",
            "gameTime": "1 - 04:05",
            "label": "",
            "link": "",
            "position": "245933",
            "replay": "replay"
        },
        {
            "change_type": "",
            "gameTime": "1 - 04:10",
            "label": "",
            "link": "",
            "position": "250800",
            "replay": "replay"
        },
        {
            "change_type": "",
            "gameTime": "1 - 04:40",
            "label": "",
            "position": "280470",
            "replay": "real-time"
        },
        {
            "change_type": "",
            "gameTime": "1 - 04:46",
            "label": "",
            "link": "",
            "position": "286233",
            "replay": "replay"
        },
        {
            "change_type": "",
            "gameTime": "1 - 04:52",
            "label": "",
            "link": "",
            "position": "292745",
            "replay": "replay"
        },
        {
            "change_type": "",
            "gameTime": "1 - 06:29",
            "label": "",
            "position": "389401",
            "replay": "real-time"
        },
        {
            "change_type": "",
            "gameTime": "1 - 06:43",
            "label": "",
            "link": "",
            "position": "403956",
            "replay": "replay"
        },
        {
            "change_type": "",
            "gameTime": "1 - 07:49",
            "label": "",
            "position": "469397",
            "replay": "real-time"
        },
        {
            "change_type": "",
            "gameTime": "1 - 07:54",
            "label": "",
            "link": "",
            "position": "474885",
            "replay": "replay"
        },
        {
            "change_type": "",
            "gameTime": "1 - 09:48",
            "label": "",
            "position": "588055",
            "replay": "real-time"
        },
        {
            "change_type": "",
            "gameTime": "1 - 09:53",
            "label": "",
            "link": "",
            "position": "593604",
            "replay": "replay"
        },
        {
            "change_type": "",
            "gameTime": "1 - 10:00",
            "label": "",
            "link": "",
            "position": "600079",
            "replay": "replay"
        },
        {
            "change_type": "",
            "gameTime": "1 - 10:06",
            "label": "",
            "link": "",
            "position": "606833",
            "replay": "replay"
        },
        {
            "change_type": "",
            "gameTime": "1 - 10:11",
            "label": "",
            "position": "611791",
            "replay": "other"
        },
        {
            "change_type": "",
            "gameTime": "1 - 11:31",
            "label": "",
            "position": "691142",
            "replay": "real-time"
        },
        {
            "change_type": "",
            "gameTime": "1 - 11:39",
            "label": "",
            "link": "",
            "position": "699844",
            "replay": "replay"
        },
        {
            "change_type": "",
            "gameTime": "1 - 11:43",
            "label": "",
            "link": "",
            "position": "703707",
            "replay": "replay"
        },
        {
            "change_type": "",
            "gameTime": "1 - 11:55",
            "label": "",
            "position": "715999",
            "replay": "real-time"
        },
        {
            "change_type": "",
            "gameTime": "1 - 11:59",
            "label": "",
            "link": "",
            "position": "719578",
            "replay": "replay"
        },
        {
            "change_type": "",
            "gameTime": "1 - 12:04",
            "label": "",
            "link": "",
            "position": "724674",
            "replay": "replay"
        },
        {
            "change_type": "",
            "gameTime": "1 - 12:45",
            "label": "",
            "position": "765347",
            "replay": "real-time"
        },
        {
            "change_type": "",
            "gameTime": "1 - 12:54",
            "label": "",
            "link": "",
            "position": "774004",
            "replay": "replay"
        },
        {
            "change_type": "",
            "gameTime": "1 - 12:58",
            "label": "",
            "position": "778050",
            "replay": "other"
        },
        {
            "change_type": "",
            "gameTime": "1 - 13:37",
            "label": "",
            "position": "817998",
            "replay": "real-time"
        },
        {
            "change_type": "",
            "gameTime": "1 - 13:43",
            "label": "",
            "link": "",
            "position": "823939",
            "replay": "replay"
        },
        {
            "change_type": "",
            "gameTime": "1 - 13:47",
            "label": "",
            "link": "",
            "position": "827640",
            "replay": "replay"
        },
        {
            "change_type": "",
            "gameTime": "1 - 14:18",
            "label": "",
            "position": "858801",
            "replay": "real-time"
        },
        {
            "change_type": "",
            "gameTime": "1 - 14:24",
            "label": "",
            "link": "",
            "position": "864367",
            "replay": "replay"
        },
        {
            "change_type": "",
            "gameTime": "1 - 15:52",
            "label": "",
            "position": "952877",
            "replay": "real-time"
        },
        {
            "change_type": "",
            "gameTime": "1 - 16:00",
            "label": "",
            "link": "",
            "position": "960335",
            "replay": "replay"
        },
        {
            "change_type": "",
            "gameTime": "1 - 16:04",
            "label": "",
            "link": "",
            "position": "964699",
            "replay": "replay"
        },
        {
            "change_type": "",
            "gameTime": "1 - 17:30",
            "label": "",
            "position": "1050267",
            "replay": "real-time"
        },
        {
            "change_type": "",
            "gameTime": "1 - 17:36",
            "label": "",
            "link": "",
            "position": "1056973",
            "replay": "replay"
        },
        {
            "change_type": "",
            "gameTime": "1 - 17:43",
            "label": "",
            "link": "",
            "position": "1063899",
            "replay": "replay"
        },
        {
            "change_type": "",
            "gameTime": "1 - 18:06",
            "label": "",
            "position": "1086399",
            "replay": "real-time"
        },
        {
            "change_type": "",
            "gameTime": "1 - 18:11",
            "label": "",
            "link": "",
            "position": "1091739",
            "replay": "replay"
        },
        {
            "change_type": "",
            "gameTime": "1 - 22:21",
            "label": "",
            "position": "1341083",
            "replay": "real-time"
        },
        {
            "change_type": "",
            "gameTime": "1 - 22:26",
            "label": "",
            "link": "",
            "position": "1346633",
            "replay": "replay"
        },
        {
            "change_type": "",
            "gameTime": "1 - 22:29",
            "label": "",
            "link": "",
            "position": "1349934",
            "replay": "replay"
        },
        {
            "change_type": "",
            "gameTime": "1 - 22:34",
            "label": "",
            "link": "",
            "position": "1354002",
            "replay": "replay"
        },
        {
            "change_type": "",
            "gameTime": "1 - 23:39",
            "label": "",
            "position": "1419537",
            "replay": "real-time"
        },
        {
            "change_type": "",
            "gameTime": "1 - 23:43",
            "label": "",
            "link": "",
            "position": "1423717",
            "replay": "replay"
        },
        {
            "change_type": "",
            "gameTime": "1 - 23:49",
            "label": "",
            "link": "",
            "position": "1429938",
            "replay": "replay"
        },
        {
            "change_type": "",
            "gameTime": "1 - 24:39",
            "label": "",
            "position": "1479910",
            "replay": "real-time"
        },
        {
            "change_type": "",
            "gameTime": "1 - 24:45",
            "label": "",
            "link": "",
            "position": "1485638",
            "replay": "replay"
        },
        {
            "change_type": "",
            "gameTime": "1 - 24:50",
            "label": "",
            "link": "",
            "position": "1490088",
            "replay": "replay"
        },
        {
            "change_type": "",
            "gameTime": "1 - 25:59",
            "label": "",
            "position": "1559952",
            "replay": "real-time"
        },
        {
            "change_type": "",
            "gameTime": "1 - 26:10",
            "label": "",
            "link": "",
            "position": "1570853",
            "replay": "replay"
        },
        {
            "change_type": "",
            "gameTime": "1 - 26:16",
            "label": "",
            "link": "",
            "position": "1576620",
            "replay": "replay"
        },
        {
            "change_type": "",
            "gameTime": "1 - 27:58",
            "label": "",
            "position": "1678938",
            "replay": "real-time"
        },
        {
            "change_type": "",
            "gameTime": "1 - 28:06",
            "label": "",
            "link": "",
            "position": "1686286",
            "replay": "replay"
        },
        {
            "change_type": "",
            "gameTime": "1 - 29:41",
            "label": "",
            "position": "1781384",
            "replay": "real-time"
        },
        {
            "change_type": "",
            "gameTime": "1 - 29:50",
            "label": "",
            "link": "",
            "position": "1790525",
            "replay": "replay"
        },
        {
            "change_type": "",
            "gameTime": "1 - 29:54",
            "label": "",
            "link": "",
            "position": "1794698",
            "replay": "replay"
        },
        {
            "change_type": "",
            "gameTime": "1 - 29:58",
            "label": "",
            "position": "1798557",
            "replay": "other"
        },
        {
            "change_type": "",
            "gameTime": "1 - 33:04",
            "label": "",
            "position": "1984138",
            "replay": "real-time"
        },
        {
            "change_type": "",
            "gameTime": "1 - 33:09",
            "label": "",
            "link": "",
            "position": "1989637",
            "replay": "replay"
        },
        {
            "change_type": "",
            "gameTime": "1 - 34:52",
            "label": "",
            "position": "2092737",
            "replay": "real-time"
        },
        {
            "change_type": "",
            "gameTime": "1 - 35:01",
            "label": "",
            "link": "",
            "position": "2101023",
            "replay": "replay"
        },
        {
            "change_type": "",
            "gameTime": "1 - 35:05",
            "label": "",
            "link": "",
            "position": "2105042",
            "replay": "replay"
        },
        {
            "change_type": "",
            "gameTime": "1 - 35:08",
            "label": "",
            "position": "2108297",
            "replay": "other"
        },
        {
            "change_type": "",
            "gameTime": "1 - 38:49",
            "label": "",
            "position": "2329143",
            "replay": "real-time"
        },
        {
            "change_type": "",
            "gameTime": "1 - 38:55",
            "label": "",
            "link": "",
            "position": "2335298",
            "replay": "replay"
        },
        {
            "change_type": "",
            "gameTime": "1 - 39:01",
            "label": "",
            "link": "",
            "position": "2341205",
            "replay": "replay"
        },
        {
            "change_type": "",
            "gameTime": "1 - 40:05",
            "label": "",
            "position": "2405005",
            "replay": "real-time"
        },
        {
            "change_type": "",
            "gameTime": "1 - 40:17",
            "label": "",
            "link": "",
            "position": "2417341",
            "replay": "replay"
        },
        {
            "change_type": "",
            "gameTime": "1 - 40:50",
            "label": "",
            "position": "2450894",
            "replay": "real-time"
        },
        {
            "change_type": "",
            "gameTime": "1 - 40:57",
            "label": "",
            "link": "",
            "position": "2457491",
            "replay": "replay"
        },
        {
            "change_type": "",
            "gameTime": "1 - 41:03",
            "label": "",
            "link": "",
            "position": "2463603",
            "replay": "replay"
        },
        {
            "change_type": "",
            "gameTime": "1 - 41:07",
            "label": "",
            "link": "",
            "position": "2467939",
            "replay": "replay"
        },
        {
            "change_type": "",
            "gameTime": "1 - 41:36",
            "label": "",
            "position": "2496167",
            "replay": "real-time"
        },
        {
            "change_type": "",
            "gameTime": "1 - 41:42",
            "label": "",
            "link": "",
            "position": "2502180",
            "replay": "replay"
        },
        {
            "change_type": "",
            "gameTime": "1 - 41:46",
            "label": "",
            "link": "",
            "position": "2506446",
            "replay": "replay"
        },
        {
            "change_type": "",
            "gameTime": "1 - 42:43",
            "label": "",
            "position": "2563880",
            "replay": "real-time"
        },
        {
            "change_type": "",
            "gameTime": "1 - 42:49",
            "label": "",
            "link": "",
            "position": "2569093",
            "replay": "replay"
        },
        {
            "change_type": "",
            "gameTime": "1 - 42:56",
            "label": "",
            "link": "",
            "position": "2576349",
            "replay": "replay"
        },
        {
            "change_type": "",
            "gameTime": "1 - 42:59",
            "label": "",
            "position": "2579972",
            "replay": "other"
        },
        {
            "change_type": "",
            "gameTime": "1 - 46:17",
            "label": "",
            "position": "2777013",
            "replay": "real-time"
        },
        {
            "change_type": "",
            "gameTime": "1 - 46:30",
            "label": "",
            "link": "",
            "position": "2790191",
            "replay": "replay"
        },
        {
            "change_type": "",
            "gameTime": "1 - 46:37",
            "label": "",
            "link": "",
            "position": "2797933",
            "replay": "replay"
        },
        {
            "change_type": "",
            "gameTime": "1 - 46:45",
            "label": "",
            "link": "",
            "position": "2805101",
            "replay": "replay"
        },
        {
            "change_type": "",
            "gameTime": "1 - 46:50",
            "label": "",
            "link": "",
            "position": "2810580",
            "replay": "replay"
        },
        {
            "change_type": "",
            "gameTime": "1 - 46:55",
            "label": "",
            "position": "2815205",
            "replay": "other"
        },
        {
            "change_type": "",
            "gameTime": "1 - 47:02",
            "label": "",
            "position": "2822864",
            "replay": "other"
        },
        {
            "change_type": "",
            "gameTime": "2 - 02:38",
            "label": "",
            "position": "158012",
            "replay": "real-time"
        },
        {
            "change_type": "",
            "gameTime": "2 - 02:44",
            "label": "",
            "link": "",
            "position": "164640",
            "replay": "replay"
        },
        {
            "change_type": "",
            "gameTime": "2 - 02:51",
            "label": "",
            "link": "",
            "position": "171689",
            "replay": "replay"
        },
        {
            "change_type": "",
            "gameTime": "2 - 02:56",
            "label": "",
            "link": "",
            "position": "176884",
            "replay": "replay"
        },
        {
            "change_type": "",
            "gameTime": "2 - 06:35",
            "label": "",
            "position": "395185",
            "replay": "real-time"
        },
        {
            "change_type": "",
            "gameTime": "2 - 06:47",
            "label": "",
            "link": "",
            "position": "407950",
            "replay": "replay"
        },
        {
            "change_type": "",
            "gameTime": "2 - 07:52",
            "label": "",
            "position": "472982",
            "replay": "real-time"
        },
        {
            "change_type": "",
            "gameTime": "2 - 08:06",
            "label": "",
            "link": "",
            "position": "486296",
            "replay": "replay"
        },
        {
            "change_type": "",
            "gameTime": "2 - 08:14",
            "label": "",
            "link": "",
            "position": "494333",
            "replay": "replay"
        },
        {
            "change_type": "",
            "gameTime": "2 - 11:09",
            "label": "",
            "position": "669880",
            "replay": "real-time"
        },
        {
            "change_type": "",
            "gameTime": "2 - 11:19",
            "label": "",
            "link": "",
            "position": "679950",
            "replay": "replay"
        },
        {
            "change_type": "",
            "gameTime": "2 - 12:04",
            "label": "",
            "position": "724551",
            "replay": "real-time"
        },
        {
            "change_type": "",
            "gameTime": "2 - 12:20",
            "label": "",
            "link": "",
            "position": "740845",
            "replay": "replay"
        },
        {
            "change_type": "",
            "gameTime": "2 - 14:53",
            "label": "",
            "position": "893653",
            "replay": "real-time"
        },
        {
            "change_type": "",
            "gameTime": "2 - 14:59",
            "label": "",
            "link": "",
            "position": "899336",
            "replay": "replay"
        },
        {
            "change_type": "",
            "gameTime": "2 - 15:04",
            "label": "",
            "link": "",
            "position": "904766",
            "replay": "replay"
        },
        {
            "change_type": "",
            "gameTime": "2 - 15:50",
            "label": "",
            "position": "950529",
            "replay": "real-time"
        },
        {
            "change_type": "",
            "gameTime": "2 - 16:08",
            "label": "",
            "link": "",
            "position": "968113",
            "replay": "replay"
        },
        {
            "change_type": "",
            "gameTime": "2 - 16:15",
            "label": "",
            "link": "",
            "position": "975255",
            "replay": "replay"
        },
        {
            "change_type": "",
            "gameTime": "2 - 16:21",
            "label": "",
            "link": "",
            "position": "981382",
            "replay": "replay"
        },
        {
            "change_type": "",
            "gameTime": "2 - 16:27",
            "label": "",
            "link": "",
            "position": "987964",
            "replay": "replay"
        },
        {
            "change_type": "",
            "gameTime": "2 - 16:33",
            "label": "",
            "position": "993557",
            "replay": "other"
        },
        {
            "change_type": "",
            "gameTime": "2 - 19:35",
            "label": "",
            "position": "1175135",
            "replay": "real-time"
        },
        {
            "change_type": "",
            "gameTime": "2 - 19:44",
            "label": "",
            "link": "",
            "position": "1184540",
            "replay": "replay"
        },
        {
            "change_type": "",
            "gameTime": "2 - 20:41",
            "label": "",
            "position": "1241958",
            "replay": "real-time"
        },
        {
            "change_type": "",
            "gameTime": "2 - 20:49",
            "label": "",
            "link": "",
            "position": "1249409",
            "replay": "replay"
        },
        {
            "change_type": "",
            "gameTime": "2 - 21:06",
            "label": "",
            "link": "",
            "position": "1266823",
            "replay": "replay"
        },
        {
            "change_type": "",
            "gameTime": "2 - 21:14",
            "label": "",
            "position": "1274615",
            "replay": "other"
        },
        {
            "change_type": "",
            "gameTime": "2 - 22:19",
            "label": "",
            "position": "1339800",
            "replay": "real-time"
        },
        {
            "change_type": "",
            "gameTime": "2 - 22:29",
            "label": "",
            "link": "",
            "position": "1349572",
            "replay": "replay"
        },
        {
            "change_type": "",
            "gameTime": "2 - 22:33",
            "label": "",
            "link": "",
            "position": "1353439",
            "replay": "replay"
        },
        {
            "change_type": "",
            "gameTime": "2 - 22:39",
            "label": "",
            "link": "",
            "position": "1359772",
            "replay": "replay"
        },
        {
            "change_type": "",
            "gameTime": "2 - 23:42",
            "label": "",
            "position": "1422636",
            "replay": "real-time"
        },
        {
            "change_type": "",
            "gameTime": "2 - 23:47",
            "label": "",
            "link": "",
            "position": "1427151",
            "replay": "replay"
        },
        {
            "change_type": "",
            "gameTime": "2 - 23:51",
            "label": "",
            "link": "",
            "position": "1431931",
            "replay": "replay"
        },
        {
            "change_type": "",
            "gameTime": "2 - 23:56",
            "label": "",
            "link": "",
            "position": "1436044",
            "replay": "replay"
        },
        {
            "change_type": "",
            "gameTime": "2 - 24:00",
            "label": "",
            "link": "",
            "position": "1440208",
            "replay": "replay"
        },
        {
            "change_type": "",
            "gameTime": "2 - 24:04",
            "label": "",
            "link": "",
            "position": "1444840",
            "replay": "replay"
        },
        {
            "change_type": "",
            "gameTime": "2 - 24:07",
            "label": "",
            "position": "1447569",
            "replay": "other"
        },
        {
            "change_type": "",
            "gameTime": "2 - 25:06",
            "label": "",
            "position": "1506558",
            "replay": "real-time"
        },
        {
            "change_type": "",
            "gameTime": "2 - 25:11",
            "label": "",
            "link": "",
            "position": "1511792",
            "replay": "replay"
        },
        {
            "change_type": "",
            "gameTime": "2 - 25:16",
            "label": "",
            "link": "",
            "position": "1516883",
            "replay": "replay"
        },
        {
            "change_type": "",
            "gameTime": "2 - 25:26",
            "label": "",
            "link": "",
            "position": "1526306",
            "replay": "replay"
        },
        {
            "change_type": "",
            "gameTime": "2 - 27:09",
            "label": "",
            "position": "1629558",
            "replay": "real-time"
        },
        {
            "change_type": "",
            "gameTime": "2 - 27:19",
            "label": "",
            "link": "",
            "position": "1639477",
            "replay": "replay"
        },
        {
            "change_type": "",
            "gameTime": "2 - 27:26",
            "label": "",
            "link": "",
            "position": "1646510",
            "replay": "replay"
        },
        {
            "change_type": "",
            "gameTime": "2 - 28:05",
            "label": "",
            "position": "1685232",
            "replay": "real-time"
        },
        {
            "change_type": "",
            "gameTime": "2 - 28:11",
            "label": "",
            "link": "",
            "position": "1691154",
            "replay": "replay"
        },
        {
            "change_type": "",
            "gameTime": "2 - 28:19",
            "label": "",
            "link": "",
            "position": "1699178",
            "replay": "replay"
        },
        {
            "change_type": "",
            "gameTime": "2 - 29:01",
            "label": "",
            "position": "1741701",
            "replay": "real-time"
        },
        {
            "change_type": "",
            "gameTime": "2 - 29:06",
            "label": "",
            "link": "",
            "position": "1746894",
            "replay": "replay"
        },
        {
            "change_type": "",
            "gameTime": "2 - 29:11",
            "label": "",
            "link": "",
            "position": "1751564",
            "replay": "replay"
        },
        {
            "change_type": "",
            "gameTime": "2 - 29:54",
            "label": "",
            "position": "1794113",
            "replay": "real-time"
        },
        {
            "change_type": "",
            "gameTime": "2 - 30:00",
            "label": "",
            "link": "",
            "position": "1800490",
            "replay": "replay"
        },
        {
            "change_type": "",
            "gameTime": "2 - 30:06",
            "label": "",
            "link": "",
            "position": "1806482",
            "replay": "replay"
        },
        {
            "change_type": "",
            "gameTime": "2 - 30:54",
            "label": "",
            "position": "1854623",
            "replay": "real-time"
        },
        {
            "change_type": "",
            "gameTime": "2 - 31:00",
            "label": "",
            "link": "",
            "position": "1860729",
            "replay": "replay"
        },
        {
            "change_type": "",
            "gameTime": "2 - 31:28",
            "label": "",
            "position": "1888924",
            "replay": "real-time"
        },
        {
            "change_type": "",
            "gameTime": "2 - 31:33",
            "label": "",
            "link": "",
            "position": "1893945",
            "replay": "replay"
        },
        {
            "change_type": "",
            "gameTime": "2 - 32:14",
            "label": "",
            "position": "1934814",
            "replay": "real-time"
        },
        {
            "change_type": "",
            "gameTime": "2 - 32:23",
            "label": "",
            "link": "",
            "position": "1943672",
            "replay": "replay"
        },
        {
            "change_type": "",
            "gameTime": "2 - 32:30",
            "label": "",
            "link": "",
            "position": "1950101",
            "replay": "replay"
        },
        {
            "change_type": "",
            "gameTime": "2 - 32:38",
            "label": "",
            "link": "",
            "position": "1958736",
            "replay": "replay"
        },
        {
            "change_type": "",
            "gameTime": "2 - 33:02",
            "label": "",
            "position": "1982154",
            "replay": "real-time"
        },
        {
            "change_type": "",
            "gameTime": "2 - 33:07",
            "label": "",
            "position": "1987726",
            "replay": "other"
        },
        {
            "change_type": "",
            "gameTime": "2 - 35:21",
            "label": "",
            "position": "2121402",
            "replay": "real-time"
        },
        {
            "change_type": "",
            "gameTime": "2 - 35:30",
            "label": "",
            "link": "",
            "position": "2130643",
            "replay": "replay"
        },
        {
            "change_type": "",
            "gameTime": "2 - 35:37",
            "label": "",
            "link": "",
            "position": "2137569",
            "replay": "replay"
        },
        {
            "change_type": "",
            "gameTime": "2 - 35:49",
            "label": "",
            "link": "",
            "position": "2149889",
            "replay": "replay"
        },
        {
            "change_type": "",
            "gameTime": "2 - 35:54",
            "label": "",
            "link": "",
            "position": "2154740",
            "replay": "replay"
        },
        {
            "change_type": "",
            "gameTime": "2 - 36:00",
            "label": "",
            "position": "2160608",
            "replay": "other"
        },
        {
            "change_type": "",
            "gameTime": "2 - 36:23",
            "label": "",
            "position": "2183908",
            "replay": "real-time"
        },
        {
            "change_type": "",
            "gameTime": "2 - 36:31",
            "label": "",
            "link": "",
            "position": "2191662",
            "replay": "replay"
        },
        {
            "change_type": "",
            "gameTime": "2 - 40:26",
            "label": "",
            "position": "2426769",
            "replay": "real-time"
        },
        {
            "change_type": "",
            "gameTime": "2 - 40:38",
            "label": "",
            "link": "",
            "position": "2438620",
            "replay": "replay"
        },
        {
            "change_type": "",
            "gameTime": "2 - 42:55",
            "label": "",
            "position": "2575916",
            "replay": "real-time"
        },
        {
            "change_type": "",
            "gameTime": "2 - 43:07",
            "label": "",
            "link": "",
            "position": "2587722",
            "replay": "replay"
        },
        {
            "change_type": "",
            "gameTime": "2 - 43:13",
            "label": "",
            "link": "",
            "position": "2593730",
            "replay": "replay"
        },
        {
            "change_type": "",
            "gameTime": "2 - 43:24",
            "label": "",
            "link": "",
            "position": "2604094",
            "replay": "replay"
        },
        {
            "change_type": "",
            "gameTime": "2 - 43:59",
            "label": "",
            "position": "2639080",
            "replay": "real-time"
        },
        {
            "change_type": "",
            "gameTime": "2 - 44:08",
            "label": "",
            "link": "",
            "position": "2648692",
            "replay": "replay"
        },
        {
            "change_type": "",
            "gameTime": "2 - 44:10",
            "label": "",
            "position": "2650211",
            "replay": "other"
        },
        {
            "change_type": "",
            "gameTime": "2 - 47:38",
            "label": "",
            "position": "2858305",
            "replay": "real-time"
        },
        {
            "change_type": "",
            "gameTime": "2 - 47:54",
            "label": "",
            "link": "",
            "position": "2874906",
            "replay": "replay"
        },
        {
            "change_type": "",
            "gameTime": "2 - 48:04",
            "label": "",
            "link": "",
            "position": "2884258",
            "replay": "replay"
        },
        {
            "change_type": "",
            "gameTime": "2 - 48:12",
            "label": "",
            "link": "",
            "position": "2892456",
            "replay": "replay"
        }
    ],
    "gameAwayTeam": "Granada",
    "gameDate": "2019-10-05 - 18-00",
    "gameHomeTeam": "Real Madrid",
    "gameScore": "4 - 2"
}