{
    "UrlLocal": "france_ligue-1/2016-2017/2016-12-11 - 18-00 Paris SG 2 - 2 Nice",
    "UrlYoutube": "",
    "annotations": [
        {
            "change_type": "",
            "gameTime": "1 - 03:39",
            "label": "",
            "position": "219663",
            "replay": "real-time"
        },
        {
            "change_type": "",
            "gameTime": "1 - 03:47",
            "label": "",
            "link": "",
            "position": "227978",
            "replay": "replay"
        },
        {
            "change_type": "",
            "gameTime": "1 - 03:53",
            "label": "",
            "link": "",
            "position": "233174",
            "replay": "replay"
        },
        {
            "change_type": "",
            "gameTime": "1 - 03:57",
            "label": "",
            "link": "",
            "position": "237400",
            "replay": "replay"
        },
        {
            "change_type": "",
            "gameTime": "1 - 05:07",
            "label": "",
            "position": "307560",
            "replay": "real-time"
        },
        {
            "change_type": "",
            "gameTime": "1 - 05:14",
            "label": "",
            "position": "314735",
            "replay": "other"
        },
        {
            "change_type": "",
            "gameTime": "1 - 05:54",
            "label": "",
            "position": "354119",
            "replay": "real-time"
        },
        {
            "change_type": "",
            "gameTime": "1 - 06:03",
            "label": "",
            "link": "",
            "position": "363174",
            "replay": "replay"
        },
        {
            "change_type": "",
            "gameTime": "1 - 06:36",
            "label": "",
            "position": "396880",
            "replay": "real-time"
        },
        {
            "change_type": "",
            "gameTime": "1 - 06:47",
            "label": "",
            "link": "",
            "position": "407641",
            "replay": "replay"
        },
        {
            "change_type": "",
            "gameTime": "1 - 06:59",
            "label": "",
            "position": "419883",
            "replay": "real-time"
        },
        {
            "change_type": "",
            "gameTime": "1 - 07:03",
            "label": "",
            "link": "",
            "position": "423563",
            "replay": "replay"
        },
        {
            "change_type": "",
            "gameTime": "1 - 07:08",
            "label": "",
            "link": "",
            "position": "428014",
            "replay": "replay"
        },
        {
            "change_type": "",
            "gameTime": "1 - 07:11",
            "label": "",
            "link": "",
            "position": "431316",
            "replay": "replay"
        },
        {
            "change_type": "",
            "gameTime": "1 - 08:19",
            "label": "",
            "position": "499908",
            "replay": "real-time"
        },
        {
            "change_type": "",
            "gameTime": "1 - 08:23",
            "label": "",
            "link": "",
            "position": "503061",
            "replay": "replay"
        },
        {
            "change_type": "",
            "gameTime": "1 - 08:27",
            "label": "",
            "link": "",
            "position": "507977",
            "replay": "replay"
        },
        {
            "change_type": "",
            "gameTime": "1 - 08:31",
            "label": "",
            "link": "",
            "position": "511853",
            "replay": "replay"
        },
        {
            "change_type": "",
            "gameTime": "1 - 09:48",
            "label": "",
            "position": "588133",
            "replay": "real-time"
        },
        {
            "change_type": "",
            "gameTime": "1 - 09:52",
            "label": "",
            "link": "",
            "position": "592598",
            "replay": "replay"
        },
        {
            "change_type": "",
            "gameTime": "1 - 10:43",
            "label": "",
            "position": "643835",
            "replay": "real-time"
        },
        {
            "change_type": "",
            "gameTime": "1 - 10:47",
            "label": "",
            "link": "",
            "position": "647273",
            "replay": "replay"
        },
        {
            "change_type": "",
            "gameTime": "1 - 10:50",
            "label": "",
            "link": "",
            "position": "650917",
            "replay": "replay"
        },
        {
            "change_type": "",
            "gameTime": "1 - 12:10",
            "label": "",
            "position": "730622",
            "replay": "real-time"
        },
        {
            "change_type": "",
            "gameTime": "1 - 12:18",
            "label": "",
            "link": "",
            "position": "738224",
            "replay": "replay"
        },
        {
            "change_type": "",
            "gameTime": "1 - 13:10",
            "label": "",
            "position": "790088",
            "replay": "real-time"
        },
        {
            "change_type": "",
            "gameTime": "1 - 13:16",
            "label": "",
            "position": "796312",
            "replay": "other"
        },
        {
            "change_type": "",
            "gameTime": "1 - 16:12",
            "label": "",
            "position": "972596",
            "replay": "real-time"
        },
        {
            "change_type": "",
            "gameTime": "1 - 16:27",
            "label": "",
            "link": "",
            "position": "987631",
            "replay": "replay"
        },
        {
            "change_type": "",
            "gameTime": "1 - 17:45",
            "label": "",
            "position": "1065245",
            "replay": "real-time"
        },
        {
            "change_type": "",
            "gameTime": "1 - 17:52",
            "label": "",
            "link": "",
            "position": "1072469",
            "replay": "replay"
        },
        {
            "change_type": "",
            "gameTime": "1 - 18:52",
            "label": "",
            "position": "1132028",
            "replay": "real-time"
        },
        {
            "change_type": "",
            "gameTime": "1 - 18:59",
            "label": "",
            "link": "",
            "position": "1139320",
            "replay": "replay"
        },
        {
            "change_type": "",
            "gameTime": "1 - 19:02",
            "label": "",
            "position": "1142708",
            "replay": "other"
        },
        {
            "change_type": "",
            "gameTime": "1 - 20:11",
            "label": "",
            "position": "1211005",
            "replay": "real-time"
        },
        {
            "change_type": "",
            "gameTime": "1 - 20:18",
            "label": "",
            "link": "",
            "position": "1218860",
            "replay": "replay"
        },
        {
            "change_type": "",
            "gameTime": "1 - 20:24",
            "label": "",
            "link": "",
            "position": "1224750",
            "replay": "replay"
        },
        {
            "change_type": "",
            "gameTime": "1 - 20:28",
            "label": "",
            "link": "",
            "position": "1228778",
            "replay": "replay"
        },
        {
            "change_type": "",
            "gameTime": "1 - 20:34",
            "label": "",
            "position": "1234386",
            "replay": "other"
        },
        {
            "change_type": "",
            "gameTime": "1 - 21:37",
            "label": "",
            "position": "1297106",
            "replay": "real-time"
        },
        {
            "change_type": "",
            "gameTime": "1 - 21:47",
            "label": "",
            "position": "1307350",
            "replay": "other"
        },
        {
            "change_type": "",
            "gameTime": "1 - 22:52",
            "label": "",
            "position": "1372094",
            "replay": "real-time"
        },
        {
            "change_type": "",
            "gameTime": "1 - 22:56",
            "label": "",
            "link": "",
            "position": "1376862",
            "replay": "replay"
        },
        {
            "change_type": "",
            "gameTime": "1 - 23:21",
            "label": "",
            "position": "1401648",
            "replay": "real-time"
        },
        {
            "change_type": "",
            "gameTime": "1 - 23:26",
            "label": "",
            "link": "",
            "position": "1406870",
            "replay": "replay"
        },
        {
            "change_type": "",
            "gameTime": "1 - 23:33",
            "label": "",
            "link": "",
            "position": "1413573",
            "replay": "replay"
        },
        {
            "change_type": "",
            "gameTime": "1 - 23:37",
            "label": "",
            "link": "",
            "position": "1417821",
            "replay": "replay"
        },
        {
            "change_type": "",
            "gameTime": "1 - 23:43",
            "label": "",
            "link": "",
            "position": "1423096",
            "replay": "replay"
        },
        {
            "change_type": "",
            "gameTime": "1 - 25:40",
            "label": "",
            "position": "1540684",
            "replay": "real-time"
        },
        {
            "change_type": "",
            "gameTime": "1 - 25:48",
            "label": "",
            "position": "1548384",
            "replay": "other"
        },
        {
            "change_type": "",
            "gameTime": "1 - 25:54",
            "label": "",
            "position": "1554456",
            "replay": "other"
        },
        {
            "change_type": "",
            "gameTime": "1 - 26:02",
            "label": "",
            "position": "1562390",
            "replay": "real-time"
        },
        {
            "change_type": "",
            "gameTime": "1 - 26:08",
            "label": "",
            "position": "1568056",
            "replay": "other"
        },
        {
            "change_type": "",
            "gameTime": "1 - 26:13",
            "label": "",
            "position": "1573713",
            "replay": "other"
        },
        {
            "change_type": "",
            "gameTime": "1 - 27:56",
            "label": "",
            "position": "1676489",
            "replay": "real-time"
        },
        {
            "change_type": "",
            "gameTime": "1 - 28:02",
            "label": "",
            "link": "",
            "position": "1682699",
            "replay": "replay"
        },
        {
            "change_type": "",
            "gameTime": "1 - 28:07",
            "label": "",
            "link": "",
            "position": "1687133",
            "replay": "replay"
        },
        {
            "change_type": "",
            "gameTime": "1 - 29:14",
            "label": "",
            "position": "1754491",
            "replay": "real-time"
        },
        {
            "change_type": "",
            "gameTime": "1 - 29:18",
            "label": "",
            "link": "",
            "position": "1758383",
            "replay": "replay"
        },
        {
            "change_type": "",
            "gameTime": "1 - 29:21",
            "label": "",
            "link": "",
            "position": "1761178",
            "replay": "replay"
        },
        {
            "change_type": "",
            "gameTime": "1 - 29:29",
            "label": "",
            "link": "",
            "position": "1769011",
            "replay": "replay"
        },
        {
            "change_type": "",
            "gameTime": "1 - 30:20",
            "label": "",
            "position": "1820488",
            "replay": "real-time"
        },
        {
            "change_type": "",
            "gameTime": "1 - 30:24",
            "label": "",
            "link": "",
            "position": "1824329",
            "replay": "replay"
        },
        {
            "change_type": "",
            "gameTime": "1 - 30:28",
            "label": "",
            "link": "",
            "position": "1828902",
            "replay": "replay"
        },
        {
            "change_type": "",
            "gameTime": "1 - 31:52",
            "label": "",
            "position": "1912208",
            "replay": "real-time"
        },
        {
            "change_type": "",
            "gameTime": "1 - 31:55",
            "label": "",
            "position": "1915240",
            "replay": "other"
        },
        {
            "change_type": "",
            "gameTime": "1 - 31:58",
            "label": "",
            "link": "",
            "position": "1918485",
            "replay": "replay"
        },
        {
            "change_type": "",
            "gameTime": "1 - 32:04",
            "label": "",
            "link": "",
            "position": "1924464",
            "replay": "replay"
        },
        {
            "change_type": "",
            "gameTime": "1 - 32:10",
            "label": "",
            "link": "",
            "position": "1930946",
            "replay": "replay"
        },
        {
            "change_type": "",
            "gameTime": "1 - 32:15",
            "label": "",
            "link": "",
            "position": "1935372",
            "replay": "replay"
        },
        {
            "change_type": "",
            "gameTime": "1 - 32:18",
            "label": "",
            "link": "",
            "position": "1938267",
            "replay": "replay"
        },
        {
            "change_type": "",
            "gameTime": "1 - 32:22",
            "label": "",
            "position": "1942022",
            "replay": "other"
        },
        {
            "change_type": "",
            "gameTime": "1 - 34:34",
            "label": "",
            "position": "2074977",
            "replay": "real-time"
        },
        {
            "change_type": "",
            "gameTime": "1 - 34:43",
            "label": "",
            "link": "",
            "position": "2083802",
            "replay": "replay"
        },
        {
            "change_type": "",
            "gameTime": "1 - 34:48",
            "label": "",
            "link": "",
            "position": "2088808",
            "replay": "replay"
        },
        {
            "change_type": "",
            "gameTime": "1 - 34:52",
            "label": "",
            "position": "2092101",
            "replay": "other"
        },
        {
            "change_type": "",
            "gameTime": "1 - 36:01",
            "label": "",
            "position": "2161364",
            "replay": "real-time"
        },
        {
            "change_type": "",
            "gameTime": "1 - 36:05",
            "label": "",
            "link": "",
            "position": "2165073",
            "replay": "replay"
        },
        {
            "change_type": "",
            "gameTime": "1 - 36:07",
            "label": "",
            "link": "",
            "position": "2167241",
            "replay": "replay"
        },
        {
            "change_type": "",
            "gameTime": "1 - 36:09",
            "label": "",
            "link": "",
            "position": "2169943",
            "replay": "replay"
        },
        {
            "change_type": "",
            "gameTime": "1 - 36:40",
            "label": "",
            "position": "2200868",
            "replay": "real-time"
        },
        {
            "change_type": "",
            "gameTime": "1 - 36:46",
            "label": "",
            "link": "",
            "position": "2206848",
            "replay": "replay"
        },
        {
            "change_type": "",
            "gameTime": "1 - 37:08",
            "label": "",
            "position": "2228701",
            "replay": "real-time"
        },
        {
            "change_type": "",
            "gameTime": "1 - 37:12",
            "label": "",
            "link": "",
            "position": "2232084",
            "replay": "replay"
        },
        {
            "change_type": "",
            "gameTime": "1 - 37:17",
            "label": "",
            "link": "",
            "position": "2237183",
            "replay": "replay"
        },
        {
            "change_type": "",
            "gameTime": "1 - 37:22",
            "label": "",
            "link": "",
            "position": "2242829",
            "replay": "replay"
        },
        {
            "change_type": "",
            "gameTime": "1 - 37:25",
            "label": "",
            "position": "2245415",
            "replay": "other"
        },
        {
            "change_type": "",
            "gameTime": "1 - 37:27",
            "label": "",
            "position": "2247450",
            "replay": "other"
        },
        {
            "change_type": "",
            "gameTime": "1 - 37:32",
            "label": "",
            "position": "2252616",
            "replay": "other"
        },
        {
            "change_type": "",
            "gameTime": "1 - 39:58",
            "label": "",
            "position": "2398799",
            "replay": "real-time"
        },
        {
            "change_type": "",
            "gameTime": "1 - 40:04",
            "label": "",
            "link": "",
            "position": "2404268",
            "replay": "replay"
        },
        {
            "change_type": "",
            "gameTime": "1 - 40:32",
            "label": "",
            "position": "2432311",
            "replay": "real-time"
        },
        {
            "change_type": "",
            "gameTime": "1 - 40:36",
            "label": "",
            "link": "",
            "position": "2436028",
            "replay": "replay"
        },
        {
            "change_type": "",
            "gameTime": "1 - 40:38",
            "label": "",
            "link": "",
            "position": "2438993",
            "replay": "replay"
        },
        {
            "change_type": "",
            "gameTime": "1 - 40:45",
            "label": "",
            "link": "",
            "position": "2445210",
            "replay": "replay"
        },
        {
            "change_type": "",
            "gameTime": "1 - 40:51",
            "label": "",
            "link": "",
            "position": "2451300",
            "replay": "replay"
        },
        {
            "change_type": "",
            "gameTime": "1 - 41:00",
            "label": "",
            "link": "",
            "position": "2460196",
            "replay": "replay"
        },
        {
            "change_type": "",
            "gameTime": "1 - 41:00",
            "label": "",
            "link": "",
            "position": "2460196",
            "replay": "replay"
        },
        {
            "change_type": "",
            "gameTime": "1 - 41:39",
            "label": "",
            "position": "2499926",
            "replay": "real-time"
        },
        {
            "change_type": "",
            "gameTime": "1 - 41:42",
            "label": "",
            "position": "2502696",
            "replay": "other"
        },
        {
            "change_type": "",
            "gameTime": "1 - 41:47",
            "label": "",
            "position": "2507479",
            "replay": "other"
        },
        {
            "change_type": "",
            "gameTime": "1 - 41:53",
            "label": "",
            "position": "2513049",
            "replay": "other"
        },
        {
            "change_type": "",
            "gameTime": "1 - 42:09",
            "label": "",
            "position": "2529077",
            "replay": "real-time"
        },
        {
            "change_type": "",
            "gameTime": "1 - 42:17",
            "label": "",
            "link": "",
            "position": "2537428",
            "replay": "replay"
        },
        {
            "change_type": "",
            "gameTime": "1 - 42:25",
            "label": "",
            "link": "",
            "position": "2545327",
            "replay": "replay"
        },
        {
            "change_type": "",
            "gameTime": "1 - 42:34",
            "label": "",
            "position": "2554714",
            "replay": "other"
        },
        {
            "change_type": "",
            "gameTime": "1 - 43:52",
            "label": "",
            "position": "2632581",
            "replay": "real-time"
        },
        {
            "change_type": "",
            "gameTime": "1 - 43:57",
            "label": "",
            "link": "",
            "position": "2637183",
            "replay": "replay"
        },
        {
            "change_type": "",
            "gameTime": "1 - 44:35",
            "label": "",
            "position": "2675220",
            "replay": "real-time"
        },
        {
            "change_type": "",
            "gameTime": "1 - 44:39",
            "label": "",
            "position": "2679366",
            "replay": "other"
        },
        {
            "change_type": "",
            "gameTime": "1 - 44:43",
            "label": "",
            "position": "2683827",
            "replay": "other"
        },
        {
            "change_type": "",
            "gameTime": "1 - 46:10",
            "label": "",
            "position": "2770016",
            "replay": "real-time"
        },
        {
            "change_type": "",
            "gameTime": "1 - 46:17",
            "label": "",
            "position": "2777044",
            "replay": "other"
        },
        {
            "change_type": "",
            "gameTime": "1 - 46:53",
            "label": "",
            "position": "2813894",
            "replay": "real-time"
        },
        {
            "change_type": "",
            "gameTime": "1 - 46:59",
            "label": "",
            "link": "",
            "position": "2819347",
            "replay": "replay"
        },
        {
            "change_type": "",
            "gameTime": "1 - 47:04",
            "label": "",
            "link": "",
            "position": "2824890",
            "replay": "replay"
        },
        {
            "change_type": "",
            "gameTime": "1 - 47:53",
            "label": "",
            "position": "2873330",
            "replay": "real-time"
        },
        {
            "change_type": "",
            "gameTime": "1 - 48:03",
            "label": "",
            "link": "",
            "position": "2883874",
            "replay": "replay"
        },
        {
            "change_type": "",
            "gameTime": "1 - 48:08",
            "label": "",
            "link": "",
            "position": "2888997",
            "replay": "replay"
        },
        {
            "change_type": "",
            "gameTime": "1 - 48:13",
            "label": "",
            "link": "",
            "position": "2893405",
            "replay": "replay"
        },
        {
            "change_type": "",
            "gameTime": "1 - 48:21",
            "label": "",
            "link": "",
            "position": "2901424",
            "replay": "replay"
        },
        {
            "change_type": "",
            "gameTime": "2 - 01:09",
            "label": "",
            "position": "69251",
            "replay": "real-time"
        },
        {
            "change_type": "",
            "gameTime": "2 - 01:17",
            "label": "",
            "link": "",
            "position": "77995",
            "replay": "replay"
        },
        {
            "change_type": "",
            "gameTime": "2 - 01:21",
            "label": "",
            "link": "",
            "position": "81018",
            "replay": "replay"
        },
        {
            "change_type": "",
            "gameTime": "2 - 01:28",
            "label": "",
            "link": "",
            "position": "88243",
            "replay": "replay"
        },
        {
            "change_type": "",
            "gameTime": "2 - 01:32",
            "label": "",
            "link": "",
            "position": "92908",
            "replay": "replay"
        },
        {
            "change_type": "",
            "gameTime": "2 - 01:35",
            "label": "",
            "link": "",
            "position": "95899",
            "replay": "replay"
        },
        {
            "change_type": "",
            "gameTime": "2 - 01:38",
            "label": "",
            "position": "98773",
            "replay": "other"
        },
        {
            "change_type": "",
            "gameTime": "2 - 02:36",
            "label": "",
            "position": "156739",
            "replay": "real-time"
        },
        {
            "change_type": "",
            "gameTime": "2 - 02:40",
            "label": "",
            "link": "",
            "position": "160503",
            "replay": "replay"
        },
        {
            "change_type": "",
            "gameTime": "2 - 02:43",
            "label": "",
            "position": "163565",
            "replay": "other"
        },
        {
            "change_type": "",
            "gameTime": "2 - 03:31",
            "label": "",
            "position": "211673",
            "replay": "real-time"
        },
        {
            "change_type": "",
            "gameTime": "2 - 03:36",
            "label": "",
            "link": "",
            "position": "216634",
            "replay": "replay"
        },
        {
            "change_type": "",
            "gameTime": "2 - 03:41",
            "label": "",
            "link": "",
            "position": "221164",
            "replay": "replay"
        },
        {
            "change_type": "",
            "gameTime": "2 - 07:27",
            "label": "",
            "position": "447623",
            "replay": "real-time"
        },
        {
            "change_type": "",
            "gameTime": "2 - 07:33",
            "label": "",
            "link": "",
            "position": "453452",
            "replay": "replay"
        },
        {
            "change_type": "",
            "gameTime": "2 - 07:39",
            "label": "",
            "link": "",
            "position": "459158",
            "replay": "replay"
        },
        {
            "change_type": "",
            "gameTime": "2 - 08:45",
            "label": "",
            "position": "525572",
            "replay": "real-time"
        },
        {
            "change_type": "",
            "gameTime": "2 - 08:50",
            "label": "",
            "position": "530685",
            "replay": "other"
        },
        {
            "change_type": "",
            "gameTime": "2 - 09:08",
            "label": "",
            "position": "548792",
            "replay": "real-time"
        },
        {
            "change_type": "",
            "gameTime": "2 - 09:18",
            "label": "",
            "link": "",
            "position": "558499",
            "replay": "replay"
        },
        {
            "change_type": "",
            "gameTime": "2 - 11:28",
            "label": "",
            "position": "688988",
            "replay": "real-time"
        },
        {
            "change_type": "",
            "gameTime": "2 - 11:35",
            "label": "",
            "link": "",
            "position": "695624",
            "replay": "replay"
        },
        {
            "change_type": "",
            "gameTime": "2 - 11:38",
            "label": "",
            "link": "",
            "position": "698891",
            "replay": "replay"
        },
        {
            "change_type": "",
            "gameTime": "2 - 11:42",
            "label": "",
            "link": "",
            "position": "702208",
            "replay": "replay"
        },
        {
            "change_type": "",
            "gameTime": "2 - 11:44",
            "label": "",
            "position": "704407",
            "replay": "other"
        },
        {
            "change_type": "",
            "gameTime": "2 - 13:10",
            "label": "",
            "position": "790006",
            "replay": "real-time"
        },
        {
            "change_type": "",
            "gameTime": "2 - 13:15",
            "label": "",
            "position": "795588",
            "replay": "other"
        },
        {
            "change_type": "",
            "gameTime": "2 - 13:20",
            "label": "",
            "position": "800206",
            "replay": "other"
        },
        {
            "change_type": "",
            "gameTime": "2 - 14:21",
            "label": "",
            "position": "861094",
            "replay": "real-time"
        },
        {
            "change_type": "",
            "gameTime": "2 - 14:31",
            "label": "",
            "link": "",
            "position": "871354",
            "replay": "replay"
        },
        {
            "change_type": "",
            "gameTime": "2 - 14:35",
            "label": "",
            "link": "",
            "position": "875851",
            "replay": "replay"
        },
        {
            "change_type": "",
            "gameTime": "2 - 14:42",
            "label": "",
            "link": "",
            "position": "882159",
            "replay": "replay"
        },
        {
            "change_type": "",
            "gameTime": "2 - 16:15",
            "label": "",
            "position": "975283",
            "replay": "real-time"
        },
        {
            "change_type": "",
            "gameTime": "2 - 16:20",
            "label": "",
            "link": "",
            "position": "980148",
            "replay": "replay"
        },
        {
            "change_type": "",
            "gameTime": "2 - 16:26",
            "label": "",
            "link": "",
            "position": "986200",
            "replay": "replay"
        },
        {
            "change_type": "",
            "gameTime": "2 - 16:30",
            "label": "",
            "position": "990600",
            "replay": "other"
        },
        {
            "change_type": "",
            "gameTime": "2 - 18:40",
            "label": "",
            "position": "1120856",
            "replay": "real-time"
        },
        {
            "change_type": "",
            "gameTime": "2 - 18:47",
            "label": "",
            "link": "",
            "position": "1127589",
            "replay": "replay"
        },
        {
            "change_type": "",
            "gameTime": "2 - 19:46",
            "label": "",
            "position": "1186994",
            "replay": "real-time"
        },
        {
            "change_type": "",
            "gameTime": "2 - 19:53",
            "label": "",
            "link": "",
            "position": "1193221",
            "replay": "replay"
        },
        {
            "change_type": "",
            "gameTime": "2 - 19:58",
            "label": "",
            "link": "",
            "position": "1198595",
            "replay": "replay"
        },
        {
            "change_type": "",
            "gameTime": "2 - 21:25",
            "label": "",
            "position": "1285651",
            "replay": "real-time"
        },
        {
            "change_type": "",
            "gameTime": "2 - 21:35",
            "label": "",
            "link": "",
            "position": "1295599",
            "replay": "replay"
        },
        {
            "change_type": "",
            "gameTime": "2 - 22:51",
            "label": "",
            "position": "1371308",
            "replay": "real-time"
        },
        {
            "change_type": "",
            "gameTime": "2 - 22:56",
            "label": "",
            "position": "1376422",
            "replay": "other"
        },
        {
            "change_type": "",
            "gameTime": "2 - 23:01",
            "label": "",
            "position": "1381151",
            "replay": "other"
        },
        {
            "change_type": "",
            "gameTime": "2 - 23:29",
            "label": "",
            "position": "1409631",
            "replay": "real-time"
        },
        {
            "change_type": "",
            "gameTime": "2 - 23:36",
            "label": "",
            "link": "",
            "position": "1416422",
            "replay": "replay"
        },
        {
            "change_type": "",
            "gameTime": "2 - 28:49",
            "label": "",
            "position": "1729211",
            "replay": "real-time"
        },
        {
            "change_type": "",
            "gameTime": "2 - 28:57",
            "label": "",
            "link": "",
            "position": "1737466",
            "replay": "replay"
        },
        {
            "change_type": "",
            "gameTime": "2 - 31:40",
            "label": "",
            "position": "1900199",
            "replay": "real-time"
        },
        {
            "change_type": "",
            "gameTime": "2 - 31:44",
            "label": "",
            "link": "",
            "position": "1904830",
            "replay": "replay"
        },
        {
            "change_type": "",
            "gameTime": "2 - 31:49",
            "label": "",
            "link": "",
            "position": "1909515",
            "replay": "replay"
        },
        {
            "change_type": "",
            "gameTime": "2 - 33:02",
            "label": "",
            "position": "1982416",
            "replay": "real-time"
        },
        {
            "change_type": "",
            "gameTime": "2 - 33:06",
            "label": "",
            "link": "",
            "position": "1986728",
            "replay": "replay"
        },
        {
            "change_type": "",
            "gameTime": "2 - 34:17",
            "label": "",
            "position": "2057002",
            "replay": "real-time"
        },
        {
            "change_type": "",
            "gameTime": "2 - 34:22",
            "label": "",
            "link": "",
            "position": "2062795",
            "replay": "replay"
        },
        {
            "change_type": "",
            "gameTime": "2 - 38:13",
            "label": "",
            "position": "2293661",
            "replay": "real-time"
        },
        {
            "change_type": "",
            "gameTime": "2 - 38:19",
            "label": "",
            "position": "2299004",
            "replay": "other"
        },
        {
            "change_type": "",
            "gameTime": "2 - 40:27",
            "label": "",
            "position": "2427105",
            "replay": "real-time"
        },
        {
            "change_type": "",
            "gameTime": "2 - 40:34",
            "label": "",
            "position": "2434155",
            "replay": "other"
        },
        {
            "change_type": "",
            "gameTime": "2 - 40:37",
            "label": "",
            "position": "2437904",
            "replay": "other"
        },
        {
            "change_type": "",
            "gameTime": "2 - 40:39",
            "label": "",
            "position": "2439971",
            "replay": "other"
        },
        {
            "change_type": "",
            "gameTime": "2 - 40:43",
            "label": "",
            "position": "2443407",
            "replay": "other"
        },
        {
            "change_type": "",
            "gameTime": "2 - 41:18",
            "label": "",
            "position": "2478752",
            "replay": "real-time"
        },
        {
            "change_type": "",
            "gameTime": "2 - 41:22",
            "label": "",
            "link": "",
            "position": "2482752",
            "replay": "replay"
        },
        {
            "change_type": "",
            "gameTime": "2 - 42:14",
            "label": "",
            "position": "2534394",
            "replay": "real-time"
        },
        {
            "change_type": "",
            "gameTime": "2 - 42:25",
            "label": "",
            "link": "",
            "position": "2545777",
            "replay": "replay"
        },
        {
            "change_type": "",
            "gameTime": "2 - 42:33",
            "label": "",
            "position": "2553073",
            "replay": "other"
        },
        {
            "change_type": "",
            "gameTime": "2 - 45:17",
            "label": "",
            "position": "2717849",
            "replay": "real-time"
        },
        {
            "change_type": "",
            "gameTime": "2 - 45:27",
            "label": "",
            "link": "",
            "position": "2727652",
            "replay": "replay"
        },
        {
            "change_type": "",
            "gameTime": "2 - 45:29",
            "label": "",
            "position": "2729647",
            "replay": "other"
        },
        {
            "change_type": "",
            "gameTime": "2 - 45:33",
            "label": "",
            "link": "",
            "position": "2733145",
            "replay": "replay"
        },
        {
            "change_type": "",
            "gameTime": "2 - 45:38",
            "label": "",
            "link": "",
            "position": "2738799",
            "replay": "replay"
        },
        {
            "change_type": "",
            "gameTime": "2 - 46:03",
            "label": "",
            "position": "2763701",
            "replay": "real-time"
        },
        {
            "change_type": "",
            "gameTime": "2 - 46:10",
            "label": "",
            "position": "2770726",
            "replay": "real-time"
        }
    ],
    "gameAwayTeam": "Nice",
    "gameDate": "2016-12-11 - 18-00",
    "gameHomeTeam": "Paris SG",
    "gameScore": "2 - 2"
}