{
    "UrlLocal": "france_ligue-1/2016-2017/2017-02-18 - 18-00 Lorient 0 - 1 Nice",
    "predictions": [
        {
            "gameTime": "1 - 15:29",
            "label": "Kick-off",
            "position": "929500",
            "half": "1",
            "confidence": "0.913407564163208"
        },
        {
            "gameTime": "1 - 14:50",
            "label": "Goal",
            "position": "890000",
            "half": "1",
            "confidence": "0.9448992609977722"
        },
        {
            "gameTime": "1 - 45:27",
            "label": "Substitution",
            "position": "2727500",
            "half": "1",
            "confidence": "0.5971003770828247"
        },
        {
            "gameTime": "1 - 27:10",
            "label": "Shots off target",
            "position": "1630500",
            "half": "1",
            "confidence": "0.7087973952293396"
        },
        {
            "gameTime": "1 - 22:11",
            "label": "Clearance",
            "position": "1331500",
            "half": "1",
            "confidence": "0.7863037586212158"
        },
        {
            "gameTime": "1 - 27:37",
            "label": "Clearance",
            "position": "1657000",
            "half": "1",
            "confidence": "0.7444112300872803"
        },
        {
            "gameTime": "1 - 37:31",
            "label": "Clearance",
            "position": "2251000",
            "half": "1",
            "confidence": "0.7023476958274841"
        },
        {
            "gameTime": "1 - 27:7",
            "label": "Ball out of play",
            "position": "1627000",
            "half": "1",
            "confidence": "0.9507094025611877"
        },
        {
            "gameTime": "1 - 21:40",
            "label": "Ball out of play",
            "position": "1300000",
            "half": "1",
            "confidence": "0.9104138612747192"
        },
        {
            "gameTime": "1 - 43:25",
            "label": "Ball out of play",
            "position": "2605500",
            "half": "1",
            "confidence": "0.8510736227035522"
        },
        {
            "gameTime": "1 - 29:42",
            "label": "Ball out of play",
            "position": "1782000",
            "half": "1",
            "confidence": "0.83953857421875"
        },
        {
            "gameTime": "1 - 21:16",
            "label": "Ball out of play",
            "position": "1276500",
            "half": "1",
            "confidence": "0.83078533411026"
        },
        {
            "gameTime": "1 - 16:43",
            "label": "Ball out of play",
            "position": "1003500",
            "half": "1",
            "confidence": "0.8244401812553406"
        },
        {
            "gameTime": "1 - 12:57",
            "label": "Ball out of play",
            "position": "777000",
            "half": "1",
            "confidence": "0.8108946681022644"
        },
        {
            "gameTime": "1 - 26:37",
            "label": "Ball out of play",
            "position": "1597000",
            "half": "1",
            "confidence": "0.80775386095047"
        },
        {
            "gameTime": "1 - 35:39",
            "label": "Ball out of play",
            "position": "2139500",
            "half": "1",
            "confidence": "0.7986505031585693"
        },
        {
            "gameTime": "1 - 32:59",
            "label": "Ball out of play",
            "position": "1979000",
            "half": "1",
            "confidence": "0.7926685214042664"
        },
        {
            "gameTime": "1 - 40:27",
            "label": "Ball out of play",
            "position": "2427000",
            "half": "1",
            "confidence": "0.7885888814926147"
        },
        {
            "gameTime": "1 - 21:6",
            "label": "Ball out of play",
            "position": "1266000",
            "half": "1",
            "confidence": "0.7789185047149658"
        },
        {
            "gameTime": "1 - 32:35",
            "label": "Ball out of play",
            "position": "1955000",
            "half": "1",
            "confidence": "0.7609981894493103"
        },
        {
            "gameTime": "1 - 16:2",
            "label": "Ball out of play",
            "position": "962000",
            "half": "1",
            "confidence": "0.7593285441398621"
        },
        {
            "gameTime": "1 - 37:5",
            "label": "Ball out of play",
            "position": "2225500",
            "half": "1",
            "confidence": "0.7209439873695374"
        },
        {
            "gameTime": "1 - 43:35",
            "label": "Ball out of play",
            "position": "2615500",
            "half": "1",
            "confidence": "0.7125656008720398"
        },
        {
            "gameTime": "1 - 6:32",
            "label": "Ball out of play",
            "position": "392000",
            "half": "1",
            "confidence": "0.7040772438049316"
        },
        {
            "gameTime": "1 - 20:11",
            "label": "Ball out of play",
            "position": "1211500",
            "half": "1",
            "confidence": "0.6916967034339905"
        },
        {
            "gameTime": "1 - 13:7",
            "label": "Ball out of play",
            "position": "787000",
            "half": "1",
            "confidence": "0.6869621276855469"
        },
        {
            "gameTime": "1 - 21:29",
            "label": "Ball out of play",
            "position": "1289500",
            "half": "1",
            "confidence": "0.6717838644981384"
        },
        {
            "gameTime": "1 - 40:37",
            "label": "Ball out of play",
            "position": "2437000",
            "half": "1",
            "confidence": "0.6592590808868408"
        },
        {
            "gameTime": "1 - 11:36",
            "label": "Ball out of play",
            "position": "696500",
            "half": "1",
            "confidence": "0.6526287198066711"
        },
        {
            "gameTime": "1 - 31:37",
            "label": "Ball out of play",
            "position": "1897000",
            "half": "1",
            "confidence": "0.6511648893356323"
        },
        {
            "gameTime": "1 - 4:29",
            "label": "Ball out of play",
            "position": "269000",
            "half": "1",
            "confidence": "0.6488522291183472"
        },
        {
            "gameTime": "1 - 32:45",
            "label": "Ball out of play",
            "position": "1965000",
            "half": "1",
            "confidence": "0.6480315923690796"
        },
        {
            "gameTime": "1 - 30:45",
            "label": "Ball out of play",
            "position": "1845500",
            "half": "1",
            "confidence": "0.6400716304779053"
        },
        {
            "gameTime": "1 - 33:13",
            "label": "Ball out of play",
            "position": "1993000",
            "half": "1",
            "confidence": "0.6399861574172974"
        },
        {
            "gameTime": "1 - 16:33",
            "label": "Ball out of play",
            "position": "993000",
            "half": "1",
            "confidence": "0.6354039311408997"
        },
        {
            "gameTime": "1 - 3:47",
            "label": "Ball out of play",
            "position": "227500",
            "half": "1",
            "confidence": "0.6323525309562683"
        },
        {
            "gameTime": "1 - 17:52",
            "label": "Ball out of play",
            "position": "1072000",
            "half": "1",
            "confidence": "0.6291403770446777"
        },
        {
            "gameTime": "1 - 37:15",
            "label": "Ball out of play",
            "position": "2235500",
            "half": "1",
            "confidence": "0.6218637228012085"
        },
        {
            "gameTime": "1 - 45:0",
            "label": "Ball out of play",
            "position": "2700000",
            "half": "1",
            "confidence": "0.6042068004608154"
        },
        {
            "gameTime": "1 - 27:17",
            "label": "Ball out of play",
            "position": "1637000",
            "half": "1",
            "confidence": "0.5954593420028687"
        },
        {
            "gameTime": "1 - 14:46",
            "label": "Ball out of play",
            "position": "886500",
            "half": "1",
            "confidence": "0.5906535387039185"
        },
        {
            "gameTime": "1 - 35:28",
            "label": "Ball out of play",
            "position": "2128500",
            "half": "1",
            "confidence": "0.5813145041465759"
        },
        {
            "gameTime": "1 - 18:40",
            "label": "Ball out of play",
            "position": "1120500",
            "half": "1",
            "confidence": "0.573843777179718"
        },
        {
            "gameTime": "1 - 35:17",
            "label": "Ball out of play",
            "position": "2117500",
            "half": "1",
            "confidence": "0.5708281993865967"
        },
        {
            "gameTime": "1 - 27:55",
            "label": "Ball out of play",
            "position": "1675000",
            "half": "1",
            "confidence": "0.5659483075141907"
        },
        {
            "gameTime": "1 - 37:51",
            "label": "Ball out of play",
            "position": "2271500",
            "half": "1",
            "confidence": "0.5655723214149475"
        },
        {
            "gameTime": "1 - 32:19",
            "label": "Ball out of play",
            "position": "1939000",
            "half": "1",
            "confidence": "0.5613929629325867"
        },
        {
            "gameTime": "1 - 5:47",
            "label": "Ball out of play",
            "position": "347500",
            "half": "1",
            "confidence": "0.5595436096191406"
        },
        {
            "gameTime": "1 - 29:31",
            "label": "Ball out of play",
            "position": "1771000",
            "half": "1",
            "confidence": "0.5588719248771667"
        },
        {
            "gameTime": "1 - 44:46",
            "label": "Ball out of play",
            "position": "2686500",
            "half": "1",
            "confidence": "0.5450540781021118"
        },
        {
            "gameTime": "1 - 16:12",
            "label": "Ball out of play",
            "position": "972000",
            "half": "1",
            "confidence": "0.5149513483047485"
        },
        {
            "gameTime": "1 - 44:8",
            "label": "Ball out of play",
            "position": "2648500",
            "half": "1",
            "confidence": "0.5106992721557617"
        },
        {
            "gameTime": "1 - 42:34",
            "label": "Ball out of play",
            "position": "2554500",
            "half": "1",
            "confidence": "0.5025145411491394"
        },
        {
            "gameTime": "1 - 6:32",
            "label": "Throw-in",
            "position": "392500",
            "half": "1",
            "confidence": "0.9628927707672119"
        },
        {
            "gameTime": "1 - 40:49",
            "label": "Throw-in",
            "position": "2449500",
            "half": "1",
            "confidence": "0.9310344457626343"
        },
        {
            "gameTime": "1 - 21:21",
            "label": "Throw-in",
            "position": "1281000",
            "half": "1",
            "confidence": "0.915585994720459"
        },
        {
            "gameTime": "1 - 44:58",
            "label": "Throw-in",
            "position": "2698000",
            "half": "1",
            "confidence": "0.9057179093360901"
        },
        {
            "gameTime": "1 - 40:36",
            "label": "Throw-in",
            "position": "2436000",
            "half": "1",
            "confidence": "0.8757224082946777"
        },
        {
            "gameTime": "1 - 3:45",
            "label": "Throw-in",
            "position": "225000",
            "half": "1",
            "confidence": "0.8244943022727966"
        },
        {
            "gameTime": "1 - 35:15",
            "label": "Throw-in",
            "position": "2115500",
            "half": "1",
            "confidence": "0.820751965045929"
        },
        {
            "gameTime": "1 - 44:8",
            "label": "Throw-in",
            "position": "2648500",
            "half": "1",
            "confidence": "0.7626341581344604"
        },
        {
            "gameTime": "1 - 21:31",
            "label": "Throw-in",
            "position": "1291000",
            "half": "1",
            "confidence": "0.752220630645752"
        },
        {
            "gameTime": "1 - 44:47",
            "label": "Throw-in",
            "position": "2687000",
            "half": "1",
            "confidence": "0.7504397630691528"
        },
        {
            "gameTime": "1 - 35:40",
            "label": "Throw-in",
            "position": "2140500",
            "half": "1",
            "confidence": "0.7392368316650391"
        },
        {
            "gameTime": "1 - 30:46",
            "label": "Throw-in",
            "position": "1846000",
            "half": "1",
            "confidence": "0.7313279509544373"
        },
        {
            "gameTime": "1 - 21:9",
            "label": "Throw-in",
            "position": "1269500",
            "half": "1",
            "confidence": "0.7250543832778931"
        },
        {
            "gameTime": "1 - 4:32",
            "label": "Throw-in",
            "position": "272500",
            "half": "1",
            "confidence": "0.721820592880249"
        },
        {
            "gameTime": "1 - 35:3",
            "label": "Throw-in",
            "position": "2103500",
            "half": "1",
            "confidence": "0.7212287187576294"
        },
        {
            "gameTime": "1 - 16:43",
            "label": "Throw-in",
            "position": "1003500",
            "half": "1",
            "confidence": "0.7192125916481018"
        },
        {
            "gameTime": "1 - 6:43",
            "label": "Throw-in",
            "position": "403000",
            "half": "1",
            "confidence": "0.6608736515045166"
        },
        {
            "gameTime": "1 - 29:28",
            "label": "Throw-in",
            "position": "1768000",
            "half": "1",
            "confidence": "0.6452835202217102"
        },
        {
            "gameTime": "1 - 3:34",
            "label": "Throw-in",
            "position": "214500",
            "half": "1",
            "confidence": "0.6346649527549744"
        },
        {
            "gameTime": "1 - 37:5",
            "label": "Throw-in",
            "position": "2225000",
            "half": "1",
            "confidence": "0.6221707463264465"
        },
        {
            "gameTime": "1 - 32:41",
            "label": "Throw-in",
            "position": "1961500",
            "half": "1",
            "confidence": "0.613632082939148"
        },
        {
            "gameTime": "1 - 32:19",
            "label": "Throw-in",
            "position": "1939000",
            "half": "1",
            "confidence": "0.6133673191070557"
        },
        {
            "gameTime": "1 - 32:31",
            "label": "Throw-in",
            "position": "1951000",
            "half": "1",
            "confidence": "0.5717926621437073"
        },
        {
            "gameTime": "1 - 5:49",
            "label": "Throw-in",
            "position": "349000",
            "half": "1",
            "confidence": "0.5531642436981201"
        },
        {
            "gameTime": "1 - 40:25",
            "label": "Throw-in",
            "position": "2425500",
            "half": "1",
            "confidence": "0.5348616242408752"
        },
        {
            "gameTime": "1 - 36:13",
            "label": "Foul",
            "position": "2173000",
            "half": "1",
            "confidence": "0.6829452514648438"
        },
        {
            "gameTime": "1 - 18:23",
            "label": "Foul",
            "position": "1103000",
            "half": "1",
            "confidence": "0.5587519407272339"
        },
        {
            "gameTime": "1 - 24:36",
            "label": "Foul",
            "position": "1476500",
            "half": "1",
            "confidence": "0.5216742157936096"
        },
        {
            "gameTime": "1 - 43:17",
            "label": "Direct free-kick",
            "position": "2597000",
            "half": "1",
            "confidence": "0.5072546601295471"
        },
        {
            "gameTime": "1 - 43:49",
            "label": "Corner",
            "position": "2629000",
            "half": "1",
            "confidence": "0.9995686411857605"
        },
        {
            "gameTime": "1 - 43:59",
            "label": "Corner",
            "position": "2639000",
            "half": "1",
            "confidence": "0.9959656000137329"
        },
        {
            "gameTime": "1 - 16:21",
            "label": "Corner",
            "position": "981500",
            "half": "1",
            "confidence": "0.8869141936302185"
        },
        {
            "gameTime": "1 - 43:35",
            "label": "Corner",
            "position": "2615500",
            "half": "1",
            "confidence": "0.876171886920929"
        },
        {
            "gameTime": "1 - 37:46",
            "label": "Corner",
            "position": "2266000",
            "half": "1",
            "confidence": "0.7977586984634399"
        },
        {
            "gameTime": "1 - 16:10",
            "label": "Corner",
            "position": "970500",
            "half": "1",
            "confidence": "0.5711008310317993"
        },
        {
            "gameTime": "1 - 42:44",
            "label": "Yellow card",
            "position": "2564500",
            "half": "1",
            "confidence": "0.8497418165206909"
        },
        {
            "gameTime": "2 - 0:0",
            "label": "Kick-off",
            "position": "0",
            "half": "2",
            "confidence": "0.5435070395469666"
        },
        {
            "gameTime": "2 - 31:57",
            "label": "Substitution",
            "position": "1917000",
            "half": "2",
            "confidence": "0.8863080739974976"
        },
        {
            "gameTime": "2 - 25:19",
            "label": "Substitution",
            "position": "1519500",
            "half": "2",
            "confidence": "0.8761969804763794"
        },
        {
            "gameTime": "2 - 30:44",
            "label": "Substitution",
            "position": "1844000",
            "half": "2",
            "confidence": "0.816490113735199"
        },
        {
            "gameTime": "2 - 22:45",
            "label": "Substitution",
            "position": "1365000",
            "half": "2",
            "confidence": "0.7377952337265015"
        },
        {
            "gameTime": "2 - 32:7",
            "label": "Substitution",
            "position": "1927000",
            "half": "2",
            "confidence": "0.6065672636032104"
        },
        {
            "gameTime": "2 - 25:9",
            "label": "Substitution",
            "position": "1509000",
            "half": "2",
            "confidence": "0.5422905087471008"
        },
        {
            "gameTime": "2 - 30:33",
            "label": "Substitution",
            "position": "1833500",
            "half": "2",
            "confidence": "0.518823504447937"
        },
        {
            "gameTime": "2 - 1:7",
            "label": "Substitution",
            "position": "67500",
            "half": "2",
            "confidence": "0.5008969306945801"
        },
        {
            "gameTime": "2 - 39:48",
            "label": "Offside",
            "position": "2388000",
            "half": "2",
            "confidence": "0.7410935163497925"
        },
        {
            "gameTime": "2 - 11:30",
            "label": "Clearance",
            "position": "690500",
            "half": "2",
            "confidence": "0.7512440085411072"
        },
        {
            "gameTime": "2 - 48:10",
            "label": "Clearance",
            "position": "2890500",
            "half": "2",
            "confidence": "0.7371668815612793"
        },
        {
            "gameTime": "2 - 22:12",
            "label": "Clearance",
            "position": "1332000",
            "half": "2",
            "confidence": "0.6933345794677734"
        },
        {
            "gameTime": "2 - 47:9",
            "label": "Clearance",
            "position": "2829000",
            "half": "2",
            "confidence": "0.6489567160606384"
        },
        {
            "gameTime": "2 - 1:24",
            "label": "Clearance",
            "position": "84000",
            "half": "2",
            "confidence": "0.5718830227851868"
        },
        {
            "gameTime": "2 - 36:3",
            "label": "Clearance",
            "position": "2163500",
            "half": "2",
            "confidence": "0.5326625108718872"
        },
        {
            "gameTime": "2 - 44:13",
            "label": "Clearance",
            "position": "2653000",
            "half": "2",
            "confidence": "0.5037696957588196"
        },
        {
            "gameTime": "2 - 48:40",
            "label": "Clearance",
            "position": "2920500",
            "half": "2",
            "confidence": "0.5018821358680725"
        },
        {
            "gameTime": "2 - 47:1",
            "label": "Ball out of play",
            "position": "2821500",
            "half": "2",
            "confidence": "0.9226315021514893"
        },
        {
            "gameTime": "2 - 29:49",
            "label": "Ball out of play",
            "position": "1789000",
            "half": "2",
            "confidence": "0.8653538823127747"
        },
        {
            "gameTime": "2 - 46:51",
            "label": "Ball out of play",
            "position": "2811000",
            "half": "2",
            "confidence": "0.8461018800735474"
        },
        {
            "gameTime": "2 - 8:23",
            "label": "Ball out of play",
            "position": "503500",
            "half": "2",
            "confidence": "0.8284582495689392"
        },
        {
            "gameTime": "2 - 28:38",
            "label": "Ball out of play",
            "position": "1718000",
            "half": "2",
            "confidence": "0.8212441802024841"
        },
        {
            "gameTime": "2 - 37:29",
            "label": "Ball out of play",
            "position": "2249000",
            "half": "2",
            "confidence": "0.8211583495140076"
        },
        {
            "gameTime": "2 - 9:16",
            "label": "Ball out of play",
            "position": "556000",
            "half": "2",
            "confidence": "0.8190864324569702"
        },
        {
            "gameTime": "2 - 39:45",
            "label": "Ball out of play",
            "position": "2385000",
            "half": "2",
            "confidence": "0.8046348690986633"
        },
        {
            "gameTime": "2 - 27:50",
            "label": "Ball out of play",
            "position": "1670500",
            "half": "2",
            "confidence": "0.8036563396453857"
        },
        {
            "gameTime": "2 - 28:8",
            "label": "Ball out of play",
            "position": "1688500",
            "half": "2",
            "confidence": "0.787516176700592"
        },
        {
            "gameTime": "2 - 21:17",
            "label": "Ball out of play",
            "position": "1277000",
            "half": "2",
            "confidence": "0.7849370241165161"
        },
        {
            "gameTime": "2 - 5:46",
            "label": "Ball out of play",
            "position": "346000",
            "half": "2",
            "confidence": "0.7782994508743286"
        },
        {
            "gameTime": "2 - 43:48",
            "label": "Ball out of play",
            "position": "2628000",
            "half": "2",
            "confidence": "0.7680971026420593"
        },
        {
            "gameTime": "2 - 29:15",
            "label": "Ball out of play",
            "position": "1755500",
            "half": "2",
            "confidence": "0.7669460773468018"
        },
        {
            "gameTime": "2 - 47:47",
            "label": "Ball out of play",
            "position": "2867500",
            "half": "2",
            "confidence": "0.762598991394043"
        },
        {
            "gameTime": "2 - 42:3",
            "label": "Ball out of play",
            "position": "2523000",
            "half": "2",
            "confidence": "0.7603814005851746"
        },
        {
            "gameTime": "2 - 43:30",
            "label": "Ball out of play",
            "position": "2610500",
            "half": "2",
            "confidence": "0.7484407424926758"
        },
        {
            "gameTime": "2 - 31:37",
            "label": "Ball out of play",
            "position": "1897500",
            "half": "2",
            "confidence": "0.740048348903656"
        },
        {
            "gameTime": "2 - 28:21",
            "label": "Ball out of play",
            "position": "1701500",
            "half": "2",
            "confidence": "0.7385864853858948"
        },
        {
            "gameTime": "2 - 32:51",
            "label": "Ball out of play",
            "position": "1971500",
            "half": "2",
            "confidence": "0.7341980338096619"
        },
        {
            "gameTime": "2 - 24:56",
            "label": "Ball out of play",
            "position": "1496500",
            "half": "2",
            "confidence": "0.730731189250946"
        },
        {
            "gameTime": "2 - 49:22",
            "label": "Ball out of play",
            "position": "2962000",
            "half": "2",
            "confidence": "0.7213963866233826"
        },
        {
            "gameTime": "2 - 11:4",
            "label": "Ball out of play",
            "position": "664000",
            "half": "2",
            "confidence": "0.7115479111671448"
        },
        {
            "gameTime": "2 - 9:5",
            "label": "Ball out of play",
            "position": "545500",
            "half": "2",
            "confidence": "0.7105323076248169"
        },
        {
            "gameTime": "2 - 40:30",
            "label": "Ball out of play",
            "position": "2430500",
            "half": "2",
            "confidence": "0.6983900666236877"
        },
        {
            "gameTime": "2 - 33:1",
            "label": "Ball out of play",
            "position": "1981500",
            "half": "2",
            "confidence": "0.6914205551147461"
        },
        {
            "gameTime": "2 - 42:30",
            "label": "Ball out of play",
            "position": "2550000",
            "half": "2",
            "confidence": "0.6906144618988037"
        },
        {
            "gameTime": "2 - 9:31",
            "label": "Ball out of play",
            "position": "571000",
            "half": "2",
            "confidence": "0.6867521405220032"
        },
        {
            "gameTime": "2 - 48:2",
            "label": "Ball out of play",
            "position": "2882500",
            "half": "2",
            "confidence": "0.6781907081604004"
        },
        {
            "gameTime": "2 - 45:45",
            "label": "Ball out of play",
            "position": "2745000",
            "half": "2",
            "confidence": "0.6689271330833435"
        },
        {
            "gameTime": "2 - 6:32",
            "label": "Ball out of play",
            "position": "392500",
            "half": "2",
            "confidence": "0.6688028573989868"
        },
        {
            "gameTime": "2 - 48:29",
            "label": "Ball out of play",
            "position": "2909500",
            "half": "2",
            "confidence": "0.6668319702148438"
        },
        {
            "gameTime": "2 - 23:16",
            "label": "Ball out of play",
            "position": "1396500",
            "half": "2",
            "confidence": "0.656282901763916"
        },
        {
            "gameTime": "2 - 45:56",
            "label": "Ball out of play",
            "position": "2756500",
            "half": "2",
            "confidence": "0.654793381690979"
        },
        {
            "gameTime": "2 - 27:40",
            "label": "Ball out of play",
            "position": "1660000",
            "half": "2",
            "confidence": "0.6448884010314941"
        },
        {
            "gameTime": "2 - 36:32",
            "label": "Ball out of play",
            "position": "2192000",
            "half": "2",
            "confidence": "0.6434298157691956"
        },
        {
            "gameTime": "2 - 17:39",
            "label": "Ball out of play",
            "position": "1059500",
            "half": "2",
            "confidence": "0.6407435536384583"
        },
        {
            "gameTime": "2 - 14:55",
            "label": "Ball out of play",
            "position": "895500",
            "half": "2",
            "confidence": "0.6295685172080994"
        },
        {
            "gameTime": "2 - 45:22",
            "label": "Ball out of play",
            "position": "2722500",
            "half": "2",
            "confidence": "0.6049257516860962"
        },
        {
            "gameTime": "2 - 25:35",
            "label": "Ball out of play",
            "position": "1535500",
            "half": "2",
            "confidence": "0.5932715535163879"
        },
        {
            "gameTime": "2 - 19:44",
            "label": "Ball out of play",
            "position": "1184500",
            "half": "2",
            "confidence": "0.5810354948043823"
        },
        {
            "gameTime": "2 - 42:40",
            "label": "Ball out of play",
            "position": "2560000",
            "half": "2",
            "confidence": "0.5764389634132385"
        },
        {
            "gameTime": "2 - 36:55",
            "label": "Ball out of play",
            "position": "2215000",
            "half": "2",
            "confidence": "0.5744211673736572"
        },
        {
            "gameTime": "2 - 24:39",
            "label": "Ball out of play",
            "position": "1479500",
            "half": "2",
            "confidence": "0.5649271011352539"
        },
        {
            "gameTime": "2 - 46:10",
            "label": "Ball out of play",
            "position": "2770000",
            "half": "2",
            "confidence": "0.5626724362373352"
        },
        {
            "gameTime": "2 - 1:19",
            "label": "Ball out of play",
            "position": "79000",
            "half": "2",
            "confidence": "0.5606648921966553"
        },
        {
            "gameTime": "2 - 6:55",
            "label": "Ball out of play",
            "position": "415500",
            "half": "2",
            "confidence": "0.5469372272491455"
        },
        {
            "gameTime": "2 - 2:57",
            "label": "Ball out of play",
            "position": "177500",
            "half": "2",
            "confidence": "0.541376531124115"
        },
        {
            "gameTime": "2 - 5:35",
            "label": "Ball out of play",
            "position": "335500",
            "half": "2",
            "confidence": "0.5354834794998169"
        },
        {
            "gameTime": "2 - 0:54",
            "label": "Ball out of play",
            "position": "54000",
            "half": "2",
            "confidence": "0.5330477952957153"
        },
        {
            "gameTime": "2 - 21:42",
            "label": "Ball out of play",
            "position": "1302000",
            "half": "2",
            "confidence": "0.5328956842422485"
        },
        {
            "gameTime": "2 - 14:26",
            "label": "Ball out of play",
            "position": "866000",
            "half": "2",
            "confidence": "0.5202799439430237"
        },
        {
            "gameTime": "2 - 2:47",
            "label": "Ball out of play",
            "position": "167000",
            "half": "2",
            "confidence": "0.5147837400436401"
        },
        {
            "gameTime": "2 - 45:10",
            "label": "Ball out of play",
            "position": "2710500",
            "half": "2",
            "confidence": "0.5110383629798889"
        },
        {
            "gameTime": "2 - 34:2",
            "label": "Ball out of play",
            "position": "2042500",
            "half": "2",
            "confidence": "0.5087274312973022"
        },
        {
            "gameTime": "2 - 2:16",
            "label": "Ball out of play",
            "position": "136500",
            "half": "2",
            "confidence": "0.5063977837562561"
        },
        {
            "gameTime": "2 - 15:28",
            "label": "Ball out of play",
            "position": "928000",
            "half": "2",
            "confidence": "0.5060165524482727"
        },
        {
            "gameTime": "2 - 17:14",
            "label": "Ball out of play",
            "position": "1034000",
            "half": "2",
            "confidence": "0.5031688809394836"
        },
        {
            "gameTime": "2 - 45:44",
            "label": "Throw-in",
            "position": "2744500",
            "half": "2",
            "confidence": "0.946495532989502"
        },
        {
            "gameTime": "2 - 45:56",
            "label": "Throw-in",
            "position": "2756500",
            "half": "2",
            "confidence": "0.9386290907859802"
        },
        {
            "gameTime": "2 - 6:32",
            "label": "Throw-in",
            "position": "392500",
            "half": "2",
            "confidence": "0.9273866415023804"
        },
        {
            "gameTime": "2 - 24:35",
            "label": "Throw-in",
            "position": "1475500",
            "half": "2",
            "confidence": "0.910448431968689"
        },
        {
            "gameTime": "2 - 36:56",
            "label": "Throw-in",
            "position": "2216500",
            "half": "2",
            "confidence": "0.7968123555183411"
        },
        {
            "gameTime": "2 - 29:16",
            "label": "Throw-in",
            "position": "1756500",
            "half": "2",
            "confidence": "0.7453582286834717"
        },
        {
            "gameTime": "2 - 27:50",
            "label": "Throw-in",
            "position": "1670500",
            "half": "2",
            "confidence": "0.689304769039154"
        },
        {
            "gameTime": "2 - 28:27",
            "label": "Throw-in",
            "position": "1707000",
            "half": "2",
            "confidence": "0.6435350179672241"
        },
        {
            "gameTime": "2 - 2:56",
            "label": "Throw-in",
            "position": "176000",
            "half": "2",
            "confidence": "0.6154795289039612"
        },
        {
            "gameTime": "2 - 2:17",
            "label": "Throw-in",
            "position": "137500",
            "half": "2",
            "confidence": "0.6145421862602234"
        },
        {
            "gameTime": "2 - 28:45",
            "label": "Throw-in",
            "position": "1725000",
            "half": "2",
            "confidence": "0.6143717765808105"
        },
        {
            "gameTime": "2 - 6:55",
            "label": "Throw-in",
            "position": "415500",
            "half": "2",
            "confidence": "0.6079663038253784"
        },
        {
            "gameTime": "2 - 16:14",
            "label": "Throw-in",
            "position": "974500",
            "half": "2",
            "confidence": "0.6072201728820801"
        },
        {
            "gameTime": "2 - 24:25",
            "label": "Throw-in",
            "position": "1465000",
            "half": "2",
            "confidence": "0.592425525188446"
        },
        {
            "gameTime": "2 - 28:4",
            "label": "Throw-in",
            "position": "1684000",
            "half": "2",
            "confidence": "0.5781580209732056"
        },
        {
            "gameTime": "2 - 45:34",
            "label": "Throw-in",
            "position": "2734000",
            "half": "2",
            "confidence": "0.5539126396179199"
        },
        {
            "gameTime": "2 - 23:20",
            "label": "Throw-in",
            "position": "1400000",
            "half": "2",
            "confidence": "0.5316434502601624"
        },
        {
            "gameTime": "2 - 43:38",
            "label": "Throw-in",
            "position": "2618500",
            "half": "2",
            "confidence": "0.5255852937698364"
        },
        {
            "gameTime": "2 - 17:29",
            "label": "Throw-in",
            "position": "1049500",
            "half": "2",
            "confidence": "0.507850706577301"
        },
        {
            "gameTime": "2 - 48:32",
            "label": "Throw-in",
            "position": "2912000",
            "half": "2",
            "confidence": "0.5037442445755005"
        },
        {
            "gameTime": "2 - 38:10",
            "label": "Foul",
            "position": "2290000",
            "half": "2",
            "confidence": "0.5912858843803406"
        },
        {
            "gameTime": "2 - 16:50",
            "label": "Foul",
            "position": "1010000",
            "half": "2",
            "confidence": "0.5706542134284973"
        },
        {
            "gameTime": "2 - 15:18",
            "label": "Corner",
            "position": "918500",
            "half": "2",
            "confidence": "0.9967235922813416"
        },
        {
            "gameTime": "2 - 15:33",
            "label": "Corner",
            "position": "933000",
            "half": "2",
            "confidence": "0.9433931112289429"
        },
        {
            "gameTime": "2 - 21:46",
            "label": "Corner",
            "position": "1306500",
            "half": "2",
            "confidence": "0.9286033511161804"
        },
        {
            "gameTime": "2 - 9:11",
            "label": "Corner",
            "position": "551500",
            "half": "2",
            "confidence": "0.8900883197784424"
        },
        {
            "gameTime": "2 - 42:30",
            "label": "Corner",
            "position": "2550500",
            "half": "2",
            "confidence": "0.7394019365310669"
        },
        {
            "gameTime": "2 - 21:33",
            "label": "Corner",
            "position": "1293000",
            "half": "2",
            "confidence": "0.6219106912612915"
        },
        {
            "gameTime": "2 - 42:14",
            "label": "Corner",
            "position": "2534500",
            "half": "2",
            "confidence": "0.5666569471359253"
        }
    ]
}