{
    "UrlLocal": "france_ligue-1/2016-2017/2016-11-20 - 18-00 Saint Etienne 0 - 1 Nice",
    "predictions": [
        {
            "gameTime": "1 - 33:27",
            "label": "card",
            "position": "2007000",
            "half": "1",
            "confidence": "0.9856359958648682"
        },
        {
            "gameTime": "1 - 33:16",
            "label": "card",
            "position": "1996500",
            "half": "1",
            "confidence": "0.6344801783561707"
        },
        {
            "gameTime": "1 - 45:29",
            "label": "subs",
            "position": "2729000",
            "half": "1",
            "confidence": "0.8621870875358582"
        },
        {
            "gameTime": "1 - 45:17",
            "label": "subs",
            "position": "2717500",
            "half": "1",
            "confidence": "0.7296619415283203"
        },
        {
            "gameTime": "1 - 43:13",
            "label": "soccer",
            "position": "2593500",
            "half": "1",
            "confidence": "0.6745430827140808"
        },
        {
            "gameTime": "2 - 48:45",
            "label": "card",
            "position": "2925500",
            "half": "2",
            "confidence": "0.9633128046989441"
        },
        {
            "gameTime": "2 - 48:55",
            "label": "card",
            "position": "2935500",
            "half": "2",
            "confidence": "0.9165364503860474"
        },
        {
            "gameTime": "2 - 2:36",
            "label": "card",
            "position": "156500",
            "half": "2",
            "confidence": "0.7217748165130615"
        },
        {
            "gameTime": "2 - 44:1",
            "label": "subs",
            "position": "2641500",
            "half": "2",
            "confidence": "0.9803195595741272"
        },
        {
            "gameTime": "2 - 23:38",
            "label": "subs",
            "position": "1418000",
            "half": "2",
            "confidence": "0.912617564201355"
        },
        {
            "gameTime": "2 - 48:16",
            "label": "subs",
            "position": "2896000",
            "half": "2",
            "confidence": "0.9092565178871155"
        },
        {
            "gameTime": "2 - 44:11",
            "label": "subs",
            "position": "2651500",
            "half": "2",
            "confidence": "0.8982876539230347"
        },
        {
            "gameTime": "2 - 48:26",
            "label": "subs",
            "position": "2906000",
            "half": "2",
            "confidence": "0.8903037905693054"
        },
        {
            "gameTime": "2 - 36:7",
            "label": "subs",
            "position": "2167500",
            "half": "2",
            "confidence": "0.8762016296386719"
        },
        {
            "gameTime": "2 - 36:47",
            "label": "subs",
            "position": "2207000",
            "half": "2",
            "confidence": "0.8516046404838562"
        },
        {
            "gameTime": "2 - 36:30",
            "label": "subs",
            "position": "2190500",
            "half": "2",
            "confidence": "0.8256714344024658"
        },
        {
            "gameTime": "2 - 36:20",
            "label": "subs",
            "position": "2180000",
            "half": "2",
            "confidence": "0.7040905356407166"
        },
        {
            "gameTime": "2 - 23:27",
            "label": "subs",
            "position": "1407500",
            "half": "2",
            "confidence": "0.6795149445533752"
        },
        {
            "gameTime": "2 - 48:5",
            "label": "subs",
            "position": "2885500",
            "half": "2",
            "confidence": "0.5508737564086914"
        },
        {
            "gameTime": "2 - 17:12",
            "label": "soccer",
            "position": "1032000",
            "half": "2",
            "confidence": "0.9510550498962402"
        }
    ]
}