{
    "UrlLocal": "italy_serie-a/2016-2017/2017-03-18 - 18-00 Torino 2 - 2 Internazionale",
    "UrlYoutube": "",
    "annotations": [
        {
            "change_type": "",
            "gameTime": "1 - 00:22",
            "label": "",
            "position": "22905",
            "replay": "real-time"
        },
        {
            "change_type": "",
            "gameTime": "1 - 00:27",
            "label": "",
            "link": "",
            "position": "27572",
            "replay": "replay"
        },
        {
            "change_type": "",
            "gameTime": "1 - 02:03",
            "label": "",
            "position": "123841",
            "replay": "real-time"
        },
        {
            "change_type": "",
            "gameTime": "1 - 02:09",
            "label": "",
            "link": "",
            "position": "129927",
            "replay": "replay"
        },
        {
            "change_type": "",
            "gameTime": "1 - 06:18",
            "label": "",
            "position": "378736",
            "replay": "real-time"
        },
        {
            "change_type": "",
            "gameTime": "1 - 06:24",
            "label": "",
            "link": "",
            "position": "384201",
            "replay": "replay"
        },
        {
            "change_type": "",
            "gameTime": "1 - 06:29",
            "label": "",
            "link": "",
            "position": "389115",
            "replay": "replay"
        },
        {
            "change_type": "",
            "gameTime": "1 - 08:07",
            "label": "",
            "position": "487243",
            "replay": "real-time"
        },
        {
            "change_type": "",
            "gameTime": "1 - 08:17",
            "label": "",
            "link": "",
            "position": "497710",
            "replay": "replay"
        },
        {
            "change_type": "",
            "gameTime": "1 - 09:50",
            "label": "",
            "position": "590411",
            "replay": "real-time"
        },
        {
            "change_type": "",
            "gameTime": "1 - 09:56",
            "label": "",
            "link": "",
            "position": "596514",
            "replay": "replay"
        },
        {
            "change_type": "",
            "gameTime": "1 - 10:23",
            "label": "",
            "position": "623754",
            "replay": "real-time"
        },
        {
            "change_type": "",
            "gameTime": "1 - 10:27",
            "label": "",
            "link": "",
            "position": "627900",
            "replay": "replay"
        },
        {
            "change_type": "",
            "gameTime": "1 - 14:45",
            "label": "",
            "position": "885423",
            "replay": "real-time"
        },
        {
            "change_type": "",
            "gameTime": "1 - 14:51",
            "label": "",
            "link": "",
            "position": "891107",
            "replay": "replay"
        },
        {
            "change_type": "",
            "gameTime": "1 - 14:56",
            "label": "",
            "link": "",
            "position": "896734",
            "replay": "replay"
        },
        {
            "change_type": "",
            "gameTime": "1 - 15:00",
            "label": "",
            "link": "",
            "position": "900514",
            "replay": "replay"
        },
        {
            "change_type": "",
            "gameTime": "1 - 18:52",
            "label": "",
            "position": "1132788",
            "replay": "real-time"
        },
        {
            "change_type": "",
            "gameTime": "1 - 19:01",
            "label": "",
            "link": "",
            "position": "1141284",
            "replay": "replay"
        },
        {
            "change_type": "",
            "gameTime": "1 - 22:13",
            "label": "",
            "position": "1333371",
            "replay": "real-time"
        },
        {
            "change_type": "",
            "gameTime": "1 - 22:17",
            "label": "",
            "link": "",
            "position": "1337610",
            "replay": "replay"
        },
        {
            "change_type": "",
            "gameTime": "1 - 22:21",
            "label": "",
            "link": "",
            "position": "1341801",
            "replay": "replay"
        },
        {
            "change_type": "",
            "gameTime": "1 - 22:26",
            "label": "",
            "link": "",
            "position": "1346020",
            "replay": "replay"
        },
        {
            "change_type": "",
            "gameTime": "1 - 22:45",
            "label": "",
            "position": "1365186",
            "replay": "real-time"
        },
        {
            "change_type": "",
            "gameTime": "1 - 22:50",
            "label": "",
            "link": "",
            "position": "1370494",
            "replay": "replay"
        },
        {
            "change_type": "",
            "gameTime": "1 - 23:44",
            "label": "",
            "position": "1424368",
            "replay": "real-time"
        },
        {
            "change_type": "",
            "gameTime": "1 - 23:55",
            "label": "",
            "link": "",
            "position": "1435606",
            "replay": "replay"
        },
        {
            "change_type": "",
            "gameTime": "1 - 27:04",
            "label": "",
            "position": "1624879",
            "replay": "real-time"
        },
        {
            "change_type": "",
            "gameTime": "1 - 27:16",
            "label": "",
            "link": "",
            "position": "1636584",
            "replay": "replay"
        },
        {
            "change_type": "",
            "gameTime": "1 - 27:22",
            "label": "",
            "link": "",
            "position": "1642157",
            "replay": "replay"
        },
        {
            "change_type": "",
            "gameTime": "1 - 27:38",
            "label": "",
            "link": "",
            "position": "1658673",
            "replay": "replay"
        },
        {
            "change_type": "",
            "gameTime": "1 - 27:40",
            "label": "",
            "link": "",
            "position": "1660955",
            "replay": "replay"
        },
        {
            "change_type": "",
            "gameTime": "1 - 32:27",
            "label": "",
            "position": "1947357",
            "replay": "real-time"
        },
        {
            "change_type": "",
            "gameTime": "1 - 32:33",
            "label": "",
            "link": "",
            "position": "1953827",
            "replay": "replay"
        },
        {
            "change_type": "",
            "gameTime": "1 - 32:37",
            "label": "",
            "link": "",
            "position": "1957630",
            "replay": "replay"
        },
        {
            "change_type": "",
            "gameTime": "1 - 32:41",
            "label": "",
            "link": "",
            "position": "1961221",
            "replay": "replay"
        },
        {
            "change_type": "",
            "gameTime": "1 - 32:46",
            "label": "",
            "link": "",
            "position": "1966312",
            "replay": "replay"
        },
        {
            "change_type": "",
            "gameTime": "1 - 32:49",
            "label": "",
            "link": "",
            "position": "1969739",
            "replay": "replay"
        },
        {
            "change_type": "",
            "gameTime": "1 - 36:10",
            "label": "",
            "position": "2170446",
            "replay": "real-time"
        },
        {
            "change_type": "",
            "gameTime": "1 - 36:15",
            "label": "",
            "link": "",
            "position": "2175191",
            "replay": "replay"
        },
        {
            "change_type": "",
            "gameTime": "1 - 38:36",
            "label": "",
            "position": "2316958",
            "replay": "real-time"
        },
        {
            "change_type": "",
            "gameTime": "1 - 38:41",
            "label": "",
            "link": "",
            "position": "2321561",
            "replay": "replay"
        },
        {
            "change_type": "",
            "gameTime": "1 - 40:12",
            "label": "",
            "position": "2412336",
            "replay": "real-time"
        },
        {
            "change_type": "",
            "gameTime": "1 - 40:21",
            "label": "",
            "link": "",
            "position": "2421861",
            "replay": "replay"
        },
        {
            "change_type": "",
            "gameTime": "1 - 43:35",
            "label": "",
            "position": "2615415",
            "replay": "real-time"
        },
        {
            "change_type": "",
            "gameTime": "1 - 43:41",
            "label": "",
            "link": "",
            "position": "2621292",
            "replay": "replay"
        },
        {
            "change_type": "",
            "gameTime": "1 - 43:43",
            "label": "",
            "link": "",
            "position": "2623894",
            "replay": "replay"
        },
        {
            "change_type": "",
            "gameTime": "2 - 01:27",
            "label": "",
            "position": "87952",
            "replay": "real-time"
        },
        {
            "change_type": "",
            "gameTime": "2 - 01:32",
            "label": "",
            "link": "",
            "position": "92543",
            "replay": "replay"
        },
        {
            "change_type": "",
            "gameTime": "2 - 03:42",
            "label": "",
            "position": "222763",
            "replay": "real-time"
        },
        {
            "change_type": "",
            "gameTime": "2 - 03:52",
            "label": "",
            "link": "",
            "position": "232698",
            "replay": "replay"
        },
        {
            "change_type": "",
            "gameTime": "2 - 04:51",
            "label": "",
            "position": "291950",
            "replay": "real-time"
        },
        {
            "change_type": "",
            "gameTime": "2 - 04:58",
            "label": "",
            "link": "",
            "position": "298018",
            "replay": "replay"
        },
        {
            "change_type": "",
            "gameTime": "2 - 05:06",
            "label": "",
            "link": "",
            "position": "306583",
            "replay": "replay"
        },
        {
            "change_type": "",
            "gameTime": "2 - 07:55",
            "label": "",
            "position": "475394",
            "replay": "real-time"
        },
        {
            "change_type": "",
            "gameTime": "2 - 08:02",
            "label": "",
            "link": "",
            "position": "482521",
            "replay": "replay"
        },
        {
            "change_type": "",
            "gameTime": "2 - 08:16",
            "label": "",
            "position": "496502",
            "replay": "real-time"
        },
        {
            "change_type": "",
            "gameTime": "2 - 08:37",
            "label": "",
            "link": "",
            "position": "517198",
            "replay": "replay"
        },
        {
            "change_type": "",
            "gameTime": "2 - 09:42",
            "label": "",
            "position": "582579",
            "replay": "real-time"
        },
        {
            "change_type": "",
            "gameTime": "2 - 09:50",
            "label": "",
            "link": "",
            "position": "590608",
            "replay": "replay"
        },
        {
            "change_type": "",
            "gameTime": "2 - 10:48",
            "label": "",
            "position": "648608",
            "replay": "real-time"
        },
        {
            "change_type": "",
            "gameTime": "2 - 11:00",
            "label": "",
            "link": "",
            "position": "660821",
            "replay": "replay"
        },
        {
            "change_type": "",
            "gameTime": "2 - 11:04",
            "label": "",
            "link": "",
            "position": "664238",
            "replay": "replay"
        },
        {
            "change_type": "",
            "gameTime": "2 - 13:06",
            "label": "",
            "position": "786329",
            "replay": "real-time"
        },
        {
            "change_type": "",
            "gameTime": "2 - 13:10",
            "label": "",
            "link": "",
            "position": "790420",
            "replay": "replay"
        },
        {
            "change_type": "",
            "gameTime": "2 - 14:13",
            "label": "",
            "position": "853415",
            "replay": "real-time"
        },
        {
            "change_type": "",
            "gameTime": "2 - 14:24",
            "label": "",
            "link": "",
            "position": "864924",
            "replay": "replay"
        },
        {
            "change_type": "",
            "gameTime": "2 - 14:28",
            "label": "",
            "link": "",
            "position": "868547",
            "replay": "replay"
        },
        {
            "change_type": "",
            "gameTime": "2 - 14:32",
            "label": "",
            "link": "",
            "position": "872499",
            "replay": "replay"
        },
        {
            "change_type": "",
            "gameTime": "2 - 14:40",
            "label": "",
            "link": "",
            "position": "880829",
            "replay": "replay"
        },
        {
            "change_type": "",
            "gameTime": "2 - 15:22",
            "label": "",
            "position": "922357",
            "replay": "real-time"
        },
        {
            "change_type": "",
            "gameTime": "2 - 15:32",
            "label": "",
            "link": "",
            "position": "932770",
            "replay": "replay"
        },
        {
            "change_type": "",
            "gameTime": "2 - 15:37",
            "label": "",
            "link": "",
            "position": "937141",
            "replay": "replay"
        },
        {
            "change_type": "",
            "gameTime": "2 - 16:01",
            "label": "",
            "position": "961000",
            "replay": "real-time"
        },
        {
            "change_type": "",
            "gameTime": "2 - 16:04",
            "label": "",
            "link": "",
            "position": "964891",
            "replay": "replay"
        },
        {
            "change_type": "",
            "gameTime": "2 - 16:10",
            "label": "",
            "link": "",
            "position": "970789",
            "replay": "replay"
        },
        {
            "change_type": "",
            "gameTime": "2 - 16:53",
            "label": "",
            "position": "1013544",
            "replay": "real-time"
        },
        {
            "change_type": "",
            "gameTime": "2 - 17:02",
            "label": "",
            "link": "",
            "position": "1022718",
            "replay": "replay"
        },
        {
            "change_type": "",
            "gameTime": "2 - 17:06",
            "label": "",
            "link": "",
            "position": "1026486",
            "replay": "replay"
        },
        {
            "change_type": "",
            "gameTime": "2 - 17:11",
            "label": "",
            "link": "",
            "position": "1031525",
            "replay": "replay"
        },
        {
            "change_type": "",
            "gameTime": "2 - 17:18",
            "label": "",
            "link": "",
            "position": "1038812",
            "replay": "replay"
        },
        {
            "change_type": "",
            "gameTime": "2 - 18:33",
            "label": "",
            "position": "1113205",
            "replay": "real-time"
        },
        {
            "change_type": "",
            "gameTime": "2 - 18:42",
            "label": "",
            "link": "",
            "position": "1122242",
            "replay": "replay"
        },
        {
            "change_type": "",
            "gameTime": "2 - 20:39",
            "label": "",
            "position": "1239904",
            "replay": "real-time"
        },
        {
            "change_type": "",
            "gameTime": "2 - 20:43",
            "label": "",
            "link": "",
            "position": "1243949",
            "replay": "replay"
        },
        {
            "change_type": "",
            "gameTime": "2 - 21:57",
            "label": "",
            "position": "1317204",
            "replay": "real-time"
        },
        {
            "change_type": "",
            "gameTime": "2 - 22:01",
            "label": "",
            "link": "",
            "position": "1321506",
            "replay": "replay"
        },
        {
            "change_type": "",
            "gameTime": "2 - 22:08",
            "label": "",
            "link": "",
            "position": "1328709",
            "replay": "replay"
        },
        {
            "change_type": "",
            "gameTime": "2 - 22:18",
            "label": "",
            "position": "1338383",
            "replay": "real-time"
        },
        {
            "change_type": "",
            "gameTime": "2 - 22:47",
            "label": "",
            "link": "",
            "position": "1367365",
            "replay": "replay"
        },
        {
            "change_type": "",
            "gameTime": "2 - 27:09",
            "label": "",
            "position": "1629295",
            "replay": "real-time"
        },
        {
            "change_type": "",
            "gameTime": "2 - 27:13",
            "label": "",
            "link": "",
            "position": "1633613",
            "replay": "replay"
        },
        {
            "change_type": "",
            "gameTime": "2 - 27:20",
            "label": "",
            "link": "",
            "position": "1640470",
            "replay": "replay"
        },
        {
            "change_type": "",
            "gameTime": "2 - 28:28",
            "label": "",
            "position": "1708778",
            "replay": "real-time"
        },
        {
            "change_type": "",
            "gameTime": "2 - 28:37",
            "label": "",
            "link": "",
            "position": "1717987",
            "replay": "replay"
        },
        {
            "change_type": "",
            "gameTime": "2 - 29:42",
            "label": "",
            "position": "1782852",
            "replay": "real-time"
        },
        {
            "change_type": "",
            "gameTime": "2 - 29:48",
            "label": "",
            "link": "",
            "position": "1788877",
            "replay": "replay"
        },
        {
            "change_type": "",
            "gameTime": "2 - 30:25",
            "label": "",
            "position": "1825916",
            "replay": "real-time"
        },
        {
            "change_type": "",
            "gameTime": "2 - 30:33",
            "label": "",
            "link": "",
            "position": "1833091",
            "replay": "replay"
        },
        {
            "change_type": "",
            "gameTime": "2 - 31:24",
            "label": "",
            "position": "1884654",
            "replay": "real-time"
        },
        {
            "change_type": "",
            "gameTime": "2 - 31:29",
            "label": "",
            "link": "",
            "position": "1889859",
            "replay": "replay"
        },
        {
            "change_type": "",
            "gameTime": "2 - 31:57",
            "label": "",
            "position": "1917313",
            "replay": "real-time"
        },
        {
            "change_type": "",
            "gameTime": "2 - 32:02",
            "label": "",
            "link": "",
            "position": "1922477",
            "replay": "replay"
        },
        {
            "change_type": "",
            "gameTime": "2 - 32:49",
            "label": "",
            "position": "1969097",
            "replay": "real-time"
        },
        {
            "change_type": "",
            "gameTime": "2 - 32:56",
            "label": "",
            "link": "",
            "position": "1976365",
            "replay": "replay"
        },
        {
            "change_type": "",
            "gameTime": "2 - 33:55",
            "label": "",
            "position": "2035389",
            "replay": "real-time"
        },
        {
            "change_type": "",
            "gameTime": "2 - 33:59",
            "label": "",
            "link": "",
            "position": "2039628",
            "replay": "replay"
        },
        {
            "change_type": "",
            "gameTime": "2 - 34:50",
            "label": "",
            "position": "2090124",
            "replay": "real-time"
        },
        {
            "change_type": "",
            "gameTime": "2 - 35:00",
            "label": "",
            "link": "",
            "position": "2100731",
            "replay": "replay"
        },
        {
            "change_type": "",
            "gameTime": "2 - 35:04",
            "label": "",
            "link": "",
            "position": "2104456",
            "replay": "replay"
        },
        {
            "change_type": "",
            "gameTime": "2 - 36:06",
            "label": "",
            "position": "2166567",
            "replay": "real-time"
        },
        {
            "change_type": "",
            "gameTime": "2 - 36:12",
            "label": "",
            "link": "",
            "position": "2172256",
            "replay": "replay"
        },
        {
            "change_type": "",
            "gameTime": "2 - 36:16",
            "label": "",
            "link": "",
            "position": "2176070",
            "replay": "replay"
        },
        {
            "change_type": "",
            "gameTime": "2 - 36:21",
            "label": "",
            "link": "",
            "position": "2181991",
            "replay": "replay"
        },
        {
            "change_type": "",
            "gameTime": "2 - 38:02",
            "label": "",
            "position": "2282309",
            "replay": "real-time"
        },
        {
            "change_type": "",
            "gameTime": "2 - 38:07",
            "label": "",
            "link": "",
            "position": "2287371",
            "replay": "replay"
        },
        {
            "change_type": "",
            "gameTime": "2 - 38:10",
            "label": "",
            "link": "",
            "position": "2290463",
            "replay": "replay"
        },
        {
            "change_type": "",
            "gameTime": "2 - 38:49",
            "label": "",
            "position": "2329122",
            "replay": "real-time"
        },
        {
            "change_type": "",
            "gameTime": "2 - 38:54",
            "label": "",
            "link": "",
            "position": "2334283",
            "replay": "replay"
        },
        {
            "change_type": "",
            "gameTime": "2 - 38:57",
            "label": "",
            "link": "",
            "position": "2337527",
            "replay": "replay"
        },
        {
            "change_type": "",
            "gameTime": "2 - 39:02",
            "label": "",
            "link": "",
            "position": "2342125",
            "replay": "replay"
        },
        {
            "change_type": "",
            "gameTime": "2 - 41:23",
            "label": "",
            "position": "2483009",
            "replay": "real-time"
        },
        {
            "change_type": "",
            "gameTime": "2 - 41:30",
            "label": "",
            "link": "",
            "position": "2490478",
            "replay": "replay"
        },
        {
            "change_type": "",
            "gameTime": "2 - 42:12",
            "label": "",
            "position": "2532942",
            "replay": "real-time"
        },
        {
            "change_type": "",
            "gameTime": "2 - 42:18",
            "label": "",
            "link": "",
            "position": "2538362",
            "replay": "replay"
        },
        {
            "change_type": "",
            "gameTime": "2 - 42:25",
            "label": "",
            "link": "",
            "position": "2545163",
            "replay": "replay"
        },
        {
            "change_type": "",
            "gameTime": "2 - 42:33",
            "label": "",
            "position": "2553385",
            "replay": "real-time"
        },
        {
            "change_type": "",
            "gameTime": "2 - 42:40",
            "label": "",
            "link": "",
            "position": "2560939",
            "replay": "replay"
        },
        {
            "change_type": "",
            "gameTime": "2 - 45:03",
            "label": "",
            "position": "2703908",
            "replay": "real-time"
        },
        {
            "change_type": "",
            "gameTime": "2 - 45:09",
            "label": "",
            "link": "",
            "position": "2709725",
            "replay": "replay"
        },
        {
            "change_type": "",
            "gameTime": "2 - 45:14",
            "label": "",
            "link": "",
            "position": "2714445",
            "replay": "replay"
        },
        {
            "change_type": "",
            "gameTime": "2 - 45:18",
            "label": "",
            "link": "",
            "position": "2718132",
            "replay": "replay"
        },
        {
            "change_type": "",
            "gameTime": "2 - 45:36",
            "label": "",
            "position": "2736642",
            "replay": "real-time"
        },
        {
            "change_type": "",
            "gameTime": "2 - 45:42",
            "label": "",
            "link": "",
            "position": "2742083",
            "replay": "replay"
        },
        {
            "change_type": "",
            "gameTime": "2 - 47:36",
            "label": "",
            "position": "2856078",
            "replay": "real-time"
        },
        {
            "change_type": "",
            "gameTime": "2 - 47:45",
            "label": "",
            "link": "",
            "position": "2865597",
            "replay": "replay"
        },
        {
            "change_type": "",
            "gameTime": "2 - 47:49",
            "label": "",
            "link": "",
            "position": "2869792",
            "replay": "replay"
        },
        {
            "change_type": "",
            "gameTime": "2 - 48:43",
            "label": "",
            "position": "2923092",
            "replay": "real-time"
        },
        {
            "change_type": "",
            "gameTime": "2 - 48:47",
            "label": "",
            "link": "",
            "position": "2927952",
            "replay": "replay"
        },
        {
            "change_type": "",
            "gameTime": "2 - 48:50",
            "label": "",
            "link": "",
            "position": "2930749",
            "replay": "replay"
        },
        {
            "change_type": "",
            "gameTime": "2 - 49:07",
            "label": "",
            "position": "2947812",
            "replay": "real-time"
        },
        {
            "change_type": "",
            "gameTime": "2 - 49:11",
            "label": "",
            "link": "",
            "position": "2951729",
            "replay": "replay"
        },
        {
            "change_type": "",
            "gameTime": "2 - 50:45",
            "label": "",
            "position": "3045484",
            "replay": "real-time"
        },
        {
            "change_type": "",
            "gameTime": "2 - 50:52",
            "label": "",
            "link": "",
            "position": "3052900",
            "replay": "replay"
        }
    ],
    "gameAwayTeam": "Internazionale",
    "gameDate": "2017-03-18 - 18-00",
    "gameHomeTeam": "Torino",
    "gameScore": "2 - 2"
}