{
    "UrlLocal": "germany_bundesliga/2016-2017/2016-09-30 - 18-00 Leipzig 2 - 1 Augsburg",
    "predictions": [
        {
            "gameTime": "1 - 0:0",
            "label": "Kick-off",
            "position": "0",
            "half": "1",
            "confidence": "0.9210853576660156"
        },
        {
            "gameTime": "1 - 11:29",
            "label": "Kick-off",
            "position": "689000",
            "half": "1",
            "confidence": "0.704359769821167"
        },
        {
            "gameTime": "1 - 11:40",
            "label": "Kick-off",
            "position": "700000",
            "half": "1",
            "confidence": "0.5311921238899231"
        },
        {
            "gameTime": "1 - 44:57",
            "label": "Kick-off",
            "position": "2697500",
            "half": "1",
            "confidence": "0.5283488035202026"
        },
        {
            "gameTime": "1 - 10:39",
            "label": "Goal",
            "position": "639500",
            "half": "1",
            "confidence": "0.9063697457313538"
        },
        {
            "gameTime": "1 - 45:10",
            "label": "Substitution",
            "position": "2710500",
            "half": "1",
            "confidence": "0.7318778038024902"
        },
        {
            "gameTime": "1 - 38:19",
            "label": "Offside",
            "position": "2299500",
            "half": "1",
            "confidence": "0.5003081560134888"
        },
        {
            "gameTime": "1 - 17:25",
            "label": "Shots on target",
            "position": "1045500",
            "half": "1",
            "confidence": "0.7347245216369629"
        },
        {
            "gameTime": "1 - 12:18",
            "label": "Shots on target",
            "position": "738000",
            "half": "1",
            "confidence": "0.6442676186561584"
        },
        {
            "gameTime": "1 - 24:27",
            "label": "Shots off target",
            "position": "1467500",
            "half": "1",
            "confidence": "0.645423412322998"
        },
        {
            "gameTime": "1 - 5:54",
            "label": "Shots off target",
            "position": "354000",
            "half": "1",
            "confidence": "0.5879797339439392"
        },
        {
            "gameTime": "1 - 26:23",
            "label": "Shots off target",
            "position": "1583000",
            "half": "1",
            "confidence": "0.5174781680107117"
        },
        {
            "gameTime": "1 - 2:53",
            "label": "Clearance",
            "position": "173000",
            "half": "1",
            "confidence": "0.7655798196792603"
        },
        {
            "gameTime": "1 - 36:30",
            "label": "Clearance",
            "position": "2190000",
            "half": "1",
            "confidence": "0.6717373728752136"
        },
        {
            "gameTime": "1 - 2:42",
            "label": "Clearance",
            "position": "162000",
            "half": "1",
            "confidence": "0.6421492099761963"
        },
        {
            "gameTime": "1 - 19:31",
            "label": "Clearance",
            "position": "1171500",
            "half": "1",
            "confidence": "0.5536891222000122"
        },
        {
            "gameTime": "1 - 36:17",
            "label": "Clearance",
            "position": "2177500",
            "half": "1",
            "confidence": "0.5415862798690796"
        },
        {
            "gameTime": "1 - 32:4",
            "label": "Ball out of play",
            "position": "1924500",
            "half": "1",
            "confidence": "0.9019565582275391"
        },
        {
            "gameTime": "1 - 16:48",
            "label": "Ball out of play",
            "position": "1008000",
            "half": "1",
            "confidence": "0.8853477835655212"
        },
        {
            "gameTime": "1 - 36:4",
            "label": "Ball out of play",
            "position": "2164000",
            "half": "1",
            "confidence": "0.8628396391868591"
        },
        {
            "gameTime": "1 - 29:51",
            "label": "Ball out of play",
            "position": "1791500",
            "half": "1",
            "confidence": "0.8394621014595032"
        },
        {
            "gameTime": "1 - 38:10",
            "label": "Ball out of play",
            "position": "2290500",
            "half": "1",
            "confidence": "0.8360704779624939"
        },
        {
            "gameTime": "1 - 10:35",
            "label": "Ball out of play",
            "position": "635000",
            "half": "1",
            "confidence": "0.8315023183822632"
        },
        {
            "gameTime": "1 - 22:57",
            "label": "Ball out of play",
            "position": "1377000",
            "half": "1",
            "confidence": "0.8309515714645386"
        },
        {
            "gameTime": "1 - 8:9",
            "label": "Ball out of play",
            "position": "489000",
            "half": "1",
            "confidence": "0.8270806074142456"
        },
        {
            "gameTime": "1 - 23:8",
            "label": "Ball out of play",
            "position": "1388500",
            "half": "1",
            "confidence": "0.8168054223060608"
        },
        {
            "gameTime": "1 - 15:57",
            "label": "Ball out of play",
            "position": "957500",
            "half": "1",
            "confidence": "0.8075224161148071"
        },
        {
            "gameTime": "1 - 33:1",
            "label": "Ball out of play",
            "position": "1981500",
            "half": "1",
            "confidence": "0.8052374124526978"
        },
        {
            "gameTime": "1 - 30:37",
            "label": "Ball out of play",
            "position": "1837000",
            "half": "1",
            "confidence": "0.7971847653388977"
        },
        {
            "gameTime": "1 - 24:27",
            "label": "Ball out of play",
            "position": "1467000",
            "half": "1",
            "confidence": "0.7954120635986328"
        },
        {
            "gameTime": "1 - 6:0",
            "label": "Ball out of play",
            "position": "360000",
            "half": "1",
            "confidence": "0.762572705745697"
        },
        {
            "gameTime": "1 - 18:24",
            "label": "Ball out of play",
            "position": "1104500",
            "half": "1",
            "confidence": "0.7604801654815674"
        },
        {
            "gameTime": "1 - 0:12",
            "label": "Ball out of play",
            "position": "12500",
            "half": "1",
            "confidence": "0.7530932426452637"
        },
        {
            "gameTime": "1 - 15:4",
            "label": "Ball out of play",
            "position": "904000",
            "half": "1",
            "confidence": "0.7481127977371216"
        },
        {
            "gameTime": "1 - 44:37",
            "label": "Ball out of play",
            "position": "2677500",
            "half": "1",
            "confidence": "0.7431739568710327"
        },
        {
            "gameTime": "1 - 16:8",
            "label": "Ball out of play",
            "position": "968500",
            "half": "1",
            "confidence": "0.7349313497543335"
        },
        {
            "gameTime": "1 - 7:22",
            "label": "Ball out of play",
            "position": "442500",
            "half": "1",
            "confidence": "0.7271038889884949"
        },
        {
            "gameTime": "1 - 8:19",
            "label": "Ball out of play",
            "position": "499000",
            "half": "1",
            "confidence": "0.7162756323814392"
        },
        {
            "gameTime": "1 - 38:22",
            "label": "Ball out of play",
            "position": "2302500",
            "half": "1",
            "confidence": "0.7013581395149231"
        },
        {
            "gameTime": "1 - 6:27",
            "label": "Ball out of play",
            "position": "387000",
            "half": "1",
            "confidence": "0.6972668170928955"
        },
        {
            "gameTime": "1 - 23:18",
            "label": "Ball out of play",
            "position": "1398500",
            "half": "1",
            "confidence": "0.6960429549217224"
        },
        {
            "gameTime": "1 - 39:54",
            "label": "Ball out of play",
            "position": "2394000",
            "half": "1",
            "confidence": "0.6955491900444031"
        },
        {
            "gameTime": "1 - 29:22",
            "label": "Ball out of play",
            "position": "1762500",
            "half": "1",
            "confidence": "0.6783402562141418"
        },
        {
            "gameTime": "1 - 40:15",
            "label": "Ball out of play",
            "position": "2415000",
            "half": "1",
            "confidence": "0.6679655313491821"
        },
        {
            "gameTime": "1 - 6:40",
            "label": "Ball out of play",
            "position": "400500",
            "half": "1",
            "confidence": "0.6633559465408325"
        },
        {
            "gameTime": "1 - 22:9",
            "label": "Ball out of play",
            "position": "1329500",
            "half": "1",
            "confidence": "0.6532648801803589"
        },
        {
            "gameTime": "1 - 31:6",
            "label": "Ball out of play",
            "position": "1866500",
            "half": "1",
            "confidence": "0.6532289385795593"
        },
        {
            "gameTime": "1 - 13:24",
            "label": "Ball out of play",
            "position": "804500",
            "half": "1",
            "confidence": "0.6422905921936035"
        },
        {
            "gameTime": "1 - 40:25",
            "label": "Ball out of play",
            "position": "2425000",
            "half": "1",
            "confidence": "0.6346380710601807"
        },
        {
            "gameTime": "1 - 42:13",
            "label": "Ball out of play",
            "position": "2533500",
            "half": "1",
            "confidence": "0.6314700841903687"
        },
        {
            "gameTime": "1 - 19:7",
            "label": "Ball out of play",
            "position": "1147000",
            "half": "1",
            "confidence": "0.6204984784126282"
        },
        {
            "gameTime": "1 - 27:29",
            "label": "Ball out of play",
            "position": "1649000",
            "half": "1",
            "confidence": "0.6202312707901001"
        },
        {
            "gameTime": "1 - 12:23",
            "label": "Ball out of play",
            "position": "743500",
            "half": "1",
            "confidence": "0.6048989295959473"
        },
        {
            "gameTime": "1 - 21:12",
            "label": "Ball out of play",
            "position": "1272500",
            "half": "1",
            "confidence": "0.6009730696678162"
        },
        {
            "gameTime": "1 - 9:15",
            "label": "Ball out of play",
            "position": "555500",
            "half": "1",
            "confidence": "0.5998397469520569"
        },
        {
            "gameTime": "1 - 29:35",
            "label": "Ball out of play",
            "position": "1775500",
            "half": "1",
            "confidence": "0.5915900468826294"
        },
        {
            "gameTime": "1 - 42:28",
            "label": "Ball out of play",
            "position": "2548500",
            "half": "1",
            "confidence": "0.5849326252937317"
        },
        {
            "gameTime": "1 - 7:33",
            "label": "Ball out of play",
            "position": "453500",
            "half": "1",
            "confidence": "0.5750970840454102"
        },
        {
            "gameTime": "1 - 32:51",
            "label": "Ball out of play",
            "position": "1971000",
            "half": "1",
            "confidence": "0.5716255307197571"
        },
        {
            "gameTime": "1 - 12:36",
            "label": "Ball out of play",
            "position": "756000",
            "half": "1",
            "confidence": "0.5645468831062317"
        },
        {
            "gameTime": "1 - 0:57",
            "label": "Ball out of play",
            "position": "57000",
            "half": "1",
            "confidence": "0.5637925863265991"
        },
        {
            "gameTime": "1 - 27:42",
            "label": "Ball out of play",
            "position": "1662000",
            "half": "1",
            "confidence": "0.556178867816925"
        },
        {
            "gameTime": "1 - 30:26",
            "label": "Ball out of play",
            "position": "1826000",
            "half": "1",
            "confidence": "0.555995762348175"
        },
        {
            "gameTime": "1 - 14:38",
            "label": "Ball out of play",
            "position": "878000",
            "half": "1",
            "confidence": "0.514098584651947"
        },
        {
            "gameTime": "1 - 33:16",
            "label": "Ball out of play",
            "position": "1996500",
            "half": "1",
            "confidence": "0.5134115219116211"
        },
        {
            "gameTime": "1 - 24:37",
            "label": "Ball out of play",
            "position": "1477000",
            "half": "1",
            "confidence": "0.505236804485321"
        },
        {
            "gameTime": "1 - 35:53",
            "label": "Ball out of play",
            "position": "2153500",
            "half": "1",
            "confidence": "0.5026332139968872"
        },
        {
            "gameTime": "1 - 24:5",
            "label": "Ball out of play",
            "position": "1445000",
            "half": "1",
            "confidence": "0.5019822716712952"
        },
        {
            "gameTime": "1 - 8:11",
            "label": "Throw-in",
            "position": "491500",
            "half": "1",
            "confidence": "0.9892340898513794"
        },
        {
            "gameTime": "1 - 15:4",
            "label": "Throw-in",
            "position": "904000",
            "half": "1",
            "confidence": "0.9692877531051636"
        },
        {
            "gameTime": "1 - 27:35",
            "label": "Throw-in",
            "position": "1655500",
            "half": "1",
            "confidence": "0.9661060571670532"
        },
        {
            "gameTime": "1 - 30:36",
            "label": "Throw-in",
            "position": "1836500",
            "half": "1",
            "confidence": "0.9516760110855103"
        },
        {
            "gameTime": "1 - 27:51",
            "label": "Throw-in",
            "position": "1671000",
            "half": "1",
            "confidence": "0.9435375332832336"
        },
        {
            "gameTime": "1 - 40:21",
            "label": "Throw-in",
            "position": "2421000",
            "half": "1",
            "confidence": "0.900761604309082"
        },
        {
            "gameTime": "1 - 23:11",
            "label": "Throw-in",
            "position": "1391500",
            "half": "1",
            "confidence": "0.8869409561157227"
        },
        {
            "gameTime": "1 - 7:25",
            "label": "Throw-in",
            "position": "445000",
            "half": "1",
            "confidence": "0.8742645978927612"
        },
        {
            "gameTime": "1 - 33:16",
            "label": "Throw-in",
            "position": "1996000",
            "half": "1",
            "confidence": "0.8605627417564392"
        },
        {
            "gameTime": "1 - 15:17",
            "label": "Throw-in",
            "position": "917000",
            "half": "1",
            "confidence": "0.8577451109886169"
        },
        {
            "gameTime": "1 - 15:57",
            "label": "Throw-in",
            "position": "957500",
            "half": "1",
            "confidence": "0.798937201499939"
        },
        {
            "gameTime": "1 - 44:44",
            "label": "Throw-in",
            "position": "2684500",
            "half": "1",
            "confidence": "0.7963494658470154"
        },
        {
            "gameTime": "1 - 33:3",
            "label": "Throw-in",
            "position": "1983000",
            "half": "1",
            "confidence": "0.7941460609436035"
        },
        {
            "gameTime": "1 - 40:10",
            "label": "Throw-in",
            "position": "2410500",
            "half": "1",
            "confidence": "0.7818914651870728"
        },
        {
            "gameTime": "1 - 16:10",
            "label": "Throw-in",
            "position": "970000",
            "half": "1",
            "confidence": "0.7306032180786133"
        },
        {
            "gameTime": "1 - 30:46",
            "label": "Throw-in",
            "position": "1846500",
            "half": "1",
            "confidence": "0.6588202714920044"
        },
        {
            "gameTime": "1 - 43:11",
            "label": "Throw-in",
            "position": "2591000",
            "half": "1",
            "confidence": "0.6545881032943726"
        },
        {
            "gameTime": "1 - 7:35",
            "label": "Throw-in",
            "position": "455000",
            "half": "1",
            "confidence": "0.6399946212768555"
        },
        {
            "gameTime": "1 - 16:20",
            "label": "Throw-in",
            "position": "980000",
            "half": "1",
            "confidence": "0.6364427208900452"
        },
        {
            "gameTime": "1 - 12:36",
            "label": "Throw-in",
            "position": "756000",
            "half": "1",
            "confidence": "0.6237188577651978"
        },
        {
            "gameTime": "1 - 16:48",
            "label": "Throw-in",
            "position": "1008500",
            "half": "1",
            "confidence": "0.553834080696106"
        },
        {
            "gameTime": "1 - 3:50",
            "label": "Throw-in",
            "position": "230500",
            "half": "1",
            "confidence": "0.5484752655029297"
        },
        {
            "gameTime": "1 - 1:40",
            "label": "Throw-in",
            "position": "100000",
            "half": "1",
            "confidence": "0.5310876965522766"
        },
        {
            "gameTime": "1 - 23:21",
            "label": "Throw-in",
            "position": "1401500",
            "half": "1",
            "confidence": "0.523389458656311"
        },
        {
            "gameTime": "1 - 27:25",
            "label": "Throw-in",
            "position": "1645000",
            "half": "1",
            "confidence": "0.5037758946418762"
        },
        {
            "gameTime": "1 - 9:24",
            "label": "Foul",
            "position": "564500",
            "half": "1",
            "confidence": "0.8916958570480347"
        },
        {
            "gameTime": "1 - 34:57",
            "label": "Foul",
            "position": "2097500",
            "half": "1",
            "confidence": "0.8610610365867615"
        },
        {
            "gameTime": "1 - 44:10",
            "label": "Foul",
            "position": "2650000",
            "half": "1",
            "confidence": "0.8167760968208313"
        },
        {
            "gameTime": "1 - 25:13",
            "label": "Foul",
            "position": "1513000",
            "half": "1",
            "confidence": "0.8096520304679871"
        },
        {
            "gameTime": "1 - 35:24",
            "label": "Foul",
            "position": "2124500",
            "half": "1",
            "confidence": "0.780019998550415"
        },
        {
            "gameTime": "1 - 43:58",
            "label": "Foul",
            "position": "2638500",
            "half": "1",
            "confidence": "0.6788496971130371"
        },
        {
            "gameTime": "1 - 42:41",
            "label": "Foul",
            "position": "2561000",
            "half": "1",
            "confidence": "0.6750794649124146"
        },
        {
            "gameTime": "1 - 9:34",
            "label": "Foul",
            "position": "574500",
            "half": "1",
            "confidence": "0.6563529372215271"
        },
        {
            "gameTime": "1 - 25:23",
            "label": "Foul",
            "position": "1523000",
            "half": "1",
            "confidence": "0.6176297068595886"
        },
        {
            "gameTime": "1 - 43:32",
            "label": "Foul",
            "position": "2612500",
            "half": "1",
            "confidence": "0.5776976346969604"
        },
        {
            "gameTime": "1 - 34:47",
            "label": "Foul",
            "position": "2087000",
            "half": "1",
            "confidence": "0.5359594225883484"
        },
        {
            "gameTime": "1 - 35:21",
            "label": "Indirect free-kick",
            "position": "2121500",
            "half": "1",
            "confidence": "0.7238813638687134"
        },
        {
            "gameTime": "1 - 14:27",
            "label": "Indirect free-kick",
            "position": "867000",
            "half": "1",
            "confidence": "0.5395442247390747"
        },
        {
            "gameTime": "1 - 26:8",
            "label": "Indirect free-kick",
            "position": "1568500",
            "half": "1",
            "confidence": "0.5303625464439392"
        },
        {
            "gameTime": "1 - 43:36",
            "label": "Indirect free-kick",
            "position": "2616500",
            "half": "1",
            "confidence": "0.5103175044059753"
        },
        {
            "gameTime": "1 - 26:9",
            "label": "Direct free-kick",
            "position": "1569500",
            "half": "1",
            "confidence": "0.9607252478599548"
        },
        {
            "gameTime": "1 - 21:1",
            "label": "Direct free-kick",
            "position": "1261500",
            "half": "1",
            "confidence": "0.9443932771682739"
        },
        {
            "gameTime": "1 - 26:20",
            "label": "Direct free-kick",
            "position": "1580000",
            "half": "1",
            "confidence": "0.767592191696167"
        },
        {
            "gameTime": "1 - 44:20",
            "label": "Direct free-kick",
            "position": "2660500",
            "half": "1",
            "confidence": "0.5294557213783264"
        },
        {
            "gameTime": "1 - 6:28",
            "label": "Corner",
            "position": "388500",
            "half": "1",
            "confidence": "0.937567949295044"
        },
        {
            "gameTime": "1 - 17:17",
            "label": "Corner",
            "position": "1037500",
            "half": "1",
            "confidence": "0.9289891123771667"
        },
        {
            "gameTime": "1 - 24:53",
            "label": "Corner",
            "position": "1493000",
            "half": "1",
            "confidence": "0.8619605898857117"
        },
        {
            "gameTime": "1 - 17:7",
            "label": "Corner",
            "position": "1027000",
            "half": "1",
            "confidence": "0.8032116293907166"
        },
        {
            "gameTime": "1 - 22:46",
            "label": "Corner",
            "position": "1366000",
            "half": "1",
            "confidence": "0.803197979927063"
        },
        {
            "gameTime": "1 - 25:4",
            "label": "Corner",
            "position": "1504000",
            "half": "1",
            "confidence": "0.7712529897689819"
        },
        {
            "gameTime": "1 - 6:40",
            "label": "Corner",
            "position": "400000",
            "half": "1",
            "confidence": "0.6096293926239014"
        },
        {
            "gameTime": "1 - 25:49",
            "label": "Yellow card",
            "position": "1549000",
            "half": "1",
            "confidence": "0.8786430358886719"
        },
        {
            "gameTime": "1 - 25:38",
            "label": "Yellow card",
            "position": "1538500",
            "half": "1",
            "confidence": "0.6759201288223267"
        },
        {
            "gameTime": "1 - 35:3",
            "label": "Yellow card",
            "position": "2103500",
            "half": "1",
            "confidence": "0.6356083154678345"
        },
        {
            "gameTime": "2 - 0:1",
            "label": "Kick-off",
            "position": "1000",
            "half": "2",
            "confidence": "0.9900994896888733"
        },
        {
            "gameTime": "2 - 6:46",
            "label": "Kick-off",
            "position": "406000",
            "half": "2",
            "confidence": "0.741604745388031"
        },
        {
            "gameTime": "2 - 30:10",
            "label": "Goal",
            "position": "1810500",
            "half": "2",
            "confidence": "0.6226273775100708"
        },
        {
            "gameTime": "2 - 6:11",
            "label": "Goal",
            "position": "371000",
            "half": "2",
            "confidence": "0.5468907356262207"
        },
        {
            "gameTime": "2 - 32:50",
            "label": "Substitution",
            "position": "1970500",
            "half": "2",
            "confidence": "0.9773430824279785"
        },
        {
            "gameTime": "2 - 43:8",
            "label": "Substitution",
            "position": "2588500",
            "half": "2",
            "confidence": "0.9196494221687317"
        },
        {
            "gameTime": "2 - 34:22",
            "label": "Substitution",
            "position": "2062000",
            "half": "2",
            "confidence": "0.9094465970993042"
        },
        {
            "gameTime": "2 - 20:13",
            "label": "Substitution",
            "position": "1213500",
            "half": "2",
            "confidence": "0.8448320627212524"
        },
        {
            "gameTime": "2 - 41:25",
            "label": "Substitution",
            "position": "2485000",
            "half": "2",
            "confidence": "0.7437649369239807"
        },
        {
            "gameTime": "2 - 34:11",
            "label": "Substitution",
            "position": "2051500",
            "half": "2",
            "confidence": "0.7191634178161621"
        },
        {
            "gameTime": "2 - 41:41",
            "label": "Substitution",
            "position": "2501500",
            "half": "2",
            "confidence": "0.7146654725074768"
        },
        {
            "gameTime": "2 - 47:23",
            "label": "Substitution",
            "position": "2843000",
            "half": "2",
            "confidence": "0.6386823058128357"
        },
        {
            "gameTime": "2 - 20:23",
            "label": "Substitution",
            "position": "1223500",
            "half": "2",
            "confidence": "0.6051614880561829"
        },
        {
            "gameTime": "2 - 41:14",
            "label": "Substitution",
            "position": "2474000",
            "half": "2",
            "confidence": "0.5850539803504944"
        },
        {
            "gameTime": "2 - 6:49",
            "label": "Substitution",
            "position": "409000",
            "half": "2",
            "confidence": "0.5821004509925842"
        },
        {
            "gameTime": "2 - 32:40",
            "label": "Substitution",
            "position": "1960000",
            "half": "2",
            "confidence": "0.5649852752685547"
        },
        {
            "gameTime": "2 - 36:2",
            "label": "Offside",
            "position": "2162500",
            "half": "2",
            "confidence": "0.9214633703231812"
        },
        {
            "gameTime": "2 - 35:50",
            "label": "Offside",
            "position": "2150500",
            "half": "2",
            "confidence": "0.7169442772865295"
        },
        {
            "gameTime": "2 - 30:10",
            "label": "Shots on target",
            "position": "1810500",
            "half": "2",
            "confidence": "0.6399038434028625"
        },
        {
            "gameTime": "2 - 20:48",
            "label": "Shots on target",
            "position": "1248000",
            "half": "2",
            "confidence": "0.5441230535507202"
        },
        {
            "gameTime": "2 - 44:42",
            "label": "Shots on target",
            "position": "2682000",
            "half": "2",
            "confidence": "0.5130682587623596"
        },
        {
            "gameTime": "2 - 44:1",
            "label": "Shots off target",
            "position": "2641000",
            "half": "2",
            "confidence": "0.5507001280784607"
        },
        {
            "gameTime": "2 - 8:47",
            "label": "Clearance",
            "position": "527000",
            "half": "2",
            "confidence": "0.8613767623901367"
        },
        {
            "gameTime": "2 - 4:58",
            "label": "Clearance",
            "position": "298000",
            "half": "2",
            "confidence": "0.8505820631980896"
        },
        {
            "gameTime": "2 - 31:59",
            "label": "Clearance",
            "position": "1919000",
            "half": "2",
            "confidence": "0.847394585609436"
        },
        {
            "gameTime": "2 - 15:40",
            "label": "Clearance",
            "position": "940000",
            "half": "2",
            "confidence": "0.5713599324226379"
        },
        {
            "gameTime": "2 - 8:57",
            "label": "Clearance",
            "position": "537000",
            "half": "2",
            "confidence": "0.5705370903015137"
        },
        {
            "gameTime": "2 - 15:50",
            "label": "Clearance",
            "position": "950500",
            "half": "2",
            "confidence": "0.5639695525169373"
        },
        {
            "gameTime": "2 - 46:51",
            "label": "Ball out of play",
            "position": "2811500",
            "half": "2",
            "confidence": "0.9403629302978516"
        },
        {
            "gameTime": "2 - 25:27",
            "label": "Ball out of play",
            "position": "1527500",
            "half": "2",
            "confidence": "0.9314326047897339"
        },
        {
            "gameTime": "2 - 32:21",
            "label": "Ball out of play",
            "position": "1941000",
            "half": "2",
            "confidence": "0.9100213646888733"
        },
        {
            "gameTime": "2 - 15:14",
            "label": "Ball out of play",
            "position": "914500",
            "half": "2",
            "confidence": "0.9097123742103577"
        },
        {
            "gameTime": "2 - 44:1",
            "label": "Ball out of play",
            "position": "2641000",
            "half": "2",
            "confidence": "0.8827957510948181"
        },
        {
            "gameTime": "2 - 1:1",
            "label": "Ball out of play",
            "position": "61500",
            "half": "2",
            "confidence": "0.8759315609931946"
        },
        {
            "gameTime": "2 - 43:50",
            "label": "Ball out of play",
            "position": "2630500",
            "half": "2",
            "confidence": "0.8740713596343994"
        },
        {
            "gameTime": "2 - 31:33",
            "label": "Ball out of play",
            "position": "1893500",
            "half": "2",
            "confidence": "0.8722147941589355"
        },
        {
            "gameTime": "2 - 4:40",
            "label": "Ball out of play",
            "position": "280000",
            "half": "2",
            "confidence": "0.8656879663467407"
        },
        {
            "gameTime": "2 - 15:28",
            "label": "Ball out of play",
            "position": "928000",
            "half": "2",
            "confidence": "0.8621340990066528"
        },
        {
            "gameTime": "2 - 33:13",
            "label": "Ball out of play",
            "position": "1993000",
            "half": "2",
            "confidence": "0.845542848110199"
        },
        {
            "gameTime": "2 - 0:51",
            "label": "Ball out of play",
            "position": "51000",
            "half": "2",
            "confidence": "0.8445117473602295"
        },
        {
            "gameTime": "2 - 28:21",
            "label": "Ball out of play",
            "position": "1701500",
            "half": "2",
            "confidence": "0.840330183506012"
        },
        {
            "gameTime": "2 - 33:24",
            "label": "Ball out of play",
            "position": "2004000",
            "half": "2",
            "confidence": "0.8386446237564087"
        },
        {
            "gameTime": "2 - 10:7",
            "label": "Ball out of play",
            "position": "607000",
            "half": "2",
            "confidence": "0.8279290795326233"
        },
        {
            "gameTime": "2 - 21:44",
            "label": "Ball out of play",
            "position": "1304000",
            "half": "2",
            "confidence": "0.8260802626609802"
        },
        {
            "gameTime": "2 - 31:45",
            "label": "Ball out of play",
            "position": "1905000",
            "half": "2",
            "confidence": "0.8216263651847839"
        },
        {
            "gameTime": "2 - 22:41",
            "label": "Ball out of play",
            "position": "1361500",
            "half": "2",
            "confidence": "0.8103486895561218"
        },
        {
            "gameTime": "2 - 29:22",
            "label": "Ball out of play",
            "position": "1762000",
            "half": "2",
            "confidence": "0.769072413444519"
        },
        {
            "gameTime": "2 - 20:43",
            "label": "Ball out of play",
            "position": "1243000",
            "half": "2",
            "confidence": "0.7638903260231018"
        },
        {
            "gameTime": "2 - 40:35",
            "label": "Ball out of play",
            "position": "2435000",
            "half": "2",
            "confidence": "0.7293028831481934"
        },
        {
            "gameTime": "2 - 32:10",
            "label": "Ball out of play",
            "position": "1930500",
            "half": "2",
            "confidence": "0.7175225615501404"
        },
        {
            "gameTime": "2 - 41:10",
            "label": "Ball out of play",
            "position": "2470000",
            "half": "2",
            "confidence": "0.7100129127502441"
        },
        {
            "gameTime": "2 - 45:41",
            "label": "Ball out of play",
            "position": "2741500",
            "half": "2",
            "confidence": "0.7097774147987366"
        },
        {
            "gameTime": "2 - 36:32",
            "label": "Ball out of play",
            "position": "2192000",
            "half": "2",
            "confidence": "0.7034280896186829"
        },
        {
            "gameTime": "2 - 33:1",
            "label": "Ball out of play",
            "position": "1981000",
            "half": "2",
            "confidence": "0.6705341339111328"
        },
        {
            "gameTime": "2 - 33:34",
            "label": "Ball out of play",
            "position": "2014500",
            "half": "2",
            "confidence": "0.6695621609687805"
        },
        {
            "gameTime": "2 - 31:55",
            "label": "Ball out of play",
            "position": "1915000",
            "half": "2",
            "confidence": "0.6692042946815491"
        },
        {
            "gameTime": "2 - 28:11",
            "label": "Ball out of play",
            "position": "1691000",
            "half": "2",
            "confidence": "0.6593469381332397"
        },
        {
            "gameTime": "2 - 14:42",
            "label": "Ball out of play",
            "position": "882500",
            "half": "2",
            "confidence": "0.6535415053367615"
        },
        {
            "gameTime": "2 - 46:41",
            "label": "Ball out of play",
            "position": "2801000",
            "half": "2",
            "confidence": "0.6406070590019226"
        },
        {
            "gameTime": "2 - 25:17",
            "label": "Ball out of play",
            "position": "1517000",
            "half": "2",
            "confidence": "0.6345543265342712"
        },
        {
            "gameTime": "2 - 14:52",
            "label": "Ball out of play",
            "position": "892500",
            "half": "2",
            "confidence": "0.6236157417297363"
        },
        {
            "gameTime": "2 - 8:28",
            "label": "Ball out of play",
            "position": "508500",
            "half": "2",
            "confidence": "0.620363712310791"
        },
        {
            "gameTime": "2 - 28:32",
            "label": "Ball out of play",
            "position": "1712000",
            "half": "2",
            "confidence": "0.6180076003074646"
        },
        {
            "gameTime": "2 - 13:18",
            "label": "Ball out of play",
            "position": "798500",
            "half": "2",
            "confidence": "0.6057341694831848"
        },
        {
            "gameTime": "2 - 20:29",
            "label": "Ball out of play",
            "position": "1229500",
            "half": "2",
            "confidence": "0.5743817090988159"
        },
        {
            "gameTime": "2 - 29:33",
            "label": "Ball out of play",
            "position": "1773500",
            "half": "2",
            "confidence": "0.5652862787246704"
        },
        {
            "gameTime": "2 - 25:37",
            "label": "Ball out of play",
            "position": "1537500",
            "half": "2",
            "confidence": "0.5555227994918823"
        },
        {
            "gameTime": "2 - 13:29",
            "label": "Ball out of play",
            "position": "809000",
            "half": "2",
            "confidence": "0.5458196401596069"
        },
        {
            "gameTime": "2 - 6:3",
            "label": "Ball out of play",
            "position": "363500",
            "half": "2",
            "confidence": "0.522681713104248"
        },
        {
            "gameTime": "2 - 21:33",
            "label": "Ball out of play",
            "position": "1293500",
            "half": "2",
            "confidence": "0.5206453204154968"
        },
        {
            "gameTime": "2 - 37:37",
            "label": "Ball out of play",
            "position": "2257500",
            "half": "2",
            "confidence": "0.5200483798980713"
        },
        {
            "gameTime": "2 - 13:59",
            "label": "Ball out of play",
            "position": "839000",
            "half": "2",
            "confidence": "0.5111174583435059"
        },
        {
            "gameTime": "2 - 31:23",
            "label": "Ball out of play",
            "position": "1883000",
            "half": "2",
            "confidence": "0.5104159116744995"
        },
        {
            "gameTime": "2 - 44:59",
            "label": "Ball out of play",
            "position": "2699000",
            "half": "2",
            "confidence": "0.5061543583869934"
        },
        {
            "gameTime": "2 - 31:37",
            "label": "Throw-in",
            "position": "1897500",
            "half": "2",
            "confidence": "0.9816461205482483"
        },
        {
            "gameTime": "2 - 33:20",
            "label": "Throw-in",
            "position": "2000000",
            "half": "2",
            "confidence": "0.967888593673706"
        },
        {
            "gameTime": "2 - 25:25",
            "label": "Throw-in",
            "position": "1525500",
            "half": "2",
            "confidence": "0.9606342315673828"
        },
        {
            "gameTime": "2 - 21:44",
            "label": "Throw-in",
            "position": "1304000",
            "half": "2",
            "confidence": "0.9506904482841492"
        },
        {
            "gameTime": "2 - 13:31",
            "label": "Throw-in",
            "position": "811500",
            "half": "2",
            "confidence": "0.9423940777778625"
        },
        {
            "gameTime": "2 - 25:35",
            "label": "Throw-in",
            "position": "1535500",
            "half": "2",
            "confidence": "0.9349466562271118"
        },
        {
            "gameTime": "2 - 28:22",
            "label": "Throw-in",
            "position": "1702000",
            "half": "2",
            "confidence": "0.9330970644950867"
        },
        {
            "gameTime": "2 - 20:33",
            "label": "Throw-in",
            "position": "1233500",
            "half": "2",
            "confidence": "0.917567253112793"
        },
        {
            "gameTime": "2 - 1:2",
            "label": "Throw-in",
            "position": "62500",
            "half": "2",
            "confidence": "0.9171971678733826"
        },
        {
            "gameTime": "2 - 33:31",
            "label": "Throw-in",
            "position": "2011500",
            "half": "2",
            "confidence": "0.9116017818450928"
        },
        {
            "gameTime": "2 - 27:29",
            "label": "Throw-in",
            "position": "1649500",
            "half": "2",
            "confidence": "0.9114920496940613"
        },
        {
            "gameTime": "2 - 21:54",
            "label": "Throw-in",
            "position": "1314500",
            "half": "2",
            "confidence": "0.8982080221176147"
        },
        {
            "gameTime": "2 - 31:24",
            "label": "Throw-in",
            "position": "1884000",
            "half": "2",
            "confidence": "0.867114245891571"
        },
        {
            "gameTime": "2 - 13:21",
            "label": "Throw-in",
            "position": "801000",
            "half": "2",
            "confidence": "0.8613439202308655"
        },
        {
            "gameTime": "2 - 27:45",
            "label": "Throw-in",
            "position": "1665500",
            "half": "2",
            "confidence": "0.8369348645210266"
        },
        {
            "gameTime": "2 - 22:45",
            "label": "Throw-in",
            "position": "1365000",
            "half": "2",
            "confidence": "0.7972429394721985"
        },
        {
            "gameTime": "2 - 34:31",
            "label": "Throw-in",
            "position": "2071500",
            "half": "2",
            "confidence": "0.7790157198905945"
        },
        {
            "gameTime": "2 - 37:10",
            "label": "Throw-in",
            "position": "2230500",
            "half": "2",
            "confidence": "0.7787287831306458"
        },
        {
            "gameTime": "2 - 31:50",
            "label": "Throw-in",
            "position": "1910000",
            "half": "2",
            "confidence": "0.7680480480194092"
        },
        {
            "gameTime": "2 - 32:4",
            "label": "Throw-in",
            "position": "1924000",
            "half": "2",
            "confidence": "0.7484333515167236"
        },
        {
            "gameTime": "2 - 0:52",
            "label": "Throw-in",
            "position": "52000",
            "half": "2",
            "confidence": "0.7431990504264832"
        },
        {
            "gameTime": "2 - 28:32",
            "label": "Throw-in",
            "position": "1712000",
            "half": "2",
            "confidence": "0.7420508861541748"
        },
        {
            "gameTime": "2 - 33:1",
            "label": "Throw-in",
            "position": "1981000",
            "half": "2",
            "confidence": "0.7382082939147949"
        },
        {
            "gameTime": "2 - 21:33",
            "label": "Throw-in",
            "position": "1293000",
            "half": "2",
            "confidence": "0.6638042330741882"
        },
        {
            "gameTime": "2 - 31:12",
            "label": "Throw-in",
            "position": "1872000",
            "half": "2",
            "confidence": "0.6364566683769226"
        },
        {
            "gameTime": "2 - 17:4",
            "label": "Throw-in",
            "position": "1024500",
            "half": "2",
            "confidence": "0.6351808309555054"
        },
        {
            "gameTime": "2 - 14:41",
            "label": "Throw-in",
            "position": "881500",
            "half": "2",
            "confidence": "0.633181631565094"
        },
        {
            "gameTime": "2 - 28:11",
            "label": "Throw-in",
            "position": "1691500",
            "half": "2",
            "confidence": "0.6150224804878235"
        },
        {
            "gameTime": "2 - 20:23",
            "label": "Throw-in",
            "position": "1223000",
            "half": "2",
            "confidence": "0.606573224067688"
        },
        {
            "gameTime": "2 - 14:2",
            "label": "Throw-in",
            "position": "842000",
            "half": "2",
            "confidence": "0.5791935324668884"
        },
        {
            "gameTime": "2 - 36:59",
            "label": "Throw-in",
            "position": "2219000",
            "half": "2",
            "confidence": "0.5424288511276245"
        },
        {
            "gameTime": "2 - 45:41",
            "label": "Throw-in",
            "position": "2741000",
            "half": "2",
            "confidence": "0.5415812730789185"
        },
        {
            "gameTime": "2 - 17:15",
            "label": "Throw-in",
            "position": "1035000",
            "half": "2",
            "confidence": "0.5114646553993225"
        },
        {
            "gameTime": "2 - 22:26",
            "label": "Foul",
            "position": "1346500",
            "half": "2",
            "confidence": "0.7959628701210022"
        },
        {
            "gameTime": "2 - 11:4",
            "label": "Foul",
            "position": "664500",
            "half": "2",
            "confidence": "0.7573925256729126"
        },
        {
            "gameTime": "2 - 12:15",
            "label": "Foul",
            "position": "735000",
            "half": "2",
            "confidence": "0.7542373538017273"
        },
        {
            "gameTime": "2 - 38:32",
            "label": "Foul",
            "position": "2312500",
            "half": "2",
            "confidence": "0.6993989944458008"
        },
        {
            "gameTime": "2 - 10:47",
            "label": "Foul",
            "position": "647500",
            "half": "2",
            "confidence": "0.6909844279289246"
        },
        {
            "gameTime": "2 - 35:35",
            "label": "Foul",
            "position": "2135000",
            "half": "2",
            "confidence": "0.6391456127166748"
        },
        {
            "gameTime": "2 - 22:37",
            "label": "Foul",
            "position": "1357500",
            "half": "2",
            "confidence": "0.6386678814888"
        },
        {
            "gameTime": "2 - 35:14",
            "label": "Foul",
            "position": "2114000",
            "half": "2",
            "confidence": "0.6309547424316406"
        },
        {
            "gameTime": "2 - 22:54",
            "label": "Foul",
            "position": "1374500",
            "half": "2",
            "confidence": "0.6279915571212769"
        },
        {
            "gameTime": "2 - 35:46",
            "label": "Foul",
            "position": "2146000",
            "half": "2",
            "confidence": "0.6129865646362305"
        },
        {
            "gameTime": "2 - 30:20",
            "label": "Foul",
            "position": "1820500",
            "half": "2",
            "confidence": "0.5391302108764648"
        },
        {
            "gameTime": "2 - 25:15",
            "label": "Foul",
            "position": "1515500",
            "half": "2",
            "confidence": "0.5236206650733948"
        },
        {
            "gameTime": "2 - 13:44",
            "label": "Foul",
            "position": "824500",
            "half": "2",
            "confidence": "0.5235920548439026"
        },
        {
            "gameTime": "2 - 35:16",
            "label": "Indirect free-kick",
            "position": "2116500",
            "half": "2",
            "confidence": "0.751075804233551"
        },
        {
            "gameTime": "2 - 43:14",
            "label": "Indirect free-kick",
            "position": "2594500",
            "half": "2",
            "confidence": "0.723471999168396"
        },
        {
            "gameTime": "2 - 39:18",
            "label": "Direct free-kick",
            "position": "2358500",
            "half": "2",
            "confidence": "0.9488362073898315"
        },
        {
            "gameTime": "2 - 8:18",
            "label": "Direct free-kick",
            "position": "498000",
            "half": "2",
            "confidence": "0.9390100836753845"
        },
        {
            "gameTime": "2 - 39:28",
            "label": "Direct free-kick",
            "position": "2368500",
            "half": "2",
            "confidence": "0.7945643067359924"
        },
        {
            "gameTime": "2 - 40:47",
            "label": "Direct free-kick",
            "position": "2447500",
            "half": "2",
            "confidence": "0.585110604763031"
        },
        {
            "gameTime": "2 - 12:45",
            "label": "Direct free-kick",
            "position": "765000",
            "half": "2",
            "confidence": "0.5610218644142151"
        },
        {
            "gameTime": "2 - 46:3",
            "label": "Corner",
            "position": "2763000",
            "half": "2",
            "confidence": "0.9869456887245178"
        },
        {
            "gameTime": "2 - 41:2",
            "label": "Corner",
            "position": "2462000",
            "half": "2",
            "confidence": "0.9556074738502502"
        },
        {
            "gameTime": "2 - 40:51",
            "label": "Corner",
            "position": "2451000",
            "half": "2",
            "confidence": "0.9330844283103943"
        },
        {
            "gameTime": "2 - 30:1",
            "label": "Corner",
            "position": "1801000",
            "half": "2",
            "confidence": "0.9146538376808167"
        },
        {
            "gameTime": "2 - 3:16",
            "label": "Corner",
            "position": "196500",
            "half": "2",
            "confidence": "0.8912779092788696"
        },
        {
            "gameTime": "2 - 8:35",
            "label": "Corner",
            "position": "515000",
            "half": "2",
            "confidence": "0.8527685403823853"
        },
        {
            "gameTime": "2 - 8:23",
            "label": "Corner",
            "position": "503500",
            "half": "2",
            "confidence": "0.7984070181846619"
        },
        {
            "gameTime": "2 - 45:52",
            "label": "Corner",
            "position": "2752500",
            "half": "2",
            "confidence": "0.7093614339828491"
        },
        {
            "gameTime": "2 - 38:37",
            "label": "Yellow card",
            "position": "2317500",
            "half": "2",
            "confidence": "0.70955890417099"
        }
    ]
}