{
    "UrlLocal": "spain_laliga/2015-2016/2016-02-27 - 18-00 Real Madrid 0 - 1 Atl. Madrid",
    "predictions": [
        {
            "gameTime": "1 - 36:40",
            "label": "card",
            "position": "2200500",
            "half": "1",
            "confidence": "0.9308821558952332"
        },
        {
            "gameTime": "1 - 29:57",
            "label": "card",
            "position": "1797500",
            "half": "1",
            "confidence": "0.926183819770813"
        },
        {
            "gameTime": "1 - 30:7",
            "label": "card",
            "position": "1807500",
            "half": "1",
            "confidence": "0.9119483828544617"
        },
        {
            "gameTime": "1 - 36:30",
            "label": "card",
            "position": "2190000",
            "half": "1",
            "confidence": "0.7839449048042297"
        },
        {
            "gameTime": "2 - 16:39",
            "label": "card",
            "position": "999000",
            "half": "2",
            "confidence": "0.992255687713623"
        },
        {
            "gameTime": "2 - 26:40",
            "label": "card",
            "position": "1600500",
            "half": "2",
            "confidence": "0.9827673435211182"
        },
        {
            "gameTime": "2 - 26:30",
            "label": "card",
            "position": "1590000",
            "half": "2",
            "confidence": "0.9197685122489929"
        },
        {
            "gameTime": "2 - 16:28",
            "label": "card",
            "position": "988500",
            "half": "2",
            "confidence": "0.8945646286010742"
        },
        {
            "gameTime": "2 - 45:11",
            "label": "card",
            "position": "2711000",
            "half": "2",
            "confidence": "0.8182279467582703"
        },
        {
            "gameTime": "2 - 45:21",
            "label": "card",
            "position": "2721000",
            "half": "2",
            "confidence": "0.6545124053955078"
        },
        {
            "gameTime": "2 - 46:19",
            "label": "card",
            "position": "2779500",
            "half": "2",
            "confidence": "0.5149579644203186"
        },
        {
            "gameTime": "2 - 31:27",
            "label": "subs",
            "position": "1887500",
            "half": "2",
            "confidence": "0.9053053259849548"
        }
    ]
}