{
    "UrlLocal": "italy_serie-a/2016-2017/2016-09-18 - 18-00 Empoli 0 - 2 Internazionale",
    "predictions": [
        {
            "gameTime": "1 - 10:5",
            "label": "Kick-off",
            "position": "605500",
            "half": "1",
            "confidence": "0.9738088846206665"
        },
        {
            "gameTime": "1 - 0:1",
            "label": "Kick-off",
            "position": "1500",
            "half": "1",
            "confidence": "0.9244587421417236"
        },
        {
            "gameTime": "1 - 0:11",
            "label": "Kick-off",
            "position": "11500",
            "half": "1",
            "confidence": "0.5734145641326904"
        },
        {
            "gameTime": "1 - 16:55",
            "label": "Goal",
            "position": "1015500",
            "half": "1",
            "confidence": "0.973086416721344"
        },
        {
            "gameTime": "1 - 9:25",
            "label": "Goal",
            "position": "565000",
            "half": "1",
            "confidence": "0.9640423655509949"
        },
        {
            "gameTime": "1 - 16:55",
            "label": "Shots on target",
            "position": "1015500",
            "half": "1",
            "confidence": "0.7620961666107178"
        },
        {
            "gameTime": "1 - 9:19",
            "label": "Shots on target",
            "position": "559500",
            "half": "1",
            "confidence": "0.6107469201087952"
        },
        {
            "gameTime": "1 - 37:12",
            "label": "Shots off target",
            "position": "2232000",
            "half": "1",
            "confidence": "0.6254990100860596"
        },
        {
            "gameTime": "1 - 14:6",
            "label": "Shots off target",
            "position": "846000",
            "half": "1",
            "confidence": "0.6072177886962891"
        },
        {
            "gameTime": "1 - 31:1",
            "label": "Shots off target",
            "position": "1861500",
            "half": "1",
            "confidence": "0.5756214261054993"
        },
        {
            "gameTime": "1 - 9:11",
            "label": "Shots off target",
            "position": "551500",
            "half": "1",
            "confidence": "0.564095675945282"
        },
        {
            "gameTime": "1 - 32:12",
            "label": "Clearance",
            "position": "1932000",
            "half": "1",
            "confidence": "0.5131711959838867"
        },
        {
            "gameTime": "1 - 3:38",
            "label": "Ball out of play",
            "position": "218000",
            "half": "1",
            "confidence": "0.9214355945587158"
        },
        {
            "gameTime": "1 - 20:35",
            "label": "Ball out of play",
            "position": "1235000",
            "half": "1",
            "confidence": "0.9154972434043884"
        },
        {
            "gameTime": "1 - 3:18",
            "label": "Ball out of play",
            "position": "198000",
            "half": "1",
            "confidence": "0.9091888070106506"
        },
        {
            "gameTime": "1 - 32:53",
            "label": "Ball out of play",
            "position": "1973500",
            "half": "1",
            "confidence": "0.8823583126068115"
        },
        {
            "gameTime": "1 - 14:5",
            "label": "Ball out of play",
            "position": "845000",
            "half": "1",
            "confidence": "0.8731085062026978"
        },
        {
            "gameTime": "1 - 34:25",
            "label": "Ball out of play",
            "position": "2065000",
            "half": "1",
            "confidence": "0.8701925873756409"
        },
        {
            "gameTime": "1 - 32:43",
            "label": "Ball out of play",
            "position": "1963000",
            "half": "1",
            "confidence": "0.8660556674003601"
        },
        {
            "gameTime": "1 - 19:27",
            "label": "Ball out of play",
            "position": "1167000",
            "half": "1",
            "confidence": "0.8600502014160156"
        },
        {
            "gameTime": "1 - 13:43",
            "label": "Ball out of play",
            "position": "823500",
            "half": "1",
            "confidence": "0.8594334125518799"
        },
        {
            "gameTime": "1 - 9:15",
            "label": "Ball out of play",
            "position": "555000",
            "half": "1",
            "confidence": "0.8517700433731079"
        },
        {
            "gameTime": "1 - 3:7",
            "label": "Ball out of play",
            "position": "187500",
            "half": "1",
            "confidence": "0.8488476872444153"
        },
        {
            "gameTime": "1 - 0:43",
            "label": "Ball out of play",
            "position": "43000",
            "half": "1",
            "confidence": "0.8383677005767822"
        },
        {
            "gameTime": "1 - 20:45",
            "label": "Ball out of play",
            "position": "1245500",
            "half": "1",
            "confidence": "0.8377153873443604"
        },
        {
            "gameTime": "1 - 27:7",
            "label": "Ball out of play",
            "position": "1627000",
            "half": "1",
            "confidence": "0.8356197476387024"
        },
        {
            "gameTime": "1 - 3:49",
            "label": "Ball out of play",
            "position": "229500",
            "half": "1",
            "confidence": "0.8314794898033142"
        },
        {
            "gameTime": "1 - 26:53",
            "label": "Ball out of play",
            "position": "1613500",
            "half": "1",
            "confidence": "0.8134257197380066"
        },
        {
            "gameTime": "1 - 19:16",
            "label": "Ball out of play",
            "position": "1156500",
            "half": "1",
            "confidence": "0.81002277135849"
        },
        {
            "gameTime": "1 - 8:5",
            "label": "Ball out of play",
            "position": "485000",
            "half": "1",
            "confidence": "0.809717059135437"
        },
        {
            "gameTime": "1 - 34:14",
            "label": "Ball out of play",
            "position": "2054500",
            "half": "1",
            "confidence": "0.8036561608314514"
        },
        {
            "gameTime": "1 - 2:54",
            "label": "Ball out of play",
            "position": "174500",
            "half": "1",
            "confidence": "0.7996985912322998"
        },
        {
            "gameTime": "1 - 0:31",
            "label": "Ball out of play",
            "position": "31500",
            "half": "1",
            "confidence": "0.7972423434257507"
        },
        {
            "gameTime": "1 - 14:27",
            "label": "Ball out of play",
            "position": "867500",
            "half": "1",
            "confidence": "0.79168701171875"
        },
        {
            "gameTime": "1 - 20:24",
            "label": "Ball out of play",
            "position": "1224500",
            "half": "1",
            "confidence": "0.7884971499443054"
        },
        {
            "gameTime": "1 - 36:33",
            "label": "Ball out of play",
            "position": "2193000",
            "half": "1",
            "confidence": "0.7844153046607971"
        },
        {
            "gameTime": "1 - 7:54",
            "label": "Ball out of play",
            "position": "474500",
            "half": "1",
            "confidence": "0.7501043677330017"
        },
        {
            "gameTime": "1 - 31:53",
            "label": "Ball out of play",
            "position": "1913000",
            "half": "1",
            "confidence": "0.7488754987716675"
        },
        {
            "gameTime": "1 - 13:54",
            "label": "Ball out of play",
            "position": "834000",
            "half": "1",
            "confidence": "0.7388355731964111"
        },
        {
            "gameTime": "1 - 43:20",
            "label": "Ball out of play",
            "position": "2600500",
            "half": "1",
            "confidence": "0.7319067120552063"
        },
        {
            "gameTime": "1 - 35:27",
            "label": "Ball out of play",
            "position": "2127000",
            "half": "1",
            "confidence": "0.7243751287460327"
        },
        {
            "gameTime": "1 - 12:50",
            "label": "Ball out of play",
            "position": "770500",
            "half": "1",
            "confidence": "0.7228304147720337"
        },
        {
            "gameTime": "1 - 32:3",
            "label": "Ball out of play",
            "position": "1923500",
            "half": "1",
            "confidence": "0.7207546234130859"
        },
        {
            "gameTime": "1 - 39:16",
            "label": "Ball out of play",
            "position": "2356000",
            "half": "1",
            "confidence": "0.7105317711830139"
        },
        {
            "gameTime": "1 - 7:15",
            "label": "Ball out of play",
            "position": "435500",
            "half": "1",
            "confidence": "0.6987943053245544"
        },
        {
            "gameTime": "1 - 12:34",
            "label": "Ball out of play",
            "position": "754500",
            "half": "1",
            "confidence": "0.6966701149940491"
        },
        {
            "gameTime": "1 - 30:15",
            "label": "Ball out of play",
            "position": "1815000",
            "half": "1",
            "confidence": "0.694802463054657"
        },
        {
            "gameTime": "1 - 38:38",
            "label": "Ball out of play",
            "position": "2318500",
            "half": "1",
            "confidence": "0.6836453676223755"
        },
        {
            "gameTime": "1 - 8:43",
            "label": "Ball out of play",
            "position": "523500",
            "half": "1",
            "confidence": "0.6757875680923462"
        },
        {
            "gameTime": "1 - 43:30",
            "label": "Ball out of play",
            "position": "2610500",
            "half": "1",
            "confidence": "0.6656467318534851"
        },
        {
            "gameTime": "1 - 6:14",
            "label": "Ball out of play",
            "position": "374000",
            "half": "1",
            "confidence": "0.6562291979789734"
        },
        {
            "gameTime": "1 - 30:3",
            "label": "Ball out of play",
            "position": "1803000",
            "half": "1",
            "confidence": "0.6531809568405151"
        },
        {
            "gameTime": "1 - 14:38",
            "label": "Ball out of play",
            "position": "878500",
            "half": "1",
            "confidence": "0.6520916819572449"
        },
        {
            "gameTime": "1 - 14:16",
            "label": "Ball out of play",
            "position": "856000",
            "half": "1",
            "confidence": "0.6490809321403503"
        },
        {
            "gameTime": "1 - 42:48",
            "label": "Ball out of play",
            "position": "2568500",
            "half": "1",
            "confidence": "0.6484184861183167"
        },
        {
            "gameTime": "1 - 39:2",
            "label": "Ball out of play",
            "position": "2342500",
            "half": "1",
            "confidence": "0.6454817652702332"
        },
        {
            "gameTime": "1 - 37:12",
            "label": "Ball out of play",
            "position": "2232500",
            "half": "1",
            "confidence": "0.6444541811943054"
        },
        {
            "gameTime": "1 - 16:42",
            "label": "Ball out of play",
            "position": "1002000",
            "half": "1",
            "confidence": "0.6280426979064941"
        },
        {
            "gameTime": "1 - 42:37",
            "label": "Ball out of play",
            "position": "2557500",
            "half": "1",
            "confidence": "0.6264375448226929"
        },
        {
            "gameTime": "1 - 32:17",
            "label": "Ball out of play",
            "position": "1937000",
            "half": "1",
            "confidence": "0.6251420974731445"
        },
        {
            "gameTime": "1 - 6:3",
            "label": "Ball out of play",
            "position": "363000",
            "half": "1",
            "confidence": "0.614793598651886"
        },
        {
            "gameTime": "1 - 0:21",
            "label": "Ball out of play",
            "position": "21000",
            "half": "1",
            "confidence": "0.6055050492286682"
        },
        {
            "gameTime": "1 - 34:57",
            "label": "Ball out of play",
            "position": "2097500",
            "half": "1",
            "confidence": "0.5867817401885986"
        },
        {
            "gameTime": "1 - 29:10",
            "label": "Ball out of play",
            "position": "1750000",
            "half": "1",
            "confidence": "0.5826314091682434"
        },
        {
            "gameTime": "1 - 31:4",
            "label": "Ball out of play",
            "position": "1864000",
            "half": "1",
            "confidence": "0.5812847018241882"
        },
        {
            "gameTime": "1 - 43:9",
            "label": "Ball out of play",
            "position": "2589500",
            "half": "1",
            "confidence": "0.5732836127281189"
        },
        {
            "gameTime": "1 - 37:38",
            "label": "Ball out of play",
            "position": "2258000",
            "half": "1",
            "confidence": "0.5676859617233276"
        },
        {
            "gameTime": "1 - 35:8",
            "label": "Ball out of play",
            "position": "2108000",
            "half": "1",
            "confidence": "0.5396082401275635"
        },
        {
            "gameTime": "1 - 1:42",
            "label": "Ball out of play",
            "position": "102000",
            "half": "1",
            "confidence": "0.5233171582221985"
        },
        {
            "gameTime": "1 - 43:40",
            "label": "Ball out of play",
            "position": "2620500",
            "half": "1",
            "confidence": "0.5165149569511414"
        },
        {
            "gameTime": "1 - 29:20",
            "label": "Ball out of play",
            "position": "1760000",
            "half": "1",
            "confidence": "0.5046797394752502"
        },
        {
            "gameTime": "1 - 6:16",
            "label": "Throw-in",
            "position": "376500",
            "half": "1",
            "confidence": "0.9709195494651794"
        },
        {
            "gameTime": "1 - 38:36",
            "label": "Throw-in",
            "position": "2316500",
            "half": "1",
            "confidence": "0.9021410346031189"
        },
        {
            "gameTime": "1 - 27:6",
            "label": "Throw-in",
            "position": "1626500",
            "half": "1",
            "confidence": "0.8663548231124878"
        },
        {
            "gameTime": "1 - 26:55",
            "label": "Throw-in",
            "position": "1615500",
            "half": "1",
            "confidence": "0.857435405254364"
        },
        {
            "gameTime": "1 - 3:36",
            "label": "Throw-in",
            "position": "216000",
            "half": "1",
            "confidence": "0.8342884182929993"
        },
        {
            "gameTime": "1 - 3:49",
            "label": "Throw-in",
            "position": "229500",
            "half": "1",
            "confidence": "0.7672638297080994"
        },
        {
            "gameTime": "1 - 6:3",
            "label": "Throw-in",
            "position": "363500",
            "half": "1",
            "confidence": "0.7635939717292786"
        },
        {
            "gameTime": "1 - 7:28",
            "label": "Throw-in",
            "position": "448500",
            "half": "1",
            "confidence": "0.7513423562049866"
        },
        {
            "gameTime": "1 - 0:43",
            "label": "Throw-in",
            "position": "43000",
            "half": "1",
            "confidence": "0.7416736483573914"
        },
        {
            "gameTime": "1 - 43:35",
            "label": "Throw-in",
            "position": "2615000",
            "half": "1",
            "confidence": "0.7306656837463379"
        },
        {
            "gameTime": "1 - 37:49",
            "label": "Throw-in",
            "position": "2269500",
            "half": "1",
            "confidence": "0.6851359605789185"
        },
        {
            "gameTime": "1 - 8:45",
            "label": "Throw-in",
            "position": "525000",
            "half": "1",
            "confidence": "0.6605141758918762"
        },
        {
            "gameTime": "1 - 30:16",
            "label": "Throw-in",
            "position": "1816000",
            "half": "1",
            "confidence": "0.6401664614677429"
        },
        {
            "gameTime": "1 - 0:29",
            "label": "Throw-in",
            "position": "29500",
            "half": "1",
            "confidence": "0.6303669214248657"
        },
        {
            "gameTime": "1 - 43:45",
            "label": "Throw-in",
            "position": "2625500",
            "half": "1",
            "confidence": "0.6241305470466614"
        },
        {
            "gameTime": "1 - 38:0",
            "label": "Throw-in",
            "position": "2280500",
            "half": "1",
            "confidence": "0.6071892976760864"
        },
        {
            "gameTime": "1 - 24:55",
            "label": "Throw-in",
            "position": "1495000",
            "half": "1",
            "confidence": "0.5606208443641663"
        },
        {
            "gameTime": "1 - 14:47",
            "label": "Throw-in",
            "position": "887000",
            "half": "1",
            "confidence": "0.5412916541099548"
        },
        {
            "gameTime": "1 - 18:15",
            "label": "Throw-in",
            "position": "1095000",
            "half": "1",
            "confidence": "0.5226114392280579"
        },
        {
            "gameTime": "1 - 15:55",
            "label": "Throw-in",
            "position": "955500",
            "half": "1",
            "confidence": "0.5093594789505005"
        },
        {
            "gameTime": "1 - 34:49",
            "label": "Foul",
            "position": "2089000",
            "half": "1",
            "confidence": "0.7524228692054749"
        },
        {
            "gameTime": "1 - 17:51",
            "label": "Foul",
            "position": "1071500",
            "half": "1",
            "confidence": "0.6915140748023987"
        },
        {
            "gameTime": "1 - 1:57",
            "label": "Foul",
            "position": "117500",
            "half": "1",
            "confidence": "0.6909493207931519"
        },
        {
            "gameTime": "1 - 40:45",
            "label": "Foul",
            "position": "2445000",
            "half": "1",
            "confidence": "0.6664862632751465"
        },
        {
            "gameTime": "1 - 6:37",
            "label": "Foul",
            "position": "397000",
            "half": "1",
            "confidence": "0.6632491946220398"
        },
        {
            "gameTime": "1 - 24:16",
            "label": "Foul",
            "position": "1456000",
            "half": "1",
            "confidence": "0.6585350632667542"
        },
        {
            "gameTime": "1 - 6:50",
            "label": "Foul",
            "position": "410000",
            "half": "1",
            "confidence": "0.5744410753250122"
        },
        {
            "gameTime": "1 - 23:0",
            "label": "Foul",
            "position": "1380000",
            "half": "1",
            "confidence": "0.5635159611701965"
        },
        {
            "gameTime": "1 - 45:2",
            "label": "Foul",
            "position": "2702000",
            "half": "1",
            "confidence": "0.5325365662574768"
        },
        {
            "gameTime": "1 - 28:14",
            "label": "Foul",
            "position": "1694500",
            "half": "1",
            "confidence": "0.5312118530273438"
        },
        {
            "gameTime": "1 - 23:0",
            "label": "Indirect free-kick",
            "position": "1380000",
            "half": "1",
            "confidence": "0.6091355681419373"
        },
        {
            "gameTime": "1 - 15:46",
            "label": "Indirect free-kick",
            "position": "946500",
            "half": "1",
            "confidence": "0.5403022766113281"
        },
        {
            "gameTime": "1 - 2:44",
            "label": "Direct free-kick",
            "position": "164000",
            "half": "1",
            "confidence": "0.8792470693588257"
        },
        {
            "gameTime": "1 - 29:9",
            "label": "Direct free-kick",
            "position": "1749000",
            "half": "1",
            "confidence": "0.844351589679718"
        },
        {
            "gameTime": "1 - 42:1",
            "label": "Direct free-kick",
            "position": "2521000",
            "half": "1",
            "confidence": "0.5412192940711975"
        },
        {
            "gameTime": "1 - 37:0",
            "label": "Corner",
            "position": "2220000",
            "half": "1",
            "confidence": "0.9517349600791931"
        },
        {
            "gameTime": "1 - 35:20",
            "label": "Corner",
            "position": "2120000",
            "half": "1",
            "confidence": "0.8402786254882812"
        },
        {
            "gameTime": "1 - 14:5",
            "label": "Corner",
            "position": "845500",
            "half": "1",
            "confidence": "0.7818023562431335"
        },
        {
            "gameTime": "1 - 13:53",
            "label": "Corner",
            "position": "833000",
            "half": "1",
            "confidence": "0.7107068300247192"
        },
        {
            "gameTime": "1 - 14:19",
            "label": "Corner",
            "position": "859000",
            "half": "1",
            "confidence": "0.5565661787986755"
        },
        {
            "gameTime": "1 - 2:4",
            "label": "Yellow card",
            "position": "124000",
            "half": "1",
            "confidence": "0.9919073581695557"
        },
        {
            "gameTime": "1 - 1:53",
            "label": "Yellow card",
            "position": "113500",
            "half": "1",
            "confidence": "0.96893310546875"
        },
        {
            "gameTime": "1 - 34:48",
            "label": "Yellow card",
            "position": "2088500",
            "half": "1",
            "confidence": "0.8239235877990723"
        },
        {
            "gameTime": "1 - 28:58",
            "label": "Yellow card",
            "position": "1738000",
            "half": "1",
            "confidence": "0.5580131411552429"
        },
        {
            "gameTime": "2 - 23:36",
            "label": "Substitution",
            "position": "1416000",
            "half": "2",
            "confidence": "0.9356884360313416"
        },
        {
            "gameTime": "2 - 12:9",
            "label": "Substitution",
            "position": "729500",
            "half": "2",
            "confidence": "0.8894766569137573"
        },
        {
            "gameTime": "2 - 29:45",
            "label": "Substitution",
            "position": "1785500",
            "half": "2",
            "confidence": "0.8603665828704834"
        },
        {
            "gameTime": "2 - 28:30",
            "label": "Substitution",
            "position": "1710500",
            "half": "2",
            "confidence": "0.7770588397979736"
        },
        {
            "gameTime": "2 - 39:30",
            "label": "Substitution",
            "position": "2370500",
            "half": "2",
            "confidence": "0.7274395227432251"
        },
        {
            "gameTime": "2 - 11:56",
            "label": "Substitution",
            "position": "716500",
            "half": "2",
            "confidence": "0.5171701908111572"
        },
        {
            "gameTime": "2 - 41:30",
            "label": "Shots off target",
            "position": "2490000",
            "half": "2",
            "confidence": "0.7630342245101929"
        },
        {
            "gameTime": "2 - 41:19",
            "label": "Shots off target",
            "position": "2479500",
            "half": "2",
            "confidence": "0.5225937366485596"
        },
        {
            "gameTime": "2 - 5:14",
            "label": "Shots off target",
            "position": "314000",
            "half": "2",
            "confidence": "0.503049910068512"
        },
        {
            "gameTime": "2 - 38:43",
            "label": "Clearance",
            "position": "2323000",
            "half": "2",
            "confidence": "0.632178783416748"
        },
        {
            "gameTime": "2 - 46:23",
            "label": "Ball out of play",
            "position": "2783000",
            "half": "2",
            "confidence": "0.9322593808174133"
        },
        {
            "gameTime": "2 - 22:53",
            "label": "Ball out of play",
            "position": "1373500",
            "half": "2",
            "confidence": "0.9321951866149902"
        },
        {
            "gameTime": "2 - 6:7",
            "label": "Ball out of play",
            "position": "367500",
            "half": "2",
            "confidence": "0.9315231442451477"
        },
        {
            "gameTime": "2 - 13:0",
            "label": "Ball out of play",
            "position": "780000",
            "half": "2",
            "confidence": "0.9206134080886841"
        },
        {
            "gameTime": "2 - 14:33",
            "label": "Ball out of play",
            "position": "873000",
            "half": "2",
            "confidence": "0.914503812789917"
        },
        {
            "gameTime": "2 - 6:56",
            "label": "Ball out of play",
            "position": "416500",
            "half": "2",
            "confidence": "0.8988144993782043"
        },
        {
            "gameTime": "2 - 6:30",
            "label": "Ball out of play",
            "position": "390500",
            "half": "2",
            "confidence": "0.893225908279419"
        },
        {
            "gameTime": "2 - 46:33",
            "label": "Ball out of play",
            "position": "2793000",
            "half": "2",
            "confidence": "0.8925427794456482"
        },
        {
            "gameTime": "2 - 23:42",
            "label": "Ball out of play",
            "position": "1422500",
            "half": "2",
            "confidence": "0.8913310766220093"
        },
        {
            "gameTime": "2 - 22:40",
            "label": "Ball out of play",
            "position": "1360500",
            "half": "2",
            "confidence": "0.8802780508995056"
        },
        {
            "gameTime": "2 - 23:3",
            "label": "Ball out of play",
            "position": "1383500",
            "half": "2",
            "confidence": "0.8749426603317261"
        },
        {
            "gameTime": "2 - 12:49",
            "label": "Ball out of play",
            "position": "769500",
            "half": "2",
            "confidence": "0.8729488253593445"
        },
        {
            "gameTime": "2 - 23:28",
            "label": "Ball out of play",
            "position": "1408000",
            "half": "2",
            "confidence": "0.8700481057167053"
        },
        {
            "gameTime": "2 - 50:9",
            "label": "Ball out of play",
            "position": "3009500",
            "half": "2",
            "confidence": "0.8648541569709778"
        },
        {
            "gameTime": "2 - 18:1",
            "label": "Ball out of play",
            "position": "1081000",
            "half": "2",
            "confidence": "0.8631494641304016"
        },
        {
            "gameTime": "2 - 19:50",
            "label": "Ball out of play",
            "position": "1190500",
            "half": "2",
            "confidence": "0.8420964479446411"
        },
        {
            "gameTime": "2 - 49:1",
            "label": "Ball out of play",
            "position": "2941500",
            "half": "2",
            "confidence": "0.8340153098106384"
        },
        {
            "gameTime": "2 - 41:22",
            "label": "Ball out of play",
            "position": "2482000",
            "half": "2",
            "confidence": "0.8325989842414856"
        },
        {
            "gameTime": "2 - 6:17",
            "label": "Ball out of play",
            "position": "377500",
            "half": "2",
            "confidence": "0.8319780230522156"
        },
        {
            "gameTime": "2 - 49:12",
            "label": "Ball out of play",
            "position": "2952500",
            "half": "2",
            "confidence": "0.8293220400810242"
        },
        {
            "gameTime": "2 - 43:34",
            "label": "Ball out of play",
            "position": "2614500",
            "half": "2",
            "confidence": "0.8238347768783569"
        },
        {
            "gameTime": "2 - 19:39",
            "label": "Ball out of play",
            "position": "1179500",
            "half": "2",
            "confidence": "0.8134010434150696"
        },
        {
            "gameTime": "2 - 31:36",
            "label": "Ball out of play",
            "position": "1896000",
            "half": "2",
            "confidence": "0.8113367557525635"
        },
        {
            "gameTime": "2 - 46:7",
            "label": "Ball out of play",
            "position": "2767000",
            "half": "2",
            "confidence": "0.8083289265632629"
        },
        {
            "gameTime": "2 - 11:38",
            "label": "Ball out of play",
            "position": "698500",
            "half": "2",
            "confidence": "0.8031771779060364"
        },
        {
            "gameTime": "2 - 23:17",
            "label": "Ball out of play",
            "position": "1397500",
            "half": "2",
            "confidence": "0.7940348386764526"
        },
        {
            "gameTime": "2 - 29:12",
            "label": "Ball out of play",
            "position": "1752500",
            "half": "2",
            "confidence": "0.778914749622345"
        },
        {
            "gameTime": "2 - 14:43",
            "label": "Ball out of play",
            "position": "883000",
            "half": "2",
            "confidence": "0.7679530382156372"
        },
        {
            "gameTime": "2 - 29:31",
            "label": "Ball out of play",
            "position": "1771000",
            "half": "2",
            "confidence": "0.765902578830719"
        },
        {
            "gameTime": "2 - 22:30",
            "label": "Ball out of play",
            "position": "1350000",
            "half": "2",
            "confidence": "0.7621106505393982"
        },
        {
            "gameTime": "2 - 48:19",
            "label": "Ball out of play",
            "position": "2899500",
            "half": "2",
            "confidence": "0.7486103177070618"
        },
        {
            "gameTime": "2 - 24:49",
            "label": "Ball out of play",
            "position": "1489000",
            "half": "2",
            "confidence": "0.7429364323616028"
        },
        {
            "gameTime": "2 - 32:33",
            "label": "Ball out of play",
            "position": "1953000",
            "half": "2",
            "confidence": "0.7420168519020081"
        },
        {
            "gameTime": "2 - 23:53",
            "label": "Ball out of play",
            "position": "1433000",
            "half": "2",
            "confidence": "0.7403584718704224"
        },
        {
            "gameTime": "2 - 39:52",
            "label": "Ball out of play",
            "position": "2392500",
            "half": "2",
            "confidence": "0.7385496497154236"
        },
        {
            "gameTime": "2 - 45:56",
            "label": "Ball out of play",
            "position": "2756000",
            "half": "2",
            "confidence": "0.7357974052429199"
        },
        {
            "gameTime": "2 - 31:9",
            "label": "Ball out of play",
            "position": "1869000",
            "half": "2",
            "confidence": "0.7350507974624634"
        },
        {
            "gameTime": "2 - 5:14",
            "label": "Ball out of play",
            "position": "314000",
            "half": "2",
            "confidence": "0.733578622341156"
        },
        {
            "gameTime": "2 - 49:59",
            "label": "Ball out of play",
            "position": "2999000",
            "half": "2",
            "confidence": "0.7334298491477966"
        },
        {
            "gameTime": "2 - 50:19",
            "label": "Ball out of play",
            "position": "3019500",
            "half": "2",
            "confidence": "0.7289546132087708"
        },
        {
            "gameTime": "2 - 41:11",
            "label": "Ball out of play",
            "position": "2471000",
            "half": "2",
            "confidence": "0.7285729646682739"
        },
        {
            "gameTime": "2 - 15:33",
            "label": "Ball out of play",
            "position": "933500",
            "half": "2",
            "confidence": "0.7265454530715942"
        },
        {
            "gameTime": "2 - 51:11",
            "label": "Ball out of play",
            "position": "3071000",
            "half": "2",
            "confidence": "0.7199779152870178"
        },
        {
            "gameTime": "2 - 35:35",
            "label": "Ball out of play",
            "position": "2135500",
            "half": "2",
            "confidence": "0.7063524723052979"
        },
        {
            "gameTime": "2 - 39:15",
            "label": "Ball out of play",
            "position": "2355500",
            "half": "2",
            "confidence": "0.7041941285133362"
        },
        {
            "gameTime": "2 - 21:12",
            "label": "Ball out of play",
            "position": "1272000",
            "half": "2",
            "confidence": "0.7038968205451965"
        },
        {
            "gameTime": "2 - 46:43",
            "label": "Ball out of play",
            "position": "2803000",
            "half": "2",
            "confidence": "0.6977860331535339"
        },
        {
            "gameTime": "2 - 33:46",
            "label": "Ball out of play",
            "position": "2026000",
            "half": "2",
            "confidence": "0.6725068092346191"
        },
        {
            "gameTime": "2 - 6:44",
            "label": "Ball out of play",
            "position": "404500",
            "half": "2",
            "confidence": "0.6711404919624329"
        },
        {
            "gameTime": "2 - 40:46",
            "label": "Ball out of play",
            "position": "2446000",
            "half": "2",
            "confidence": "0.667877733707428"
        },
        {
            "gameTime": "2 - 18:11",
            "label": "Ball out of play",
            "position": "1091000",
            "half": "2",
            "confidence": "0.6620624661445618"
        },
        {
            "gameTime": "2 - 1:34",
            "label": "Ball out of play",
            "position": "94500",
            "half": "2",
            "confidence": "0.6593430638313293"
        },
        {
            "gameTime": "2 - 38:11",
            "label": "Ball out of play",
            "position": "2291000",
            "half": "2",
            "confidence": "0.6562479734420776"
        },
        {
            "gameTime": "2 - 16:44",
            "label": "Ball out of play",
            "position": "1004000",
            "half": "2",
            "confidence": "0.6539849042892456"
        },
        {
            "gameTime": "2 - 25:1",
            "label": "Ball out of play",
            "position": "1501000",
            "half": "2",
            "confidence": "0.6510554552078247"
        },
        {
            "gameTime": "2 - 37:4",
            "label": "Ball out of play",
            "position": "2224500",
            "half": "2",
            "confidence": "0.6191181540489197"
        },
        {
            "gameTime": "2 - 24:38",
            "label": "Ball out of play",
            "position": "1478500",
            "half": "2",
            "confidence": "0.6164993643760681"
        },
        {
            "gameTime": "2 - 1:44",
            "label": "Ball out of play",
            "position": "104500",
            "half": "2",
            "confidence": "0.5980324745178223"
        },
        {
            "gameTime": "2 - 40:58",
            "label": "Ball out of play",
            "position": "2458500",
            "half": "2",
            "confidence": "0.5951322317123413"
        },
        {
            "gameTime": "2 - 32:21",
            "label": "Ball out of play",
            "position": "1941000",
            "half": "2",
            "confidence": "0.5945628881454468"
        },
        {
            "gameTime": "2 - 38:51",
            "label": "Ball out of play",
            "position": "2331000",
            "half": "2",
            "confidence": "0.5837075710296631"
        },
        {
            "gameTime": "2 - 7:43",
            "label": "Ball out of play",
            "position": "463000",
            "half": "2",
            "confidence": "0.5811322331428528"
        },
        {
            "gameTime": "2 - 18:42",
            "label": "Ball out of play",
            "position": "1122000",
            "half": "2",
            "confidence": "0.5773341059684753"
        },
        {
            "gameTime": "2 - 31:25",
            "label": "Ball out of play",
            "position": "1885500",
            "half": "2",
            "confidence": "0.5771194696426392"
        },
        {
            "gameTime": "2 - 33:35",
            "label": "Ball out of play",
            "position": "2015500",
            "half": "2",
            "confidence": "0.5715007185935974"
        },
        {
            "gameTime": "2 - 15:43",
            "label": "Ball out of play",
            "position": "943500",
            "half": "2",
            "confidence": "0.5700843930244446"
        },
        {
            "gameTime": "2 - 1:23",
            "label": "Ball out of play",
            "position": "83000",
            "half": "2",
            "confidence": "0.5606948137283325"
        },
        {
            "gameTime": "2 - 10:14",
            "label": "Ball out of play",
            "position": "614500",
            "half": "2",
            "confidence": "0.5560538172721863"
        },
        {
            "gameTime": "2 - 51:0",
            "label": "Ball out of play",
            "position": "3060500",
            "half": "2",
            "confidence": "0.54374760389328"
        },
        {
            "gameTime": "2 - 12:18",
            "label": "Ball out of play",
            "position": "738500",
            "half": "2",
            "confidence": "0.5354379415512085"
        },
        {
            "gameTime": "2 - 29:59",
            "label": "Ball out of play",
            "position": "1799500",
            "half": "2",
            "confidence": "0.5344067811965942"
        },
        {
            "gameTime": "2 - 7:6",
            "label": "Ball out of play",
            "position": "426500",
            "half": "2",
            "confidence": "0.5335549116134644"
        },
        {
            "gameTime": "2 - 45:11",
            "label": "Ball out of play",
            "position": "2711000",
            "half": "2",
            "confidence": "0.5273306965827942"
        },
        {
            "gameTime": "2 - 5:0",
            "label": "Ball out of play",
            "position": "300500",
            "half": "2",
            "confidence": "0.5268354415893555"
        },
        {
            "gameTime": "2 - 12:39",
            "label": "Ball out of play",
            "position": "759000",
            "half": "2",
            "confidence": "0.5164303183555603"
        },
        {
            "gameTime": "2 - 49:23",
            "label": "Ball out of play",
            "position": "2963500",
            "half": "2",
            "confidence": "0.5111000537872314"
        },
        {
            "gameTime": "2 - 25:12",
            "label": "Ball out of play",
            "position": "1512500",
            "half": "2",
            "confidence": "0.5104747414588928"
        },
        {
            "gameTime": "2 - 48:4",
            "label": "Ball out of play",
            "position": "2884000",
            "half": "2",
            "confidence": "0.5084339380264282"
        },
        {
            "gameTime": "2 - 19:4",
            "label": "Ball out of play",
            "position": "1144500",
            "half": "2",
            "confidence": "0.5024875402450562"
        },
        {
            "gameTime": "2 - 32:45",
            "label": "Ball out of play",
            "position": "1965000",
            "half": "2",
            "confidence": "0.5011902451515198"
        },
        {
            "gameTime": "2 - 15:33",
            "label": "Throw-in",
            "position": "933000",
            "half": "2",
            "confidence": "0.9577489495277405"
        },
        {
            "gameTime": "2 - 15:20",
            "label": "Throw-in",
            "position": "920000",
            "half": "2",
            "confidence": "0.8957653641700745"
        },
        {
            "gameTime": "2 - 43:35",
            "label": "Throw-in",
            "position": "2615000",
            "half": "2",
            "confidence": "0.8747418522834778"
        },
        {
            "gameTime": "2 - 39:54",
            "label": "Throw-in",
            "position": "2394000",
            "half": "2",
            "confidence": "0.8735100626945496"
        },
        {
            "gameTime": "2 - 35:35",
            "label": "Throw-in",
            "position": "2135500",
            "half": "2",
            "confidence": "0.8236523866653442"
        },
        {
            "gameTime": "2 - 38:53",
            "label": "Throw-in",
            "position": "2333000",
            "half": "2",
            "confidence": "0.7746738195419312"
        },
        {
            "gameTime": "2 - 46:33",
            "label": "Throw-in",
            "position": "2793000",
            "half": "2",
            "confidence": "0.7708123922348022"
        },
        {
            "gameTime": "2 - 15:9",
            "label": "Throw-in",
            "position": "909000",
            "half": "2",
            "confidence": "0.7627518177032471"
        },
        {
            "gameTime": "2 - 24:45",
            "label": "Throw-in",
            "position": "1485500",
            "half": "2",
            "confidence": "0.7584392428398132"
        },
        {
            "gameTime": "2 - 21:12",
            "label": "Throw-in",
            "position": "1272000",
            "half": "2",
            "confidence": "0.7468832731246948"
        },
        {
            "gameTime": "2 - 31:12",
            "label": "Throw-in",
            "position": "1872000",
            "half": "2",
            "confidence": "0.7411558628082275"
        },
        {
            "gameTime": "2 - 43:52",
            "label": "Throw-in",
            "position": "2632000",
            "half": "2",
            "confidence": "0.7339370250701904"
        },
        {
            "gameTime": "2 - 39:42",
            "label": "Throw-in",
            "position": "2382000",
            "half": "2",
            "confidence": "0.7241168022155762"
        },
        {
            "gameTime": "2 - 1:20",
            "label": "Throw-in",
            "position": "80000",
            "half": "2",
            "confidence": "0.7168227434158325"
        },
        {
            "gameTime": "2 - 13:54",
            "label": "Throw-in",
            "position": "834000",
            "half": "2",
            "confidence": "0.7089305520057678"
        },
        {
            "gameTime": "2 - 14:29",
            "label": "Throw-in",
            "position": "869500",
            "half": "2",
            "confidence": "0.7073392868041992"
        },
        {
            "gameTime": "2 - 24:55",
            "label": "Throw-in",
            "position": "1495500",
            "half": "2",
            "confidence": "0.683036208152771"
        },
        {
            "gameTime": "2 - 45:5",
            "label": "Throw-in",
            "position": "2705500",
            "half": "2",
            "confidence": "0.6818079948425293"
        },
        {
            "gameTime": "2 - 15:47",
            "label": "Throw-in",
            "position": "947500",
            "half": "2",
            "confidence": "0.6483086347579956"
        },
        {
            "gameTime": "2 - 37:4",
            "label": "Throw-in",
            "position": "2224500",
            "half": "2",
            "confidence": "0.6141982078552246"
        },
        {
            "gameTime": "2 - 25:5",
            "label": "Throw-in",
            "position": "1505500",
            "half": "2",
            "confidence": "0.6045175194740295"
        },
        {
            "gameTime": "2 - 12:18",
            "label": "Throw-in",
            "position": "738500",
            "half": "2",
            "confidence": "0.5811335444450378"
        },
        {
            "gameTime": "2 - 0:20",
            "label": "Throw-in",
            "position": "20500",
            "half": "2",
            "confidence": "0.5777286291122437"
        },
        {
            "gameTime": "2 - 20:30",
            "label": "Throw-in",
            "position": "1230000",
            "half": "2",
            "confidence": "0.5607303380966187"
        },
        {
            "gameTime": "2 - 46:22",
            "label": "Throw-in",
            "position": "2782500",
            "half": "2",
            "confidence": "0.5311781167984009"
        },
        {
            "gameTime": "2 - 39:12",
            "label": "Throw-in",
            "position": "2352500",
            "half": "2",
            "confidence": "0.5252613425254822"
        },
        {
            "gameTime": "2 - 22:21",
            "label": "Throw-in",
            "position": "1341500",
            "half": "2",
            "confidence": "0.5194248557090759"
        },
        {
            "gameTime": "2 - 45:15",
            "label": "Throw-in",
            "position": "2715500",
            "half": "2",
            "confidence": "0.519176185131073"
        },
        {
            "gameTime": "2 - 29:28",
            "label": "Throw-in",
            "position": "1768000",
            "half": "2",
            "confidence": "0.5184338688850403"
        },
        {
            "gameTime": "2 - 32:45",
            "label": "Throw-in",
            "position": "1965000",
            "half": "2",
            "confidence": "0.5013651251792908"
        },
        {
            "gameTime": "2 - 4:6",
            "label": "Foul",
            "position": "246500",
            "half": "2",
            "confidence": "0.7974474430084229"
        },
        {
            "gameTime": "2 - 34:29",
            "label": "Foul",
            "position": "2069000",
            "half": "2",
            "confidence": "0.7602606415748596"
        },
        {
            "gameTime": "2 - 45:27",
            "label": "Foul",
            "position": "2727500",
            "half": "2",
            "confidence": "0.6749381422996521"
        },
        {
            "gameTime": "2 - 33:55",
            "label": "Foul",
            "position": "2035500",
            "half": "2",
            "confidence": "0.644184410572052"
        },
        {
            "gameTime": "2 - 24:18",
            "label": "Foul",
            "position": "1458500",
            "half": "2",
            "confidence": "0.5491510033607483"
        },
        {
            "gameTime": "2 - 17:25",
            "label": "Foul",
            "position": "1045500",
            "half": "2",
            "confidence": "0.5286686420440674"
        },
        {
            "gameTime": "2 - 24:3",
            "label": "Foul",
            "position": "1443500",
            "half": "2",
            "confidence": "0.5135253667831421"
        },
        {
            "gameTime": "2 - 26:32",
            "label": "Foul",
            "position": "1592500",
            "half": "2",
            "confidence": "0.5032345056533813"
        },
        {
            "gameTime": "2 - 13:50",
            "label": "Indirect free-kick",
            "position": "830500",
            "half": "2",
            "confidence": "0.6878898739814758"
        },
        {
            "gameTime": "2 - 26:33",
            "label": "Direct free-kick",
            "position": "1593500",
            "half": "2",
            "confidence": "0.7092187404632568"
        },
        {
            "gameTime": "2 - 32:18",
            "label": "Corner",
            "position": "1938000",
            "half": "2",
            "confidence": "0.9531994462013245"
        },
        {
            "gameTime": "2 - 13:1",
            "label": "Corner",
            "position": "781500",
            "half": "2",
            "confidence": "0.9400008320808411"
        },
        {
            "gameTime": "2 - 32:28",
            "label": "Corner",
            "position": "1948000",
            "half": "2",
            "confidence": "0.8178331851959229"
        },
        {
            "gameTime": "2 - 41:12",
            "label": "Corner",
            "position": "2472000",
            "half": "2",
            "confidence": "0.5847283601760864"
        },
        {
            "gameTime": "2 - 13:28",
            "label": "Yellow card",
            "position": "808000",
            "half": "2",
            "confidence": "0.8238749504089355"
        }
    ]
}