{
    "UrlLocal": "germany_bundesliga/2016-2017/2016-12-16 - 22-30 Hoffenheim 2 - 2 Dortmund",
    "predictions": [
        {
            "gameTime": "1 - 30:43",
            "label": "card",
            "position": "1843500",
            "half": "1",
            "confidence": "0.7501352429389954"
        },
        {
            "gameTime": "1 - 26:59",
            "label": "card",
            "position": "1619000",
            "half": "1",
            "confidence": "0.6528844833374023"
        },
        {
            "gameTime": "1 - 38:32",
            "label": "card",
            "position": "2312000",
            "half": "1",
            "confidence": "0.6460475325584412"
        },
        {
            "gameTime": "1 - 23:35",
            "label": "card",
            "position": "1415500",
            "half": "1",
            "confidence": "0.5004808306694031"
        },
        {
            "gameTime": "1 - 11:2",
            "label": "subs",
            "position": "662000",
            "half": "1",
            "confidence": "0.5969125628471375"
        },
        {
            "gameTime": "1 - 19:24",
            "label": "soccer",
            "position": "1164500",
            "half": "1",
            "confidence": "0.960620641708374"
        },
        {
            "gameTime": "1 - 2:8",
            "label": "soccer",
            "position": "128500",
            "half": "1",
            "confidence": "0.9147531986236572"
        },
        {
            "gameTime": "1 - 10:11",
            "label": "soccer",
            "position": "611000",
            "half": "1",
            "confidence": "0.5743345618247986"
        },
        {
            "gameTime": "2 - 12:41",
            "label": "subs",
            "position": "761500",
            "half": "2",
            "confidence": "0.9642952680587769"
        },
        {
            "gameTime": "2 - 37:8",
            "label": "subs",
            "position": "2228000",
            "half": "2",
            "confidence": "0.9613398313522339"
        },
        {
            "gameTime": "2 - 15:16",
            "label": "subs",
            "position": "916000",
            "half": "2",
            "confidence": "0.9381016492843628"
        },
        {
            "gameTime": "2 - 46:42",
            "label": "subs",
            "position": "2802000",
            "half": "2",
            "confidence": "0.881324052810669"
        },
        {
            "gameTime": "2 - 46:53",
            "label": "subs",
            "position": "2813000",
            "half": "2",
            "confidence": "0.7658674716949463"
        },
        {
            "gameTime": "2 - 37:18",
            "label": "subs",
            "position": "2238000",
            "half": "2",
            "confidence": "0.7156414985656738"
        },
        {
            "gameTime": "2 - 23:37",
            "label": "subs",
            "position": "1417500",
            "half": "2",
            "confidence": "0.6963597536087036"
        },
        {
            "gameTime": "2 - 12:51",
            "label": "subs",
            "position": "771500",
            "half": "2",
            "confidence": "0.6652406454086304"
        },
        {
            "gameTime": "2 - 5:34",
            "label": "subs",
            "position": "334000",
            "half": "2",
            "confidence": "0.5628856420516968"
        },
        {
            "gameTime": "2 - 15:26",
            "label": "subs",
            "position": "926000",
            "half": "2",
            "confidence": "0.5485180020332336"
        },
        {
            "gameTime": "2 - 36:57",
            "label": "subs",
            "position": "2217500",
            "half": "2",
            "confidence": "0.5364558100700378"
        },
        {
            "gameTime": "2 - 41:7",
            "label": "soccer",
            "position": "2467500",
            "half": "2",
            "confidence": "0.7807314991950989"
        },
        {
            "gameTime": "2 - 8:32",
            "label": "soccer",
            "position": "512500",
            "half": "2",
            "confidence": "0.7255061268806458"
        }
    ]
}