{
    "UrlLocal": "italy_serie-a/2016-2017/2016-08-27 - 18-00 Lazio 0 - 1 Juventus",
    "UrlYoutube": "",
    "annotations": [
        {
            "change_type": "",
            "gameTime": "1 - 00:40",
            "label": "",
            "position": "40300",
            "replay": "real-time"
        },
        {
            "change_type": "",
            "gameTime": "1 - 00:45",
            "label": "",
            "link": "",
            "position": "45420",
            "replay": "replay"
        },
        {
            "change_type": "",
            "gameTime": "1 - 00:48",
            "label": "",
            "position": "48820",
            "replay": "other"
        },
        {
            "change_type": "",
            "gameTime": "1 - 04:13",
            "label": "",
            "position": "253671",
            "replay": "real-time"
        },
        {
            "change_type": "",
            "gameTime": "1 - 04:20",
            "label": "",
            "position": "260071",
            "replay": "other"
        },
        {
            "change_type": "",
            "gameTime": "1 - 04:22",
            "label": "",
            "position": "262311",
            "replay": "other"
        },
        {
            "change_type": "",
            "gameTime": "1 - 05:55",
            "label": "",
            "position": "355539",
            "replay": "real-time"
        },
        {
            "change_type": "",
            "gameTime": "1 - 05:58",
            "label": "",
            "link": "",
            "position": "358979",
            "replay": "replay"
        },
        {
            "change_type": "",
            "gameTime": "1 - 07:43",
            "label": "",
            "position": "463832",
            "replay": "real-time"
        },
        {
            "change_type": "",
            "gameTime": "1 - 07:51",
            "label": "",
            "link": "",
            "position": "471472",
            "replay": "replay"
        },
        {
            "change_type": "",
            "gameTime": "1 - 07:55",
            "label": "",
            "position": "475232",
            "replay": "other"
        },
        {
            "change_type": "",
            "gameTime": "1 - 08:34",
            "label": "",
            "position": "514754",
            "replay": "real-time"
        },
        {
            "change_type": "",
            "gameTime": "1 - 08:42",
            "label": "",
            "link": "",
            "position": "522034",
            "replay": "replay"
        },
        {
            "change_type": "",
            "gameTime": "1 - 08:44",
            "label": "",
            "position": "524514",
            "replay": "other"
        },
        {
            "change_type": "",
            "gameTime": "1 - 09:19",
            "label": "",
            "position": "559448",
            "replay": "real-time"
        },
        {
            "change_type": "",
            "gameTime": "1 - 09:25",
            "label": "",
            "link": "",
            "position": "565448",
            "replay": "replay"
        },
        {
            "change_type": "",
            "gameTime": "1 - 10:32",
            "label": "",
            "position": "632999",
            "replay": "real-time"
        },
        {
            "change_type": "",
            "gameTime": "1 - 10:39",
            "label": "",
            "link": "",
            "position": "639639",
            "replay": "replay"
        },
        {
            "change_type": "",
            "gameTime": "1 - 12:30",
            "label": "",
            "position": "750634",
            "replay": "real-time"
        },
        {
            "change_type": "",
            "gameTime": "1 - 12:36",
            "label": "",
            "position": "756354",
            "replay": "other"
        },
        {
            "change_type": "",
            "gameTime": "1 - 13:06",
            "label": "",
            "position": "786445",
            "replay": "real-time"
        },
        {
            "change_type": "",
            "gameTime": "1 - 13:09",
            "label": "",
            "link": "",
            "position": "789925",
            "replay": "replay"
        },
        {
            "change_type": "",
            "gameTime": "1 - 14:14",
            "label": "",
            "position": "854672",
            "replay": "real-time"
        },
        {
            "change_type": "",
            "gameTime": "1 - 14:22",
            "label": "",
            "link": "",
            "position": "862112",
            "replay": "replay"
        },
        {
            "change_type": "",
            "gameTime": "1 - 18:11",
            "label": "",
            "position": "1091152",
            "replay": "real-time"
        },
        {
            "change_type": "",
            "gameTime": "1 - 18:15",
            "label": "",
            "link": "",
            "position": "1095152",
            "replay": "replay"
        },
        {
            "change_type": "",
            "gameTime": "1 - 18:19",
            "label": "",
            "link": "",
            "position": "1099032",
            "replay": "replay"
        },
        {
            "change_type": "",
            "gameTime": "1 - 18:31",
            "label": "",
            "link": "",
            "position": "1111432",
            "replay": "replay"
        },
        {
            "change_type": "",
            "gameTime": "1 - 21:11",
            "label": "",
            "position": "1271754",
            "replay": "real-time"
        },
        {
            "change_type": "",
            "gameTime": "1 - 21:22",
            "label": "",
            "link": "",
            "position": "1282424",
            "replay": "replay"
        },
        {
            "change_type": "",
            "gameTime": "1 - 26:22",
            "label": "",
            "position": "1582534",
            "replay": "real-time"
        },
        {
            "change_type": "",
            "gameTime": "1 - 26:26",
            "label": "",
            "position": "1586014",
            "replay": "other"
        },
        {
            "change_type": "",
            "gameTime": "1 - 26:33",
            "label": "",
            "position": "1593275",
            "replay": "other"
        },
        {
            "change_type": "",
            "gameTime": "1 - 26:49",
            "label": "",
            "position": "1609714",
            "replay": "real-time"
        },
        {
            "change_type": "",
            "gameTime": "1 - 27:01",
            "label": "",
            "link": "",
            "position": "1621274",
            "replay": "replay"
        },
        {
            "change_type": "",
            "gameTime": "1 - 32:49",
            "label": "",
            "position": "1969505",
            "replay": "real-time"
        },
        {
            "change_type": "",
            "gameTime": "1 - 32:54",
            "label": "",
            "link": "",
            "position": "1974145",
            "replay": "replay"
        },
        {
            "change_type": "",
            "gameTime": "1 - 32:56",
            "label": "",
            "position": "1976305",
            "replay": "other"
        },
        {
            "change_type": "",
            "gameTime": "1 - 33:38",
            "label": "",
            "position": "2018042",
            "replay": "real-time"
        },
        {
            "change_type": "",
            "gameTime": "1 - 33:43",
            "label": "",
            "link": "",
            "position": "2023282",
            "replay": "replay"
        },
        {
            "change_type": "",
            "gameTime": "1 - 33:48",
            "label": "",
            "link": "",
            "position": "2028002",
            "replay": "replay"
        },
        {
            "change_type": "",
            "gameTime": "1 - 34:37",
            "label": "",
            "position": "2077410",
            "replay": "real-time"
        },
        {
            "change_type": "",
            "gameTime": "1 - 34:45",
            "label": "",
            "link": "",
            "position": "2085090",
            "replay": "replay"
        },
        {
            "change_type": "",
            "gameTime": "1 - 35:17",
            "label": "",
            "position": "2117508",
            "replay": "real-time"
        },
        {
            "change_type": "",
            "gameTime": "1 - 35:24",
            "label": "",
            "link": "",
            "position": "2124170",
            "replay": "replay"
        },
        {
            "change_type": "",
            "gameTime": "1 - 35:27",
            "label": "",
            "position": "2127658",
            "replay": "other"
        },
        {
            "change_type": "",
            "gameTime": "1 - 38:01",
            "label": "",
            "position": "2281648",
            "replay": "real-time"
        },
        {
            "change_type": "",
            "gameTime": "1 - 38:06",
            "label": "",
            "link": "",
            "position": "2286528",
            "replay": "replay"
        },
        {
            "change_type": "",
            "gameTime": "1 - 41:09",
            "label": "",
            "position": "2469804",
            "replay": "real-time"
        },
        {
            "change_type": "",
            "gameTime": "1 - 41:15",
            "label": "",
            "link": "",
            "position": "2475764",
            "replay": "replay"
        },
        {
            "change_type": "",
            "gameTime": "1 - 42:10",
            "label": "",
            "position": "2530044",
            "replay": "real-time"
        },
        {
            "change_type": "",
            "gameTime": "1 - 42:20",
            "label": "",
            "link": "",
            "position": "2540164",
            "replay": "replay"
        },
        {
            "change_type": "",
            "gameTime": "1 - 42:26",
            "label": "",
            "position": "2546564",
            "replay": "other"
        },
        {
            "change_type": "",
            "gameTime": "1 - 44:12",
            "label": "",
            "position": "2652467",
            "replay": "real-time"
        },
        {
            "change_type": "",
            "gameTime": "1 - 44:20",
            "label": "",
            "position": "2660387",
            "replay": "other"
        },
        {
            "change_type": "",
            "gameTime": "1 - 44:25",
            "label": "",
            "position": "2665307",
            "replay": "other"
        },
        {
            "change_type": "",
            "gameTime": "2 - 02:13",
            "label": "",
            "position": "133477",
            "replay": "real-time"
        },
        {
            "change_type": "",
            "gameTime": "2 - 02:18",
            "label": "",
            "link": "",
            "position": "138717",
            "replay": "replay"
        },
        {
            "change_type": "",
            "gameTime": "2 - 05:12",
            "label": "",
            "position": "312893",
            "replay": "real-time"
        },
        {
            "change_type": "",
            "gameTime": "2 - 05:18",
            "label": "",
            "link": "",
            "position": "318213",
            "replay": "replay"
        },
        {
            "change_type": "",
            "gameTime": "2 - 06:52",
            "label": "",
            "position": "412237",
            "replay": "real-time"
        },
        {
            "change_type": "",
            "gameTime": "2 - 07:00",
            "label": "",
            "link": "",
            "position": "420197",
            "replay": "replay"
        },
        {
            "change_type": "",
            "gameTime": "2 - 08:25",
            "label": "",
            "position": "505006",
            "replay": "real-time"
        },
        {
            "change_type": "",
            "gameTime": "2 - 08:29",
            "label": "",
            "link": "",
            "position": "509246",
            "replay": "replay"
        },
        {
            "change_type": "",
            "gameTime": "2 - 11:36",
            "label": "",
            "position": "696367",
            "replay": "real-time"
        },
        {
            "change_type": "",
            "gameTime": "2 - 11:50",
            "label": "",
            "link": "",
            "position": "710007",
            "replay": "replay"
        },
        {
            "change_type": "",
            "gameTime": "2 - 11:50",
            "label": "",
            "link": "",
            "position": "710207",
            "replay": "replay"
        },
        {
            "change_type": "",
            "gameTime": "2 - 11:52",
            "label": "",
            "link": "",
            "position": "712007",
            "replay": "replay"
        },
        {
            "change_type": "",
            "gameTime": "2 - 11:52",
            "label": "",
            "position": "712527",
            "replay": "other"
        },
        {
            "change_type": "",
            "gameTime": "2 - 11:53",
            "label": "",
            "position": "713207",
            "replay": "other"
        },
        {
            "change_type": "",
            "gameTime": "2 - 11:58",
            "label": "",
            "link": "",
            "position": "718087",
            "replay": "replay"
        },
        {
            "change_type": "",
            "gameTime": "2 - 12:55",
            "label": "",
            "position": "775975",
            "replay": "real-time"
        },
        {
            "change_type": "",
            "gameTime": "2 - 13:02",
            "label": "",
            "link": "",
            "position": "782837",
            "replay": "replay"
        },
        {
            "change_type": "",
            "gameTime": "2 - 14:45",
            "label": "",
            "position": "885446",
            "replay": "real-time"
        },
        {
            "change_type": "",
            "gameTime": "2 - 14:55",
            "label": "",
            "position": "895229",
            "replay": "other"
        },
        {
            "change_type": "",
            "gameTime": "2 - 15:58",
            "label": "",
            "position": "958505",
            "replay": "real-time"
        },
        {
            "change_type": "",
            "gameTime": "2 - 16:04",
            "label": "",
            "link": "",
            "position": "964025",
            "replay": "replay"
        },
        {
            "change_type": "",
            "gameTime": "2 - 16:50",
            "label": "",
            "position": "1010190",
            "replay": "real-time"
        },
        {
            "change_type": "",
            "gameTime": "2 - 17:00",
            "label": "",
            "link": "",
            "position": "1020452",
            "replay": "replay"
        },
        {
            "change_type": "",
            "gameTime": "2 - 17:07",
            "label": "",
            "link": "",
            "position": "1027146",
            "replay": "replay"
        },
        {
            "change_type": "",
            "gameTime": "2 - 17:26",
            "label": "",
            "position": "1046725",
            "replay": "real-time"
        },
        {
            "change_type": "",
            "gameTime": "2 - 17:33",
            "label": "",
            "link": "",
            "position": "1053285",
            "replay": "replay"
        },
        {
            "change_type": "",
            "gameTime": "2 - 17:38",
            "label": "",
            "link": "",
            "position": "1058805",
            "replay": "replay"
        },
        {
            "change_type": "",
            "gameTime": "2 - 19:46",
            "label": "",
            "position": "1186836",
            "replay": "real-time"
        },
        {
            "change_type": "",
            "gameTime": "2 - 19:51",
            "label": "",
            "link": "",
            "position": "1191956",
            "replay": "replay"
        },
        {
            "change_type": "",
            "gameTime": "2 - 21:00",
            "label": "",
            "position": "1260642",
            "replay": "real-time"
        },
        {
            "change_type": "",
            "gameTime": "2 - 21:09",
            "label": "",
            "link": "",
            "position": "1269905",
            "replay": "replay"
        },
        {
            "change_type": "",
            "gameTime": "2 - 21:16",
            "label": "",
            "link": "",
            "position": "1276025",
            "replay": "replay"
        },
        {
            "change_type": "",
            "gameTime": "2 - 21:21",
            "label": "",
            "link": "",
            "position": "1281374",
            "replay": "replay"
        },
        {
            "change_type": "",
            "gameTime": "2 - 21:26",
            "label": "",
            "position": "1286349",
            "replay": "other"
        },
        {
            "change_type": "",
            "gameTime": "2 - 23:05",
            "label": "",
            "position": "1385012",
            "replay": "real-time"
        },
        {
            "change_type": "",
            "gameTime": "2 - 23:09",
            "label": "",
            "link": "",
            "position": "1389979",
            "replay": "replay"
        },
        {
            "change_type": "",
            "gameTime": "2 - 23:15",
            "label": "",
            "link": "",
            "position": "1395792",
            "replay": "replay"
        },
        {
            "change_type": "",
            "gameTime": "2 - 25:19",
            "label": "",
            "position": "1519863",
            "replay": "real-time"
        },
        {
            "change_type": "",
            "gameTime": "2 - 25:24",
            "label": "",
            "link": "",
            "position": "1524943",
            "replay": "replay"
        },
        {
            "change_type": "",
            "gameTime": "2 - 27:48",
            "label": "",
            "position": "1668677",
            "replay": "real-time"
        },
        {
            "change_type": "",
            "gameTime": "2 - 27:55",
            "label": "",
            "link": "",
            "position": "1675076",
            "replay": "replay"
        },
        {
            "change_type": "",
            "gameTime": "2 - 29:30",
            "label": "",
            "position": "1770395",
            "replay": "real-time"
        },
        {
            "change_type": "",
            "gameTime": "2 - 29:39",
            "label": "",
            "link": "",
            "position": "1779413",
            "replay": "replay"
        },
        {
            "change_type": "",
            "gameTime": "2 - 31:17",
            "label": "",
            "position": "1877588",
            "replay": "real-time"
        },
        {
            "change_type": "",
            "gameTime": "2 - 31:21",
            "label": "",
            "position": "1881988",
            "replay": "other"
        },
        {
            "change_type": "",
            "gameTime": "2 - 32:23",
            "label": "",
            "position": "1943381",
            "replay": "real-time"
        },
        {
            "change_type": "",
            "gameTime": "2 - 32:32",
            "label": "",
            "link": "",
            "position": "1952901",
            "replay": "replay"
        },
        {
            "change_type": "",
            "gameTime": "2 - 32:38",
            "label": "",
            "position": "1958101",
            "replay": "real-time"
        },
        {
            "change_type": "",
            "gameTime": "2 - 35:23",
            "label": "",
            "position": "2123238",
            "replay": "real-time"
        },
        {
            "change_type": "",
            "gameTime": "2 - 35:31",
            "label": "",
            "link": "",
            "position": "2131118",
            "replay": "replay"
        },
        {
            "change_type": "",
            "gameTime": "2 - 38:35",
            "label": "",
            "position": "2315576",
            "replay": "real-time"
        },
        {
            "change_type": "",
            "gameTime": "2 - 38:42",
            "label": "",
            "link": "",
            "position": "2322656",
            "replay": "replay"
        },
        {
            "change_type": "",
            "gameTime": "2 - 40:39",
            "label": "",
            "position": "2439974",
            "replay": "real-time"
        },
        {
            "change_type": "",
            "gameTime": "2 - 40:45",
            "label": "",
            "link": "",
            "position": "2445116",
            "replay": "replay"
        },
        {
            "change_type": "",
            "gameTime": "2 - 40:48",
            "label": "",
            "position": "2448777",
            "replay": "other"
        },
        {
            "change_type": "",
            "gameTime": "2 - 44:01",
            "label": "",
            "position": "2641369",
            "replay": "real-time"
        },
        {
            "change_type": "",
            "gameTime": "2 - 44:05",
            "label": "",
            "link": "",
            "position": "2645636",
            "replay": "replay"
        },
        {
            "change_type": "",
            "gameTime": "2 - 44:15",
            "label": "",
            "position": "2655356",
            "replay": "other"
        },
        {
            "change_type": "",
            "gameTime": "2 - 46:32",
            "label": "",
            "position": "2792682",
            "replay": "real-time"
        },
        {
            "change_type": "",
            "gameTime": "2 - 46:43",
            "label": "",
            "position": "2803762",
            "replay": "other"
        },
        {
            "change_type": "",
            "gameTime": "2 - 47:09",
            "label": "",
            "position": "2829706",
            "replay": "real-time"
        },
        {
            "change_type": "",
            "gameTime": "2 - 47:13",
            "label": "",
            "link": "",
            "position": "2833986",
            "replay": "replay"
        }
    ],
    "gameAwayTeam": "Juventus",
    "gameDate": "2016-08-27 - 18-00",
    "gameHomeTeam": "Lazio",
    "gameScore": "0 - 1"
}