{
    "UrlLocal": "germany_bundesliga/2016-2017/2017-01-28 - 18-00 Leipzig 2 - 1 Hoffenheim",
    "predictions": [
        {
            "gameTime": "1 - 34:27",
            "label": "card",
            "position": "2067000",
            "half": "1",
            "confidence": "0.9276954531669617"
        },
        {
            "gameTime": "1 - 34:16",
            "label": "card",
            "position": "2056500",
            "half": "1",
            "confidence": "0.7087752819061279"
        },
        {
            "gameTime": "1 - 27:8",
            "label": "card",
            "position": "1628000",
            "half": "1",
            "confidence": "0.5893405079841614"
        },
        {
            "gameTime": "1 - 34:43",
            "label": "subs",
            "position": "2083000",
            "half": "1",
            "confidence": "0.5312711596488953"
        },
        {
            "gameTime": "1 - 37:22",
            "label": "subs",
            "position": "2242000",
            "half": "1",
            "confidence": "0.5310977101325989"
        },
        {
            "gameTime": "1 - 17:46",
            "label": "soccer",
            "position": "1066000",
            "half": "1",
            "confidence": "0.7706907391548157"
        },
        {
            "gameTime": "2 - 46:50",
            "label": "card",
            "position": "2810000",
            "half": "2",
            "confidence": "0.6040579676628113"
        },
        {
            "gameTime": "2 - 14:34",
            "label": "card",
            "position": "874000",
            "half": "2",
            "confidence": "0.5925478935241699"
        },
        {
            "gameTime": "2 - 27:5",
            "label": "subs",
            "position": "1625500",
            "half": "2",
            "confidence": "0.8776289224624634"
        },
        {
            "gameTime": "2 - 45:22",
            "label": "subs",
            "position": "2722000",
            "half": "2",
            "confidence": "0.8510104417800903"
        },
        {
            "gameTime": "2 - 30:28",
            "label": "subs",
            "position": "1828000",
            "half": "2",
            "confidence": "0.7562084197998047"
        },
        {
            "gameTime": "2 - 17:42",
            "label": "subs",
            "position": "1062500",
            "half": "2",
            "confidence": "0.7154155969619751"
        },
        {
            "gameTime": "2 - 27:15",
            "label": "subs",
            "position": "1635500",
            "half": "2",
            "confidence": "0.63800448179245"
        },
        {
            "gameTime": "2 - 26:55",
            "label": "subs",
            "position": "1615000",
            "half": "2",
            "confidence": "0.6252414584159851"
        },
        {
            "gameTime": "2 - 30:17",
            "label": "subs",
            "position": "1817500",
            "half": "2",
            "confidence": "0.577966034412384"
        },
        {
            "gameTime": "2 - 45:11",
            "label": "subs",
            "position": "2711500",
            "half": "2",
            "confidence": "0.5739113688468933"
        },
        {
            "gameTime": "2 - 46:8",
            "label": "soccer",
            "position": "2768500",
            "half": "2",
            "confidence": "0.9494031071662903"
        },
        {
            "gameTime": "2 - 31:49",
            "label": "soccer",
            "position": "1909500",
            "half": "2",
            "confidence": "0.8520583510398865"
        }
    ]
}