{
    "UrlLocal": "europe_uefa-champions-league/2015-2016/2015-11-03 - 22-45 Shakhtar Donetsk 4 - 0 Malmo FF",
    "predictions": [
        {
            "gameTime": "1 - 10:23",
            "label": "subs",
            "position": "623000",
            "half": "1",
            "confidence": "0.9255332946777344"
        },
        {
            "gameTime": "1 - 10:12",
            "label": "subs",
            "position": "612500",
            "half": "1",
            "confidence": "0.5434610843658447"
        },
        {
            "gameTime": "1 - 27:45",
            "label": "soccer",
            "position": "1665500",
            "half": "1",
            "confidence": "0.9849411845207214"
        },
        {
            "gameTime": "1 - 6:22",
            "label": "soccer",
            "position": "382000",
            "half": "1",
            "confidence": "0.6410084962844849"
        },
        {
            "gameTime": "2 - 45:26",
            "label": "card",
            "position": "2726000",
            "half": "2",
            "confidence": "0.9914422631263733"
        },
        {
            "gameTime": "2 - 1:35",
            "label": "card",
            "position": "95000",
            "half": "2",
            "confidence": "0.976441502571106"
        },
        {
            "gameTime": "2 - 22:14",
            "label": "card",
            "position": "1334500",
            "half": "2",
            "confidence": "0.9522230625152588"
        },
        {
            "gameTime": "2 - 42:31",
            "label": "card",
            "position": "2551500",
            "half": "2",
            "confidence": "0.9469265341758728"
        },
        {
            "gameTime": "2 - 45:15",
            "label": "card",
            "position": "2715500",
            "half": "2",
            "confidence": "0.9108033180236816"
        },
        {
            "gameTime": "2 - 22:24",
            "label": "card",
            "position": "1344500",
            "half": "2",
            "confidence": "0.8230166435241699"
        },
        {
            "gameTime": "2 - 1:24",
            "label": "card",
            "position": "84500",
            "half": "2",
            "confidence": "0.8016632795333862"
        },
        {
            "gameTime": "2 - 15:58",
            "label": "card",
            "position": "958500",
            "half": "2",
            "confidence": "0.6988038420677185"
        },
        {
            "gameTime": "2 - 44:8",
            "label": "card",
            "position": "2648500",
            "half": "2",
            "confidence": "0.6452630162239075"
        },
        {
            "gameTime": "2 - 28:29",
            "label": "subs",
            "position": "1709000",
            "half": "2",
            "confidence": "0.7918313145637512"
        },
        {
            "gameTime": "2 - 29:19",
            "label": "subs",
            "position": "1759500",
            "half": "2",
            "confidence": "0.7424578070640564"
        },
        {
            "gameTime": "2 - 29:29",
            "label": "subs",
            "position": "1769500",
            "half": "2",
            "confidence": "0.6423941850662231"
        },
        {
            "gameTime": "2 - 27:48",
            "label": "subs",
            "position": "1668500",
            "half": "2",
            "confidence": "0.5850778222084045"
        },
        {
            "gameTime": "2 - 23:2",
            "label": "subs",
            "position": "1382500",
            "half": "2",
            "confidence": "0.510730504989624"
        },
        {
            "gameTime": "2 - 9:37",
            "label": "soccer",
            "position": "577000",
            "half": "2",
            "confidence": "0.9800460338592529"
        },
        {
            "gameTime": "2 - 27:14",
            "label": "soccer",
            "position": "1634000",
            "half": "2",
            "confidence": "0.6925230622291565"
        },
        {
            "gameTime": "2 - 2:25",
            "label": "soccer",
            "position": "145000",
            "half": "2",
            "confidence": "0.5837255716323853"
        }
    ]
}