{
    "UrlLocal": "spain_laliga/2014-2015/2015-05-09 - 19-00 Barcelona 2 - 0 Real Sociedad",
    "predictions": [
        {
            "gameTime": "1 - 0:0",
            "label": "Kick-off",
            "position": "0",
            "half": "1",
            "confidence": "0.8829874992370605"
        },
        {
            "gameTime": "1 - 0:10",
            "label": "Kick-off",
            "position": "10000",
            "half": "1",
            "confidence": "0.5498798489570618"
        },
        {
            "gameTime": "1 - 3:39",
            "label": "Goal",
            "position": "219500",
            "half": "1",
            "confidence": "0.6536508202552795"
        },
        {
            "gameTime": "1 - 37:47",
            "label": "Offside",
            "position": "2267500",
            "half": "1",
            "confidence": "0.6140486598014832"
        },
        {
            "gameTime": "1 - 44:26",
            "label": "Shots off target",
            "position": "2666000",
            "half": "1",
            "confidence": "0.7765711545944214"
        },
        {
            "gameTime": "1 - 24:46",
            "label": "Shots off target",
            "position": "1486500",
            "half": "1",
            "confidence": "0.5956032872200012"
        },
        {
            "gameTime": "1 - 33:3",
            "label": "Shots off target",
            "position": "1983000",
            "half": "1",
            "confidence": "0.549157440662384"
        },
        {
            "gameTime": "1 - 33:27",
            "label": "Clearance",
            "position": "2007000",
            "half": "1",
            "confidence": "0.8153589963912964"
        },
        {
            "gameTime": "1 - 14:7",
            "label": "Clearance",
            "position": "847500",
            "half": "1",
            "confidence": "0.7596269845962524"
        },
        {
            "gameTime": "1 - 44:45",
            "label": "Clearance",
            "position": "2685500",
            "half": "1",
            "confidence": "0.6732941269874573"
        },
        {
            "gameTime": "1 - 28:15",
            "label": "Clearance",
            "position": "1695000",
            "half": "1",
            "confidence": "0.5458540320396423"
        },
        {
            "gameTime": "1 - 9:3",
            "label": "Clearance",
            "position": "543500",
            "half": "1",
            "confidence": "0.5442646741867065"
        },
        {
            "gameTime": "1 - 12:30",
            "label": "Clearance",
            "position": "750500",
            "half": "1",
            "confidence": "0.5094842314720154"
        },
        {
            "gameTime": "1 - 7:42",
            "label": "Ball out of play",
            "position": "462500",
            "half": "1",
            "confidence": "0.9565839767456055"
        },
        {
            "gameTime": "1 - 27:21",
            "label": "Ball out of play",
            "position": "1641000",
            "half": "1",
            "confidence": "0.9316893815994263"
        },
        {
            "gameTime": "1 - 27:10",
            "label": "Ball out of play",
            "position": "1630500",
            "half": "1",
            "confidence": "0.910712480545044"
        },
        {
            "gameTime": "1 - 34:21",
            "label": "Ball out of play",
            "position": "2061000",
            "half": "1",
            "confidence": "0.9042959213256836"
        },
        {
            "gameTime": "1 - 4:5",
            "label": "Ball out of play",
            "position": "245000",
            "half": "1",
            "confidence": "0.9017156958580017"
        },
        {
            "gameTime": "1 - 19:16",
            "label": "Ball out of play",
            "position": "1156000",
            "half": "1",
            "confidence": "0.90091472864151"
        },
        {
            "gameTime": "1 - 3:21",
            "label": "Ball out of play",
            "position": "201000",
            "half": "1",
            "confidence": "0.8922367095947266"
        },
        {
            "gameTime": "1 - 5:35",
            "label": "Ball out of play",
            "position": "335000",
            "half": "1",
            "confidence": "0.8896612524986267"
        },
        {
            "gameTime": "1 - 7:32",
            "label": "Ball out of play",
            "position": "452000",
            "half": "1",
            "confidence": "0.8885191679000854"
        },
        {
            "gameTime": "1 - 4:26",
            "label": "Ball out of play",
            "position": "266000",
            "half": "1",
            "confidence": "0.8818220496177673"
        },
        {
            "gameTime": "1 - 10:9",
            "label": "Ball out of play",
            "position": "609500",
            "half": "1",
            "confidence": "0.8788146376609802"
        },
        {
            "gameTime": "1 - 21:50",
            "label": "Ball out of play",
            "position": "1310500",
            "half": "1",
            "confidence": "0.8775686621665955"
        },
        {
            "gameTime": "1 - 8:40",
            "label": "Ball out of play",
            "position": "520500",
            "half": "1",
            "confidence": "0.8752672076225281"
        },
        {
            "gameTime": "1 - 32:58",
            "label": "Ball out of play",
            "position": "1978000",
            "half": "1",
            "confidence": "0.8687549233436584"
        },
        {
            "gameTime": "1 - 24:45",
            "label": "Ball out of play",
            "position": "1485500",
            "half": "1",
            "confidence": "0.8626442551612854"
        },
        {
            "gameTime": "1 - 3:10",
            "label": "Ball out of play",
            "position": "190000",
            "half": "1",
            "confidence": "0.8602581024169922"
        },
        {
            "gameTime": "1 - 19:5",
            "label": "Ball out of play",
            "position": "1145500",
            "half": "1",
            "confidence": "0.8573206067085266"
        },
        {
            "gameTime": "1 - 36:10",
            "label": "Ball out of play",
            "position": "2170500",
            "half": "1",
            "confidence": "0.8516917824745178"
        },
        {
            "gameTime": "1 - 7:5",
            "label": "Ball out of play",
            "position": "425500",
            "half": "1",
            "confidence": "0.8512356281280518"
        },
        {
            "gameTime": "1 - 26:20",
            "label": "Ball out of play",
            "position": "1580500",
            "half": "1",
            "confidence": "0.8414039611816406"
        },
        {
            "gameTime": "1 - 4:15",
            "label": "Ball out of play",
            "position": "255000",
            "half": "1",
            "confidence": "0.8377846479415894"
        },
        {
            "gameTime": "1 - 2:52",
            "label": "Ball out of play",
            "position": "172000",
            "half": "1",
            "confidence": "0.8166128396987915"
        },
        {
            "gameTime": "1 - 18:6",
            "label": "Ball out of play",
            "position": "1086500",
            "half": "1",
            "confidence": "0.814542293548584"
        },
        {
            "gameTime": "1 - 11:55",
            "label": "Ball out of play",
            "position": "715000",
            "half": "1",
            "confidence": "0.8097620606422424"
        },
        {
            "gameTime": "1 - 12:7",
            "label": "Ball out of play",
            "position": "727000",
            "half": "1",
            "confidence": "0.8039926886558533"
        },
        {
            "gameTime": "1 - 22:8",
            "label": "Ball out of play",
            "position": "1328000",
            "half": "1",
            "confidence": "0.7873947620391846"
        },
        {
            "gameTime": "1 - 37:30",
            "label": "Ball out of play",
            "position": "2250000",
            "half": "1",
            "confidence": "0.7690801620483398"
        },
        {
            "gameTime": "1 - 19:56",
            "label": "Ball out of play",
            "position": "1196500",
            "half": "1",
            "confidence": "0.7600198984146118"
        },
        {
            "gameTime": "1 - 33:8",
            "label": "Ball out of play",
            "position": "1988000",
            "half": "1",
            "confidence": "0.7387688755989075"
        },
        {
            "gameTime": "1 - 44:31",
            "label": "Ball out of play",
            "position": "2671000",
            "half": "1",
            "confidence": "0.7371730804443359"
        },
        {
            "gameTime": "1 - 36:20",
            "label": "Ball out of play",
            "position": "2180500",
            "half": "1",
            "confidence": "0.7257277369499207"
        },
        {
            "gameTime": "1 - 37:19",
            "label": "Ball out of play",
            "position": "2239000",
            "half": "1",
            "confidence": "0.7167916297912598"
        },
        {
            "gameTime": "1 - 42:41",
            "label": "Ball out of play",
            "position": "2561000",
            "half": "1",
            "confidence": "0.7047705054283142"
        },
        {
            "gameTime": "1 - 9:29",
            "label": "Ball out of play",
            "position": "569000",
            "half": "1",
            "confidence": "0.6959958076477051"
        },
        {
            "gameTime": "1 - 19:41",
            "label": "Ball out of play",
            "position": "1181500",
            "half": "1",
            "confidence": "0.6936617493629456"
        },
        {
            "gameTime": "1 - 16:1",
            "label": "Ball out of play",
            "position": "961500",
            "half": "1",
            "confidence": "0.6934465169906616"
        },
        {
            "gameTime": "1 - 16:30",
            "label": "Ball out of play",
            "position": "990500",
            "half": "1",
            "confidence": "0.6900843381881714"
        },
        {
            "gameTime": "1 - 9:59",
            "label": "Ball out of play",
            "position": "599000",
            "half": "1",
            "confidence": "0.6821415424346924"
        },
        {
            "gameTime": "1 - 21:40",
            "label": "Ball out of play",
            "position": "1300000",
            "half": "1",
            "confidence": "0.6807594895362854"
        },
        {
            "gameTime": "1 - 9:15",
            "label": "Ball out of play",
            "position": "555000",
            "half": "1",
            "confidence": "0.6782296895980835"
        },
        {
            "gameTime": "1 - 35:38",
            "label": "Ball out of play",
            "position": "2138500",
            "half": "1",
            "confidence": "0.6734234094619751"
        },
        {
            "gameTime": "1 - 5:24",
            "label": "Ball out of play",
            "position": "324500",
            "half": "1",
            "confidence": "0.6657043099403381"
        },
        {
            "gameTime": "1 - 17:56",
            "label": "Ball out of play",
            "position": "1076000",
            "half": "1",
            "confidence": "0.6643287539482117"
        },
        {
            "gameTime": "1 - 3:52",
            "label": "Ball out of play",
            "position": "232500",
            "half": "1",
            "confidence": "0.646118700504303"
        },
        {
            "gameTime": "1 - 27:52",
            "label": "Ball out of play",
            "position": "1672000",
            "half": "1",
            "confidence": "0.6449736952781677"
        },
        {
            "gameTime": "1 - 42:30",
            "label": "Ball out of play",
            "position": "2550500",
            "half": "1",
            "confidence": "0.6286574006080627"
        },
        {
            "gameTime": "1 - 26:56",
            "label": "Ball out of play",
            "position": "1616000",
            "half": "1",
            "confidence": "0.6266764402389526"
        },
        {
            "gameTime": "1 - 28:29",
            "label": "Ball out of play",
            "position": "1709000",
            "half": "1",
            "confidence": "0.6205121278762817"
        },
        {
            "gameTime": "1 - 37:42",
            "label": "Ball out of play",
            "position": "2262000",
            "half": "1",
            "confidence": "0.6154199838638306"
        },
        {
            "gameTime": "1 - 31:39",
            "label": "Ball out of play",
            "position": "1899500",
            "half": "1",
            "confidence": "0.6041024923324585"
        },
        {
            "gameTime": "1 - 40:39",
            "label": "Ball out of play",
            "position": "2439500",
            "half": "1",
            "confidence": "0.5968317985534668"
        },
        {
            "gameTime": "1 - 27:31",
            "label": "Ball out of play",
            "position": "1651000",
            "half": "1",
            "confidence": "0.5887783169746399"
        },
        {
            "gameTime": "1 - 43:6",
            "label": "Ball out of play",
            "position": "2586500",
            "half": "1",
            "confidence": "0.5859879851341248"
        },
        {
            "gameTime": "1 - 35:17",
            "label": "Ball out of play",
            "position": "2117000",
            "half": "1",
            "confidence": "0.5814641714096069"
        },
        {
            "gameTime": "1 - 24:35",
            "label": "Ball out of play",
            "position": "1475000",
            "half": "1",
            "confidence": "0.5806760191917419"
        },
        {
            "gameTime": "1 - 29:3",
            "label": "Ball out of play",
            "position": "1743500",
            "half": "1",
            "confidence": "0.5795049667358398"
        },
        {
            "gameTime": "1 - 42:52",
            "label": "Ball out of play",
            "position": "2572000",
            "half": "1",
            "confidence": "0.5691267251968384"
        },
        {
            "gameTime": "1 - 22:25",
            "label": "Ball out of play",
            "position": "1345000",
            "half": "1",
            "confidence": "0.5681895017623901"
        },
        {
            "gameTime": "1 - 15:51",
            "label": "Ball out of play",
            "position": "951000",
            "half": "1",
            "confidence": "0.558017373085022"
        },
        {
            "gameTime": "1 - 10:25",
            "label": "Ball out of play",
            "position": "625500",
            "half": "1",
            "confidence": "0.5545431971549988"
        },
        {
            "gameTime": "1 - 8:50",
            "label": "Ball out of play",
            "position": "530500",
            "half": "1",
            "confidence": "0.5542440414428711"
        },
        {
            "gameTime": "1 - 39:2",
            "label": "Ball out of play",
            "position": "2342000",
            "half": "1",
            "confidence": "0.5419489145278931"
        },
        {
            "gameTime": "1 - 23:17",
            "label": "Ball out of play",
            "position": "1397000",
            "half": "1",
            "confidence": "0.5403754711151123"
        },
        {
            "gameTime": "1 - 36:37",
            "label": "Ball out of play",
            "position": "2197000",
            "half": "1",
            "confidence": "0.5343513488769531"
        },
        {
            "gameTime": "1 - 44:20",
            "label": "Ball out of play",
            "position": "2660500",
            "half": "1",
            "confidence": "0.5269965529441833"
        },
        {
            "gameTime": "1 - 23:27",
            "label": "Ball out of play",
            "position": "1407500",
            "half": "1",
            "confidence": "0.508843183517456"
        },
        {
            "gameTime": "1 - 27:41",
            "label": "Ball out of play",
            "position": "1661500",
            "half": "1",
            "confidence": "0.5078861713409424"
        },
        {
            "gameTime": "1 - 16:19",
            "label": "Ball out of play",
            "position": "979500",
            "half": "1",
            "confidence": "0.5058886408805847"
        },
        {
            "gameTime": "1 - 10:14",
            "label": "Throw-in",
            "position": "614500",
            "half": "1",
            "confidence": "0.9708768725395203"
        },
        {
            "gameTime": "1 - 10:29",
            "label": "Throw-in",
            "position": "629000",
            "half": "1",
            "confidence": "0.9652835130691528"
        },
        {
            "gameTime": "1 - 21:49",
            "label": "Throw-in",
            "position": "1309500",
            "half": "1",
            "confidence": "0.9596684575080872"
        },
        {
            "gameTime": "1 - 4:26",
            "label": "Throw-in",
            "position": "266500",
            "half": "1",
            "confidence": "0.9550392031669617"
        },
        {
            "gameTime": "1 - 4:14",
            "label": "Throw-in",
            "position": "254500",
            "half": "1",
            "confidence": "0.9317494034767151"
        },
        {
            "gameTime": "1 - 5:27",
            "label": "Throw-in",
            "position": "327000",
            "half": "1",
            "confidence": "0.9003952741622925"
        },
        {
            "gameTime": "1 - 5:37",
            "label": "Throw-in",
            "position": "337000",
            "half": "1",
            "confidence": "0.8882666230201721"
        },
        {
            "gameTime": "1 - 26:20",
            "label": "Throw-in",
            "position": "1580500",
            "half": "1",
            "confidence": "0.8807545900344849"
        },
        {
            "gameTime": "1 - 2:52",
            "label": "Throw-in",
            "position": "172000",
            "half": "1",
            "confidence": "0.869441568851471"
        },
        {
            "gameTime": "1 - 4:4",
            "label": "Throw-in",
            "position": "244000",
            "half": "1",
            "confidence": "0.8591762185096741"
        },
        {
            "gameTime": "1 - 42:53",
            "label": "Throw-in",
            "position": "2573500",
            "half": "1",
            "confidence": "0.8399076461791992"
        },
        {
            "gameTime": "1 - 21:39",
            "label": "Throw-in",
            "position": "1299000",
            "half": "1",
            "confidence": "0.8327498435974121"
        },
        {
            "gameTime": "1 - 18:20",
            "label": "Throw-in",
            "position": "1100000",
            "half": "1",
            "confidence": "0.8296785950660706"
        },
        {
            "gameTime": "1 - 3:3",
            "label": "Throw-in",
            "position": "183000",
            "half": "1",
            "confidence": "0.761303722858429"
        },
        {
            "gameTime": "1 - 10:0",
            "label": "Throw-in",
            "position": "600000",
            "half": "1",
            "confidence": "0.7607935070991516"
        },
        {
            "gameTime": "1 - 42:41",
            "label": "Throw-in",
            "position": "2561500",
            "half": "1",
            "confidence": "0.7320834398269653"
        },
        {
            "gameTime": "1 - 18:1",
            "label": "Throw-in",
            "position": "1081500",
            "half": "1",
            "confidence": "0.6816843152046204"
        },
        {
            "gameTime": "1 - 22:1",
            "label": "Throw-in",
            "position": "1321000",
            "half": "1",
            "confidence": "0.6804433465003967"
        },
        {
            "gameTime": "1 - 36:20",
            "label": "Throw-in",
            "position": "2180500",
            "half": "1",
            "confidence": "0.6037455797195435"
        },
        {
            "gameTime": "1 - 19:53",
            "label": "Throw-in",
            "position": "1193000",
            "half": "1",
            "confidence": "0.5928371548652649"
        },
        {
            "gameTime": "1 - 16:27",
            "label": "Throw-in",
            "position": "987500",
            "half": "1",
            "confidence": "0.5812779664993286"
        },
        {
            "gameTime": "1 - 28:24",
            "label": "Throw-in",
            "position": "1704000",
            "half": "1",
            "confidence": "0.5270256996154785"
        },
        {
            "gameTime": "1 - 36:7",
            "label": "Throw-in",
            "position": "2167000",
            "half": "1",
            "confidence": "0.514773964881897"
        },
        {
            "gameTime": "1 - 43:7",
            "label": "Throw-in",
            "position": "2587000",
            "half": "1",
            "confidence": "0.5095584392547607"
        },
        {
            "gameTime": "1 - 33:39",
            "label": "Foul",
            "position": "2019500",
            "half": "1",
            "confidence": "0.8801432847976685"
        },
        {
            "gameTime": "1 - 43:11",
            "label": "Foul",
            "position": "2591500",
            "half": "1",
            "confidence": "0.8626852035522461"
        },
        {
            "gameTime": "1 - 38:16",
            "label": "Foul",
            "position": "2296500",
            "half": "1",
            "confidence": "0.8282594084739685"
        },
        {
            "gameTime": "1 - 40:58",
            "label": "Foul",
            "position": "2458000",
            "half": "1",
            "confidence": "0.7697502970695496"
        },
        {
            "gameTime": "1 - 43:21",
            "label": "Foul",
            "position": "2601500",
            "half": "1",
            "confidence": "0.719931960105896"
        },
        {
            "gameTime": "1 - 25:28",
            "label": "Foul",
            "position": "1528000",
            "half": "1",
            "confidence": "0.710570216178894"
        },
        {
            "gameTime": "1 - 30:24",
            "label": "Foul",
            "position": "1824000",
            "half": "1",
            "confidence": "0.7095550298690796"
        },
        {
            "gameTime": "1 - 21:13",
            "label": "Foul",
            "position": "1273000",
            "half": "1",
            "confidence": "0.6316719055175781"
        },
        {
            "gameTime": "1 - 36:50",
            "label": "Foul",
            "position": "2210500",
            "half": "1",
            "confidence": "0.6237939596176147"
        },
        {
            "gameTime": "1 - 6:35",
            "label": "Foul",
            "position": "395000",
            "half": "1",
            "confidence": "0.5988014340400696"
        },
        {
            "gameTime": "1 - 42:4",
            "label": "Foul",
            "position": "2524000",
            "half": "1",
            "confidence": "0.5605496168136597"
        },
        {
            "gameTime": "1 - 30:13",
            "label": "Foul",
            "position": "1813500",
            "half": "1",
            "confidence": "0.5020807981491089"
        },
        {
            "gameTime": "1 - 40:54",
            "label": "Indirect free-kick",
            "position": "2454000",
            "half": "1",
            "confidence": "0.8894342184066772"
        },
        {
            "gameTime": "1 - 43:13",
            "label": "Indirect free-kick",
            "position": "2593000",
            "half": "1",
            "confidence": "0.764204740524292"
        },
        {
            "gameTime": "1 - 6:36",
            "label": "Indirect free-kick",
            "position": "396000",
            "half": "1",
            "confidence": "0.6566560864448547"
        },
        {
            "gameTime": "1 - 21:27",
            "label": "Indirect free-kick",
            "position": "1287500",
            "half": "1",
            "confidence": "0.6494580507278442"
        },
        {
            "gameTime": "1 - 28:59",
            "label": "Indirect free-kick",
            "position": "1739000",
            "half": "1",
            "confidence": "0.6476863622665405"
        },
        {
            "gameTime": "1 - 42:51",
            "label": "Indirect free-kick",
            "position": "2571500",
            "half": "1",
            "confidence": "0.6224254965782166"
        },
        {
            "gameTime": "1 - 21:15",
            "label": "Indirect free-kick",
            "position": "1275500",
            "half": "1",
            "confidence": "0.6021992564201355"
        },
        {
            "gameTime": "1 - 37:49",
            "label": "Indirect free-kick",
            "position": "2269500",
            "half": "1",
            "confidence": "0.5839793086051941"
        },
        {
            "gameTime": "1 - 26:5",
            "label": "Indirect free-kick",
            "position": "1565000",
            "half": "1",
            "confidence": "0.5751707553863525"
        },
        {
            "gameTime": "1 - 26:50",
            "label": "Indirect free-kick",
            "position": "1610000",
            "half": "1",
            "confidence": "0.5648361444473267"
        },
        {
            "gameTime": "1 - 43:23",
            "label": "Indirect free-kick",
            "position": "2603000",
            "half": "1",
            "confidence": "0.5471081733703613"
        },
        {
            "gameTime": "1 - 6:25",
            "label": "Indirect free-kick",
            "position": "385500",
            "half": "1",
            "confidence": "0.5238125920295715"
        },
        {
            "gameTime": "1 - 32:9",
            "label": "Indirect free-kick",
            "position": "1929500",
            "half": "1",
            "confidence": "0.5192148089408875"
        },
        {
            "gameTime": "1 - 36:50",
            "label": "Indirect free-kick",
            "position": "2210000",
            "half": "1",
            "confidence": "0.5142706632614136"
        },
        {
            "gameTime": "1 - 20:44",
            "label": "Indirect free-kick",
            "position": "1244500",
            "half": "1",
            "confidence": "0.5061702132225037"
        },
        {
            "gameTime": "1 - 38:54",
            "label": "Direct free-kick",
            "position": "2334500",
            "half": "1",
            "confidence": "0.7341119050979614"
        },
        {
            "gameTime": "1 - 31:23",
            "label": "Direct free-kick",
            "position": "1883500",
            "half": "1",
            "confidence": "0.7284100651741028"
        },
        {
            "gameTime": "1 - 3:36",
            "label": "Corner",
            "position": "216500",
            "half": "1",
            "confidence": "0.9318588972091675"
        },
        {
            "gameTime": "1 - 27:26",
            "label": "Corner",
            "position": "1646500",
            "half": "1",
            "confidence": "0.7061208486557007"
        },
        {
            "gameTime": "1 - 31:26",
            "label": "Corner",
            "position": "1886000",
            "half": "1",
            "confidence": "0.6631391644477844"
        },
        {
            "gameTime": "1 - 35:9",
            "label": "Corner",
            "position": "2109000",
            "half": "1",
            "confidence": "0.6107333898544312"
        },
        {
            "gameTime": "1 - 41:47",
            "label": "Corner",
            "position": "2507000",
            "half": "1",
            "confidence": "0.568396806716919"
        },
        {
            "gameTime": "1 - 33:40",
            "label": "Yellow card",
            "position": "2020500",
            "half": "1",
            "confidence": "0.8570839762687683"
        },
        {
            "gameTime": "1 - 16:39",
            "label": "Yellow card",
            "position": "999000",
            "half": "1",
            "confidence": "0.7326831221580505"
        },
        {
            "gameTime": "1 - 16:28",
            "label": "Yellow card",
            "position": "988000",
            "half": "1",
            "confidence": "0.5672584176063538"
        },
        {
            "gameTime": "2 - 39:35",
            "label": "Goal",
            "position": "2375000",
            "half": "2",
            "confidence": "0.9766545295715332"
        },
        {
            "gameTime": "2 - 5:10",
            "label": "Goal",
            "position": "310500",
            "half": "2",
            "confidence": "0.970641016960144"
        },
        {
            "gameTime": "2 - 39:45",
            "label": "Goal",
            "position": "2385000",
            "half": "2",
            "confidence": "0.8351406455039978"
        },
        {
            "gameTime": "2 - 15:45",
            "label": "Substitution",
            "position": "945500",
            "half": "2",
            "confidence": "0.8354296088218689"
        },
        {
            "gameTime": "2 - 27:42",
            "label": "Substitution",
            "position": "1662000",
            "half": "2",
            "confidence": "0.725618839263916"
        },
        {
            "gameTime": "2 - 31:24",
            "label": "Substitution",
            "position": "1884500",
            "half": "2",
            "confidence": "0.7101037502288818"
        },
        {
            "gameTime": "2 - 23:46",
            "label": "Offside",
            "position": "1426500",
            "half": "2",
            "confidence": "0.6048845648765564"
        },
        {
            "gameTime": "2 - 7:41",
            "label": "Offside",
            "position": "461000",
            "half": "2",
            "confidence": "0.5562600493431091"
        },
        {
            "gameTime": "2 - 19:56",
            "label": "Offside",
            "position": "1196500",
            "half": "2",
            "confidence": "0.551449179649353"
        },
        {
            "gameTime": "2 - 27:23",
            "label": "Offside",
            "position": "1643000",
            "half": "2",
            "confidence": "0.5370863676071167"
        },
        {
            "gameTime": "2 - 23:31",
            "label": "Offside",
            "position": "1411500",
            "half": "2",
            "confidence": "0.5299935936927795"
        },
        {
            "gameTime": "2 - 5:10",
            "label": "Shots on target",
            "position": "310500",
            "half": "2",
            "confidence": "0.8476032614707947"
        },
        {
            "gameTime": "2 - 39:30",
            "label": "Shots on target",
            "position": "2370000",
            "half": "2",
            "confidence": "0.8266560435295105"
        },
        {
            "gameTime": "2 - 39:40",
            "label": "Shots on target",
            "position": "2380000",
            "half": "2",
            "confidence": "0.6535466909408569"
        },
        {
            "gameTime": "2 - 45:17",
            "label": "Shots on target",
            "position": "2717000",
            "half": "2",
            "confidence": "0.5702523589134216"
        },
        {
            "gameTime": "2 - 46:20",
            "label": "Shots on target",
            "position": "2780500",
            "half": "2",
            "confidence": "0.523481011390686"
        },
        {
            "gameTime": "2 - 2:33",
            "label": "Shots off target",
            "position": "153000",
            "half": "2",
            "confidence": "0.6119807958602905"
        },
        {
            "gameTime": "2 - 42:6",
            "label": "Clearance",
            "position": "2526000",
            "half": "2",
            "confidence": "0.9498102068901062"
        },
        {
            "gameTime": "2 - 6:7",
            "label": "Clearance",
            "position": "367500",
            "half": "2",
            "confidence": "0.7752453088760376"
        },
        {
            "gameTime": "2 - 20:43",
            "label": "Clearance",
            "position": "1243000",
            "half": "2",
            "confidence": "0.7050351500511169"
        },
        {
            "gameTime": "2 - 22:33",
            "label": "Clearance",
            "position": "1353000",
            "half": "2",
            "confidence": "0.6388533115386963"
        },
        {
            "gameTime": "2 - 27:48",
            "label": "Clearance",
            "position": "1668000",
            "half": "2",
            "confidence": "0.5985018610954285"
        },
        {
            "gameTime": "2 - 46:31",
            "label": "Clearance",
            "position": "2791500",
            "half": "2",
            "confidence": "0.5945814251899719"
        },
        {
            "gameTime": "2 - 22:52",
            "label": "Clearance",
            "position": "1372500",
            "half": "2",
            "confidence": "0.5575493574142456"
        },
        {
            "gameTime": "2 - 43:0",
            "label": "Clearance",
            "position": "2580000",
            "half": "2",
            "confidence": "0.5448365807533264"
        },
        {
            "gameTime": "2 - 47:58",
            "label": "Clearance",
            "position": "2878500",
            "half": "2",
            "confidence": "0.5443660020828247"
        },
        {
            "gameTime": "2 - 5:57",
            "label": "Clearance",
            "position": "357000",
            "half": "2",
            "confidence": "0.5021520256996155"
        },
        {
            "gameTime": "2 - 22:14",
            "label": "Ball out of play",
            "position": "1334000",
            "half": "2",
            "confidence": "0.9521441459655762"
        },
        {
            "gameTime": "2 - 33:48",
            "label": "Ball out of play",
            "position": "2028000",
            "half": "2",
            "confidence": "0.9416671395301819"
        },
        {
            "gameTime": "2 - 2:4",
            "label": "Ball out of play",
            "position": "124000",
            "half": "2",
            "confidence": "0.9287728667259216"
        },
        {
            "gameTime": "2 - 1:1",
            "label": "Ball out of play",
            "position": "61000",
            "half": "2",
            "confidence": "0.927791178226471"
        },
        {
            "gameTime": "2 - 2:26",
            "label": "Ball out of play",
            "position": "146500",
            "half": "2",
            "confidence": "0.9087437391281128"
        },
        {
            "gameTime": "2 - 29:25",
            "label": "Ball out of play",
            "position": "1765000",
            "half": "2",
            "confidence": "0.903727650642395"
        },
        {
            "gameTime": "2 - 5:3",
            "label": "Ball out of play",
            "position": "303000",
            "half": "2",
            "confidence": "0.8945438265800476"
        },
        {
            "gameTime": "2 - 2:16",
            "label": "Ball out of play",
            "position": "136000",
            "half": "2",
            "confidence": "0.8844025731086731"
        },
        {
            "gameTime": "2 - 37:39",
            "label": "Ball out of play",
            "position": "2259000",
            "half": "2",
            "confidence": "0.8672695755958557"
        },
        {
            "gameTime": "2 - 22:24",
            "label": "Ball out of play",
            "position": "1344000",
            "half": "2",
            "confidence": "0.8513586521148682"
        },
        {
            "gameTime": "2 - 39:31",
            "label": "Ball out of play",
            "position": "2371500",
            "half": "2",
            "confidence": "0.8433341979980469"
        },
        {
            "gameTime": "2 - 1:48",
            "label": "Ball out of play",
            "position": "108500",
            "half": "2",
            "confidence": "0.8293405771255493"
        },
        {
            "gameTime": "2 - 41:5",
            "label": "Ball out of play",
            "position": "2465000",
            "half": "2",
            "confidence": "0.8241564631462097"
        },
        {
            "gameTime": "2 - 15:35",
            "label": "Ball out of play",
            "position": "935000",
            "half": "2",
            "confidence": "0.8199717402458191"
        },
        {
            "gameTime": "2 - 9:35",
            "label": "Ball out of play",
            "position": "575500",
            "half": "2",
            "confidence": "0.814448893070221"
        },
        {
            "gameTime": "2 - 17:40",
            "label": "Ball out of play",
            "position": "1060000",
            "half": "2",
            "confidence": "0.8113848567008972"
        },
        {
            "gameTime": "2 - 21:42",
            "label": "Ball out of play",
            "position": "1302000",
            "half": "2",
            "confidence": "0.8095206022262573"
        },
        {
            "gameTime": "2 - 2:36",
            "label": "Ball out of play",
            "position": "156500",
            "half": "2",
            "confidence": "0.7875359654426575"
        },
        {
            "gameTime": "2 - 41:16",
            "label": "Ball out of play",
            "position": "2476500",
            "half": "2",
            "confidence": "0.7805824875831604"
        },
        {
            "gameTime": "2 - 40:50",
            "label": "Ball out of play",
            "position": "2450000",
            "half": "2",
            "confidence": "0.77363520860672"
        },
        {
            "gameTime": "2 - 8:21",
            "label": "Ball out of play",
            "position": "501000",
            "half": "2",
            "confidence": "0.7657421231269836"
        },
        {
            "gameTime": "2 - 17:29",
            "label": "Ball out of play",
            "position": "1049500",
            "half": "2",
            "confidence": "0.7591273784637451"
        },
        {
            "gameTime": "2 - 1:30",
            "label": "Ball out of play",
            "position": "90000",
            "half": "2",
            "confidence": "0.751507580280304"
        },
        {
            "gameTime": "2 - 19:59",
            "label": "Ball out of play",
            "position": "1199500",
            "half": "2",
            "confidence": "0.7406189441680908"
        },
        {
            "gameTime": "2 - 21:52",
            "label": "Ball out of play",
            "position": "1312500",
            "half": "2",
            "confidence": "0.7342759370803833"
        },
        {
            "gameTime": "2 - 32:27",
            "label": "Ball out of play",
            "position": "1947000",
            "half": "2",
            "confidence": "0.7256248593330383"
        },
        {
            "gameTime": "2 - 36:24",
            "label": "Ball out of play",
            "position": "2184500",
            "half": "2",
            "confidence": "0.7212049961090088"
        },
        {
            "gameTime": "2 - 25:30",
            "label": "Ball out of play",
            "position": "1530500",
            "half": "2",
            "confidence": "0.6898545622825623"
        },
        {
            "gameTime": "2 - 22:37",
            "label": "Ball out of play",
            "position": "1357000",
            "half": "2",
            "confidence": "0.6896626353263855"
        },
        {
            "gameTime": "2 - 16:8",
            "label": "Ball out of play",
            "position": "968500",
            "half": "2",
            "confidence": "0.6860785484313965"
        },
        {
            "gameTime": "2 - 29:55",
            "label": "Ball out of play",
            "position": "1795000",
            "half": "2",
            "confidence": "0.6690493822097778"
        },
        {
            "gameTime": "2 - 11:25",
            "label": "Ball out of play",
            "position": "685000",
            "half": "2",
            "confidence": "0.6626415848731995"
        },
        {
            "gameTime": "2 - 29:40",
            "label": "Ball out of play",
            "position": "1780000",
            "half": "2",
            "confidence": "0.6618046164512634"
        },
        {
            "gameTime": "2 - 22:2",
            "label": "Ball out of play",
            "position": "1322500",
            "half": "2",
            "confidence": "0.6575016975402832"
        },
        {
            "gameTime": "2 - 16:52",
            "label": "Ball out of play",
            "position": "1012500",
            "half": "2",
            "confidence": "0.6311448216438293"
        },
        {
            "gameTime": "2 - 29:14",
            "label": "Ball out of play",
            "position": "1754500",
            "half": "2",
            "confidence": "0.6232574582099915"
        },
        {
            "gameTime": "2 - 15:6",
            "label": "Ball out of play",
            "position": "906500",
            "half": "2",
            "confidence": "0.6221498847007751"
        },
        {
            "gameTime": "2 - 41:48",
            "label": "Ball out of play",
            "position": "2508500",
            "half": "2",
            "confidence": "0.6197781562805176"
        },
        {
            "gameTime": "2 - 28:48",
            "label": "Ball out of play",
            "position": "1728000",
            "half": "2",
            "confidence": "0.6105774641036987"
        },
        {
            "gameTime": "2 - 16:18",
            "label": "Ball out of play",
            "position": "978500",
            "half": "2",
            "confidence": "0.6082621812820435"
        },
        {
            "gameTime": "2 - 27:12",
            "label": "Ball out of play",
            "position": "1632000",
            "half": "2",
            "confidence": "0.6012275218963623"
        },
        {
            "gameTime": "2 - 4:11",
            "label": "Ball out of play",
            "position": "251000",
            "half": "2",
            "confidence": "0.6005743741989136"
        },
        {
            "gameTime": "2 - 46:57",
            "label": "Ball out of play",
            "position": "2817500",
            "half": "2",
            "confidence": "0.597143292427063"
        },
        {
            "gameTime": "2 - 11:14",
            "label": "Ball out of play",
            "position": "674000",
            "half": "2",
            "confidence": "0.580293595790863"
        },
        {
            "gameTime": "2 - 24:38",
            "label": "Ball out of play",
            "position": "1478500",
            "half": "2",
            "confidence": "0.5775117874145508"
        },
        {
            "gameTime": "2 - 25:1",
            "label": "Ball out of play",
            "position": "1501500",
            "half": "2",
            "confidence": "0.5649159550666809"
        },
        {
            "gameTime": "2 - 17:5",
            "label": "Ball out of play",
            "position": "1025000",
            "half": "2",
            "confidence": "0.5612488985061646"
        },
        {
            "gameTime": "2 - 25:20",
            "label": "Ball out of play",
            "position": "1520000",
            "half": "2",
            "confidence": "0.5605130195617676"
        },
        {
            "gameTime": "2 - 7:39",
            "label": "Ball out of play",
            "position": "459000",
            "half": "2",
            "confidence": "0.5530211925506592"
        },
        {
            "gameTime": "2 - 31:7",
            "label": "Ball out of play",
            "position": "1867500",
            "half": "2",
            "confidence": "0.5405064821243286"
        },
        {
            "gameTime": "2 - 47:42",
            "label": "Ball out of play",
            "position": "2862500",
            "half": "2",
            "confidence": "0.5392406582832336"
        },
        {
            "gameTime": "2 - 3:48",
            "label": "Ball out of play",
            "position": "228000",
            "half": "2",
            "confidence": "0.5289177298545837"
        },
        {
            "gameTime": "2 - 36:2",
            "label": "Ball out of play",
            "position": "2162000",
            "half": "2",
            "confidence": "0.5276875495910645"
        },
        {
            "gameTime": "2 - 46:28",
            "label": "Ball out of play",
            "position": "2788000",
            "half": "2",
            "confidence": "0.5263551473617554"
        },
        {
            "gameTime": "2 - 35:23",
            "label": "Ball out of play",
            "position": "2123500",
            "half": "2",
            "confidence": "0.523139238357544"
        },
        {
            "gameTime": "2 - 8:10",
            "label": "Ball out of play",
            "position": "490500",
            "half": "2",
            "confidence": "0.5011554956436157"
        },
        {
            "gameTime": "2 - 38:56",
            "label": "Ball out of play",
            "position": "2336500",
            "half": "2",
            "confidence": "0.5006754398345947"
        },
        {
            "gameTime": "2 - 22:23",
            "label": "Throw-in",
            "position": "1343000",
            "half": "2",
            "confidence": "0.9427967667579651"
        },
        {
            "gameTime": "2 - 29:17",
            "label": "Throw-in",
            "position": "1757500",
            "half": "2",
            "confidence": "0.9380375146865845"
        },
        {
            "gameTime": "2 - 41:16",
            "label": "Throw-in",
            "position": "2476500",
            "half": "2",
            "confidence": "0.9346409440040588"
        },
        {
            "gameTime": "2 - 41:6",
            "label": "Throw-in",
            "position": "2466000",
            "half": "2",
            "confidence": "0.9166168570518494"
        },
        {
            "gameTime": "2 - 11:26",
            "label": "Throw-in",
            "position": "686500",
            "half": "2",
            "confidence": "0.9079533219337463"
        },
        {
            "gameTime": "2 - 33:48",
            "label": "Throw-in",
            "position": "2028500",
            "half": "2",
            "confidence": "0.896457850933075"
        },
        {
            "gameTime": "2 - 22:12",
            "label": "Throw-in",
            "position": "1332500",
            "half": "2",
            "confidence": "0.8664053678512573"
        },
        {
            "gameTime": "2 - 3:53",
            "label": "Throw-in",
            "position": "233000",
            "half": "2",
            "confidence": "0.8340237736701965"
        },
        {
            "gameTime": "2 - 22:37",
            "label": "Throw-in",
            "position": "1357500",
            "half": "2",
            "confidence": "0.828639805316925"
        },
        {
            "gameTime": "2 - 17:28",
            "label": "Throw-in",
            "position": "1048000",
            "half": "2",
            "confidence": "0.8232533931732178"
        },
        {
            "gameTime": "2 - 29:27",
            "label": "Throw-in",
            "position": "1767500",
            "half": "2",
            "confidence": "0.779210090637207"
        },
        {
            "gameTime": "2 - 11:16",
            "label": "Throw-in",
            "position": "676000",
            "half": "2",
            "confidence": "0.7748985290527344"
        },
        {
            "gameTime": "2 - 8:19",
            "label": "Throw-in",
            "position": "499000",
            "half": "2",
            "confidence": "0.7470383644104004"
        },
        {
            "gameTime": "2 - 37:49",
            "label": "Throw-in",
            "position": "2269500",
            "half": "2",
            "confidence": "0.7108503580093384"
        },
        {
            "gameTime": "2 - 29:42",
            "label": "Throw-in",
            "position": "1782500",
            "half": "2",
            "confidence": "0.6878275871276855"
        },
        {
            "gameTime": "2 - 46:57",
            "label": "Throw-in",
            "position": "2817500",
            "half": "2",
            "confidence": "0.6612679362297058"
        },
        {
            "gameTime": "2 - 15:27",
            "label": "Throw-in",
            "position": "927500",
            "half": "2",
            "confidence": "0.6466481685638428"
        },
        {
            "gameTime": "2 - 36:22",
            "label": "Throw-in",
            "position": "2182000",
            "half": "2",
            "confidence": "0.6441044211387634"
        },
        {
            "gameTime": "2 - 22:47",
            "label": "Throw-in",
            "position": "1367500",
            "half": "2",
            "confidence": "0.6225152015686035"
        },
        {
            "gameTime": "2 - 37:39",
            "label": "Throw-in",
            "position": "2259000",
            "half": "2",
            "confidence": "0.6212300062179565"
        },
        {
            "gameTime": "2 - 35:22",
            "label": "Throw-in",
            "position": "2122500",
            "half": "2",
            "confidence": "0.6050919890403748"
        },
        {
            "gameTime": "2 - 35:59",
            "label": "Throw-in",
            "position": "2159000",
            "half": "2",
            "confidence": "0.6026822328567505"
        },
        {
            "gameTime": "2 - 17:40",
            "label": "Throw-in",
            "position": "1060500",
            "half": "2",
            "confidence": "0.5911439657211304"
        },
        {
            "gameTime": "2 - 29:6",
            "label": "Throw-in",
            "position": "1746500",
            "half": "2",
            "confidence": "0.5845143795013428"
        },
        {
            "gameTime": "2 - 31:8",
            "label": "Throw-in",
            "position": "1868000",
            "half": "2",
            "confidence": "0.5775558948516846"
        },
        {
            "gameTime": "2 - 29:55",
            "label": "Throw-in",
            "position": "1795000",
            "half": "2",
            "confidence": "0.5732187628746033"
        },
        {
            "gameTime": "2 - 30:50",
            "label": "Throw-in",
            "position": "1850500",
            "half": "2",
            "confidence": "0.5306572914123535"
        },
        {
            "gameTime": "2 - 1:0",
            "label": "Throw-in",
            "position": "60000",
            "half": "2",
            "confidence": "0.5285563468933105"
        },
        {
            "gameTime": "2 - 3:42",
            "label": "Throw-in",
            "position": "222500",
            "half": "2",
            "confidence": "0.5101856589317322"
        },
        {
            "gameTime": "2 - 25:30",
            "label": "Throw-in",
            "position": "1530500",
            "half": "2",
            "confidence": "0.5029283761978149"
        },
        {
            "gameTime": "2 - 29:59",
            "label": "Foul",
            "position": "1799500",
            "half": "2",
            "confidence": "0.8628926277160645"
        },
        {
            "gameTime": "2 - 8:29",
            "label": "Foul",
            "position": "509500",
            "half": "2",
            "confidence": "0.8159148097038269"
        },
        {
            "gameTime": "2 - 28:2",
            "label": "Foul",
            "position": "1682000",
            "half": "2",
            "confidence": "0.631584644317627"
        },
        {
            "gameTime": "2 - 14:23",
            "label": "Foul",
            "position": "863000",
            "half": "2",
            "confidence": "0.6178191304206848"
        },
        {
            "gameTime": "2 - 42:15",
            "label": "Foul",
            "position": "2535500",
            "half": "2",
            "confidence": "0.5953975319862366"
        },
        {
            "gameTime": "2 - 23:31",
            "label": "Foul",
            "position": "1411500",
            "half": "2",
            "confidence": "0.5603828430175781"
        },
        {
            "gameTime": "2 - 8:42",
            "label": "Foul",
            "position": "522000",
            "half": "2",
            "confidence": "0.5217321515083313"
        },
        {
            "gameTime": "2 - 37:13",
            "label": "Indirect free-kick",
            "position": "2233500",
            "half": "2",
            "confidence": "0.7897365689277649"
        },
        {
            "gameTime": "2 - 8:42",
            "label": "Indirect free-kick",
            "position": "522500",
            "half": "2",
            "confidence": "0.7586715221405029"
        },
        {
            "gameTime": "2 - 8:29",
            "label": "Indirect free-kick",
            "position": "509500",
            "half": "2",
            "confidence": "0.7131174206733704"
        },
        {
            "gameTime": "2 - 42:14",
            "label": "Indirect free-kick",
            "position": "2534500",
            "half": "2",
            "confidence": "0.6773024797439575"
        },
        {
            "gameTime": "2 - 23:53",
            "label": "Indirect free-kick",
            "position": "1433500",
            "half": "2",
            "confidence": "0.6070334315299988"
        },
        {
            "gameTime": "2 - 28:1",
            "label": "Indirect free-kick",
            "position": "1681000",
            "half": "2",
            "confidence": "0.58428555727005"
        },
        {
            "gameTime": "2 - 33:19",
            "label": "Indirect free-kick",
            "position": "1999000",
            "half": "2",
            "confidence": "0.5819827318191528"
        },
        {
            "gameTime": "2 - 7:39",
            "label": "Indirect free-kick",
            "position": "459500",
            "half": "2",
            "confidence": "0.5571227073669434"
        },
        {
            "gameTime": "2 - 3:0",
            "label": "Indirect free-kick",
            "position": "180500",
            "half": "2",
            "confidence": "0.5545111894607544"
        },
        {
            "gameTime": "2 - 15:17",
            "label": "Indirect free-kick",
            "position": "917500",
            "half": "2",
            "confidence": "0.5251975655555725"
        },
        {
            "gameTime": "2 - 1:24",
            "label": "Corner",
            "position": "84000",
            "half": "2",
            "confidence": "0.970349907875061"
        },
        {
            "gameTime": "2 - 1:47",
            "label": "Corner",
            "position": "107000",
            "half": "2",
            "confidence": "0.9576528668403625"
        },
        {
            "gameTime": "2 - 16:55",
            "label": "Corner",
            "position": "1015500",
            "half": "2",
            "confidence": "0.9559120535850525"
        },
        {
            "gameTime": "2 - 1:58",
            "label": "Corner",
            "position": "118500",
            "half": "2",
            "confidence": "0.9406223893165588"
        },
        {
            "gameTime": "2 - 2:23",
            "label": "Corner",
            "position": "143500",
            "half": "2",
            "confidence": "0.8803216814994812"
        },
        {
            "gameTime": "2 - 17:5",
            "label": "Corner",
            "position": "1025500",
            "half": "2",
            "confidence": "0.8763894438743591"
        },
        {
            "gameTime": "2 - 2:33",
            "label": "Corner",
            "position": "153500",
            "half": "2",
            "confidence": "0.866845428943634"
        },
        {
            "gameTime": "2 - 47:29",
            "label": "Corner",
            "position": "2849500",
            "half": "2",
            "confidence": "0.8321294784545898"
        },
        {
            "gameTime": "2 - 1:34",
            "label": "Corner",
            "position": "94000",
            "half": "2",
            "confidence": "0.7930487394332886"
        },
        {
            "gameTime": "2 - 17:19",
            "label": "Corner",
            "position": "1039000",
            "half": "2",
            "confidence": "0.7506279349327087"
        },
        {
            "gameTime": "2 - 4:35",
            "label": "Corner",
            "position": "275000",
            "half": "2",
            "confidence": "0.7288563251495361"
        },
        {
            "gameTime": "2 - 16:23",
            "label": "Corner",
            "position": "983500",
            "half": "2",
            "confidence": "0.6491045951843262"
        },
        {
            "gameTime": "2 - 20:1",
            "label": "Corner",
            "position": "1201500",
            "half": "2",
            "confidence": "0.6149284243583679"
        },
        {
            "gameTime": "2 - 47:43",
            "label": "Corner",
            "position": "2863000",
            "half": "2",
            "confidence": "0.5907813906669617"
        },
        {
            "gameTime": "2 - 5:14",
            "label": "Corner",
            "position": "314000",
            "half": "2",
            "confidence": "0.5431300401687622"
        },
        {
            "gameTime": "2 - 39:38",
            "label": "Corner",
            "position": "2378500",
            "half": "2",
            "confidence": "0.5386204123497009"
        },
        {
            "gameTime": "2 - 2:12",
            "label": "Corner",
            "position": "132000",
            "half": "2",
            "confidence": "0.5273382663726807"
        }
    ]
}