{
    "UrlLocal": "england_epl/2016-2017/2017-04-02 - 18-00 Arsenal 2 - 2 Manchester City",
    "predictions": [
        {
            "gameTime": "1 - 11:44",
            "label": "card",
            "position": "704500",
            "half": "1",
            "confidence": "0.701444149017334"
        },
        {
            "gameTime": "1 - 11:54",
            "label": "card",
            "position": "714500",
            "half": "1",
            "confidence": "0.5927515625953674"
        },
        {
            "gameTime": "1 - 41:28",
            "label": "soccer",
            "position": "2488500",
            "half": "1",
            "confidence": "0.8254697918891907"
        },
        {
            "gameTime": "1 - 4:30",
            "label": "soccer",
            "position": "270500",
            "half": "1",
            "confidence": "0.8098215460777283"
        },
        {
            "gameTime": "1 - 39:10",
            "label": "soccer",
            "position": "2350500",
            "half": "1",
            "confidence": "0.7925697565078735"
        },
        {
            "gameTime": "2 - 31:1",
            "label": "subs",
            "position": "1861000",
            "half": "2",
            "confidence": "0.9551299214363098"
        },
        {
            "gameTime": "2 - 22:18",
            "label": "subs",
            "position": "1338500",
            "half": "2",
            "confidence": "0.9217904210090637"
        },
        {
            "gameTime": "2 - 30:48",
            "label": "subs",
            "position": "1848500",
            "half": "2",
            "confidence": "0.918211817741394"
        },
        {
            "gameTime": "2 - 43:16",
            "label": "subs",
            "position": "2596500",
            "half": "2",
            "confidence": "0.8504758477210999"
        },
        {
            "gameTime": "2 - 22:8",
            "label": "subs",
            "position": "1328000",
            "half": "2",
            "confidence": "0.7812759876251221"
        },
        {
            "gameTime": "2 - 22:28",
            "label": "subs",
            "position": "1348500",
            "half": "2",
            "confidence": "0.7237800359725952"
        },
        {
            "gameTime": "2 - 19:41",
            "label": "soccer",
            "position": "1181500",
            "half": "2",
            "confidence": "0.5224435925483704"
        },
        {
            "gameTime": "2 - 8:1",
            "label": "soccer",
            "position": "481000",
            "half": "2",
            "confidence": "0.5120997428894043"
        }
    ]
}