{
    "UrlLocal": "europe_uefa-champions-league/2016-2017/2016-12-06 - 18-00 Basel 1 - 4 Arsenal",
    "predictions": [
        {
            "gameTime": "1 - 0:0",
            "label": "Kick-off",
            "position": "0",
            "half": "1",
            "confidence": "0.9574276804924011"
        },
        {
            "gameTime": "1 - 8:36",
            "label": "Kick-off",
            "position": "516000",
            "half": "1",
            "confidence": "0.8514170050621033"
        },
        {
            "gameTime": "1 - 31:5",
            "label": "Kick-off",
            "position": "1865000",
            "half": "1",
            "confidence": "0.7678388953208923"
        },
        {
            "gameTime": "1 - 0:10",
            "label": "Kick-off",
            "position": "10000",
            "half": "1",
            "confidence": "0.6838337779045105"
        },
        {
            "gameTime": "1 - 13:10",
            "label": "Kick-off",
            "position": "790500",
            "half": "1",
            "confidence": "0.5420909523963928"
        },
        {
            "gameTime": "1 - 8:46",
            "label": "Kick-off",
            "position": "526500",
            "half": "1",
            "confidence": "0.5080145597457886"
        },
        {
            "gameTime": "1 - 7:47",
            "label": "Goal",
            "position": "467500",
            "half": "1",
            "confidence": "0.8222392201423645"
        },
        {
            "gameTime": "1 - 45:32",
            "label": "Substitution",
            "position": "2732000",
            "half": "1",
            "confidence": "0.7709789276123047"
        },
        {
            "gameTime": "1 - 24:21",
            "label": "Offside",
            "position": "1461000",
            "half": "1",
            "confidence": "0.5572465062141418"
        },
        {
            "gameTime": "1 - 4:27",
            "label": "Shots on target",
            "position": "267000",
            "half": "1",
            "confidence": "0.5671382546424866"
        },
        {
            "gameTime": "1 - 42:52",
            "label": "Shots off target",
            "position": "2572000",
            "half": "1",
            "confidence": "0.6473705172538757"
        },
        {
            "gameTime": "1 - 18:21",
            "label": "Clearance",
            "position": "1101500",
            "half": "1",
            "confidence": "0.8576728105545044"
        },
        {
            "gameTime": "1 - 33:55",
            "label": "Clearance",
            "position": "2035000",
            "half": "1",
            "confidence": "0.8085440993309021"
        },
        {
            "gameTime": "1 - 26:33",
            "label": "Clearance",
            "position": "1593500",
            "half": "1",
            "confidence": "0.7004005312919617"
        },
        {
            "gameTime": "1 - 43:25",
            "label": "Clearance",
            "position": "2605500",
            "half": "1",
            "confidence": "0.6943563222885132"
        },
        {
            "gameTime": "1 - 34:5",
            "label": "Clearance",
            "position": "2045000",
            "half": "1",
            "confidence": "0.5738430619239807"
        },
        {
            "gameTime": "1 - 34:40",
            "label": "Clearance",
            "position": "2080500",
            "half": "1",
            "confidence": "0.5682805180549622"
        },
        {
            "gameTime": "1 - 40:14",
            "label": "Clearance",
            "position": "2414000",
            "half": "1",
            "confidence": "0.5588688254356384"
        },
        {
            "gameTime": "1 - 20:39",
            "label": "Clearance",
            "position": "1239000",
            "half": "1",
            "confidence": "0.519676923751831"
        },
        {
            "gameTime": "1 - 19:30",
            "label": "Ball out of play",
            "position": "1170000",
            "half": "1",
            "confidence": "0.9580838084220886"
        },
        {
            "gameTime": "1 - 30:31",
            "label": "Ball out of play",
            "position": "1831000",
            "half": "1",
            "confidence": "0.9520237445831299"
        },
        {
            "gameTime": "1 - 24:55",
            "label": "Ball out of play",
            "position": "1495000",
            "half": "1",
            "confidence": "0.9259312152862549"
        },
        {
            "gameTime": "1 - 38:58",
            "label": "Ball out of play",
            "position": "2338000",
            "half": "1",
            "confidence": "0.9085341095924377"
        },
        {
            "gameTime": "1 - 19:40",
            "label": "Ball out of play",
            "position": "1180000",
            "half": "1",
            "confidence": "0.9065831303596497"
        },
        {
            "gameTime": "1 - 24:44",
            "label": "Ball out of play",
            "position": "1484000",
            "half": "1",
            "confidence": "0.8860875964164734"
        },
        {
            "gameTime": "1 - 33:32",
            "label": "Ball out of play",
            "position": "2012000",
            "half": "1",
            "confidence": "0.882062554359436"
        },
        {
            "gameTime": "1 - 32:29",
            "label": "Ball out of play",
            "position": "1949500",
            "half": "1",
            "confidence": "0.8735162615776062"
        },
        {
            "gameTime": "1 - 42:46",
            "label": "Ball out of play",
            "position": "2566500",
            "half": "1",
            "confidence": "0.8725975751876831"
        },
        {
            "gameTime": "1 - 30:41",
            "label": "Ball out of play",
            "position": "1841000",
            "half": "1",
            "confidence": "0.8711376786231995"
        },
        {
            "gameTime": "1 - 39:8",
            "label": "Ball out of play",
            "position": "2348500",
            "half": "1",
            "confidence": "0.8624669313430786"
        },
        {
            "gameTime": "1 - 21:17",
            "label": "Ball out of play",
            "position": "1277500",
            "half": "1",
            "confidence": "0.8466484546661377"
        },
        {
            "gameTime": "1 - 26:44",
            "label": "Ball out of play",
            "position": "1604000",
            "half": "1",
            "confidence": "0.8464582562446594"
        },
        {
            "gameTime": "1 - 2:7",
            "label": "Ball out of play",
            "position": "127500",
            "half": "1",
            "confidence": "0.8438408374786377"
        },
        {
            "gameTime": "1 - 17:4",
            "label": "Ball out of play",
            "position": "1024500",
            "half": "1",
            "confidence": "0.8437800407409668"
        },
        {
            "gameTime": "1 - 37:25",
            "label": "Ball out of play",
            "position": "2245500",
            "half": "1",
            "confidence": "0.8305861949920654"
        },
        {
            "gameTime": "1 - 5:45",
            "label": "Ball out of play",
            "position": "345500",
            "half": "1",
            "confidence": "0.8226568698883057"
        },
        {
            "gameTime": "1 - 42:58",
            "label": "Ball out of play",
            "position": "2578000",
            "half": "1",
            "confidence": "0.8155677914619446"
        },
        {
            "gameTime": "1 - 26:11",
            "label": "Ball out of play",
            "position": "1571000",
            "half": "1",
            "confidence": "0.7818353772163391"
        },
        {
            "gameTime": "1 - 32:19",
            "label": "Ball out of play",
            "position": "1939000",
            "half": "1",
            "confidence": "0.7678659558296204"
        },
        {
            "gameTime": "1 - 4:20",
            "label": "Ball out of play",
            "position": "260500",
            "half": "1",
            "confidence": "0.7521489858627319"
        },
        {
            "gameTime": "1 - 21:27",
            "label": "Ball out of play",
            "position": "1287500",
            "half": "1",
            "confidence": "0.740598738193512"
        },
        {
            "gameTime": "1 - 4:30",
            "label": "Ball out of play",
            "position": "270500",
            "half": "1",
            "confidence": "0.738721489906311"
        },
        {
            "gameTime": "1 - 36:57",
            "label": "Ball out of play",
            "position": "2217500",
            "half": "1",
            "confidence": "0.7359496355056763"
        },
        {
            "gameTime": "1 - 11:6",
            "label": "Ball out of play",
            "position": "666000",
            "half": "1",
            "confidence": "0.7158747911453247"
        },
        {
            "gameTime": "1 - 39:30",
            "label": "Ball out of play",
            "position": "2370000",
            "half": "1",
            "confidence": "0.700689435005188"
        },
        {
            "gameTime": "1 - 18:6",
            "label": "Ball out of play",
            "position": "1086500",
            "half": "1",
            "confidence": "0.6901503205299377"
        },
        {
            "gameTime": "1 - 7:36",
            "label": "Ball out of play",
            "position": "456500",
            "half": "1",
            "confidence": "0.6849541068077087"
        },
        {
            "gameTime": "1 - 5:33",
            "label": "Ball out of play",
            "position": "333500",
            "half": "1",
            "confidence": "0.6637542843818665"
        },
        {
            "gameTime": "1 - 10:26",
            "label": "Ball out of play",
            "position": "626000",
            "half": "1",
            "confidence": "0.6425740122795105"
        },
        {
            "gameTime": "1 - 28:39",
            "label": "Ball out of play",
            "position": "1719500",
            "half": "1",
            "confidence": "0.6407641768455505"
        },
        {
            "gameTime": "1 - 9:55",
            "label": "Ball out of play",
            "position": "595500",
            "half": "1",
            "confidence": "0.6329634785652161"
        },
        {
            "gameTime": "1 - 34:20",
            "label": "Ball out of play",
            "position": "2060000",
            "half": "1",
            "confidence": "0.6288850903511047"
        },
        {
            "gameTime": "1 - 1:29",
            "label": "Ball out of play",
            "position": "89500",
            "half": "1",
            "confidence": "0.6004400849342346"
        },
        {
            "gameTime": "1 - 1:52",
            "label": "Ball out of play",
            "position": "112500",
            "half": "1",
            "confidence": "0.6001887917518616"
        },
        {
            "gameTime": "1 - 17:14",
            "label": "Ball out of play",
            "position": "1034500",
            "half": "1",
            "confidence": "0.5699784755706787"
        },
        {
            "gameTime": "1 - 13:37",
            "label": "Ball out of play",
            "position": "817500",
            "half": "1",
            "confidence": "0.566709041595459"
        },
        {
            "gameTime": "1 - 41:39",
            "label": "Ball out of play",
            "position": "2499500",
            "half": "1",
            "confidence": "0.5569057464599609"
        },
        {
            "gameTime": "1 - 26:33",
            "label": "Ball out of play",
            "position": "1593500",
            "half": "1",
            "confidence": "0.55503249168396"
        },
        {
            "gameTime": "1 - 4:48",
            "label": "Ball out of play",
            "position": "288000",
            "half": "1",
            "confidence": "0.554215133190155"
        },
        {
            "gameTime": "1 - 22:44",
            "label": "Ball out of play",
            "position": "1364000",
            "half": "1",
            "confidence": "0.5454440116882324"
        },
        {
            "gameTime": "1 - 18:32",
            "label": "Ball out of play",
            "position": "1112000",
            "half": "1",
            "confidence": "0.5445829033851624"
        },
        {
            "gameTime": "1 - 26:54",
            "label": "Ball out of play",
            "position": "1614000",
            "half": "1",
            "confidence": "0.5430728197097778"
        },
        {
            "gameTime": "1 - 29:1",
            "label": "Ball out of play",
            "position": "1741500",
            "half": "1",
            "confidence": "0.5153155326843262"
        },
        {
            "gameTime": "1 - 32:8",
            "label": "Ball out of play",
            "position": "1928500",
            "half": "1",
            "confidence": "0.5113428831100464"
        },
        {
            "gameTime": "1 - 42:31",
            "label": "Ball out of play",
            "position": "2551000",
            "half": "1",
            "confidence": "0.5028133988380432"
        },
        {
            "gameTime": "1 - 28:50",
            "label": "Ball out of play",
            "position": "1730500",
            "half": "1",
            "confidence": "0.5027868151664734"
        },
        {
            "gameTime": "1 - 1:29",
            "label": "Throw-in",
            "position": "89000",
            "half": "1",
            "confidence": "0.9586330056190491"
        },
        {
            "gameTime": "1 - 38:55",
            "label": "Throw-in",
            "position": "2335500",
            "half": "1",
            "confidence": "0.9524278044700623"
        },
        {
            "gameTime": "1 - 26:53",
            "label": "Throw-in",
            "position": "1613500",
            "half": "1",
            "confidence": "0.9322069883346558"
        },
        {
            "gameTime": "1 - 24:55",
            "label": "Throw-in",
            "position": "1495500",
            "half": "1",
            "confidence": "0.9097622036933899"
        },
        {
            "gameTime": "1 - 17:7",
            "label": "Throw-in",
            "position": "1027500",
            "half": "1",
            "confidence": "0.9074894189834595"
        },
        {
            "gameTime": "1 - 1:17",
            "label": "Throw-in",
            "position": "77000",
            "half": "1",
            "confidence": "0.8863140344619751"
        },
        {
            "gameTime": "1 - 37:27",
            "label": "Throw-in",
            "position": "2247000",
            "half": "1",
            "confidence": "0.8804678320884705"
        },
        {
            "gameTime": "1 - 28:50",
            "label": "Throw-in",
            "position": "1730500",
            "half": "1",
            "confidence": "0.8425983786582947"
        },
        {
            "gameTime": "1 - 9:52",
            "label": "Throw-in",
            "position": "592000",
            "half": "1",
            "confidence": "0.8284443020820618"
        },
        {
            "gameTime": "1 - 27:3",
            "label": "Throw-in",
            "position": "1623500",
            "half": "1",
            "confidence": "0.8044003844261169"
        },
        {
            "gameTime": "1 - 10:3",
            "label": "Throw-in",
            "position": "603500",
            "half": "1",
            "confidence": "0.7919686436653137"
        },
        {
            "gameTime": "1 - 19:31",
            "label": "Throw-in",
            "position": "1171500",
            "half": "1",
            "confidence": "0.7664071917533875"
        },
        {
            "gameTime": "1 - 29:2",
            "label": "Throw-in",
            "position": "1742000",
            "half": "1",
            "confidence": "0.7582526803016663"
        },
        {
            "gameTime": "1 - 18:48",
            "label": "Throw-in",
            "position": "1128500",
            "half": "1",
            "confidence": "0.7516744136810303"
        },
        {
            "gameTime": "1 - 34:19",
            "label": "Throw-in",
            "position": "2059000",
            "half": "1",
            "confidence": "0.7461346983909607"
        },
        {
            "gameTime": "1 - 13:37",
            "label": "Throw-in",
            "position": "817500",
            "half": "1",
            "confidence": "0.725843608379364"
        },
        {
            "gameTime": "1 - 30:51",
            "label": "Throw-in",
            "position": "1851500",
            "half": "1",
            "confidence": "0.700456976890564"
        },
        {
            "gameTime": "1 - 28:39",
            "label": "Throw-in",
            "position": "1719500",
            "half": "1",
            "confidence": "0.7004180550575256"
        },
        {
            "gameTime": "1 - 18:38",
            "label": "Throw-in",
            "position": "1118000",
            "half": "1",
            "confidence": "0.6855782866477966"
        },
        {
            "gameTime": "1 - 5:40",
            "label": "Throw-in",
            "position": "340500",
            "half": "1",
            "confidence": "0.6705887317657471"
        },
        {
            "gameTime": "1 - 19:44",
            "label": "Throw-in",
            "position": "1184500",
            "half": "1",
            "confidence": "0.6440101861953735"
        },
        {
            "gameTime": "1 - 22:40",
            "label": "Throw-in",
            "position": "1360500",
            "half": "1",
            "confidence": "0.6311944127082825"
        },
        {
            "gameTime": "1 - 21:25",
            "label": "Throw-in",
            "position": "1285000",
            "half": "1",
            "confidence": "0.6106856465339661"
        },
        {
            "gameTime": "1 - 24:44",
            "label": "Throw-in",
            "position": "1484500",
            "half": "1",
            "confidence": "0.600456178188324"
        },
        {
            "gameTime": "1 - 41:40",
            "label": "Throw-in",
            "position": "2500000",
            "half": "1",
            "confidence": "0.5816401243209839"
        },
        {
            "gameTime": "1 - 42:31",
            "label": "Throw-in",
            "position": "2551000",
            "half": "1",
            "confidence": "0.5549781918525696"
        },
        {
            "gameTime": "1 - 34:31",
            "label": "Throw-in",
            "position": "2071500",
            "half": "1",
            "confidence": "0.5494798421859741"
        },
        {
            "gameTime": "1 - 37:16",
            "label": "Throw-in",
            "position": "2236500",
            "half": "1",
            "confidence": "0.5453154444694519"
        },
        {
            "gameTime": "1 - 41:21",
            "label": "Throw-in",
            "position": "2481500",
            "half": "1",
            "confidence": "0.5159769058227539"
        },
        {
            "gameTime": "1 - 37:37",
            "label": "Throw-in",
            "position": "2257000",
            "half": "1",
            "confidence": "0.507647693157196"
        },
        {
            "gameTime": "1 - 1:39",
            "label": "Throw-in",
            "position": "99000",
            "half": "1",
            "confidence": "0.5039965510368347"
        },
        {
            "gameTime": "1 - 29:46",
            "label": "Foul",
            "position": "1786500",
            "half": "1",
            "confidence": "0.7631953358650208"
        },
        {
            "gameTime": "1 - 29:34",
            "label": "Foul",
            "position": "1774000",
            "half": "1",
            "confidence": "0.7593144178390503"
        },
        {
            "gameTime": "1 - 34:22",
            "label": "Foul",
            "position": "2062000",
            "half": "1",
            "confidence": "0.6859259605407715"
        },
        {
            "gameTime": "1 - 35:11",
            "label": "Foul",
            "position": "2111500",
            "half": "1",
            "confidence": "0.6835021376609802"
        },
        {
            "gameTime": "1 - 38:21",
            "label": "Foul",
            "position": "2301000",
            "half": "1",
            "confidence": "0.6816038489341736"
        },
        {
            "gameTime": "1 - 38:31",
            "label": "Foul",
            "position": "2311000",
            "half": "1",
            "confidence": "0.6202329993247986"
        },
        {
            "gameTime": "1 - 22:46",
            "label": "Foul",
            "position": "1366000",
            "half": "1",
            "confidence": "0.6177887916564941"
        },
        {
            "gameTime": "1 - 40:21",
            "label": "Foul",
            "position": "2421000",
            "half": "1",
            "confidence": "0.5313591957092285"
        },
        {
            "gameTime": "1 - 37:34",
            "label": "Foul",
            "position": "2254000",
            "half": "1",
            "confidence": "0.5049548149108887"
        },
        {
            "gameTime": "1 - 13:26",
            "label": "Indirect free-kick",
            "position": "806000",
            "half": "1",
            "confidence": "0.7840766310691833"
        },
        {
            "gameTime": "1 - 2:22",
            "label": "Indirect free-kick",
            "position": "142500",
            "half": "1",
            "confidence": "0.513756513595581"
        },
        {
            "gameTime": "1 - 4:47",
            "label": "Corner",
            "position": "287500",
            "half": "1",
            "confidence": "0.9944726824760437"
        },
        {
            "gameTime": "1 - 35:8",
            "label": "Yellow card",
            "position": "2108500",
            "half": "1",
            "confidence": "0.6047433018684387"
        },
        {
            "gameTime": "2 - 0:4",
            "label": "Kick-off",
            "position": "4500",
            "half": "2",
            "confidence": "0.9890615940093994"
        },
        {
            "gameTime": "2 - 33:5",
            "label": "Kick-off",
            "position": "1985500",
            "half": "2",
            "confidence": "0.7171697020530701"
        },
        {
            "gameTime": "2 - 8:3",
            "label": "Goal",
            "position": "483500",
            "half": "2",
            "confidence": "0.6267495155334473"
        },
        {
            "gameTime": "2 - 16:17",
            "label": "Goal",
            "position": "977000",
            "half": "2",
            "confidence": "0.5826532244682312"
        },
        {
            "gameTime": "2 - 49:4",
            "label": "Substitution",
            "position": "2944000",
            "half": "2",
            "confidence": "0.9382336139678955"
        },
        {
            "gameTime": "2 - 28:30",
            "label": "Substitution",
            "position": "1710000",
            "half": "2",
            "confidence": "0.9375585317611694"
        },
        {
            "gameTime": "2 - 14:0",
            "label": "Substitution",
            "position": "840500",
            "half": "2",
            "confidence": "0.9328065514564514"
        },
        {
            "gameTime": "2 - 28:18",
            "label": "Substitution",
            "position": "1698000",
            "half": "2",
            "confidence": "0.9217384457588196"
        },
        {
            "gameTime": "2 - 23:58",
            "label": "Substitution",
            "position": "1438500",
            "half": "2",
            "confidence": "0.910687267780304"
        },
        {
            "gameTime": "2 - 9:6",
            "label": "Substitution",
            "position": "546000",
            "half": "2",
            "confidence": "0.9082340002059937"
        },
        {
            "gameTime": "2 - 47:52",
            "label": "Substitution",
            "position": "2872500",
            "half": "2",
            "confidence": "0.8349353671073914"
        },
        {
            "gameTime": "2 - 8:55",
            "label": "Substitution",
            "position": "535500",
            "half": "2",
            "confidence": "0.770000696182251"
        },
        {
            "gameTime": "2 - 48:2",
            "label": "Substitution",
            "position": "2882500",
            "half": "2",
            "confidence": "0.750436007976532"
        },
        {
            "gameTime": "2 - 13:50",
            "label": "Substitution",
            "position": "830000",
            "half": "2",
            "confidence": "0.6879843473434448"
        },
        {
            "gameTime": "2 - 49:16",
            "label": "Substitution",
            "position": "2956000",
            "half": "2",
            "confidence": "0.6206458210945129"
        },
        {
            "gameTime": "2 - 16:15",
            "label": "Shots on target",
            "position": "975500",
            "half": "2",
            "confidence": "0.8731111884117126"
        },
        {
            "gameTime": "2 - 5:12",
            "label": "Shots on target",
            "position": "312500",
            "half": "2",
            "confidence": "0.5523601770401001"
        },
        {
            "gameTime": "2 - 16:18",
            "label": "Shots off target",
            "position": "978500",
            "half": "2",
            "confidence": "0.7867178320884705"
        },
        {
            "gameTime": "2 - 16:30",
            "label": "Shots off target",
            "position": "990000",
            "half": "2",
            "confidence": "0.6242066025733948"
        },
        {
            "gameTime": "2 - 39:41",
            "label": "Shots off target",
            "position": "2381000",
            "half": "2",
            "confidence": "0.5582106709480286"
        },
        {
            "gameTime": "2 - 7:41",
            "label": "Clearance",
            "position": "461500",
            "half": "2",
            "confidence": "0.6642013788223267"
        },
        {
            "gameTime": "2 - 17:42",
            "label": "Ball out of play",
            "position": "1062000",
            "half": "2",
            "confidence": "0.961840808391571"
        },
        {
            "gameTime": "2 - 18:17",
            "label": "Ball out of play",
            "position": "1097000",
            "half": "2",
            "confidence": "0.9494131207466125"
        },
        {
            "gameTime": "2 - 39:48",
            "label": "Ball out of play",
            "position": "2388000",
            "half": "2",
            "confidence": "0.9407367706298828"
        },
        {
            "gameTime": "2 - 13:34",
            "label": "Ball out of play",
            "position": "814500",
            "half": "2",
            "confidence": "0.929969310760498"
        },
        {
            "gameTime": "2 - 9:22",
            "label": "Ball out of play",
            "position": "562500",
            "half": "2",
            "confidence": "0.9150524735450745"
        },
        {
            "gameTime": "2 - 16:18",
            "label": "Ball out of play",
            "position": "978500",
            "half": "2",
            "confidence": "0.9096724390983582"
        },
        {
            "gameTime": "2 - 34:44",
            "label": "Ball out of play",
            "position": "2084000",
            "half": "2",
            "confidence": "0.8941132426261902"
        },
        {
            "gameTime": "2 - 39:37",
            "label": "Ball out of play",
            "position": "2377500",
            "half": "2",
            "confidence": "0.8867589831352234"
        },
        {
            "gameTime": "2 - 5:44",
            "label": "Ball out of play",
            "position": "344500",
            "half": "2",
            "confidence": "0.8389511704444885"
        },
        {
            "gameTime": "2 - 5:15",
            "label": "Ball out of play",
            "position": "315500",
            "half": "2",
            "confidence": "0.8310822248458862"
        },
        {
            "gameTime": "2 - 1:34",
            "label": "Ball out of play",
            "position": "94000",
            "half": "2",
            "confidence": "0.8261906504631042"
        },
        {
            "gameTime": "2 - 16:28",
            "label": "Ball out of play",
            "position": "988500",
            "half": "2",
            "confidence": "0.8058948516845703"
        },
        {
            "gameTime": "2 - 4:39",
            "label": "Ball out of play",
            "position": "279500",
            "half": "2",
            "confidence": "0.8052299618721008"
        },
        {
            "gameTime": "2 - 14:41",
            "label": "Ball out of play",
            "position": "881500",
            "half": "2",
            "confidence": "0.7804104089736938"
        },
        {
            "gameTime": "2 - 46:51",
            "label": "Ball out of play",
            "position": "2811500",
            "half": "2",
            "confidence": "0.7783493995666504"
        },
        {
            "gameTime": "2 - 37:39",
            "label": "Ball out of play",
            "position": "2259500",
            "half": "2",
            "confidence": "0.7774423956871033"
        },
        {
            "gameTime": "2 - 1:44",
            "label": "Ball out of play",
            "position": "104000",
            "half": "2",
            "confidence": "0.7579346895217896"
        },
        {
            "gameTime": "2 - 36:26",
            "label": "Ball out of play",
            "position": "2186500",
            "half": "2",
            "confidence": "0.7475656270980835"
        },
        {
            "gameTime": "2 - 18:1",
            "label": "Ball out of play",
            "position": "1081500",
            "half": "2",
            "confidence": "0.7458981275558472"
        },
        {
            "gameTime": "2 - 9:33",
            "label": "Ball out of play",
            "position": "573000",
            "half": "2",
            "confidence": "0.7449411153793335"
        },
        {
            "gameTime": "2 - 4:29",
            "label": "Ball out of play",
            "position": "269000",
            "half": "2",
            "confidence": "0.7428980469703674"
        },
        {
            "gameTime": "2 - 13:1",
            "label": "Ball out of play",
            "position": "781500",
            "half": "2",
            "confidence": "0.7406145930290222"
        },
        {
            "gameTime": "2 - 36:10",
            "label": "Ball out of play",
            "position": "2170500",
            "half": "2",
            "confidence": "0.7299694418907166"
        },
        {
            "gameTime": "2 - 5:4",
            "label": "Ball out of play",
            "position": "304000",
            "half": "2",
            "confidence": "0.729020357131958"
        },
        {
            "gameTime": "2 - 37:28",
            "label": "Ball out of play",
            "position": "2248000",
            "half": "2",
            "confidence": "0.721895158290863"
        },
        {
            "gameTime": "2 - 29:37",
            "label": "Ball out of play",
            "position": "1777500",
            "half": "2",
            "confidence": "0.718885600566864"
        },
        {
            "gameTime": "2 - 18:31",
            "label": "Ball out of play",
            "position": "1111500",
            "half": "2",
            "confidence": "0.6951887607574463"
        },
        {
            "gameTime": "2 - 5:28",
            "label": "Ball out of play",
            "position": "328500",
            "half": "2",
            "confidence": "0.679092526435852"
        },
        {
            "gameTime": "2 - 30:37",
            "label": "Ball out of play",
            "position": "1837000",
            "half": "2",
            "confidence": "0.664714515209198"
        },
        {
            "gameTime": "2 - 45:17",
            "label": "Ball out of play",
            "position": "2717000",
            "half": "2",
            "confidence": "0.6581941246986389"
        },
        {
            "gameTime": "2 - 32:15",
            "label": "Ball out of play",
            "position": "1935500",
            "half": "2",
            "confidence": "0.6550734043121338"
        },
        {
            "gameTime": "2 - 10:2",
            "label": "Ball out of play",
            "position": "602000",
            "half": "2",
            "confidence": "0.6529378294944763"
        },
        {
            "gameTime": "2 - 27:38",
            "label": "Ball out of play",
            "position": "1658000",
            "half": "2",
            "confidence": "0.6515771150588989"
        },
        {
            "gameTime": "2 - 7:53",
            "label": "Ball out of play",
            "position": "473000",
            "half": "2",
            "confidence": "0.6512664556503296"
        },
        {
            "gameTime": "2 - 13:23",
            "label": "Ball out of play",
            "position": "803500",
            "half": "2",
            "confidence": "0.6417904496192932"
        },
        {
            "gameTime": "2 - 12:42",
            "label": "Ball out of play",
            "position": "762500",
            "half": "2",
            "confidence": "0.6359545588493347"
        },
        {
            "gameTime": "2 - 6:40",
            "label": "Ball out of play",
            "position": "400500",
            "half": "2",
            "confidence": "0.6273002028465271"
        },
        {
            "gameTime": "2 - 47:3",
            "label": "Ball out of play",
            "position": "2823000",
            "half": "2",
            "confidence": "0.6266408562660217"
        },
        {
            "gameTime": "2 - 23:43",
            "label": "Ball out of play",
            "position": "1423000",
            "half": "2",
            "confidence": "0.595326840877533"
        },
        {
            "gameTime": "2 - 12:31",
            "label": "Ball out of play",
            "position": "751500",
            "half": "2",
            "confidence": "0.588523805141449"
        },
        {
            "gameTime": "2 - 40:14",
            "label": "Ball out of play",
            "position": "2414500",
            "half": "2",
            "confidence": "0.5854119062423706"
        },
        {
            "gameTime": "2 - 38:2",
            "label": "Ball out of play",
            "position": "2282000",
            "half": "2",
            "confidence": "0.5754182934761047"
        },
        {
            "gameTime": "2 - 40:3",
            "label": "Ball out of play",
            "position": "2403000",
            "half": "2",
            "confidence": "0.5725134611129761"
        },
        {
            "gameTime": "2 - 14:31",
            "label": "Ball out of play",
            "position": "871000",
            "half": "2",
            "confidence": "0.5712764263153076"
        },
        {
            "gameTime": "2 - 46:38",
            "label": "Ball out of play",
            "position": "2798000",
            "half": "2",
            "confidence": "0.5591602921485901"
        },
        {
            "gameTime": "2 - 46:13",
            "label": "Ball out of play",
            "position": "2773000",
            "half": "2",
            "confidence": "0.5553390383720398"
        },
        {
            "gameTime": "2 - 23:32",
            "label": "Ball out of play",
            "position": "1412500",
            "half": "2",
            "confidence": "0.5552526116371155"
        },
        {
            "gameTime": "2 - 30:49",
            "label": "Ball out of play",
            "position": "1849000",
            "half": "2",
            "confidence": "0.5460867881774902"
        },
        {
            "gameTime": "2 - 36:0",
            "label": "Ball out of play",
            "position": "2160000",
            "half": "2",
            "confidence": "0.5404160618782043"
        },
        {
            "gameTime": "2 - 4:5",
            "label": "Ball out of play",
            "position": "245000",
            "half": "2",
            "confidence": "0.5308440327644348"
        },
        {
            "gameTime": "2 - 32:25",
            "label": "Ball out of play",
            "position": "1945500",
            "half": "2",
            "confidence": "0.5294461846351624"
        },
        {
            "gameTime": "2 - 7:29",
            "label": "Ball out of play",
            "position": "449500",
            "half": "2",
            "confidence": "0.5262563228607178"
        },
        {
            "gameTime": "2 - 18:49",
            "label": "Ball out of play",
            "position": "1129500",
            "half": "2",
            "confidence": "0.5043879747390747"
        },
        {
            "gameTime": "2 - 21:18",
            "label": "Ball out of play",
            "position": "1278500",
            "half": "2",
            "confidence": "0.5031569600105286"
        },
        {
            "gameTime": "2 - 9:50",
            "label": "Ball out of play",
            "position": "590500",
            "half": "2",
            "confidence": "0.5011422038078308"
        },
        {
            "gameTime": "2 - 13:35",
            "label": "Throw-in",
            "position": "815000",
            "half": "2",
            "confidence": "0.9271999597549438"
        },
        {
            "gameTime": "2 - 39:14",
            "label": "Throw-in",
            "position": "2354000",
            "half": "2",
            "confidence": "0.9118092656135559"
        },
        {
            "gameTime": "2 - 14:41",
            "label": "Throw-in",
            "position": "881500",
            "half": "2",
            "confidence": "0.8931062817573547"
        },
        {
            "gameTime": "2 - 10:3",
            "label": "Throw-in",
            "position": "603500",
            "half": "2",
            "confidence": "0.80650395154953"
        },
        {
            "gameTime": "2 - 14:31",
            "label": "Throw-in",
            "position": "871000",
            "half": "2",
            "confidence": "0.8022750616073608"
        },
        {
            "gameTime": "2 - 38:54",
            "label": "Throw-in",
            "position": "2334000",
            "half": "2",
            "confidence": "0.7669856548309326"
        },
        {
            "gameTime": "2 - 4:31",
            "label": "Throw-in",
            "position": "271500",
            "half": "2",
            "confidence": "0.7512646913528442"
        },
        {
            "gameTime": "2 - 49:19",
            "label": "Throw-in",
            "position": "2959500",
            "half": "2",
            "confidence": "0.7284429669380188"
        },
        {
            "gameTime": "2 - 5:44",
            "label": "Throw-in",
            "position": "344500",
            "half": "2",
            "confidence": "0.6861229538917542"
        },
        {
            "gameTime": "2 - 9:53",
            "label": "Throw-in",
            "position": "593000",
            "half": "2",
            "confidence": "0.6613309383392334"
        },
        {
            "gameTime": "2 - 28:33",
            "label": "Throw-in",
            "position": "1713000",
            "half": "2",
            "confidence": "0.617378830909729"
        },
        {
            "gameTime": "2 - 6:37",
            "label": "Throw-in",
            "position": "397000",
            "half": "2",
            "confidence": "0.5964078903198242"
        },
        {
            "gameTime": "2 - 23:44",
            "label": "Throw-in",
            "position": "1424000",
            "half": "2",
            "confidence": "0.583600640296936"
        },
        {
            "gameTime": "2 - 32:18",
            "label": "Throw-in",
            "position": "1938500",
            "half": "2",
            "confidence": "0.5487973690032959"
        },
        {
            "gameTime": "2 - 44:30",
            "label": "Foul",
            "position": "2670000",
            "half": "2",
            "confidence": "0.7930054068565369"
        },
        {
            "gameTime": "2 - 15:46",
            "label": "Foul",
            "position": "946500",
            "half": "2",
            "confidence": "0.7416002154350281"
        },
        {
            "gameTime": "2 - 15:34",
            "label": "Foul",
            "position": "934500",
            "half": "2",
            "confidence": "0.702228844165802"
        },
        {
            "gameTime": "2 - 44:40",
            "label": "Foul",
            "position": "2680500",
            "half": "2",
            "confidence": "0.7004184722900391"
        },
        {
            "gameTime": "2 - 38:44",
            "label": "Foul",
            "position": "2324500",
            "half": "2",
            "confidence": "0.6207609176635742"
        },
        {
            "gameTime": "2 - 11:55",
            "label": "Foul",
            "position": "715500",
            "half": "2",
            "confidence": "0.6101100444793701"
        },
        {
            "gameTime": "2 - 15:38",
            "label": "Indirect free-kick",
            "position": "938500",
            "half": "2",
            "confidence": "0.7512538433074951"
        },
        {
            "gameTime": "2 - 21:2",
            "label": "Direct free-kick",
            "position": "1262000",
            "half": "2",
            "confidence": "0.8922905325889587"
        },
        {
            "gameTime": "2 - 16:8",
            "label": "Direct free-kick",
            "position": "968000",
            "half": "2",
            "confidence": "0.6858912110328674"
        },
        {
            "gameTime": "2 - 16:18",
            "label": "Direct free-kick",
            "position": "978000",
            "half": "2",
            "confidence": "0.6763138771057129"
        },
        {
            "gameTime": "2 - 18:3",
            "label": "Corner",
            "position": "1083000",
            "half": "2",
            "confidence": "0.9984310269355774"
        },
        {
            "gameTime": "2 - 38:0",
            "label": "Corner",
            "position": "2280000",
            "half": "2",
            "confidence": "0.9926804900169373"
        },
        {
            "gameTime": "2 - 18:46",
            "label": "Corner",
            "position": "1126000",
            "half": "2",
            "confidence": "0.9826440215110779"
        },
        {
            "gameTime": "2 - 18:35",
            "label": "Corner",
            "position": "1115500",
            "half": "2",
            "confidence": "0.9655985236167908"
        },
        {
            "gameTime": "2 - 37:49",
            "label": "Corner",
            "position": "2269500",
            "half": "2",
            "confidence": "0.9599016904830933"
        },
        {
            "gameTime": "2 - 47:8",
            "label": "Corner",
            "position": "2828000",
            "half": "2",
            "confidence": "0.9568625092506409"
        },
        {
            "gameTime": "2 - 18:13",
            "label": "Corner",
            "position": "1093500",
            "half": "2",
            "confidence": "0.9547345638275146"
        },
        {
            "gameTime": "2 - 40:6",
            "label": "Corner",
            "position": "2406000",
            "half": "2",
            "confidence": "0.9436033964157104"
        },
        {
            "gameTime": "2 - 46:57",
            "label": "Corner",
            "position": "2817500",
            "half": "2",
            "confidence": "0.919181227684021"
        },
        {
            "gameTime": "2 - 12:55",
            "label": "Corner",
            "position": "775000",
            "half": "2",
            "confidence": "0.9171097874641418"
        },
        {
            "gameTime": "2 - 36:16",
            "label": "Corner",
            "position": "2176000",
            "half": "2",
            "confidence": "0.7983048558235168"
        },
        {
            "gameTime": "2 - 40:16",
            "label": "Corner",
            "position": "2416000",
            "half": "2",
            "confidence": "0.7586964964866638"
        },
        {
            "gameTime": "2 - 13:5",
            "label": "Corner",
            "position": "785000",
            "half": "2",
            "confidence": "0.6668487787246704"
        },
        {
            "gameTime": "2 - 5:19",
            "label": "Corner",
            "position": "319500",
            "half": "2",
            "confidence": "0.646847665309906"
        },
        {
            "gameTime": "2 - 36:26",
            "label": "Corner",
            "position": "2186000",
            "half": "2",
            "confidence": "0.6250799298286438"
        }
    ]
}