{
    "UrlLocal": "italy_serie-a/2015-2016/2015-09-20 - 16-00 Genoa 0 - 2 Juventus",
    "predictions": [
        {
            "gameTime": "1 - 36:9",
            "label": "Goal",
            "position": "2169500",
            "half": "1",
            "confidence": "0.8922982215881348"
        },
        {
            "gameTime": "1 - 34:59",
            "label": "Shots off target",
            "position": "2099000",
            "half": "1",
            "confidence": "0.5336803197860718"
        },
        {
            "gameTime": "1 - 27:6",
            "label": "Clearance",
            "position": "1626500",
            "half": "1",
            "confidence": "0.9126997590065002"
        },
        {
            "gameTime": "1 - 11:34",
            "label": "Clearance",
            "position": "694500",
            "half": "1",
            "confidence": "0.8307119607925415"
        },
        {
            "gameTime": "1 - 20:58",
            "label": "Clearance",
            "position": "1258500",
            "half": "1",
            "confidence": "0.8212699294090271"
        },
        {
            "gameTime": "1 - 11:44",
            "label": "Clearance",
            "position": "704500",
            "half": "1",
            "confidence": "0.7721455693244934"
        },
        {
            "gameTime": "1 - 37:39",
            "label": "Clearance",
            "position": "2259000",
            "half": "1",
            "confidence": "0.7393113374710083"
        },
        {
            "gameTime": "1 - 14:25",
            "label": "Clearance",
            "position": "865000",
            "half": "1",
            "confidence": "0.7173948884010315"
        },
        {
            "gameTime": "1 - 40:2",
            "label": "Clearance",
            "position": "2402000",
            "half": "1",
            "confidence": "0.6800973415374756"
        },
        {
            "gameTime": "1 - 4:7",
            "label": "Clearance",
            "position": "247000",
            "half": "1",
            "confidence": "0.6793354749679565"
        },
        {
            "gameTime": "1 - 35:9",
            "label": "Clearance",
            "position": "2109000",
            "half": "1",
            "confidence": "0.620887279510498"
        },
        {
            "gameTime": "1 - 15:10",
            "label": "Clearance",
            "position": "910500",
            "half": "1",
            "confidence": "0.6084291338920593"
        },
        {
            "gameTime": "1 - 30:35",
            "label": "Clearance",
            "position": "1835500",
            "half": "1",
            "confidence": "0.5782846212387085"
        },
        {
            "gameTime": "1 - 31:58",
            "label": "Clearance",
            "position": "1918500",
            "half": "1",
            "confidence": "0.5716404318809509"
        },
        {
            "gameTime": "1 - 35:22",
            "label": "Clearance",
            "position": "2122500",
            "half": "1",
            "confidence": "0.5205482244491577"
        },
        {
            "gameTime": "1 - 7:43",
            "label": "Clearance",
            "position": "463000",
            "half": "1",
            "confidence": "0.5155026316642761"
        },
        {
            "gameTime": "1 - 37:9",
            "label": "Clearance",
            "position": "2229000",
            "half": "1",
            "confidence": "0.5097051858901978"
        },
        {
            "gameTime": "1 - 27:20",
            "label": "Clearance",
            "position": "1640000",
            "half": "1",
            "confidence": "0.5087823271751404"
        },
        {
            "gameTime": "1 - 36:3",
            "label": "Ball out of play",
            "position": "2163500",
            "half": "1",
            "confidence": "0.8995650410652161"
        },
        {
            "gameTime": "1 - 10:21",
            "label": "Ball out of play",
            "position": "621000",
            "half": "1",
            "confidence": "0.8983036279678345"
        },
        {
            "gameTime": "1 - 6:37",
            "label": "Ball out of play",
            "position": "397000",
            "half": "1",
            "confidence": "0.860329270362854"
        },
        {
            "gameTime": "1 - 39:20",
            "label": "Ball out of play",
            "position": "2360500",
            "half": "1",
            "confidence": "0.8566341400146484"
        },
        {
            "gameTime": "1 - 8:56",
            "label": "Ball out of play",
            "position": "536000",
            "half": "1",
            "confidence": "0.8321951031684875"
        },
        {
            "gameTime": "1 - 44:24",
            "label": "Ball out of play",
            "position": "2664000",
            "half": "1",
            "confidence": "0.8018568158149719"
        },
        {
            "gameTime": "1 - 11:16",
            "label": "Ball out of play",
            "position": "676000",
            "half": "1",
            "confidence": "0.7929747700691223"
        },
        {
            "gameTime": "1 - 6:47",
            "label": "Ball out of play",
            "position": "407000",
            "half": "1",
            "confidence": "0.7731008529663086"
        },
        {
            "gameTime": "1 - 6:16",
            "label": "Ball out of play",
            "position": "376500",
            "half": "1",
            "confidence": "0.7646018266677856"
        },
        {
            "gameTime": "1 - 40:38",
            "label": "Ball out of play",
            "position": "2438500",
            "half": "1",
            "confidence": "0.7640973925590515"
        },
        {
            "gameTime": "1 - 44:56",
            "label": "Ball out of play",
            "position": "2696000",
            "half": "1",
            "confidence": "0.7536934614181519"
        },
        {
            "gameTime": "1 - 6:0",
            "label": "Ball out of play",
            "position": "360500",
            "half": "1",
            "confidence": "0.7532392144203186"
        },
        {
            "gameTime": "1 - 8:42",
            "label": "Ball out of play",
            "position": "522000",
            "half": "1",
            "confidence": "0.7503001689910889"
        },
        {
            "gameTime": "1 - 8:5",
            "label": "Ball out of play",
            "position": "485500",
            "half": "1",
            "confidence": "0.7469470500946045"
        },
        {
            "gameTime": "1 - 10:32",
            "label": "Ball out of play",
            "position": "632000",
            "half": "1",
            "confidence": "0.7260839343070984"
        },
        {
            "gameTime": "1 - 9:7",
            "label": "Ball out of play",
            "position": "547500",
            "half": "1",
            "confidence": "0.7249012589454651"
        },
        {
            "gameTime": "1 - 27:30",
            "label": "Ball out of play",
            "position": "1650000",
            "half": "1",
            "confidence": "0.722632646560669"
        },
        {
            "gameTime": "1 - 38:18",
            "label": "Ball out of play",
            "position": "2298000",
            "half": "1",
            "confidence": "0.7210822105407715"
        },
        {
            "gameTime": "1 - 10:10",
            "label": "Ball out of play",
            "position": "610500",
            "half": "1",
            "confidence": "0.7183271050453186"
        },
        {
            "gameTime": "1 - 40:54",
            "label": "Ball out of play",
            "position": "2454000",
            "half": "1",
            "confidence": "0.7154632210731506"
        },
        {
            "gameTime": "1 - 31:41",
            "label": "Ball out of play",
            "position": "1901000",
            "half": "1",
            "confidence": "0.7114924788475037"
        },
        {
            "gameTime": "1 - 26:41",
            "label": "Ball out of play",
            "position": "1601500",
            "half": "1",
            "confidence": "0.6968909502029419"
        },
        {
            "gameTime": "1 - 16:50",
            "label": "Ball out of play",
            "position": "1010500",
            "half": "1",
            "confidence": "0.6630972027778625"
        },
        {
            "gameTime": "1 - 34:59",
            "label": "Ball out of play",
            "position": "2099000",
            "half": "1",
            "confidence": "0.6537174582481384"
        },
        {
            "gameTime": "1 - 43:58",
            "label": "Ball out of play",
            "position": "2638000",
            "half": "1",
            "confidence": "0.6513523459434509"
        },
        {
            "gameTime": "1 - 14:34",
            "label": "Ball out of play",
            "position": "874000",
            "half": "1",
            "confidence": "0.6459700465202332"
        },
        {
            "gameTime": "1 - 31:51",
            "label": "Ball out of play",
            "position": "1911500",
            "half": "1",
            "confidence": "0.6442006230354309"
        },
        {
            "gameTime": "1 - 40:24",
            "label": "Ball out of play",
            "position": "2424500",
            "half": "1",
            "confidence": "0.6434599161148071"
        },
        {
            "gameTime": "1 - 30:26",
            "label": "Ball out of play",
            "position": "1826500",
            "half": "1",
            "confidence": "0.6425232887268066"
        },
        {
            "gameTime": "1 - 13:59",
            "label": "Ball out of play",
            "position": "839000",
            "half": "1",
            "confidence": "0.6233579516410828"
        },
        {
            "gameTime": "1 - 37:12",
            "label": "Ball out of play",
            "position": "2232500",
            "half": "1",
            "confidence": "0.6101459264755249"
        },
        {
            "gameTime": "1 - 30:50",
            "label": "Ball out of play",
            "position": "1850000",
            "half": "1",
            "confidence": "0.6021953225135803"
        },
        {
            "gameTime": "1 - 16:19",
            "label": "Ball out of play",
            "position": "979500",
            "half": "1",
            "confidence": "0.5979056358337402"
        },
        {
            "gameTime": "1 - 8:17",
            "label": "Ball out of play",
            "position": "497000",
            "half": "1",
            "confidence": "0.5946923494338989"
        },
        {
            "gameTime": "1 - 27:19",
            "label": "Ball out of play",
            "position": "1639500",
            "half": "1",
            "confidence": "0.5890533328056335"
        },
        {
            "gameTime": "1 - 31:20",
            "label": "Ball out of play",
            "position": "1880000",
            "half": "1",
            "confidence": "0.5814751386642456"
        },
        {
            "gameTime": "1 - 38:7",
            "label": "Ball out of play",
            "position": "2287500",
            "half": "1",
            "confidence": "0.5601140260696411"
        },
        {
            "gameTime": "1 - 18:20",
            "label": "Ball out of play",
            "position": "1100000",
            "half": "1",
            "confidence": "0.5555568337440491"
        },
        {
            "gameTime": "1 - 17:57",
            "label": "Ball out of play",
            "position": "1077500",
            "half": "1",
            "confidence": "0.5495648384094238"
        },
        {
            "gameTime": "1 - 41:4",
            "label": "Ball out of play",
            "position": "2464500",
            "half": "1",
            "confidence": "0.5260866284370422"
        },
        {
            "gameTime": "1 - 24:30",
            "label": "Ball out of play",
            "position": "1470500",
            "half": "1",
            "confidence": "0.5243905782699585"
        },
        {
            "gameTime": "1 - 3:53",
            "label": "Ball out of play",
            "position": "233000",
            "half": "1",
            "confidence": "0.5236557126045227"
        },
        {
            "gameTime": "1 - 44:39",
            "label": "Ball out of play",
            "position": "2679000",
            "half": "1",
            "confidence": "0.5086275935173035"
        },
        {
            "gameTime": "1 - 9:1",
            "label": "Throw-in",
            "position": "541500",
            "half": "1",
            "confidence": "0.9606391787528992"
        },
        {
            "gameTime": "1 - 6:2",
            "label": "Throw-in",
            "position": "362500",
            "half": "1",
            "confidence": "0.9250290393829346"
        },
        {
            "gameTime": "1 - 38:14",
            "label": "Throw-in",
            "position": "2294500",
            "half": "1",
            "confidence": "0.919863224029541"
        },
        {
            "gameTime": "1 - 6:13",
            "label": "Throw-in",
            "position": "373000",
            "half": "1",
            "confidence": "0.8989142775535583"
        },
        {
            "gameTime": "1 - 10:21",
            "label": "Throw-in",
            "position": "621500",
            "half": "1",
            "confidence": "0.8909542560577393"
        },
        {
            "gameTime": "1 - 40:55",
            "label": "Throw-in",
            "position": "2455500",
            "half": "1",
            "confidence": "0.8748854398727417"
        },
        {
            "gameTime": "1 - 9:11",
            "label": "Throw-in",
            "position": "551500",
            "half": "1",
            "confidence": "0.8709545135498047"
        },
        {
            "gameTime": "1 - 10:33",
            "label": "Throw-in",
            "position": "633000",
            "half": "1",
            "confidence": "0.8618119955062866"
        },
        {
            "gameTime": "1 - 40:39",
            "label": "Throw-in",
            "position": "2439500",
            "half": "1",
            "confidence": "0.8377999663352966"
        },
        {
            "gameTime": "1 - 8:47",
            "label": "Throw-in",
            "position": "527500",
            "half": "1",
            "confidence": "0.7970741987228394"
        },
        {
            "gameTime": "1 - 40:28",
            "label": "Throw-in",
            "position": "2428500",
            "half": "1",
            "confidence": "0.7728554606437683"
        },
        {
            "gameTime": "1 - 17:56",
            "label": "Throw-in",
            "position": "1076000",
            "half": "1",
            "confidence": "0.7584400773048401"
        },
        {
            "gameTime": "1 - 44:23",
            "label": "Throw-in",
            "position": "2663500",
            "half": "1",
            "confidence": "0.7435656785964966"
        },
        {
            "gameTime": "1 - 6:37",
            "label": "Throw-in",
            "position": "397500",
            "half": "1",
            "confidence": "0.6879394054412842"
        },
        {
            "gameTime": "1 - 24:30",
            "label": "Throw-in",
            "position": "1470000",
            "half": "1",
            "confidence": "0.68126380443573"
        },
        {
            "gameTime": "1 - 30:50",
            "label": "Throw-in",
            "position": "1850000",
            "half": "1",
            "confidence": "0.6712515354156494"
        },
        {
            "gameTime": "1 - 36:3",
            "label": "Throw-in",
            "position": "2163000",
            "half": "1",
            "confidence": "0.6603254675865173"
        },
        {
            "gameTime": "1 - 18:18",
            "label": "Throw-in",
            "position": "1098500",
            "half": "1",
            "confidence": "0.6448811888694763"
        },
        {
            "gameTime": "1 - 41:18",
            "label": "Throw-in",
            "position": "2478500",
            "half": "1",
            "confidence": "0.6328875422477722"
        },
        {
            "gameTime": "1 - 18:6",
            "label": "Throw-in",
            "position": "1086000",
            "half": "1",
            "confidence": "0.6301217079162598"
        },
        {
            "gameTime": "1 - 44:57",
            "label": "Throw-in",
            "position": "2697000",
            "half": "1",
            "confidence": "0.6237434148788452"
        },
        {
            "gameTime": "1 - 31:17",
            "label": "Throw-in",
            "position": "1877000",
            "half": "1",
            "confidence": "0.6047323346138"
        },
        {
            "gameTime": "1 - 27:26",
            "label": "Throw-in",
            "position": "1646000",
            "half": "1",
            "confidence": "0.6027429699897766"
        },
        {
            "gameTime": "1 - 39:19",
            "label": "Throw-in",
            "position": "2359000",
            "half": "1",
            "confidence": "0.5740148425102234"
        },
        {
            "gameTime": "1 - 10:11",
            "label": "Throw-in",
            "position": "611000",
            "half": "1",
            "confidence": "0.5655052065849304"
        },
        {
            "gameTime": "1 - 8:37",
            "label": "Throw-in",
            "position": "517000",
            "half": "1",
            "confidence": "0.5369118452072144"
        },
        {
            "gameTime": "1 - 42:49",
            "label": "Throw-in",
            "position": "2569500",
            "half": "1",
            "confidence": "0.522581160068512"
        },
        {
            "gameTime": "1 - 11:55",
            "label": "Throw-in",
            "position": "715500",
            "half": "1",
            "confidence": "0.5086145401000977"
        },
        {
            "gameTime": "1 - 1:18",
            "label": "Throw-in",
            "position": "78500",
            "half": "1",
            "confidence": "0.505889356136322"
        },
        {
            "gameTime": "1 - 12:8",
            "label": "Foul",
            "position": "728000",
            "half": "1",
            "confidence": "0.8920907974243164"
        },
        {
            "gameTime": "1 - 24:2",
            "label": "Foul",
            "position": "1442500",
            "half": "1",
            "confidence": "0.8722494840621948"
        },
        {
            "gameTime": "1 - 12:18",
            "label": "Foul",
            "position": "738500",
            "half": "1",
            "confidence": "0.6682753562927246"
        },
        {
            "gameTime": "1 - 38:58",
            "label": "Foul",
            "position": "2338000",
            "half": "1",
            "confidence": "0.6527397632598877"
        },
        {
            "gameTime": "1 - 33:46",
            "label": "Foul",
            "position": "2026000",
            "half": "1",
            "confidence": "0.628891110420227"
        },
        {
            "gameTime": "1 - 16:25",
            "label": "Foul",
            "position": "985000",
            "half": "1",
            "confidence": "0.6230883002281189"
        },
        {
            "gameTime": "1 - 21:58",
            "label": "Foul",
            "position": "1318000",
            "half": "1",
            "confidence": "0.607239305973053"
        },
        {
            "gameTime": "1 - 16:39",
            "label": "Foul",
            "position": "999500",
            "half": "1",
            "confidence": "0.5856062173843384"
        },
        {
            "gameTime": "1 - 29:31",
            "label": "Foul",
            "position": "1771500",
            "half": "1",
            "confidence": "0.5500438809394836"
        },
        {
            "gameTime": "1 - 1:59",
            "label": "Foul",
            "position": "119500",
            "half": "1",
            "confidence": "0.5261807441711426"
        },
        {
            "gameTime": "1 - 21:46",
            "label": "Foul",
            "position": "1306000",
            "half": "1",
            "confidence": "0.523563027381897"
        },
        {
            "gameTime": "1 - 14:56",
            "label": "Foul",
            "position": "896000",
            "half": "1",
            "confidence": "0.5141451358795166"
        },
        {
            "gameTime": "1 - 25:32",
            "label": "Foul",
            "position": "1532000",
            "half": "1",
            "confidence": "0.5031762719154358"
        },
        {
            "gameTime": "1 - 18:39",
            "label": "Indirect free-kick",
            "position": "1119000",
            "half": "1",
            "confidence": "0.5959604978561401"
        },
        {
            "gameTime": "1 - 24:1",
            "label": "Indirect free-kick",
            "position": "1441000",
            "half": "1",
            "confidence": "0.5928863883018494"
        },
        {
            "gameTime": "1 - 34:47",
            "label": "Direct free-kick",
            "position": "2087000",
            "half": "1",
            "confidence": "0.6224960088729858"
        },
        {
            "gameTime": "1 - 22:47",
            "label": "Direct free-kick",
            "position": "1367000",
            "half": "1",
            "confidence": "0.5161848068237305"
        },
        {
            "gameTime": "1 - 44:52",
            "label": "Corner",
            "position": "2692500",
            "half": "1",
            "confidence": "0.9639797806739807"
        },
        {
            "gameTime": "1 - 14:12",
            "label": "Corner",
            "position": "852500",
            "half": "1",
            "confidence": "0.7627665996551514"
        },
        {
            "gameTime": "1 - 14:31",
            "label": "Corner",
            "position": "871000",
            "half": "1",
            "confidence": "0.5738206505775452"
        },
        {
            "gameTime": "1 - 42:57",
            "label": "Yellow card",
            "position": "2577000",
            "half": "1",
            "confidence": "0.693379282951355"
        },
        {
            "gameTime": "2 - 11:55",
            "label": "Substitution",
            "position": "715000",
            "half": "2",
            "confidence": "0.6993293762207031"
        },
        {
            "gameTime": "2 - 30:12",
            "label": "Shots off target",
            "position": "1812500",
            "half": "2",
            "confidence": "0.5862569808959961"
        },
        {
            "gameTime": "2 - 18:15",
            "label": "Clearance",
            "position": "1095000",
            "half": "2",
            "confidence": "0.765044093132019"
        },
        {
            "gameTime": "2 - 39:51",
            "label": "Clearance",
            "position": "2391500",
            "half": "2",
            "confidence": "0.7496524453163147"
        },
        {
            "gameTime": "2 - 40:2",
            "label": "Clearance",
            "position": "2402000",
            "half": "2",
            "confidence": "0.6758233904838562"
        },
        {
            "gameTime": "2 - 0:48",
            "label": "Clearance",
            "position": "48000",
            "half": "2",
            "confidence": "0.6107900738716125"
        },
        {
            "gameTime": "2 - 30:47",
            "label": "Clearance",
            "position": "1847000",
            "half": "2",
            "confidence": "0.567489743232727"
        },
        {
            "gameTime": "2 - 33:35",
            "label": "Clearance",
            "position": "2015000",
            "half": "2",
            "confidence": "0.536253035068512"
        },
        {
            "gameTime": "2 - 27:26",
            "label": "Ball out of play",
            "position": "1646500",
            "half": "2",
            "confidence": "0.9334274530410767"
        },
        {
            "gameTime": "2 - 23:59",
            "label": "Ball out of play",
            "position": "1439000",
            "half": "2",
            "confidence": "0.8722296953201294"
        },
        {
            "gameTime": "2 - 27:16",
            "label": "Ball out of play",
            "position": "1636000",
            "half": "2",
            "confidence": "0.8608809113502502"
        },
        {
            "gameTime": "2 - 44:29",
            "label": "Ball out of play",
            "position": "2669500",
            "half": "2",
            "confidence": "0.8597440719604492"
        },
        {
            "gameTime": "2 - 3:5",
            "label": "Ball out of play",
            "position": "185000",
            "half": "2",
            "confidence": "0.8388462066650391"
        },
        {
            "gameTime": "2 - 1:26",
            "label": "Ball out of play",
            "position": "86500",
            "half": "2",
            "confidence": "0.837739884853363"
        },
        {
            "gameTime": "2 - 28:37",
            "label": "Ball out of play",
            "position": "1717500",
            "half": "2",
            "confidence": "0.8023701906204224"
        },
        {
            "gameTime": "2 - 21:29",
            "label": "Ball out of play",
            "position": "1289500",
            "half": "2",
            "confidence": "0.7987968921661377"
        },
        {
            "gameTime": "2 - 6:17",
            "label": "Ball out of play",
            "position": "377500",
            "half": "2",
            "confidence": "0.7857962846755981"
        },
        {
            "gameTime": "2 - 3:15",
            "label": "Ball out of play",
            "position": "195500",
            "half": "2",
            "confidence": "0.780494213104248"
        },
        {
            "gameTime": "2 - 30:12",
            "label": "Ball out of play",
            "position": "1812000",
            "half": "2",
            "confidence": "0.7681112885475159"
        },
        {
            "gameTime": "2 - 26:34",
            "label": "Ball out of play",
            "position": "1594500",
            "half": "2",
            "confidence": "0.765639066696167"
        },
        {
            "gameTime": "2 - 23:46",
            "label": "Ball out of play",
            "position": "1426500",
            "half": "2",
            "confidence": "0.755958080291748"
        },
        {
            "gameTime": "2 - 41:56",
            "label": "Ball out of play",
            "position": "2516500",
            "half": "2",
            "confidence": "0.7466211915016174"
        },
        {
            "gameTime": "2 - 5:51",
            "label": "Ball out of play",
            "position": "351500",
            "half": "2",
            "confidence": "0.7384706735610962"
        },
        {
            "gameTime": "2 - 21:16",
            "label": "Ball out of play",
            "position": "1276500",
            "half": "2",
            "confidence": "0.7349272966384888"
        },
        {
            "gameTime": "2 - 44:18",
            "label": "Ball out of play",
            "position": "2658500",
            "half": "2",
            "confidence": "0.7308842539787292"
        },
        {
            "gameTime": "2 - 28:6",
            "label": "Ball out of play",
            "position": "1686500",
            "half": "2",
            "confidence": "0.7242738604545593"
        },
        {
            "gameTime": "2 - 1:37",
            "label": "Ball out of play",
            "position": "97500",
            "half": "2",
            "confidence": "0.7200596928596497"
        },
        {
            "gameTime": "2 - 16:55",
            "label": "Ball out of play",
            "position": "1015500",
            "half": "2",
            "confidence": "0.7018224000930786"
        },
        {
            "gameTime": "2 - 6:27",
            "label": "Ball out of play",
            "position": "387500",
            "half": "2",
            "confidence": "0.7012311816215515"
        },
        {
            "gameTime": "2 - 39:22",
            "label": "Ball out of play",
            "position": "2362000",
            "half": "2",
            "confidence": "0.6975080370903015"
        },
        {
            "gameTime": "2 - 38:43",
            "label": "Ball out of play",
            "position": "2323500",
            "half": "2",
            "confidence": "0.6918294429779053"
        },
        {
            "gameTime": "2 - 39:9",
            "label": "Ball out of play",
            "position": "2349500",
            "half": "2",
            "confidence": "0.6847075819969177"
        },
        {
            "gameTime": "2 - 5:1",
            "label": "Ball out of play",
            "position": "301500",
            "half": "2",
            "confidence": "0.6601482629776001"
        },
        {
            "gameTime": "2 - 16:43",
            "label": "Ball out of play",
            "position": "1003500",
            "half": "2",
            "confidence": "0.642019510269165"
        },
        {
            "gameTime": "2 - 13:22",
            "label": "Ball out of play",
            "position": "802000",
            "half": "2",
            "confidence": "0.6304613947868347"
        },
        {
            "gameTime": "2 - 6:1",
            "label": "Ball out of play",
            "position": "361500",
            "half": "2",
            "confidence": "0.628536581993103"
        },
        {
            "gameTime": "2 - 6:50",
            "label": "Ball out of play",
            "position": "410500",
            "half": "2",
            "confidence": "0.6209701895713806"
        },
        {
            "gameTime": "2 - 37:27",
            "label": "Ball out of play",
            "position": "2247500",
            "half": "2",
            "confidence": "0.6192375421524048"
        },
        {
            "gameTime": "2 - 12:55",
            "label": "Ball out of play",
            "position": "775000",
            "half": "2",
            "confidence": "0.61037677526474"
        },
        {
            "gameTime": "2 - 28:47",
            "label": "Ball out of play",
            "position": "1727500",
            "half": "2",
            "confidence": "0.6005926132202148"
        },
        {
            "gameTime": "2 - 2:8",
            "label": "Ball out of play",
            "position": "128000",
            "half": "2",
            "confidence": "0.5794354677200317"
        },
        {
            "gameTime": "2 - 41:30",
            "label": "Ball out of play",
            "position": "2490500",
            "half": "2",
            "confidence": "0.570442795753479"
        },
        {
            "gameTime": "2 - 1:16",
            "label": "Ball out of play",
            "position": "76000",
            "half": "2",
            "confidence": "0.5579243302345276"
        },
        {
            "gameTime": "2 - 38:54",
            "label": "Ball out of play",
            "position": "2334000",
            "half": "2",
            "confidence": "0.5571829676628113"
        },
        {
            "gameTime": "2 - 27:50",
            "label": "Ball out of play",
            "position": "1670500",
            "half": "2",
            "confidence": "0.5521982312202454"
        },
        {
            "gameTime": "2 - 33:18",
            "label": "Ball out of play",
            "position": "1998000",
            "half": "2",
            "confidence": "0.5470559000968933"
        },
        {
            "gameTime": "2 - 31:24",
            "label": "Ball out of play",
            "position": "1884500",
            "half": "2",
            "confidence": "0.5404515266418457"
        },
        {
            "gameTime": "2 - 39:40",
            "label": "Ball out of play",
            "position": "2380500",
            "half": "2",
            "confidence": "0.5356308817863464"
        },
        {
            "gameTime": "2 - 4:45",
            "label": "Ball out of play",
            "position": "285500",
            "half": "2",
            "confidence": "0.5176195502281189"
        },
        {
            "gameTime": "2 - 5:57",
            "label": "Throw-in",
            "position": "357000",
            "half": "2",
            "confidence": "0.9268084168434143"
        },
        {
            "gameTime": "2 - 39:8",
            "label": "Throw-in",
            "position": "2348000",
            "half": "2",
            "confidence": "0.9025034308433533"
        },
        {
            "gameTime": "2 - 6:7",
            "label": "Throw-in",
            "position": "367000",
            "half": "2",
            "confidence": "0.8669154047966003"
        },
        {
            "gameTime": "2 - 21:24",
            "label": "Throw-in",
            "position": "1284500",
            "half": "2",
            "confidence": "0.8561115264892578"
        },
        {
            "gameTime": "2 - 39:18",
            "label": "Throw-in",
            "position": "2358000",
            "half": "2",
            "confidence": "0.8533876538276672"
        },
        {
            "gameTime": "2 - 4:59",
            "label": "Throw-in",
            "position": "299000",
            "half": "2",
            "confidence": "0.8213579058647156"
        },
        {
            "gameTime": "2 - 6:52",
            "label": "Throw-in",
            "position": "412000",
            "half": "2",
            "confidence": "0.7618709206581116"
        },
        {
            "gameTime": "2 - 38:52",
            "label": "Throw-in",
            "position": "2332500",
            "half": "2",
            "confidence": "0.7593695521354675"
        },
        {
            "gameTime": "2 - 3:2",
            "label": "Throw-in",
            "position": "182500",
            "half": "2",
            "confidence": "0.7458968162536621"
        },
        {
            "gameTime": "2 - 38:16",
            "label": "Throw-in",
            "position": "2296000",
            "half": "2",
            "confidence": "0.738135576248169"
        },
        {
            "gameTime": "2 - 3:12",
            "label": "Throw-in",
            "position": "192500",
            "half": "2",
            "confidence": "0.7362896203994751"
        },
        {
            "gameTime": "2 - 38:42",
            "label": "Throw-in",
            "position": "2322000",
            "half": "2",
            "confidence": "0.7093120217323303"
        },
        {
            "gameTime": "2 - 27:26",
            "label": "Throw-in",
            "position": "1646500",
            "half": "2",
            "confidence": "0.6987401247024536"
        },
        {
            "gameTime": "2 - 1:28",
            "label": "Throw-in",
            "position": "88000",
            "half": "2",
            "confidence": "0.6698873043060303"
        },
        {
            "gameTime": "2 - 24:0",
            "label": "Throw-in",
            "position": "1440000",
            "half": "2",
            "confidence": "0.6614996790885925"
        },
        {
            "gameTime": "2 - 31:29",
            "label": "Throw-in",
            "position": "1889000",
            "half": "2",
            "confidence": "0.645147442817688"
        },
        {
            "gameTime": "2 - 21:13",
            "label": "Throw-in",
            "position": "1273000",
            "half": "2",
            "confidence": "0.6312772631645203"
        },
        {
            "gameTime": "2 - 1:17",
            "label": "Throw-in",
            "position": "77500",
            "half": "2",
            "confidence": "0.5861889719963074"
        },
        {
            "gameTime": "2 - 3:57",
            "label": "Throw-in",
            "position": "237500",
            "half": "2",
            "confidence": "0.570024847984314"
        },
        {
            "gameTime": "2 - 9:1",
            "label": "Throw-in",
            "position": "541000",
            "half": "2",
            "confidence": "0.5631101727485657"
        },
        {
            "gameTime": "2 - 44:48",
            "label": "Throw-in",
            "position": "2688000",
            "half": "2",
            "confidence": "0.5341164469718933"
        },
        {
            "gameTime": "2 - 7:2",
            "label": "Throw-in",
            "position": "422000",
            "half": "2",
            "confidence": "0.5274896025657654"
        },
        {
            "gameTime": "2 - 23:32",
            "label": "Throw-in",
            "position": "1412500",
            "half": "2",
            "confidence": "0.526033878326416"
        },
        {
            "gameTime": "2 - 4:47",
            "label": "Throw-in",
            "position": "287500",
            "half": "2",
            "confidence": "0.5204755067825317"
        },
        {
            "gameTime": "2 - 23:47",
            "label": "Throw-in",
            "position": "1427500",
            "half": "2",
            "confidence": "0.5196864604949951"
        },
        {
            "gameTime": "2 - 31:17",
            "label": "Throw-in",
            "position": "1877000",
            "half": "2",
            "confidence": "0.503379762172699"
        },
        {
            "gameTime": "2 - 15:46",
            "label": "Foul",
            "position": "946000",
            "half": "2",
            "confidence": "0.7356000542640686"
        },
        {
            "gameTime": "2 - 40:15",
            "label": "Foul",
            "position": "2415500",
            "half": "2",
            "confidence": "0.6847513318061829"
        },
        {
            "gameTime": "2 - 35:57",
            "label": "Foul",
            "position": "2157500",
            "half": "2",
            "confidence": "0.6731203198432922"
        },
        {
            "gameTime": "2 - 4:6",
            "label": "Foul",
            "position": "246000",
            "half": "2",
            "confidence": "0.6689752340316772"
        },
        {
            "gameTime": "2 - 7:51",
            "label": "Foul",
            "position": "471500",
            "half": "2",
            "confidence": "0.6518357992172241"
        },
        {
            "gameTime": "2 - 35:47",
            "label": "Foul",
            "position": "2147000",
            "half": "2",
            "confidence": "0.6073489785194397"
        },
        {
            "gameTime": "2 - 4:16",
            "label": "Foul",
            "position": "256000",
            "half": "2",
            "confidence": "0.5817080140113831"
        },
        {
            "gameTime": "2 - 40:30",
            "label": "Foul",
            "position": "2430000",
            "half": "2",
            "confidence": "0.5749380588531494"
        },
        {
            "gameTime": "2 - 19:22",
            "label": "Foul",
            "position": "1162000",
            "half": "2",
            "confidence": "0.5666015148162842"
        },
        {
            "gameTime": "2 - 8:5",
            "label": "Foul",
            "position": "485000",
            "half": "2",
            "confidence": "0.5645602941513062"
        },
        {
            "gameTime": "2 - 26:57",
            "label": "Foul",
            "position": "1617000",
            "half": "2",
            "confidence": "0.545333981513977"
        },
        {
            "gameTime": "2 - 0:37",
            "label": "Foul",
            "position": "37000",
            "half": "2",
            "confidence": "0.5128232836723328"
        },
        {
            "gameTime": "2 - 8:16",
            "label": "Foul",
            "position": "496000",
            "half": "2",
            "confidence": "0.5054537057876587"
        },
        {
            "gameTime": "2 - 40:21",
            "label": "Indirect free-kick",
            "position": "2421500",
            "half": "2",
            "confidence": "0.7464253902435303"
        },
        {
            "gameTime": "2 - 40:6",
            "label": "Indirect free-kick",
            "position": "2406500",
            "half": "2",
            "confidence": "0.6724839806556702"
        },
        {
            "gameTime": "2 - 40:43",
            "label": "Indirect free-kick",
            "position": "2443500",
            "half": "2",
            "confidence": "0.6412283182144165"
        },
        {
            "gameTime": "2 - 26:59",
            "label": "Indirect free-kick",
            "position": "1619500",
            "half": "2",
            "confidence": "0.6366117596626282"
        },
        {
            "gameTime": "2 - 40:31",
            "label": "Indirect free-kick",
            "position": "2431500",
            "half": "2",
            "confidence": "0.5727753043174744"
        },
        {
            "gameTime": "2 - 0:45",
            "label": "Indirect free-kick",
            "position": "45000",
            "half": "2",
            "confidence": "0.5704348087310791"
        },
        {
            "gameTime": "2 - 2:19",
            "label": "Indirect free-kick",
            "position": "139000",
            "half": "2",
            "confidence": "0.5585257411003113"
        },
        {
            "gameTime": "2 - 16:31",
            "label": "Direct free-kick",
            "position": "991000",
            "half": "2",
            "confidence": "0.5841464400291443"
        },
        {
            "gameTime": "2 - 13:18",
            "label": "Corner",
            "position": "798000",
            "half": "2",
            "confidence": "0.9935790300369263"
        },
        {
            "gameTime": "2 - 27:49",
            "label": "Corner",
            "position": "1669000",
            "half": "2",
            "confidence": "0.9885037541389465"
        },
        {
            "gameTime": "2 - 13:28",
            "label": "Corner",
            "position": "808000",
            "half": "2",
            "confidence": "0.9541200399398804"
        },
        {
            "gameTime": "2 - 1:31",
            "label": "Corner",
            "position": "91000",
            "half": "2",
            "confidence": "0.93441241979599"
        },
        {
            "gameTime": "2 - 14:31",
            "label": "Corner",
            "position": "871000",
            "half": "2",
            "confidence": "0.8876938223838806"
        },
        {
            "gameTime": "2 - 1:20",
            "label": "Corner",
            "position": "80500",
            "half": "2",
            "confidence": "0.8695846199989319"
        },
        {
            "gameTime": "2 - 12:59",
            "label": "Corner",
            "position": "779000",
            "half": "2",
            "confidence": "0.7512852549552917"
        },
        {
            "gameTime": "2 - 27:31",
            "label": "Corner",
            "position": "1651000",
            "half": "2",
            "confidence": "0.6756823062896729"
        },
        {
            "gameTime": "2 - 1:42",
            "label": "Corner",
            "position": "102000",
            "half": "2",
            "confidence": "0.6615275144577026"
        },
        {
            "gameTime": "2 - 27:59",
            "label": "Corner",
            "position": "1679000",
            "half": "2",
            "confidence": "0.650277853012085"
        },
        {
            "gameTime": "2 - 30:13",
            "label": "Corner",
            "position": "1813000",
            "half": "2",
            "confidence": "0.6293820738792419"
        },
        {
            "gameTime": "2 - 4:8",
            "label": "Yellow card",
            "position": "248000",
            "half": "2",
            "confidence": "0.5303249359130859"
        },
        {
            "gameTime": "2 - 15:47",
            "label": "Yellow card",
            "position": "947000",
            "half": "2",
            "confidence": "0.527250349521637"
        }
    ]
}