{
    "UrlLocal": "france_ligue-1/2016-2017/2016-12-04 - 18-00 Nice 3 - 0 Toulouse",
    "predictions": [
        {
            "gameTime": "1 - 22:52",
            "label": "Penalty",
            "position": "1372000",
            "half": "1",
            "confidence": "0.5091274976730347"
        },
        {
            "gameTime": "1 - 0:0",
            "label": "Kick-off",
            "position": "500",
            "half": "1",
            "confidence": "0.9978806972503662"
        },
        {
            "gameTime": "1 - 26:41",
            "label": "Kick-off",
            "position": "1601000",
            "half": "1",
            "confidence": "0.9721173048019409"
        },
        {
            "gameTime": "1 - 40:32",
            "label": "Kick-off",
            "position": "2432500",
            "half": "1",
            "confidence": "0.8707200288772583"
        },
        {
            "gameTime": "1 - 0:10",
            "label": "Kick-off",
            "position": "10500",
            "half": "1",
            "confidence": "0.7503677606582642"
        },
        {
            "gameTime": "1 - 40:21",
            "label": "Kick-off",
            "position": "2421500",
            "half": "1",
            "confidence": "0.5354942679405212"
        },
        {
            "gameTime": "1 - 22:50",
            "label": "Goal",
            "position": "1370000",
            "half": "1",
            "confidence": "0.9624832272529602"
        },
        {
            "gameTime": "1 - 25:57",
            "label": "Goal",
            "position": "1557000",
            "half": "1",
            "confidence": "0.6004559993743896"
        },
        {
            "gameTime": "1 - 45:15",
            "label": "Substitution",
            "position": "2715000",
            "half": "1",
            "confidence": "0.5743104219436646"
        },
        {
            "gameTime": "1 - 22:48",
            "label": "Shots on target",
            "position": "1368000",
            "half": "1",
            "confidence": "0.7719271779060364"
        },
        {
            "gameTime": "1 - 37:53",
            "label": "Shots on target",
            "position": "2273500",
            "half": "1",
            "confidence": "0.669422447681427"
        },
        {
            "gameTime": "1 - 13:44",
            "label": "Shots on target",
            "position": "824500",
            "half": "1",
            "confidence": "0.588049054145813"
        },
        {
            "gameTime": "1 - 37:20",
            "label": "Shots on target",
            "position": "2240500",
            "half": "1",
            "confidence": "0.5400171279907227"
        },
        {
            "gameTime": "1 - 24:50",
            "label": "Shots off target",
            "position": "1490500",
            "half": "1",
            "confidence": "0.796413242816925"
        },
        {
            "gameTime": "1 - 13:42",
            "label": "Shots off target",
            "position": "822500",
            "half": "1",
            "confidence": "0.5394800901412964"
        },
        {
            "gameTime": "1 - 2:54",
            "label": "Clearance",
            "position": "174000",
            "half": "1",
            "confidence": "0.9424582719802856"
        },
        {
            "gameTime": "1 - 2:43",
            "label": "Clearance",
            "position": "163000",
            "half": "1",
            "confidence": "0.9237744212150574"
        },
        {
            "gameTime": "1 - 25:5",
            "label": "Clearance",
            "position": "1505500",
            "half": "1",
            "confidence": "0.8866596221923828"
        },
        {
            "gameTime": "1 - 20:4",
            "label": "Clearance",
            "position": "1204500",
            "half": "1",
            "confidence": "0.8702166080474854"
        },
        {
            "gameTime": "1 - 12:59",
            "label": "Clearance",
            "position": "779000",
            "half": "1",
            "confidence": "0.8083884119987488"
        },
        {
            "gameTime": "1 - 26:25",
            "label": "Clearance",
            "position": "1585500",
            "half": "1",
            "confidence": "0.758727490901947"
        },
        {
            "gameTime": "1 - 20:14",
            "label": "Clearance",
            "position": "1214500",
            "half": "1",
            "confidence": "0.7485198974609375"
        },
        {
            "gameTime": "1 - 19:53",
            "label": "Clearance",
            "position": "1193500",
            "half": "1",
            "confidence": "0.7430623769760132"
        },
        {
            "gameTime": "1 - 3:4",
            "label": "Clearance",
            "position": "184000",
            "half": "1",
            "confidence": "0.734458863735199"
        },
        {
            "gameTime": "1 - 13:25",
            "label": "Clearance",
            "position": "805000",
            "half": "1",
            "confidence": "0.7217251658439636"
        },
        {
            "gameTime": "1 - 49:7",
            "label": "Clearance",
            "position": "2947000",
            "half": "1",
            "confidence": "0.7096497416496277"
        },
        {
            "gameTime": "1 - 13:13",
            "label": "Clearance",
            "position": "793000",
            "half": "1",
            "confidence": "0.676318347454071"
        },
        {
            "gameTime": "1 - 31:1",
            "label": "Clearance",
            "position": "1861000",
            "half": "1",
            "confidence": "0.6511522531509399"
        },
        {
            "gameTime": "1 - 23:15",
            "label": "Clearance",
            "position": "1395500",
            "half": "1",
            "confidence": "0.6002635955810547"
        },
        {
            "gameTime": "1 - 26:36",
            "label": "Clearance",
            "position": "1596000",
            "half": "1",
            "confidence": "0.5485619902610779"
        },
        {
            "gameTime": "1 - 44:35",
            "label": "Clearance",
            "position": "2675000",
            "half": "1",
            "confidence": "0.5381706953048706"
        },
        {
            "gameTime": "1 - 30:30",
            "label": "Clearance",
            "position": "1830000",
            "half": "1",
            "confidence": "0.5283858180046082"
        },
        {
            "gameTime": "1 - 30:50",
            "label": "Clearance",
            "position": "1850500",
            "half": "1",
            "confidence": "0.5090828537940979"
        },
        {
            "gameTime": "1 - 16:51",
            "label": "Ball out of play",
            "position": "1011500",
            "half": "1",
            "confidence": "0.9374595880508423"
        },
        {
            "gameTime": "1 - 28:57",
            "label": "Ball out of play",
            "position": "1737000",
            "half": "1",
            "confidence": "0.8972901105880737"
        },
        {
            "gameTime": "1 - 13:45",
            "label": "Ball out of play",
            "position": "825500",
            "half": "1",
            "confidence": "0.8805079460144043"
        },
        {
            "gameTime": "1 - 33:10",
            "label": "Ball out of play",
            "position": "1990000",
            "half": "1",
            "confidence": "0.8697127103805542"
        },
        {
            "gameTime": "1 - 13:34",
            "label": "Ball out of play",
            "position": "814500",
            "half": "1",
            "confidence": "0.808509886264801"
        },
        {
            "gameTime": "1 - 7:4",
            "label": "Ball out of play",
            "position": "424000",
            "half": "1",
            "confidence": "0.8011305332183838"
        },
        {
            "gameTime": "1 - 32:56",
            "label": "Ball out of play",
            "position": "1976500",
            "half": "1",
            "confidence": "0.7952649593353271"
        },
        {
            "gameTime": "1 - 33:31",
            "label": "Ball out of play",
            "position": "2011000",
            "half": "1",
            "confidence": "0.7914140820503235"
        },
        {
            "gameTime": "1 - 3:29",
            "label": "Ball out of play",
            "position": "209000",
            "half": "1",
            "confidence": "0.7787383198738098"
        },
        {
            "gameTime": "1 - 10:50",
            "label": "Ball out of play",
            "position": "650500",
            "half": "1",
            "confidence": "0.7745616436004639"
        },
        {
            "gameTime": "1 - 14:1",
            "label": "Ball out of play",
            "position": "841500",
            "half": "1",
            "confidence": "0.7739010453224182"
        },
        {
            "gameTime": "1 - 6:53",
            "label": "Ball out of play",
            "position": "413000",
            "half": "1",
            "confidence": "0.7735224366188049"
        },
        {
            "gameTime": "1 - 16:1",
            "label": "Ball out of play",
            "position": "961500",
            "half": "1",
            "confidence": "0.7357038855552673"
        },
        {
            "gameTime": "1 - 20:56",
            "label": "Ball out of play",
            "position": "1256500",
            "half": "1",
            "confidence": "0.7321271896362305"
        },
        {
            "gameTime": "1 - 7:44",
            "label": "Ball out of play",
            "position": "464000",
            "half": "1",
            "confidence": "0.7289913892745972"
        },
        {
            "gameTime": "1 - 15:45",
            "label": "Ball out of play",
            "position": "945000",
            "half": "1",
            "confidence": "0.7136635780334473"
        },
        {
            "gameTime": "1 - 7:33",
            "label": "Ball out of play",
            "position": "453500",
            "half": "1",
            "confidence": "0.7107572555541992"
        },
        {
            "gameTime": "1 - 3:39",
            "label": "Ball out of play",
            "position": "219500",
            "half": "1",
            "confidence": "0.6984401941299438"
        },
        {
            "gameTime": "1 - 16:35",
            "label": "Ball out of play",
            "position": "995000",
            "half": "1",
            "confidence": "0.6762067079544067"
        },
        {
            "gameTime": "1 - 29:7",
            "label": "Ball out of play",
            "position": "1747000",
            "half": "1",
            "confidence": "0.6760157346725464"
        },
        {
            "gameTime": "1 - 10:40",
            "label": "Ball out of play",
            "position": "640000",
            "half": "1",
            "confidence": "0.6730543971061707"
        },
        {
            "gameTime": "1 - 5:56",
            "label": "Ball out of play",
            "position": "356000",
            "half": "1",
            "confidence": "0.6721218824386597"
        },
        {
            "gameTime": "1 - 20:46",
            "label": "Ball out of play",
            "position": "1246000",
            "half": "1",
            "confidence": "0.6644749045372009"
        },
        {
            "gameTime": "1 - 24:5",
            "label": "Ball out of play",
            "position": "1445000",
            "half": "1",
            "confidence": "0.6562574505805969"
        },
        {
            "gameTime": "1 - 39:50",
            "label": "Ball out of play",
            "position": "2390000",
            "half": "1",
            "confidence": "0.6168885231018066"
        },
        {
            "gameTime": "1 - 24:48",
            "label": "Ball out of play",
            "position": "1488000",
            "half": "1",
            "confidence": "0.6036103963851929"
        },
        {
            "gameTime": "1 - 14:41",
            "label": "Ball out of play",
            "position": "881500",
            "half": "1",
            "confidence": "0.6009777188301086"
        },
        {
            "gameTime": "1 - 7:14",
            "label": "Ball out of play",
            "position": "434000",
            "half": "1",
            "confidence": "0.5760931968688965"
        },
        {
            "gameTime": "1 - 16:21",
            "label": "Ball out of play",
            "position": "981500",
            "half": "1",
            "confidence": "0.5760562419891357"
        },
        {
            "gameTime": "1 - 35:2",
            "label": "Ball out of play",
            "position": "2102000",
            "half": "1",
            "confidence": "0.5709622502326965"
        },
        {
            "gameTime": "1 - 34:47",
            "label": "Ball out of play",
            "position": "2087500",
            "half": "1",
            "confidence": "0.5548759698867798"
        },
        {
            "gameTime": "1 - 8:0",
            "label": "Ball out of play",
            "position": "480000",
            "half": "1",
            "confidence": "0.5481178760528564"
        },
        {
            "gameTime": "1 - 28:20",
            "label": "Ball out of play",
            "position": "1700500",
            "half": "1",
            "confidence": "0.5321592092514038"
        },
        {
            "gameTime": "1 - 48:17",
            "label": "Ball out of play",
            "position": "2897500",
            "half": "1",
            "confidence": "0.510877788066864"
        },
        {
            "gameTime": "1 - 12:41",
            "label": "Ball out of play",
            "position": "761000",
            "half": "1",
            "confidence": "0.5042927265167236"
        },
        {
            "gameTime": "1 - 33:31",
            "label": "Throw-in",
            "position": "2011000",
            "half": "1",
            "confidence": "0.9870022535324097"
        },
        {
            "gameTime": "1 - 7:17",
            "label": "Throw-in",
            "position": "437500",
            "half": "1",
            "confidence": "0.9765899777412415"
        },
        {
            "gameTime": "1 - 28:54",
            "label": "Throw-in",
            "position": "1734500",
            "half": "1",
            "confidence": "0.9562795162200928"
        },
        {
            "gameTime": "1 - 16:37",
            "label": "Throw-in",
            "position": "997000",
            "half": "1",
            "confidence": "0.9514429569244385"
        },
        {
            "gameTime": "1 - 35:1",
            "label": "Throw-in",
            "position": "2101500",
            "half": "1",
            "confidence": "0.9463289380073547"
        },
        {
            "gameTime": "1 - 34:49",
            "label": "Throw-in",
            "position": "2089500",
            "half": "1",
            "confidence": "0.9350066781044006"
        },
        {
            "gameTime": "1 - 0:13",
            "label": "Throw-in",
            "position": "13000",
            "half": "1",
            "confidence": "0.9306854009628296"
        },
        {
            "gameTime": "1 - 7:7",
            "label": "Throw-in",
            "position": "427000",
            "half": "1",
            "confidence": "0.9296062588691711"
        },
        {
            "gameTime": "1 - 3:40",
            "label": "Throw-in",
            "position": "220000",
            "half": "1",
            "confidence": "0.9170272946357727"
        },
        {
            "gameTime": "1 - 14:2",
            "label": "Throw-in",
            "position": "842500",
            "half": "1",
            "confidence": "0.8991680145263672"
        },
        {
            "gameTime": "1 - 15:49",
            "label": "Throw-in",
            "position": "949000",
            "half": "1",
            "confidence": "0.881284773349762"
        },
        {
            "gameTime": "1 - 3:27",
            "label": "Throw-in",
            "position": "207500",
            "half": "1",
            "confidence": "0.8777818083763123"
        },
        {
            "gameTime": "1 - 13:52",
            "label": "Throw-in",
            "position": "832000",
            "half": "1",
            "confidence": "0.8752855658531189"
        },
        {
            "gameTime": "1 - 29:4",
            "label": "Throw-in",
            "position": "1744500",
            "half": "1",
            "confidence": "0.8700093030929565"
        },
        {
            "gameTime": "1 - 10:51",
            "label": "Throw-in",
            "position": "651500",
            "half": "1",
            "confidence": "0.8462108373641968"
        },
        {
            "gameTime": "1 - 16:47",
            "label": "Throw-in",
            "position": "1007000",
            "half": "1",
            "confidence": "0.8335282206535339"
        },
        {
            "gameTime": "1 - 16:2",
            "label": "Throw-in",
            "position": "962500",
            "half": "1",
            "confidence": "0.8210333585739136"
        },
        {
            "gameTime": "1 - 6:12",
            "label": "Throw-in",
            "position": "372000",
            "half": "1",
            "confidence": "0.775143563747406"
        },
        {
            "gameTime": "1 - 20:24",
            "label": "Throw-in",
            "position": "1224000",
            "half": "1",
            "confidence": "0.7366330027580261"
        },
        {
            "gameTime": "1 - 24:5",
            "label": "Throw-in",
            "position": "1445000",
            "half": "1",
            "confidence": "0.7320096492767334"
        },
        {
            "gameTime": "1 - 23:47",
            "label": "Throw-in",
            "position": "1427500",
            "half": "1",
            "confidence": "0.7150660753250122"
        },
        {
            "gameTime": "1 - 0:23",
            "label": "Throw-in",
            "position": "23000",
            "half": "1",
            "confidence": "0.6750808358192444"
        },
        {
            "gameTime": "1 - 5:28",
            "label": "Throw-in",
            "position": "328500",
            "half": "1",
            "confidence": "0.6533777713775635"
        },
        {
            "gameTime": "1 - 16:26",
            "label": "Throw-in",
            "position": "986500",
            "half": "1",
            "confidence": "0.6267988085746765"
        },
        {
            "gameTime": "1 - 21:9",
            "label": "Throw-in",
            "position": "1269500",
            "half": "1",
            "confidence": "0.6170446276664734"
        },
        {
            "gameTime": "1 - 5:38",
            "label": "Throw-in",
            "position": "338500",
            "half": "1",
            "confidence": "0.6038572788238525"
        },
        {
            "gameTime": "1 - 42:50",
            "label": "Throw-in",
            "position": "2570500",
            "half": "1",
            "confidence": "0.6024982333183289"
        },
        {
            "gameTime": "1 - 8:12",
            "label": "Throw-in",
            "position": "492500",
            "half": "1",
            "confidence": "0.5722343921661377"
        },
        {
            "gameTime": "1 - 33:20",
            "label": "Throw-in",
            "position": "2000500",
            "half": "1",
            "confidence": "0.5400592684745789"
        },
        {
            "gameTime": "1 - 6:1",
            "label": "Throw-in",
            "position": "361500",
            "half": "1",
            "confidence": "0.5153448581695557"
        },
        {
            "gameTime": "1 - 20:35",
            "label": "Throw-in",
            "position": "1235000",
            "half": "1",
            "confidence": "0.5089288949966431"
        },
        {
            "gameTime": "1 - 35:45",
            "label": "Foul",
            "position": "2145500",
            "half": "1",
            "confidence": "0.9482401013374329"
        },
        {
            "gameTime": "1 - 30:2",
            "label": "Foul",
            "position": "1802500",
            "half": "1",
            "confidence": "0.9445782899856567"
        },
        {
            "gameTime": "1 - 1:8",
            "label": "Foul",
            "position": "68000",
            "half": "1",
            "confidence": "0.9346731901168823"
        },
        {
            "gameTime": "1 - 29:51",
            "label": "Foul",
            "position": "1791000",
            "half": "1",
            "confidence": "0.9198694825172424"
        },
        {
            "gameTime": "1 - 35:55",
            "label": "Foul",
            "position": "2155500",
            "half": "1",
            "confidence": "0.8228338956832886"
        },
        {
            "gameTime": "1 - 41:21",
            "label": "Foul",
            "position": "2481500",
            "half": "1",
            "confidence": "0.8104705214500427"
        },
        {
            "gameTime": "1 - 17:42",
            "label": "Foul",
            "position": "1062000",
            "half": "1",
            "confidence": "0.7994928956031799"
        },
        {
            "gameTime": "1 - 18:57",
            "label": "Foul",
            "position": "1137000",
            "half": "1",
            "confidence": "0.7633949518203735"
        },
        {
            "gameTime": "1 - 41:38",
            "label": "Foul",
            "position": "2498500",
            "half": "1",
            "confidence": "0.6312477588653564"
        },
        {
            "gameTime": "1 - 1:18",
            "label": "Foul",
            "position": "78000",
            "half": "1",
            "confidence": "0.6306142807006836"
        },
        {
            "gameTime": "1 - 27:58",
            "label": "Foul",
            "position": "1678500",
            "half": "1",
            "confidence": "0.616065502166748"
        },
        {
            "gameTime": "1 - 3:8",
            "label": "Foul",
            "position": "188000",
            "half": "1",
            "confidence": "0.598222553730011"
        },
        {
            "gameTime": "1 - 17:56",
            "label": "Foul",
            "position": "1076000",
            "half": "1",
            "confidence": "0.5632146000862122"
        },
        {
            "gameTime": "1 - 17:31",
            "label": "Foul",
            "position": "1051500",
            "half": "1",
            "confidence": "0.5426132678985596"
        },
        {
            "gameTime": "1 - 19:8",
            "label": "Foul",
            "position": "1148500",
            "half": "1",
            "confidence": "0.5253371596336365"
        },
        {
            "gameTime": "1 - 24:37",
            "label": "Direct free-kick",
            "position": "1477000",
            "half": "1",
            "confidence": "0.9714685678482056"
        },
        {
            "gameTime": "1 - 24:22",
            "label": "Direct free-kick",
            "position": "1462500",
            "half": "1",
            "confidence": "0.9543250799179077"
        },
        {
            "gameTime": "1 - 24:47",
            "label": "Direct free-kick",
            "position": "1487500",
            "half": "1",
            "confidence": "0.805822491645813"
        },
        {
            "gameTime": "1 - 19:4",
            "label": "Direct free-kick",
            "position": "1144000",
            "half": "1",
            "confidence": "0.7125215530395508"
        },
        {
            "gameTime": "1 - 37:18",
            "label": "Direct free-kick",
            "position": "2238000",
            "half": "1",
            "confidence": "0.7085267901420593"
        },
        {
            "gameTime": "1 - 37:3",
            "label": "Direct free-kick",
            "position": "2223000",
            "half": "1",
            "confidence": "0.5456869602203369"
        },
        {
            "gameTime": "1 - 14:53",
            "label": "Corner",
            "position": "893000",
            "half": "1",
            "confidence": "0.9191063046455383"
        },
        {
            "gameTime": "1 - 15:3",
            "label": "Corner",
            "position": "903500",
            "half": "1",
            "confidence": "0.7772036790847778"
        },
        {
            "gameTime": "1 - 36:59",
            "label": "Corner",
            "position": "2219000",
            "half": "1",
            "confidence": "0.5693817734718323"
        },
        {
            "gameTime": "1 - 16:58",
            "label": "Corner",
            "position": "1018000",
            "half": "1",
            "confidence": "0.5012134313583374"
        },
        {
            "gameTime": "1 - 30:9",
            "label": "Yellow card",
            "position": "1809500",
            "half": "1",
            "confidence": "0.7458787560462952"
        },
        {
            "gameTime": "1 - 17:46",
            "label": "Yellow card",
            "position": "1066500",
            "half": "1",
            "confidence": "0.507989227771759"
        },
        {
            "gameTime": "2 - 0:0",
            "label": "Kick-off",
            "position": "0",
            "half": "2",
            "confidence": "0.9922202229499817"
        },
        {
            "gameTime": "2 - 0:10",
            "label": "Kick-off",
            "position": "10000",
            "half": "2",
            "confidence": "0.8898565173149109"
        },
        {
            "gameTime": "2 - 41:58",
            "label": "Kick-off",
            "position": "2518000",
            "half": "2",
            "confidence": "0.7926496267318726"
        },
        {
            "gameTime": "2 - 20:52",
            "label": "Kick-off",
            "position": "1252000",
            "half": "2",
            "confidence": "0.501751184463501"
        },
        {
            "gameTime": "2 - 19:57",
            "label": "Goal",
            "position": "1197500",
            "half": "2",
            "confidence": "0.5170365571975708"
        },
        {
            "gameTime": "2 - 10:26",
            "label": "Substitution",
            "position": "626000",
            "half": "2",
            "confidence": "0.982719898223877"
        },
        {
            "gameTime": "2 - 33:53",
            "label": "Substitution",
            "position": "2033000",
            "half": "2",
            "confidence": "0.9739712476730347"
        },
        {
            "gameTime": "2 - 31:46",
            "label": "Substitution",
            "position": "1906000",
            "half": "2",
            "confidence": "0.867615818977356"
        },
        {
            "gameTime": "2 - 10:36",
            "label": "Substitution",
            "position": "636000",
            "half": "2",
            "confidence": "0.8503667116165161"
        },
        {
            "gameTime": "2 - 31:28",
            "label": "Substitution",
            "position": "1888000",
            "half": "2",
            "confidence": "0.8257721662521362"
        },
        {
            "gameTime": "2 - 31:17",
            "label": "Substitution",
            "position": "1877500",
            "half": "2",
            "confidence": "0.787716269493103"
        },
        {
            "gameTime": "2 - 48:27",
            "label": "Substitution",
            "position": "2907500",
            "half": "2",
            "confidence": "0.5425511002540588"
        },
        {
            "gameTime": "2 - 23:55",
            "label": "Shots on target",
            "position": "1435000",
            "half": "2",
            "confidence": "0.6968498826026917"
        },
        {
            "gameTime": "2 - 24:5",
            "label": "Shots on target",
            "position": "1445000",
            "half": "2",
            "confidence": "0.6480064392089844"
        },
        {
            "gameTime": "2 - 19:56",
            "label": "Shots on target",
            "position": "1196500",
            "half": "2",
            "confidence": "0.530028760433197"
        },
        {
            "gameTime": "2 - 23:56",
            "label": "Shots off target",
            "position": "1436000",
            "half": "2",
            "confidence": "0.874069094657898"
        },
        {
            "gameTime": "2 - 24:6",
            "label": "Shots off target",
            "position": "1446000",
            "half": "2",
            "confidence": "0.7978036403656006"
        },
        {
            "gameTime": "2 - 5:8",
            "label": "Shots off target",
            "position": "308000",
            "half": "2",
            "confidence": "0.5552363991737366"
        },
        {
            "gameTime": "2 - 5:20",
            "label": "Clearance",
            "position": "320000",
            "half": "2",
            "confidence": "0.9481580257415771"
        },
        {
            "gameTime": "2 - 42:2",
            "label": "Clearance",
            "position": "2522000",
            "half": "2",
            "confidence": "0.9265970587730408"
        },
        {
            "gameTime": "2 - 37:56",
            "label": "Clearance",
            "position": "2276000",
            "half": "2",
            "confidence": "0.9148208498954773"
        },
        {
            "gameTime": "2 - 44:0",
            "label": "Clearance",
            "position": "2640000",
            "half": "2",
            "confidence": "0.9040571451187134"
        },
        {
            "gameTime": "2 - 15:16",
            "label": "Clearance",
            "position": "916500",
            "half": "2",
            "confidence": "0.8559773564338684"
        },
        {
            "gameTime": "2 - 6:33",
            "label": "Clearance",
            "position": "393000",
            "half": "2",
            "confidence": "0.8416193127632141"
        },
        {
            "gameTime": "2 - 19:25",
            "label": "Clearance",
            "position": "1165000",
            "half": "2",
            "confidence": "0.7469809651374817"
        },
        {
            "gameTime": "2 - 15:6",
            "label": "Clearance",
            "position": "906000",
            "half": "2",
            "confidence": "0.7043985724449158"
        },
        {
            "gameTime": "2 - 19:14",
            "label": "Clearance",
            "position": "1154500",
            "half": "2",
            "confidence": "0.653776228427887"
        },
        {
            "gameTime": "2 - 37:45",
            "label": "Clearance",
            "position": "2265500",
            "half": "2",
            "confidence": "0.645056426525116"
        },
        {
            "gameTime": "2 - 12:28",
            "label": "Clearance",
            "position": "748500",
            "half": "2",
            "confidence": "0.641635537147522"
        },
        {
            "gameTime": "2 - 6:22",
            "label": "Clearance",
            "position": "382500",
            "half": "2",
            "confidence": "0.6082423329353333"
        },
        {
            "gameTime": "2 - 2:48",
            "label": "Clearance",
            "position": "168000",
            "half": "2",
            "confidence": "0.5926127433776855"
        },
        {
            "gameTime": "2 - 17:20",
            "label": "Clearance",
            "position": "1040500",
            "half": "2",
            "confidence": "0.549129068851471"
        },
        {
            "gameTime": "2 - 28:11",
            "label": "Clearance",
            "position": "1691000",
            "half": "2",
            "confidence": "0.5463750958442688"
        },
        {
            "gameTime": "2 - 38:6",
            "label": "Clearance",
            "position": "2286000",
            "half": "2",
            "confidence": "0.5207219123840332"
        },
        {
            "gameTime": "2 - 43:48",
            "label": "Clearance",
            "position": "2628000",
            "half": "2",
            "confidence": "0.503977358341217"
        },
        {
            "gameTime": "2 - 37:18",
            "label": "Ball out of play",
            "position": "2238500",
            "half": "2",
            "confidence": "0.8853438496589661"
        },
        {
            "gameTime": "2 - 23:57",
            "label": "Ball out of play",
            "position": "1437500",
            "half": "2",
            "confidence": "0.8812295198440552"
        },
        {
            "gameTime": "2 - 5:8",
            "label": "Ball out of play",
            "position": "308500",
            "half": "2",
            "confidence": "0.8576759696006775"
        },
        {
            "gameTime": "2 - 11:23",
            "label": "Ball out of play",
            "position": "683000",
            "half": "2",
            "confidence": "0.8312261700630188"
        },
        {
            "gameTime": "2 - 19:45",
            "label": "Ball out of play",
            "position": "1185500",
            "half": "2",
            "confidence": "0.7763867974281311"
        },
        {
            "gameTime": "2 - 22:22",
            "label": "Ball out of play",
            "position": "1342000",
            "half": "2",
            "confidence": "0.7531571388244629"
        },
        {
            "gameTime": "2 - 28:31",
            "label": "Ball out of play",
            "position": "1711000",
            "half": "2",
            "confidence": "0.7439800500869751"
        },
        {
            "gameTime": "2 - 4:58",
            "label": "Ball out of play",
            "position": "298000",
            "half": "2",
            "confidence": "0.742123007774353"
        },
        {
            "gameTime": "2 - 46:17",
            "label": "Ball out of play",
            "position": "2777000",
            "half": "2",
            "confidence": "0.7343552112579346"
        },
        {
            "gameTime": "2 - 11:38",
            "label": "Ball out of play",
            "position": "698000",
            "half": "2",
            "confidence": "0.7124863862991333"
        },
        {
            "gameTime": "2 - 42:30",
            "label": "Ball out of play",
            "position": "2550500",
            "half": "2",
            "confidence": "0.7031264901161194"
        },
        {
            "gameTime": "2 - 37:8",
            "label": "Ball out of play",
            "position": "2228000",
            "half": "2",
            "confidence": "0.6994472146034241"
        },
        {
            "gameTime": "2 - 7:31",
            "label": "Ball out of play",
            "position": "451000",
            "half": "2",
            "confidence": "0.675668478012085"
        },
        {
            "gameTime": "2 - 33:35",
            "label": "Ball out of play",
            "position": "2015500",
            "half": "2",
            "confidence": "0.6666133999824524"
        },
        {
            "gameTime": "2 - 44:23",
            "label": "Ball out of play",
            "position": "2663500",
            "half": "2",
            "confidence": "0.6633049845695496"
        },
        {
            "gameTime": "2 - 33:24",
            "label": "Ball out of play",
            "position": "2004000",
            "half": "2",
            "confidence": "0.6616138219833374"
        },
        {
            "gameTime": "2 - 24:7",
            "label": "Ball out of play",
            "position": "1447500",
            "half": "2",
            "confidence": "0.6502801775932312"
        },
        {
            "gameTime": "2 - 6:49",
            "label": "Ball out of play",
            "position": "409500",
            "half": "2",
            "confidence": "0.6353514194488525"
        },
        {
            "gameTime": "2 - 42:19",
            "label": "Ball out of play",
            "position": "2539500",
            "half": "2",
            "confidence": "0.625183641910553"
        },
        {
            "gameTime": "2 - 9:27",
            "label": "Ball out of play",
            "position": "567000",
            "half": "2",
            "confidence": "0.6214419007301331"
        },
        {
            "gameTime": "2 - 19:56",
            "label": "Ball out of play",
            "position": "1196500",
            "half": "2",
            "confidence": "0.6160268783569336"
        },
        {
            "gameTime": "2 - 41:17",
            "label": "Ball out of play",
            "position": "2477000",
            "half": "2",
            "confidence": "0.6122698187828064"
        },
        {
            "gameTime": "2 - 13:18",
            "label": "Ball out of play",
            "position": "798000",
            "half": "2",
            "confidence": "0.6107880473136902"
        },
        {
            "gameTime": "2 - 22:8",
            "label": "Ball out of play",
            "position": "1328500",
            "half": "2",
            "confidence": "0.6086273789405823"
        },
        {
            "gameTime": "2 - 39:56",
            "label": "Ball out of play",
            "position": "2396000",
            "half": "2",
            "confidence": "0.6046992540359497"
        },
        {
            "gameTime": "2 - 34:36",
            "label": "Ball out of play",
            "position": "2076000",
            "half": "2",
            "confidence": "0.6002829074859619"
        },
        {
            "gameTime": "2 - 43:6",
            "label": "Ball out of play",
            "position": "2586000",
            "half": "2",
            "confidence": "0.5813036561012268"
        },
        {
            "gameTime": "2 - 45:37",
            "label": "Ball out of play",
            "position": "2737000",
            "half": "2",
            "confidence": "0.5810105204582214"
        },
        {
            "gameTime": "2 - 10:22",
            "label": "Ball out of play",
            "position": "622000",
            "half": "2",
            "confidence": "0.5722125768661499"
        },
        {
            "gameTime": "2 - 34:49",
            "label": "Ball out of play",
            "position": "2089000",
            "half": "2",
            "confidence": "0.5637790560722351"
        },
        {
            "gameTime": "2 - 43:48",
            "label": "Ball out of play",
            "position": "2628000",
            "half": "2",
            "confidence": "0.5633984208106995"
        },
        {
            "gameTime": "2 - 46:27",
            "label": "Ball out of play",
            "position": "2787500",
            "half": "2",
            "confidence": "0.5474585890769958"
        },
        {
            "gameTime": "2 - 34:9",
            "label": "Ball out of play",
            "position": "2049000",
            "half": "2",
            "confidence": "0.5285245180130005"
        },
        {
            "gameTime": "2 - 14:45",
            "label": "Ball out of play",
            "position": "885000",
            "half": "2",
            "confidence": "0.528516948223114"
        },
        {
            "gameTime": "2 - 43:21",
            "label": "Ball out of play",
            "position": "2601000",
            "half": "2",
            "confidence": "0.5275748372077942"
        },
        {
            "gameTime": "2 - 39:45",
            "label": "Ball out of play",
            "position": "2385500",
            "half": "2",
            "confidence": "0.5097920894622803"
        },
        {
            "gameTime": "2 - 10:10",
            "label": "Ball out of play",
            "position": "610500",
            "half": "2",
            "confidence": "0.5003880262374878"
        },
        {
            "gameTime": "2 - 11:38",
            "label": "Throw-in",
            "position": "698500",
            "half": "2",
            "confidence": "0.9711883068084717"
        },
        {
            "gameTime": "2 - 11:28",
            "label": "Throw-in",
            "position": "688000",
            "half": "2",
            "confidence": "0.9159955978393555"
        },
        {
            "gameTime": "2 - 1:56",
            "label": "Throw-in",
            "position": "116000",
            "half": "2",
            "confidence": "0.9082875847816467"
        },
        {
            "gameTime": "2 - 2:8",
            "label": "Throw-in",
            "position": "128500",
            "half": "2",
            "confidence": "0.9069035053253174"
        },
        {
            "gameTime": "2 - 28:33",
            "label": "Throw-in",
            "position": "1713500",
            "half": "2",
            "confidence": "0.8806490898132324"
        },
        {
            "gameTime": "2 - 42:31",
            "label": "Throw-in",
            "position": "2551000",
            "half": "2",
            "confidence": "0.8625385165214539"
        },
        {
            "gameTime": "2 - 46:27",
            "label": "Throw-in",
            "position": "2787500",
            "half": "2",
            "confidence": "0.8483240008354187"
        },
        {
            "gameTime": "2 - 34:13",
            "label": "Throw-in",
            "position": "2053500",
            "half": "2",
            "confidence": "0.8368540406227112"
        },
        {
            "gameTime": "2 - 34:41",
            "label": "Throw-in",
            "position": "2081000",
            "half": "2",
            "confidence": "0.803447425365448"
        },
        {
            "gameTime": "2 - 10:38",
            "label": "Throw-in",
            "position": "638000",
            "half": "2",
            "confidence": "0.7678805589675903"
        },
        {
            "gameTime": "2 - 46:17",
            "label": "Throw-in",
            "position": "2777000",
            "half": "2",
            "confidence": "0.7574688792228699"
        },
        {
            "gameTime": "2 - 50:57",
            "label": "Throw-in",
            "position": "3057000",
            "half": "2",
            "confidence": "0.7381133437156677"
        },
        {
            "gameTime": "2 - 13:15",
            "label": "Throw-in",
            "position": "795500",
            "half": "2",
            "confidence": "0.7343236804008484"
        },
        {
            "gameTime": "2 - 40:6",
            "label": "Throw-in",
            "position": "2406000",
            "half": "2",
            "confidence": "0.6873615384101868"
        },
        {
            "gameTime": "2 - 47:5",
            "label": "Throw-in",
            "position": "2825500",
            "half": "2",
            "confidence": "0.6771490573883057"
        },
        {
            "gameTime": "2 - 28:43",
            "label": "Throw-in",
            "position": "1723500",
            "half": "2",
            "confidence": "0.6706580519676208"
        },
        {
            "gameTime": "2 - 3:26",
            "label": "Throw-in",
            "position": "206500",
            "half": "2",
            "confidence": "0.660345733165741"
        },
        {
            "gameTime": "2 - 33:59",
            "label": "Throw-in",
            "position": "2039000",
            "half": "2",
            "confidence": "0.6565977931022644"
        },
        {
            "gameTime": "2 - 3:15",
            "label": "Throw-in",
            "position": "195500",
            "half": "2",
            "confidence": "0.6267908811569214"
        },
        {
            "gameTime": "2 - 37:7",
            "label": "Throw-in",
            "position": "2227500",
            "half": "2",
            "confidence": "0.6174961924552917"
        },
        {
            "gameTime": "2 - 10:50",
            "label": "Throw-in",
            "position": "650000",
            "half": "2",
            "confidence": "0.605300784111023"
        },
        {
            "gameTime": "2 - 37:20",
            "label": "Throw-in",
            "position": "2240000",
            "half": "2",
            "confidence": "0.5884830355644226"
        },
        {
            "gameTime": "2 - 21:18",
            "label": "Throw-in",
            "position": "1278000",
            "half": "2",
            "confidence": "0.5662626028060913"
        },
        {
            "gameTime": "2 - 50:46",
            "label": "Throw-in",
            "position": "3046500",
            "half": "2",
            "confidence": "0.5603331327438354"
        },
        {
            "gameTime": "2 - 42:20",
            "label": "Throw-in",
            "position": "2540500",
            "half": "2",
            "confidence": "0.5590266585350037"
        },
        {
            "gameTime": "2 - 41:33",
            "label": "Throw-in",
            "position": "2493500",
            "half": "2",
            "confidence": "0.5454078912734985"
        },
        {
            "gameTime": "2 - 26:57",
            "label": "Throw-in",
            "position": "1617500",
            "half": "2",
            "confidence": "0.5346345901489258"
        },
        {
            "gameTime": "2 - 46:55",
            "label": "Throw-in",
            "position": "2815000",
            "half": "2",
            "confidence": "0.5281976461410522"
        },
        {
            "gameTime": "2 - 25:41",
            "label": "Foul",
            "position": "1541500",
            "half": "2",
            "confidence": "0.8870639204978943"
        },
        {
            "gameTime": "2 - 48:10",
            "label": "Foul",
            "position": "2890000",
            "half": "2",
            "confidence": "0.6266970038414001"
        },
        {
            "gameTime": "2 - 22:59",
            "label": "Foul",
            "position": "1379000",
            "half": "2",
            "confidence": "0.6200597882270813"
        },
        {
            "gameTime": "2 - 32:25",
            "label": "Foul",
            "position": "1945000",
            "half": "2",
            "confidence": "0.6192678213119507"
        },
        {
            "gameTime": "2 - 35:39",
            "label": "Foul",
            "position": "2139500",
            "half": "2",
            "confidence": "0.5781571269035339"
        },
        {
            "gameTime": "2 - 7:22",
            "label": "Foul",
            "position": "442000",
            "half": "2",
            "confidence": "0.5068901777267456"
        },
        {
            "gameTime": "2 - 9:23",
            "label": "Direct free-kick",
            "position": "563000",
            "half": "2",
            "confidence": "0.65263432264328"
        },
        {
            "gameTime": "2 - 9:12",
            "label": "Direct free-kick",
            "position": "552500",
            "half": "2",
            "confidence": "0.5361360907554626"
        },
        {
            "gameTime": "2 - 28:1",
            "label": "Direct free-kick",
            "position": "1681000",
            "half": "2",
            "confidence": "0.5239376425743103"
        },
        {
            "gameTime": "2 - 45:50",
            "label": "Corner",
            "position": "2750000",
            "half": "2",
            "confidence": "0.996727466583252"
        },
        {
            "gameTime": "2 - 24:28",
            "label": "Corner",
            "position": "1468500",
            "half": "2",
            "confidence": "0.9966109395027161"
        },
        {
            "gameTime": "2 - 24:38",
            "label": "Corner",
            "position": "1478500",
            "half": "2",
            "confidence": "0.978256344795227"
        },
        {
            "gameTime": "2 - 46:0",
            "label": "Corner",
            "position": "2760000",
            "half": "2",
            "confidence": "0.9551225304603577"
        },
        {
            "gameTime": "2 - 43:49",
            "label": "Corner",
            "position": "2629000",
            "half": "2",
            "confidence": "0.5036093592643738"
        },
        {
            "gameTime": "2 - 25:57",
            "label": "Yellow card",
            "position": "1557000",
            "half": "2",
            "confidence": "0.9910619258880615"
        },
        {
            "gameTime": "2 - 25:46",
            "label": "Yellow card",
            "position": "1546500",
            "half": "2",
            "confidence": "0.9908648133277893"
        }
    ]
}