{
    "UrlLocal": "france_ligue-1/2016-2017/2016-09-11 - 18-00 Nice 3 - 2 Marseille",
    "UrlYoutube": "",
    "annotations": [
        {
            "change_type": "",
            "gameTime": "1 - 00:21",
            "label": "",
            "position": "21596",
            "replay": "real-time"
        },
        {
            "change_type": "",
            "gameTime": "1 - 00:27",
            "label": "",
            "link": "",
            "position": "27975",
            "replay": "replay"
        },
        {
            "change_type": "",
            "gameTime": "1 - 00:32",
            "label": "",
            "position": "32336",
            "replay": "other"
        },
        {
            "change_type": "",
            "gameTime": "1 - 00:53",
            "label": "",
            "position": "53761",
            "replay": "real-time"
        },
        {
            "change_type": "",
            "gameTime": "1 - 01:01",
            "label": "",
            "link": "",
            "position": "61563",
            "replay": "replay"
        },
        {
            "change_type": "",
            "gameTime": "1 - 02:22",
            "label": "",
            "position": "142671",
            "replay": "real-time"
        },
        {
            "change_type": "",
            "gameTime": "1 - 02:28",
            "label": "",
            "link": "",
            "position": "148335",
            "replay": "replay"
        },
        {
            "change_type": "",
            "gameTime": "1 - 04:52",
            "label": "",
            "position": "292019",
            "replay": "real-time"
        },
        {
            "change_type": "",
            "gameTime": "1 - 04:56",
            "label": "",
            "link": "",
            "position": "296242",
            "replay": "replay"
        },
        {
            "change_type": "",
            "gameTime": "1 - 05:05",
            "label": "",
            "link": "",
            "position": "305641",
            "replay": "replay"
        },
        {
            "change_type": "",
            "gameTime": "1 - 06:02",
            "label": "",
            "position": "362912",
            "replay": "real-time"
        },
        {
            "change_type": "",
            "gameTime": "1 - 06:09",
            "label": "",
            "link": "",
            "position": "369898",
            "replay": "replay"
        },
        {
            "change_type": "",
            "gameTime": "1 - 06:15",
            "label": "",
            "link": "",
            "position": "375132",
            "replay": "replay"
        },
        {
            "change_type": "",
            "gameTime": "1 - 07:16",
            "label": "",
            "position": "436257",
            "replay": "real-time"
        },
        {
            "change_type": "",
            "gameTime": "1 - 07:19",
            "label": "",
            "link": "",
            "position": "439864",
            "replay": "replay"
        },
        {
            "change_type": "",
            "gameTime": "1 - 07:24",
            "label": "",
            "link": "",
            "position": "444889",
            "replay": "replay"
        },
        {
            "change_type": "",
            "gameTime": "1 - 07:36",
            "label": "",
            "position": "456045",
            "replay": "other"
        },
        {
            "change_type": "",
            "gameTime": "1 - 09:32",
            "label": "",
            "position": "572605",
            "replay": "real-time"
        },
        {
            "change_type": "",
            "gameTime": "1 - 09:39",
            "label": "",
            "link": "",
            "position": "579415",
            "replay": "replay"
        },
        {
            "change_type": "",
            "gameTime": "1 - 09:44",
            "label": "",
            "link": "",
            "position": "584065",
            "replay": "replay"
        },
        {
            "change_type": "",
            "gameTime": "1 - 09:47",
            "label": "",
            "link": "",
            "position": "587288",
            "replay": "replay"
        },
        {
            "change_type": "",
            "gameTime": "1 - 09:51",
            "label": "",
            "position": "591785",
            "replay": "other"
        },
        {
            "change_type": "",
            "gameTime": "1 - 11:37",
            "label": "",
            "position": "697556",
            "replay": "real-time"
        },
        {
            "change_type": "",
            "gameTime": "1 - 12:07",
            "label": "",
            "position": "727304",
            "replay": "real-time"
        },
        {
            "change_type": "",
            "gameTime": "1 - 12:12",
            "label": "",
            "position": "732537",
            "replay": "other"
        },
        {
            "change_type": "",
            "gameTime": "1 - 12:15",
            "label": "",
            "position": "735928",
            "replay": "other"
        },
        {
            "change_type": "",
            "gameTime": "1 - 12:23",
            "label": "",
            "position": "743516",
            "replay": "other"
        },
        {
            "change_type": "",
            "gameTime": "1 - 13:37",
            "label": "",
            "position": "817231",
            "replay": "real-time"
        },
        {
            "change_type": "",
            "gameTime": "1 - 13:45",
            "label": "",
            "link": "",
            "position": "825813",
            "replay": "replay"
        },
        {
            "change_type": "",
            "gameTime": "1 - 13:50",
            "label": "",
            "link": "",
            "position": "830181",
            "replay": "replay"
        },
        {
            "change_type": "",
            "gameTime": "1 - 13:53",
            "label": "",
            "link": "",
            "position": "833303",
            "replay": "replay"
        },
        {
            "change_type": "",
            "gameTime": "1 - 14:01",
            "label": "",
            "position": "841802",
            "replay": "other"
        },
        {
            "change_type": "",
            "gameTime": "1 - 15:05",
            "label": "",
            "position": "905803",
            "replay": "real-time"
        },
        {
            "change_type": "",
            "gameTime": "1 - 15:11",
            "label": "",
            "link": "",
            "position": "911364",
            "replay": "replay"
        },
        {
            "change_type": "",
            "gameTime": "1 - 16:17",
            "label": "",
            "position": "977021",
            "replay": "real-time"
        },
        {
            "change_type": "",
            "gameTime": "1 - 16:22",
            "label": "",
            "link": "",
            "position": "982944",
            "replay": "replay"
        },
        {
            "change_type": "",
            "gameTime": "1 - 16:33",
            "label": "",
            "link": "",
            "position": "993342",
            "replay": "replay"
        },
        {
            "change_type": "",
            "gameTime": "1 - 17:04",
            "label": "",
            "position": "1024192",
            "replay": "real-time"
        },
        {
            "change_type": "",
            "gameTime": "1 - 17:10",
            "label": "",
            "link": "",
            "position": "1030879",
            "replay": "replay"
        },
        {
            "change_type": "",
            "gameTime": "1 - 17:16",
            "label": "",
            "link": "",
            "position": "1036562",
            "replay": "replay"
        },
        {
            "change_type": "",
            "gameTime": "1 - 17:24",
            "label": "",
            "position": "1044561",
            "replay": "other"
        },
        {
            "change_type": "",
            "gameTime": "1 - 18:05",
            "label": "",
            "position": "1085247",
            "replay": "real-time"
        },
        {
            "change_type": "",
            "gameTime": "1 - 18:10",
            "label": "",
            "link": "",
            "position": "1090419",
            "replay": "replay"
        },
        {
            "change_type": "",
            "gameTime": "1 - 20:56",
            "label": "",
            "position": "1256886",
            "replay": "real-time"
        },
        {
            "change_type": "",
            "gameTime": "1 - 21:02",
            "label": "",
            "position": "1262441",
            "replay": "other"
        },
        {
            "change_type": "",
            "gameTime": "1 - 21:07",
            "label": "",
            "position": "1267522",
            "replay": "other"
        },
        {
            "change_type": "",
            "gameTime": "1 - 23:02",
            "label": "",
            "position": "1382159",
            "replay": "real-time"
        },
        {
            "change_type": "",
            "gameTime": "1 - 23:09",
            "label": "",
            "position": "1389958",
            "replay": "other"
        },
        {
            "change_type": "",
            "gameTime": "1 - 26:24",
            "label": "",
            "position": "1584913",
            "replay": "real-time"
        },
        {
            "change_type": "",
            "gameTime": "1 - 26:31",
            "label": "",
            "link": "",
            "position": "1591840",
            "replay": "replay"
        },
        {
            "change_type": "",
            "gameTime": "1 - 27:07",
            "label": "",
            "position": "1627766",
            "replay": "real-time"
        },
        {
            "change_type": "",
            "gameTime": "1 - 27:13",
            "label": "",
            "link": "",
            "position": "1633175",
            "replay": "replay"
        },
        {
            "change_type": "",
            "gameTime": "1 - 28:02",
            "label": "",
            "position": "1682402",
            "replay": "real-time"
        },
        {
            "change_type": "",
            "gameTime": "1 - 28:08",
            "label": "",
            "link": "",
            "position": "1688813",
            "replay": "replay"
        },
        {
            "change_type": "",
            "gameTime": "1 - 28:13",
            "label": "",
            "link": "",
            "position": "1693149",
            "replay": "replay"
        },
        {
            "change_type": "",
            "gameTime": "1 - 28:40",
            "label": "",
            "position": "1720585",
            "replay": "real-time"
        },
        {
            "change_type": "",
            "gameTime": "1 - 28:47",
            "label": "",
            "link": "",
            "position": "1727831",
            "replay": "replay"
        },
        {
            "change_type": "",
            "gameTime": "1 - 30:28",
            "label": "",
            "position": "1828522",
            "replay": "real-time"
        },
        {
            "change_type": "",
            "gameTime": "1 - 30:33",
            "label": "",
            "link": "",
            "position": "1833073",
            "replay": "replay"
        },
        {
            "change_type": "",
            "gameTime": "1 - 30:41",
            "label": "",
            "link": "",
            "position": "1841549",
            "replay": "replay"
        },
        {
            "change_type": "",
            "gameTime": "1 - 35:51",
            "label": "",
            "position": "2151251",
            "replay": "real-time"
        },
        {
            "change_type": "",
            "gameTime": "1 - 35:57",
            "label": "",
            "link": "",
            "position": "2157711",
            "replay": "replay"
        },
        {
            "change_type": "",
            "gameTime": "1 - 38:17",
            "label": "",
            "position": "2297443",
            "replay": "real-time"
        },
        {
            "change_type": "",
            "gameTime": "1 - 38:26",
            "label": "",
            "link": "",
            "position": "2306380",
            "replay": "replay"
        },
        {
            "change_type": "",
            "gameTime": "1 - 42:17",
            "label": "",
            "position": "2537289",
            "replay": "real-time"
        },
        {
            "change_type": "",
            "gameTime": "1 - 42:26",
            "label": "",
            "link": "",
            "position": "2546804",
            "replay": "replay"
        },
        {
            "change_type": "",
            "gameTime": "1 - 42:32",
            "label": "",
            "link": "",
            "position": "2552083",
            "replay": "replay"
        },
        {
            "change_type": "",
            "gameTime": "1 - 42:37",
            "label": "",
            "position": "2557099",
            "replay": "other"
        },
        {
            "change_type": "",
            "gameTime": "1 - 45:15",
            "label": "",
            "position": "2715119",
            "replay": "real-time"
        },
        {
            "change_type": "",
            "gameTime": "1 - 45:18",
            "label": "",
            "position": "2718451",
            "replay": "other"
        },
        {
            "change_type": "",
            "gameTime": "2 - 01:18",
            "label": "",
            "position": "78227",
            "replay": "real-time"
        },
        {
            "change_type": "",
            "gameTime": "2 - 01:25",
            "label": "",
            "link": "",
            "position": "85459",
            "replay": "replay"
        },
        {
            "change_type": "",
            "gameTime": "2 - 02:52",
            "label": "",
            "position": "172373",
            "replay": "real-time"
        },
        {
            "change_type": "",
            "gameTime": "2 - 02:56",
            "label": "",
            "link": "",
            "position": "176525",
            "replay": "replay"
        },
        {
            "change_type": "",
            "gameTime": "2 - 03:03",
            "label": "",
            "link": "",
            "position": "183902",
            "replay": "replay"
        },
        {
            "change_type": "",
            "gameTime": "2 - 03:56",
            "label": "",
            "position": "236429",
            "replay": "real-time"
        },
        {
            "change_type": "",
            "gameTime": "2 - 04:02",
            "label": "",
            "link": "",
            "position": "242202",
            "replay": "replay"
        },
        {
            "change_type": "",
            "gameTime": "2 - 04:07",
            "label": "",
            "link": "",
            "position": "247086",
            "replay": "replay"
        },
        {
            "change_type": "",
            "gameTime": "2 - 04:12",
            "label": "",
            "link": "",
            "position": "252634",
            "replay": "replay"
        },
        {
            "change_type": "",
            "gameTime": "2 - 07:38",
            "label": "",
            "position": "458142",
            "replay": "real-time"
        },
        {
            "change_type": "",
            "gameTime": "2 - 07:44",
            "label": "",
            "link": "",
            "position": "464192",
            "replay": "replay"
        },
        {
            "change_type": "",
            "gameTime": "2 - 07:51",
            "label": "",
            "link": "",
            "position": "471042",
            "replay": "replay"
        },
        {
            "change_type": "",
            "gameTime": "2 - 08:47",
            "label": "",
            "position": "527822",
            "replay": "real-time"
        },
        {
            "change_type": "",
            "gameTime": "2 - 08:53",
            "label": "",
            "link": "",
            "position": "533506",
            "replay": "replay"
        },
        {
            "change_type": "",
            "gameTime": "2 - 08:57",
            "label": "",
            "link": "",
            "position": "537510",
            "replay": "replay"
        },
        {
            "change_type": "",
            "gameTime": "2 - 09:02",
            "label": "",
            "link": "",
            "position": "542606",
            "replay": "replay"
        },
        {
            "change_type": "",
            "gameTime": "2 - 10:01",
            "label": "",
            "position": "601233",
            "replay": "real-time"
        },
        {
            "change_type": "",
            "gameTime": "2 - 10:07",
            "label": "",
            "position": "607251",
            "replay": "other"
        },
        {
            "change_type": "",
            "gameTime": "2 - 10:25",
            "label": "",
            "position": "625976",
            "replay": "real-time"
        },
        {
            "change_type": "",
            "gameTime": "2 - 10:31",
            "label": "",
            "link": "",
            "position": "631843",
            "replay": "replay"
        },
        {
            "change_type": "",
            "gameTime": "2 - 13:03",
            "label": "",
            "position": "783755",
            "replay": "real-time"
        },
        {
            "change_type": "",
            "gameTime": "2 - 13:08",
            "label": "",
            "link": "",
            "position": "788206",
            "replay": "replay"
        },
        {
            "change_type": "",
            "gameTime": "2 - 13:51",
            "label": "",
            "position": "831814",
            "replay": "real-time"
        },
        {
            "change_type": "",
            "gameTime": "2 - 13:57",
            "label": "",
            "link": "",
            "position": "837901",
            "replay": "replay"
        },
        {
            "change_type": "",
            "gameTime": "2 - 14:02",
            "label": "",
            "link": "",
            "position": "842982",
            "replay": "replay"
        },
        {
            "change_type": "",
            "gameTime": "2 - 14:25",
            "label": "",
            "position": "865600",
            "replay": "real-time"
        },
        {
            "change_type": "",
            "gameTime": "2 - 14:35",
            "label": "",
            "link": "",
            "position": "875644",
            "replay": "replay"
        },
        {
            "change_type": "",
            "gameTime": "2 - 14:40",
            "label": "",
            "link": "",
            "position": "880701",
            "replay": "replay"
        },
        {
            "change_type": "",
            "gameTime": "2 - 14:43",
            "label": "",
            "link": "",
            "position": "883829",
            "replay": "replay"
        },
        {
            "change_type": "",
            "gameTime": "2 - 16:11",
            "label": "",
            "position": "971088",
            "replay": "real-time"
        },
        {
            "change_type": "",
            "gameTime": "2 - 16:19",
            "label": "",
            "link": "",
            "position": "979389",
            "replay": "replay"
        },
        {
            "change_type": "",
            "gameTime": "2 - 16:53",
            "label": "",
            "position": "1013024",
            "replay": "real-time"
        },
        {
            "change_type": "",
            "gameTime": "2 - 17:01",
            "label": "",
            "link": "",
            "position": "1021502",
            "replay": "replay"
        },
        {
            "change_type": "",
            "gameTime": "2 - 19:22",
            "label": "",
            "position": "1162891",
            "replay": "real-time"
        },
        {
            "change_type": "",
            "gameTime": "2 - 19:27",
            "label": "",
            "position": "1167294",
            "replay": "other"
        },
        {
            "change_type": "",
            "gameTime": "2 - 19:43",
            "label": "",
            "position": "1183210",
            "replay": "real-time"
        },
        {
            "change_type": "",
            "gameTime": "2 - 19:48",
            "label": "",
            "link": "",
            "position": "1188456",
            "replay": "replay"
        },
        {
            "change_type": "",
            "gameTime": "2 - 19:52",
            "label": "",
            "link": "",
            "position": "1192515",
            "replay": "replay"
        },
        {
            "change_type": "",
            "gameTime": "2 - 19:59",
            "label": "",
            "position": "1199083",
            "replay": "other"
        },
        {
            "change_type": "",
            "gameTime": "2 - 20:48",
            "label": "",
            "position": "1248294",
            "replay": "real-time"
        },
        {
            "change_type": "",
            "gameTime": "2 - 20:55",
            "label": "",
            "link": "",
            "position": "1255016",
            "replay": "replay"
        },
        {
            "change_type": "",
            "gameTime": "2 - 21:53",
            "label": "",
            "position": "1313980",
            "replay": "real-time"
        },
        {
            "change_type": "",
            "gameTime": "2 - 21:59",
            "label": "",
            "link": "",
            "position": "1319293",
            "replay": "replay"
        },
        {
            "change_type": "",
            "gameTime": "2 - 22:05",
            "label": "",
            "link": "",
            "position": "1325598",
            "replay": "replay"
        },
        {
            "change_type": "",
            "gameTime": "2 - 23:05",
            "label": "",
            "position": "1385518",
            "replay": "real-time"
        },
        {
            "change_type": "",
            "gameTime": "2 - 23:11",
            "label": "",
            "position": "1391446",
            "replay": "other"
        },
        {
            "change_type": "",
            "gameTime": "2 - 25:59",
            "label": "",
            "position": "1559092",
            "replay": "real-time"
        },
        {
            "change_type": "",
            "gameTime": "2 - 26:05",
            "label": "",
            "link": "",
            "position": "1565364",
            "replay": "replay"
        },
        {
            "change_type": "",
            "gameTime": "2 - 26:11",
            "label": "",
            "link": "",
            "position": "1571825",
            "replay": "replay"
        },
        {
            "change_type": "",
            "gameTime": "2 - 26:19",
            "label": "",
            "link": "",
            "position": "1579242",
            "replay": "replay"
        },
        {
            "change_type": "",
            "gameTime": "2 - 27:25",
            "label": "",
            "position": "1645917",
            "replay": "real-time"
        },
        {
            "change_type": "",
            "gameTime": "2 - 27:29",
            "label": "",
            "link": "",
            "position": "1649660",
            "replay": "replay"
        },
        {
            "change_type": "",
            "gameTime": "2 - 27:34",
            "label": "",
            "link": "",
            "position": "1654743",
            "replay": "replay"
        },
        {
            "change_type": "",
            "gameTime": "2 - 27:37",
            "label": "",
            "link": "",
            "position": "1657892",
            "replay": "replay"
        },
        {
            "change_type": "",
            "gameTime": "2 - 27:56",
            "label": "",
            "link": "",
            "position": "1676937",
            "replay": "replay"
        },
        {
            "change_type": "",
            "gameTime": "2 - 32:34",
            "label": "",
            "position": "1954648",
            "replay": "real-time"
        },
        {
            "change_type": "",
            "gameTime": "2 - 32:45",
            "label": "",
            "link": "",
            "position": "1965965",
            "replay": "replay"
        },
        {
            "change_type": "",
            "gameTime": "2 - 32:50",
            "label": "",
            "link": "",
            "position": "1970602",
            "replay": "replay"
        },
        {
            "change_type": "",
            "gameTime": "2 - 32:53",
            "label": "",
            "link": "",
            "position": "1973331",
            "replay": "replay"
        },
        {
            "change_type": "",
            "gameTime": "2 - 33:02",
            "label": "",
            "link": "",
            "position": "1982661",
            "replay": "replay"
        },
        {
            "change_type": "",
            "gameTime": "2 - 36:50",
            "label": "",
            "position": "2210796",
            "replay": "real-time"
        },
        {
            "change_type": "",
            "gameTime": "2 - 36:55",
            "label": "",
            "position": "2215024",
            "replay": "other"
        },
        {
            "change_type": "",
            "gameTime": "2 - 37:02",
            "label": "",
            "position": "2222033",
            "replay": "other"
        },
        {
            "change_type": "",
            "gameTime": "2 - 40:14",
            "label": "",
            "position": "2414902",
            "replay": "real-time"
        },
        {
            "change_type": "",
            "gameTime": "2 - 40:21",
            "label": "",
            "link": "",
            "position": "2421255",
            "replay": "replay"
        },
        {
            "change_type": "",
            "gameTime": "2 - 40:27",
            "label": "",
            "link": "",
            "position": "2427573",
            "replay": "replay"
        },
        {
            "change_type": "",
            "gameTime": "2 - 40:34",
            "label": "",
            "position": "2434566",
            "replay": "other"
        },
        {
            "change_type": "",
            "gameTime": "2 - 40:39",
            "label": "",
            "position": "2439021",
            "replay": "other"
        },
        {
            "change_type": "",
            "gameTime": "2 - 42:28",
            "label": "",
            "position": "2548997",
            "replay": "real-time"
        },
        {
            "change_type": "",
            "gameTime": "2 - 42:36",
            "label": "",
            "link": "",
            "position": "2556659",
            "replay": "replay"
        },
        {
            "change_type": "",
            "gameTime": "2 - 42:42",
            "label": "",
            "link": "",
            "position": "2562633",
            "replay": "replay"
        },
        {
            "change_type": "",
            "gameTime": "2 - 42:50",
            "label": "",
            "link": "",
            "position": "2570047",
            "replay": "replay"
        },
        {
            "change_type": "",
            "gameTime": "2 - 42:53",
            "label": "",
            "position": "2573814",
            "replay": "real-time"
        },
        {
            "change_type": "",
            "gameTime": "2 - 42:59",
            "label": "",
            "position": "2579292",
            "replay": "other"
        },
        {
            "change_type": "",
            "gameTime": "2 - 47:04",
            "label": "",
            "position": "2824213",
            "replay": "real-time"
        },
        {
            "change_type": "",
            "gameTime": "2 - 47:08",
            "label": "",
            "link": "",
            "position": "2828696",
            "replay": "replay"
        },
        {
            "change_type": "",
            "gameTime": "2 - 48:13",
            "label": "",
            "position": "2893658",
            "replay": "real-time"
        }
    ],
    "gameAwayTeam": "Marseille",
    "gameDate": "2016-09-11 - 18-00",
    "gameHomeTeam": "Nice",
    "gameScore": "3 - 2"
}