{
    "UrlLocal": "europe_uefa-champions-league/2016-2017/2017-05-09 - 18-00 Juventus 2 - 1 Monaco",
    "predictions": [
        {
            "gameTime": "1 - 39:32",
            "label": "card",
            "position": "2372000",
            "half": "1",
            "confidence": "0.944187343120575"
        },
        {
            "gameTime": "1 - 39:42",
            "label": "card",
            "position": "2382000",
            "half": "1",
            "confidence": "0.9089080691337585"
        },
        {
            "gameTime": "1 - 9:43",
            "label": "subs",
            "position": "583000",
            "half": "1",
            "confidence": "0.8915171027183533"
        },
        {
            "gameTime": "1 - 9:53",
            "label": "subs",
            "position": "593000",
            "half": "1",
            "confidence": "0.8457890748977661"
        },
        {
            "gameTime": "1 - 32:32",
            "label": "soccer",
            "position": "1952000",
            "half": "1",
            "confidence": "0.9149367809295654"
        },
        {
            "gameTime": "1 - 44:4",
            "label": "soccer",
            "position": "2644500",
            "half": "1",
            "confidence": "0.8063902258872986"
        },
        {
            "gameTime": "1 - 4:24",
            "label": "soccer",
            "position": "264000",
            "half": "1",
            "confidence": "0.7336586713790894"
        },
        {
            "gameTime": "1 - 0:41",
            "label": "soccer",
            "position": "41000",
            "half": "1",
            "confidence": "0.533876359462738"
        },
        {
            "gameTime": "2 - 5:55",
            "label": "card",
            "position": "355500",
            "half": "2",
            "confidence": "0.872263491153717"
        },
        {
            "gameTime": "2 - 6:5",
            "label": "card",
            "position": "365500",
            "half": "2",
            "confidence": "0.7596790790557861"
        },
        {
            "gameTime": "2 - 28:1",
            "label": "card",
            "position": "1681500",
            "half": "2",
            "confidence": "0.555255651473999"
        },
        {
            "gameTime": "2 - 32:43",
            "label": "subs",
            "position": "1963000",
            "half": "2",
            "confidence": "0.9728803038597107"
        },
        {
            "gameTime": "2 - 8:58",
            "label": "subs",
            "position": "538000",
            "half": "2",
            "confidence": "0.9507836103439331"
        },
        {
            "gameTime": "2 - 39:49",
            "label": "subs",
            "position": "2389000",
            "half": "2",
            "confidence": "0.9024686813354492"
        },
        {
            "gameTime": "2 - 39:38",
            "label": "subs",
            "position": "2378500",
            "half": "2",
            "confidence": "0.90120530128479"
        },
        {
            "gameTime": "2 - 23:53",
            "label": "subs",
            "position": "1433000",
            "half": "2",
            "confidence": "0.9009764790534973"
        },
        {
            "gameTime": "2 - 8:47",
            "label": "subs",
            "position": "527500",
            "half": "2",
            "confidence": "0.8203517198562622"
        },
        {
            "gameTime": "2 - 32:53",
            "label": "subs",
            "position": "1973000",
            "half": "2",
            "confidence": "0.5915980935096741"
        },
        {
            "gameTime": "2 - 39:25",
            "label": "subs",
            "position": "2365000",
            "half": "2",
            "confidence": "0.5911285281181335"
        },
        {
            "gameTime": "2 - 37:12",
            "label": "soccer",
            "position": "2232000",
            "half": "2",
            "confidence": "0.7498778700828552"
        },
        {
            "gameTime": "2 - 16:0",
            "label": "soccer",
            "position": "960500",
            "half": "2",
            "confidence": "0.717247486114502"
        },
        {
            "gameTime": "2 - 21:52",
            "label": "soccer",
            "position": "1312500",
            "half": "2",
            "confidence": "0.6075130105018616"
        },
        {
            "gameTime": "2 - 23:14",
            "label": "soccer",
            "position": "1394000",
            "half": "2",
            "confidence": "0.5925430059432983"
        },
        {
            "gameTime": "2 - 48:31",
            "label": "soccer",
            "position": "2911500",
            "half": "2",
            "confidence": "0.5447177290916443"
        },
        {
            "gameTime": "2 - 22:54",
            "label": "soccer",
            "position": "1374000",
            "half": "2",
            "confidence": "0.5322371125221252"
        }
    ]
}