{
    "UrlLocal": "europe_uefa-champions-league/2016-2017/2016-09-26 - 18-00 Arsenal 2 - 0 Basel",
    "predictions": [
        {
            "gameTime": "1 - 20:47",
            "label": "card",
            "position": "1247500",
            "half": "1",
            "confidence": "0.8016846179962158"
        },
        {
            "gameTime": "1 - 6:42",
            "label": "soccer",
            "position": "402000",
            "half": "1",
            "confidence": "0.9735745191574097"
        },
        {
            "gameTime": "1 - 25:34",
            "label": "soccer",
            "position": "1534500",
            "half": "1",
            "confidence": "0.8545346856117249"
        },
        {
            "gameTime": "1 - 6:52",
            "label": "soccer",
            "position": "412000",
            "half": "1",
            "confidence": "0.6561619639396667"
        },
        {
            "gameTime": "2 - 33:22",
            "label": "subs",
            "position": "2002500",
            "half": "2",
            "confidence": "0.9373720288276672"
        },
        {
            "gameTime": "2 - 25:5",
            "label": "subs",
            "position": "1505500",
            "half": "2",
            "confidence": "0.9284778833389282"
        },
        {
            "gameTime": "2 - 25:25",
            "label": "subs",
            "position": "1525000",
            "half": "2",
            "confidence": "0.8926377892494202"
        },
        {
            "gameTime": "2 - 48:4",
            "label": "subs",
            "position": "2884500",
            "half": "2",
            "confidence": "0.7917306423187256"
        },
        {
            "gameTime": "2 - 29:44",
            "label": "subs",
            "position": "1784000",
            "half": "2",
            "confidence": "0.7134625315666199"
        },
        {
            "gameTime": "2 - 24:55",
            "label": "subs",
            "position": "1495000",
            "half": "2",
            "confidence": "0.7006524801254272"
        },
        {
            "gameTime": "2 - 33:12",
            "label": "subs",
            "position": "1992000",
            "half": "2",
            "confidence": "0.6166014671325684"
        },
        {
            "gameTime": "2 - 47:53",
            "label": "subs",
            "position": "2873500",
            "half": "2",
            "confidence": "0.611029326915741"
        },
        {
            "gameTime": "2 - 25:35",
            "label": "subs",
            "position": "1535000",
            "half": "2",
            "confidence": "0.5138248205184937"
        },
        {
            "gameTime": "2 - 22:0",
            "label": "soccer",
            "position": "1320500",
            "half": "2",
            "confidence": "0.893041729927063"
        }
    ]
}