{
    "UrlLocal": "spain_laliga/2019-2020/2019-08-17 - 18-00 Celta Vigo 1 - 3 Real Madrid",
    "predictions": [
        {
            "gameTime": "1 - 46:51",
            "label": "card",
            "position": "2811500",
            "half": "1",
            "confidence": "0.7001518607139587"
        },
        {
            "gameTime": "1 - 47:3",
            "label": "card",
            "position": "2823000",
            "half": "1",
            "confidence": "0.646416962146759"
        },
        {
            "gameTime": "1 - 11:42",
            "label": "soccer",
            "position": "702000",
            "half": "1",
            "confidence": "0.6863922476768494"
        },
        {
            "gameTime": "1 - 46:34",
            "label": "soccer",
            "position": "2794000",
            "half": "1",
            "confidence": "0.5641215443611145"
        },
        {
            "gameTime": "2 - 28:44",
            "label": "card",
            "position": "1724000",
            "half": "2",
            "confidence": "0.9733462929725647"
        },
        {
            "gameTime": "2 - 3:11",
            "label": "card",
            "position": "191000",
            "half": "2",
            "confidence": "0.9042609333992004"
        },
        {
            "gameTime": "2 - 28:33",
            "label": "card",
            "position": "1713500",
            "half": "2",
            "confidence": "0.7666950821876526"
        },
        {
            "gameTime": "2 - 10:33",
            "label": "card",
            "position": "633500",
            "half": "2",
            "confidence": "0.7324110269546509"
        },
        {
            "gameTime": "2 - 2:59",
            "label": "card",
            "position": "179500",
            "half": "2",
            "confidence": "0.6972295641899109"
        },
        {
            "gameTime": "2 - 18:44",
            "label": "card",
            "position": "1124000",
            "half": "2",
            "confidence": "0.5807908773422241"
        },
        {
            "gameTime": "2 - 10:43",
            "label": "card",
            "position": "643500",
            "half": "2",
            "confidence": "0.5097014307975769"
        },
        {
            "gameTime": "2 - 23:22",
            "label": "subs",
            "position": "1402500",
            "half": "2",
            "confidence": "0.8087025284767151"
        },
        {
            "gameTime": "2 - 10:24",
            "label": "subs",
            "position": "624000",
            "half": "2",
            "confidence": "0.5169095396995544"
        },
        {
            "gameTime": "2 - 45:48",
            "label": "soccer",
            "position": "2748500",
            "half": "2",
            "confidence": "0.937134861946106"
        },
        {
            "gameTime": "2 - 57:55",
            "label": "soccer",
            "position": "3475000",
            "half": "2",
            "confidence": "0.885655403137207"
        },
        {
            "gameTime": "2 - 19:54",
            "label": "soccer",
            "position": "1194500",
            "half": "2",
            "confidence": "0.86266028881073"
        },
        {
            "gameTime": "2 - 58:5",
            "label": "soccer",
            "position": "3485000",
            "half": "2",
            "confidence": "0.8168337345123291"
        },
        {
            "gameTime": "2 - 34:32",
            "label": "soccer",
            "position": "2072500",
            "half": "2",
            "confidence": "0.7484478950500488"
        },
        {
            "gameTime": "2 - 34:22",
            "label": "soccer",
            "position": "2062000",
            "half": "2",
            "confidence": "0.553419828414917"
        }
    ]
}