{
    "UrlLocal": "england_epl/2016-2017/2017-04-30 - 18-00 Tottenham 2 - 0 Arsenal",
    "predictions": [
        {
            "gameTime": "2 - 30:31",
            "label": "card",
            "position": "1831500",
            "half": "2",
            "confidence": "0.9453014731407166"
        },
        {
            "gameTime": "2 - 24:52",
            "label": "card",
            "position": "1492000",
            "half": "2",
            "confidence": "0.7789274454116821"
        },
        {
            "gameTime": "2 - 27:35",
            "label": "card",
            "position": "1655500",
            "half": "2",
            "confidence": "0.6320745348930359"
        },
        {
            "gameTime": "2 - 19:30",
            "label": "subs",
            "position": "1170000",
            "half": "2",
            "confidence": "0.9760633707046509"
        },
        {
            "gameTime": "2 - 29:44",
            "label": "subs",
            "position": "1784500",
            "half": "2",
            "confidence": "0.9487760066986084"
        },
        {
            "gameTime": "2 - 42:27",
            "label": "subs",
            "position": "2547000",
            "half": "2",
            "confidence": "0.93827885389328"
        },
        {
            "gameTime": "2 - 19:40",
            "label": "subs",
            "position": "1180000",
            "half": "2",
            "confidence": "0.9364075064659119"
        },
        {
            "gameTime": "2 - 35:16",
            "label": "subs",
            "position": "2116000",
            "half": "2",
            "confidence": "0.9168794751167297"
        },
        {
            "gameTime": "2 - 33:31",
            "label": "subs",
            "position": "2011500",
            "half": "2",
            "confidence": "0.8520942330360413"
        },
        {
            "gameTime": "2 - 45:57",
            "label": "subs",
            "position": "2757500",
            "half": "2",
            "confidence": "0.7944697737693787"
        },
        {
            "gameTime": "2 - 42:15",
            "label": "subs",
            "position": "2535000",
            "half": "2",
            "confidence": "0.7628408074378967"
        },
        {
            "gameTime": "2 - 33:21",
            "label": "subs",
            "position": "2001000",
            "half": "2",
            "confidence": "0.7615683078765869"
        },
        {
            "gameTime": "2 - 50:38",
            "label": "subs",
            "position": "3038000",
            "half": "2",
            "confidence": "0.7180044054985046"
        },
        {
            "gameTime": "2 - 45:46",
            "label": "subs",
            "position": "2746000",
            "half": "2",
            "confidence": "0.5523903965950012"
        },
        {
            "gameTime": "2 - 35:26",
            "label": "subs",
            "position": "2126000",
            "half": "2",
            "confidence": "0.5303359627723694"
        },
        {
            "gameTime": "2 - 50:48",
            "label": "subs",
            "position": "3048500",
            "half": "2",
            "confidence": "0.5267125368118286"
        },
        {
            "gameTime": "2 - 51:1",
            "label": "subs",
            "position": "3061000",
            "half": "2",
            "confidence": "0.5170186758041382"
        },
        {
            "gameTime": "2 - 51:16",
            "label": "subs",
            "position": "3076500",
            "half": "2",
            "confidence": "0.5010441541671753"
        },
        {
            "gameTime": "2 - 12:33",
            "label": "soccer",
            "position": "753000",
            "half": "2",
            "confidence": "0.8023042678833008"
        },
        {
            "gameTime": "2 - 10:5",
            "label": "soccer",
            "position": "605500",
            "half": "2",
            "confidence": "0.7411801218986511"
        }
    ]
}