{
    "UrlLocal": "england_epl/2015-2016/2015-10-03 - 19-30 Chelsea 1 - 3 Southampton",
    "predictions": [
        {
            "gameTime": "1 - 36:2",
            "label": "card",
            "position": "2162000",
            "half": "1",
            "confidence": "0.5581775307655334"
        },
        {
            "gameTime": "1 - 9:3",
            "label": "soccer",
            "position": "543000",
            "half": "1",
            "confidence": "0.9205926656723022"
        },
        {
            "gameTime": "1 - 9:18",
            "label": "soccer",
            "position": "558000",
            "half": "1",
            "confidence": "0.8685194253921509"
        },
        {
            "gameTime": "1 - 41:30",
            "label": "soccer",
            "position": "2490000",
            "half": "1",
            "confidence": "0.7647162675857544"
        },
        {
            "gameTime": "2 - 45:57",
            "label": "subs",
            "position": "2757500",
            "half": "2",
            "confidence": "0.9495896100997925"
        },
        {
            "gameTime": "2 - 32:10",
            "label": "subs",
            "position": "1930000",
            "half": "2",
            "confidence": "0.892844021320343"
        },
        {
            "gameTime": "2 - 31:59",
            "label": "subs",
            "position": "1919500",
            "half": "2",
            "confidence": "0.8565869331359863"
        },
        {
            "gameTime": "2 - 18:44",
            "label": "subs",
            "position": "1124000",
            "half": "2",
            "confidence": "0.8489376902580261"
        },
        {
            "gameTime": "2 - 18:54",
            "label": "subs",
            "position": "1134000",
            "half": "2",
            "confidence": "0.7152444124221802"
        },
        {
            "gameTime": "2 - 45:47",
            "label": "subs",
            "position": "2747000",
            "half": "2",
            "confidence": "0.646651029586792"
        },
        {
            "gameTime": "2 - 27:56",
            "label": "subs",
            "position": "1676000",
            "half": "2",
            "confidence": "0.5693148374557495"
        },
        {
            "gameTime": "2 - 26:59",
            "label": "soccer",
            "position": "1619500",
            "half": "2",
            "confidence": "0.694749116897583"
        }
    ]
}