{
    "UrlLocal": "germany_bundesliga/2016-2017/2017-01-21 - 18-00 Leipzig 3 - 0 Frankfurt",
    "UrlYoutube": "",
    "annotations": [
        {
            "change_type": "",
            "gameTime": "1 - 02:25",
            "label": "",
            "position": "145064",
            "replay": "real-time"
        },
        {
            "change_type": "",
            "gameTime": "1 - 02:33",
            "label": "",
            "link": "",
            "position": "153624",
            "replay": "replay"
        },
        {
            "change_type": "",
            "gameTime": "1 - 02:39",
            "label": "",
            "link": "",
            "position": "159064",
            "replay": "replay"
        },
        {
            "change_type": "",
            "gameTime": "1 - 04:01",
            "label": "",
            "position": "241145",
            "replay": "real-time"
        },
        {
            "change_type": "",
            "gameTime": "1 - 04:07",
            "label": "",
            "link": "",
            "position": "247465",
            "replay": "replay"
        },
        {
            "change_type": "",
            "gameTime": "1 - 04:19",
            "label": "",
            "link": "",
            "position": "259585",
            "replay": "replay"
        },
        {
            "change_type": "",
            "gameTime": "1 - 06:12",
            "label": "",
            "position": "372348",
            "replay": "real-time"
        },
        {
            "change_type": "",
            "gameTime": "1 - 06:18",
            "label": "",
            "link": "",
            "position": "378748",
            "replay": "replay"
        },
        {
            "change_type": "",
            "gameTime": "1 - 06:24",
            "label": "",
            "link": "",
            "position": "384748",
            "replay": "replay"
        },
        {
            "change_type": "",
            "gameTime": "1 - 06:31",
            "label": "",
            "link": "",
            "position": "391788",
            "replay": "replay"
        },
        {
            "change_type": "",
            "gameTime": "1 - 10:12",
            "label": "",
            "position": "612134",
            "replay": "real-time"
        },
        {
            "change_type": "",
            "gameTime": "1 - 10:20",
            "label": "",
            "link": "",
            "position": "620094",
            "replay": "replay"
        },
        {
            "change_type": "",
            "gameTime": "1 - 10:30",
            "label": "",
            "link": "",
            "position": "630214",
            "replay": "replay"
        },
        {
            "change_type": "",
            "gameTime": "1 - 11:14",
            "label": "",
            "position": "674343",
            "replay": "real-time"
        },
        {
            "change_type": "",
            "gameTime": "1 - 11:22",
            "label": "",
            "position": "682643",
            "replay": "other"
        },
        {
            "change_type": "",
            "gameTime": "1 - 14:17",
            "label": "",
            "position": "857366",
            "replay": "real-time"
        },
        {
            "change_type": "",
            "gameTime": "1 - 14:22",
            "label": "",
            "link": "",
            "position": "862966",
            "replay": "replay"
        },
        {
            "change_type": "",
            "gameTime": "1 - 22:17",
            "label": "",
            "position": "1337299",
            "replay": "real-time"
        },
        {
            "change_type": "",
            "gameTime": "1 - 22:23",
            "label": "",
            "link": "",
            "position": "1343935",
            "replay": "replay"
        },
        {
            "change_type": "",
            "gameTime": "1 - 22:29",
            "label": "",
            "link": "",
            "position": "1349295",
            "replay": "replay"
        },
        {
            "change_type": "",
            "gameTime": "1 - 22:34",
            "label": "",
            "position": "1354424",
            "replay": "other"
        },
        {
            "change_type": "",
            "gameTime": "1 - 22:39",
            "label": "",
            "position": "1359344",
            "replay": "other"
        },
        {
            "change_type": "",
            "gameTime": "1 - 25:23",
            "label": "",
            "position": "1523654",
            "replay": "real-time"
        },
        {
            "change_type": "",
            "gameTime": "1 - 25:36",
            "label": "",
            "link": "",
            "position": "1536658",
            "replay": "replay"
        },
        {
            "change_type": "",
            "gameTime": "1 - 25:45",
            "label": "",
            "link": "",
            "position": "1545691",
            "replay": "replay"
        },
        {
            "change_type": "",
            "gameTime": "1 - 27:04",
            "label": "",
            "position": "1624468",
            "replay": "real-time"
        },
        {
            "change_type": "",
            "gameTime": "1 - 27:09",
            "label": "",
            "link": "",
            "position": "1629778",
            "replay": "replay"
        },
        {
            "change_type": "",
            "gameTime": "1 - 27:18",
            "label": "",
            "position": "1638138",
            "replay": "other"
        },
        {
            "change_type": "",
            "gameTime": "1 - 27:27",
            "label": "",
            "link": "",
            "position": "1647717",
            "replay": "replay"
        },
        {
            "change_type": "",
            "gameTime": "1 - 33:46",
            "label": "",
            "position": "2026016",
            "replay": "real-time"
        },
        {
            "change_type": "",
            "gameTime": "1 - 33:50",
            "label": "",
            "link": "",
            "position": "2030976",
            "replay": "replay"
        },
        {
            "change_type": "",
            "gameTime": "1 - 33:56",
            "label": "",
            "link": "",
            "position": "2036616",
            "replay": "replay"
        },
        {
            "change_type": "",
            "gameTime": "1 - 35:07",
            "label": "",
            "position": "2107960",
            "replay": "real-time"
        },
        {
            "change_type": "",
            "gameTime": "1 - 35:14",
            "label": "",
            "link": "",
            "position": "2114720",
            "replay": "replay"
        },
        {
            "change_type": "",
            "gameTime": "1 - 35:20",
            "label": "",
            "link": "",
            "position": "2120960",
            "replay": "replay"
        },
        {
            "change_type": "",
            "gameTime": "1 - 37:44",
            "label": "",
            "position": "2264980",
            "replay": "real-time"
        },
        {
            "change_type": "",
            "gameTime": "1 - 37:51",
            "label": "",
            "link": "",
            "position": "2271780",
            "replay": "replay"
        },
        {
            "change_type": "",
            "gameTime": "1 - 37:58",
            "label": "",
            "position": "2278100",
            "replay": "other"
        },
        {
            "change_type": "",
            "gameTime": "1 - 41:57",
            "label": "",
            "position": "2517908",
            "replay": "real-time"
        },
        {
            "change_type": "",
            "gameTime": "1 - 42:04",
            "label": "",
            "position": "2524748",
            "replay": "other"
        },
        {
            "change_type": "",
            "gameTime": "1 - 42:09",
            "label": "",
            "position": "2529071",
            "replay": "other"
        },
        {
            "change_type": "",
            "gameTime": "1 - 47:42",
            "label": "",
            "position": "2862818",
            "replay": "real-time"
        },
        {
            "change_type": "",
            "gameTime": "1 - 47:51",
            "label": "",
            "link": "",
            "position": "2871898",
            "replay": "replay"
        },
        {
            "change_type": "",
            "gameTime": "1 - 48:37",
            "label": "",
            "position": "2917024",
            "replay": "real-time"
        },
        {
            "change_type": "",
            "gameTime": "1 - 48:43",
            "label": "",
            "link": "",
            "position": "2923348",
            "replay": "replay"
        },
        {
            "change_type": "",
            "gameTime": "1 - 48:50",
            "label": "",
            "link": "",
            "position": "2930024",
            "replay": "replay"
        },
        {
            "change_type": "",
            "gameTime": "1 - 48:58",
            "label": "",
            "link": "",
            "position": "2938464",
            "replay": "replay"
        },
        {
            "change_type": "",
            "gameTime": "1 - 49:09",
            "label": "",
            "link": "",
            "position": "2949144",
            "replay": "replay"
        },
        {
            "change_type": "",
            "gameTime": "2 - 03:55",
            "label": "",
            "position": "235122",
            "replay": "real-time"
        },
        {
            "change_type": "",
            "gameTime": "2 - 04:04",
            "label": "",
            "link": "",
            "position": "244722",
            "replay": "replay"
        },
        {
            "change_type": "",
            "gameTime": "2 - 05:56",
            "label": "",
            "position": "356178",
            "replay": "real-time"
        },
        {
            "change_type": "",
            "gameTime": "2 - 06:03",
            "label": "",
            "link": "",
            "position": "363531",
            "replay": "replay"
        },
        {
            "change_type": "",
            "gameTime": "2 - 11:33",
            "label": "",
            "position": "693902",
            "replay": "real-time"
        },
        {
            "change_type": "",
            "gameTime": "2 - 11:45",
            "label": "",
            "link": "",
            "position": "705593",
            "replay": "replay"
        },
        {
            "change_type": "",
            "gameTime": "2 - 14:56",
            "label": "",
            "position": "896083",
            "replay": "real-time"
        },
        {
            "change_type": "",
            "gameTime": "2 - 15:02",
            "label": "",
            "link": "",
            "position": "902573",
            "replay": "replay"
        },
        {
            "change_type": "",
            "gameTime": "2 - 17:14",
            "label": "",
            "position": "1034728",
            "replay": "real-time"
        },
        {
            "change_type": "",
            "gameTime": "2 - 17:21",
            "label": "",
            "link": "",
            "position": "1041220",
            "replay": "replay"
        },
        {
            "change_type": "",
            "gameTime": "2 - 20:36",
            "label": "",
            "position": "1236448",
            "replay": "real-time"
        },
        {
            "change_type": "",
            "gameTime": "2 - 20:44",
            "label": "",
            "link": "",
            "position": "1244588",
            "replay": "replay"
        },
        {
            "change_type": "",
            "gameTime": "2 - 20:50",
            "label": "",
            "link": "",
            "position": "1250268",
            "replay": "replay"
        },
        {
            "change_type": "",
            "gameTime": "2 - 21:48",
            "label": "",
            "position": "1308097",
            "replay": "real-time"
        },
        {
            "change_type": "",
            "gameTime": "2 - 22:10",
            "label": "",
            "link": "",
            "position": "1330243",
            "replay": "replay"
        },
        {
            "change_type": "",
            "gameTime": "2 - 22:16",
            "label": "",
            "link": "",
            "position": "1336976",
            "replay": "replay"
        },
        {
            "change_type": "",
            "gameTime": "2 - 22:30",
            "label": "",
            "link": "",
            "position": "1350496",
            "replay": "replay"
        },
        {
            "change_type": "",
            "gameTime": "2 - 23:21",
            "label": "",
            "position": "1401656",
            "replay": "real-time"
        },
        {
            "change_type": "",
            "gameTime": "2 - 23:28",
            "label": "",
            "link": "",
            "position": "1408485",
            "replay": "replay"
        },
        {
            "change_type": "",
            "gameTime": "2 - 24:17",
            "label": "",
            "position": "1457120",
            "replay": "real-time"
        },
        {
            "change_type": "",
            "gameTime": "2 - 24:23",
            "label": "",
            "link": "",
            "position": "1463869",
            "replay": "replay"
        },
        {
            "change_type": "",
            "gameTime": "2 - 27:01",
            "label": "",
            "position": "1621824",
            "replay": "real-time"
        },
        {
            "change_type": "",
            "gameTime": "2 - 27:10",
            "label": "",
            "link": "",
            "position": "1630180",
            "replay": "replay"
        },
        {
            "change_type": "",
            "gameTime": "2 - 27:15",
            "label": "",
            "link": "",
            "position": "1635919",
            "replay": "replay"
        },
        {
            "change_type": "",
            "gameTime": "2 - 28:50",
            "label": "",
            "position": "1730833",
            "replay": "real-time"
        },
        {
            "change_type": "",
            "gameTime": "2 - 28:59",
            "label": "",
            "link": "",
            "position": "1739411",
            "replay": "replay"
        },
        {
            "change_type": "",
            "gameTime": "2 - 31:26",
            "label": "",
            "position": "1886549",
            "replay": "real-time"
        },
        {
            "change_type": "",
            "gameTime": "2 - 31:36",
            "label": "",
            "link": "",
            "position": "1896925",
            "replay": "replay"
        },
        {
            "change_type": "",
            "gameTime": "2 - 33:51",
            "label": "",
            "position": "2031578",
            "replay": "real-time"
        },
        {
            "change_type": "",
            "gameTime": "2 - 33:57",
            "label": "",
            "link": "",
            "position": "2037418",
            "replay": "replay"
        },
        {
            "change_type": "",
            "gameTime": "2 - 36:14",
            "label": "",
            "position": "2174795",
            "replay": "real-time"
        },
        {
            "change_type": "",
            "gameTime": "2 - 36:21",
            "label": "",
            "link": "",
            "position": "2181476",
            "replay": "replay"
        },
        {
            "change_type": "",
            "gameTime": "2 - 36:29",
            "label": "",
            "link": "",
            "position": "2189396",
            "replay": "replay"
        }
    ],
    "gameAwayTeam": "Frankfurt",
    "gameDate": "2017-01-21 - 18-00",
    "gameHomeTeam": "Leipzig",
    "gameScore": "3 - 0"
}