{
    "UrlLocal": "europe_uefa-champions-league/2016-2017/2017-03-08 - 22-45 Barcelona 6 - 1 Paris SG",
    "predictions": [
        {
            "gameTime": "1 - 4:57",
            "label": "card",
            "position": "297000",
            "half": "1",
            "confidence": "0.9948176741600037"
        },
        {
            "gameTime": "1 - 4:46",
            "label": "card",
            "position": "286500",
            "half": "1",
            "confidence": "0.9826348423957825"
        },
        {
            "gameTime": "1 - 5:7",
            "label": "card",
            "position": "307000",
            "half": "1",
            "confidence": "0.9803517460823059"
        },
        {
            "gameTime": "1 - 13:4",
            "label": "card",
            "position": "784500",
            "half": "1",
            "confidence": "0.9672777652740479"
        },
        {
            "gameTime": "1 - 22:52",
            "label": "card",
            "position": "1372000",
            "half": "1",
            "confidence": "0.965351939201355"
        },
        {
            "gameTime": "1 - 40:31",
            "label": "card",
            "position": "2431000",
            "half": "1",
            "confidence": "0.9595411419868469"
        },
        {
            "gameTime": "1 - 40:41",
            "label": "card",
            "position": "2441000",
            "half": "1",
            "confidence": "0.8887551426887512"
        },
        {
            "gameTime": "1 - 22:41",
            "label": "card",
            "position": "1361500",
            "half": "1",
            "confidence": "0.7992312908172607"
        },
        {
            "gameTime": "1 - 13:15",
            "label": "card",
            "position": "795000",
            "half": "1",
            "confidence": "0.7967503070831299"
        },
        {
            "gameTime": "1 - 28:22",
            "label": "card",
            "position": "1702000",
            "half": "1",
            "confidence": "0.6450567245483398"
        },
        {
            "gameTime": "1 - 15:45",
            "label": "card",
            "position": "945000",
            "half": "1",
            "confidence": "0.6450090408325195"
        },
        {
            "gameTime": "1 - 28:9",
            "label": "card",
            "position": "1689500",
            "half": "1",
            "confidence": "0.5476562976837158"
        },
        {
            "gameTime": "1 - 39:37",
            "label": "subs",
            "position": "2377500",
            "half": "1",
            "confidence": "0.5691816806793213"
        },
        {
            "gameTime": "1 - 39:32",
            "label": "soccer",
            "position": "2372500",
            "half": "1",
            "confidence": "0.9041211009025574"
        },
        {
            "gameTime": "1 - 2:36",
            "label": "soccer",
            "position": "156500",
            "half": "1",
            "confidence": "0.8076918721199036"
        },
        {
            "gameTime": "2 - 15:39",
            "label": "card",
            "position": "939000",
            "half": "2",
            "confidence": "0.9756753444671631"
        },
        {
            "gameTime": "2 - 21:20",
            "label": "card",
            "position": "1280500",
            "half": "2",
            "confidence": "0.8922548294067383"
        },
        {
            "gameTime": "2 - 15:28",
            "label": "card",
            "position": "928500",
            "half": "2",
            "confidence": "0.8329050540924072"
        },
        {
            "gameTime": "2 - 18:44",
            "label": "card",
            "position": "1124500",
            "half": "2",
            "confidence": "0.8262134790420532"
        },
        {
            "gameTime": "2 - 48:13",
            "label": "card",
            "position": "2893000",
            "half": "2",
            "confidence": "0.6875455379486084"
        },
        {
            "gameTime": "2 - 48:28",
            "label": "card",
            "position": "2908500",
            "half": "2",
            "confidence": "0.652667760848999"
        },
        {
            "gameTime": "2 - 19:13",
            "label": "subs",
            "position": "1153000",
            "half": "2",
            "confidence": "0.9520276784896851"
        },
        {
            "gameTime": "2 - 38:23",
            "label": "subs",
            "position": "2303500",
            "half": "2",
            "confidence": "0.9519619941711426"
        },
        {
            "gameTime": "2 - 29:37",
            "label": "subs",
            "position": "1777500",
            "half": "2",
            "confidence": "0.9316792488098145"
        },
        {
            "gameTime": "2 - 47:8",
            "label": "subs",
            "position": "2828500",
            "half": "2",
            "confidence": "0.9315193891525269"
        },
        {
            "gameTime": "2 - 9:37",
            "label": "subs",
            "position": "577000",
            "half": "2",
            "confidence": "0.931025505065918"
        },
        {
            "gameTime": "2 - 19:28",
            "label": "subs",
            "position": "1168500",
            "half": "2",
            "confidence": "0.8953430652618408"
        },
        {
            "gameTime": "2 - 29:27",
            "label": "subs",
            "position": "1767000",
            "half": "2",
            "confidence": "0.8821002840995789"
        },
        {
            "gameTime": "2 - 30:48",
            "label": "subs",
            "position": "1848000",
            "half": "2",
            "confidence": "0.870391309261322"
        },
        {
            "gameTime": "2 - 30:58",
            "label": "subs",
            "position": "1858000",
            "half": "2",
            "confidence": "0.7665330171585083"
        },
        {
            "gameTime": "2 - 9:47",
            "label": "subs",
            "position": "587000",
            "half": "2",
            "confidence": "0.7443011999130249"
        },
        {
            "gameTime": "2 - 38:33",
            "label": "subs",
            "position": "2313500",
            "half": "2",
            "confidence": "0.6700988411903381"
        },
        {
            "gameTime": "2 - 47:18",
            "label": "subs",
            "position": "2838500",
            "half": "2",
            "confidence": "0.6002774834632874"
        },
        {
            "gameTime": "2 - 38:13",
            "label": "subs",
            "position": "2293000",
            "half": "2",
            "confidence": "0.5909002423286438"
        },
        {
            "gameTime": "2 - 16:10",
            "label": "soccer",
            "position": "970500",
            "half": "2",
            "confidence": "0.9394645094871521"
        },
        {
            "gameTime": "2 - 4:14",
            "label": "soccer",
            "position": "254500",
            "half": "2",
            "confidence": "0.896291196346283"
        },
        {
            "gameTime": "2 - 45:16",
            "label": "soccer",
            "position": "2716500",
            "half": "2",
            "confidence": "0.890198826789856"
        },
        {
            "gameTime": "2 - 49:47",
            "label": "soccer",
            "position": "2987500",
            "half": "2",
            "confidence": "0.8170587420463562"
        },
        {
            "gameTime": "2 - 2:58",
            "label": "soccer",
            "position": "178000",
            "half": "2",
            "confidence": "0.6661126017570496"
        },
        {
            "gameTime": "2 - 2:47",
            "label": "soccer",
            "position": "167500",
            "half": "2",
            "confidence": "0.6453387141227722"
        },
        {
            "gameTime": "2 - 6:26",
            "label": "soccer",
            "position": "386500",
            "half": "2",
            "confidence": "0.5271179676055908"
        }
    ]
}