{
    "UrlLocal": "europe_uefa-champions-league/2016-2017/2017-03-07 - 18-00 Arsenal 1 - 5 Bayern",
    "UrlYoutube": "",
    "annotations": [
        {
            "change_type": "",
            "gameTime": "1 - 07:27",
            "label": "",
            "position": "447355",
            "replay": "real-time"
        },
        {
            "change_type": "",
            "gameTime": "1 - 07:37",
            "label": "",
            "link": "",
            "position": "457542",
            "replay": "replay"
        },
        {
            "change_type": "",
            "gameTime": "1 - 08:04",
            "label": "",
            "position": "484431",
            "replay": "real-time"
        },
        {
            "change_type": "",
            "gameTime": "1 - 08:10",
            "label": "",
            "link": "",
            "position": "490520",
            "replay": "replay"
        },
        {
            "change_type": "",
            "gameTime": "1 - 08:16",
            "label": "",
            "link": "",
            "position": "496209",
            "replay": "replay"
        },
        {
            "change_type": "",
            "gameTime": "1 - 08:48",
            "label": "",
            "position": "528333",
            "replay": "real-time"
        },
        {
            "change_type": "",
            "gameTime": "1 - 08:58",
            "label": "",
            "link": "",
            "position": "538083",
            "replay": "replay"
        },
        {
            "change_type": "",
            "gameTime": "1 - 09:01",
            "label": "",
            "position": "541852",
            "replay": "other"
        },
        {
            "change_type": "",
            "gameTime": "1 - 12:15",
            "label": "",
            "position": "735661",
            "replay": "real-time"
        },
        {
            "change_type": "",
            "gameTime": "1 - 12:24",
            "label": "",
            "link": "",
            "position": "744440",
            "replay": "replay"
        },
        {
            "change_type": "",
            "gameTime": "1 - 12:30",
            "label": "",
            "position": "750488",
            "replay": "other"
        },
        {
            "change_type": "",
            "gameTime": "1 - 13:01",
            "label": "",
            "position": "781177",
            "replay": "real-time"
        },
        {
            "change_type": "",
            "gameTime": "1 - 13:05",
            "label": "",
            "link": "",
            "position": "785996",
            "replay": "replay"
        },
        {
            "change_type": "",
            "gameTime": "1 - 13:13",
            "label": "",
            "link": "",
            "position": "793033",
            "replay": "replay"
        },
        {
            "change_type": "",
            "gameTime": "1 - 13:17",
            "label": "",
            "position": "797487",
            "replay": "other"
        },
        {
            "change_type": "",
            "gameTime": "1 - 13:24",
            "label": "",
            "position": "804229",
            "replay": "other"
        },
        {
            "change_type": "",
            "gameTime": "1 - 14:11",
            "label": "",
            "position": "851935",
            "replay": "real-time"
        },
        {
            "change_type": "",
            "gameTime": "1 - 14:19",
            "label": "",
            "link": "",
            "position": "859324",
            "replay": "replay"
        },
        {
            "change_type": "",
            "gameTime": "1 - 16:46",
            "label": "",
            "position": "1006768",
            "replay": "real-time"
        },
        {
            "change_type": "",
            "gameTime": "1 - 16:52",
            "label": "",
            "position": "1012642",
            "replay": "other"
        },
        {
            "change_type": "",
            "gameTime": "1 - 16:59",
            "label": "",
            "position": "1019415",
            "replay": "other"
        },
        {
            "change_type": "",
            "gameTime": "1 - 17:22",
            "label": "",
            "position": "1042237",
            "replay": "real-time"
        },
        {
            "change_type": "",
            "gameTime": "1 - 17:32",
            "label": "",
            "link": "",
            "position": "1052675",
            "replay": "replay"
        },
        {
            "change_type": "",
            "gameTime": "1 - 18:30",
            "label": "",
            "position": "1110029",
            "replay": "real-time"
        },
        {
            "change_type": "",
            "gameTime": "1 - 18:34",
            "label": "",
            "link": "",
            "position": "1114353",
            "replay": "replay"
        },
        {
            "change_type": "",
            "gameTime": "1 - 19:51",
            "label": "",
            "position": "1191212",
            "replay": "real-time"
        },
        {
            "change_type": "",
            "gameTime": "1 - 20:00",
            "label": "",
            "link": "",
            "position": "1200295",
            "replay": "replay"
        },
        {
            "change_type": "",
            "gameTime": "1 - 20:07",
            "label": "",
            "link": "",
            "position": "1207277",
            "replay": "replay"
        },
        {
            "change_type": "",
            "gameTime": "1 - 20:14",
            "label": "",
            "link": "",
            "position": "1214233",
            "replay": "replay"
        },
        {
            "change_type": "",
            "gameTime": "1 - 20:20",
            "label": "",
            "position": "1220816",
            "replay": "other"
        },
        {
            "change_type": "",
            "gameTime": "1 - 20:28",
            "label": "",
            "position": "1228182",
            "replay": "other"
        },
        {
            "change_type": "",
            "gameTime": "1 - 23:13",
            "label": "",
            "position": "1393966",
            "replay": "real-time"
        },
        {
            "change_type": "",
            "gameTime": "1 - 23:24",
            "label": "",
            "link": "",
            "position": "1404004",
            "replay": "replay"
        },
        {
            "change_type": "",
            "gameTime": "1 - 23:31",
            "label": "",
            "link": "",
            "position": "1411183",
            "replay": "replay"
        },
        {
            "change_type": "",
            "gameTime": "1 - 24:06",
            "label": "",
            "position": "1446869",
            "replay": "real-time"
        },
        {
            "change_type": "",
            "gameTime": "1 - 24:12",
            "label": "",
            "link": "",
            "position": "1452232",
            "replay": "replay"
        },
        {
            "change_type": "",
            "gameTime": "1 - 24:30",
            "label": "",
            "position": "1470825",
            "replay": "real-time"
        },
        {
            "change_type": "",
            "gameTime": "1 - 24:38",
            "label": "",
            "link": "",
            "position": "1478616",
            "replay": "replay"
        },
        {
            "change_type": "",
            "gameTime": "1 - 25:52",
            "label": "",
            "position": "1552103",
            "replay": "real-time"
        },
        {
            "change_type": "",
            "gameTime": "1 - 25:58",
            "label": "",
            "link": "",
            "position": "1558705",
            "replay": "replay"
        },
        {
            "change_type": "",
            "gameTime": "1 - 27:50",
            "label": "",
            "position": "1670263",
            "replay": "real-time"
        },
        {
            "change_type": "",
            "gameTime": "1 - 27:59",
            "label": "",
            "link": "",
            "position": "1679377",
            "replay": "replay"
        },
        {
            "change_type": "",
            "gameTime": "1 - 28:05",
            "label": "",
            "position": "1685621",
            "replay": "other"
        },
        {
            "change_type": "",
            "gameTime": "1 - 28:34",
            "label": "",
            "position": "1714118",
            "replay": "real-time"
        },
        {
            "change_type": "",
            "gameTime": "1 - 28:41",
            "label": "",
            "link": "",
            "position": "1721166",
            "replay": "replay"
        },
        {
            "change_type": "",
            "gameTime": "1 - 28:54",
            "label": "",
            "link": "",
            "position": "1734197",
            "replay": "replay"
        },
        {
            "change_type": "",
            "gameTime": "1 - 30:13",
            "label": "",
            "position": "1813922",
            "replay": "real-time"
        },
        {
            "change_type": "",
            "gameTime": "1 - 30:22",
            "label": "",
            "position": "1822018",
            "replay": "other"
        },
        {
            "change_type": "",
            "gameTime": "1 - 32:13",
            "label": "",
            "position": "1933581",
            "replay": "real-time"
        },
        {
            "change_type": "",
            "gameTime": "1 - 32:21",
            "label": "",
            "link": "",
            "position": "1941512",
            "replay": "replay"
        },
        {
            "change_type": "",
            "gameTime": "1 - 32:28",
            "label": "",
            "link": "",
            "position": "1948615",
            "replay": "replay"
        },
        {
            "change_type": "",
            "gameTime": "1 - 33:12",
            "label": "",
            "position": "1992530",
            "replay": "real-time"
        },
        {
            "change_type": "",
            "gameTime": "1 - 33:22",
            "label": "",
            "link": "",
            "position": "2002172",
            "replay": "replay"
        },
        {
            "change_type": "",
            "gameTime": "1 - 33:27",
            "label": "",
            "link": "",
            "position": "2007686",
            "replay": "replay"
        },
        {
            "change_type": "",
            "gameTime": "1 - 33:32",
            "label": "",
            "position": "2012746",
            "replay": "other"
        },
        {
            "change_type": "",
            "gameTime": "1 - 33:42",
            "label": "",
            "link": "",
            "position": "2022436",
            "replay": "replay"
        },
        {
            "change_type": "",
            "gameTime": "1 - 35:38",
            "label": "",
            "position": "2138467",
            "replay": "real-time"
        },
        {
            "change_type": "",
            "gameTime": "1 - 35:44",
            "label": "",
            "position": "2144081",
            "replay": "other"
        },
        {
            "change_type": "",
            "gameTime": "1 - 35:50",
            "label": "",
            "position": "2150817",
            "replay": "real-time"
        },
        {
            "change_type": "",
            "gameTime": "1 - 36:08",
            "label": "",
            "link": "",
            "position": "2168438",
            "replay": "replay"
        },
        {
            "change_type": "",
            "gameTime": "1 - 36:11",
            "label": "",
            "position": "2171552",
            "replay": "other"
        },
        {
            "change_type": "",
            "gameTime": "1 - 36:20",
            "label": "",
            "link": "",
            "position": "2180831",
            "replay": "replay"
        },
        {
            "change_type": "",
            "gameTime": "1 - 36:46",
            "label": "",
            "position": "2206711",
            "replay": "real-time"
        },
        {
            "change_type": "",
            "gameTime": "1 - 36:55",
            "label": "",
            "link": "",
            "position": "2215025",
            "replay": "replay"
        },
        {
            "change_type": "",
            "gameTime": "1 - 37:22",
            "label": "",
            "position": "2242144",
            "replay": "real-time"
        },
        {
            "change_type": "",
            "gameTime": "1 - 37:29",
            "label": "",
            "link": "",
            "position": "2249622",
            "replay": "replay"
        },
        {
            "change_type": "",
            "gameTime": "1 - 37:45",
            "label": "",
            "link": "",
            "position": "2265292",
            "replay": "replay"
        },
        {
            "change_type": "",
            "gameTime": "1 - 38:38",
            "label": "",
            "position": "2318259",
            "replay": "real-time"
        },
        {
            "change_type": "",
            "gameTime": "1 - 38:44",
            "label": "",
            "link": "",
            "position": "2324288",
            "replay": "replay"
        },
        {
            "change_type": "",
            "gameTime": "1 - 42:03",
            "label": "",
            "position": "2523302",
            "replay": "real-time"
        },
        {
            "change_type": "",
            "gameTime": "1 - 42:09",
            "label": "",
            "link": "",
            "position": "2529747",
            "replay": "replay"
        },
        {
            "change_type": "",
            "gameTime": "1 - 42:15",
            "label": "",
            "link": "",
            "position": "2535160",
            "replay": "replay"
        },
        {
            "change_type": "",
            "gameTime": "1 - 43:56",
            "label": "",
            "position": "2636603",
            "replay": "real-time"
        },
        {
            "change_type": "",
            "gameTime": "1 - 44:03",
            "label": "",
            "link": "",
            "position": "2643536",
            "replay": "replay"
        },
        {
            "change_type": "",
            "gameTime": "1 - 45:03",
            "label": "",
            "position": "2703351",
            "replay": "real-time"
        },
        {
            "change_type": "",
            "gameTime": "1 - 45:08",
            "label": "",
            "link": "",
            "position": "2708479",
            "replay": "replay"
        },
        {
            "change_type": "",
            "gameTime": "2 - 02:46",
            "label": "",
            "position": "166954",
            "replay": "real-time"
        },
        {
            "change_type": "",
            "gameTime": "2 - 02:57",
            "label": "",
            "link": "",
            "position": "177177",
            "replay": "replay"
        },
        {
            "change_type": "",
            "gameTime": "2 - 03:03",
            "label": "",
            "link": "",
            "position": "183157",
            "replay": "replay"
        },
        {
            "change_type": "",
            "gameTime": "2 - 03:09",
            "label": "",
            "position": "189817",
            "replay": "other"
        },
        {
            "change_type": "",
            "gameTime": "2 - 03:32",
            "label": "",
            "position": "212832",
            "replay": "real-time"
        },
        {
            "change_type": "",
            "gameTime": "2 - 03:38",
            "label": "",
            "link": "",
            "position": "218936",
            "replay": "replay"
        },
        {
            "change_type": "",
            "gameTime": "2 - 03:56",
            "label": "",
            "position": "236829",
            "replay": "real-time"
        },
        {
            "change_type": "",
            "gameTime": "2 - 04:07",
            "label": "",
            "link": "",
            "position": "247369",
            "replay": "replay"
        },
        {
            "change_type": "",
            "gameTime": "2 - 06:57",
            "label": "",
            "position": "417155",
            "replay": "real-time"
        },
        {
            "change_type": "",
            "gameTime": "2 - 07:06",
            "label": "",
            "link": "",
            "position": "426542",
            "replay": "replay"
        },
        {
            "change_type": "",
            "gameTime": "2 - 07:34",
            "label": "",
            "position": "454204",
            "replay": "real-time"
        },
        {
            "change_type": "",
            "gameTime": "2 - 07:40",
            "label": "",
            "link": "",
            "position": "460432",
            "replay": "replay"
        },
        {
            "change_type": "",
            "gameTime": "2 - 07:48",
            "label": "",
            "link": "",
            "position": "468504",
            "replay": "replay"
        },
        {
            "change_type": "",
            "gameTime": "2 - 07:52",
            "label": "",
            "position": "472882",
            "replay": "other"
        },
        {
            "change_type": "",
            "gameTime": "2 - 09:37",
            "label": "",
            "position": "577731",
            "replay": "real-time"
        },
        {
            "change_type": "",
            "gameTime": "2 - 09:42",
            "label": "",
            "link": "",
            "position": "582847",
            "replay": "replay"
        },
        {
            "change_type": "",
            "gameTime": "2 - 09:48",
            "label": "",
            "link": "",
            "position": "588772",
            "replay": "replay"
        },
        {
            "change_type": "",
            "gameTime": "2 - 09:57",
            "label": "",
            "position": "597894",
            "replay": "other"
        },
        {
            "change_type": "",
            "gameTime": "2 - 10:04",
            "label": "",
            "position": "604538",
            "replay": "other"
        },
        {
            "change_type": "",
            "gameTime": "2 - 15:16",
            "label": "",
            "position": "916802",
            "replay": "real-time"
        },
        {
            "change_type": "",
            "gameTime": "2 - 15:27",
            "label": "",
            "link": "",
            "position": "927237",
            "replay": "replay"
        },
        {
            "change_type": "",
            "gameTime": "2 - 15:32",
            "label": "",
            "position": "932434",
            "replay": "other"
        },
        {
            "change_type": "",
            "gameTime": "2 - 17:10",
            "label": "",
            "position": "1030950",
            "replay": "real-time"
        },
        {
            "change_type": "",
            "gameTime": "2 - 17:18",
            "label": "",
            "link": "",
            "position": "1038912",
            "replay": "replay"
        },
        {
            "change_type": "",
            "gameTime": "2 - 17:24",
            "label": "",
            "link": "",
            "position": "1044274",
            "replay": "replay"
        },
        {
            "change_type": "",
            "gameTime": "2 - 18:35",
            "label": "",
            "position": "1115932",
            "replay": "real-time"
        },
        {
            "change_type": "",
            "gameTime": "2 - 18:41",
            "label": "",
            "link": "",
            "position": "1121419",
            "replay": "replay"
        },
        {
            "change_type": "",
            "gameTime": "2 - 18:46",
            "label": "",
            "link": "",
            "position": "1126621",
            "replay": "replay"
        },
        {
            "change_type": "",
            "gameTime": "2 - 18:51",
            "label": "",
            "position": "1131735",
            "replay": "other"
        },
        {
            "change_type": "",
            "gameTime": "2 - 20:52",
            "label": "",
            "position": "1252085",
            "replay": "real-time"
        },
        {
            "change_type": "",
            "gameTime": "2 - 21:01",
            "label": "",
            "link": "",
            "position": "1261268",
            "replay": "replay"
        },
        {
            "change_type": "",
            "gameTime": "2 - 22:12",
            "label": "",
            "position": "1332126",
            "replay": "real-time"
        },
        {
            "change_type": "",
            "gameTime": "2 - 22:19",
            "label": "",
            "link": "",
            "position": "1339069",
            "replay": "replay"
        },
        {
            "change_type": "",
            "gameTime": "2 - 22:23",
            "label": "",
            "position": "1343280",
            "replay": "other"
        },
        {
            "change_type": "",
            "gameTime": "2 - 22:43",
            "label": "",
            "position": "1363540",
            "replay": "real-time"
        },
        {
            "change_type": "",
            "gameTime": "2 - 22:56",
            "label": "",
            "link": "",
            "position": "1376862",
            "replay": "replay"
        },
        {
            "change_type": "",
            "gameTime": "2 - 23:04",
            "label": "",
            "link": "",
            "position": "1384028",
            "replay": "replay"
        },
        {
            "change_type": "",
            "gameTime": "2 - 23:13",
            "label": "",
            "link": "",
            "position": "1393293",
            "replay": "replay"
        },
        {
            "change_type": "",
            "gameTime": "2 - 23:22",
            "label": "",
            "position": "1402263",
            "replay": "other"
        },
        {
            "change_type": "",
            "gameTime": "2 - 23:27",
            "label": "",
            "position": "1407105",
            "replay": "other"
        },
        {
            "change_type": "",
            "gameTime": "2 - 25:04",
            "label": "",
            "position": "1504688",
            "replay": "real-time"
        },
        {
            "change_type": "",
            "gameTime": "2 - 25:13",
            "label": "",
            "link": "",
            "position": "1513286",
            "replay": "replay"
        },
        {
            "change_type": "",
            "gameTime": "2 - 25:19",
            "label": "",
            "link": "",
            "position": "1519061",
            "replay": "replay"
        },
        {
            "change_type": "",
            "gameTime": "2 - 25:23",
            "label": "",
            "position": "1523275",
            "replay": "other"
        },
        {
            "change_type": "",
            "gameTime": "2 - 25:29",
            "label": "",
            "position": "1529448",
            "replay": "other"
        },
        {
            "change_type": "",
            "gameTime": "2 - 32:19",
            "label": "",
            "position": "1939056",
            "replay": "real-time"
        },
        {
            "change_type": "",
            "gameTime": "2 - 32:34",
            "label": "",
            "link": "",
            "position": "1954171",
            "replay": "replay"
        },
        {
            "change_type": "",
            "gameTime": "2 - 32:42",
            "label": "",
            "link": "",
            "position": "1962312",
            "replay": "replay"
        },
        {
            "change_type": "",
            "gameTime": "2 - 32:51",
            "label": "",
            "link": "",
            "position": "1971534",
            "replay": "replay"
        },
        {
            "change_type": "",
            "gameTime": "2 - 32:55",
            "label": "",
            "position": "1975692",
            "replay": "other"
        },
        {
            "change_type": "",
            "gameTime": "2 - 33:04",
            "label": "",
            "position": "1984047",
            "replay": "other"
        },
        {
            "change_type": "",
            "gameTime": "2 - 33:09",
            "label": "",
            "position": "1989852",
            "replay": "other"
        },
        {
            "change_type": "",
            "gameTime": "2 - 33:13",
            "label": "",
            "position": "1993611",
            "replay": "other"
        },
        {
            "change_type": "",
            "gameTime": "2 - 34:34",
            "label": "",
            "position": "2074841",
            "replay": "real-time"
        },
        {
            "change_type": "",
            "gameTime": "2 - 34:48",
            "label": "",
            "link": "",
            "position": "2088086",
            "replay": "replay"
        },
        {
            "change_type": "",
            "gameTime": "2 - 34:58",
            "label": "",
            "link": "",
            "position": "2098369",
            "replay": "replay"
        },
        {
            "change_type": "",
            "gameTime": "2 - 35:04",
            "label": "",
            "position": "2104327",
            "replay": "other"
        },
        {
            "change_type": "",
            "gameTime": "2 - 35:09",
            "label": "",
            "position": "2109037",
            "replay": "other"
        },
        {
            "change_type": "",
            "gameTime": "2 - 35:15",
            "label": "",
            "position": "2115600",
            "replay": "other"
        },
        {
            "change_type": "",
            "gameTime": "2 - 38:11",
            "label": "",
            "position": "2291558",
            "replay": "real-time"
        },
        {
            "change_type": "",
            "gameTime": "2 - 38:17",
            "label": "",
            "link": "",
            "position": "2297268",
            "replay": "replay"
        },
        {
            "change_type": "",
            "gameTime": "2 - 39:41",
            "label": "",
            "position": "2381676",
            "replay": "real-time"
        },
        {
            "change_type": "",
            "gameTime": "2 - 39:57",
            "label": "",
            "link": "",
            "position": "2397241",
            "replay": "replay"
        },
        {
            "change_type": "",
            "gameTime": "2 - 40:05",
            "label": "",
            "link": "",
            "position": "2405395",
            "replay": "replay"
        },
        {
            "change_type": "",
            "gameTime": "2 - 40:13",
            "label": "",
            "position": "2413449",
            "replay": "other"
        },
        {
            "change_type": "",
            "gameTime": "2 - 40:16",
            "label": "",
            "position": "2416788",
            "replay": "other"
        },
        {
            "change_type": "",
            "gameTime": "2 - 40:22",
            "label": "",
            "position": "2422990",
            "replay": "other"
        },
        {
            "change_type": "",
            "gameTime": "2 - 40:29",
            "label": "",
            "position": "2429989",
            "replay": "other"
        },
        {
            "change_type": "",
            "gameTime": "2 - 44:04",
            "label": "",
            "position": "2644163",
            "replay": "real-time"
        },
        {
            "change_type": "",
            "gameTime": "2 - 44:15",
            "label": "",
            "link": "",
            "position": "2655168",
            "replay": "replay"
        }
    ],
    "gameAwayTeam": "Bayern",
    "gameDate": "2017-03-07 - 18-00",
    "gameHomeTeam": "Arsenal",
    "gameScore": "1 - 5"
}