{
    "UrlLocal": "england_epl/2016-2017/2017-04-10 - 18-00 Crystal Palace 3 - 0 Arsenal",
    "predictions": [
        {
            "gameTime": "1 - 21:35",
            "label": "card",
            "position": "1295000",
            "half": "1",
            "confidence": "0.5770188570022583"
        },
        {
            "gameTime": "1 - 38:46",
            "label": "card",
            "position": "2326500",
            "half": "1",
            "confidence": "0.5471985936164856"
        },
        {
            "gameTime": "1 - 30:31",
            "label": "subs",
            "position": "1831500",
            "half": "1",
            "confidence": "0.633870542049408"
        },
        {
            "gameTime": "1 - 16:55",
            "label": "soccer",
            "position": "1015000",
            "half": "1",
            "confidence": "0.9812151193618774"
        },
        {
            "gameTime": "2 - 14:3",
            "label": "subs",
            "position": "843500",
            "half": "2",
            "confidence": "0.9816546440124512"
        },
        {
            "gameTime": "2 - 13:52",
            "label": "subs",
            "position": "832000",
            "half": "2",
            "confidence": "0.9416693449020386"
        },
        {
            "gameTime": "2 - 23:58",
            "label": "subs",
            "position": "1438500",
            "half": "2",
            "confidence": "0.9032387733459473"
        },
        {
            "gameTime": "2 - 14:13",
            "label": "subs",
            "position": "853500",
            "half": "2",
            "confidence": "0.8736618757247925"
        },
        {
            "gameTime": "2 - 8:57",
            "label": "subs",
            "position": "537000",
            "half": "2",
            "confidence": "0.7941212058067322"
        },
        {
            "gameTime": "2 - 36:49",
            "label": "subs",
            "position": "2209000",
            "half": "2",
            "confidence": "0.6794443130493164"
        },
        {
            "gameTime": "2 - 17:22",
            "label": "soccer",
            "position": "1042500",
            "half": "2",
            "confidence": "0.794822633266449"
        }
    ]
}