{
    "UrlLocal": "france_ligue-1/2016-2017/2017-02-18 - 18-00 Lorient 0 - 1 Nice",
    "UrlYoutube": "",
    "annotations": [
        {
            "change_type": "",
            "gameTime": "1 - 01:57",
            "label": "",
            "position": "117883",
            "replay": "real-time"
        },
        {
            "change_type": "",
            "gameTime": "1 - 02:05",
            "label": "",
            "link": "",
            "position": "125444",
            "replay": "replay"
        },
        {
            "change_type": "",
            "gameTime": "1 - 02:12",
            "label": "",
            "link": "",
            "position": "132204",
            "replay": "replay"
        },
        {
            "change_type": "",
            "gameTime": "1 - 11:46",
            "label": "",
            "position": "706976",
            "replay": "real-time"
        },
        {
            "change_type": "",
            "gameTime": "1 - 11:52",
            "label": "",
            "link": "",
            "position": "712829",
            "replay": "replay"
        },
        {
            "change_type": "",
            "gameTime": "1 - 15:05",
            "label": "",
            "position": "905280",
            "replay": "real-time"
        },
        {
            "change_type": "",
            "gameTime": "1 - 15:15",
            "label": "",
            "link": "",
            "position": "915844",
            "replay": "replay"
        },
        {
            "change_type": "",
            "gameTime": "1 - 15:20",
            "label": "",
            "link": "",
            "position": "920446",
            "replay": "replay"
        },
        {
            "change_type": "",
            "gameTime": "1 - 15:24",
            "label": "",
            "link": "",
            "position": "924309",
            "replay": "replay"
        },
        {
            "change_type": "",
            "gameTime": "1 - 15:31",
            "label": "",
            "link": "",
            "position": "931392",
            "replay": "replay"
        },
        {
            "change_type": "",
            "gameTime": "1 - 18:22",
            "label": "",
            "position": "1102277",
            "replay": "real-time"
        },
        {
            "change_type": "",
            "gameTime": "1 - 18:26",
            "label": "",
            "link": "",
            "position": "1106925",
            "replay": "replay"
        },
        {
            "change_type": "",
            "gameTime": "1 - 19:31",
            "label": "",
            "position": "1171439",
            "replay": "real-time"
        },
        {
            "change_type": "",
            "gameTime": "1 - 19:36",
            "label": "",
            "position": "1176406",
            "replay": "other"
        },
        {
            "change_type": "",
            "gameTime": "1 - 20:26",
            "label": "",
            "position": "1226424",
            "replay": "real-time"
        },
        {
            "change_type": "",
            "gameTime": "1 - 20:31",
            "label": "",
            "link": "",
            "position": "1231268",
            "replay": "replay"
        },
        {
            "change_type": "",
            "gameTime": "1 - 21:46",
            "label": "",
            "position": "1306455",
            "replay": "real-time"
        },
        {
            "change_type": "",
            "gameTime": "1 - 21:55",
            "label": "",
            "link": "",
            "position": "1315353",
            "replay": "replay"
        },
        {
            "change_type": "",
            "gameTime": "1 - 22:04",
            "label": "",
            "link": "",
            "position": "1324464",
            "replay": "replay"
        },
        {
            "change_type": "",
            "gameTime": "1 - 22:08",
            "label": "",
            "position": "1328733",
            "replay": "other"
        },
        {
            "change_type": "",
            "gameTime": "1 - 24:42",
            "label": "",
            "position": "1482494",
            "replay": "real-time"
        },
        {
            "change_type": "",
            "gameTime": "1 - 24:48",
            "label": "",
            "link": "",
            "position": "1488334",
            "replay": "replay"
        },
        {
            "change_type": "",
            "gameTime": "1 - 27:11",
            "label": "",
            "position": "1631758",
            "replay": "real-time"
        },
        {
            "change_type": "",
            "gameTime": "1 - 27:17",
            "label": "",
            "link": "",
            "position": "1637841",
            "replay": "replay"
        },
        {
            "change_type": "",
            "gameTime": "1 - 27:21",
            "label": "",
            "link": "",
            "position": "1641727",
            "replay": "replay"
        },
        {
            "change_type": "",
            "gameTime": "1 - 27:27",
            "label": "",
            "link": "",
            "position": "1647760",
            "replay": "replay"
        },
        {
            "change_type": "",
            "gameTime": "1 - 27:32",
            "label": "",
            "link": "",
            "position": "1652240",
            "replay": "replay"
        },
        {
            "change_type": "",
            "gameTime": "1 - 27:37",
            "label": "",
            "position": "1657271",
            "replay": "other"
        },
        {
            "change_type": "",
            "gameTime": "1 - 28:20",
            "label": "",
            "position": "1700915",
            "replay": "real-time"
        },
        {
            "change_type": "",
            "gameTime": "1 - 28:25",
            "label": "",
            "link": "",
            "position": "1705238",
            "replay": "replay"
        },
        {
            "change_type": "",
            "gameTime": "1 - 28:31",
            "label": "",
            "link": "",
            "position": "1711907",
            "replay": "replay"
        },
        {
            "change_type": "",
            "gameTime": "1 - 31:00",
            "label": "",
            "position": "1860486",
            "replay": "real-time"
        },
        {
            "change_type": "",
            "gameTime": "1 - 31:05",
            "label": "",
            "link": "",
            "position": "1865515",
            "replay": "replay"
        },
        {
            "change_type": "",
            "gameTime": "1 - 34:41",
            "label": "",
            "position": "2081995",
            "replay": "real-time"
        },
        {
            "change_type": "",
            "gameTime": "1 - 34:48",
            "label": "",
            "link": "",
            "position": "2088112",
            "replay": "replay"
        },
        {
            "change_type": "",
            "gameTime": "1 - 34:53",
            "label": "",
            "link": "",
            "position": "2093721",
            "replay": "replay"
        },
        {
            "change_type": "",
            "gameTime": "1 - 37:20",
            "label": "",
            "position": "2240461",
            "replay": "real-time"
        },
        {
            "change_type": "",
            "gameTime": "1 - 37:25",
            "label": "",
            "link": "",
            "position": "2245970",
            "replay": "replay"
        },
        {
            "change_type": "",
            "gameTime": "1 - 37:30",
            "label": "",
            "link": "",
            "position": "2250932",
            "replay": "replay"
        },
        {
            "change_type": "",
            "gameTime": "1 - 37:35",
            "label": "",
            "link": "",
            "position": "2255756",
            "replay": "replay"
        },
        {
            "change_type": "",
            "gameTime": "1 - 37:40",
            "label": "",
            "position": "2260356",
            "replay": "other"
        },
        {
            "change_type": "",
            "gameTime": "1 - 39:10",
            "label": "",
            "position": "2350553",
            "replay": "real-time"
        },
        {
            "change_type": "",
            "gameTime": "1 - 39:21",
            "label": "",
            "position": "2361785",
            "replay": "other"
        },
        {
            "change_type": "",
            "gameTime": "1 - 39:32",
            "label": "",
            "position": "2372648",
            "replay": "real-time"
        },
        {
            "change_type": "",
            "gameTime": "1 - 39:38",
            "label": "",
            "position": "2378241",
            "replay": "other"
        },
        {
            "change_type": "",
            "gameTime": "1 - 42:48",
            "label": "",
            "position": "2568897",
            "replay": "real-time"
        },
        {
            "change_type": "",
            "gameTime": "1 - 42:53",
            "label": "",
            "link": "",
            "position": "2573289",
            "replay": "replay"
        },
        {
            "change_type": "",
            "gameTime": "1 - 42:59",
            "label": "",
            "link": "",
            "position": "2579293",
            "replay": "replay"
        },
        {
            "change_type": "",
            "gameTime": "2 - 01:33",
            "label": "",
            "position": "93842",
            "replay": "real-time"
        },
        {
            "change_type": "",
            "gameTime": "2 - 01:38",
            "label": "",
            "link": "",
            "position": "98213",
            "replay": "replay"
        },
        {
            "change_type": "",
            "gameTime": "2 - 01:45",
            "label": "",
            "link": "",
            "position": "105176",
            "replay": "replay"
        },
        {
            "change_type": "",
            "gameTime": "2 - 07:42",
            "label": "",
            "position": "462184",
            "replay": "real-time"
        },
        {
            "change_type": "",
            "gameTime": "2 - 07:47",
            "label": "",
            "link": "",
            "position": "467158",
            "replay": "replay"
        },
        {
            "change_type": "",
            "gameTime": "2 - 08:30",
            "label": "",
            "position": "510694",
            "replay": "real-time"
        },
        {
            "change_type": "",
            "gameTime": "2 - 08:38",
            "label": "",
            "link": "",
            "position": "518842",
            "replay": "replay"
        },
        {
            "change_type": "",
            "gameTime": "2 - 08:43",
            "label": "",
            "link": "",
            "position": "523964",
            "replay": "replay"
        },
        {
            "change_type": "",
            "gameTime": "2 - 11:15",
            "label": "",
            "position": "675087",
            "replay": "real-time"
        },
        {
            "change_type": "",
            "gameTime": "2 - 11:20",
            "label": "",
            "link": "",
            "position": "680232",
            "replay": "replay"
        },
        {
            "change_type": "",
            "gameTime": "2 - 11:28",
            "label": "",
            "link": "",
            "position": "688413",
            "replay": "replay"
        },
        {
            "change_type": "",
            "gameTime": "2 - 15:03",
            "label": "",
            "position": "903335",
            "replay": "real-time"
        },
        {
            "change_type": "",
            "gameTime": "2 - 15:09",
            "label": "",
            "position": "909648",
            "replay": "other"
        },
        {
            "change_type": "",
            "gameTime": "2 - 15:16",
            "label": "",
            "position": "916040",
            "replay": "other"
        },
        {
            "change_type": "",
            "gameTime": "2 - 15:35",
            "label": "",
            "position": "935016",
            "replay": "real-time"
        },
        {
            "change_type": "",
            "gameTime": "2 - 15:43",
            "label": "",
            "link": "",
            "position": "943354",
            "replay": "replay"
        },
        {
            "change_type": "",
            "gameTime": "2 - 15:48",
            "label": "",
            "link": "",
            "position": "948725",
            "replay": "replay"
        },
        {
            "change_type": "",
            "gameTime": "2 - 16:05",
            "label": "",
            "link": "",
            "position": "965129",
            "replay": "replay"
        },
        {
            "change_type": "",
            "gameTime": "2 - 21:20",
            "label": "",
            "position": "1280012",
            "replay": "real-time"
        },
        {
            "change_type": "",
            "gameTime": "2 - 21:25",
            "label": "",
            "link": "",
            "position": "1285649",
            "replay": "replay"
        },
        {
            "change_type": "",
            "gameTime": "2 - 21:32",
            "label": "",
            "link": "",
            "position": "1292398",
            "replay": "replay"
        },
        {
            "change_type": "",
            "gameTime": "2 - 21:44",
            "label": "",
            "position": "1304442",
            "replay": "real-time"
        },
        {
            "change_type": "",
            "gameTime": "2 - 21:52",
            "label": "",
            "link": "",
            "position": "1312426",
            "replay": "replay"
        },
        {
            "change_type": "",
            "gameTime": "2 - 21:58",
            "label": "",
            "link": "",
            "position": "1318629",
            "replay": "replay"
        },
        {
            "change_type": "",
            "gameTime": "2 - 22:58",
            "label": "",
            "position": "1378334",
            "replay": "real-time"
        },
        {
            "change_type": "",
            "gameTime": "2 - 23:10",
            "label": "",
            "link": "",
            "position": "1390091",
            "replay": "replay"
        },
        {
            "change_type": "",
            "gameTime": "2 - 24:17",
            "label": "",
            "position": "1457571",
            "replay": "real-time"
        },
        {
            "change_type": "",
            "gameTime": "2 - 24:25",
            "label": "",
            "position": "1465444",
            "replay": "other"
        },
        {
            "change_type": "",
            "gameTime": "2 - 27:27",
            "label": "",
            "position": "1647941",
            "replay": "real-time"
        },
        {
            "change_type": "",
            "gameTime": "2 - 27:37",
            "label": "",
            "link": "",
            "position": "1657764",
            "replay": "replay"
        },
        {
            "change_type": "",
            "gameTime": "2 - 27:41",
            "label": "",
            "link": "",
            "position": "1661602",
            "replay": "replay"
        },
        {
            "change_type": "",
            "gameTime": "2 - 29:55",
            "label": "",
            "position": "1795020",
            "replay": "real-time"
        },
        {
            "change_type": "",
            "gameTime": "2 - 30:04",
            "label": "",
            "link": "",
            "position": "1804245",
            "replay": "replay"
        },
        {
            "change_type": "",
            "gameTime": "2 - 30:14",
            "label": "",
            "link": "",
            "position": "1814942",
            "replay": "replay"
        },
        {
            "change_type": "",
            "gameTime": "2 - 33:00",
            "label": "",
            "position": "1980565",
            "replay": "real-time"
        },
        {
            "change_type": "",
            "gameTime": "2 - 33:06",
            "label": "",
            "link": "",
            "position": "1986632",
            "replay": "replay"
        },
        {
            "change_type": "",
            "gameTime": "2 - 34:14",
            "label": "",
            "position": "2054802",
            "replay": "real-time"
        },
        {
            "change_type": "",
            "gameTime": "2 - 34:22",
            "label": "",
            "link": "",
            "position": "2062759",
            "replay": "replay"
        },
        {
            "change_type": "",
            "gameTime": "2 - 34:26",
            "label": "",
            "link": "",
            "position": "2066728",
            "replay": "replay"
        },
        {
            "change_type": "",
            "gameTime": "2 - 34:33",
            "label": "",
            "link": "",
            "position": "2073657",
            "replay": "replay"
        },
        {
            "change_type": "",
            "gameTime": "2 - 34:59",
            "label": "",
            "position": "2099996",
            "replay": "real-time"
        },
        {
            "change_type": "",
            "gameTime": "2 - 35:06",
            "label": "",
            "link": "",
            "position": "2106687",
            "replay": "replay"
        },
        {
            "change_type": "",
            "gameTime": "2 - 35:18",
            "label": "",
            "link": "",
            "position": "2118597",
            "replay": "replay"
        },
        {
            "change_type": "",
            "gameTime": "2 - 35:25",
            "label": "",
            "link": "",
            "position": "2125243",
            "replay": "replay"
        },
        {
            "change_type": "",
            "gameTime": "2 - 36:41",
            "label": "",
            "position": "2201856",
            "replay": "real-time"
        },
        {
            "change_type": "",
            "gameTime": "2 - 36:46",
            "label": "",
            "position": "2206396",
            "replay": "other"
        },
        {
            "change_type": "",
            "gameTime": "2 - 37:33",
            "label": "",
            "position": "2253310",
            "replay": "real-time"
        },
        {
            "change_type": "",
            "gameTime": "2 - 37:40",
            "label": "",
            "link": "",
            "position": "2260684",
            "replay": "replay"
        },
        {
            "change_type": "",
            "gameTime": "2 - 37:47",
            "label": "",
            "link": "",
            "position": "2267998",
            "replay": "replay"
        },
        {
            "change_type": "",
            "gameTime": "2 - 39:54",
            "label": "",
            "position": "2394352",
            "replay": "real-time"
        },
        {
            "change_type": "",
            "gameTime": "2 - 40:01",
            "label": "",
            "link": "",
            "position": "2401080",
            "replay": "replay"
        },
        {
            "change_type": "",
            "gameTime": "2 - 40:33",
            "label": "",
            "position": "2433404",
            "replay": "real-time"
        },
        {
            "change_type": "",
            "gameTime": "2 - 40:39",
            "label": "",
            "link": "",
            "position": "2439652",
            "replay": "replay"
        },
        {
            "change_type": "",
            "gameTime": "2 - 43:56",
            "label": "",
            "position": "2636397",
            "replay": "real-time"
        },
        {
            "change_type": "",
            "gameTime": "2 - 44:03",
            "label": "",
            "link": "",
            "position": "2643125",
            "replay": "replay"
        },
        {
            "change_type": "",
            "gameTime": "2 - 44:08",
            "label": "",
            "link": "",
            "position": "2648424",
            "replay": "replay"
        },
        {
            "change_type": "",
            "gameTime": "2 - 44:16",
            "label": "",
            "link": "",
            "position": "2656381",
            "replay": "replay"
        },
        {
            "change_type": "",
            "gameTime": "2 - 44:39",
            "label": "",
            "position": "2679560",
            "replay": "real-time"
        },
        {
            "change_type": "",
            "gameTime": "2 - 44:43",
            "label": "",
            "link": "",
            "position": "2683130",
            "replay": "replay"
        },
        {
            "change_type": "",
            "gameTime": "2 - 44:58",
            "label": "",
            "position": "2698578",
            "replay": "real-time"
        },
        {
            "change_type": "",
            "gameTime": "2 - 45:04",
            "label": "",
            "link": "",
            "position": "2704364",
            "replay": "replay"
        },
        {
            "change_type": "",
            "gameTime": "2 - 45:20",
            "label": "",
            "position": "2720363",
            "replay": "real-time"
        },
        {
            "change_type": "",
            "gameTime": "2 - 45:25",
            "label": "",
            "link": "",
            "position": "2725112",
            "replay": "replay"
        },
        {
            "change_type": "",
            "gameTime": "2 - 47:00",
            "label": "",
            "position": "2820832",
            "replay": "real-time"
        },
        {
            "change_type": "",
            "gameTime": "2 - 47:06",
            "label": "",
            "link": "",
            "position": "2826120",
            "replay": "replay"
        },
        {
            "change_type": "",
            "gameTime": "2 - 47:58",
            "label": "",
            "position": "2878101",
            "replay": "real-time"
        },
        {
            "change_type": "",
            "gameTime": "2 - 48:03",
            "label": "",
            "link": "",
            "position": "2883372",
            "replay": "replay"
        },
        {
            "change_type": "",
            "gameTime": "2 - 48:07",
            "label": "",
            "link": "",
            "position": "2887566",
            "replay": "replay"
        },
        {
            "change_type": "",
            "gameTime": "2 - 48:12",
            "label": "",
            "link": "",
            "position": "2892861",
            "replay": "replay"
        }
    ],
    "gameAwayTeam": "Nice",
    "gameDate": "2017-02-18 - 18-00",
    "gameHomeTeam": "Lorient",
    "gameScore": "0 - 1"
}