{
    "UrlLocal": "italy_serie-a/2016-2017/2016-09-24 - 18-00 Palermo 0 - 1 Juventus",
    "predictions": [
        {
            "gameTime": "1 - 26:44",
            "label": "card",
            "position": "1604000",
            "half": "1",
            "confidence": "0.8591117858886719"
        },
        {
            "gameTime": "1 - 8:4",
            "label": "card",
            "position": "484000",
            "half": "1",
            "confidence": "0.7208868861198425"
        },
        {
            "gameTime": "1 - 34:32",
            "label": "card",
            "position": "2072000",
            "half": "1",
            "confidence": "0.6500698328018188"
        },
        {
            "gameTime": "1 - 7:53",
            "label": "card",
            "position": "473500",
            "half": "1",
            "confidence": "0.6162656545639038"
        },
        {
            "gameTime": "1 - 2:51",
            "label": "card",
            "position": "171500",
            "half": "1",
            "confidence": "0.5676226019859314"
        },
        {
            "gameTime": "1 - 8:23",
            "label": "card",
            "position": "503500",
            "half": "1",
            "confidence": "0.5669785737991333"
        },
        {
            "gameTime": "1 - 48:20",
            "label": "subs",
            "position": "2900500",
            "half": "1",
            "confidence": "0.735061764717102"
        },
        {
            "gameTime": "1 - 49:51",
            "label": "subs",
            "position": "2991000",
            "half": "1",
            "confidence": "0.5874971151351929"
        },
        {
            "gameTime": "1 - 48:10",
            "label": "subs",
            "position": "2890000",
            "half": "1",
            "confidence": "0.5758774280548096"
        },
        {
            "gameTime": "2 - 49:18",
            "label": "subs",
            "position": "2958500",
            "half": "2",
            "confidence": "0.8559308648109436"
        },
        {
            "gameTime": "2 - 22:13",
            "label": "subs",
            "position": "1333000",
            "half": "2",
            "confidence": "0.690410315990448"
        },
        {
            "gameTime": "2 - 49:28",
            "label": "subs",
            "position": "2968500",
            "half": "2",
            "confidence": "0.6431550979614258"
        },
        {
            "gameTime": "2 - 49:8",
            "label": "subs",
            "position": "2948000",
            "half": "2",
            "confidence": "0.5732743144035339"
        },
        {
            "gameTime": "2 - 35:7",
            "label": "subs",
            "position": "2107000",
            "half": "2",
            "confidence": "0.5481573343276978"
        },
        {
            "gameTime": "2 - 23:25",
            "label": "soccer",
            "position": "1405000",
            "half": "2",
            "confidence": "0.9625533223152161"
        },
        {
            "gameTime": "2 - 3:9",
            "label": "soccer",
            "position": "189000",
            "half": "2",
            "confidence": "0.9466289281845093"
        },
        {
            "gameTime": "2 - 37:43",
            "label": "soccer",
            "position": "2263000",
            "half": "2",
            "confidence": "0.5149100422859192"
        }
    ]
}