{
    "UrlLocal": "england_epl/2016-2017/2017-04-10 - 18-00 Crystal Palace 3 - 0 Arsenal",
    "predictions": [
        {
            "gameTime": "1 - 17:56",
            "label": "Kick-off",
            "position": "1076500",
            "half": "1",
            "confidence": "0.8344706296920776"
        },
        {
            "gameTime": "1 - 16:55",
            "label": "Goal",
            "position": "1015000",
            "half": "1",
            "confidence": "0.9606483578681946"
        },
        {
            "gameTime": "1 - 26:44",
            "label": "Offside",
            "position": "1604500",
            "half": "1",
            "confidence": "0.8684948086738586"
        },
        {
            "gameTime": "1 - 22:10",
            "label": "Offside",
            "position": "1330500",
            "half": "1",
            "confidence": "0.6462802886962891"
        },
        {
            "gameTime": "1 - 16:49",
            "label": "Shots on target",
            "position": "1009500",
            "half": "1",
            "confidence": "0.8828545808792114"
        },
        {
            "gameTime": "1 - 36:36",
            "label": "Shots on target",
            "position": "2196000",
            "half": "1",
            "confidence": "0.5841321349143982"
        },
        {
            "gameTime": "1 - 8:26",
            "label": "Shots on target",
            "position": "506500",
            "half": "1",
            "confidence": "0.5251662135124207"
        },
        {
            "gameTime": "1 - 45:38",
            "label": "Shots off target",
            "position": "2738500",
            "half": "1",
            "confidence": "0.5997413992881775"
        },
        {
            "gameTime": "1 - 8:25",
            "label": "Shots off target",
            "position": "505500",
            "half": "1",
            "confidence": "0.5724981427192688"
        },
        {
            "gameTime": "1 - 24:7",
            "label": "Clearance",
            "position": "1447500",
            "half": "1",
            "confidence": "0.9809120893478394"
        },
        {
            "gameTime": "1 - 16:34",
            "label": "Clearance",
            "position": "994000",
            "half": "1",
            "confidence": "0.9682116508483887"
        },
        {
            "gameTime": "1 - 38:19",
            "label": "Clearance",
            "position": "2299500",
            "half": "1",
            "confidence": "0.9624486565589905"
        },
        {
            "gameTime": "1 - 24:17",
            "label": "Clearance",
            "position": "1457500",
            "half": "1",
            "confidence": "0.9371380805969238"
        },
        {
            "gameTime": "1 - 45:46",
            "label": "Clearance",
            "position": "2746000",
            "half": "1",
            "confidence": "0.7651970386505127"
        },
        {
            "gameTime": "1 - 44:53",
            "label": "Clearance",
            "position": "2693500",
            "half": "1",
            "confidence": "0.7239012122154236"
        },
        {
            "gameTime": "1 - 44:43",
            "label": "Clearance",
            "position": "2683000",
            "half": "1",
            "confidence": "0.5389015078544617"
        },
        {
            "gameTime": "1 - 16:44",
            "label": "Clearance",
            "position": "1004000",
            "half": "1",
            "confidence": "0.5297278761863708"
        },
        {
            "gameTime": "1 - 16:8",
            "label": "Ball out of play",
            "position": "968000",
            "half": "1",
            "confidence": "0.9632692337036133"
        },
        {
            "gameTime": "1 - 36:43",
            "label": "Ball out of play",
            "position": "2203500",
            "half": "1",
            "confidence": "0.951503574848175"
        },
        {
            "gameTime": "1 - 12:44",
            "label": "Ball out of play",
            "position": "764500",
            "half": "1",
            "confidence": "0.9248860478401184"
        },
        {
            "gameTime": "1 - 15:54",
            "label": "Ball out of play",
            "position": "954000",
            "half": "1",
            "confidence": "0.9173207879066467"
        },
        {
            "gameTime": "1 - 43:13",
            "label": "Ball out of play",
            "position": "2593500",
            "half": "1",
            "confidence": "0.9162461161613464"
        },
        {
            "gameTime": "1 - 42:45",
            "label": "Ball out of play",
            "position": "2565000",
            "half": "1",
            "confidence": "0.9092109203338623"
        },
        {
            "gameTime": "1 - 43:26",
            "label": "Ball out of play",
            "position": "2606500",
            "half": "1",
            "confidence": "0.9063806533813477"
        },
        {
            "gameTime": "1 - 37:23",
            "label": "Ball out of play",
            "position": "2243000",
            "half": "1",
            "confidence": "0.895413875579834"
        },
        {
            "gameTime": "1 - 44:22",
            "label": "Ball out of play",
            "position": "2662500",
            "half": "1",
            "confidence": "0.8948968052864075"
        },
        {
            "gameTime": "1 - 14:12",
            "label": "Ball out of play",
            "position": "852500",
            "half": "1",
            "confidence": "0.8878692984580994"
        },
        {
            "gameTime": "1 - 44:10",
            "label": "Ball out of play",
            "position": "2650500",
            "half": "1",
            "confidence": "0.8864323496818542"
        },
        {
            "gameTime": "1 - 40:43",
            "label": "Ball out of play",
            "position": "2443000",
            "half": "1",
            "confidence": "0.8542779684066772"
        },
        {
            "gameTime": "1 - 45:40",
            "label": "Ball out of play",
            "position": "2740500",
            "half": "1",
            "confidence": "0.8485460877418518"
        },
        {
            "gameTime": "1 - 28:57",
            "label": "Ball out of play",
            "position": "1737000",
            "half": "1",
            "confidence": "0.8455929160118103"
        },
        {
            "gameTime": "1 - 43:59",
            "label": "Ball out of play",
            "position": "2639000",
            "half": "1",
            "confidence": "0.8452280759811401"
        },
        {
            "gameTime": "1 - 11:16",
            "label": "Ball out of play",
            "position": "676500",
            "half": "1",
            "confidence": "0.8428611755371094"
        },
        {
            "gameTime": "1 - 40:58",
            "label": "Ball out of play",
            "position": "2458000",
            "half": "1",
            "confidence": "0.84281986951828"
        },
        {
            "gameTime": "1 - 37:51",
            "label": "Ball out of play",
            "position": "2271500",
            "half": "1",
            "confidence": "0.8428001999855042"
        },
        {
            "gameTime": "1 - 37:35",
            "label": "Ball out of play",
            "position": "2255500",
            "half": "1",
            "confidence": "0.8424368500709534"
        },
        {
            "gameTime": "1 - 14:2",
            "label": "Ball out of play",
            "position": "842000",
            "half": "1",
            "confidence": "0.8279294967651367"
        },
        {
            "gameTime": "1 - 12:54",
            "label": "Ball out of play",
            "position": "774500",
            "half": "1",
            "confidence": "0.8195497393608093"
        },
        {
            "gameTime": "1 - 42:55",
            "label": "Ball out of play",
            "position": "2575000",
            "half": "1",
            "confidence": "0.8115739822387695"
        },
        {
            "gameTime": "1 - 27:31",
            "label": "Ball out of play",
            "position": "1651000",
            "half": "1",
            "confidence": "0.801820695400238"
        },
        {
            "gameTime": "1 - 21:56",
            "label": "Ball out of play",
            "position": "1316000",
            "half": "1",
            "confidence": "0.790094256401062"
        },
        {
            "gameTime": "1 - 44:47",
            "label": "Ball out of play",
            "position": "2687500",
            "half": "1",
            "confidence": "0.7871112823486328"
        },
        {
            "gameTime": "1 - 13:41",
            "label": "Ball out of play",
            "position": "821500",
            "half": "1",
            "confidence": "0.7797489762306213"
        },
        {
            "gameTime": "1 - 14:26",
            "label": "Ball out of play",
            "position": "866500",
            "half": "1",
            "confidence": "0.7754783630371094"
        },
        {
            "gameTime": "1 - 40:32",
            "label": "Ball out of play",
            "position": "2432500",
            "half": "1",
            "confidence": "0.7739556431770325"
        },
        {
            "gameTime": "1 - 16:18",
            "label": "Ball out of play",
            "position": "978500",
            "half": "1",
            "confidence": "0.7587686777114868"
        },
        {
            "gameTime": "1 - 41:8",
            "label": "Ball out of play",
            "position": "2468500",
            "half": "1",
            "confidence": "0.7575986981391907"
        },
        {
            "gameTime": "1 - 44:57",
            "label": "Ball out of play",
            "position": "2697500",
            "half": "1",
            "confidence": "0.7324246764183044"
        },
        {
            "gameTime": "1 - 26:56",
            "label": "Ball out of play",
            "position": "1616000",
            "half": "1",
            "confidence": "0.7273203730583191"
        },
        {
            "gameTime": "1 - 32:28",
            "label": "Ball out of play",
            "position": "1948500",
            "half": "1",
            "confidence": "0.7209382057189941"
        },
        {
            "gameTime": "1 - 41:47",
            "label": "Ball out of play",
            "position": "2507500",
            "half": "1",
            "confidence": "0.7081540822982788"
        },
        {
            "gameTime": "1 - 19:18",
            "label": "Ball out of play",
            "position": "1158000",
            "half": "1",
            "confidence": "0.7059663534164429"
        },
        {
            "gameTime": "1 - 20:46",
            "label": "Ball out of play",
            "position": "1246000",
            "half": "1",
            "confidence": "0.7005889415740967"
        },
        {
            "gameTime": "1 - 13:30",
            "label": "Ball out of play",
            "position": "810500",
            "half": "1",
            "confidence": "0.6808592081069946"
        },
        {
            "gameTime": "1 - 22:19",
            "label": "Ball out of play",
            "position": "1339500",
            "half": "1",
            "confidence": "0.6745700836181641"
        },
        {
            "gameTime": "1 - 24:28",
            "label": "Ball out of play",
            "position": "1468000",
            "half": "1",
            "confidence": "0.6743409037590027"
        },
        {
            "gameTime": "1 - 18:21",
            "label": "Ball out of play",
            "position": "1101500",
            "half": "1",
            "confidence": "0.6731168031692505"
        },
        {
            "gameTime": "1 - 26:38",
            "label": "Ball out of play",
            "position": "1598500",
            "half": "1",
            "confidence": "0.6685289740562439"
        },
        {
            "gameTime": "1 - 34:13",
            "label": "Ball out of play",
            "position": "2053500",
            "half": "1",
            "confidence": "0.6578757166862488"
        },
        {
            "gameTime": "1 - 29:7",
            "label": "Ball out of play",
            "position": "1747000",
            "half": "1",
            "confidence": "0.6537328958511353"
        },
        {
            "gameTime": "1 - 8:36",
            "label": "Ball out of play",
            "position": "516000",
            "half": "1",
            "confidence": "0.6535254716873169"
        },
        {
            "gameTime": "1 - 38:1",
            "label": "Ball out of play",
            "position": "2281500",
            "half": "1",
            "confidence": "0.6455631852149963"
        },
        {
            "gameTime": "1 - 24:41",
            "label": "Ball out of play",
            "position": "1481500",
            "half": "1",
            "confidence": "0.6440749168395996"
        },
        {
            "gameTime": "1 - 12:9",
            "label": "Ball out of play",
            "position": "729000",
            "half": "1",
            "confidence": "0.6390506029129028"
        },
        {
            "gameTime": "1 - 37:12",
            "label": "Ball out of play",
            "position": "2232500",
            "half": "1",
            "confidence": "0.6377078294754028"
        },
        {
            "gameTime": "1 - 18:2",
            "label": "Ball out of play",
            "position": "1082000",
            "half": "1",
            "confidence": "0.631328284740448"
        },
        {
            "gameTime": "1 - 12:27",
            "label": "Ball out of play",
            "position": "747500",
            "half": "1",
            "confidence": "0.6207553148269653"
        },
        {
            "gameTime": "1 - 39:50",
            "label": "Ball out of play",
            "position": "2390000",
            "half": "1",
            "confidence": "0.6198922991752625"
        },
        {
            "gameTime": "1 - 2:19",
            "label": "Ball out of play",
            "position": "139500",
            "half": "1",
            "confidence": "0.6171262264251709"
        },
        {
            "gameTime": "1 - 35:47",
            "label": "Ball out of play",
            "position": "2147000",
            "half": "1",
            "confidence": "0.61288982629776"
        },
        {
            "gameTime": "1 - 45:25",
            "label": "Ball out of play",
            "position": "2725000",
            "half": "1",
            "confidence": "0.6070449948310852"
        },
        {
            "gameTime": "1 - 19:7",
            "label": "Ball out of play",
            "position": "1147500",
            "half": "1",
            "confidence": "0.6069257855415344"
        },
        {
            "gameTime": "1 - 36:53",
            "label": "Ball out of play",
            "position": "2213500",
            "half": "1",
            "confidence": "0.6061103940010071"
        },
        {
            "gameTime": "1 - 2:8",
            "label": "Ball out of play",
            "position": "128000",
            "half": "1",
            "confidence": "0.5881853103637695"
        },
        {
            "gameTime": "1 - 44:32",
            "label": "Ball out of play",
            "position": "2672500",
            "half": "1",
            "confidence": "0.5840405225753784"
        },
        {
            "gameTime": "1 - 23:44",
            "label": "Ball out of play",
            "position": "1424000",
            "half": "1",
            "confidence": "0.5815576314926147"
        },
        {
            "gameTime": "1 - 20:56",
            "label": "Ball out of play",
            "position": "1256000",
            "half": "1",
            "confidence": "0.5695294141769409"
        },
        {
            "gameTime": "1 - 18:31",
            "label": "Ball out of play",
            "position": "1111500",
            "half": "1",
            "confidence": "0.5669053792953491"
        },
        {
            "gameTime": "1 - 45:10",
            "label": "Ball out of play",
            "position": "2710000",
            "half": "1",
            "confidence": "0.5592769384384155"
        },
        {
            "gameTime": "1 - 4:40",
            "label": "Ball out of play",
            "position": "280000",
            "half": "1",
            "confidence": "0.5301425457000732"
        },
        {
            "gameTime": "1 - 28:5",
            "label": "Ball out of play",
            "position": "1685500",
            "half": "1",
            "confidence": "0.5283857583999634"
        },
        {
            "gameTime": "1 - 9:28",
            "label": "Ball out of play",
            "position": "568000",
            "half": "1",
            "confidence": "0.5259960293769836"
        },
        {
            "gameTime": "1 - 12:5",
            "label": "Throw-in",
            "position": "725500",
            "half": "1",
            "confidence": "0.9161679744720459"
        },
        {
            "gameTime": "1 - 19:14",
            "label": "Throw-in",
            "position": "1154000",
            "half": "1",
            "confidence": "0.8681579828262329"
        },
        {
            "gameTime": "1 - 18:51",
            "label": "Throw-in",
            "position": "1131000",
            "half": "1",
            "confidence": "0.842569887638092"
        },
        {
            "gameTime": "1 - 11:55",
            "label": "Throw-in",
            "position": "715000",
            "half": "1",
            "confidence": "0.824738085269928"
        },
        {
            "gameTime": "1 - 27:48",
            "label": "Throw-in",
            "position": "1668000",
            "half": "1",
            "confidence": "0.7873392105102539"
        },
        {
            "gameTime": "1 - 19:3",
            "label": "Throw-in",
            "position": "1143500",
            "half": "1",
            "confidence": "0.7674239873886108"
        },
        {
            "gameTime": "1 - 13:41",
            "label": "Throw-in",
            "position": "821500",
            "half": "1",
            "confidence": "0.7531439661979675"
        },
        {
            "gameTime": "1 - 6:53",
            "label": "Throw-in",
            "position": "413000",
            "half": "1",
            "confidence": "0.7520124316215515"
        },
        {
            "gameTime": "1 - 12:31",
            "label": "Throw-in",
            "position": "751000",
            "half": "1",
            "confidence": "0.702095091342926"
        },
        {
            "gameTime": "1 - 18:30",
            "label": "Throw-in",
            "position": "1110500",
            "half": "1",
            "confidence": "0.6572269201278687"
        },
        {
            "gameTime": "1 - 4:47",
            "label": "Throw-in",
            "position": "287500",
            "half": "1",
            "confidence": "0.5894742608070374"
        },
        {
            "gameTime": "1 - 39:49",
            "label": "Throw-in",
            "position": "2389000",
            "half": "1",
            "confidence": "0.5807122588157654"
        },
        {
            "gameTime": "1 - 40:42",
            "label": "Throw-in",
            "position": "2442500",
            "half": "1",
            "confidence": "0.5785028338432312"
        },
        {
            "gameTime": "1 - 27:37",
            "label": "Throw-in",
            "position": "1657500",
            "half": "1",
            "confidence": "0.5567511916160583"
        },
        {
            "gameTime": "1 - 12:41",
            "label": "Throw-in",
            "position": "761000",
            "half": "1",
            "confidence": "0.5500701069831848"
        },
        {
            "gameTime": "1 - 2:43",
            "label": "Throw-in",
            "position": "163000",
            "half": "1",
            "confidence": "0.541216254234314"
        },
        {
            "gameTime": "1 - 30:11",
            "label": "Foul",
            "position": "1811500",
            "half": "1",
            "confidence": "0.7605041265487671"
        },
        {
            "gameTime": "1 - 1:38",
            "label": "Foul",
            "position": "98000",
            "half": "1",
            "confidence": "0.7478373050689697"
        },
        {
            "gameTime": "1 - 5:59",
            "label": "Foul",
            "position": "359500",
            "half": "1",
            "confidence": "0.7293307781219482"
        },
        {
            "gameTime": "1 - 30:22",
            "label": "Foul",
            "position": "1822000",
            "half": "1",
            "confidence": "0.7257856130599976"
        },
        {
            "gameTime": "1 - 28:45",
            "label": "Direct free-kick",
            "position": "1725000",
            "half": "1",
            "confidence": "0.8367416858673096"
        },
        {
            "gameTime": "1 - 39:11",
            "label": "Direct free-kick",
            "position": "2351000",
            "half": "1",
            "confidence": "0.7762513160705566"
        },
        {
            "gameTime": "1 - 34:18",
            "label": "Direct free-kick",
            "position": "2058000",
            "half": "1",
            "confidence": "0.5581575632095337"
        },
        {
            "gameTime": "1 - 9:14",
            "label": "Corner",
            "position": "554500",
            "half": "1",
            "confidence": "0.9952729344367981"
        },
        {
            "gameTime": "1 - 45:32",
            "label": "Corner",
            "position": "2732500",
            "half": "1",
            "confidence": "0.9852573275566101"
        },
        {
            "gameTime": "1 - 42:14",
            "label": "Corner",
            "position": "2534000",
            "half": "1",
            "confidence": "0.984828770160675"
        },
        {
            "gameTime": "1 - 37:43",
            "label": "Corner",
            "position": "2263500",
            "half": "1",
            "confidence": "0.9763380885124207"
        },
        {
            "gameTime": "1 - 9:25",
            "label": "Corner",
            "position": "565500",
            "half": "1",
            "confidence": "0.9738744497299194"
        },
        {
            "gameTime": "1 - 37:13",
            "label": "Corner",
            "position": "2233000",
            "half": "1",
            "confidence": "0.9408698081970215"
        },
        {
            "gameTime": "1 - 42:25",
            "label": "Corner",
            "position": "2545500",
            "half": "1",
            "confidence": "0.9042867422103882"
        },
        {
            "gameTime": "1 - 21:58",
            "label": "Corner",
            "position": "1318000",
            "half": "1",
            "confidence": "0.882319450378418"
        },
        {
            "gameTime": "1 - 41:29",
            "label": "Corner",
            "position": "2489000",
            "half": "1",
            "confidence": "0.8684602975845337"
        },
        {
            "gameTime": "1 - 38:13",
            "label": "Corner",
            "position": "2293000",
            "half": "1",
            "confidence": "0.8245903849601746"
        },
        {
            "gameTime": "1 - 14:32",
            "label": "Corner",
            "position": "872500",
            "half": "1",
            "confidence": "0.7695204019546509"
        },
        {
            "gameTime": "1 - 37:33",
            "label": "Corner",
            "position": "2253000",
            "half": "1",
            "confidence": "0.7650957107543945"
        },
        {
            "gameTime": "1 - 41:39",
            "label": "Corner",
            "position": "2499000",
            "half": "1",
            "confidence": "0.7497437596321106"
        },
        {
            "gameTime": "1 - 44:13",
            "label": "Corner",
            "position": "2653500",
            "half": "1",
            "confidence": "0.6334032416343689"
        },
        {
            "gameTime": "1 - 45:42",
            "label": "Corner",
            "position": "2742500",
            "half": "1",
            "confidence": "0.5701991319656372"
        },
        {
            "gameTime": "1 - 21:36",
            "label": "Yellow card",
            "position": "1296500",
            "half": "1",
            "confidence": "0.7722160816192627"
        },
        {
            "gameTime": "1 - 21:22",
            "label": "Yellow card",
            "position": "1282500",
            "half": "1",
            "confidence": "0.5391477346420288"
        },
        {
            "gameTime": "2 - 18:37",
            "label": "Kick-off",
            "position": "1117500",
            "half": "2",
            "confidence": "0.9542676210403442"
        },
        {
            "gameTime": "2 - 0:0",
            "label": "Kick-off",
            "position": "0",
            "half": "2",
            "confidence": "0.9214578866958618"
        },
        {
            "gameTime": "2 - 0:10",
            "label": "Kick-off",
            "position": "10000",
            "half": "2",
            "confidence": "0.8142552375793457"
        },
        {
            "gameTime": "2 - 24:2",
            "label": "Kick-off",
            "position": "1442500",
            "half": "2",
            "confidence": "0.7894927859306335"
        },
        {
            "gameTime": "2 - 18:47",
            "label": "Kick-off",
            "position": "1127500",
            "half": "2",
            "confidence": "0.7675888538360596"
        },
        {
            "gameTime": "2 - 51:3",
            "label": "Kick-off",
            "position": "3063000",
            "half": "2",
            "confidence": "0.5156725645065308"
        },
        {
            "gameTime": "2 - 14:3",
            "label": "Substitution",
            "position": "843500",
            "half": "2",
            "confidence": "0.9908022880554199"
        },
        {
            "gameTime": "2 - 13:49",
            "label": "Substitution",
            "position": "829500",
            "half": "2",
            "confidence": "0.9797399640083313"
        },
        {
            "gameTime": "2 - 36:53",
            "label": "Substitution",
            "position": "2213000",
            "half": "2",
            "confidence": "0.8445799350738525"
        },
        {
            "gameTime": "2 - 14:15",
            "label": "Substitution",
            "position": "855000",
            "half": "2",
            "confidence": "0.7364829182624817"
        },
        {
            "gameTime": "2 - 28:44",
            "label": "Substitution",
            "position": "1724000",
            "half": "2",
            "confidence": "0.5880391001701355"
        },
        {
            "gameTime": "2 - 8:58",
            "label": "Substitution",
            "position": "538000",
            "half": "2",
            "confidence": "0.5598544478416443"
        },
        {
            "gameTime": "2 - 24:4",
            "label": "Substitution",
            "position": "1444000",
            "half": "2",
            "confidence": "0.552051305770874"
        },
        {
            "gameTime": "2 - 4:56",
            "label": "Offside",
            "position": "296500",
            "half": "2",
            "confidence": "0.5907683968544006"
        },
        {
            "gameTime": "2 - 4:6",
            "label": "Shots on target",
            "position": "246500",
            "half": "2",
            "confidence": "0.6415005326271057"
        },
        {
            "gameTime": "2 - 3:53",
            "label": "Shots on target",
            "position": "233500",
            "half": "2",
            "confidence": "0.5870545506477356"
        },
        {
            "gameTime": "2 - 4:6",
            "label": "Shots off target",
            "position": "246000",
            "half": "2",
            "confidence": "0.7900015711784363"
        },
        {
            "gameTime": "2 - 12:35",
            "label": "Shots off target",
            "position": "755000",
            "half": "2",
            "confidence": "0.6594026684761047"
        },
        {
            "gameTime": "2 - 3:26",
            "label": "Shots off target",
            "position": "206000",
            "half": "2",
            "confidence": "0.6356010437011719"
        },
        {
            "gameTime": "2 - 4:52",
            "label": "Shots off target",
            "position": "292500",
            "half": "2",
            "confidence": "0.6031373739242554"
        },
        {
            "gameTime": "2 - 3:53",
            "label": "Shots off target",
            "position": "233000",
            "half": "2",
            "confidence": "0.5423787236213684"
        },
        {
            "gameTime": "2 - 6:1",
            "label": "Shots off target",
            "position": "361500",
            "half": "2",
            "confidence": "0.511829137802124"
        },
        {
            "gameTime": "2 - 47:50",
            "label": "Clearance",
            "position": "2870000",
            "half": "2",
            "confidence": "0.6194953918457031"
        },
        {
            "gameTime": "2 - 3:15",
            "label": "Ball out of play",
            "position": "195000",
            "half": "2",
            "confidence": "0.9436376094818115"
        },
        {
            "gameTime": "2 - 31:38",
            "label": "Ball out of play",
            "position": "1898500",
            "half": "2",
            "confidence": "0.931430995464325"
        },
        {
            "gameTime": "2 - 8:37",
            "label": "Ball out of play",
            "position": "517500",
            "half": "2",
            "confidence": "0.9190057516098022"
        },
        {
            "gameTime": "2 - 3:25",
            "label": "Ball out of play",
            "position": "205000",
            "half": "2",
            "confidence": "0.9065659642219543"
        },
        {
            "gameTime": "2 - 40:18",
            "label": "Ball out of play",
            "position": "2418500",
            "half": "2",
            "confidence": "0.9030519723892212"
        },
        {
            "gameTime": "2 - 4:52",
            "label": "Ball out of play",
            "position": "292500",
            "half": "2",
            "confidence": "0.8982143402099609"
        },
        {
            "gameTime": "2 - 40:7",
            "label": "Ball out of play",
            "position": "2407000",
            "half": "2",
            "confidence": "0.8962302803993225"
        },
        {
            "gameTime": "2 - 38:46",
            "label": "Ball out of play",
            "position": "2326500",
            "half": "2",
            "confidence": "0.8817509412765503"
        },
        {
            "gameTime": "2 - 20:43",
            "label": "Ball out of play",
            "position": "1243500",
            "half": "2",
            "confidence": "0.8784219622612"
        },
        {
            "gameTime": "2 - 14:39",
            "label": "Ball out of play",
            "position": "879500",
            "half": "2",
            "confidence": "0.8748965859413147"
        },
        {
            "gameTime": "2 - 17:10",
            "label": "Ball out of play",
            "position": "1030500",
            "half": "2",
            "confidence": "0.8693675398826599"
        },
        {
            "gameTime": "2 - 24:26",
            "label": "Ball out of play",
            "position": "1466000",
            "half": "2",
            "confidence": "0.8547463417053223"
        },
        {
            "gameTime": "2 - 24:36",
            "label": "Ball out of play",
            "position": "1476000",
            "half": "2",
            "confidence": "0.8524235486984253"
        },
        {
            "gameTime": "2 - 10:54",
            "label": "Ball out of play",
            "position": "654000",
            "half": "2",
            "confidence": "0.8506039977073669"
        },
        {
            "gameTime": "2 - 5:9",
            "label": "Ball out of play",
            "position": "309000",
            "half": "2",
            "confidence": "0.8471415042877197"
        },
        {
            "gameTime": "2 - 14:52",
            "label": "Ball out of play",
            "position": "892000",
            "half": "2",
            "confidence": "0.8403674960136414"
        },
        {
            "gameTime": "2 - 2:15",
            "label": "Ball out of play",
            "position": "135500",
            "half": "2",
            "confidence": "0.8281536102294922"
        },
        {
            "gameTime": "2 - 39:37",
            "label": "Ball out of play",
            "position": "2377000",
            "half": "2",
            "confidence": "0.8255022168159485"
        },
        {
            "gameTime": "2 - 17:26",
            "label": "Ball out of play",
            "position": "1046000",
            "half": "2",
            "confidence": "0.8095608353614807"
        },
        {
            "gameTime": "2 - 39:23",
            "label": "Ball out of play",
            "position": "2363000",
            "half": "2",
            "confidence": "0.8050830364227295"
        },
        {
            "gameTime": "2 - 12:40",
            "label": "Ball out of play",
            "position": "760000",
            "half": "2",
            "confidence": "0.8013907074928284"
        },
        {
            "gameTime": "2 - 27:11",
            "label": "Ball out of play",
            "position": "1631000",
            "half": "2",
            "confidence": "0.7989597916603088"
        },
        {
            "gameTime": "2 - 26:29",
            "label": "Ball out of play",
            "position": "1589000",
            "half": "2",
            "confidence": "0.7747694253921509"
        },
        {
            "gameTime": "2 - 33:56",
            "label": "Ball out of play",
            "position": "2036500",
            "half": "2",
            "confidence": "0.7743077874183655"
        },
        {
            "gameTime": "2 - 20:53",
            "label": "Ball out of play",
            "position": "1253500",
            "half": "2",
            "confidence": "0.7741699814796448"
        },
        {
            "gameTime": "2 - 7:56",
            "label": "Ball out of play",
            "position": "476000",
            "half": "2",
            "confidence": "0.7716705203056335"
        },
        {
            "gameTime": "2 - 4:7",
            "label": "Ball out of play",
            "position": "247500",
            "half": "2",
            "confidence": "0.7639354467391968"
        },
        {
            "gameTime": "2 - 27:0",
            "label": "Ball out of play",
            "position": "1620000",
            "half": "2",
            "confidence": "0.7617093920707703"
        },
        {
            "gameTime": "2 - 2:5",
            "label": "Ball out of play",
            "position": "125000",
            "half": "2",
            "confidence": "0.7597252130508423"
        },
        {
            "gameTime": "2 - 38:36",
            "label": "Ball out of play",
            "position": "2316000",
            "half": "2",
            "confidence": "0.7517372369766235"
        },
        {
            "gameTime": "2 - 12:28",
            "label": "Ball out of play",
            "position": "748000",
            "half": "2",
            "confidence": "0.7474779486656189"
        },
        {
            "gameTime": "2 - 1:15",
            "label": "Ball out of play",
            "position": "75000",
            "half": "2",
            "confidence": "0.7423622012138367"
        },
        {
            "gameTime": "2 - 21:37",
            "label": "Ball out of play",
            "position": "1297000",
            "half": "2",
            "confidence": "0.728836715221405"
        },
        {
            "gameTime": "2 - 31:48",
            "label": "Ball out of play",
            "position": "1908500",
            "half": "2",
            "confidence": "0.7204222083091736"
        },
        {
            "gameTime": "2 - 26:39",
            "label": "Ball out of play",
            "position": "1599000",
            "half": "2",
            "confidence": "0.7029600739479065"
        },
        {
            "gameTime": "2 - 37:48",
            "label": "Ball out of play",
            "position": "2268000",
            "half": "2",
            "confidence": "0.6970562934875488"
        },
        {
            "gameTime": "2 - 24:14",
            "label": "Ball out of play",
            "position": "1454500",
            "half": "2",
            "confidence": "0.6834339499473572"
        },
        {
            "gameTime": "2 - 47:4",
            "label": "Ball out of play",
            "position": "2824500",
            "half": "2",
            "confidence": "0.6816431283950806"
        },
        {
            "gameTime": "2 - 2:25",
            "label": "Ball out of play",
            "position": "145500",
            "half": "2",
            "confidence": "0.6809368133544922"
        },
        {
            "gameTime": "2 - 27:27",
            "label": "Ball out of play",
            "position": "1647500",
            "half": "2",
            "confidence": "0.6772757768630981"
        },
        {
            "gameTime": "2 - 17:0",
            "label": "Ball out of play",
            "position": "1020000",
            "half": "2",
            "confidence": "0.6741357445716858"
        },
        {
            "gameTime": "2 - 28:55",
            "label": "Ball out of play",
            "position": "1735000",
            "half": "2",
            "confidence": "0.6692016124725342"
        },
        {
            "gameTime": "2 - 48:26",
            "label": "Ball out of play",
            "position": "2906000",
            "half": "2",
            "confidence": "0.6652578115463257"
        },
        {
            "gameTime": "2 - 34:7",
            "label": "Ball out of play",
            "position": "2047500",
            "half": "2",
            "confidence": "0.662908136844635"
        },
        {
            "gameTime": "2 - 6:34",
            "label": "Ball out of play",
            "position": "394500",
            "half": "2",
            "confidence": "0.6590189933776855"
        },
        {
            "gameTime": "2 - 6:5",
            "label": "Ball out of play",
            "position": "365000",
            "half": "2",
            "confidence": "0.6517366766929626"
        },
        {
            "gameTime": "2 - 20:33",
            "label": "Ball out of play",
            "position": "1233000",
            "half": "2",
            "confidence": "0.6490199565887451"
        },
        {
            "gameTime": "2 - 1:4",
            "label": "Ball out of play",
            "position": "64000",
            "half": "2",
            "confidence": "0.6484536528587341"
        },
        {
            "gameTime": "2 - 8:6",
            "label": "Ball out of play",
            "position": "486000",
            "half": "2",
            "confidence": "0.6379634141921997"
        },
        {
            "gameTime": "2 - 3:55",
            "label": "Ball out of play",
            "position": "235000",
            "half": "2",
            "confidence": "0.6281186938285828"
        },
        {
            "gameTime": "2 - 48:39",
            "label": "Ball out of play",
            "position": "2919500",
            "half": "2",
            "confidence": "0.6181493401527405"
        },
        {
            "gameTime": "2 - 38:59",
            "label": "Ball out of play",
            "position": "2339000",
            "half": "2",
            "confidence": "0.6145557165145874"
        },
        {
            "gameTime": "2 - 7:11",
            "label": "Ball out of play",
            "position": "431000",
            "half": "2",
            "confidence": "0.6102398037910461"
        },
        {
            "gameTime": "2 - 43:24",
            "label": "Ball out of play",
            "position": "2604000",
            "half": "2",
            "confidence": "0.5933465361595154"
        },
        {
            "gameTime": "2 - 5:53",
            "label": "Ball out of play",
            "position": "353500",
            "half": "2",
            "confidence": "0.5925559997558594"
        },
        {
            "gameTime": "2 - 27:42",
            "label": "Ball out of play",
            "position": "1662500",
            "half": "2",
            "confidence": "0.5841395258903503"
        },
        {
            "gameTime": "2 - 21:25",
            "label": "Ball out of play",
            "position": "1285000",
            "half": "2",
            "confidence": "0.5811580419540405"
        },
        {
            "gameTime": "2 - 3:35",
            "label": "Ball out of play",
            "position": "215000",
            "half": "2",
            "confidence": "0.5737214088439941"
        },
        {
            "gameTime": "2 - 9:16",
            "label": "Ball out of play",
            "position": "556500",
            "half": "2",
            "confidence": "0.550217866897583"
        },
        {
            "gameTime": "2 - 45:37",
            "label": "Ball out of play",
            "position": "2737000",
            "half": "2",
            "confidence": "0.5460808873176575"
        },
        {
            "gameTime": "2 - 28:6",
            "label": "Ball out of play",
            "position": "1686000",
            "half": "2",
            "confidence": "0.5452455282211304"
        },
        {
            "gameTime": "2 - 30:8",
            "label": "Ball out of play",
            "position": "1808500",
            "half": "2",
            "confidence": "0.5414221882820129"
        },
        {
            "gameTime": "2 - 42:34",
            "label": "Ball out of play",
            "position": "2554500",
            "half": "2",
            "confidence": "0.5189696550369263"
        },
        {
            "gameTime": "2 - 8:25",
            "label": "Ball out of play",
            "position": "505000",
            "half": "2",
            "confidence": "0.5001204609870911"
        },
        {
            "gameTime": "2 - 20:54",
            "label": "Throw-in",
            "position": "1254500",
            "half": "2",
            "confidence": "0.970437228679657"
        },
        {
            "gameTime": "2 - 20:43",
            "label": "Throw-in",
            "position": "1243500",
            "half": "2",
            "confidence": "0.876193106174469"
        },
        {
            "gameTime": "2 - 38:1",
            "label": "Throw-in",
            "position": "2281000",
            "half": "2",
            "confidence": "0.8398029804229736"
        },
        {
            "gameTime": "2 - 3:8",
            "label": "Throw-in",
            "position": "188500",
            "half": "2",
            "confidence": "0.8347063064575195"
        },
        {
            "gameTime": "2 - 28:58",
            "label": "Throw-in",
            "position": "1738000",
            "half": "2",
            "confidence": "0.6898473501205444"
        },
        {
            "gameTime": "2 - 45:36",
            "label": "Throw-in",
            "position": "2736000",
            "half": "2",
            "confidence": "0.6776562929153442"
        },
        {
            "gameTime": "2 - 16:51",
            "label": "Throw-in",
            "position": "1011000",
            "half": "2",
            "confidence": "0.669897735118866"
        },
        {
            "gameTime": "2 - 2:4",
            "label": "Throw-in",
            "position": "124000",
            "half": "2",
            "confidence": "0.6665637493133545"
        },
        {
            "gameTime": "2 - 39:10",
            "label": "Throw-in",
            "position": "2350000",
            "half": "2",
            "confidence": "0.6526631712913513"
        },
        {
            "gameTime": "2 - 17:1",
            "label": "Throw-in",
            "position": "1021000",
            "half": "2",
            "confidence": "0.6340984106063843"
        },
        {
            "gameTime": "2 - 2:15",
            "label": "Throw-in",
            "position": "135500",
            "half": "2",
            "confidence": "0.6202770471572876"
        },
        {
            "gameTime": "2 - 6:34",
            "label": "Throw-in",
            "position": "394500",
            "half": "2",
            "confidence": "0.6131870150566101"
        },
        {
            "gameTime": "2 - 42:17",
            "label": "Throw-in",
            "position": "2537000",
            "half": "2",
            "confidence": "0.5990413427352905"
        },
        {
            "gameTime": "2 - 14:39",
            "label": "Throw-in",
            "position": "879000",
            "half": "2",
            "confidence": "0.5941693782806396"
        },
        {
            "gameTime": "2 - 46:15",
            "label": "Throw-in",
            "position": "2775500",
            "half": "2",
            "confidence": "0.5204570293426514"
        },
        {
            "gameTime": "2 - 38:51",
            "label": "Throw-in",
            "position": "2331500",
            "half": "2",
            "confidence": "0.5067645311355591"
        },
        {
            "gameTime": "2 - 20:3",
            "label": "Foul",
            "position": "1203500",
            "half": "2",
            "confidence": "0.9262645840644836"
        },
        {
            "gameTime": "2 - 19:53",
            "label": "Foul",
            "position": "1193000",
            "half": "2",
            "confidence": "0.8008859753608704"
        },
        {
            "gameTime": "2 - 45:53",
            "label": "Foul",
            "position": "2753500",
            "half": "2",
            "confidence": "0.6697683930397034"
        },
        {
            "gameTime": "2 - 35:20",
            "label": "Foul",
            "position": "2120000",
            "half": "2",
            "confidence": "0.6056212782859802"
        },
        {
            "gameTime": "2 - 13:34",
            "label": "Foul",
            "position": "814000",
            "half": "2",
            "confidence": "0.5344452261924744"
        },
        {
            "gameTime": "2 - 1:0",
            "label": "Direct free-kick",
            "position": "60000",
            "half": "2",
            "confidence": "0.7336859703063965"
        },
        {
            "gameTime": "2 - 31:49",
            "label": "Corner",
            "position": "1909000",
            "half": "2",
            "confidence": "0.9859274625778198"
        },
        {
            "gameTime": "2 - 27:50",
            "label": "Corner",
            "position": "1670000",
            "half": "2",
            "confidence": "0.9856365919113159"
        },
        {
            "gameTime": "2 - 31:59",
            "label": "Corner",
            "position": "1919500",
            "half": "2",
            "confidence": "0.8815200924873352"
        },
        {
            "gameTime": "2 - 4:32",
            "label": "Corner",
            "position": "272000",
            "half": "2",
            "confidence": "0.8792146444320679"
        },
        {
            "gameTime": "2 - 8:23",
            "label": "Corner",
            "position": "503500",
            "half": "2",
            "confidence": "0.8312812447547913"
        },
        {
            "gameTime": "2 - 27:39",
            "label": "Corner",
            "position": "1659500",
            "half": "2",
            "confidence": "0.7605189681053162"
        },
        {
            "gameTime": "2 - 27:27",
            "label": "Corner",
            "position": "1647500",
            "half": "2",
            "confidence": "0.7261306047439575"
        },
        {
            "gameTime": "2 - 41:0",
            "label": "Corner",
            "position": "2460000",
            "half": "2",
            "confidence": "0.6735308170318604"
        },
        {
            "gameTime": "2 - 17:8",
            "label": "Corner",
            "position": "1028000",
            "half": "2",
            "confidence": "0.5412520170211792"
        }
    ]
}