{
    "UrlLocal": "spain_laliga/2016-2017/2016-09-24 - 21-45 Las Palmas 2 - 2 Real Madrid",
    "predictions": [
        {
            "gameTime": "1 - 33:22",
            "label": "Kick-off",
            "position": "2002000",
            "half": "1",
            "confidence": "0.9801385402679443"
        },
        {
            "gameTime": "1 - 33:32",
            "label": "Kick-off",
            "position": "2012000",
            "half": "1",
            "confidence": "0.909616231918335"
        },
        {
            "gameTime": "1 - 0:2",
            "label": "Kick-off",
            "position": "2000",
            "half": "1",
            "confidence": "0.6161906123161316"
        },
        {
            "gameTime": "1 - 38:7",
            "label": "Kick-off",
            "position": "2287000",
            "half": "1",
            "confidence": "0.5603172183036804"
        },
        {
            "gameTime": "1 - 37:48",
            "label": "Kick-off",
            "position": "2268000",
            "half": "1",
            "confidence": "0.5480214953422546"
        },
        {
            "gameTime": "1 - 37:12",
            "label": "Goal",
            "position": "2232500",
            "half": "1",
            "confidence": "0.970119297504425"
        },
        {
            "gameTime": "1 - 37:2",
            "label": "Goal",
            "position": "2222000",
            "half": "1",
            "confidence": "0.628970742225647"
        },
        {
            "gameTime": "1 - 37:8",
            "label": "Shots on target",
            "position": "2228000",
            "half": "1",
            "confidence": "0.8384243845939636"
        },
        {
            "gameTime": "1 - 36:57",
            "label": "Shots on target",
            "position": "2217500",
            "half": "1",
            "confidence": "0.6995869278907776"
        },
        {
            "gameTime": "1 - 29:6",
            "label": "Shots on target",
            "position": "1746500",
            "half": "1",
            "confidence": "0.5196443796157837"
        },
        {
            "gameTime": "1 - 11:45",
            "label": "Shots on target",
            "position": "705500",
            "half": "1",
            "confidence": "0.5070378184318542"
        },
        {
            "gameTime": "1 - 29:12",
            "label": "Shots off target",
            "position": "1752000",
            "half": "1",
            "confidence": "0.744146466255188"
        },
        {
            "gameTime": "1 - 18:46",
            "label": "Shots off target",
            "position": "1126500",
            "half": "1",
            "confidence": "0.6235181093215942"
        },
        {
            "gameTime": "1 - 7:20",
            "label": "Shots off target",
            "position": "440500",
            "half": "1",
            "confidence": "0.5573328733444214"
        },
        {
            "gameTime": "1 - 5:43",
            "label": "Shots off target",
            "position": "343500",
            "half": "1",
            "confidence": "0.542547881603241"
        },
        {
            "gameTime": "1 - 18:36",
            "label": "Shots off target",
            "position": "1116000",
            "half": "1",
            "confidence": "0.5372928380966187"
        },
        {
            "gameTime": "1 - 26:28",
            "label": "Shots off target",
            "position": "1588000",
            "half": "1",
            "confidence": "0.5357466340065002"
        },
        {
            "gameTime": "1 - 7:40",
            "label": "Shots off target",
            "position": "460000",
            "half": "1",
            "confidence": "0.5135371685028076"
        },
        {
            "gameTime": "1 - 43:24",
            "label": "Clearance",
            "position": "2604500",
            "half": "1",
            "confidence": "0.9837665557861328"
        },
        {
            "gameTime": "1 - 22:25",
            "label": "Clearance",
            "position": "1345500",
            "half": "1",
            "confidence": "0.8988513946533203"
        },
        {
            "gameTime": "1 - 42:21",
            "label": "Clearance",
            "position": "2541500",
            "half": "1",
            "confidence": "0.7919851541519165"
        },
        {
            "gameTime": "1 - 24:24",
            "label": "Clearance",
            "position": "1464000",
            "half": "1",
            "confidence": "0.768282413482666"
        },
        {
            "gameTime": "1 - 20:26",
            "label": "Clearance",
            "position": "1226000",
            "half": "1",
            "confidence": "0.6785902380943298"
        },
        {
            "gameTime": "1 - 34:39",
            "label": "Clearance",
            "position": "2079000",
            "half": "1",
            "confidence": "0.6508846879005432"
        },
        {
            "gameTime": "1 - 30:49",
            "label": "Clearance",
            "position": "1849500",
            "half": "1",
            "confidence": "0.6357556581497192"
        },
        {
            "gameTime": "1 - 8:5",
            "label": "Clearance",
            "position": "485000",
            "half": "1",
            "confidence": "0.5673750042915344"
        },
        {
            "gameTime": "1 - 42:11",
            "label": "Clearance",
            "position": "2531000",
            "half": "1",
            "confidence": "0.5554483532905579"
        },
        {
            "gameTime": "1 - 34:50",
            "label": "Clearance",
            "position": "2090000",
            "half": "1",
            "confidence": "0.5237979888916016"
        },
        {
            "gameTime": "1 - 30:39",
            "label": "Clearance",
            "position": "1839000",
            "half": "1",
            "confidence": "0.5154753923416138"
        },
        {
            "gameTime": "1 - 22:21",
            "label": "Ball out of play",
            "position": "1341000",
            "half": "1",
            "confidence": "0.9151776432991028"
        },
        {
            "gameTime": "1 - 5:52",
            "label": "Ball out of play",
            "position": "352000",
            "half": "1",
            "confidence": "0.8865047693252563"
        },
        {
            "gameTime": "1 - 22:9",
            "label": "Ball out of play",
            "position": "1329000",
            "half": "1",
            "confidence": "0.8814625144004822"
        },
        {
            "gameTime": "1 - 18:50",
            "label": "Ball out of play",
            "position": "1130000",
            "half": "1",
            "confidence": "0.8571431636810303"
        },
        {
            "gameTime": "1 - 5:38",
            "label": "Ball out of play",
            "position": "338000",
            "half": "1",
            "confidence": "0.8549173474311829"
        },
        {
            "gameTime": "1 - 35:5",
            "label": "Ball out of play",
            "position": "2105000",
            "half": "1",
            "confidence": "0.8436450958251953"
        },
        {
            "gameTime": "1 - 6:2",
            "label": "Ball out of play",
            "position": "362000",
            "half": "1",
            "confidence": "0.8311601281166077"
        },
        {
            "gameTime": "1 - 34:19",
            "label": "Ball out of play",
            "position": "2059000",
            "half": "1",
            "confidence": "0.8226715326309204"
        },
        {
            "gameTime": "1 - 14:48",
            "label": "Ball out of play",
            "position": "888500",
            "half": "1",
            "confidence": "0.8171069622039795"
        },
        {
            "gameTime": "1 - 29:11",
            "label": "Ball out of play",
            "position": "1751000",
            "half": "1",
            "confidence": "0.7347807288169861"
        },
        {
            "gameTime": "1 - 2:8",
            "label": "Ball out of play",
            "position": "128500",
            "half": "1",
            "confidence": "0.7108303904533386"
        },
        {
            "gameTime": "1 - 20:6",
            "label": "Ball out of play",
            "position": "1206000",
            "half": "1",
            "confidence": "0.7085201740264893"
        },
        {
            "gameTime": "1 - 25:32",
            "label": "Ball out of play",
            "position": "1532000",
            "half": "1",
            "confidence": "0.706637442111969"
        },
        {
            "gameTime": "1 - 22:31",
            "label": "Ball out of play",
            "position": "1351000",
            "half": "1",
            "confidence": "0.6817959547042847"
        },
        {
            "gameTime": "1 - 42:33",
            "label": "Ball out of play",
            "position": "2553500",
            "half": "1",
            "confidence": "0.6767846941947937"
        },
        {
            "gameTime": "1 - 7:40",
            "label": "Ball out of play",
            "position": "460000",
            "half": "1",
            "confidence": "0.675017237663269"
        },
        {
            "gameTime": "1 - 19:55",
            "label": "Ball out of play",
            "position": "1195500",
            "half": "1",
            "confidence": "0.6377894282341003"
        },
        {
            "gameTime": "1 - 3:32",
            "label": "Ball out of play",
            "position": "212000",
            "half": "1",
            "confidence": "0.6174747347831726"
        },
        {
            "gameTime": "1 - 14:19",
            "label": "Ball out of play",
            "position": "859000",
            "half": "1",
            "confidence": "0.6124414205551147"
        },
        {
            "gameTime": "1 - 7:15",
            "label": "Ball out of play",
            "position": "435500",
            "half": "1",
            "confidence": "0.6088275909423828"
        },
        {
            "gameTime": "1 - 18:38",
            "label": "Ball out of play",
            "position": "1118500",
            "half": "1",
            "confidence": "0.6081207990646362"
        },
        {
            "gameTime": "1 - 40:57",
            "label": "Ball out of play",
            "position": "2457000",
            "half": "1",
            "confidence": "0.6053971648216248"
        },
        {
            "gameTime": "1 - 17:8",
            "label": "Ball out of play",
            "position": "1028000",
            "half": "1",
            "confidence": "0.5864648818969727"
        },
        {
            "gameTime": "1 - 16:28",
            "label": "Ball out of play",
            "position": "988500",
            "half": "1",
            "confidence": "0.584579348564148"
        },
        {
            "gameTime": "1 - 21:8",
            "label": "Ball out of play",
            "position": "1268000",
            "half": "1",
            "confidence": "0.5838640928268433"
        },
        {
            "gameTime": "1 - 35:17",
            "label": "Ball out of play",
            "position": "2117500",
            "half": "1",
            "confidence": "0.581935465335846"
        },
        {
            "gameTime": "1 - 42:44",
            "label": "Ball out of play",
            "position": "2564000",
            "half": "1",
            "confidence": "0.5705651044845581"
        },
        {
            "gameTime": "1 - 34:54",
            "label": "Ball out of play",
            "position": "2094500",
            "half": "1",
            "confidence": "0.5572154521942139"
        },
        {
            "gameTime": "1 - 1:32",
            "label": "Ball out of play",
            "position": "92500",
            "half": "1",
            "confidence": "0.5557015538215637"
        },
        {
            "gameTime": "1 - 8:18",
            "label": "Ball out of play",
            "position": "498000",
            "half": "1",
            "confidence": "0.5525956153869629"
        },
        {
            "gameTime": "1 - 38:23",
            "label": "Ball out of play",
            "position": "2303500",
            "half": "1",
            "confidence": "0.5364060401916504"
        },
        {
            "gameTime": "1 - 41:26",
            "label": "Ball out of play",
            "position": "2486500",
            "half": "1",
            "confidence": "0.5280339121818542"
        },
        {
            "gameTime": "1 - 36:40",
            "label": "Ball out of play",
            "position": "2200000",
            "half": "1",
            "confidence": "0.5222572088241577"
        },
        {
            "gameTime": "1 - 42:19",
            "label": "Ball out of play",
            "position": "2539500",
            "half": "1",
            "confidence": "0.5186686515808105"
        },
        {
            "gameTime": "1 - 10:28",
            "label": "Ball out of play",
            "position": "628000",
            "half": "1",
            "confidence": "0.515502393245697"
        },
        {
            "gameTime": "1 - 0:56",
            "label": "Ball out of play",
            "position": "56000",
            "half": "1",
            "confidence": "0.5143555998802185"
        },
        {
            "gameTime": "1 - 35:5",
            "label": "Throw-in",
            "position": "2105000",
            "half": "1",
            "confidence": "0.9450652599334717"
        },
        {
            "gameTime": "1 - 8:18",
            "label": "Throw-in",
            "position": "498000",
            "half": "1",
            "confidence": "0.8936798572540283"
        },
        {
            "gameTime": "1 - 35:15",
            "label": "Throw-in",
            "position": "2115000",
            "half": "1",
            "confidence": "0.835408627986908"
        },
        {
            "gameTime": "1 - 1:12",
            "label": "Throw-in",
            "position": "72500",
            "half": "1",
            "confidence": "0.81924968957901"
        },
        {
            "gameTime": "1 - 3:33",
            "label": "Throw-in",
            "position": "213000",
            "half": "1",
            "confidence": "0.791631817817688"
        },
        {
            "gameTime": "1 - 25:33",
            "label": "Throw-in",
            "position": "1533500",
            "half": "1",
            "confidence": "0.7255326509475708"
        },
        {
            "gameTime": "1 - 8:7",
            "label": "Throw-in",
            "position": "487500",
            "half": "1",
            "confidence": "0.7052996158599854"
        },
        {
            "gameTime": "1 - 20:6",
            "label": "Throw-in",
            "position": "1206500",
            "half": "1",
            "confidence": "0.6997653841972351"
        },
        {
            "gameTime": "1 - 1:2",
            "label": "Throw-in",
            "position": "62000",
            "half": "1",
            "confidence": "0.6825380921363831"
        },
        {
            "gameTime": "1 - 1:32",
            "label": "Throw-in",
            "position": "92500",
            "half": "1",
            "confidence": "0.6656550765037537"
        },
        {
            "gameTime": "1 - 36:40",
            "label": "Throw-in",
            "position": "2200000",
            "half": "1",
            "confidence": "0.6614989638328552"
        },
        {
            "gameTime": "1 - 2:10",
            "label": "Throw-in",
            "position": "130500",
            "half": "1",
            "confidence": "0.6413313150405884"
        },
        {
            "gameTime": "1 - 21:8",
            "label": "Throw-in",
            "position": "1268000",
            "half": "1",
            "confidence": "0.6047803163528442"
        },
        {
            "gameTime": "1 - 2:0",
            "label": "Throw-in",
            "position": "120000",
            "half": "1",
            "confidence": "0.5830798149108887"
        },
        {
            "gameTime": "1 - 5:37",
            "label": "Throw-in",
            "position": "337500",
            "half": "1",
            "confidence": "0.5699203014373779"
        },
        {
            "gameTime": "1 - 36:29",
            "label": "Throw-in",
            "position": "2189500",
            "half": "1",
            "confidence": "0.5615209937095642"
        },
        {
            "gameTime": "1 - 22:27",
            "label": "Throw-in",
            "position": "1347500",
            "half": "1",
            "confidence": "0.5573858618736267"
        },
        {
            "gameTime": "1 - 18:56",
            "label": "Throw-in",
            "position": "1136500",
            "half": "1",
            "confidence": "0.5554370284080505"
        },
        {
            "gameTime": "1 - 16:46",
            "label": "Throw-in",
            "position": "1006000",
            "half": "1",
            "confidence": "0.5379215478897095"
        },
        {
            "gameTime": "1 - 35:27",
            "label": "Throw-in",
            "position": "2127000",
            "half": "1",
            "confidence": "0.5120129585266113"
        },
        {
            "gameTime": "1 - 40:42",
            "label": "Foul",
            "position": "2442500",
            "half": "1",
            "confidence": "0.8701285123825073"
        },
        {
            "gameTime": "1 - 20:19",
            "label": "Foul",
            "position": "1219000",
            "half": "1",
            "confidence": "0.8648760914802551"
        },
        {
            "gameTime": "1 - 22:0",
            "label": "Foul",
            "position": "1320000",
            "half": "1",
            "confidence": "0.7548136711120605"
        },
        {
            "gameTime": "1 - 22:44",
            "label": "Foul",
            "position": "1364000",
            "half": "1",
            "confidence": "0.7130990624427795"
        },
        {
            "gameTime": "1 - 43:51",
            "label": "Foul",
            "position": "2631500",
            "half": "1",
            "confidence": "0.7002519369125366"
        },
        {
            "gameTime": "1 - 39:47",
            "label": "Foul",
            "position": "2387000",
            "half": "1",
            "confidence": "0.6895526647567749"
        },
        {
            "gameTime": "1 - 23:45",
            "label": "Foul",
            "position": "1425000",
            "half": "1",
            "confidence": "0.6882376670837402"
        },
        {
            "gameTime": "1 - 21:15",
            "label": "Foul",
            "position": "1275500",
            "half": "1",
            "confidence": "0.656133770942688"
        },
        {
            "gameTime": "1 - 22:54",
            "label": "Foul",
            "position": "1374000",
            "half": "1",
            "confidence": "0.6325088143348694"
        },
        {
            "gameTime": "1 - 7:12",
            "label": "Foul",
            "position": "432000",
            "half": "1",
            "confidence": "0.6144328117370605"
        },
        {
            "gameTime": "1 - 6:12",
            "label": "Foul",
            "position": "372500",
            "half": "1",
            "confidence": "0.5821983814239502"
        },
        {
            "gameTime": "1 - 44:1",
            "label": "Foul",
            "position": "2641500",
            "half": "1",
            "confidence": "0.553891658782959"
        },
        {
            "gameTime": "1 - 23:55",
            "label": "Foul",
            "position": "1435000",
            "half": "1",
            "confidence": "0.5422561764717102"
        },
        {
            "gameTime": "1 - 40:12",
            "label": "Foul",
            "position": "2412000",
            "half": "1",
            "confidence": "0.5263506174087524"
        },
        {
            "gameTime": "1 - 21:47",
            "label": "Foul",
            "position": "1307000",
            "half": "1",
            "confidence": "0.5044291019439697"
        },
        {
            "gameTime": "1 - 38:17",
            "label": "Indirect free-kick",
            "position": "2297000",
            "half": "1",
            "confidence": "0.6580333113670349"
        },
        {
            "gameTime": "1 - 0:10",
            "label": "Indirect free-kick",
            "position": "10500",
            "half": "1",
            "confidence": "0.6178788542747498"
        },
        {
            "gameTime": "1 - 41:24",
            "label": "Indirect free-kick",
            "position": "2484500",
            "half": "1",
            "confidence": "0.5671164393424988"
        },
        {
            "gameTime": "1 - 21:20",
            "label": "Indirect free-kick",
            "position": "1280000",
            "half": "1",
            "confidence": "0.5370558500289917"
        },
        {
            "gameTime": "1 - 1:42",
            "label": "Indirect free-kick",
            "position": "102000",
            "half": "1",
            "confidence": "0.5006703734397888"
        },
        {
            "gameTime": "1 - 21:49",
            "label": "Direct free-kick",
            "position": "1309000",
            "half": "1",
            "confidence": "0.6100704669952393"
        },
        {
            "gameTime": "1 - 7:13",
            "label": "Corner",
            "position": "433000",
            "half": "1",
            "confidence": "0.9717143774032593"
        },
        {
            "gameTime": "1 - 7:23",
            "label": "Corner",
            "position": "443000",
            "half": "1",
            "confidence": "0.8431227207183838"
        },
        {
            "gameTime": "1 - 7:35",
            "label": "Corner",
            "position": "455500",
            "half": "1",
            "confidence": "0.7540513873100281"
        },
        {
            "gameTime": "1 - 43:6",
            "label": "Corner",
            "position": "2586000",
            "half": "1",
            "confidence": "0.6879894137382507"
        },
        {
            "gameTime": "1 - 23:50",
            "label": "Corner",
            "position": "1430500",
            "half": "1",
            "confidence": "0.6479255557060242"
        },
        {
            "gameTime": "1 - 42:55",
            "label": "Corner",
            "position": "2575500",
            "half": "1",
            "confidence": "0.6034563183784485"
        },
        {
            "gameTime": "1 - 32:24",
            "label": "Corner",
            "position": "1944500",
            "half": "1",
            "confidence": "0.5122615694999695"
        },
        {
            "gameTime": "2 - 40:22",
            "label": "Kick-off",
            "position": "2422500",
            "half": "2",
            "confidence": "0.890936017036438"
        },
        {
            "gameTime": "2 - 0:0",
            "label": "Kick-off",
            "position": "0",
            "half": "2",
            "confidence": "0.7456601858139038"
        },
        {
            "gameTime": "2 - 22:31",
            "label": "Kick-off",
            "position": "1351500",
            "half": "2",
            "confidence": "0.5517704486846924"
        },
        {
            "gameTime": "2 - 21:47",
            "label": "Goal",
            "position": "1307000",
            "half": "2",
            "confidence": "0.7800006866455078"
        },
        {
            "gameTime": "2 - 36:41",
            "label": "Offside",
            "position": "2201500",
            "half": "2",
            "confidence": "0.5931052565574646"
        },
        {
            "gameTime": "2 - 21:45",
            "label": "Shots on target",
            "position": "1305000",
            "half": "2",
            "confidence": "0.7614204287528992"
        },
        {
            "gameTime": "2 - 6:57",
            "label": "Shots on target",
            "position": "417000",
            "half": "2",
            "confidence": "0.6330810785293579"
        },
        {
            "gameTime": "2 - 27:10",
            "label": "Shots on target",
            "position": "1630000",
            "half": "2",
            "confidence": "0.5403323769569397"
        },
        {
            "gameTime": "2 - 19:47",
            "label": "Shots off target",
            "position": "1187000",
            "half": "2",
            "confidence": "0.6588665246963501"
        },
        {
            "gameTime": "2 - 25:20",
            "label": "Shots off target",
            "position": "1520000",
            "half": "2",
            "confidence": "0.5966586470603943"
        },
        {
            "gameTime": "2 - 6:49",
            "label": "Shots off target",
            "position": "409500",
            "half": "2",
            "confidence": "0.5894325375556946"
        },
        {
            "gameTime": "2 - 14:59",
            "label": "Shots off target",
            "position": "899000",
            "half": "2",
            "confidence": "0.5416948199272156"
        },
        {
            "gameTime": "2 - 43:7",
            "label": "Shots off target",
            "position": "2587000",
            "half": "2",
            "confidence": "0.5407358407974243"
        },
        {
            "gameTime": "2 - 25:9",
            "label": "Shots off target",
            "position": "1509500",
            "half": "2",
            "confidence": "0.5199770927429199"
        },
        {
            "gameTime": "2 - 16:35",
            "label": "Shots off target",
            "position": "995500",
            "half": "2",
            "confidence": "0.5017630457878113"
        },
        {
            "gameTime": "2 - 43:26",
            "label": "Clearance",
            "position": "2606500",
            "half": "2",
            "confidence": "0.8422874212265015"
        },
        {
            "gameTime": "2 - 5:2",
            "label": "Clearance",
            "position": "302500",
            "half": "2",
            "confidence": "0.735363781452179"
        },
        {
            "gameTime": "2 - 18:53",
            "label": "Clearance",
            "position": "1133000",
            "half": "2",
            "confidence": "0.6299142241477966"
        },
        {
            "gameTime": "2 - 14:23",
            "label": "Clearance",
            "position": "863000",
            "half": "2",
            "confidence": "0.576010525226593"
        },
        {
            "gameTime": "2 - 25:20",
            "label": "Ball out of play",
            "position": "1520000",
            "half": "2",
            "confidence": "0.9511598944664001"
        },
        {
            "gameTime": "2 - 19:24",
            "label": "Ball out of play",
            "position": "1164500",
            "half": "2",
            "confidence": "0.9479987025260925"
        },
        {
            "gameTime": "2 - 4:3",
            "label": "Ball out of play",
            "position": "243500",
            "half": "2",
            "confidence": "0.9436568021774292"
        },
        {
            "gameTime": "2 - 33:7",
            "label": "Ball out of play",
            "position": "1987500",
            "half": "2",
            "confidence": "0.9243133068084717"
        },
        {
            "gameTime": "2 - 33:22",
            "label": "Ball out of play",
            "position": "2002000",
            "half": "2",
            "confidence": "0.9210382103919983"
        },
        {
            "gameTime": "2 - 19:43",
            "label": "Ball out of play",
            "position": "1183500",
            "half": "2",
            "confidence": "0.8931447863578796"
        },
        {
            "gameTime": "2 - 20:43",
            "label": "Ball out of play",
            "position": "1243500",
            "half": "2",
            "confidence": "0.8720400929450989"
        },
        {
            "gameTime": "2 - 25:9",
            "label": "Ball out of play",
            "position": "1509500",
            "half": "2",
            "confidence": "0.8574696183204651"
        },
        {
            "gameTime": "2 - 14:10",
            "label": "Ball out of play",
            "position": "850000",
            "half": "2",
            "confidence": "0.8530734181404114"
        },
        {
            "gameTime": "2 - 32:56",
            "label": "Ball out of play",
            "position": "1976000",
            "half": "2",
            "confidence": "0.8258986473083496"
        },
        {
            "gameTime": "2 - 11:32",
            "label": "Ball out of play",
            "position": "692000",
            "half": "2",
            "confidence": "0.8124420642852783"
        },
        {
            "gameTime": "2 - 29:16",
            "label": "Ball out of play",
            "position": "1756000",
            "half": "2",
            "confidence": "0.7841495275497437"
        },
        {
            "gameTime": "2 - 27:8",
            "label": "Ball out of play",
            "position": "1628000",
            "half": "2",
            "confidence": "0.7715688347816467"
        },
        {
            "gameTime": "2 - 43:8",
            "label": "Ball out of play",
            "position": "2588500",
            "half": "2",
            "confidence": "0.7709941864013672"
        },
        {
            "gameTime": "2 - 3:53",
            "label": "Ball out of play",
            "position": "233000",
            "half": "2",
            "confidence": "0.7695953249931335"
        },
        {
            "gameTime": "2 - 2:46",
            "label": "Ball out of play",
            "position": "166500",
            "half": "2",
            "confidence": "0.7692093253135681"
        },
        {
            "gameTime": "2 - 19:56",
            "label": "Ball out of play",
            "position": "1196000",
            "half": "2",
            "confidence": "0.7411020398139954"
        },
        {
            "gameTime": "2 - 39:8",
            "label": "Ball out of play",
            "position": "2348500",
            "half": "2",
            "confidence": "0.7385111451148987"
        },
        {
            "gameTime": "2 - 19:13",
            "label": "Ball out of play",
            "position": "1153000",
            "half": "2",
            "confidence": "0.7380697131156921"
        },
        {
            "gameTime": "2 - 11:42",
            "label": "Ball out of play",
            "position": "702000",
            "half": "2",
            "confidence": "0.7355042099952698"
        },
        {
            "gameTime": "2 - 20:54",
            "label": "Ball out of play",
            "position": "1254500",
            "half": "2",
            "confidence": "0.729965090751648"
        },
        {
            "gameTime": "2 - 15:1",
            "label": "Ball out of play",
            "position": "901500",
            "half": "2",
            "confidence": "0.7147389650344849"
        },
        {
            "gameTime": "2 - 40:43",
            "label": "Ball out of play",
            "position": "2443500",
            "half": "2",
            "confidence": "0.7127396464347839"
        },
        {
            "gameTime": "2 - 6:52",
            "label": "Ball out of play",
            "position": "412500",
            "half": "2",
            "confidence": "0.7093945145606995"
        },
        {
            "gameTime": "2 - 5:22",
            "label": "Ball out of play",
            "position": "322500",
            "half": "2",
            "confidence": "0.7070756554603577"
        },
        {
            "gameTime": "2 - 23:11",
            "label": "Ball out of play",
            "position": "1391500",
            "half": "2",
            "confidence": "0.6962995529174805"
        },
        {
            "gameTime": "2 - 3:42",
            "label": "Ball out of play",
            "position": "222000",
            "half": "2",
            "confidence": "0.6933538317680359"
        },
        {
            "gameTime": "2 - 36:37",
            "label": "Ball out of play",
            "position": "2197000",
            "half": "2",
            "confidence": "0.6782276034355164"
        },
        {
            "gameTime": "2 - 4:32",
            "label": "Ball out of play",
            "position": "272500",
            "half": "2",
            "confidence": "0.6675171852111816"
        },
        {
            "gameTime": "2 - 25:36",
            "label": "Ball out of play",
            "position": "1536500",
            "half": "2",
            "confidence": "0.6663588881492615"
        },
        {
            "gameTime": "2 - 1:29",
            "label": "Ball out of play",
            "position": "89500",
            "half": "2",
            "confidence": "0.6649264097213745"
        },
        {
            "gameTime": "2 - 14:50",
            "label": "Ball out of play",
            "position": "890000",
            "half": "2",
            "confidence": "0.6600888967514038"
        },
        {
            "gameTime": "2 - 17:50",
            "label": "Ball out of play",
            "position": "1070500",
            "half": "2",
            "confidence": "0.6524015069007874"
        },
        {
            "gameTime": "2 - 23:22",
            "label": "Ball out of play",
            "position": "1402000",
            "half": "2",
            "confidence": "0.6444475650787354"
        },
        {
            "gameTime": "2 - 32:45",
            "label": "Ball out of play",
            "position": "1965500",
            "half": "2",
            "confidence": "0.6315179467201233"
        },
        {
            "gameTime": "2 - 7:4",
            "label": "Ball out of play",
            "position": "424000",
            "half": "2",
            "confidence": "0.630164384841919"
        },
        {
            "gameTime": "2 - 2:27",
            "label": "Ball out of play",
            "position": "147000",
            "half": "2",
            "confidence": "0.6225964426994324"
        },
        {
            "gameTime": "2 - 43:18",
            "label": "Ball out of play",
            "position": "2598500",
            "half": "2",
            "confidence": "0.6190768480300903"
        },
        {
            "gameTime": "2 - 44:3",
            "label": "Ball out of play",
            "position": "2643000",
            "half": "2",
            "confidence": "0.6171830296516418"
        },
        {
            "gameTime": "2 - 13:59",
            "label": "Ball out of play",
            "position": "839500",
            "half": "2",
            "confidence": "0.6159598231315613"
        },
        {
            "gameTime": "2 - 4:13",
            "label": "Ball out of play",
            "position": "253500",
            "half": "2",
            "confidence": "0.5969038605690002"
        },
        {
            "gameTime": "2 - 23:33",
            "label": "Ball out of play",
            "position": "1413500",
            "half": "2",
            "confidence": "0.5875798463821411"
        },
        {
            "gameTime": "2 - 3:1",
            "label": "Ball out of play",
            "position": "181500",
            "half": "2",
            "confidence": "0.5714502334594727"
        },
        {
            "gameTime": "2 - 40:54",
            "label": "Ball out of play",
            "position": "2454500",
            "half": "2",
            "confidence": "0.5689640641212463"
        },
        {
            "gameTime": "2 - 38:31",
            "label": "Ball out of play",
            "position": "2311000",
            "half": "2",
            "confidence": "0.5641684532165527"
        },
        {
            "gameTime": "2 - 14:22",
            "label": "Ball out of play",
            "position": "862500",
            "half": "2",
            "confidence": "0.5578483939170837"
        },
        {
            "gameTime": "2 - 16:45",
            "label": "Ball out of play",
            "position": "1005000",
            "half": "2",
            "confidence": "0.5557697415351868"
        },
        {
            "gameTime": "2 - 32:33",
            "label": "Ball out of play",
            "position": "1953000",
            "half": "2",
            "confidence": "0.5503008961677551"
        },
        {
            "gameTime": "2 - 33:32",
            "label": "Ball out of play",
            "position": "2012000",
            "half": "2",
            "confidence": "0.545099675655365"
        },
        {
            "gameTime": "2 - 10:40",
            "label": "Ball out of play",
            "position": "640500",
            "half": "2",
            "confidence": "0.5419953465461731"
        },
        {
            "gameTime": "2 - 29:26",
            "label": "Ball out of play",
            "position": "1766000",
            "half": "2",
            "confidence": "0.5169491767883301"
        },
        {
            "gameTime": "2 - 25:57",
            "label": "Ball out of play",
            "position": "1557500",
            "half": "2",
            "confidence": "0.5127691030502319"
        },
        {
            "gameTime": "2 - 39:18",
            "label": "Ball out of play",
            "position": "2358500",
            "half": "2",
            "confidence": "0.5120496153831482"
        },
        {
            "gameTime": "2 - 35:7",
            "label": "Ball out of play",
            "position": "2107500",
            "half": "2",
            "confidence": "0.5097123384475708"
        },
        {
            "gameTime": "2 - 45:53",
            "label": "Ball out of play",
            "position": "2753000",
            "half": "2",
            "confidence": "0.5082732439041138"
        },
        {
            "gameTime": "2 - 19:26",
            "label": "Throw-in",
            "position": "1166500",
            "half": "2",
            "confidence": "0.9727687239646912"
        },
        {
            "gameTime": "2 - 33:7",
            "label": "Throw-in",
            "position": "1987500",
            "half": "2",
            "confidence": "0.9091770052909851"
        },
        {
            "gameTime": "2 - 4:20",
            "label": "Throw-in",
            "position": "260000",
            "half": "2",
            "confidence": "0.84369957447052"
        },
        {
            "gameTime": "2 - 2:46",
            "label": "Throw-in",
            "position": "166500",
            "half": "2",
            "confidence": "0.8433411121368408"
        },
        {
            "gameTime": "2 - 11:38",
            "label": "Throw-in",
            "position": "698500",
            "half": "2",
            "confidence": "0.8090749979019165"
        },
        {
            "gameTime": "2 - 40:45",
            "label": "Throw-in",
            "position": "2445500",
            "half": "2",
            "confidence": "0.8059222102165222"
        },
        {
            "gameTime": "2 - 4:3",
            "label": "Throw-in",
            "position": "243000",
            "half": "2",
            "confidence": "0.7852641940116882"
        },
        {
            "gameTime": "2 - 11:28",
            "label": "Throw-in",
            "position": "688000",
            "half": "2",
            "confidence": "0.7572423219680786"
        },
        {
            "gameTime": "2 - 19:39",
            "label": "Throw-in",
            "position": "1179000",
            "half": "2",
            "confidence": "0.7364481091499329"
        },
        {
            "gameTime": "2 - 32:56",
            "label": "Throw-in",
            "position": "1976000",
            "half": "2",
            "confidence": "0.733300507068634"
        },
        {
            "gameTime": "2 - 23:24",
            "label": "Throw-in",
            "position": "1404500",
            "half": "2",
            "confidence": "0.7062262296676636"
        },
        {
            "gameTime": "2 - 35:8",
            "label": "Throw-in",
            "position": "2108000",
            "half": "2",
            "confidence": "0.6739972233772278"
        },
        {
            "gameTime": "2 - 33:17",
            "label": "Throw-in",
            "position": "1997500",
            "half": "2",
            "confidence": "0.6567531824111938"
        },
        {
            "gameTime": "2 - 3:41",
            "label": "Throw-in",
            "position": "221500",
            "half": "2",
            "confidence": "0.6209601163864136"
        },
        {
            "gameTime": "2 - 32:45",
            "label": "Throw-in",
            "position": "1965500",
            "half": "2",
            "confidence": "0.6031901836395264"
        },
        {
            "gameTime": "2 - 5:23",
            "label": "Throw-in",
            "position": "323000",
            "half": "2",
            "confidence": "0.5727583765983582"
        },
        {
            "gameTime": "2 - 42:23",
            "label": "Throw-in",
            "position": "2543500",
            "half": "2",
            "confidence": "0.5324434041976929"
        },
        {
            "gameTime": "2 - 9:55",
            "label": "Throw-in",
            "position": "595500",
            "half": "2",
            "confidence": "0.5322447419166565"
        },
        {
            "gameTime": "2 - 7:51",
            "label": "Throw-in",
            "position": "471000",
            "half": "2",
            "confidence": "0.5131232738494873"
        },
        {
            "gameTime": "2 - 40:34",
            "label": "Throw-in",
            "position": "2434000",
            "half": "2",
            "confidence": "0.5124923586845398"
        },
        {
            "gameTime": "2 - 44:3",
            "label": "Throw-in",
            "position": "2643000",
            "half": "2",
            "confidence": "0.5067347288131714"
        },
        {
            "gameTime": "2 - 11:57",
            "label": "Foul",
            "position": "717500",
            "half": "2",
            "confidence": "0.9572794437408447"
        },
        {
            "gameTime": "2 - 12:7",
            "label": "Foul",
            "position": "727500",
            "half": "2",
            "confidence": "0.9210894703865051"
        },
        {
            "gameTime": "2 - 31:4",
            "label": "Foul",
            "position": "1864000",
            "half": "2",
            "confidence": "0.9172011613845825"
        },
        {
            "gameTime": "2 - 8:21",
            "label": "Foul",
            "position": "501500",
            "half": "2",
            "confidence": "0.8708397150039673"
        },
        {
            "gameTime": "2 - 8:31",
            "label": "Foul",
            "position": "511500",
            "half": "2",
            "confidence": "0.8423894047737122"
        },
        {
            "gameTime": "2 - 30:52",
            "label": "Foul",
            "position": "1852500",
            "half": "2",
            "confidence": "0.8320717811584473"
        },
        {
            "gameTime": "2 - 5:32",
            "label": "Foul",
            "position": "332500",
            "half": "2",
            "confidence": "0.7104874849319458"
        },
        {
            "gameTime": "2 - 42:33",
            "label": "Foul",
            "position": "2553000",
            "half": "2",
            "confidence": "0.706386387348175"
        },
        {
            "gameTime": "2 - 26:1",
            "label": "Foul",
            "position": "1561000",
            "half": "2",
            "confidence": "0.6767699122428894"
        },
        {
            "gameTime": "2 - 32:42",
            "label": "Foul",
            "position": "1962000",
            "half": "2",
            "confidence": "0.6543788313865662"
        },
        {
            "gameTime": "2 - 31:46",
            "label": "Foul",
            "position": "1906500",
            "half": "2",
            "confidence": "0.5887595415115356"
        },
        {
            "gameTime": "2 - 7:26",
            "label": "Foul",
            "position": "446000",
            "half": "2",
            "confidence": "0.5779896974563599"
        },
        {
            "gameTime": "2 - 42:22",
            "label": "Foul",
            "position": "2542500",
            "half": "2",
            "confidence": "0.5570423603057861"
        },
        {
            "gameTime": "2 - 45:55",
            "label": "Foul",
            "position": "2755000",
            "half": "2",
            "confidence": "0.5556680560112"
        },
        {
            "gameTime": "2 - 44:20",
            "label": "Foul",
            "position": "2660000",
            "half": "2",
            "confidence": "0.547170877456665"
        },
        {
            "gameTime": "2 - 44:44",
            "label": "Indirect free-kick",
            "position": "2684500",
            "half": "2",
            "confidence": "0.7295213341712952"
        },
        {
            "gameTime": "2 - 24:51",
            "label": "Indirect free-kick",
            "position": "1491000",
            "half": "2",
            "confidence": "0.6122323274612427"
        },
        {
            "gameTime": "2 - 30:59",
            "label": "Indirect free-kick",
            "position": "1859500",
            "half": "2",
            "confidence": "0.5212013721466064"
        },
        {
            "gameTime": "2 - 31:43",
            "label": "Direct free-kick",
            "position": "1903000",
            "half": "2",
            "confidence": "0.8653393387794495"
        },
        {
            "gameTime": "2 - 33:43",
            "label": "Direct free-kick",
            "position": "2023500",
            "half": "2",
            "confidence": "0.8059497475624084"
        },
        {
            "gameTime": "2 - 33:44",
            "label": "Corner",
            "position": "2024500",
            "half": "2",
            "confidence": "0.9770126342773438"
        },
        {
            "gameTime": "2 - 25:42",
            "label": "Corner",
            "position": "1542000",
            "half": "2",
            "confidence": "0.8346912860870361"
        },
        {
            "gameTime": "2 - 33:55",
            "label": "Corner",
            "position": "2035000",
            "half": "2",
            "confidence": "0.7475093007087708"
        },
        {
            "gameTime": "2 - 39:8",
            "label": "Corner",
            "position": "2348500",
            "half": "2",
            "confidence": "0.7344514727592468"
        },
        {
            "gameTime": "2 - 18:27",
            "label": "Corner",
            "position": "1107500",
            "half": "2",
            "confidence": "0.7290393114089966"
        },
        {
            "gameTime": "2 - 18:37",
            "label": "Corner",
            "position": "1117500",
            "half": "2",
            "confidence": "0.7170957922935486"
        },
        {
            "gameTime": "2 - 17:57",
            "label": "Corner",
            "position": "1077500",
            "half": "2",
            "confidence": "0.7034368515014648"
        },
        {
            "gameTime": "2 - 31:10",
            "label": "Yellow card",
            "position": "1870000",
            "half": "2",
            "confidence": "0.9929261803627014"
        },
        {
            "gameTime": "2 - 30:59",
            "label": "Yellow card",
            "position": "1859500",
            "half": "2",
            "confidence": "0.9886208176612854"
        },
        {
            "gameTime": "2 - 12:9",
            "label": "Yellow card",
            "position": "729000",
            "half": "2",
            "confidence": "0.5937384963035583"
        },
        {
            "gameTime": "2 - 11:57",
            "label": "Yellow card",
            "position": "717000",
            "half": "2",
            "confidence": "0.5673074722290039"
        },
        {
            "gameTime": "2 - 8:37",
            "label": "Yellow card",
            "position": "517000",
            "half": "2",
            "confidence": "0.546362042427063"
        }
    ]
}