{
    "UrlLocal": "germany_bundesliga/2016-2017/2017-04-29 - 16-30 Dortmund 0 - 0 FC Koln",
    "predictions": [
        {
            "gameTime": "1 - 38:31",
            "label": "card",
            "position": "2311500",
            "half": "1",
            "confidence": "0.6512919068336487"
        },
        {
            "gameTime": "1 - 42:37",
            "label": "subs",
            "position": "2557000",
            "half": "1",
            "confidence": "0.6065764427185059"
        },
        {
            "gameTime": "1 - 8:19",
            "label": "subs",
            "position": "499000",
            "half": "1",
            "confidence": "0.5367052555084229"
        },
        {
            "gameTime": "1 - 42:47",
            "label": "subs",
            "position": "2567500",
            "half": "1",
            "confidence": "0.5286650061607361"
        },
        {
            "gameTime": "2 - 44:8",
            "label": "card",
            "position": "2648000",
            "half": "2",
            "confidence": "0.836236298084259"
        },
        {
            "gameTime": "2 - 25:14",
            "label": "subs",
            "position": "1514000",
            "half": "2",
            "confidence": "0.9502907395362854"
        },
        {
            "gameTime": "2 - 9:53",
            "label": "subs",
            "position": "593000",
            "half": "2",
            "confidence": "0.9485322833061218"
        },
        {
            "gameTime": "2 - 28:29",
            "label": "subs",
            "position": "1709500",
            "half": "2",
            "confidence": "0.855927586555481"
        },
        {
            "gameTime": "2 - 9:42",
            "label": "subs",
            "position": "582500",
            "half": "2",
            "confidence": "0.8234027028083801"
        },
        {
            "gameTime": "2 - 20:25",
            "label": "subs",
            "position": "1225000",
            "half": "2",
            "confidence": "0.775138258934021"
        },
        {
            "gameTime": "2 - 25:24",
            "label": "subs",
            "position": "1524000",
            "half": "2",
            "confidence": "0.7543780207633972"
        },
        {
            "gameTime": "2 - 34:27",
            "label": "subs",
            "position": "2067500",
            "half": "2",
            "confidence": "0.6900234222412109"
        },
        {
            "gameTime": "2 - 20:13",
            "label": "subs",
            "position": "1213000",
            "half": "2",
            "confidence": "0.6725462079048157"
        }
    ]
}