{
    "UrlLocal": "england_epl/2015-2016/2015-10-24 - 17-00 West Ham 2 - 1 Chelsea",
    "predictions": [
        {
            "gameTime": "1 - 23:33",
            "label": "card",
            "position": "1413500",
            "half": "1",
            "confidence": "0.7470835447311401"
        },
        {
            "gameTime": "1 - 23:43",
            "label": "card",
            "position": "1423500",
            "half": "1",
            "confidence": "0.6094348430633545"
        },
        {
            "gameTime": "1 - 44:4",
            "label": "card",
            "position": "2644500",
            "half": "1",
            "confidence": "0.5330010056495667"
        },
        {
            "gameTime": "1 - 16:38",
            "label": "soccer",
            "position": "998000",
            "half": "1",
            "confidence": "0.930903434753418"
        },
        {
            "gameTime": "1 - 38:25",
            "label": "soccer",
            "position": "2305500",
            "half": "1",
            "confidence": "0.7680588364601135"
        },
        {
            "gameTime": "1 - 16:27",
            "label": "soccer",
            "position": "987500",
            "half": "1",
            "confidence": "0.5522823333740234"
        },
        {
            "gameTime": "2 - 36:5",
            "label": "card",
            "position": "2165000",
            "half": "2",
            "confidence": "0.952495276927948"
        },
        {
            "gameTime": "2 - 35:48",
            "label": "card",
            "position": "2148000",
            "half": "2",
            "confidence": "0.8627303242683411"
        },
        {
            "gameTime": "2 - 50:25",
            "label": "card",
            "position": "3025500",
            "half": "2",
            "confidence": "0.5133618712425232"
        },
        {
            "gameTime": "2 - 37:3",
            "label": "subs",
            "position": "2223500",
            "half": "2",
            "confidence": "0.9227216243743896"
        },
        {
            "gameTime": "2 - 36:52",
            "label": "subs",
            "position": "2212500",
            "half": "2",
            "confidence": "0.8979358077049255"
        },
        {
            "gameTime": "2 - 36:42",
            "label": "subs",
            "position": "2202000",
            "half": "2",
            "confidence": "0.8184897899627686"
        },
        {
            "gameTime": "2 - 31:19",
            "label": "subs",
            "position": "1879500",
            "half": "2",
            "confidence": "0.6164868474006653"
        },
        {
            "gameTime": "2 - 23:12",
            "label": "subs",
            "position": "1392000",
            "half": "2",
            "confidence": "0.5989373922348022"
        },
        {
            "gameTime": "2 - 45:57",
            "label": "subs",
            "position": "2757000",
            "half": "2",
            "confidence": "0.5181729197502136"
        },
        {
            "gameTime": "2 - 10:32",
            "label": "soccer",
            "position": "632500",
            "half": "2",
            "confidence": "0.9245870113372803"
        },
        {
            "gameTime": "2 - 32:7",
            "label": "soccer",
            "position": "1927000",
            "half": "2",
            "confidence": "0.7885889410972595"
        },
        {
            "gameTime": "2 - 41:29",
            "label": "soccer",
            "position": "2489000",
            "half": "2",
            "confidence": "0.5024210214614868"
        }
    ]
}