{
    "UrlLocal": "england_epl/2016-2017/2017-01-22 - 18-00 Arsenal 2 - 1 Burnley",
    "predictions": [
        {
            "gameTime": "1 - 24:17",
            "label": "card",
            "position": "1457500",
            "half": "1",
            "confidence": "0.5128188133239746"
        },
        {
            "gameTime": "1 - 35:5",
            "label": "subs",
            "position": "2105000",
            "half": "1",
            "confidence": "0.5266328454017639"
        },
        {
            "gameTime": "2 - 17:36",
            "label": "card",
            "position": "1056500",
            "half": "2",
            "confidence": "0.7224169969558716"
        },
        {
            "gameTime": "2 - 41:37",
            "label": "subs",
            "position": "2497000",
            "half": "2",
            "confidence": "0.9858081340789795"
        },
        {
            "gameTime": "2 - 27:3",
            "label": "subs",
            "position": "1623500",
            "half": "2",
            "confidence": "0.9592859148979187"
        },
        {
            "gameTime": "2 - 41:47",
            "label": "subs",
            "position": "2507000",
            "half": "2",
            "confidence": "0.9529810547828674"
        },
        {
            "gameTime": "2 - 23:3",
            "label": "subs",
            "position": "1383000",
            "half": "2",
            "confidence": "0.9489843845367432"
        },
        {
            "gameTime": "2 - 23:13",
            "label": "subs",
            "position": "1393000",
            "half": "2",
            "confidence": "0.8844472169876099"
        },
        {
            "gameTime": "2 - 31:0",
            "label": "subs",
            "position": "1860500",
            "half": "2",
            "confidence": "0.8795844316482544"
        },
        {
            "gameTime": "2 - 43:25",
            "label": "subs",
            "position": "2605000",
            "half": "2",
            "confidence": "0.8783610463142395"
        },
        {
            "gameTime": "2 - 26:53",
            "label": "subs",
            "position": "1613000",
            "half": "2",
            "confidence": "0.7500801682472229"
        },
        {
            "gameTime": "2 - 30:30",
            "label": "subs",
            "position": "1830500",
            "half": "2",
            "confidence": "0.7077159285545349"
        },
        {
            "gameTime": "2 - 43:14",
            "label": "subs",
            "position": "2594500",
            "half": "2",
            "confidence": "0.6447972059249878"
        },
        {
            "gameTime": "2 - 30:40",
            "label": "subs",
            "position": "1840500",
            "half": "2",
            "confidence": "0.5405157208442688"
        },
        {
            "gameTime": "2 - 13:25",
            "label": "soccer",
            "position": "805500",
            "half": "2",
            "confidence": "0.9477971196174622"
        },
        {
            "gameTime": "2 - 12:40",
            "label": "soccer",
            "position": "760000",
            "half": "2",
            "confidence": "0.8179085850715637"
        },
        {
            "gameTime": "2 - 12:50",
            "label": "soccer",
            "position": "770000",
            "half": "2",
            "confidence": "0.7114233374595642"
        },
        {
            "gameTime": "2 - 6:30",
            "label": "soccer",
            "position": "390500",
            "half": "2",
            "confidence": "0.5738813281059265"
        }
    ]
}