{
    "UrlLocal": "spain_laliga/2016-2017/2016-09-24 - 21-45 Las Palmas 2 - 2 Real Madrid",
    "predictions": [
        {
            "gameTime": "1 - 22:55",
            "label": "card",
            "position": "1375000",
            "half": "1",
            "confidence": "0.6123096346855164"
        },
        {
            "gameTime": "1 - 43:58",
            "label": "card",
            "position": "2638500",
            "half": "1",
            "confidence": "0.5090257525444031"
        },
        {
            "gameTime": "1 - 37:8",
            "label": "soccer",
            "position": "2228500",
            "half": "1",
            "confidence": "0.6922769546508789"
        },
        {
            "gameTime": "2 - 31:12",
            "label": "card",
            "position": "1872000",
            "half": "2",
            "confidence": "0.9781169891357422"
        },
        {
            "gameTime": "2 - 31:1",
            "label": "card",
            "position": "1861500",
            "half": "2",
            "confidence": "0.9611533284187317"
        },
        {
            "gameTime": "2 - 8:35",
            "label": "card",
            "position": "515000",
            "half": "2",
            "confidence": "0.5728500485420227"
        },
        {
            "gameTime": "2 - 34:52",
            "label": "subs",
            "position": "2092000",
            "half": "2",
            "confidence": "0.7161795496940613"
        },
        {
            "gameTime": "2 - 42:10",
            "label": "subs",
            "position": "2530500",
            "half": "2",
            "confidence": "0.6365861892700195"
        },
        {
            "gameTime": "2 - 18:19",
            "label": "subs",
            "position": "1099000",
            "half": "2",
            "confidence": "0.50041663646698"
        },
        {
            "gameTime": "2 - 21:47",
            "label": "soccer",
            "position": "1307000",
            "half": "2",
            "confidence": "0.7668185830116272"
        }
    ]
}