{
    "UrlLocal": "italy_serie-a/2016-2017/2016-08-27 - 18-00 Lazio 0 - 1 Juventus",
    "predictions": [
        {
            "gameTime": "1 - 17:58",
            "label": "card",
            "position": "1078000",
            "half": "1",
            "confidence": "0.9509636163711548"
        },
        {
            "gameTime": "1 - 17:47",
            "label": "card",
            "position": "1067500",
            "half": "1",
            "confidence": "0.8903549313545227"
        },
        {
            "gameTime": "1 - 48:8",
            "label": "subs",
            "position": "2888000",
            "half": "1",
            "confidence": "0.8526796102523804"
        },
        {
            "gameTime": "2 - 15:58",
            "label": "card",
            "position": "958000",
            "half": "2",
            "confidence": "0.9074223637580872"
        },
        {
            "gameTime": "2 - 15:47",
            "label": "card",
            "position": "947500",
            "half": "2",
            "confidence": "0.6718400120735168"
        },
        {
            "gameTime": "2 - 48:57",
            "label": "subs",
            "position": "2937000",
            "half": "2",
            "confidence": "0.9612545371055603"
        },
        {
            "gameTime": "2 - 48:44",
            "label": "subs",
            "position": "2924000",
            "half": "2",
            "confidence": "0.9210019111633301"
        },
        {
            "gameTime": "2 - 19:57",
            "label": "subs",
            "position": "1197000",
            "half": "2",
            "confidence": "0.8650116324424744"
        },
        {
            "gameTime": "2 - 43:0",
            "label": "subs",
            "position": "2580500",
            "half": "2",
            "confidence": "0.8251962065696716"
        },
        {
            "gameTime": "2 - 42:34",
            "label": "subs",
            "position": "2554500",
            "half": "2",
            "confidence": "0.7881045341491699"
        },
        {
            "gameTime": "2 - 13:22",
            "label": "subs",
            "position": "802000",
            "half": "2",
            "confidence": "0.6438300013542175"
        },
        {
            "gameTime": "2 - 48:31",
            "label": "subs",
            "position": "2911000",
            "half": "2",
            "confidence": "0.5319833159446716"
        },
        {
            "gameTime": "2 - 20:39",
            "label": "soccer",
            "position": "1239500",
            "half": "2",
            "confidence": "0.9725705981254578"
        }
    ]
}