{
    "UrlLocal": "england_epl/2016-2017/2016-09-24 - 14-30 Manchester United 4 - 1 Leicester",
    "predictions": [
        {
            "gameTime": "1 - 0:0",
            "label": "Kick-off",
            "position": "500",
            "half": "1",
            "confidence": "0.9962078332901001"
        },
        {
            "gameTime": "1 - 22:33",
            "label": "Kick-off",
            "position": "1353000",
            "half": "1",
            "confidence": "0.9954965114593506"
        },
        {
            "gameTime": "1 - 0:10",
            "label": "Kick-off",
            "position": "10500",
            "half": "1",
            "confidence": "0.9905457496643066"
        },
        {
            "gameTime": "1 - 39:47",
            "label": "Kick-off",
            "position": "2387500",
            "half": "1",
            "confidence": "0.9888263940811157"
        },
        {
            "gameTime": "1 - 22:43",
            "label": "Kick-off",
            "position": "1363000",
            "half": "1",
            "confidence": "0.938366174697876"
        },
        {
            "gameTime": "1 - 37:9",
            "label": "Kick-off",
            "position": "2229500",
            "half": "1",
            "confidence": "0.9303610920906067"
        },
        {
            "gameTime": "1 - 42:5",
            "label": "Kick-off",
            "position": "2525000",
            "half": "1",
            "confidence": "0.9232912659645081"
        },
        {
            "gameTime": "1 - 37:25",
            "label": "Kick-off",
            "position": "2245500",
            "half": "1",
            "confidence": "0.8944425582885742"
        },
        {
            "gameTime": "1 - 42:15",
            "label": "Kick-off",
            "position": "2535000",
            "half": "1",
            "confidence": "0.8742056488990784"
        },
        {
            "gameTime": "1 - 39:57",
            "label": "Kick-off",
            "position": "2397500",
            "half": "1",
            "confidence": "0.8638005256652832"
        },
        {
            "gameTime": "1 - 41:23",
            "label": "Goal",
            "position": "2483000",
            "half": "1",
            "confidence": "0.9355998635292053"
        },
        {
            "gameTime": "1 - 21:51",
            "label": "Goal",
            "position": "1311500",
            "half": "1",
            "confidence": "0.9074232578277588"
        },
        {
            "gameTime": "1 - 39:6",
            "label": "Goal",
            "position": "2346000",
            "half": "1",
            "confidence": "0.884148359298706"
        },
        {
            "gameTime": "1 - 36:7",
            "label": "Goal",
            "position": "2167000",
            "half": "1",
            "confidence": "0.7387758493423462"
        },
        {
            "gameTime": "1 - 26:28",
            "label": "Goal",
            "position": "1588000",
            "half": "1",
            "confidence": "0.6009824275970459"
        },
        {
            "gameTime": "1 - 31:23",
            "label": "Offside",
            "position": "1883000",
            "half": "1",
            "confidence": "0.5032767057418823"
        },
        {
            "gameTime": "1 - 21:51",
            "label": "Shots on target",
            "position": "1311500",
            "half": "1",
            "confidence": "0.915274977684021"
        },
        {
            "gameTime": "1 - 41:23",
            "label": "Shots on target",
            "position": "2483000",
            "half": "1",
            "confidence": "0.8633387088775635"
        },
        {
            "gameTime": "1 - 39:6",
            "label": "Shots on target",
            "position": "2346000",
            "half": "1",
            "confidence": "0.7839449644088745"
        },
        {
            "gameTime": "1 - 26:28",
            "label": "Shots on target",
            "position": "1588000",
            "half": "1",
            "confidence": "0.7379969954490662"
        },
        {
            "gameTime": "1 - 38:55",
            "label": "Shots on target",
            "position": "2335000",
            "half": "1",
            "confidence": "0.6615994572639465"
        },
        {
            "gameTime": "1 - 26:42",
            "label": "Shots on target",
            "position": "1602000",
            "half": "1",
            "confidence": "0.6308345794677734"
        },
        {
            "gameTime": "1 - 36:7",
            "label": "Shots on target",
            "position": "2167000",
            "half": "1",
            "confidence": "0.6051576733589172"
        },
        {
            "gameTime": "1 - 6:45",
            "label": "Shots on target",
            "position": "405500",
            "half": "1",
            "confidence": "0.530125617980957"
        },
        {
            "gameTime": "1 - 6:45",
            "label": "Shots off target",
            "position": "405500",
            "half": "1",
            "confidence": "0.8036550283432007"
        },
        {
            "gameTime": "1 - 16:34",
            "label": "Shots off target",
            "position": "994500",
            "half": "1",
            "confidence": "0.7621685266494751"
        },
        {
            "gameTime": "1 - 29:24",
            "label": "Shots off target",
            "position": "1764000",
            "half": "1",
            "confidence": "0.6673192977905273"
        },
        {
            "gameTime": "1 - 29:35",
            "label": "Shots off target",
            "position": "1775000",
            "half": "1",
            "confidence": "0.6474466919898987"
        },
        {
            "gameTime": "1 - 38:54",
            "label": "Shots off target",
            "position": "2334000",
            "half": "1",
            "confidence": "0.6307501196861267"
        },
        {
            "gameTime": "1 - 3:56",
            "label": "Shots off target",
            "position": "236500",
            "half": "1",
            "confidence": "0.5581772923469543"
        },
        {
            "gameTime": "1 - 26:29",
            "label": "Shots off target",
            "position": "1589500",
            "half": "1",
            "confidence": "0.5287686586380005"
        },
        {
            "gameTime": "1 - 6:55",
            "label": "Shots off target",
            "position": "415500",
            "half": "1",
            "confidence": "0.5181732773780823"
        },
        {
            "gameTime": "1 - 24:52",
            "label": "Shots off target",
            "position": "1492000",
            "half": "1",
            "confidence": "0.502975583076477"
        },
        {
            "gameTime": "1 - 23:48",
            "label": "Shots off target",
            "position": "1428500",
            "half": "1",
            "confidence": "0.5017575025558472"
        },
        {
            "gameTime": "1 - 4:14",
            "label": "Clearance",
            "position": "254000",
            "half": "1",
            "confidence": "0.976205050945282"
        },
        {
            "gameTime": "1 - 17:57",
            "label": "Clearance",
            "position": "1077000",
            "half": "1",
            "confidence": "0.9379105567932129"
        },
        {
            "gameTime": "1 - 26:13",
            "label": "Clearance",
            "position": "1573500",
            "half": "1",
            "confidence": "0.9348447918891907"
        },
        {
            "gameTime": "1 - 28:47",
            "label": "Clearance",
            "position": "1727000",
            "half": "1",
            "confidence": "0.8676565885543823"
        },
        {
            "gameTime": "1 - 13:22",
            "label": "Clearance",
            "position": "802000",
            "half": "1",
            "confidence": "0.7868491411209106"
        },
        {
            "gameTime": "1 - 19:12",
            "label": "Clearance",
            "position": "1152500",
            "half": "1",
            "confidence": "0.7856814861297607"
        },
        {
            "gameTime": "1 - 4:26",
            "label": "Clearance",
            "position": "266000",
            "half": "1",
            "confidence": "0.7764992117881775"
        },
        {
            "gameTime": "1 - 28:57",
            "label": "Clearance",
            "position": "1737000",
            "half": "1",
            "confidence": "0.7568486332893372"
        },
        {
            "gameTime": "1 - 18:7",
            "label": "Clearance",
            "position": "1087000",
            "half": "1",
            "confidence": "0.7560349702835083"
        },
        {
            "gameTime": "1 - 17:14",
            "label": "Clearance",
            "position": "1034000",
            "half": "1",
            "confidence": "0.7211660742759705"
        },
        {
            "gameTime": "1 - 19:24",
            "label": "Clearance",
            "position": "1164000",
            "half": "1",
            "confidence": "0.6105067729949951"
        },
        {
            "gameTime": "1 - 7:13",
            "label": "Clearance",
            "position": "433000",
            "half": "1",
            "confidence": "0.6030533909797668"
        },
        {
            "gameTime": "1 - 27:7",
            "label": "Clearance",
            "position": "1627000",
            "half": "1",
            "confidence": "0.5979158878326416"
        },
        {
            "gameTime": "1 - 13:33",
            "label": "Clearance",
            "position": "813000",
            "half": "1",
            "confidence": "0.5732493996620178"
        },
        {
            "gameTime": "1 - 2:46",
            "label": "Clearance",
            "position": "166500",
            "half": "1",
            "confidence": "0.5485436320304871"
        },
        {
            "gameTime": "1 - 26:23",
            "label": "Clearance",
            "position": "1583500",
            "half": "1",
            "confidence": "0.5389465093612671"
        },
        {
            "gameTime": "1 - 26:2",
            "label": "Clearance",
            "position": "1562500",
            "half": "1",
            "confidence": "0.5304099917411804"
        },
        {
            "gameTime": "1 - 9:15",
            "label": "Ball out of play",
            "position": "555500",
            "half": "1",
            "confidence": "0.9380078315734863"
        },
        {
            "gameTime": "1 - 3:30",
            "label": "Ball out of play",
            "position": "210500",
            "half": "1",
            "confidence": "0.9377433061599731"
        },
        {
            "gameTime": "1 - 5:45",
            "label": "Ball out of play",
            "position": "345000",
            "half": "1",
            "confidence": "0.9350690245628357"
        },
        {
            "gameTime": "1 - 10:47",
            "label": "Ball out of play",
            "position": "647000",
            "half": "1",
            "confidence": "0.9231125712394714"
        },
        {
            "gameTime": "1 - 43:16",
            "label": "Ball out of play",
            "position": "2596000",
            "half": "1",
            "confidence": "0.9075961709022522"
        },
        {
            "gameTime": "1 - 21:25",
            "label": "Ball out of play",
            "position": "1285000",
            "half": "1",
            "confidence": "0.8996322154998779"
        },
        {
            "gameTime": "1 - 16:0",
            "label": "Ball out of play",
            "position": "960500",
            "half": "1",
            "confidence": "0.886954665184021"
        },
        {
            "gameTime": "1 - 33:34",
            "label": "Ball out of play",
            "position": "2014000",
            "half": "1",
            "confidence": "0.8862808346748352"
        },
        {
            "gameTime": "1 - 33:45",
            "label": "Ball out of play",
            "position": "2025500",
            "half": "1",
            "confidence": "0.8822868466377258"
        },
        {
            "gameTime": "1 - 29:25",
            "label": "Ball out of play",
            "position": "1765500",
            "half": "1",
            "confidence": "0.875913143157959"
        },
        {
            "gameTime": "1 - 1:13",
            "label": "Ball out of play",
            "position": "73500",
            "half": "1",
            "confidence": "0.8612343072891235"
        },
        {
            "gameTime": "1 - 38:41",
            "label": "Ball out of play",
            "position": "2321500",
            "half": "1",
            "confidence": "0.8604353666305542"
        },
        {
            "gameTime": "1 - 9:41",
            "label": "Ball out of play",
            "position": "581000",
            "half": "1",
            "confidence": "0.8587437868118286"
        },
        {
            "gameTime": "1 - 21:14",
            "label": "Ball out of play",
            "position": "1274500",
            "half": "1",
            "confidence": "0.8536836504936218"
        },
        {
            "gameTime": "1 - 9:5",
            "label": "Ball out of play",
            "position": "545000",
            "half": "1",
            "confidence": "0.8399301767349243"
        },
        {
            "gameTime": "1 - 29:35",
            "label": "Ball out of play",
            "position": "1775500",
            "half": "1",
            "confidence": "0.8381527066230774"
        },
        {
            "gameTime": "1 - 31:1",
            "label": "Ball out of play",
            "position": "1861500",
            "half": "1",
            "confidence": "0.8379483819007874"
        },
        {
            "gameTime": "1 - 32:29",
            "label": "Ball out of play",
            "position": "1949000",
            "half": "1",
            "confidence": "0.8377864360809326"
        },
        {
            "gameTime": "1 - 12:56",
            "label": "Ball out of play",
            "position": "776500",
            "half": "1",
            "confidence": "0.8362400531768799"
        },
        {
            "gameTime": "1 - 40:49",
            "label": "Ball out of play",
            "position": "2449500",
            "half": "1",
            "confidence": "0.8331273794174194"
        },
        {
            "gameTime": "1 - 38:29",
            "label": "Ball out of play",
            "position": "2309500",
            "half": "1",
            "confidence": "0.8300228714942932"
        },
        {
            "gameTime": "1 - 3:20",
            "label": "Ball out of play",
            "position": "200000",
            "half": "1",
            "confidence": "0.8297219276428223"
        },
        {
            "gameTime": "1 - 14:31",
            "label": "Ball out of play",
            "position": "871000",
            "half": "1",
            "confidence": "0.8275367021560669"
        },
        {
            "gameTime": "1 - 6:46",
            "label": "Ball out of play",
            "position": "406000",
            "half": "1",
            "confidence": "0.8126869201660156"
        },
        {
            "gameTime": "1 - 34:33",
            "label": "Ball out of play",
            "position": "2073000",
            "half": "1",
            "confidence": "0.8115975856781006"
        },
        {
            "gameTime": "1 - 43:5",
            "label": "Ball out of play",
            "position": "2585500",
            "half": "1",
            "confidence": "0.8097580671310425"
        },
        {
            "gameTime": "1 - 40:16",
            "label": "Ball out of play",
            "position": "2416000",
            "half": "1",
            "confidence": "0.8076618909835815"
        },
        {
            "gameTime": "1 - 5:5",
            "label": "Ball out of play",
            "position": "305500",
            "half": "1",
            "confidence": "0.8026195764541626"
        },
        {
            "gameTime": "1 - 44:52",
            "label": "Ball out of play",
            "position": "2692500",
            "half": "1",
            "confidence": "0.8013951182365417"
        },
        {
            "gameTime": "1 - 5:34",
            "label": "Ball out of play",
            "position": "334500",
            "half": "1",
            "confidence": "0.7995571494102478"
        },
        {
            "gameTime": "1 - 15:17",
            "label": "Ball out of play",
            "position": "917500",
            "half": "1",
            "confidence": "0.7867739200592041"
        },
        {
            "gameTime": "1 - 2:25",
            "label": "Ball out of play",
            "position": "145000",
            "half": "1",
            "confidence": "0.7842684984207153"
        },
        {
            "gameTime": "1 - 5:24",
            "label": "Ball out of play",
            "position": "324000",
            "half": "1",
            "confidence": "0.7820950150489807"
        },
        {
            "gameTime": "1 - 32:39",
            "label": "Ball out of play",
            "position": "1959000",
            "half": "1",
            "confidence": "0.779819667339325"
        },
        {
            "gameTime": "1 - 16:27",
            "label": "Ball out of play",
            "position": "987500",
            "half": "1",
            "confidence": "0.7782506346702576"
        },
        {
            "gameTime": "1 - 30:49",
            "label": "Ball out of play",
            "position": "1849500",
            "half": "1",
            "confidence": "0.7713784575462341"
        },
        {
            "gameTime": "1 - 31:13",
            "label": "Ball out of play",
            "position": "1873500",
            "half": "1",
            "confidence": "0.7489997744560242"
        },
        {
            "gameTime": "1 - 9:51",
            "label": "Ball out of play",
            "position": "591000",
            "half": "1",
            "confidence": "0.7486193180084229"
        },
        {
            "gameTime": "1 - 6:35",
            "label": "Ball out of play",
            "position": "395000",
            "half": "1",
            "confidence": "0.7452487349510193"
        },
        {
            "gameTime": "1 - 25:41",
            "label": "Ball out of play",
            "position": "1541500",
            "half": "1",
            "confidence": "0.7364338040351868"
        },
        {
            "gameTime": "1 - 43:26",
            "label": "Ball out of play",
            "position": "2606000",
            "half": "1",
            "confidence": "0.72491055727005"
        },
        {
            "gameTime": "1 - 2:58",
            "label": "Ball out of play",
            "position": "178000",
            "half": "1",
            "confidence": "0.7246289849281311"
        },
        {
            "gameTime": "1 - 34:22",
            "label": "Ball out of play",
            "position": "2062500",
            "half": "1",
            "confidence": "0.723534345626831"
        },
        {
            "gameTime": "1 - 3:57",
            "label": "Ball out of play",
            "position": "237000",
            "half": "1",
            "confidence": "0.7215075492858887"
        },
        {
            "gameTime": "1 - 15:49",
            "label": "Ball out of play",
            "position": "949500",
            "half": "1",
            "confidence": "0.7207292914390564"
        },
        {
            "gameTime": "1 - 16:39",
            "label": "Ball out of play",
            "position": "999500",
            "half": "1",
            "confidence": "0.7162926197052002"
        },
        {
            "gameTime": "1 - 16:11",
            "label": "Ball out of play",
            "position": "971000",
            "half": "1",
            "confidence": "0.7075142860412598"
        },
        {
            "gameTime": "1 - 3:8",
            "label": "Ball out of play",
            "position": "188500",
            "half": "1",
            "confidence": "0.7047394514083862"
        },
        {
            "gameTime": "1 - 38:52",
            "label": "Ball out of play",
            "position": "2332500",
            "half": "1",
            "confidence": "0.6998122930526733"
        },
        {
            "gameTime": "1 - 1:23",
            "label": "Ball out of play",
            "position": "83500",
            "half": "1",
            "confidence": "0.693649172782898"
        },
        {
            "gameTime": "1 - 25:52",
            "label": "Ball out of play",
            "position": "1552000",
            "half": "1",
            "confidence": "0.6878702640533447"
        },
        {
            "gameTime": "1 - 9:28",
            "label": "Ball out of play",
            "position": "568000",
            "half": "1",
            "confidence": "0.684402585029602"
        },
        {
            "gameTime": "1 - 14:41",
            "label": "Ball out of play",
            "position": "881000",
            "half": "1",
            "confidence": "0.6806240081787109"
        },
        {
            "gameTime": "1 - 16:54",
            "label": "Ball out of play",
            "position": "1014000",
            "half": "1",
            "confidence": "0.6733952760696411"
        },
        {
            "gameTime": "1 - 36:2",
            "label": "Ball out of play",
            "position": "2162000",
            "half": "1",
            "confidence": "0.6728980541229248"
        },
        {
            "gameTime": "1 - 39:3",
            "label": "Ball out of play",
            "position": "2343500",
            "half": "1",
            "confidence": "0.6710769534111023"
        },
        {
            "gameTime": "1 - 41:14",
            "label": "Ball out of play",
            "position": "2474000",
            "half": "1",
            "confidence": "0.660982072353363"
        },
        {
            "gameTime": "1 - 0:19",
            "label": "Ball out of play",
            "position": "19500",
            "half": "1",
            "confidence": "0.6591013073921204"
        },
        {
            "gameTime": "1 - 10:1",
            "label": "Ball out of play",
            "position": "601000",
            "half": "1",
            "confidence": "0.6503122448921204"
        },
        {
            "gameTime": "1 - 41:1",
            "label": "Ball out of play",
            "position": "2461500",
            "half": "1",
            "confidence": "0.6303724050521851"
        },
        {
            "gameTime": "1 - 17:32",
            "label": "Ball out of play",
            "position": "1052000",
            "half": "1",
            "confidence": "0.6274023056030273"
        },
        {
            "gameTime": "1 - 25:0",
            "label": "Ball out of play",
            "position": "1500500",
            "half": "1",
            "confidence": "0.6241699457168579"
        },
        {
            "gameTime": "1 - 17:8",
            "label": "Ball out of play",
            "position": "1028500",
            "half": "1",
            "confidence": "0.622701108455658"
        },
        {
            "gameTime": "1 - 13:20",
            "label": "Ball out of play",
            "position": "800500",
            "half": "1",
            "confidence": "0.6217859983444214"
        },
        {
            "gameTime": "1 - 13:45",
            "label": "Ball out of play",
            "position": "825500",
            "half": "1",
            "confidence": "0.6181572079658508"
        },
        {
            "gameTime": "1 - 11:36",
            "label": "Ball out of play",
            "position": "696500",
            "half": "1",
            "confidence": "0.6176847219467163"
        },
        {
            "gameTime": "1 - 26:30",
            "label": "Ball out of play",
            "position": "1590500",
            "half": "1",
            "confidence": "0.6172798275947571"
        },
        {
            "gameTime": "1 - 29:46",
            "label": "Ball out of play",
            "position": "1786000",
            "half": "1",
            "confidence": "0.6168410778045654"
        },
        {
            "gameTime": "1 - 15:7",
            "label": "Ball out of play",
            "position": "907000",
            "half": "1",
            "confidence": "0.6162662506103516"
        },
        {
            "gameTime": "1 - 4:54",
            "label": "Ball out of play",
            "position": "294500",
            "half": "1",
            "confidence": "0.6147738099098206"
        },
        {
            "gameTime": "1 - 23:48",
            "label": "Ball out of play",
            "position": "1428500",
            "half": "1",
            "confidence": "0.6062217950820923"
        },
        {
            "gameTime": "1 - 24:23",
            "label": "Ball out of play",
            "position": "1463500",
            "half": "1",
            "confidence": "0.6051756143569946"
        },
        {
            "gameTime": "1 - 37:19",
            "label": "Ball out of play",
            "position": "2239000",
            "half": "1",
            "confidence": "0.6018877029418945"
        },
        {
            "gameTime": "1 - 14:53",
            "label": "Ball out of play",
            "position": "893500",
            "half": "1",
            "confidence": "0.5808396935462952"
        },
        {
            "gameTime": "1 - 6:17",
            "label": "Ball out of play",
            "position": "377500",
            "half": "1",
            "confidence": "0.5740599036216736"
        },
        {
            "gameTime": "1 - 14:20",
            "label": "Ball out of play",
            "position": "860500",
            "half": "1",
            "confidence": "0.5714769959449768"
        },
        {
            "gameTime": "1 - 40:39",
            "label": "Ball out of play",
            "position": "2439000",
            "half": "1",
            "confidence": "0.5643061399459839"
        },
        {
            "gameTime": "1 - 20:28",
            "label": "Ball out of play",
            "position": "1228500",
            "half": "1",
            "confidence": "0.5562385320663452"
        },
        {
            "gameTime": "1 - 0:59",
            "label": "Ball out of play",
            "position": "59000",
            "half": "1",
            "confidence": "0.5559260249137878"
        },
        {
            "gameTime": "1 - 24:44",
            "label": "Ball out of play",
            "position": "1484000",
            "half": "1",
            "confidence": "0.5529327392578125"
        },
        {
            "gameTime": "1 - 28:15",
            "label": "Ball out of play",
            "position": "1695500",
            "half": "1",
            "confidence": "0.5230419635772705"
        },
        {
            "gameTime": "1 - 13:31",
            "label": "Ball out of play",
            "position": "811000",
            "half": "1",
            "confidence": "0.5206608176231384"
        },
        {
            "gameTime": "1 - 26:40",
            "label": "Ball out of play",
            "position": "1600500",
            "half": "1",
            "confidence": "0.5166290402412415"
        },
        {
            "gameTime": "1 - 7:32",
            "label": "Ball out of play",
            "position": "452000",
            "half": "1",
            "confidence": "0.5079977512359619"
        },
        {
            "gameTime": "1 - 14:47",
            "label": "Throw-in",
            "position": "887500",
            "half": "1",
            "confidence": "0.9870089888572693"
        },
        {
            "gameTime": "1 - 9:43",
            "label": "Throw-in",
            "position": "583000",
            "half": "1",
            "confidence": "0.977735161781311"
        },
        {
            "gameTime": "1 - 1:19",
            "label": "Throw-in",
            "position": "79000",
            "half": "1",
            "confidence": "0.9710185527801514"
        },
        {
            "gameTime": "1 - 14:37",
            "label": "Throw-in",
            "position": "877000",
            "half": "1",
            "confidence": "0.9527269005775452"
        },
        {
            "gameTime": "1 - 9:32",
            "label": "Throw-in",
            "position": "572500",
            "half": "1",
            "confidence": "0.9517078399658203"
        },
        {
            "gameTime": "1 - 9:17",
            "label": "Throw-in",
            "position": "557000",
            "half": "1",
            "confidence": "0.9461978673934937"
        },
        {
            "gameTime": "1 - 3:30",
            "label": "Throw-in",
            "position": "210000",
            "half": "1",
            "confidence": "0.9390662312507629"
        },
        {
            "gameTime": "1 - 5:45",
            "label": "Throw-in",
            "position": "345000",
            "half": "1",
            "confidence": "0.9290491938591003"
        },
        {
            "gameTime": "1 - 3:7",
            "label": "Throw-in",
            "position": "187000",
            "half": "1",
            "confidence": "0.9199606776237488"
        },
        {
            "gameTime": "1 - 3:19",
            "label": "Throw-in",
            "position": "199500",
            "half": "1",
            "confidence": "0.8864127397537231"
        },
        {
            "gameTime": "1 - 10:41",
            "label": "Throw-in",
            "position": "641000",
            "half": "1",
            "confidence": "0.8663285374641418"
        },
        {
            "gameTime": "1 - 14:23",
            "label": "Throw-in",
            "position": "863500",
            "half": "1",
            "confidence": "0.8431625962257385"
        },
        {
            "gameTime": "1 - 43:15",
            "label": "Throw-in",
            "position": "2595500",
            "half": "1",
            "confidence": "0.838121235370636"
        },
        {
            "gameTime": "1 - 10:27",
            "label": "Throw-in",
            "position": "627500",
            "half": "1",
            "confidence": "0.8343911170959473"
        },
        {
            "gameTime": "1 - 0:25",
            "label": "Throw-in",
            "position": "25500",
            "half": "1",
            "confidence": "0.8326109051704407"
        },
        {
            "gameTime": "1 - 1:8",
            "label": "Throw-in",
            "position": "68500",
            "half": "1",
            "confidence": "0.8273482322692871"
        },
        {
            "gameTime": "1 - 43:2",
            "label": "Throw-in",
            "position": "2582500",
            "half": "1",
            "confidence": "0.8018860220909119"
        },
        {
            "gameTime": "1 - 32:36",
            "label": "Throw-in",
            "position": "1956500",
            "half": "1",
            "confidence": "0.7731802463531494"
        },
        {
            "gameTime": "1 - 37:47",
            "label": "Throw-in",
            "position": "2267000",
            "half": "1",
            "confidence": "0.7581717371940613"
        },
        {
            "gameTime": "1 - 15:16",
            "label": "Throw-in",
            "position": "916000",
            "half": "1",
            "confidence": "0.7396838665008545"
        },
        {
            "gameTime": "1 - 40:14",
            "label": "Throw-in",
            "position": "2414000",
            "half": "1",
            "confidence": "0.7108166217803955"
        },
        {
            "gameTime": "1 - 43:25",
            "label": "Throw-in",
            "position": "2605500",
            "half": "1",
            "confidence": "0.6924482583999634"
        },
        {
            "gameTime": "1 - 1:29",
            "label": "Throw-in",
            "position": "89000",
            "half": "1",
            "confidence": "0.6712137460708618"
        },
        {
            "gameTime": "1 - 30:58",
            "label": "Throw-in",
            "position": "1858500",
            "half": "1",
            "confidence": "0.6660835146903992"
        },
        {
            "gameTime": "1 - 0:12",
            "label": "Throw-in",
            "position": "12500",
            "half": "1",
            "confidence": "0.6578806042671204"
        },
        {
            "gameTime": "1 - 40:46",
            "label": "Throw-in",
            "position": "2446000",
            "half": "1",
            "confidence": "0.6573033928871155"
        },
        {
            "gameTime": "1 - 9:6",
            "label": "Throw-in",
            "position": "546500",
            "half": "1",
            "confidence": "0.6360598802566528"
        },
        {
            "gameTime": "1 - 40:29",
            "label": "Throw-in",
            "position": "2429000",
            "half": "1",
            "confidence": "0.6347929239273071"
        },
        {
            "gameTime": "1 - 32:49",
            "label": "Throw-in",
            "position": "1969500",
            "half": "1",
            "confidence": "0.6229577660560608"
        },
        {
            "gameTime": "1 - 34:34",
            "label": "Throw-in",
            "position": "2074000",
            "half": "1",
            "confidence": "0.6102543473243713"
        },
        {
            "gameTime": "1 - 31:13",
            "label": "Throw-in",
            "position": "1873500",
            "half": "1",
            "confidence": "0.6061490178108215"
        },
        {
            "gameTime": "1 - 2:25",
            "label": "Throw-in",
            "position": "145500",
            "half": "1",
            "confidence": "0.6051198244094849"
        },
        {
            "gameTime": "1 - 2:55",
            "label": "Throw-in",
            "position": "175500",
            "half": "1",
            "confidence": "0.5749589204788208"
        },
        {
            "gameTime": "1 - 24:23",
            "label": "Throw-in",
            "position": "1463500",
            "half": "1",
            "confidence": "0.5659777522087097"
        },
        {
            "gameTime": "1 - 36:2",
            "label": "Throw-in",
            "position": "2162000",
            "half": "1",
            "confidence": "0.5655906796455383"
        },
        {
            "gameTime": "1 - 5:34",
            "label": "Throw-in",
            "position": "334500",
            "half": "1",
            "confidence": "0.5632994174957275"
        },
        {
            "gameTime": "1 - 13:46",
            "label": "Throw-in",
            "position": "826000",
            "half": "1",
            "confidence": "0.5526222586631775"
        },
        {
            "gameTime": "1 - 38:29",
            "label": "Throw-in",
            "position": "2309500",
            "half": "1",
            "confidence": "0.5108203291893005"
        },
        {
            "gameTime": "1 - 15:5",
            "label": "Throw-in",
            "position": "905500",
            "half": "1",
            "confidence": "0.510059654712677"
        },
        {
            "gameTime": "1 - 29:5",
            "label": "Foul",
            "position": "1745000",
            "half": "1",
            "confidence": "0.7299328446388245"
        },
        {
            "gameTime": "1 - 8:23",
            "label": "Foul",
            "position": "503000",
            "half": "1",
            "confidence": "0.6277095079421997"
        },
        {
            "gameTime": "1 - 23:47",
            "label": "Direct free-kick",
            "position": "1427000",
            "half": "1",
            "confidence": "0.7528144121170044"
        },
        {
            "gameTime": "1 - 21:42",
            "label": "Corner",
            "position": "1302500",
            "half": "1",
            "confidence": "0.988223135471344"
        },
        {
            "gameTime": "1 - 24:14",
            "label": "Corner",
            "position": "1454000",
            "half": "1",
            "confidence": "0.968364417552948"
        },
        {
            "gameTime": "1 - 41:9",
            "label": "Corner",
            "position": "2469000",
            "half": "1",
            "confidence": "0.9567663669586182"
        },
        {
            "gameTime": "1 - 16:21",
            "label": "Corner",
            "position": "981500",
            "half": "1",
            "confidence": "0.9503138065338135"
        },
        {
            "gameTime": "1 - 11:12",
            "label": "Corner",
            "position": "672500",
            "half": "1",
            "confidence": "0.9386667013168335"
        },
        {
            "gameTime": "1 - 6:30",
            "label": "Corner",
            "position": "390000",
            "half": "1",
            "confidence": "0.9271981120109558"
        },
        {
            "gameTime": "1 - 29:50",
            "label": "Corner",
            "position": "1790500",
            "half": "1",
            "confidence": "0.9209288358688354"
        },
        {
            "gameTime": "1 - 16:10",
            "label": "Corner",
            "position": "970500",
            "half": "1",
            "confidence": "0.8530252575874329"
        },
        {
            "gameTime": "1 - 21:27",
            "label": "Corner",
            "position": "1287500",
            "half": "1",
            "confidence": "0.8288368582725525"
        },
        {
            "gameTime": "1 - 24:0",
            "label": "Corner",
            "position": "1440000",
            "half": "1",
            "confidence": "0.7313315272331238"
        },
        {
            "gameTime": "1 - 10:56",
            "label": "Corner",
            "position": "656500",
            "half": "1",
            "confidence": "0.6777362823486328"
        },
        {
            "gameTime": "1 - 38:54",
            "label": "Corner",
            "position": "2334000",
            "half": "1",
            "confidence": "0.6770744919776917"
        },
        {
            "gameTime": "1 - 40:55",
            "label": "Corner",
            "position": "2455000",
            "half": "1",
            "confidence": "0.5527991652488708"
        },
        {
            "gameTime": "1 - 41:19",
            "label": "Corner",
            "position": "2479000",
            "half": "1",
            "confidence": "0.5214661359786987"
        },
        {
            "gameTime": "2 - 0:0",
            "label": "Kick-off",
            "position": "500",
            "half": "2",
            "confidence": "0.9933136105537415"
        },
        {
            "gameTime": "2 - 28:57",
            "label": "Goal",
            "position": "1737000",
            "half": "2",
            "confidence": "0.7443317174911499"
        },
        {
            "gameTime": "2 - 41:47",
            "label": "Substitution",
            "position": "2507000",
            "half": "2",
            "confidence": "0.9650954604148865"
        },
        {
            "gameTime": "2 - 41:58",
            "label": "Substitution",
            "position": "2518000",
            "half": "2",
            "confidence": "0.8303314447402954"
        },
        {
            "gameTime": "2 - 37:29",
            "label": "Substitution",
            "position": "2249000",
            "half": "2",
            "confidence": "0.8028162717819214"
        },
        {
            "gameTime": "2 - 16:22",
            "label": "Substitution",
            "position": "982000",
            "half": "2",
            "confidence": "0.6793539524078369"
        },
        {
            "gameTime": "2 - 37:39",
            "label": "Substitution",
            "position": "2259000",
            "half": "2",
            "confidence": "0.6675201058387756"
        },
        {
            "gameTime": "2 - 41:36",
            "label": "Substitution",
            "position": "2496500",
            "half": "2",
            "confidence": "0.6543390154838562"
        },
        {
            "gameTime": "2 - 28:56",
            "label": "Shots on target",
            "position": "1736000",
            "half": "2",
            "confidence": "0.7812619209289551"
        },
        {
            "gameTime": "2 - 31:29",
            "label": "Shots on target",
            "position": "1889000",
            "half": "2",
            "confidence": "0.7021054029464722"
        },
        {
            "gameTime": "2 - 29:10",
            "label": "Shots on target",
            "position": "1750500",
            "half": "2",
            "confidence": "0.567541241645813"
        },
        {
            "gameTime": "2 - 18:49",
            "label": "Shots on target",
            "position": "1129500",
            "half": "2",
            "confidence": "0.5491149425506592"
        },
        {
            "gameTime": "2 - 35:19",
            "label": "Shots on target",
            "position": "2119500",
            "half": "2",
            "confidence": "0.546229362487793"
        },
        {
            "gameTime": "2 - 26:16",
            "label": "Shots on target",
            "position": "1576500",
            "half": "2",
            "confidence": "0.528590977191925"
        },
        {
            "gameTime": "2 - 29:39",
            "label": "Shots on target",
            "position": "1779000",
            "half": "2",
            "confidence": "0.5143094062805176"
        },
        {
            "gameTime": "2 - 7:12",
            "label": "Shots on target",
            "position": "432000",
            "half": "2",
            "confidence": "0.5066142678260803"
        },
        {
            "gameTime": "2 - 31:12",
            "label": "Shots on target",
            "position": "1872000",
            "half": "2",
            "confidence": "0.504879355430603"
        },
        {
            "gameTime": "2 - 26:19",
            "label": "Shots off target",
            "position": "1579000",
            "half": "2",
            "confidence": "0.9360461831092834"
        },
        {
            "gameTime": "2 - 35:56",
            "label": "Shots off target",
            "position": "2156000",
            "half": "2",
            "confidence": "0.9248439073562622"
        },
        {
            "gameTime": "2 - 20:47",
            "label": "Shots off target",
            "position": "1247000",
            "half": "2",
            "confidence": "0.6760439276695251"
        },
        {
            "gameTime": "2 - 26:6",
            "label": "Shots off target",
            "position": "1566000",
            "half": "2",
            "confidence": "0.618359386920929"
        },
        {
            "gameTime": "2 - 31:19",
            "label": "Shots off target",
            "position": "1879000",
            "half": "2",
            "confidence": "0.6022622585296631"
        },
        {
            "gameTime": "2 - 22:42",
            "label": "Shots off target",
            "position": "1362000",
            "half": "2",
            "confidence": "0.5909900665283203"
        },
        {
            "gameTime": "2 - 20:36",
            "label": "Shots off target",
            "position": "1236000",
            "half": "2",
            "confidence": "0.5781642198562622"
        },
        {
            "gameTime": "2 - 19:1",
            "label": "Shots off target",
            "position": "1141000",
            "half": "2",
            "confidence": "0.5605326294898987"
        },
        {
            "gameTime": "2 - 7:19",
            "label": "Shots off target",
            "position": "439500",
            "half": "2",
            "confidence": "0.5462308526039124"
        },
        {
            "gameTime": "2 - 7:41",
            "label": "Clearance",
            "position": "461500",
            "half": "2",
            "confidence": "0.9120684266090393"
        },
        {
            "gameTime": "2 - 19:16",
            "label": "Clearance",
            "position": "1156500",
            "half": "2",
            "confidence": "0.9040683507919312"
        },
        {
            "gameTime": "2 - 19:31",
            "label": "Clearance",
            "position": "1171000",
            "half": "2",
            "confidence": "0.9010050296783447"
        },
        {
            "gameTime": "2 - 9:12",
            "label": "Clearance",
            "position": "552000",
            "half": "2",
            "confidence": "0.8746987581253052"
        },
        {
            "gameTime": "2 - 8:59",
            "label": "Clearance",
            "position": "539500",
            "half": "2",
            "confidence": "0.8725327849388123"
        },
        {
            "gameTime": "2 - 26:44",
            "label": "Clearance",
            "position": "1604500",
            "half": "2",
            "confidence": "0.7532418370246887"
        },
        {
            "gameTime": "2 - 26:30",
            "label": "Clearance",
            "position": "1590000",
            "half": "2",
            "confidence": "0.7231655120849609"
        },
        {
            "gameTime": "2 - 30:42",
            "label": "Clearance",
            "position": "1842500",
            "half": "2",
            "confidence": "0.7207820415496826"
        },
        {
            "gameTime": "2 - 30:52",
            "label": "Clearance",
            "position": "1852500",
            "half": "2",
            "confidence": "0.5133268237113953"
        },
        {
            "gameTime": "2 - 8:37",
            "label": "Ball out of play",
            "position": "517500",
            "half": "2",
            "confidence": "0.9220066070556641"
        },
        {
            "gameTime": "2 - 17:25",
            "label": "Ball out of play",
            "position": "1045500",
            "half": "2",
            "confidence": "0.8968190550804138"
        },
        {
            "gameTime": "2 - 41:27",
            "label": "Ball out of play",
            "position": "2487000",
            "half": "2",
            "confidence": "0.8868293762207031"
        },
        {
            "gameTime": "2 - 16:8",
            "label": "Ball out of play",
            "position": "968500",
            "half": "2",
            "confidence": "0.8830697536468506"
        },
        {
            "gameTime": "2 - 29:11",
            "label": "Ball out of play",
            "position": "1751500",
            "half": "2",
            "confidence": "0.8796495199203491"
        },
        {
            "gameTime": "2 - 18:53",
            "label": "Ball out of play",
            "position": "1133500",
            "half": "2",
            "confidence": "0.8785354495048523"
        },
        {
            "gameTime": "2 - 20:10",
            "label": "Ball out of play",
            "position": "1210500",
            "half": "2",
            "confidence": "0.8592876195907593"
        },
        {
            "gameTime": "2 - 26:14",
            "label": "Ball out of play",
            "position": "1574500",
            "half": "2",
            "confidence": "0.8445141315460205"
        },
        {
            "gameTime": "2 - 16:59",
            "label": "Ball out of play",
            "position": "1019000",
            "half": "2",
            "confidence": "0.842306911945343"
        },
        {
            "gameTime": "2 - 15:58",
            "label": "Ball out of play",
            "position": "958000",
            "half": "2",
            "confidence": "0.8384620547294617"
        },
        {
            "gameTime": "2 - 22:36",
            "label": "Ball out of play",
            "position": "1356000",
            "half": "2",
            "confidence": "0.8352924585342407"
        },
        {
            "gameTime": "2 - 0:32",
            "label": "Ball out of play",
            "position": "32500",
            "half": "2",
            "confidence": "0.8288823962211609"
        },
        {
            "gameTime": "2 - 25:44",
            "label": "Ball out of play",
            "position": "1544500",
            "half": "2",
            "confidence": "0.8266510963439941"
        },
        {
            "gameTime": "2 - 7:18",
            "label": "Ball out of play",
            "position": "438500",
            "half": "2",
            "confidence": "0.8219177722930908"
        },
        {
            "gameTime": "2 - 8:47",
            "label": "Ball out of play",
            "position": "527500",
            "half": "2",
            "confidence": "0.8209404945373535"
        },
        {
            "gameTime": "2 - 20:0",
            "label": "Ball out of play",
            "position": "1200000",
            "half": "2",
            "confidence": "0.8186678886413574"
        },
        {
            "gameTime": "2 - 30:13",
            "label": "Ball out of play",
            "position": "1813000",
            "half": "2",
            "confidence": "0.8079111576080322"
        },
        {
            "gameTime": "2 - 35:39",
            "label": "Ball out of play",
            "position": "2139500",
            "half": "2",
            "confidence": "0.80723637342453"
        },
        {
            "gameTime": "2 - 35:49",
            "label": "Ball out of play",
            "position": "2149500",
            "half": "2",
            "confidence": "0.8072022199630737"
        },
        {
            "gameTime": "2 - 3:8",
            "label": "Ball out of play",
            "position": "188000",
            "half": "2",
            "confidence": "0.7963165044784546"
        },
        {
            "gameTime": "2 - 13:58",
            "label": "Ball out of play",
            "position": "838000",
            "half": "2",
            "confidence": "0.7959102392196655"
        },
        {
            "gameTime": "2 - 33:13",
            "label": "Ball out of play",
            "position": "1993000",
            "half": "2",
            "confidence": "0.794710636138916"
        },
        {
            "gameTime": "2 - 24:56",
            "label": "Ball out of play",
            "position": "1496000",
            "half": "2",
            "confidence": "0.7903051376342773"
        },
        {
            "gameTime": "2 - 17:9",
            "label": "Ball out of play",
            "position": "1029500",
            "half": "2",
            "confidence": "0.7769230008125305"
        },
        {
            "gameTime": "2 - 29:1",
            "label": "Ball out of play",
            "position": "1741000",
            "half": "2",
            "confidence": "0.7751526832580566"
        },
        {
            "gameTime": "2 - 15:47",
            "label": "Ball out of play",
            "position": "947000",
            "half": "2",
            "confidence": "0.7707729339599609"
        },
        {
            "gameTime": "2 - 18:9",
            "label": "Ball out of play",
            "position": "1089500",
            "half": "2",
            "confidence": "0.7683942914009094"
        },
        {
            "gameTime": "2 - 43:0",
            "label": "Ball out of play",
            "position": "2580000",
            "half": "2",
            "confidence": "0.766485333442688"
        },
        {
            "gameTime": "2 - 9:51",
            "label": "Ball out of play",
            "position": "591000",
            "half": "2",
            "confidence": "0.7628514766693115"
        },
        {
            "gameTime": "2 - 9:31",
            "label": "Ball out of play",
            "position": "571500",
            "half": "2",
            "confidence": "0.749702513217926"
        },
        {
            "gameTime": "2 - 9:20",
            "label": "Ball out of play",
            "position": "560000",
            "half": "2",
            "confidence": "0.745696485042572"
        },
        {
            "gameTime": "2 - 2:26",
            "label": "Ball out of play",
            "position": "146000",
            "half": "2",
            "confidence": "0.7438973784446716"
        },
        {
            "gameTime": "2 - 42:5",
            "label": "Ball out of play",
            "position": "2525500",
            "half": "2",
            "confidence": "0.7412763237953186"
        },
        {
            "gameTime": "2 - 36:59",
            "label": "Ball out of play",
            "position": "2219500",
            "half": "2",
            "confidence": "0.7334616780281067"
        },
        {
            "gameTime": "2 - 10:52",
            "label": "Ball out of play",
            "position": "652500",
            "half": "2",
            "confidence": "0.7276461720466614"
        },
        {
            "gameTime": "2 - 25:6",
            "label": "Ball out of play",
            "position": "1506000",
            "half": "2",
            "confidence": "0.7136821746826172"
        },
        {
            "gameTime": "2 - 20:38",
            "label": "Ball out of play",
            "position": "1238000",
            "half": "2",
            "confidence": "0.7134804129600525"
        },
        {
            "gameTime": "2 - 35:28",
            "label": "Ball out of play",
            "position": "2128000",
            "half": "2",
            "confidence": "0.7069962620735168"
        },
        {
            "gameTime": "2 - 1:49",
            "label": "Ball out of play",
            "position": "109500",
            "half": "2",
            "confidence": "0.7021647691726685"
        },
        {
            "gameTime": "2 - 25:34",
            "label": "Ball out of play",
            "position": "1534000",
            "half": "2",
            "confidence": "0.7000824809074402"
        },
        {
            "gameTime": "2 - 19:3",
            "label": "Ball out of play",
            "position": "1143500",
            "half": "2",
            "confidence": "0.69707852602005"
        },
        {
            "gameTime": "2 - 2:57",
            "label": "Ball out of play",
            "position": "177500",
            "half": "2",
            "confidence": "0.695973813533783"
        },
        {
            "gameTime": "2 - 29:22",
            "label": "Ball out of play",
            "position": "1762000",
            "half": "2",
            "confidence": "0.6937942504882812"
        },
        {
            "gameTime": "2 - 5:11",
            "label": "Ball out of play",
            "position": "311000",
            "half": "2",
            "confidence": "0.6925984025001526"
        },
        {
            "gameTime": "2 - 2:4",
            "label": "Ball out of play",
            "position": "124000",
            "half": "2",
            "confidence": "0.6765005588531494"
        },
        {
            "gameTime": "2 - 42:23",
            "label": "Ball out of play",
            "position": "2543500",
            "half": "2",
            "confidence": "0.6700953841209412"
        },
        {
            "gameTime": "2 - 0:42",
            "label": "Ball out of play",
            "position": "42500",
            "half": "2",
            "confidence": "0.6650895476341248"
        },
        {
            "gameTime": "2 - 30:54",
            "label": "Ball out of play",
            "position": "1854500",
            "half": "2",
            "confidence": "0.6487239599227905"
        },
        {
            "gameTime": "2 - 17:35",
            "label": "Ball out of play",
            "position": "1055500",
            "half": "2",
            "confidence": "0.6410531997680664"
        },
        {
            "gameTime": "2 - 22:46",
            "label": "Ball out of play",
            "position": "1366000",
            "half": "2",
            "confidence": "0.6391632556915283"
        },
        {
            "gameTime": "2 - 10:40",
            "label": "Ball out of play",
            "position": "640500",
            "half": "2",
            "confidence": "0.6269544363021851"
        },
        {
            "gameTime": "2 - 31:16",
            "label": "Ball out of play",
            "position": "1876500",
            "half": "2",
            "confidence": "0.6210891604423523"
        },
        {
            "gameTime": "2 - 43:38",
            "label": "Ball out of play",
            "position": "2618500",
            "half": "2",
            "confidence": "0.6109081506729126"
        },
        {
            "gameTime": "2 - 14:43",
            "label": "Ball out of play",
            "position": "883500",
            "half": "2",
            "confidence": "0.6094878315925598"
        },
        {
            "gameTime": "2 - 7:52",
            "label": "Ball out of play",
            "position": "472000",
            "half": "2",
            "confidence": "0.607171356678009"
        },
        {
            "gameTime": "2 - 43:26",
            "label": "Ball out of play",
            "position": "2606000",
            "half": "2",
            "confidence": "0.5905348658561707"
        },
        {
            "gameTime": "2 - 15:36",
            "label": "Ball out of play",
            "position": "936500",
            "half": "2",
            "confidence": "0.5875158905982971"
        },
        {
            "gameTime": "2 - 23:32",
            "label": "Ball out of play",
            "position": "1412500",
            "half": "2",
            "confidence": "0.58524489402771"
        },
        {
            "gameTime": "2 - 26:4",
            "label": "Ball out of play",
            "position": "1564000",
            "half": "2",
            "confidence": "0.5735266804695129"
        },
        {
            "gameTime": "2 - 38:50",
            "label": "Ball out of play",
            "position": "2330500",
            "half": "2",
            "confidence": "0.568977952003479"
        },
        {
            "gameTime": "2 - 20:49",
            "label": "Ball out of play",
            "position": "1249000",
            "half": "2",
            "confidence": "0.5462490320205688"
        },
        {
            "gameTime": "2 - 35:10",
            "label": "Ball out of play",
            "position": "2110000",
            "half": "2",
            "confidence": "0.5392961502075195"
        },
        {
            "gameTime": "2 - 26:47",
            "label": "Ball out of play",
            "position": "1607000",
            "half": "2",
            "confidence": "0.5367681980133057"
        },
        {
            "gameTime": "2 - 31:51",
            "label": "Ball out of play",
            "position": "1911000",
            "half": "2",
            "confidence": "0.5356735587120056"
        },
        {
            "gameTime": "2 - 21:9",
            "label": "Ball out of play",
            "position": "1269500",
            "half": "2",
            "confidence": "0.5302314758300781"
        },
        {
            "gameTime": "2 - 43:10",
            "label": "Ball out of play",
            "position": "2590000",
            "half": "2",
            "confidence": "0.5207149386405945"
        },
        {
            "gameTime": "2 - 30:2",
            "label": "Ball out of play",
            "position": "1802500",
            "half": "2",
            "confidence": "0.5165824890136719"
        },
        {
            "gameTime": "2 - 31:26",
            "label": "Ball out of play",
            "position": "1886500",
            "half": "2",
            "confidence": "0.5101737976074219"
        },
        {
            "gameTime": "2 - 33:24",
            "label": "Ball out of play",
            "position": "2004000",
            "half": "2",
            "confidence": "0.5051755905151367"
        },
        {
            "gameTime": "2 - 14:8",
            "label": "Ball out of play",
            "position": "848500",
            "half": "2",
            "confidence": "0.5043363571166992"
        },
        {
            "gameTime": "2 - 2:14",
            "label": "Ball out of play",
            "position": "134000",
            "half": "2",
            "confidence": "0.503533124923706"
        },
        {
            "gameTime": "2 - 16:1",
            "label": "Throw-in",
            "position": "961500",
            "half": "2",
            "confidence": "0.9864749312400818"
        },
        {
            "gameTime": "2 - 10:52",
            "label": "Throw-in",
            "position": "652500",
            "half": "2",
            "confidence": "0.9776715040206909"
        },
        {
            "gameTime": "2 - 10:40",
            "label": "Throw-in",
            "position": "640000",
            "half": "2",
            "confidence": "0.9185753464698792"
        },
        {
            "gameTime": "2 - 42:9",
            "label": "Throw-in",
            "position": "2529500",
            "half": "2",
            "confidence": "0.9059469103813171"
        },
        {
            "gameTime": "2 - 20:10",
            "label": "Throw-in",
            "position": "1210000",
            "half": "2",
            "confidence": "0.8947001099586487"
        },
        {
            "gameTime": "2 - 5:9",
            "label": "Throw-in",
            "position": "309500",
            "half": "2",
            "confidence": "0.894461989402771"
        },
        {
            "gameTime": "2 - 0:32",
            "label": "Throw-in",
            "position": "32500",
            "half": "2",
            "confidence": "0.8868286609649658"
        },
        {
            "gameTime": "2 - 44:0",
            "label": "Throw-in",
            "position": "2640000",
            "half": "2",
            "confidence": "0.878457248210907"
        },
        {
            "gameTime": "2 - 33:13",
            "label": "Throw-in",
            "position": "1993000",
            "half": "2",
            "confidence": "0.8586316704750061"
        },
        {
            "gameTime": "2 - 20:22",
            "label": "Throw-in",
            "position": "1222000",
            "half": "2",
            "confidence": "0.8558624386787415"
        },
        {
            "gameTime": "2 - 19:59",
            "label": "Throw-in",
            "position": "1199500",
            "half": "2",
            "confidence": "0.7916224598884583"
        },
        {
            "gameTime": "2 - 42:57",
            "label": "Throw-in",
            "position": "2577000",
            "half": "2",
            "confidence": "0.7822072505950928"
        },
        {
            "gameTime": "2 - 16:11",
            "label": "Throw-in",
            "position": "971500",
            "half": "2",
            "confidence": "0.7701183557510376"
        },
        {
            "gameTime": "2 - 17:25",
            "label": "Throw-in",
            "position": "1045000",
            "half": "2",
            "confidence": "0.7644504308700562"
        },
        {
            "gameTime": "2 - 23:36",
            "label": "Throw-in",
            "position": "1416000",
            "half": "2",
            "confidence": "0.742798924446106"
        },
        {
            "gameTime": "2 - 3:7",
            "label": "Throw-in",
            "position": "187000",
            "half": "2",
            "confidence": "0.741489052772522"
        },
        {
            "gameTime": "2 - 0:42",
            "label": "Throw-in",
            "position": "42500",
            "half": "2",
            "confidence": "0.7291772365570068"
        },
        {
            "gameTime": "2 - 43:49",
            "label": "Throw-in",
            "position": "2629500",
            "half": "2",
            "confidence": "0.7020043730735779"
        },
        {
            "gameTime": "2 - 41:56",
            "label": "Throw-in",
            "position": "2516000",
            "half": "2",
            "confidence": "0.6811710596084595"
        },
        {
            "gameTime": "2 - 17:1",
            "label": "Throw-in",
            "position": "1021000",
            "half": "2",
            "confidence": "0.671148955821991"
        },
        {
            "gameTime": "2 - 14:53",
            "label": "Throw-in",
            "position": "893000",
            "half": "2",
            "confidence": "0.6707367897033691"
        },
        {
            "gameTime": "2 - 17:35",
            "label": "Throw-in",
            "position": "1055000",
            "half": "2",
            "confidence": "0.6658586263656616"
        },
        {
            "gameTime": "2 - 42:23",
            "label": "Throw-in",
            "position": "2543500",
            "half": "2",
            "confidence": "0.6420387029647827"
        },
        {
            "gameTime": "2 - 2:27",
            "label": "Throw-in",
            "position": "147500",
            "half": "2",
            "confidence": "0.6385400891304016"
        },
        {
            "gameTime": "2 - 43:7",
            "label": "Throw-in",
            "position": "2587000",
            "half": "2",
            "confidence": "0.588994026184082"
        },
        {
            "gameTime": "2 - 15:48",
            "label": "Throw-in",
            "position": "948500",
            "half": "2",
            "confidence": "0.585787296295166"
        },
        {
            "gameTime": "2 - 41:20",
            "label": "Throw-in",
            "position": "2480000",
            "half": "2",
            "confidence": "0.5849437117576599"
        },
        {
            "gameTime": "2 - 9:39",
            "label": "Throw-in",
            "position": "579000",
            "half": "2",
            "confidence": "0.5773636698722839"
        },
        {
            "gameTime": "2 - 33:0",
            "label": "Throw-in",
            "position": "1980500",
            "half": "2",
            "confidence": "0.5721616744995117"
        },
        {
            "gameTime": "2 - 0:22",
            "label": "Throw-in",
            "position": "22000",
            "half": "2",
            "confidence": "0.567226767539978"
        },
        {
            "gameTime": "2 - 33:23",
            "label": "Throw-in",
            "position": "2003000",
            "half": "2",
            "confidence": "0.5211902260780334"
        },
        {
            "gameTime": "2 - 9:28",
            "label": "Throw-in",
            "position": "568500",
            "half": "2",
            "confidence": "0.5122793316841125"
        },
        {
            "gameTime": "2 - 24:18",
            "label": "Foul",
            "position": "1458500",
            "half": "2",
            "confidence": "0.7328924536705017"
        },
        {
            "gameTime": "2 - 44:13",
            "label": "Foul",
            "position": "2653000",
            "half": "2",
            "confidence": "0.6966643929481506"
        },
        {
            "gameTime": "2 - 28:2",
            "label": "Foul",
            "position": "1682500",
            "half": "2",
            "confidence": "0.626312255859375"
        },
        {
            "gameTime": "2 - 24:28",
            "label": "Foul",
            "position": "1468500",
            "half": "2",
            "confidence": "0.5911436676979065"
        },
        {
            "gameTime": "2 - 22:15",
            "label": "Foul",
            "position": "1335000",
            "half": "2",
            "confidence": "0.5184832215309143"
        },
        {
            "gameTime": "2 - 1:19",
            "label": "Indirect free-kick",
            "position": "79000",
            "half": "2",
            "confidence": "0.7165290117263794"
        },
        {
            "gameTime": "2 - 28:29",
            "label": "Indirect free-kick",
            "position": "1709500",
            "half": "2",
            "confidence": "0.6319274306297302"
        },
        {
            "gameTime": "2 - 22:12",
            "label": "Indirect free-kick",
            "position": "1332500",
            "half": "2",
            "confidence": "0.6082704663276672"
        },
        {
            "gameTime": "2 - 1:30",
            "label": "Indirect free-kick",
            "position": "90000",
            "half": "2",
            "confidence": "0.5898131728172302"
        },
        {
            "gameTime": "2 - 44:15",
            "label": "Indirect free-kick",
            "position": "2655500",
            "half": "2",
            "confidence": "0.5140117406845093"
        },
        {
            "gameTime": "2 - 31:24",
            "label": "Direct free-kick",
            "position": "1884000",
            "half": "2",
            "confidence": "0.5699909925460815"
        },
        {
            "gameTime": "2 - 35:47",
            "label": "Corner",
            "position": "2147500",
            "half": "2",
            "confidence": "0.985880434513092"
        },
        {
            "gameTime": "2 - 31:50",
            "label": "Corner",
            "position": "1910000",
            "half": "2",
            "confidence": "0.954585611820221"
        },
        {
            "gameTime": "2 - 29:31",
            "label": "Corner",
            "position": "1771000",
            "half": "2",
            "confidence": "0.8974624872207642"
        },
        {
            "gameTime": "2 - 35:37",
            "label": "Corner",
            "position": "2137000",
            "half": "2",
            "confidence": "0.7992910742759705"
        },
        {
            "gameTime": "2 - 29:20",
            "label": "Corner",
            "position": "1760500",
            "half": "2",
            "confidence": "0.7057266235351562"
        },
        {
            "gameTime": "2 - 21:13",
            "label": "Corner",
            "position": "1273500",
            "half": "2",
            "confidence": "0.5639988780021667"
        },
        {
            "gameTime": "2 - 28:13",
            "label": "Yellow card",
            "position": "1693500",
            "half": "2",
            "confidence": "0.8518146872520447"
        }
    ]
}