{
    "UrlLocal": "spain_laliga/2019-2020/2020-02-01 - 18-00 Real Madrid 1 - 0 Atletico Madrid",
    "UrlYoutube": "",
    "annotations": [
        {
            "change_type": "",
            "gameTime": "1 - 04:44",
            "label": "",
            "position": "284027",
            "replay": "real-time"
        },
        {
            "change_type": "",
            "gameTime": "1 - 04:49",
            "label": "",
            "link": "",
            "position": "289266",
            "replay": "replay"
        },
        {
            "change_type": "",
            "gameTime": "1 - 06:31",
            "label": "",
            "position": "391821",
            "replay": "real-time"
        },
        {
            "change_type": "",
            "gameTime": "1 - 06:43",
            "label": "",
            "link": "",
            "position": "403325",
            "replay": "replay"
        },
        {
            "change_type": "",
            "gameTime": "1 - 06:48",
            "label": "",
            "link": "",
            "position": "408344",
            "replay": "replay"
        },
        {
            "change_type": "",
            "gameTime": "1 - 09:13",
            "label": "",
            "position": "553275",
            "replay": "real-time"
        },
        {
            "change_type": "",
            "gameTime": "1 - 09:17",
            "label": "",
            "link": "",
            "position": "557612",
            "replay": "replay"
        },
        {
            "change_type": "",
            "gameTime": "1 - 09:20",
            "label": "",
            "link": "",
            "position": "560555",
            "replay": "replay"
        },
        {
            "change_type": "",
            "gameTime": "1 - 09:55",
            "label": "",
            "position": "595215",
            "replay": "real-time"
        },
        {
            "change_type": "",
            "gameTime": "1 - 10:00",
            "label": "",
            "link": "",
            "position": "600757",
            "replay": "replay"
        },
        {
            "change_type": "",
            "gameTime": "1 - 10:21",
            "label": "",
            "position": "621316",
            "replay": "real-time"
        },
        {
            "change_type": "",
            "gameTime": "1 - 10:31",
            "label": "",
            "link": "",
            "position": "631086",
            "replay": "replay"
        },
        {
            "change_type": "",
            "gameTime": "1 - 10:35",
            "label": "",
            "link": "",
            "position": "635453",
            "replay": "replay"
        },
        {
            "change_type": "",
            "gameTime": "1 - 11:22",
            "label": "",
            "position": "682214",
            "replay": "real-time"
        },
        {
            "change_type": "",
            "gameTime": "1 - 11:28",
            "label": "",
            "link": "",
            "position": "688748",
            "replay": "replay"
        },
        {
            "change_type": "",
            "gameTime": "1 - 15:28",
            "label": "",
            "position": "928217",
            "replay": "real-time"
        },
        {
            "change_type": "",
            "gameTime": "1 - 15:34",
            "label": "",
            "link": "",
            "position": "934046",
            "replay": "replay"
        },
        {
            "change_type": "",
            "gameTime": "1 - 15:38",
            "label": "",
            "link": "",
            "position": "938398",
            "replay": "replay"
        },
        {
            "change_type": "",
            "gameTime": "1 - 16:35",
            "label": "",
            "position": "995123",
            "replay": "real-time"
        },
        {
            "change_type": "",
            "gameTime": "1 - 16:39",
            "label": "",
            "link": "",
            "position": "999865",
            "replay": "replay"
        },
        {
            "change_type": "",
            "gameTime": "1 - 16:50",
            "label": "",
            "link": "",
            "position": "1010853",
            "replay": "replay"
        },
        {
            "change_type": "",
            "gameTime": "1 - 16:53",
            "label": "",
            "link": "",
            "position": "1013830",
            "replay": "replay"
        },
        {
            "change_type": "",
            "gameTime": "1 - 17:25",
            "label": "",
            "position": "1045523",
            "replay": "real-time"
        },
        {
            "change_type": "",
            "gameTime": "1 - 17:33",
            "label": "",
            "link": "",
            "position": "1053140",
            "replay": "replay"
        },
        {
            "change_type": "",
            "gameTime": "1 - 18:42",
            "label": "",
            "position": "1122533",
            "replay": "real-time"
        },
        {
            "change_type": "",
            "gameTime": "1 - 18:49",
            "label": "",
            "link": "",
            "position": "1129349",
            "replay": "replay"
        },
        {
            "change_type": "",
            "gameTime": "1 - 19:01",
            "label": "",
            "link": "",
            "position": "1141042",
            "replay": "replay"
        },
        {
            "change_type": "",
            "gameTime": "1 - 21:03",
            "label": "",
            "position": "1263802",
            "replay": "real-time"
        },
        {
            "change_type": "",
            "gameTime": "1 - 21:07",
            "label": "",
            "link": "",
            "position": "1267262",
            "replay": "replay"
        },
        {
            "change_type": "",
            "gameTime": "1 - 21:12",
            "label": "",
            "link": "",
            "position": "1272335",
            "replay": "replay"
        },
        {
            "change_type": "",
            "gameTime": "1 - 21:16",
            "label": "",
            "link": "",
            "position": "1276145",
            "replay": "replay"
        },
        {
            "change_type": "",
            "gameTime": "1 - 22:18",
            "label": "",
            "position": "1338228",
            "replay": "real-time"
        },
        {
            "change_type": "",
            "gameTime": "1 - 22:23",
            "label": "",
            "link": "",
            "position": "1343763",
            "replay": "replay"
        },
        {
            "change_type": "",
            "gameTime": "1 - 24:36",
            "label": "",
            "position": "1476759",
            "replay": "real-time"
        },
        {
            "change_type": "",
            "gameTime": "1 - 24:45",
            "label": "",
            "link": "",
            "position": "1485762",
            "replay": "replay"
        },
        {
            "change_type": "",
            "gameTime": "1 - 24:51",
            "label": "",
            "link": "",
            "position": "1491318",
            "replay": "replay"
        },
        {
            "change_type": "",
            "gameTime": "1 - 24:54",
            "label": "",
            "link": "",
            "position": "1494463",
            "replay": "replay"
        },
        {
            "change_type": "",
            "gameTime": "1 - 27:06",
            "label": "",
            "position": "1626323",
            "replay": "real-time"
        },
        {
            "change_type": "",
            "gameTime": "1 - 27:10",
            "label": "",
            "link": "",
            "position": "1630642",
            "replay": "replay"
        },
        {
            "change_type": "",
            "gameTime": "1 - 27:23",
            "label": "",
            "link": "",
            "position": "1643608",
            "replay": "replay"
        },
        {
            "change_type": "",
            "gameTime": "1 - 28:11",
            "label": "",
            "position": "1691613",
            "replay": "real-time"
        },
        {
            "change_type": "",
            "gameTime": "1 - 28:21",
            "label": "",
            "link": "",
            "position": "1701916",
            "replay": "replay"
        },
        {
            "change_type": "",
            "gameTime": "1 - 28:24",
            "label": "",
            "link": "",
            "position": "1704114",
            "replay": "replay"
        },
        {
            "change_type": "",
            "gameTime": "1 - 31:35",
            "label": "",
            "position": "1895150",
            "replay": "real-time"
        },
        {
            "change_type": "",
            "gameTime": "1 - 31:49",
            "label": "",
            "link": "",
            "position": "1909257",
            "replay": "replay"
        },
        {
            "change_type": "",
            "gameTime": "1 - 31:55",
            "label": "",
            "link": "",
            "position": "1915620",
            "replay": "replay"
        },
        {
            "change_type": "",
            "gameTime": "1 - 33:09",
            "label": "",
            "position": "1989078",
            "replay": "real-time"
        },
        {
            "change_type": "",
            "gameTime": "1 - 33:14",
            "label": "",
            "link": "",
            "position": "1994984",
            "replay": "replay"
        },
        {
            "change_type": "",
            "gameTime": "1 - 33:20",
            "label": "",
            "link": "",
            "position": "2000547",
            "replay": "replay"
        },
        {
            "change_type": "",
            "gameTime": "1 - 34:02",
            "label": "",
            "position": "2042799",
            "replay": "real-time"
        },
        {
            "change_type": "",
            "gameTime": "1 - 34:13",
            "label": "",
            "link": "",
            "position": "2053982",
            "replay": "replay"
        },
        {
            "change_type": "",
            "gameTime": "1 - 34:43",
            "label": "",
            "position": "2083331",
            "replay": "real-time"
        },
        {
            "change_type": "",
            "gameTime": "1 - 34:48",
            "label": "",
            "link": "",
            "position": "2088857",
            "replay": "replay"
        },
        {
            "change_type": "",
            "gameTime": "1 - 34:53",
            "label": "",
            "link": "",
            "position": "2093678",
            "replay": "replay"
        },
        {
            "change_type": "",
            "gameTime": "1 - 38:31",
            "label": "",
            "position": "2311823",
            "replay": "real-time"
        },
        {
            "change_type": "",
            "gameTime": "1 - 38:46",
            "label": "",
            "link": "",
            "position": "2326665",
            "replay": "replay"
        },
        {
            "change_type": "",
            "gameTime": "1 - 39:55",
            "label": "",
            "position": "2395202",
            "replay": "real-time"
        },
        {
            "change_type": "",
            "gameTime": "1 - 39:59",
            "label": "",
            "link": "",
            "position": "2399960",
            "replay": "replay"
        },
        {
            "change_type": "",
            "gameTime": "1 - 40:06",
            "label": "",
            "link": "",
            "position": "2406479",
            "replay": "replay"
        },
        {
            "change_type": "",
            "gameTime": "1 - 41:12",
            "label": "",
            "position": "2472079",
            "replay": "real-time"
        },
        {
            "change_type": "",
            "gameTime": "1 - 41:15",
            "label": "",
            "link": "",
            "position": "2475319",
            "replay": "replay"
        },
        {
            "change_type": "",
            "gameTime": "1 - 41:17",
            "label": "",
            "link": "",
            "position": "2477304",
            "replay": "replay"
        },
        {
            "change_type": "",
            "gameTime": "1 - 41:22",
            "label": "",
            "link": "",
            "position": "2482558",
            "replay": "replay"
        },
        {
            "change_type": "",
            "gameTime": "1 - 41:57",
            "label": "",
            "position": "2517563",
            "replay": "real-time"
        },
        {
            "change_type": "",
            "gameTime": "1 - 42:11",
            "label": "",
            "link": "",
            "position": "2531704",
            "replay": "replay"
        },
        {
            "change_type": "",
            "gameTime": "1 - 42:17",
            "label": "",
            "link": "",
            "position": "2537774",
            "replay": "replay"
        },
        {
            "change_type": "",
            "gameTime": "1 - 43:43",
            "label": "",
            "position": "2623494",
            "replay": "real-time"
        },
        {
            "change_type": "",
            "gameTime": "1 - 43:52",
            "label": "",
            "link": "",
            "position": "2632682",
            "replay": "replay"
        },
        {
            "change_type": "",
            "gameTime": "1 - 43:57",
            "label": "",
            "link": "",
            "position": "2637666",
            "replay": "replay"
        },
        {
            "change_type": "",
            "gameTime": "1 - 45:16",
            "label": "",
            "position": "2716911",
            "replay": "real-time"
        },
        {
            "change_type": "",
            "gameTime": "1 - 45:21",
            "label": "",
            "link": "",
            "position": "2721522",
            "replay": "replay"
        },
        {
            "change_type": "",
            "gameTime": "2 - 02:09",
            "label": "",
            "position": "129802",
            "replay": "real-time"
        },
        {
            "change_type": "",
            "gameTime": "2 - 02:15",
            "label": "",
            "link": "",
            "position": "135711",
            "replay": "replay"
        },
        {
            "change_type": "",
            "gameTime": "2 - 03:25",
            "label": "",
            "position": "205729",
            "replay": "real-time"
        },
        {
            "change_type": "",
            "gameTime": "2 - 03:29",
            "label": "",
            "link": "",
            "position": "209811",
            "replay": "replay"
        },
        {
            "change_type": "",
            "gameTime": "2 - 03:34",
            "label": "",
            "link": "",
            "position": "214778",
            "replay": "replay"
        },
        {
            "change_type": "",
            "gameTime": "2 - 05:10",
            "label": "",
            "position": "310120",
            "replay": "real-time"
        },
        {
            "change_type": "",
            "gameTime": "2 - 05:13",
            "label": "",
            "link": "",
            "position": "313864",
            "replay": "replay"
        },
        {
            "change_type": "",
            "gameTime": "2 - 05:20",
            "label": "",
            "link": "",
            "position": "320853",
            "replay": "replay"
        },
        {
            "change_type": "",
            "gameTime": "2 - 07:50",
            "label": "",
            "position": "470193",
            "replay": "real-time"
        },
        {
            "change_type": "",
            "gameTime": "2 - 07:56",
            "label": "",
            "link": "",
            "position": "476054",
            "replay": "replay"
        },
        {
            "change_type": "",
            "gameTime": "2 - 11:01",
            "label": "",
            "position": "661879",
            "replay": "real-time"
        },
        {
            "change_type": "",
            "gameTime": "2 - 11:11",
            "label": "",
            "link": "",
            "position": "671474",
            "replay": "replay"
        },
        {
            "change_type": "",
            "gameTime": "2 - 11:18",
            "label": "",
            "link": "",
            "position": "678967",
            "replay": "replay"
        },
        {
            "change_type": "",
            "gameTime": "2 - 11:24",
            "label": "",
            "link": "",
            "position": "684720",
            "replay": "replay"
        },
        {
            "change_type": "",
            "gameTime": "2 - 11:28",
            "label": "",
            "link": "",
            "position": "688570",
            "replay": "replay"
        },
        {
            "change_type": "",
            "gameTime": "2 - 11:33",
            "label": "",
            "link": "",
            "position": "693428",
            "replay": "replay"
        },
        {
            "change_type": "",
            "gameTime": "2 - 11:37",
            "label": "",
            "link": "",
            "position": "697794",
            "replay": "replay"
        },
        {
            "change_type": "",
            "gameTime": "2 - 14:02",
            "label": "",
            "position": "842550",
            "replay": "real-time"
        },
        {
            "change_type": "",
            "gameTime": "2 - 14:10",
            "label": "",
            "link": "",
            "position": "850500",
            "replay": "replay"
        },
        {
            "change_type": "",
            "gameTime": "2 - 14:14",
            "label": "",
            "link": "",
            "position": "854239",
            "replay": "replay"
        },
        {
            "change_type": "",
            "gameTime": "2 - 14:22",
            "label": "",
            "link": "",
            "position": "862108",
            "replay": "replay"
        },
        {
            "change_type": "",
            "gameTime": "2 - 17:07",
            "label": "",
            "position": "1027467",
            "replay": "real-time"
        },
        {
            "change_type": "",
            "gameTime": "2 - 17:13",
            "label": "",
            "link": "",
            "position": "1033463",
            "replay": "replay"
        },
        {
            "change_type": "",
            "gameTime": "2 - 19:18",
            "label": "",
            "position": "1158700",
            "replay": "real-time"
        },
        {
            "change_type": "",
            "gameTime": "2 - 19:23",
            "label": "",
            "link": "",
            "position": "1163502",
            "replay": "replay"
        },
        {
            "change_type": "",
            "gameTime": "2 - 19:30",
            "label": "",
            "link": "",
            "position": "1170287",
            "replay": "replay"
        },
        {
            "change_type": "",
            "gameTime": "2 - 20:40",
            "label": "",
            "position": "1240393",
            "replay": "real-time"
        },
        {
            "change_type": "",
            "gameTime": "2 - 20:53",
            "label": "",
            "link": "",
            "position": "1253110",
            "replay": "replay"
        },
        {
            "change_type": "",
            "gameTime": "2 - 20:57",
            "label": "",
            "link": "",
            "position": "1257206",
            "replay": "replay"
        },
        {
            "change_type": "",
            "gameTime": "2 - 21:32",
            "label": "",
            "position": "1292445",
            "replay": "real-time"
        },
        {
            "change_type": "",
            "gameTime": "2 - 21:37",
            "label": "",
            "link": "",
            "position": "1297033",
            "replay": "replay"
        },
        {
            "change_type": "",
            "gameTime": "2 - 22:17",
            "label": "",
            "position": "1337321",
            "replay": "real-time"
        },
        {
            "change_type": "",
            "gameTime": "2 - 22:23",
            "label": "",
            "link": "",
            "position": "1343058",
            "replay": "replay"
        },
        {
            "change_type": "",
            "gameTime": "2 - 22:29",
            "label": "",
            "link": "",
            "position": "1349553",
            "replay": "replay"
        },
        {
            "change_type": "",
            "gameTime": "2 - 24:39",
            "label": "",
            "position": "1479616",
            "replay": "real-time"
        },
        {
            "change_type": "",
            "gameTime": "2 - 24:44",
            "label": "",
            "link": "",
            "position": "1484015",
            "replay": "replay"
        },
        {
            "change_type": "",
            "gameTime": "2 - 25:15",
            "label": "",
            "position": "1515104",
            "replay": "real-time"
        },
        {
            "change_type": "",
            "gameTime": "2 - 25:20",
            "label": "",
            "link": "",
            "position": "1520172",
            "replay": "replay"
        },
        {
            "change_type": "",
            "gameTime": "2 - 25:24",
            "label": "",
            "link": "",
            "position": "1524464",
            "replay": "replay"
        },
        {
            "change_type": "",
            "gameTime": "2 - 25:58",
            "label": "",
            "position": "1558486",
            "replay": "real-time"
        },
        {
            "change_type": "",
            "gameTime": "2 - 26:07",
            "label": "",
            "link": "",
            "position": "1567832",
            "replay": "replay"
        },
        {
            "change_type": "",
            "gameTime": "2 - 26:12",
            "label": "",
            "link": "",
            "position": "1572706",
            "replay": "replay"
        },
        {
            "change_type": "",
            "gameTime": "2 - 28:39",
            "label": "",
            "position": "1719537",
            "replay": "real-time"
        },
        {
            "change_type": "",
            "gameTime": "2 - 28:48",
            "label": "",
            "link": "",
            "position": "1728904",
            "replay": "replay"
        },
        {
            "change_type": "",
            "gameTime": "2 - 29:22",
            "label": "",
            "position": "1762619",
            "replay": "real-time"
        },
        {
            "change_type": "",
            "gameTime": "2 - 29:28",
            "label": "",
            "link": "",
            "position": "1768825",
            "replay": "replay"
        },
        {
            "change_type": "",
            "gameTime": "2 - 30:41",
            "label": "",
            "position": "1841262",
            "replay": "real-time"
        },
        {
            "change_type": "",
            "gameTime": "2 - 30:50",
            "label": "",
            "link": "",
            "position": "1850804",
            "replay": "replay"
        },
        {
            "change_type": "",
            "gameTime": "2 - 33:18",
            "label": "",
            "position": "1998749",
            "replay": "real-time"
        },
        {
            "change_type": "",
            "gameTime": "2 - 33:27",
            "label": "",
            "link": "",
            "position": "2007713",
            "replay": "replay"
        },
        {
            "change_type": "",
            "gameTime": "2 - 33:31",
            "label": "",
            "link": "",
            "position": "2011528",
            "replay": "replay"
        },
        {
            "change_type": "",
            "gameTime": "2 - 34:37",
            "label": "",
            "position": "2077858",
            "replay": "real-time"
        },
        {
            "change_type": "",
            "gameTime": "2 - 34:46",
            "label": "",
            "link": "",
            "position": "2086473",
            "replay": "replay"
        },
        {
            "change_type": "",
            "gameTime": "2 - 34:50",
            "label": "",
            "link": "",
            "position": "2090774",
            "replay": "replay"
        },
        {
            "change_type": "",
            "gameTime": "2 - 38:14",
            "label": "",
            "position": "2294004",
            "replay": "real-time"
        },
        {
            "change_type": "",
            "gameTime": "2 - 38:20",
            "label": "",
            "link": "",
            "position": "2300375",
            "replay": "replay"
        },
        {
            "change_type": "",
            "gameTime": "2 - 38:27",
            "label": "",
            "link": "",
            "position": "2307654",
            "replay": "replay"
        },
        {
            "change_type": "",
            "gameTime": "2 - 38:38",
            "label": "",
            "position": "2318508",
            "replay": "real-time"
        },
        {
            "change_type": "",
            "gameTime": "2 - 38:45",
            "label": "",
            "link": "",
            "position": "2325342",
            "replay": "replay"
        },
        {
            "change_type": "",
            "gameTime": "2 - 40:12",
            "label": "",
            "position": "2412020",
            "replay": "real-time"
        },
        {
            "change_type": "",
            "gameTime": "2 - 40:20",
            "label": "",
            "link": "",
            "position": "2420898",
            "replay": "replay"
        },
        {
            "change_type": "",
            "gameTime": "2 - 40:26",
            "label": "",
            "link": "",
            "position": "2426437",
            "replay": "replay"
        },
        {
            "change_type": "",
            "gameTime": "2 - 41:15",
            "label": "",
            "position": "2475350",
            "replay": "real-time"
        },
        {
            "change_type": "",
            "gameTime": "2 - 41:20",
            "label": "",
            "link": "",
            "position": "2480832",
            "replay": "replay"
        },
        {
            "change_type": "",
            "gameTime": "2 - 41:25",
            "label": "",
            "link": "",
            "position": "2485324",
            "replay": "replay"
        },
        {
            "change_type": "",
            "gameTime": "2 - 42:21",
            "label": "",
            "position": "2541517",
            "replay": "real-time"
        },
        {
            "change_type": "",
            "gameTime": "2 - 42:26",
            "label": "",
            "link": "",
            "position": "2546623",
            "replay": "replay"
        },
        {
            "change_type": "",
            "gameTime": "2 - 42:33",
            "label": "",
            "link": "",
            "position": "2553582",
            "replay": "replay"
        },
        {
            "change_type": "",
            "gameTime": "2 - 42:38",
            "label": "",
            "link": "",
            "position": "2558041",
            "replay": "replay"
        },
        {
            "change_type": "",
            "gameTime": "2 - 43:18",
            "label": "",
            "position": "2598298",
            "replay": "real-time"
        },
        {
            "change_type": "",
            "gameTime": "2 - 43:30",
            "label": "",
            "link": "",
            "position": "2610480",
            "replay": "replay"
        },
        {
            "change_type": "",
            "gameTime": "2 - 43:38",
            "label": "",
            "link": "",
            "position": "2618207",
            "replay": "replay"
        }
    ],
    "gameAwayTeam": "Atletico Madrid",
    "gameDate": "2020-02-01 - 18-00",
    "gameHomeTeam": "Real Madrid",
    "gameScore": "1 - 0"
}