{
    "UrlLocal": "europe_uefa-champions-league/2016-2017/2016-11-01 - 20-45 Besiktas 1 - 1 Napoli",
    "predictions": [
        {
            "gameTime": "1 - 0:0",
            "label": "Kick-off",
            "position": "0",
            "half": "1",
            "confidence": "0.9717593789100647"
        },
        {
            "gameTime": "1 - 0:10",
            "label": "Kick-off",
            "position": "10000",
            "half": "1",
            "confidence": "0.7748512625694275"
        },
        {
            "gameTime": "1 - 23:1",
            "label": "Substitution",
            "position": "1381000",
            "half": "1",
            "confidence": "0.7861696481704712"
        },
        {
            "gameTime": "1 - 1:40",
            "label": "Offside",
            "position": "100000",
            "half": "1",
            "confidence": "0.9209176898002625"
        },
        {
            "gameTime": "1 - 33:41",
            "label": "Offside",
            "position": "2021500",
            "half": "1",
            "confidence": "0.8025079369544983"
        },
        {
            "gameTime": "1 - 1:50",
            "label": "Offside",
            "position": "110000",
            "half": "1",
            "confidence": "0.7047951817512512"
        },
        {
            "gameTime": "1 - 33:28",
            "label": "Offside",
            "position": "2008000",
            "half": "1",
            "confidence": "0.5373963117599487"
        },
        {
            "gameTime": "1 - 16:35",
            "label": "Offside",
            "position": "995000",
            "half": "1",
            "confidence": "0.5146602988243103"
        },
        {
            "gameTime": "1 - 13:2",
            "label": "Shots on target",
            "position": "782500",
            "half": "1",
            "confidence": "0.5725371837615967"
        },
        {
            "gameTime": "1 - 28:48",
            "label": "Shots on target",
            "position": "1728000",
            "half": "1",
            "confidence": "0.5526248216629028"
        },
        {
            "gameTime": "1 - 28:43",
            "label": "Shots off target",
            "position": "1723500",
            "half": "1",
            "confidence": "0.5270844101905823"
        },
        {
            "gameTime": "1 - 36:57",
            "label": "Clearance",
            "position": "2217000",
            "half": "1",
            "confidence": "0.9355871081352234"
        },
        {
            "gameTime": "1 - 37:8",
            "label": "Clearance",
            "position": "2228500",
            "half": "1",
            "confidence": "0.8586883544921875"
        },
        {
            "gameTime": "1 - 18:0",
            "label": "Clearance",
            "position": "1080500",
            "half": "1",
            "confidence": "0.8305210471153259"
        },
        {
            "gameTime": "1 - 6:47",
            "label": "Clearance",
            "position": "407000",
            "half": "1",
            "confidence": "0.7706699371337891"
        },
        {
            "gameTime": "1 - 40:55",
            "label": "Clearance",
            "position": "2455500",
            "half": "1",
            "confidence": "0.7079500555992126"
        },
        {
            "gameTime": "1 - 41:5",
            "label": "Clearance",
            "position": "2465500",
            "half": "1",
            "confidence": "0.6616755723953247"
        },
        {
            "gameTime": "1 - 18:10",
            "label": "Clearance",
            "position": "1090500",
            "half": "1",
            "confidence": "0.508402943611145"
        },
        {
            "gameTime": "1 - 38:18",
            "label": "Ball out of play",
            "position": "2298500",
            "half": "1",
            "confidence": "0.8635147213935852"
        },
        {
            "gameTime": "1 - 11:47",
            "label": "Ball out of play",
            "position": "707000",
            "half": "1",
            "confidence": "0.8595708608627319"
        },
        {
            "gameTime": "1 - 6:28",
            "label": "Ball out of play",
            "position": "388500",
            "half": "1",
            "confidence": "0.8551774024963379"
        },
        {
            "gameTime": "1 - 19:17",
            "label": "Ball out of play",
            "position": "1157000",
            "half": "1",
            "confidence": "0.8524373769760132"
        },
        {
            "gameTime": "1 - 1:4",
            "label": "Ball out of play",
            "position": "64500",
            "half": "1",
            "confidence": "0.8513976335525513"
        },
        {
            "gameTime": "1 - 11:58",
            "label": "Ball out of play",
            "position": "718000",
            "half": "1",
            "confidence": "0.8396921157836914"
        },
        {
            "gameTime": "1 - 10:56",
            "label": "Ball out of play",
            "position": "656000",
            "half": "1",
            "confidence": "0.838774561882019"
        },
        {
            "gameTime": "1 - 24:46",
            "label": "Ball out of play",
            "position": "1486500",
            "half": "1",
            "confidence": "0.8335604667663574"
        },
        {
            "gameTime": "1 - 38:35",
            "label": "Ball out of play",
            "position": "2315000",
            "half": "1",
            "confidence": "0.82976895570755"
        },
        {
            "gameTime": "1 - 8:17",
            "label": "Ball out of play",
            "position": "497500",
            "half": "1",
            "confidence": "0.8277714848518372"
        },
        {
            "gameTime": "1 - 7:28",
            "label": "Ball out of play",
            "position": "448000",
            "half": "1",
            "confidence": "0.8194666504859924"
        },
        {
            "gameTime": "1 - 36:32",
            "label": "Ball out of play",
            "position": "2192500",
            "half": "1",
            "confidence": "0.8034683465957642"
        },
        {
            "gameTime": "1 - 0:49",
            "label": "Ball out of play",
            "position": "49000",
            "half": "1",
            "confidence": "0.8010671138763428"
        },
        {
            "gameTime": "1 - 23:15",
            "label": "Ball out of play",
            "position": "1395500",
            "half": "1",
            "confidence": "0.7864839434623718"
        },
        {
            "gameTime": "1 - 28:43",
            "label": "Ball out of play",
            "position": "1723500",
            "half": "1",
            "confidence": "0.7677949070930481"
        },
        {
            "gameTime": "1 - 2:12",
            "label": "Ball out of play",
            "position": "132500",
            "half": "1",
            "confidence": "0.7671256065368652"
        },
        {
            "gameTime": "1 - 30:46",
            "label": "Ball out of play",
            "position": "1846000",
            "half": "1",
            "confidence": "0.759614109992981"
        },
        {
            "gameTime": "1 - 15:48",
            "label": "Ball out of play",
            "position": "948500",
            "half": "1",
            "confidence": "0.7503033876419067"
        },
        {
            "gameTime": "1 - 40:44",
            "label": "Ball out of play",
            "position": "2444000",
            "half": "1",
            "confidence": "0.7492249011993408"
        },
        {
            "gameTime": "1 - 16:44",
            "label": "Ball out of play",
            "position": "1004000",
            "half": "1",
            "confidence": "0.7410897612571716"
        },
        {
            "gameTime": "1 - 32:35",
            "label": "Ball out of play",
            "position": "1955000",
            "half": "1",
            "confidence": "0.740969181060791"
        },
        {
            "gameTime": "1 - 42:31",
            "label": "Ball out of play",
            "position": "2551500",
            "half": "1",
            "confidence": "0.7392072081565857"
        },
        {
            "gameTime": "1 - 30:56",
            "label": "Ball out of play",
            "position": "1856500",
            "half": "1",
            "confidence": "0.7259881496429443"
        },
        {
            "gameTime": "1 - 2:38",
            "label": "Ball out of play",
            "position": "158000",
            "half": "1",
            "confidence": "0.7164961695671082"
        },
        {
            "gameTime": "1 - 5:18",
            "label": "Ball out of play",
            "position": "318500",
            "half": "1",
            "confidence": "0.7164879441261292"
        },
        {
            "gameTime": "1 - 12:14",
            "label": "Ball out of play",
            "position": "734500",
            "half": "1",
            "confidence": "0.7155806422233582"
        },
        {
            "gameTime": "1 - 7:17",
            "label": "Ball out of play",
            "position": "437500",
            "half": "1",
            "confidence": "0.7034385204315186"
        },
        {
            "gameTime": "1 - 6:38",
            "label": "Ball out of play",
            "position": "398500",
            "half": "1",
            "confidence": "0.6982825994491577"
        },
        {
            "gameTime": "1 - 11:6",
            "label": "Ball out of play",
            "position": "666500",
            "half": "1",
            "confidence": "0.694636881351471"
        },
        {
            "gameTime": "1 - 19:35",
            "label": "Ball out of play",
            "position": "1175500",
            "half": "1",
            "confidence": "0.6927056312561035"
        },
        {
            "gameTime": "1 - 13:4",
            "label": "Ball out of play",
            "position": "784500",
            "half": "1",
            "confidence": "0.6783648729324341"
        },
        {
            "gameTime": "1 - 19:47",
            "label": "Ball out of play",
            "position": "1187000",
            "half": "1",
            "confidence": "0.6724331974983215"
        },
        {
            "gameTime": "1 - 36:42",
            "label": "Ball out of play",
            "position": "2202500",
            "half": "1",
            "confidence": "0.6722698211669922"
        },
        {
            "gameTime": "1 - 39:3",
            "label": "Ball out of play",
            "position": "2343000",
            "half": "1",
            "confidence": "0.6701268553733826"
        },
        {
            "gameTime": "1 - 27:57",
            "label": "Ball out of play",
            "position": "1677000",
            "half": "1",
            "confidence": "0.6699738502502441"
        },
        {
            "gameTime": "1 - 19:6",
            "label": "Ball out of play",
            "position": "1146000",
            "half": "1",
            "confidence": "0.6594297289848328"
        },
        {
            "gameTime": "1 - 20:42",
            "label": "Ball out of play",
            "position": "1242500",
            "half": "1",
            "confidence": "0.654615044593811"
        },
        {
            "gameTime": "1 - 2:48",
            "label": "Ball out of play",
            "position": "168000",
            "half": "1",
            "confidence": "0.6349635720252991"
        },
        {
            "gameTime": "1 - 25:16",
            "label": "Ball out of play",
            "position": "1516500",
            "half": "1",
            "confidence": "0.6167868375778198"
        },
        {
            "gameTime": "1 - 2:1",
            "label": "Ball out of play",
            "position": "121500",
            "half": "1",
            "confidence": "0.6116898655891418"
        },
        {
            "gameTime": "1 - 10:35",
            "label": "Ball out of play",
            "position": "635000",
            "half": "1",
            "confidence": "0.5964029431343079"
        },
        {
            "gameTime": "1 - 17:33",
            "label": "Ball out of play",
            "position": "1053500",
            "half": "1",
            "confidence": "0.5950950384140015"
        },
        {
            "gameTime": "1 - 42:41",
            "label": "Ball out of play",
            "position": "2561500",
            "half": "1",
            "confidence": "0.5913678407669067"
        },
        {
            "gameTime": "1 - 8:39",
            "label": "Ball out of play",
            "position": "519500",
            "half": "1",
            "confidence": "0.5897125005722046"
        },
        {
            "gameTime": "1 - 22:30",
            "label": "Ball out of play",
            "position": "1350000",
            "half": "1",
            "confidence": "0.5800628662109375"
        },
        {
            "gameTime": "1 - 1:35",
            "label": "Ball out of play",
            "position": "95000",
            "half": "1",
            "confidence": "0.5649777054786682"
        },
        {
            "gameTime": "1 - 17:21",
            "label": "Ball out of play",
            "position": "1041000",
            "half": "1",
            "confidence": "0.5571020245552063"
        },
        {
            "gameTime": "1 - 36:13",
            "label": "Ball out of play",
            "position": "2173500",
            "half": "1",
            "confidence": "0.5451180338859558"
        },
        {
            "gameTime": "1 - 12:24",
            "label": "Ball out of play",
            "position": "744500",
            "half": "1",
            "confidence": "0.5411640405654907"
        },
        {
            "gameTime": "1 - 30:35",
            "label": "Ball out of play",
            "position": "1835500",
            "half": "1",
            "confidence": "0.5387709140777588"
        },
        {
            "gameTime": "1 - 39:17",
            "label": "Ball out of play",
            "position": "2357000",
            "half": "1",
            "confidence": "0.5303837060928345"
        },
        {
            "gameTime": "1 - 27:46",
            "label": "Ball out of play",
            "position": "1666500",
            "half": "1",
            "confidence": "0.5302804112434387"
        },
        {
            "gameTime": "1 - 15:38",
            "label": "Ball out of play",
            "position": "938000",
            "half": "1",
            "confidence": "0.527532160282135"
        },
        {
            "gameTime": "1 - 23:27",
            "label": "Ball out of play",
            "position": "1407500",
            "half": "1",
            "confidence": "0.5217313766479492"
        },
        {
            "gameTime": "1 - 5:8",
            "label": "Ball out of play",
            "position": "308000",
            "half": "1",
            "confidence": "0.5208248496055603"
        },
        {
            "gameTime": "1 - 8:27",
            "label": "Ball out of play",
            "position": "507500",
            "half": "1",
            "confidence": "0.5205357074737549"
        },
        {
            "gameTime": "1 - 30:43",
            "label": "Throw-in",
            "position": "1843500",
            "half": "1",
            "confidence": "0.9950124621391296"
        },
        {
            "gameTime": "1 - 42:31",
            "label": "Throw-in",
            "position": "2551500",
            "half": "1",
            "confidence": "0.9764565229415894"
        },
        {
            "gameTime": "1 - 2:47",
            "label": "Throw-in",
            "position": "167500",
            "half": "1",
            "confidence": "0.9731974601745605"
        },
        {
            "gameTime": "1 - 23:21",
            "label": "Throw-in",
            "position": "1401000",
            "half": "1",
            "confidence": "0.9728201627731323"
        },
        {
            "gameTime": "1 - 30:54",
            "label": "Throw-in",
            "position": "1854000",
            "half": "1",
            "confidence": "0.9613929390907288"
        },
        {
            "gameTime": "1 - 11:36",
            "label": "Throw-in",
            "position": "696500",
            "half": "1",
            "confidence": "0.9611223936080933"
        },
        {
            "gameTime": "1 - 20:51",
            "label": "Throw-in",
            "position": "1251500",
            "half": "1",
            "confidence": "0.9580992460250854"
        },
        {
            "gameTime": "1 - 12:10",
            "label": "Throw-in",
            "position": "730500",
            "half": "1",
            "confidence": "0.9565014839172363"
        },
        {
            "gameTime": "1 - 2:20",
            "label": "Throw-in",
            "position": "140500",
            "half": "1",
            "confidence": "0.9555246233940125"
        },
        {
            "gameTime": "1 - 42:42",
            "label": "Throw-in",
            "position": "2562500",
            "half": "1",
            "confidence": "0.9497389197349548"
        },
        {
            "gameTime": "1 - 2:10",
            "label": "Throw-in",
            "position": "130000",
            "half": "1",
            "confidence": "0.9398007392883301"
        },
        {
            "gameTime": "1 - 2:36",
            "label": "Throw-in",
            "position": "156500",
            "half": "1",
            "confidence": "0.9263579249382019"
        },
        {
            "gameTime": "1 - 38:37",
            "label": "Throw-in",
            "position": "2317000",
            "half": "1",
            "confidence": "0.9182132482528687"
        },
        {
            "gameTime": "1 - 12:20",
            "label": "Throw-in",
            "position": "740500",
            "half": "1",
            "confidence": "0.910642683506012"
        },
        {
            "gameTime": "1 - 8:39",
            "label": "Throw-in",
            "position": "519500",
            "half": "1",
            "confidence": "0.9101872444152832"
        },
        {
            "gameTime": "1 - 20:41",
            "label": "Throw-in",
            "position": "1241000",
            "half": "1",
            "confidence": "0.8788528442382812"
        },
        {
            "gameTime": "1 - 11:24",
            "label": "Throw-in",
            "position": "684000",
            "half": "1",
            "confidence": "0.8621900081634521"
        },
        {
            "gameTime": "1 - 38:26",
            "label": "Throw-in",
            "position": "2306000",
            "half": "1",
            "confidence": "0.8393637537956238"
        },
        {
            "gameTime": "1 - 12:35",
            "label": "Throw-in",
            "position": "755000",
            "half": "1",
            "confidence": "0.8384342193603516"
        },
        {
            "gameTime": "1 - 23:36",
            "label": "Throw-in",
            "position": "1416500",
            "half": "1",
            "confidence": "0.8328457474708557"
        },
        {
            "gameTime": "1 - 0:41",
            "label": "Throw-in",
            "position": "41000",
            "half": "1",
            "confidence": "0.8032596707344055"
        },
        {
            "gameTime": "1 - 8:24",
            "label": "Throw-in",
            "position": "504500",
            "half": "1",
            "confidence": "0.753088653087616"
        },
        {
            "gameTime": "1 - 11:48",
            "label": "Throw-in",
            "position": "708000",
            "half": "1",
            "confidence": "0.7487544417381287"
        },
        {
            "gameTime": "1 - 1:57",
            "label": "Throw-in",
            "position": "117000",
            "half": "1",
            "confidence": "0.7133116126060486"
        },
        {
            "gameTime": "1 - 11:6",
            "label": "Throw-in",
            "position": "666500",
            "half": "1",
            "confidence": "0.6568877100944519"
        },
        {
            "gameTime": "1 - 7:32",
            "label": "Throw-in",
            "position": "452000",
            "half": "1",
            "confidence": "0.646332323551178"
        },
        {
            "gameTime": "1 - 36:24",
            "label": "Throw-in",
            "position": "2184000",
            "half": "1",
            "confidence": "0.6129612922668457"
        },
        {
            "gameTime": "1 - 10:55",
            "label": "Throw-in",
            "position": "655500",
            "half": "1",
            "confidence": "0.593567430973053"
        },
        {
            "gameTime": "1 - 27:55",
            "label": "Throw-in",
            "position": "1675000",
            "half": "1",
            "confidence": "0.5906975865364075"
        },
        {
            "gameTime": "1 - 23:10",
            "label": "Throw-in",
            "position": "1390500",
            "half": "1",
            "confidence": "0.5469620823860168"
        },
        {
            "gameTime": "1 - 34:15",
            "label": "Foul",
            "position": "2055000",
            "half": "1",
            "confidence": "0.7882587909698486"
        },
        {
            "gameTime": "1 - 27:20",
            "label": "Foul",
            "position": "1640500",
            "half": "1",
            "confidence": "0.5875229239463806"
        },
        {
            "gameTime": "1 - 4:15",
            "label": "Foul",
            "position": "255000",
            "half": "1",
            "confidence": "0.5038965940475464"
        },
        {
            "gameTime": "1 - 9:44",
            "label": "Indirect free-kick",
            "position": "584500",
            "half": "1",
            "confidence": "0.71119225025177"
        },
        {
            "gameTime": "1 - 31:54",
            "label": "Indirect free-kick",
            "position": "1914000",
            "half": "1",
            "confidence": "0.6306979656219482"
        },
        {
            "gameTime": "1 - 9:54",
            "label": "Indirect free-kick",
            "position": "594500",
            "half": "1",
            "confidence": "0.6072883605957031"
        },
        {
            "gameTime": "1 - 5:29",
            "label": "Indirect free-kick",
            "position": "329500",
            "half": "1",
            "confidence": "0.5921156406402588"
        },
        {
            "gameTime": "1 - 34:14",
            "label": "Indirect free-kick",
            "position": "2054000",
            "half": "1",
            "confidence": "0.5490971803665161"
        },
        {
            "gameTime": "1 - 4:35",
            "label": "Indirect free-kick",
            "position": "275500",
            "half": "1",
            "confidence": "0.5254918336868286"
        },
        {
            "gameTime": "1 - 17:18",
            "label": "Corner",
            "position": "1038000",
            "half": "1",
            "confidence": "0.9806628823280334"
        },
        {
            "gameTime": "1 - 25:11",
            "label": "Corner",
            "position": "1511000",
            "half": "1",
            "confidence": "0.9626502990722656"
        },
        {
            "gameTime": "1 - 17:34",
            "label": "Corner",
            "position": "1054000",
            "half": "1",
            "confidence": "0.9575929641723633"
        },
        {
            "gameTime": "1 - 16:9",
            "label": "Corner",
            "position": "969500",
            "half": "1",
            "confidence": "0.9570308327674866"
        },
        {
            "gameTime": "1 - 17:7",
            "label": "Corner",
            "position": "1027500",
            "half": "1",
            "confidence": "0.93516606092453"
        },
        {
            "gameTime": "1 - 25:21",
            "label": "Corner",
            "position": "1521000",
            "half": "1",
            "confidence": "0.9268098473548889"
        },
        {
            "gameTime": "1 - 15:59",
            "label": "Corner",
            "position": "959000",
            "half": "1",
            "confidence": "0.9207632541656494"
        },
        {
            "gameTime": "1 - 17:44",
            "label": "Corner",
            "position": "1064000",
            "half": "1",
            "confidence": "0.920558750629425"
        },
        {
            "gameTime": "2 - 32:57",
            "label": "Penalty",
            "position": "1977000",
            "half": "2",
            "confidence": "0.5580511689186096"
        },
        {
            "gameTime": "2 - 0:0",
            "label": "Kick-off",
            "position": "500",
            "half": "2",
            "confidence": "0.9988246560096741"
        },
        {
            "gameTime": "2 - 37:1",
            "label": "Kick-off",
            "position": "2221000",
            "half": "2",
            "confidence": "0.9876296520233154"
        },
        {
            "gameTime": "2 - 33:34",
            "label": "Kick-off",
            "position": "2014500",
            "half": "2",
            "confidence": "0.7787292003631592"
        },
        {
            "gameTime": "2 - 36:50",
            "label": "Kick-off",
            "position": "2210500",
            "half": "2",
            "confidence": "0.7353059649467468"
        },
        {
            "gameTime": "2 - 0:10",
            "label": "Kick-off",
            "position": "10500",
            "half": "2",
            "confidence": "0.6885070204734802"
        },
        {
            "gameTime": "2 - 34:10",
            "label": "Kick-off",
            "position": "2050500",
            "half": "2",
            "confidence": "0.6700584888458252"
        },
        {
            "gameTime": "2 - 33:0",
            "label": "Goal",
            "position": "1980500",
            "half": "2",
            "confidence": "0.9957097768783569"
        },
        {
            "gameTime": "2 - 33:10",
            "label": "Goal",
            "position": "1990500",
            "half": "2",
            "confidence": "0.840297281742096"
        },
        {
            "gameTime": "2 - 36:22",
            "label": "Goal",
            "position": "2182500",
            "half": "2",
            "confidence": "0.7994100451469421"
        },
        {
            "gameTime": "2 - 17:17",
            "label": "Goal",
            "position": "1037500",
            "half": "2",
            "confidence": "0.6737669110298157"
        },
        {
            "gameTime": "2 - 17:40",
            "label": "Substitution",
            "position": "1060500",
            "half": "2",
            "confidence": "0.9922176599502563"
        },
        {
            "gameTime": "2 - 20:5",
            "label": "Substitution",
            "position": "1205500",
            "half": "2",
            "confidence": "0.9878828525543213"
        },
        {
            "gameTime": "2 - 35:13",
            "label": "Substitution",
            "position": "2113500",
            "half": "2",
            "confidence": "0.94359290599823"
        },
        {
            "gameTime": "2 - 17:50",
            "label": "Substitution",
            "position": "1070500",
            "half": "2",
            "confidence": "0.9165647625923157"
        },
        {
            "gameTime": "2 - 20:15",
            "label": "Substitution",
            "position": "1215500",
            "half": "2",
            "confidence": "0.5437048673629761"
        },
        {
            "gameTime": "2 - 3:7",
            "label": "Shots on target",
            "position": "187500",
            "half": "2",
            "confidence": "0.8239519000053406"
        },
        {
            "gameTime": "2 - 2:55",
            "label": "Shots on target",
            "position": "175500",
            "half": "2",
            "confidence": "0.7835081219673157"
        },
        {
            "gameTime": "2 - 33:3",
            "label": "Shots on target",
            "position": "1983000",
            "half": "2",
            "confidence": "0.7807624936103821"
        },
        {
            "gameTime": "2 - 17:12",
            "label": "Shots on target",
            "position": "1032000",
            "half": "2",
            "confidence": "0.7714614272117615"
        },
        {
            "gameTime": "2 - 10:49",
            "label": "Shots on target",
            "position": "649500",
            "half": "2",
            "confidence": "0.6822680830955505"
        },
        {
            "gameTime": "2 - 32:52",
            "label": "Shots on target",
            "position": "1972500",
            "half": "2",
            "confidence": "0.5988842248916626"
        },
        {
            "gameTime": "2 - 22:59",
            "label": "Shots on target",
            "position": "1379500",
            "half": "2",
            "confidence": "0.5098775029182434"
        },
        {
            "gameTime": "2 - 6:16",
            "label": "Clearance",
            "position": "376000",
            "half": "2",
            "confidence": "0.9787701368331909"
        },
        {
            "gameTime": "2 - 6:26",
            "label": "Clearance",
            "position": "386000",
            "half": "2",
            "confidence": "0.8658003807067871"
        },
        {
            "gameTime": "2 - 23:24",
            "label": "Clearance",
            "position": "1404500",
            "half": "2",
            "confidence": "0.7487248182296753"
        },
        {
            "gameTime": "2 - 18:0",
            "label": "Clearance",
            "position": "1080000",
            "half": "2",
            "confidence": "0.6994715332984924"
        },
        {
            "gameTime": "2 - 18:10",
            "label": "Clearance",
            "position": "1090000",
            "half": "2",
            "confidence": "0.5455644726753235"
        },
        {
            "gameTime": "2 - 36:52",
            "label": "Clearance",
            "position": "2212500",
            "half": "2",
            "confidence": "0.5291248559951782"
        },
        {
            "gameTime": "2 - 25:38",
            "label": "Ball out of play",
            "position": "1538000",
            "half": "2",
            "confidence": "0.9636712670326233"
        },
        {
            "gameTime": "2 - 31:53",
            "label": "Ball out of play",
            "position": "1913500",
            "half": "2",
            "confidence": "0.9125398397445679"
        },
        {
            "gameTime": "2 - 10:14",
            "label": "Ball out of play",
            "position": "614000",
            "half": "2",
            "confidence": "0.892274796962738"
        },
        {
            "gameTime": "2 - 2:34",
            "label": "Ball out of play",
            "position": "154500",
            "half": "2",
            "confidence": "0.8905240297317505"
        },
        {
            "gameTime": "2 - 25:49",
            "label": "Ball out of play",
            "position": "1549500",
            "half": "2",
            "confidence": "0.8834081292152405"
        },
        {
            "gameTime": "2 - 10:42",
            "label": "Ball out of play",
            "position": "642500",
            "half": "2",
            "confidence": "0.8600123524665833"
        },
        {
            "gameTime": "2 - 27:8",
            "label": "Ball out of play",
            "position": "1628000",
            "half": "2",
            "confidence": "0.8488664031028748"
        },
        {
            "gameTime": "2 - 25:27",
            "label": "Ball out of play",
            "position": "1527500",
            "half": "2",
            "confidence": "0.8295407295227051"
        },
        {
            "gameTime": "2 - 35:50",
            "label": "Ball out of play",
            "position": "2150500",
            "half": "2",
            "confidence": "0.8082934617996216"
        },
        {
            "gameTime": "2 - 30:27",
            "label": "Ball out of play",
            "position": "1827000",
            "half": "2",
            "confidence": "0.7969602942466736"
        },
        {
            "gameTime": "2 - 36:6",
            "label": "Ball out of play",
            "position": "2166500",
            "half": "2",
            "confidence": "0.7957134246826172"
        },
        {
            "gameTime": "2 - 29:0",
            "label": "Ball out of play",
            "position": "1740500",
            "half": "2",
            "confidence": "0.7939994931221008"
        },
        {
            "gameTime": "2 - 2:52",
            "label": "Ball out of play",
            "position": "172000",
            "half": "2",
            "confidence": "0.7830538153648376"
        },
        {
            "gameTime": "2 - 14:48",
            "label": "Ball out of play",
            "position": "888000",
            "half": "2",
            "confidence": "0.7494874000549316"
        },
        {
            "gameTime": "2 - 15:29",
            "label": "Ball out of play",
            "position": "929500",
            "half": "2",
            "confidence": "0.74395751953125"
        },
        {
            "gameTime": "2 - 19:39",
            "label": "Ball out of play",
            "position": "1179500",
            "half": "2",
            "confidence": "0.7297255396842957"
        },
        {
            "gameTime": "2 - 16:33",
            "label": "Ball out of play",
            "position": "993500",
            "half": "2",
            "confidence": "0.7234259843826294"
        },
        {
            "gameTime": "2 - 10:3",
            "label": "Ball out of play",
            "position": "603500",
            "half": "2",
            "confidence": "0.7104707360267639"
        },
        {
            "gameTime": "2 - 26:35",
            "label": "Ball out of play",
            "position": "1595500",
            "half": "2",
            "confidence": "0.7093321084976196"
        },
        {
            "gameTime": "2 - 30:16",
            "label": "Ball out of play",
            "position": "1816500",
            "half": "2",
            "confidence": "0.7065655589103699"
        },
        {
            "gameTime": "2 - 17:9",
            "label": "Ball out of play",
            "position": "1029500",
            "half": "2",
            "confidence": "0.7053375840187073"
        },
        {
            "gameTime": "2 - 5:56",
            "label": "Ball out of play",
            "position": "356500",
            "half": "2",
            "confidence": "0.7007623314857483"
        },
        {
            "gameTime": "2 - 35:40",
            "label": "Ball out of play",
            "position": "2140000",
            "half": "2",
            "confidence": "0.6950774788856506"
        },
        {
            "gameTime": "2 - 15:18",
            "label": "Ball out of play",
            "position": "918500",
            "half": "2",
            "confidence": "0.6944435834884644"
        },
        {
            "gameTime": "2 - 12:20",
            "label": "Ball out of play",
            "position": "740500",
            "half": "2",
            "confidence": "0.6830739974975586"
        },
        {
            "gameTime": "2 - 25:59",
            "label": "Ball out of play",
            "position": "1559500",
            "half": "2",
            "confidence": "0.6787581443786621"
        },
        {
            "gameTime": "2 - 32:57",
            "label": "Ball out of play",
            "position": "1977500",
            "half": "2",
            "confidence": "0.6715399026870728"
        },
        {
            "gameTime": "2 - 14:58",
            "label": "Ball out of play",
            "position": "898000",
            "half": "2",
            "confidence": "0.6707078814506531"
        },
        {
            "gameTime": "2 - 2:23",
            "label": "Ball out of play",
            "position": "143500",
            "half": "2",
            "confidence": "0.6700723767280579"
        },
        {
            "gameTime": "2 - 10:52",
            "label": "Ball out of play",
            "position": "652500",
            "half": "2",
            "confidence": "0.6673285365104675"
        },
        {
            "gameTime": "2 - 16:43",
            "label": "Ball out of play",
            "position": "1003500",
            "half": "2",
            "confidence": "0.6446928381919861"
        },
        {
            "gameTime": "2 - 9:27",
            "label": "Ball out of play",
            "position": "567500",
            "half": "2",
            "confidence": "0.6440668702125549"
        },
        {
            "gameTime": "2 - 15:39",
            "label": "Ball out of play",
            "position": "939500",
            "half": "2",
            "confidence": "0.6350877285003662"
        },
        {
            "gameTime": "2 - 3:31",
            "label": "Ball out of play",
            "position": "211500",
            "half": "2",
            "confidence": "0.6254744529724121"
        },
        {
            "gameTime": "2 - 16:59",
            "label": "Ball out of play",
            "position": "1019000",
            "half": "2",
            "confidence": "0.6227242946624756"
        },
        {
            "gameTime": "2 - 34:58",
            "label": "Ball out of play",
            "position": "2098000",
            "half": "2",
            "confidence": "0.6198015809059143"
        },
        {
            "gameTime": "2 - 5:45",
            "label": "Ball out of play",
            "position": "345500",
            "half": "2",
            "confidence": "0.6184321045875549"
        },
        {
            "gameTime": "2 - 27:47",
            "label": "Ball out of play",
            "position": "1667000",
            "half": "2",
            "confidence": "0.6172201633453369"
        },
        {
            "gameTime": "2 - 8:5",
            "label": "Ball out of play",
            "position": "485500",
            "half": "2",
            "confidence": "0.6042605042457581"
        },
        {
            "gameTime": "2 - 24:18",
            "label": "Ball out of play",
            "position": "1458500",
            "half": "2",
            "confidence": "0.5970457196235657"
        },
        {
            "gameTime": "2 - 14:35",
            "label": "Ball out of play",
            "position": "875500",
            "half": "2",
            "confidence": "0.5816535949707031"
        },
        {
            "gameTime": "2 - 5:13",
            "label": "Ball out of play",
            "position": "313500",
            "half": "2",
            "confidence": "0.5782492160797119"
        },
        {
            "gameTime": "2 - 9:39",
            "label": "Ball out of play",
            "position": "579000",
            "half": "2",
            "confidence": "0.5780189037322998"
        },
        {
            "gameTime": "2 - 32:3",
            "label": "Ball out of play",
            "position": "1923500",
            "half": "2",
            "confidence": "0.5743723511695862"
        },
        {
            "gameTime": "2 - 12:3",
            "label": "Ball out of play",
            "position": "723500",
            "half": "2",
            "confidence": "0.5556455254554749"
        },
        {
            "gameTime": "2 - 30:45",
            "label": "Ball out of play",
            "position": "1845000",
            "half": "2",
            "confidence": "0.5504456162452698"
        },
        {
            "gameTime": "2 - 5:23",
            "label": "Ball out of play",
            "position": "323500",
            "half": "2",
            "confidence": "0.5384232401847839"
        },
        {
            "gameTime": "2 - 41:10",
            "label": "Ball out of play",
            "position": "2470000",
            "half": "2",
            "confidence": "0.5305119752883911"
        },
        {
            "gameTime": "2 - 6:37",
            "label": "Ball out of play",
            "position": "397500",
            "half": "2",
            "confidence": "0.5234453082084656"
        },
        {
            "gameTime": "2 - 24:28",
            "label": "Ball out of play",
            "position": "1468500",
            "half": "2",
            "confidence": "0.5043041110038757"
        },
        {
            "gameTime": "2 - 15:29",
            "label": "Throw-in",
            "position": "929000",
            "half": "2",
            "confidence": "0.9933505654335022"
        },
        {
            "gameTime": "2 - 15:39",
            "label": "Throw-in",
            "position": "939000",
            "half": "2",
            "confidence": "0.991579532623291"
        },
        {
            "gameTime": "2 - 25:32",
            "label": "Throw-in",
            "position": "1532500",
            "half": "2",
            "confidence": "0.9773129224777222"
        },
        {
            "gameTime": "2 - 25:20",
            "label": "Throw-in",
            "position": "1520000",
            "half": "2",
            "confidence": "0.9764877557754517"
        },
        {
            "gameTime": "2 - 15:18",
            "label": "Throw-in",
            "position": "918500",
            "half": "2",
            "confidence": "0.9755293130874634"
        },
        {
            "gameTime": "2 - 36:3",
            "label": "Throw-in",
            "position": "2163000",
            "half": "2",
            "confidence": "0.9734718203544617"
        },
        {
            "gameTime": "2 - 14:51",
            "label": "Throw-in",
            "position": "891000",
            "half": "2",
            "confidence": "0.9596225023269653"
        },
        {
            "gameTime": "2 - 25:58",
            "label": "Throw-in",
            "position": "1558500",
            "half": "2",
            "confidence": "0.9527514576911926"
        },
        {
            "gameTime": "2 - 35:52",
            "label": "Throw-in",
            "position": "2152500",
            "half": "2",
            "confidence": "0.9498504400253296"
        },
        {
            "gameTime": "2 - 35:6",
            "label": "Throw-in",
            "position": "2106500",
            "half": "2",
            "confidence": "0.9408838748931885"
        },
        {
            "gameTime": "2 - 29:2",
            "label": "Throw-in",
            "position": "1742500",
            "half": "2",
            "confidence": "0.9360131621360779"
        },
        {
            "gameTime": "2 - 20:12",
            "label": "Throw-in",
            "position": "1212500",
            "half": "2",
            "confidence": "0.903980553150177"
        },
        {
            "gameTime": "2 - 3:26",
            "label": "Throw-in",
            "position": "206000",
            "half": "2",
            "confidence": "0.8990219235420227"
        },
        {
            "gameTime": "2 - 41:20",
            "label": "Throw-in",
            "position": "2480500",
            "half": "2",
            "confidence": "0.8924453854560852"
        },
        {
            "gameTime": "2 - 25:43",
            "label": "Throw-in",
            "position": "1543500",
            "half": "2",
            "confidence": "0.8673456311225891"
        },
        {
            "gameTime": "2 - 3:36",
            "label": "Throw-in",
            "position": "216000",
            "half": "2",
            "confidence": "0.8572759628295898"
        },
        {
            "gameTime": "2 - 20:22",
            "label": "Throw-in",
            "position": "1222500",
            "half": "2",
            "confidence": "0.833886981010437"
        },
        {
            "gameTime": "2 - 19:42",
            "label": "Throw-in",
            "position": "1182000",
            "half": "2",
            "confidence": "0.7536861300468445"
        },
        {
            "gameTime": "2 - 14:36",
            "label": "Throw-in",
            "position": "876000",
            "half": "2",
            "confidence": "0.7516043186187744"
        },
        {
            "gameTime": "2 - 9:39",
            "label": "Throw-in",
            "position": "579000",
            "half": "2",
            "confidence": "0.6950559020042419"
        },
        {
            "gameTime": "2 - 29:12",
            "label": "Throw-in",
            "position": "1752500",
            "half": "2",
            "confidence": "0.677488386631012"
        },
        {
            "gameTime": "2 - 39:8",
            "label": "Throw-in",
            "position": "2348500",
            "half": "2",
            "confidence": "0.6637706160545349"
        },
        {
            "gameTime": "2 - 35:40",
            "label": "Throw-in",
            "position": "2140000",
            "half": "2",
            "confidence": "0.6571998596191406"
        },
        {
            "gameTime": "2 - 35:16",
            "label": "Throw-in",
            "position": "2116500",
            "half": "2",
            "confidence": "0.618272066116333"
        },
        {
            "gameTime": "2 - 35:29",
            "label": "Throw-in",
            "position": "2129500",
            "half": "2",
            "confidence": "0.5501654148101807"
        },
        {
            "gameTime": "2 - 19:52",
            "label": "Throw-in",
            "position": "1192500",
            "half": "2",
            "confidence": "0.545572817325592"
        },
        {
            "gameTime": "2 - 43:16",
            "label": "Throw-in",
            "position": "2596000",
            "half": "2",
            "confidence": "0.5053437948226929"
        },
        {
            "gameTime": "2 - 11:18",
            "label": "Foul",
            "position": "678500",
            "half": "2",
            "confidence": "0.6851935386657715"
        },
        {
            "gameTime": "2 - 1:54",
            "label": "Foul",
            "position": "114000",
            "half": "2",
            "confidence": "0.6739237904548645"
        },
        {
            "gameTime": "2 - 2:11",
            "label": "Indirect free-kick",
            "position": "131000",
            "half": "2",
            "confidence": "0.7845107316970825"
        },
        {
            "gameTime": "2 - 31:25",
            "label": "Indirect free-kick",
            "position": "1885500",
            "half": "2",
            "confidence": "0.5361437797546387"
        },
        {
            "gameTime": "2 - 11:37",
            "label": "Indirect free-kick",
            "position": "697000",
            "half": "2",
            "confidence": "0.5344451069831848"
        },
        {
            "gameTime": "2 - 30:40",
            "label": "Corner",
            "position": "1840500",
            "half": "2",
            "confidence": "0.9940872192382812"
        },
        {
            "gameTime": "2 - 16:59",
            "label": "Corner",
            "position": "1019500",
            "half": "2",
            "confidence": "0.9481827616691589"
        },
        {
            "gameTime": "2 - 29:58",
            "label": "Corner",
            "position": "1798000",
            "half": "2",
            "confidence": "0.835547924041748"
        },
        {
            "gameTime": "2 - 30:8",
            "label": "Corner",
            "position": "1808000",
            "half": "2",
            "confidence": "0.6096181273460388"
        },
        {
            "gameTime": "2 - 10:41",
            "label": "Corner",
            "position": "641000",
            "half": "2",
            "confidence": "0.5743508338928223"
        },
        {
            "gameTime": "2 - 27:2",
            "label": "Corner",
            "position": "1622000",
            "half": "2",
            "confidence": "0.5713438987731934"
        },
        {
            "gameTime": "2 - 2:53",
            "label": "Corner",
            "position": "173500",
            "half": "2",
            "confidence": "0.5309460163116455"
        },
        {
            "gameTime": "2 - 11:22",
            "label": "Yellow card",
            "position": "682000",
            "half": "2",
            "confidence": "0.9613913893699646"
        },
        {
            "gameTime": "2 - 2:3",
            "label": "Yellow card",
            "position": "123000",
            "half": "2",
            "confidence": "0.9512224197387695"
        },
        {
            "gameTime": "2 - 11:33",
            "label": "Yellow card",
            "position": "693000",
            "half": "2",
            "confidence": "0.9403128623962402"
        },
        {
            "gameTime": "2 - 1:52",
            "label": "Yellow card",
            "position": "112500",
            "half": "2",
            "confidence": "0.859070360660553"
        },
        {
            "gameTime": "2 - 2:13",
            "label": "Yellow card",
            "position": "133000",
            "half": "2",
            "confidence": "0.5405091047286987"
        }
    ]
}