{
    "UrlLocal": "england_epl/2016-2017/2017-05-13 - 18-00 Stoke City 1 - 4 Arsenal",
    "predictions": [
        {
            "gameTime": "1 - 27:31",
            "label": "card",
            "position": "1651500",
            "half": "1",
            "confidence": "0.6654132604598999"
        },
        {
            "gameTime": "1 - 42:27",
            "label": "subs",
            "position": "2547500",
            "half": "1",
            "confidence": "0.5655598640441895"
        },
        {
            "gameTime": "1 - 8:5",
            "label": "soccer",
            "position": "485500",
            "half": "1",
            "confidence": "0.7597545385360718"
        },
        {
            "gameTime": "1 - 41:36",
            "label": "soccer",
            "position": "2496500",
            "half": "1",
            "confidence": "0.6341320276260376"
        },
        {
            "gameTime": "1 - 8:15",
            "label": "soccer",
            "position": "495500",
            "half": "1",
            "confidence": "0.5043348670005798"
        },
        {
            "gameTime": "2 - 15:33",
            "label": "card",
            "position": "933000",
            "half": "2",
            "confidence": "0.5107594132423401"
        },
        {
            "gameTime": "2 - 17:17",
            "label": "card",
            "position": "1037500",
            "half": "2",
            "confidence": "0.5064548850059509"
        },
        {
            "gameTime": "2 - 38:7",
            "label": "subs",
            "position": "2287000",
            "half": "2",
            "confidence": "0.9670377969741821"
        },
        {
            "gameTime": "2 - 31:24",
            "label": "subs",
            "position": "1884000",
            "half": "2",
            "confidence": "0.9580388069152832"
        },
        {
            "gameTime": "2 - 14:40",
            "label": "subs",
            "position": "880500",
            "half": "2",
            "confidence": "0.928199827671051"
        },
        {
            "gameTime": "2 - 37:56",
            "label": "subs",
            "position": "2276500",
            "half": "2",
            "confidence": "0.9205076098442078"
        },
        {
            "gameTime": "2 - 14:50",
            "label": "subs",
            "position": "890500",
            "half": "2",
            "confidence": "0.8901151418685913"
        },
        {
            "gameTime": "2 - 15:17",
            "label": "subs",
            "position": "917000",
            "half": "2",
            "confidence": "0.873559296131134"
        },
        {
            "gameTime": "2 - 37:25",
            "label": "subs",
            "position": "2245000",
            "half": "2",
            "confidence": "0.8260905742645264"
        },
        {
            "gameTime": "2 - 15:6",
            "label": "subs",
            "position": "906500",
            "half": "2",
            "confidence": "0.7994121313095093"
        },
        {
            "gameTime": "2 - 37:39",
            "label": "subs",
            "position": "2259000",
            "half": "2",
            "confidence": "0.7566469311714172"
        },
        {
            "gameTime": "2 - 35:58",
            "label": "subs",
            "position": "2158000",
            "half": "2",
            "confidence": "0.5253833532333374"
        },
        {
            "gameTime": "2 - 21:44",
            "label": "soccer",
            "position": "1304500",
            "half": "2",
            "confidence": "0.8061302900314331"
        },
        {
            "gameTime": "2 - 34:11",
            "label": "soccer",
            "position": "2051000",
            "half": "2",
            "confidence": "0.7634336352348328"
        },
        {
            "gameTime": "2 - 16:26",
            "label": "soccer",
            "position": "986000",
            "half": "2",
            "confidence": "0.6988028287887573"
        }
    ]
}