{
    "UrlLocal": "europe_uefa-champions-league/2016-2017/2017-04-11 - 18-00 Juventus 3 - 0 Barcelona",
    "predictions": [
        {
            "gameTime": "1 - 27:32",
            "label": "card",
            "position": "1652500",
            "half": "1",
            "confidence": "0.9481675624847412"
        },
        {
            "gameTime": "1 - 27:42",
            "label": "card",
            "position": "1662500",
            "half": "1",
            "confidence": "0.8856961727142334"
        },
        {
            "gameTime": "1 - 33:39",
            "label": "subs",
            "position": "2019000",
            "half": "1",
            "confidence": "0.5282925367355347"
        },
        {
            "gameTime": "1 - 21:33",
            "label": "soccer",
            "position": "1293000",
            "half": "1",
            "confidence": "0.9737275242805481"
        },
        {
            "gameTime": "1 - 6:41",
            "label": "soccer",
            "position": "401500",
            "half": "1",
            "confidence": "0.9721687436103821"
        },
        {
            "gameTime": "1 - 21:43",
            "label": "soccer",
            "position": "1303000",
            "half": "1",
            "confidence": "0.9111484885215759"
        },
        {
            "gameTime": "1 - 20:17",
            "label": "soccer",
            "position": "1217000",
            "half": "1",
            "confidence": "0.7847913503646851"
        },
        {
            "gameTime": "1 - 11:50",
            "label": "soccer",
            "position": "710500",
            "half": "1",
            "confidence": "0.5249927043914795"
        },
        {
            "gameTime": "2 - 28:5",
            "label": "card",
            "position": "1685000",
            "half": "2",
            "confidence": "0.9684768915176392"
        },
        {
            "gameTime": "2 - 28:15",
            "label": "card",
            "position": "1695000",
            "half": "2",
            "confidence": "0.8798692226409912"
        },
        {
            "gameTime": "2 - 27:29",
            "label": "subs",
            "position": "1649500",
            "half": "2",
            "confidence": "0.9313090443611145"
        },
        {
            "gameTime": "2 - 35:43",
            "label": "subs",
            "position": "2143000",
            "half": "2",
            "confidence": "0.9170994758605957"
        },
        {
            "gameTime": "2 - 43:37",
            "label": "subs",
            "position": "2617500",
            "half": "2",
            "confidence": "0.8552310466766357"
        },
        {
            "gameTime": "2 - 27:39",
            "label": "subs",
            "position": "1659500",
            "half": "2",
            "confidence": "0.8251714706420898"
        },
        {
            "gameTime": "2 - 45:39",
            "label": "subs",
            "position": "2739000",
            "half": "2",
            "confidence": "0.7588406801223755"
        },
        {
            "gameTime": "2 - 27:19",
            "label": "subs",
            "position": "1639000",
            "half": "2",
            "confidence": "0.7580843567848206"
        },
        {
            "gameTime": "2 - 35:32",
            "label": "subs",
            "position": "2132500",
            "half": "2",
            "confidence": "0.7347756028175354"
        },
        {
            "gameTime": "2 - 43:27",
            "label": "subs",
            "position": "2607000",
            "half": "2",
            "confidence": "0.6685759425163269"
        },
        {
            "gameTime": "2 - 39:49",
            "label": "subs",
            "position": "2389500",
            "half": "2",
            "confidence": "0.5474919080734253"
        },
        {
            "gameTime": "2 - 9:46",
            "label": "soccer",
            "position": "586500",
            "half": "2",
            "confidence": "0.9395326375961304"
        },
        {
            "gameTime": "2 - 49:37",
            "label": "soccer",
            "position": "2977500",
            "half": "2",
            "confidence": "0.9306515455245972"
        },
        {
            "gameTime": "2 - 32:19",
            "label": "soccer",
            "position": "1939000",
            "half": "2",
            "confidence": "0.9185225367546082"
        },
        {
            "gameTime": "2 - 32:37",
            "label": "soccer",
            "position": "1957000",
            "half": "2",
            "confidence": "0.8273751735687256"
        }
    ]
}