{
    "UrlLocal": "italy_serie-a/2016-2017/2016-09-11 - 16-00 AC Milan 0 - 1 Udinese",
    "predictions": [
        {
            "gameTime": "1 - 0:0",
            "label": "Kick-off",
            "position": "0",
            "half": "1",
            "confidence": "0.736032247543335"
        },
        {
            "gameTime": "1 - 30:1",
            "label": "Goal",
            "position": "1801000",
            "half": "1",
            "confidence": "0.6233571171760559"
        },
        {
            "gameTime": "1 - 4:55",
            "label": "Goal",
            "position": "295500",
            "half": "1",
            "confidence": "0.59776771068573"
        },
        {
            "gameTime": "1 - 26:6",
            "label": "Substitution",
            "position": "1566000",
            "half": "1",
            "confidence": "0.5621306896209717"
        },
        {
            "gameTime": "1 - 18:34",
            "label": "Offside",
            "position": "1114000",
            "half": "1",
            "confidence": "0.6165768504142761"
        },
        {
            "gameTime": "1 - 30:1",
            "label": "Shots on target",
            "position": "1801000",
            "half": "1",
            "confidence": "0.7119694948196411"
        },
        {
            "gameTime": "1 - 38:47",
            "label": "Shots on target",
            "position": "2327000",
            "half": "1",
            "confidence": "0.663401186466217"
        },
        {
            "gameTime": "1 - 22:46",
            "label": "Shots on target",
            "position": "1366000",
            "half": "1",
            "confidence": "0.6182314157485962"
        },
        {
            "gameTime": "1 - 30:11",
            "label": "Shots on target",
            "position": "1811000",
            "half": "1",
            "confidence": "0.5986369252204895"
        },
        {
            "gameTime": "1 - 4:54",
            "label": "Shots on target",
            "position": "294500",
            "half": "1",
            "confidence": "0.5784232020378113"
        },
        {
            "gameTime": "1 - 41:47",
            "label": "Shots on target",
            "position": "2507000",
            "half": "1",
            "confidence": "0.5728068947792053"
        },
        {
            "gameTime": "1 - 32:4",
            "label": "Shots on target",
            "position": "1924000",
            "half": "1",
            "confidence": "0.5640008449554443"
        },
        {
            "gameTime": "1 - 19:32",
            "label": "Shots on target",
            "position": "1172000",
            "half": "1",
            "confidence": "0.5368803143501282"
        },
        {
            "gameTime": "1 - 14:6",
            "label": "Shots off target",
            "position": "846000",
            "half": "1",
            "confidence": "0.6147967576980591"
        },
        {
            "gameTime": "1 - 29:58",
            "label": "Shots off target",
            "position": "1798000",
            "half": "1",
            "confidence": "0.603011965751648"
        },
        {
            "gameTime": "1 - 21:40",
            "label": "Shots off target",
            "position": "1300000",
            "half": "1",
            "confidence": "0.5912938714027405"
        },
        {
            "gameTime": "1 - 19:24",
            "label": "Shots off target",
            "position": "1164500",
            "half": "1",
            "confidence": "0.5715790390968323"
        },
        {
            "gameTime": "1 - 34:47",
            "label": "Shots off target",
            "position": "2087000",
            "half": "1",
            "confidence": "0.5705490708351135"
        },
        {
            "gameTime": "1 - 25:31",
            "label": "Shots off target",
            "position": "1531500",
            "half": "1",
            "confidence": "0.5463215708732605"
        },
        {
            "gameTime": "1 - 23:53",
            "label": "Shots off target",
            "position": "1433500",
            "half": "1",
            "confidence": "0.5432614684104919"
        },
        {
            "gameTime": "1 - 21:51",
            "label": "Shots off target",
            "position": "1311000",
            "half": "1",
            "confidence": "0.5071392059326172"
        },
        {
            "gameTime": "1 - 22:54",
            "label": "Shots off target",
            "position": "1374500",
            "half": "1",
            "confidence": "0.506827712059021"
        },
        {
            "gameTime": "1 - 41:48",
            "label": "Shots off target",
            "position": "2508000",
            "half": "1",
            "confidence": "0.5024611353874207"
        },
        {
            "gameTime": "1 - 23:17",
            "label": "Clearance",
            "position": "1397500",
            "half": "1",
            "confidence": "0.7964743375778198"
        },
        {
            "gameTime": "1 - 34:53",
            "label": "Clearance",
            "position": "2093000",
            "half": "1",
            "confidence": "0.7888133525848389"
        },
        {
            "gameTime": "1 - 19:47",
            "label": "Clearance",
            "position": "1187500",
            "half": "1",
            "confidence": "0.6427193880081177"
        },
        {
            "gameTime": "1 - 24:16",
            "label": "Clearance",
            "position": "1456000",
            "half": "1",
            "confidence": "0.6007781624794006"
        },
        {
            "gameTime": "1 - 23:28",
            "label": "Clearance",
            "position": "1408000",
            "half": "1",
            "confidence": "0.5827749371528625"
        },
        {
            "gameTime": "1 - 35:3",
            "label": "Clearance",
            "position": "2103000",
            "half": "1",
            "confidence": "0.5639891028404236"
        },
        {
            "gameTime": "1 - 34:42",
            "label": "Clearance",
            "position": "2082500",
            "half": "1",
            "confidence": "0.5144425630569458"
        },
        {
            "gameTime": "1 - 11:49",
            "label": "Ball out of play",
            "position": "709000",
            "half": "1",
            "confidence": "0.9347740411758423"
        },
        {
            "gameTime": "1 - 21:1",
            "label": "Ball out of play",
            "position": "1261000",
            "half": "1",
            "confidence": "0.9230284690856934"
        },
        {
            "gameTime": "1 - 38:11",
            "label": "Ball out of play",
            "position": "2291500",
            "half": "1",
            "confidence": "0.918726921081543"
        },
        {
            "gameTime": "1 - 40:39",
            "label": "Ball out of play",
            "position": "2439500",
            "half": "1",
            "confidence": "0.8985784649848938"
        },
        {
            "gameTime": "1 - 0:32",
            "label": "Ball out of play",
            "position": "32500",
            "half": "1",
            "confidence": "0.8780121803283691"
        },
        {
            "gameTime": "1 - 6:3",
            "label": "Ball out of play",
            "position": "363000",
            "half": "1",
            "confidence": "0.8720182180404663"
        },
        {
            "gameTime": "1 - 27:42",
            "label": "Ball out of play",
            "position": "1662000",
            "half": "1",
            "confidence": "0.8647012114524841"
        },
        {
            "gameTime": "1 - 40:54",
            "label": "Ball out of play",
            "position": "2454000",
            "half": "1",
            "confidence": "0.8639500141143799"
        },
        {
            "gameTime": "1 - 22:55",
            "label": "Ball out of play",
            "position": "1375500",
            "half": "1",
            "confidence": "0.8540326952934265"
        },
        {
            "gameTime": "1 - 39:48",
            "label": "Ball out of play",
            "position": "2388000",
            "half": "1",
            "confidence": "0.8498735427856445"
        },
        {
            "gameTime": "1 - 5:1",
            "label": "Ball out of play",
            "position": "301500",
            "half": "1",
            "confidence": "0.8415289521217346"
        },
        {
            "gameTime": "1 - 21:48",
            "label": "Ball out of play",
            "position": "1308500",
            "half": "1",
            "confidence": "0.8352950215339661"
        },
        {
            "gameTime": "1 - 27:52",
            "label": "Ball out of play",
            "position": "1672000",
            "half": "1",
            "confidence": "0.8200565576553345"
        },
        {
            "gameTime": "1 - 23:54",
            "label": "Ball out of play",
            "position": "1434000",
            "half": "1",
            "confidence": "0.805568516254425"
        },
        {
            "gameTime": "1 - 11:38",
            "label": "Ball out of play",
            "position": "698500",
            "half": "1",
            "confidence": "0.800632894039154"
        },
        {
            "gameTime": "1 - 34:3",
            "label": "Ball out of play",
            "position": "2043000",
            "half": "1",
            "confidence": "0.7981733083724976"
        },
        {
            "gameTime": "1 - 44:16",
            "label": "Ball out of play",
            "position": "2656500",
            "half": "1",
            "confidence": "0.7935322523117065"
        },
        {
            "gameTime": "1 - 17:46",
            "label": "Ball out of play",
            "position": "1066000",
            "half": "1",
            "confidence": "0.7790886759757996"
        },
        {
            "gameTime": "1 - 11:7",
            "label": "Ball out of play",
            "position": "667500",
            "half": "1",
            "confidence": "0.7757561206817627"
        },
        {
            "gameTime": "1 - 0:22",
            "label": "Ball out of play",
            "position": "22000",
            "half": "1",
            "confidence": "0.7644209265708923"
        },
        {
            "gameTime": "1 - 14:23",
            "label": "Ball out of play",
            "position": "863500",
            "half": "1",
            "confidence": "0.7443751096725464"
        },
        {
            "gameTime": "1 - 0:53",
            "label": "Ball out of play",
            "position": "53500",
            "half": "1",
            "confidence": "0.7384868264198303"
        },
        {
            "gameTime": "1 - 14:11",
            "label": "Ball out of play",
            "position": "851000",
            "half": "1",
            "confidence": "0.7360011339187622"
        },
        {
            "gameTime": "1 - 44:26",
            "label": "Ball out of play",
            "position": "2666500",
            "half": "1",
            "confidence": "0.7353619933128357"
        },
        {
            "gameTime": "1 - 15:38",
            "label": "Ball out of play",
            "position": "938000",
            "half": "1",
            "confidence": "0.7336732745170593"
        },
        {
            "gameTime": "1 - 3:59",
            "label": "Ball out of play",
            "position": "239000",
            "half": "1",
            "confidence": "0.7271696925163269"
        },
        {
            "gameTime": "1 - 44:5",
            "label": "Ball out of play",
            "position": "2645500",
            "half": "1",
            "confidence": "0.7229039072990417"
        },
        {
            "gameTime": "1 - 32:14",
            "label": "Ball out of play",
            "position": "1934500",
            "half": "1",
            "confidence": "0.7219923734664917"
        },
        {
            "gameTime": "1 - 11:17",
            "label": "Ball out of play",
            "position": "677500",
            "half": "1",
            "confidence": "0.7187305688858032"
        },
        {
            "gameTime": "1 - 34:36",
            "label": "Ball out of play",
            "position": "2076000",
            "half": "1",
            "confidence": "0.7178921699523926"
        },
        {
            "gameTime": "1 - 34:46",
            "label": "Ball out of play",
            "position": "2086000",
            "half": "1",
            "confidence": "0.7125625610351562"
        },
        {
            "gameTime": "1 - 25:31",
            "label": "Ball out of play",
            "position": "1531500",
            "half": "1",
            "confidence": "0.7123330235481262"
        },
        {
            "gameTime": "1 - 19:38",
            "label": "Ball out of play",
            "position": "1178500",
            "half": "1",
            "confidence": "0.7063481211662292"
        },
        {
            "gameTime": "1 - 38:21",
            "label": "Ball out of play",
            "position": "2301500",
            "half": "1",
            "confidence": "0.6970548629760742"
        },
        {
            "gameTime": "1 - 19:27",
            "label": "Ball out of play",
            "position": "1167500",
            "half": "1",
            "confidence": "0.6858504414558411"
        },
        {
            "gameTime": "1 - 40:29",
            "label": "Ball out of play",
            "position": "2429000",
            "half": "1",
            "confidence": "0.6842758059501648"
        },
        {
            "gameTime": "1 - 11:27",
            "label": "Ball out of play",
            "position": "687500",
            "half": "1",
            "confidence": "0.6825865507125854"
        },
        {
            "gameTime": "1 - 38:49",
            "label": "Ball out of play",
            "position": "2329000",
            "half": "1",
            "confidence": "0.6596894264221191"
        },
        {
            "gameTime": "1 - 40:17",
            "label": "Ball out of play",
            "position": "2417000",
            "half": "1",
            "confidence": "0.658275842666626"
        },
        {
            "gameTime": "1 - 8:18",
            "label": "Ball out of play",
            "position": "498500",
            "half": "1",
            "confidence": "0.6259934902191162"
        },
        {
            "gameTime": "1 - 19:53",
            "label": "Ball out of play",
            "position": "1193000",
            "half": "1",
            "confidence": "0.6161376237869263"
        },
        {
            "gameTime": "1 - 15:27",
            "label": "Ball out of play",
            "position": "927500",
            "half": "1",
            "confidence": "0.6062154173851013"
        },
        {
            "gameTime": "1 - 14:0",
            "label": "Ball out of play",
            "position": "840500",
            "half": "1",
            "confidence": "0.5978856086730957"
        },
        {
            "gameTime": "1 - 16:4",
            "label": "Ball out of play",
            "position": "964000",
            "half": "1",
            "confidence": "0.5973089337348938"
        },
        {
            "gameTime": "1 - 4:51",
            "label": "Ball out of play",
            "position": "291000",
            "half": "1",
            "confidence": "0.5837888717651367"
        },
        {
            "gameTime": "1 - 0:43",
            "label": "Ball out of play",
            "position": "43000",
            "half": "1",
            "confidence": "0.5725878477096558"
        },
        {
            "gameTime": "1 - 10:56",
            "label": "Ball out of play",
            "position": "656500",
            "half": "1",
            "confidence": "0.5591250061988831"
        },
        {
            "gameTime": "1 - 14:48",
            "label": "Ball out of play",
            "position": "888500",
            "half": "1",
            "confidence": "0.5542263984680176"
        },
        {
            "gameTime": "1 - 32:54",
            "label": "Ball out of play",
            "position": "1974500",
            "half": "1",
            "confidence": "0.5349499583244324"
        },
        {
            "gameTime": "1 - 29:55",
            "label": "Ball out of play",
            "position": "1795000",
            "half": "1",
            "confidence": "0.5319948196411133"
        },
        {
            "gameTime": "1 - 17:59",
            "label": "Ball out of play",
            "position": "1079500",
            "half": "1",
            "confidence": "0.5304806232452393"
        },
        {
            "gameTime": "1 - 18:39",
            "label": "Ball out of play",
            "position": "1119500",
            "half": "1",
            "confidence": "0.5276510119438171"
        },
        {
            "gameTime": "1 - 2:15",
            "label": "Ball out of play",
            "position": "135500",
            "half": "1",
            "confidence": "0.5266408920288086"
        },
        {
            "gameTime": "1 - 28:2",
            "label": "Ball out of play",
            "position": "1682000",
            "half": "1",
            "confidence": "0.5027399063110352"
        },
        {
            "gameTime": "1 - 15:15",
            "label": "Throw-in",
            "position": "915000",
            "half": "1",
            "confidence": "0.9324613809585571"
        },
        {
            "gameTime": "1 - 44:27",
            "label": "Throw-in",
            "position": "2667000",
            "half": "1",
            "confidence": "0.8660648465156555"
        },
        {
            "gameTime": "1 - 44:15",
            "label": "Throw-in",
            "position": "2655000",
            "half": "1",
            "confidence": "0.8425745368003845"
        },
        {
            "gameTime": "1 - 0:33",
            "label": "Throw-in",
            "position": "33000",
            "half": "1",
            "confidence": "0.8145043253898621"
        },
        {
            "gameTime": "1 - 11:31",
            "label": "Throw-in",
            "position": "691000",
            "half": "1",
            "confidence": "0.8072189688682556"
        },
        {
            "gameTime": "1 - 15:2",
            "label": "Throw-in",
            "position": "902500",
            "half": "1",
            "confidence": "0.8071103692054749"
        },
        {
            "gameTime": "1 - 0:43",
            "label": "Throw-in",
            "position": "43000",
            "half": "1",
            "confidence": "0.7363592982292175"
        },
        {
            "gameTime": "1 - 27:41",
            "label": "Throw-in",
            "position": "1661500",
            "half": "1",
            "confidence": "0.7056957483291626"
        },
        {
            "gameTime": "1 - 44:2",
            "label": "Throw-in",
            "position": "2642000",
            "half": "1",
            "confidence": "0.690249502658844"
        },
        {
            "gameTime": "1 - 2:10",
            "label": "Throw-in",
            "position": "130000",
            "half": "1",
            "confidence": "0.6601101160049438"
        },
        {
            "gameTime": "1 - 0:22",
            "label": "Throw-in",
            "position": "22000",
            "half": "1",
            "confidence": "0.64869624376297"
        },
        {
            "gameTime": "1 - 38:8",
            "label": "Throw-in",
            "position": "2288000",
            "half": "1",
            "confidence": "0.6363374590873718"
        },
        {
            "gameTime": "1 - 0:53",
            "label": "Throw-in",
            "position": "53500",
            "half": "1",
            "confidence": "0.6270768046379089"
        },
        {
            "gameTime": "1 - 11:0",
            "label": "Throw-in",
            "position": "660000",
            "half": "1",
            "confidence": "0.5974920392036438"
        },
        {
            "gameTime": "1 - 40:39",
            "label": "Throw-in",
            "position": "2439500",
            "half": "1",
            "confidence": "0.5945805907249451"
        },
        {
            "gameTime": "1 - 11:14",
            "label": "Throw-in",
            "position": "674500",
            "half": "1",
            "confidence": "0.5908769369125366"
        },
        {
            "gameTime": "1 - 17:44",
            "label": "Throw-in",
            "position": "1064000",
            "half": "1",
            "confidence": "0.5654305219650269"
        },
        {
            "gameTime": "1 - 1:53",
            "label": "Throw-in",
            "position": "113500",
            "half": "1",
            "confidence": "0.5498015284538269"
        },
        {
            "gameTime": "1 - 9:44",
            "label": "Foul",
            "position": "584500",
            "half": "1",
            "confidence": "0.9148978590965271"
        },
        {
            "gameTime": "1 - 44:51",
            "label": "Foul",
            "position": "2691000",
            "half": "1",
            "confidence": "0.8088033199310303"
        },
        {
            "gameTime": "1 - 2:56",
            "label": "Foul",
            "position": "176000",
            "half": "1",
            "confidence": "0.8035726547241211"
        },
        {
            "gameTime": "1 - 13:15",
            "label": "Foul",
            "position": "795000",
            "half": "1",
            "confidence": "0.7805235385894775"
        },
        {
            "gameTime": "1 - 14:49",
            "label": "Foul",
            "position": "889000",
            "half": "1",
            "confidence": "0.6243178844451904"
        },
        {
            "gameTime": "1 - 44:40",
            "label": "Foul",
            "position": "2680500",
            "half": "1",
            "confidence": "0.6000959277153015"
        },
        {
            "gameTime": "1 - 33:1",
            "label": "Foul",
            "position": "1981000",
            "half": "1",
            "confidence": "0.5341718196868896"
        },
        {
            "gameTime": "1 - 28:39",
            "label": "Foul",
            "position": "1719000",
            "half": "1",
            "confidence": "0.5180442929267883"
        },
        {
            "gameTime": "1 - 19:5",
            "label": "Indirect free-kick",
            "position": "1145000",
            "half": "1",
            "confidence": "0.7726327180862427"
        },
        {
            "gameTime": "1 - 33:26",
            "label": "Indirect free-kick",
            "position": "2006500",
            "half": "1",
            "confidence": "0.7400671243667603"
        },
        {
            "gameTime": "1 - 25:45",
            "label": "Indirect free-kick",
            "position": "1545000",
            "half": "1",
            "confidence": "0.6014247536659241"
        },
        {
            "gameTime": "1 - 9:40",
            "label": "Indirect free-kick",
            "position": "580000",
            "half": "1",
            "confidence": "0.586080014705658"
        },
        {
            "gameTime": "1 - 3:50",
            "label": "Direct free-kick",
            "position": "230000",
            "half": "1",
            "confidence": "0.9445489048957825"
        },
        {
            "gameTime": "1 - 4:0",
            "label": "Direct free-kick",
            "position": "240000",
            "half": "1",
            "confidence": "0.8521243929862976"
        },
        {
            "gameTime": "1 - 14:1",
            "label": "Direct free-kick",
            "position": "841000",
            "half": "1",
            "confidence": "0.8327924013137817"
        },
        {
            "gameTime": "1 - 22:9",
            "label": "Corner",
            "position": "1329500",
            "half": "1",
            "confidence": "0.995634138584137"
        },
        {
            "gameTime": "1 - 40:19",
            "label": "Corner",
            "position": "2419000",
            "half": "1",
            "confidence": "0.9875380992889404"
        },
        {
            "gameTime": "1 - 40:29",
            "label": "Corner",
            "position": "2429000",
            "half": "1",
            "confidence": "0.9755491018295288"
        },
        {
            "gameTime": "1 - 12:9",
            "label": "Corner",
            "position": "729500",
            "half": "1",
            "confidence": "0.9718508124351501"
        },
        {
            "gameTime": "1 - 6:27",
            "label": "Corner",
            "position": "387500",
            "half": "1",
            "confidence": "0.9621626138687134"
        },
        {
            "gameTime": "1 - 34:18",
            "label": "Corner",
            "position": "2058500",
            "half": "1",
            "confidence": "0.9286748170852661"
        },
        {
            "gameTime": "1 - 22:19",
            "label": "Corner",
            "position": "1339500",
            "half": "1",
            "confidence": "0.891959011554718"
        },
        {
            "gameTime": "1 - 4:21",
            "label": "Corner",
            "position": "261000",
            "half": "1",
            "confidence": "0.8871002197265625"
        },
        {
            "gameTime": "1 - 28:19",
            "label": "Corner",
            "position": "1699500",
            "half": "1",
            "confidence": "0.8751457333564758"
        },
        {
            "gameTime": "1 - 28:32",
            "label": "Corner",
            "position": "1712000",
            "half": "1",
            "confidence": "0.8603088855743408"
        },
        {
            "gameTime": "1 - 42:14",
            "label": "Corner",
            "position": "2534500",
            "half": "1",
            "confidence": "0.7492678761482239"
        },
        {
            "gameTime": "1 - 4:9",
            "label": "Corner",
            "position": "249000",
            "half": "1",
            "confidence": "0.6395679116249084"
        },
        {
            "gameTime": "1 - 16:2",
            "label": "Corner",
            "position": "962500",
            "half": "1",
            "confidence": "0.5743297934532166"
        },
        {
            "gameTime": "1 - 33:11",
            "label": "Yellow card",
            "position": "1991500",
            "half": "1",
            "confidence": "0.8635318279266357"
        },
        {
            "gameTime": "1 - 33:1",
            "label": "Yellow card",
            "position": "1981000",
            "half": "1",
            "confidence": "0.5343396663665771"
        },
        {
            "gameTime": "2 - 43:14",
            "label": "Kick-off",
            "position": "2594500",
            "half": "2",
            "confidence": "0.8647235631942749"
        },
        {
            "gameTime": "2 - 0:0",
            "label": "Kick-off",
            "position": "500",
            "half": "2",
            "confidence": "0.8289344906806946"
        },
        {
            "gameTime": "2 - 43:24",
            "label": "Kick-off",
            "position": "2604500",
            "half": "2",
            "confidence": "0.6322396993637085"
        },
        {
            "gameTime": "2 - 49:34",
            "label": "Goal",
            "position": "2974000",
            "half": "2",
            "confidence": "0.8181926012039185"
        },
        {
            "gameTime": "2 - 42:28",
            "label": "Goal",
            "position": "2548000",
            "half": "2",
            "confidence": "0.7927476763725281"
        },
        {
            "gameTime": "2 - 20:13",
            "label": "Goal",
            "position": "1213500",
            "half": "2",
            "confidence": "0.500923216342926"
        },
        {
            "gameTime": "2 - 43:34",
            "label": "Substitution",
            "position": "2614500",
            "half": "2",
            "confidence": "0.9740431904792786"
        },
        {
            "gameTime": "2 - 15:15",
            "label": "Substitution",
            "position": "915500",
            "half": "2",
            "confidence": "0.9662608504295349"
        },
        {
            "gameTime": "2 - 40:13",
            "label": "Substitution",
            "position": "2413500",
            "half": "2",
            "confidence": "0.9393667578697205"
        },
        {
            "gameTime": "2 - 33:41",
            "label": "Substitution",
            "position": "2021000",
            "half": "2",
            "confidence": "0.7401105165481567"
        },
        {
            "gameTime": "2 - 43:45",
            "label": "Substitution",
            "position": "2625500",
            "half": "2",
            "confidence": "0.7108582854270935"
        },
        {
            "gameTime": "2 - 14:48",
            "label": "Substitution",
            "position": "888500",
            "half": "2",
            "confidence": "0.659918487071991"
        },
        {
            "gameTime": "2 - 7:10",
            "label": "Substitution",
            "position": "430000",
            "half": "2",
            "confidence": "0.6083040833473206"
        },
        {
            "gameTime": "2 - 44:0",
            "label": "Shots on target",
            "position": "2640000",
            "half": "2",
            "confidence": "0.7794902324676514"
        },
        {
            "gameTime": "2 - 20:8",
            "label": "Shots on target",
            "position": "1208500",
            "half": "2",
            "confidence": "0.7072495818138123"
        },
        {
            "gameTime": "2 - 48:6",
            "label": "Shots on target",
            "position": "2886500",
            "half": "2",
            "confidence": "0.7034391760826111"
        },
        {
            "gameTime": "2 - 49:34",
            "label": "Shots on target",
            "position": "2974000",
            "half": "2",
            "confidence": "0.6647731065750122"
        },
        {
            "gameTime": "2 - 42:28",
            "label": "Shots on target",
            "position": "2548000",
            "half": "2",
            "confidence": "0.6143679022789001"
        },
        {
            "gameTime": "2 - 20:18",
            "label": "Shots on target",
            "position": "1218500",
            "half": "2",
            "confidence": "0.5811685919761658"
        },
        {
            "gameTime": "2 - 11:19",
            "label": "Shots on target",
            "position": "679500",
            "half": "2",
            "confidence": "0.5214189887046814"
        },
        {
            "gameTime": "2 - 11:5",
            "label": "Shots on target",
            "position": "665500",
            "half": "2",
            "confidence": "0.5196700692176819"
        },
        {
            "gameTime": "2 - 44:2",
            "label": "Shots off target",
            "position": "2642000",
            "half": "2",
            "confidence": "0.8404207825660706"
        },
        {
            "gameTime": "2 - 49:38",
            "label": "Shots off target",
            "position": "2978500",
            "half": "2",
            "confidence": "0.7959185242652893"
        },
        {
            "gameTime": "2 - 39:40",
            "label": "Shots off target",
            "position": "2380000",
            "half": "2",
            "confidence": "0.7069817185401917"
        },
        {
            "gameTime": "2 - 20:29",
            "label": "Shots off target",
            "position": "1229000",
            "half": "2",
            "confidence": "0.6361587643623352"
        },
        {
            "gameTime": "2 - 18:35",
            "label": "Clearance",
            "position": "1115500",
            "half": "2",
            "confidence": "0.939502477645874"
        },
        {
            "gameTime": "2 - 35:30",
            "label": "Clearance",
            "position": "2130500",
            "half": "2",
            "confidence": "0.8729286789894104"
        },
        {
            "gameTime": "2 - 44:26",
            "label": "Clearance",
            "position": "2666000",
            "half": "2",
            "confidence": "0.8565743565559387"
        },
        {
            "gameTime": "2 - 9:50",
            "label": "Clearance",
            "position": "590500",
            "half": "2",
            "confidence": "0.8386964797973633"
        },
        {
            "gameTime": "2 - 22:49",
            "label": "Clearance",
            "position": "1369000",
            "half": "2",
            "confidence": "0.7314386963844299"
        },
        {
            "gameTime": "2 - 19:47",
            "label": "Clearance",
            "position": "1187500",
            "half": "2",
            "confidence": "0.7240826487541199"
        },
        {
            "gameTime": "2 - 18:47",
            "label": "Clearance",
            "position": "1127500",
            "half": "2",
            "confidence": "0.7177779674530029"
        },
        {
            "gameTime": "2 - 20:0",
            "label": "Clearance",
            "position": "1200500",
            "half": "2",
            "confidence": "0.6880757212638855"
        },
        {
            "gameTime": "2 - 26:48",
            "label": "Clearance",
            "position": "1608500",
            "half": "2",
            "confidence": "0.6051082015037537"
        },
        {
            "gameTime": "2 - 20:46",
            "label": "Clearance",
            "position": "1246000",
            "half": "2",
            "confidence": "0.5861832499504089"
        },
        {
            "gameTime": "2 - 22:59",
            "label": "Clearance",
            "position": "1379000",
            "half": "2",
            "confidence": "0.558395504951477"
        },
        {
            "gameTime": "2 - 38:30",
            "label": "Clearance",
            "position": "2310500",
            "half": "2",
            "confidence": "0.5519322752952576"
        },
        {
            "gameTime": "2 - 18:25",
            "label": "Clearance",
            "position": "1105000",
            "half": "2",
            "confidence": "0.5489867329597473"
        },
        {
            "gameTime": "2 - 41:6",
            "label": "Clearance",
            "position": "2466500",
            "half": "2",
            "confidence": "0.5392774939537048"
        },
        {
            "gameTime": "2 - 45:35",
            "label": "Clearance",
            "position": "2735500",
            "half": "2",
            "confidence": "0.5311444997787476"
        },
        {
            "gameTime": "2 - 19:20",
            "label": "Ball out of play",
            "position": "1160500",
            "half": "2",
            "confidence": "0.9354119896888733"
        },
        {
            "gameTime": "2 - 25:8",
            "label": "Ball out of play",
            "position": "1508500",
            "half": "2",
            "confidence": "0.9186627268791199"
        },
        {
            "gameTime": "2 - 15:56",
            "label": "Ball out of play",
            "position": "956000",
            "half": "2",
            "confidence": "0.8858946561813354"
        },
        {
            "gameTime": "2 - 45:24",
            "label": "Ball out of play",
            "position": "2724000",
            "half": "2",
            "confidence": "0.8671196103096008"
        },
        {
            "gameTime": "2 - 22:31",
            "label": "Ball out of play",
            "position": "1351000",
            "half": "2",
            "confidence": "0.8542507290840149"
        },
        {
            "gameTime": "2 - 24:57",
            "label": "Ball out of play",
            "position": "1497500",
            "half": "2",
            "confidence": "0.8527063727378845"
        },
        {
            "gameTime": "2 - 16:8",
            "label": "Ball out of play",
            "position": "968000",
            "half": "2",
            "confidence": "0.8423587679862976"
        },
        {
            "gameTime": "2 - 10:42",
            "label": "Ball out of play",
            "position": "642500",
            "half": "2",
            "confidence": "0.8373211622238159"
        },
        {
            "gameTime": "2 - 44:1",
            "label": "Ball out of play",
            "position": "2641500",
            "half": "2",
            "confidence": "0.8010848164558411"
        },
        {
            "gameTime": "2 - 19:10",
            "label": "Ball out of play",
            "position": "1150000",
            "half": "2",
            "confidence": "0.7986415028572083"
        },
        {
            "gameTime": "2 - 39:40",
            "label": "Ball out of play",
            "position": "2380000",
            "half": "2",
            "confidence": "0.7926205992698669"
        },
        {
            "gameTime": "2 - 18:51",
            "label": "Ball out of play",
            "position": "1131000",
            "half": "2",
            "confidence": "0.7919065952301025"
        },
        {
            "gameTime": "2 - 20:20",
            "label": "Ball out of play",
            "position": "1220500",
            "half": "2",
            "confidence": "0.7812766432762146"
        },
        {
            "gameTime": "2 - 9:25",
            "label": "Ball out of play",
            "position": "565000",
            "half": "2",
            "confidence": "0.780716598033905"
        },
        {
            "gameTime": "2 - 14:42",
            "label": "Ball out of play",
            "position": "882000",
            "half": "2",
            "confidence": "0.7771836519241333"
        },
        {
            "gameTime": "2 - 45:11",
            "label": "Ball out of play",
            "position": "2711000",
            "half": "2",
            "confidence": "0.7725389003753662"
        },
        {
            "gameTime": "2 - 31:21",
            "label": "Ball out of play",
            "position": "1881000",
            "half": "2",
            "confidence": "0.7658640146255493"
        },
        {
            "gameTime": "2 - 10:52",
            "label": "Ball out of play",
            "position": "652500",
            "half": "2",
            "confidence": "0.7654767632484436"
        },
        {
            "gameTime": "2 - 27:18",
            "label": "Ball out of play",
            "position": "1638000",
            "half": "2",
            "confidence": "0.7544898390769958"
        },
        {
            "gameTime": "2 - 11:11",
            "label": "Ball out of play",
            "position": "671500",
            "half": "2",
            "confidence": "0.751653254032135"
        },
        {
            "gameTime": "2 - 19:30",
            "label": "Ball out of play",
            "position": "1170500",
            "half": "2",
            "confidence": "0.7390259504318237"
        },
        {
            "gameTime": "2 - 37:27",
            "label": "Ball out of play",
            "position": "2247000",
            "half": "2",
            "confidence": "0.7381771206855774"
        },
        {
            "gameTime": "2 - 14:28",
            "label": "Ball out of play",
            "position": "868500",
            "half": "2",
            "confidence": "0.7355228066444397"
        },
        {
            "gameTime": "2 - 42:25",
            "label": "Ball out of play",
            "position": "2545000",
            "half": "2",
            "confidence": "0.6968104243278503"
        },
        {
            "gameTime": "2 - 1:54",
            "label": "Ball out of play",
            "position": "114500",
            "half": "2",
            "confidence": "0.687799334526062"
        },
        {
            "gameTime": "2 - 21:23",
            "label": "Ball out of play",
            "position": "1283500",
            "half": "2",
            "confidence": "0.6868757009506226"
        },
        {
            "gameTime": "2 - 20:30",
            "label": "Ball out of play",
            "position": "1230500",
            "half": "2",
            "confidence": "0.6796216368675232"
        },
        {
            "gameTime": "2 - 40:59",
            "label": "Ball out of play",
            "position": "2459500",
            "half": "2",
            "confidence": "0.6728297472000122"
        },
        {
            "gameTime": "2 - 35:8",
            "label": "Ball out of play",
            "position": "2108500",
            "half": "2",
            "confidence": "0.6671220064163208"
        },
        {
            "gameTime": "2 - 37:16",
            "label": "Ball out of play",
            "position": "2236500",
            "half": "2",
            "confidence": "0.6541212797164917"
        },
        {
            "gameTime": "2 - 19:58",
            "label": "Ball out of play",
            "position": "1198500",
            "half": "2",
            "confidence": "0.6535285115242004"
        },
        {
            "gameTime": "2 - 6:50",
            "label": "Ball out of play",
            "position": "410000",
            "half": "2",
            "confidence": "0.6531800031661987"
        },
        {
            "gameTime": "2 - 21:34",
            "label": "Ball out of play",
            "position": "1294000",
            "half": "2",
            "confidence": "0.6519805192947388"
        },
        {
            "gameTime": "2 - 49:40",
            "label": "Ball out of play",
            "position": "2980000",
            "half": "2",
            "confidence": "0.6373840570449829"
        },
        {
            "gameTime": "2 - 46:11",
            "label": "Ball out of play",
            "position": "2771500",
            "half": "2",
            "confidence": "0.6349539756774902"
        },
        {
            "gameTime": "2 - 20:10",
            "label": "Ball out of play",
            "position": "1210000",
            "half": "2",
            "confidence": "0.6345296502113342"
        },
        {
            "gameTime": "2 - 15:25",
            "label": "Ball out of play",
            "position": "925000",
            "half": "2",
            "confidence": "0.625514805316925"
        },
        {
            "gameTime": "2 - 31:31",
            "label": "Ball out of play",
            "position": "1891500",
            "half": "2",
            "confidence": "0.6127342581748962"
        },
        {
            "gameTime": "2 - 45:0",
            "label": "Ball out of play",
            "position": "2700500",
            "half": "2",
            "confidence": "0.602717936038971"
        },
        {
            "gameTime": "2 - 30:32",
            "label": "Ball out of play",
            "position": "1832000",
            "half": "2",
            "confidence": "0.598781406879425"
        },
        {
            "gameTime": "2 - 48:12",
            "label": "Ball out of play",
            "position": "2892000",
            "half": "2",
            "confidence": "0.5874934792518616"
        },
        {
            "gameTime": "2 - 12:37",
            "label": "Ball out of play",
            "position": "757500",
            "half": "2",
            "confidence": "0.5706652402877808"
        },
        {
            "gameTime": "2 - 8:36",
            "label": "Ball out of play",
            "position": "516500",
            "half": "2",
            "confidence": "0.5666258931159973"
        },
        {
            "gameTime": "2 - 37:49",
            "label": "Ball out of play",
            "position": "2269000",
            "half": "2",
            "confidence": "0.5526170134544373"
        },
        {
            "gameTime": "2 - 27:34",
            "label": "Ball out of play",
            "position": "1654500",
            "half": "2",
            "confidence": "0.5510392189025879"
        },
        {
            "gameTime": "2 - 27:7",
            "label": "Ball out of play",
            "position": "1627500",
            "half": "2",
            "confidence": "0.5501008033752441"
        },
        {
            "gameTime": "2 - 0:56",
            "label": "Ball out of play",
            "position": "56000",
            "half": "2",
            "confidence": "0.5308214426040649"
        },
        {
            "gameTime": "2 - 1:23",
            "label": "Ball out of play",
            "position": "83500",
            "half": "2",
            "confidence": "0.5189653038978577"
        },
        {
            "gameTime": "2 - 21:13",
            "label": "Ball out of play",
            "position": "1273000",
            "half": "2",
            "confidence": "0.5054236054420471"
        },
        {
            "gameTime": "2 - 30:42",
            "label": "Ball out of play",
            "position": "1842000",
            "half": "2",
            "confidence": "0.5015360116958618"
        },
        {
            "gameTime": "2 - 15:58",
            "label": "Throw-in",
            "position": "958000",
            "half": "2",
            "confidence": "0.9828144311904907"
        },
        {
            "gameTime": "2 - 16:10",
            "label": "Throw-in",
            "position": "970500",
            "half": "2",
            "confidence": "0.9731427431106567"
        },
        {
            "gameTime": "2 - 23:52",
            "label": "Throw-in",
            "position": "1432000",
            "half": "2",
            "confidence": "0.9520617127418518"
        },
        {
            "gameTime": "2 - 45:14",
            "label": "Throw-in",
            "position": "2714000",
            "half": "2",
            "confidence": "0.907477617263794"
        },
        {
            "gameTime": "2 - 21:36",
            "label": "Throw-in",
            "position": "1296500",
            "half": "2",
            "confidence": "0.7707680463790894"
        },
        {
            "gameTime": "2 - 45:24",
            "label": "Throw-in",
            "position": "2724500",
            "half": "2",
            "confidence": "0.7258607149124146"
        },
        {
            "gameTime": "2 - 45:3",
            "label": "Throw-in",
            "position": "2703000",
            "half": "2",
            "confidence": "0.699452817440033"
        },
        {
            "gameTime": "2 - 37:49",
            "label": "Throw-in",
            "position": "2269500",
            "half": "2",
            "confidence": "0.6589105725288391"
        },
        {
            "gameTime": "2 - 27:34",
            "label": "Throw-in",
            "position": "1654500",
            "half": "2",
            "confidence": "0.6575536727905273"
        },
        {
            "gameTime": "2 - 23:40",
            "label": "Throw-in",
            "position": "1420500",
            "half": "2",
            "confidence": "0.5610863566398621"
        },
        {
            "gameTime": "2 - 33:12",
            "label": "Throw-in",
            "position": "1992000",
            "half": "2",
            "confidence": "0.5389804244041443"
        },
        {
            "gameTime": "2 - 16:20",
            "label": "Throw-in",
            "position": "980500",
            "half": "2",
            "confidence": "0.5380131602287292"
        },
        {
            "gameTime": "2 - 16:56",
            "label": "Foul",
            "position": "1016500",
            "half": "2",
            "confidence": "0.9769619107246399"
        },
        {
            "gameTime": "2 - 12:49",
            "label": "Foul",
            "position": "769000",
            "half": "2",
            "confidence": "0.9764094352722168"
        },
        {
            "gameTime": "2 - 7:55",
            "label": "Foul",
            "position": "475000",
            "half": "2",
            "confidence": "0.9513173699378967"
        },
        {
            "gameTime": "2 - 48:53",
            "label": "Foul",
            "position": "2933500",
            "half": "2",
            "confidence": "0.945831298828125"
        },
        {
            "gameTime": "2 - 29:6",
            "label": "Foul",
            "position": "1746000",
            "half": "2",
            "confidence": "0.9276494979858398"
        },
        {
            "gameTime": "2 - 13:28",
            "label": "Foul",
            "position": "808500",
            "half": "2",
            "confidence": "0.8787038922309875"
        },
        {
            "gameTime": "2 - 27:50",
            "label": "Foul",
            "position": "1670500",
            "half": "2",
            "confidence": "0.825311005115509"
        },
        {
            "gameTime": "2 - 0:54",
            "label": "Foul",
            "position": "54000",
            "half": "2",
            "confidence": "0.7764797806739807"
        },
        {
            "gameTime": "2 - 1:11",
            "label": "Foul",
            "position": "71000",
            "half": "2",
            "confidence": "0.7329840064048767"
        },
        {
            "gameTime": "2 - 12:38",
            "label": "Foul",
            "position": "758500",
            "half": "2",
            "confidence": "0.7166580557823181"
        },
        {
            "gameTime": "2 - 17:6",
            "label": "Foul",
            "position": "1026500",
            "half": "2",
            "confidence": "0.6978024840354919"
        },
        {
            "gameTime": "2 - 47:56",
            "label": "Foul",
            "position": "2876000",
            "half": "2",
            "confidence": "0.6651437282562256"
        },
        {
            "gameTime": "2 - 36:4",
            "label": "Foul",
            "position": "2164000",
            "half": "2",
            "confidence": "0.6257793307304382"
        },
        {
            "gameTime": "2 - 35:50",
            "label": "Foul",
            "position": "2150500",
            "half": "2",
            "confidence": "0.6149112582206726"
        },
        {
            "gameTime": "2 - 18:9",
            "label": "Foul",
            "position": "1089000",
            "half": "2",
            "confidence": "0.5759360790252686"
        },
        {
            "gameTime": "2 - 43:46",
            "label": "Foul",
            "position": "2626000",
            "half": "2",
            "confidence": "0.5481398105621338"
        },
        {
            "gameTime": "2 - 28:24",
            "label": "Foul",
            "position": "1704500",
            "half": "2",
            "confidence": "0.5387358069419861"
        },
        {
            "gameTime": "2 - 39:36",
            "label": "Foul",
            "position": "2376000",
            "half": "2",
            "confidence": "0.5332359075546265"
        },
        {
            "gameTime": "2 - 29:51",
            "label": "Foul",
            "position": "1791500",
            "half": "2",
            "confidence": "0.5072961449623108"
        },
        {
            "gameTime": "2 - 19:52",
            "label": "Indirect free-kick",
            "position": "1192500",
            "half": "2",
            "confidence": "0.6565844416618347"
        },
        {
            "gameTime": "2 - 41:14",
            "label": "Indirect free-kick",
            "position": "2474000",
            "half": "2",
            "confidence": "0.6356357336044312"
        },
        {
            "gameTime": "2 - 7:55",
            "label": "Indirect free-kick",
            "position": "475000",
            "half": "2",
            "confidence": "0.5636414289474487"
        },
        {
            "gameTime": "2 - 36:16",
            "label": "Indirect free-kick",
            "position": "2176500",
            "half": "2",
            "confidence": "0.5438776016235352"
        },
        {
            "gameTime": "2 - 13:31",
            "label": "Indirect free-kick",
            "position": "811000",
            "half": "2",
            "confidence": "0.504840612411499"
        },
        {
            "gameTime": "2 - 49:37",
            "label": "Direct free-kick",
            "position": "2977000",
            "half": "2",
            "confidence": "0.9508802890777588"
        },
        {
            "gameTime": "2 - 18:10",
            "label": "Direct free-kick",
            "position": "1090500",
            "half": "2",
            "confidence": "0.9333321452140808"
        },
        {
            "gameTime": "2 - 49:23",
            "label": "Direct free-kick",
            "position": "2963000",
            "half": "2",
            "confidence": "0.8862425088882446"
        },
        {
            "gameTime": "2 - 31:48",
            "label": "Corner",
            "position": "1908500",
            "half": "2",
            "confidence": "0.9287579655647278"
        },
        {
            "gameTime": "2 - 2:30",
            "label": "Corner",
            "position": "150500",
            "half": "2",
            "confidence": "0.6825690269470215"
        },
        {
            "gameTime": "2 - 31:58",
            "label": "Corner",
            "position": "1918500",
            "half": "2",
            "confidence": "0.5876184105873108"
        },
        {
            "gameTime": "2 - 11:7",
            "label": "Corner",
            "position": "667000",
            "half": "2",
            "confidence": "0.5255231261253357"
        },
        {
            "gameTime": "2 - 16:58",
            "label": "Yellow card",
            "position": "1018000",
            "half": "2",
            "confidence": "0.9574718475341797"
        },
        {
            "gameTime": "2 - 48:48",
            "label": "Yellow card",
            "position": "2928500",
            "half": "2",
            "confidence": "0.861835241317749"
        },
        {
            "gameTime": "2 - 17:8",
            "label": "Yellow card",
            "position": "1028000",
            "half": "2",
            "confidence": "0.6801269054412842"
        },
        {
            "gameTime": "2 - 48:58",
            "label": "Yellow card",
            "position": "2938500",
            "half": "2",
            "confidence": "0.6265327334403992"
        },
        {
            "gameTime": "2 - 28:3",
            "label": "Yellow card",
            "position": "1683000",
            "half": "2",
            "confidence": "0.6209200024604797"
        }
    ]
}