{
    "UrlLocal": "europe_uefa-champions-league/2016-2017/2017-04-11 - 18-00 Juventus 3 - 0 Barcelona",
    "UrlYoutube": "",
    "annotations": [
        {
            "change_type": "",
            "gameTime": "1 - 01:22",
            "label": "",
            "position": "82347",
            "replay": "real-time"
        },
        {
            "change_type": "",
            "gameTime": "1 - 01:27",
            "label": "",
            "link": "",
            "position": "87872",
            "replay": "replay"
        },
        {
            "change_type": "",
            "gameTime": "1 - 02:05",
            "label": "",
            "position": "125987",
            "replay": "real-time"
        },
        {
            "change_type": "",
            "gameTime": "1 - 02:10",
            "label": "",
            "link": "",
            "position": "130538",
            "replay": "replay"
        },
        {
            "change_type": "",
            "gameTime": "1 - 02:16",
            "label": "",
            "link": "",
            "position": "136545",
            "replay": "replay"
        },
        {
            "change_type": "",
            "gameTime": "1 - 02:21",
            "label": "",
            "position": "141853",
            "replay": "other"
        },
        {
            "change_type": "",
            "gameTime": "1 - 02:41",
            "label": "",
            "position": "161904",
            "replay": "real-time"
        },
        {
            "change_type": "",
            "gameTime": "1 - 02:47",
            "label": "",
            "link": "",
            "position": "167305",
            "replay": "replay"
        },
        {
            "change_type": "",
            "gameTime": "1 - 03:11",
            "label": "",
            "position": "191012",
            "replay": "real-time"
        },
        {
            "change_type": "",
            "gameTime": "1 - 03:15",
            "label": "",
            "link": "",
            "position": "195584",
            "replay": "replay"
        },
        {
            "change_type": "",
            "gameTime": "1 - 03:21",
            "label": "",
            "position": "201238",
            "replay": "other"
        },
        {
            "change_type": "",
            "gameTime": "1 - 04:00",
            "label": "",
            "position": "240165",
            "replay": "real-time"
        },
        {
            "change_type": "",
            "gameTime": "1 - 04:08",
            "label": "",
            "position": "248881",
            "replay": "other"
        },
        {
            "change_type": "",
            "gameTime": "1 - 04:11",
            "label": "",
            "position": "251889",
            "replay": "other"
        },
        {
            "change_type": "",
            "gameTime": "1 - 06:55",
            "label": "",
            "position": "415536",
            "replay": "real-time"
        },
        {
            "change_type": "",
            "gameTime": "1 - 07:05",
            "label": "",
            "link": "",
            "position": "425552",
            "replay": "replay"
        },
        {
            "change_type": "",
            "gameTime": "1 - 07:09",
            "label": "",
            "link": "",
            "position": "429331",
            "replay": "replay"
        },
        {
            "change_type": "",
            "gameTime": "1 - 07:15",
            "label": "",
            "link": "",
            "position": "435709",
            "replay": "replay"
        },
        {
            "change_type": "",
            "gameTime": "1 - 07:19",
            "label": "",
            "position": "439656",
            "replay": "other"
        },
        {
            "change_type": "",
            "gameTime": "1 - 07:23",
            "label": "",
            "position": "443156",
            "replay": "other"
        },
        {
            "change_type": "",
            "gameTime": "1 - 07:26",
            "label": "",
            "position": "446402",
            "replay": "other"
        },
        {
            "change_type": "",
            "gameTime": "1 - 08:37",
            "label": "",
            "position": "517011",
            "replay": "real-time"
        },
        {
            "change_type": "",
            "gameTime": "1 - 08:43",
            "label": "",
            "link": "",
            "position": "523626",
            "replay": "replay"
        },
        {
            "change_type": "",
            "gameTime": "1 - 08:48",
            "label": "",
            "link": "",
            "position": "528296",
            "replay": "replay"
        },
        {
            "change_type": "",
            "gameTime": "1 - 08:51",
            "label": "",
            "position": "531528",
            "replay": "other"
        },
        {
            "change_type": "",
            "gameTime": "1 - 11:10",
            "label": "",
            "position": "670170",
            "replay": "real-time"
        },
        {
            "change_type": "",
            "gameTime": "1 - 11:22",
            "label": "",
            "link": "",
            "position": "682348",
            "replay": "replay"
        },
        {
            "change_type": "",
            "gameTime": "1 - 11:31",
            "label": "",
            "link": "",
            "position": "691142",
            "replay": "replay"
        },
        {
            "change_type": "",
            "gameTime": "1 - 11:34",
            "label": "",
            "position": "694022",
            "replay": "other"
        },
        {
            "change_type": "",
            "gameTime": "1 - 11:54",
            "label": "",
            "position": "714635",
            "replay": "other"
        },
        {
            "change_type": "",
            "gameTime": "1 - 12:01",
            "label": "",
            "link": "",
            "position": "721037",
            "replay": "replay"
        },
        {
            "change_type": "",
            "gameTime": "1 - 12:45",
            "label": "",
            "position": "765708",
            "replay": "real-time"
        },
        {
            "change_type": "",
            "gameTime": "1 - 12:48",
            "label": "",
            "link": "",
            "position": "768749",
            "replay": "replay"
        },
        {
            "change_type": "",
            "gameTime": "1 - 15:32",
            "label": "",
            "position": "932279",
            "replay": "real-time"
        },
        {
            "change_type": "",
            "gameTime": "1 - 15:37",
            "label": "",
            "position": "937720",
            "replay": "other"
        },
        {
            "change_type": "",
            "gameTime": "1 - 15:42",
            "label": "",
            "position": "942474",
            "replay": "other"
        },
        {
            "change_type": "",
            "gameTime": "1 - 16:59",
            "label": "",
            "position": "1019065",
            "replay": "real-time"
        },
        {
            "change_type": "",
            "gameTime": "1 - 17:03",
            "label": "",
            "link": "",
            "position": "1023503",
            "replay": "replay"
        },
        {
            "change_type": "",
            "gameTime": "1 - 17:38",
            "label": "",
            "position": "1058391",
            "replay": "real-time"
        },
        {
            "change_type": "",
            "gameTime": "1 - 17:44",
            "label": "",
            "link": "",
            "position": "1064654",
            "replay": "replay"
        },
        {
            "change_type": "",
            "gameTime": "1 - 20:27",
            "label": "",
            "position": "1227381",
            "replay": "real-time"
        },
        {
            "change_type": "",
            "gameTime": "1 - 20:35",
            "label": "",
            "link": "",
            "position": "1235325",
            "replay": "replay"
        },
        {
            "change_type": "",
            "gameTime": "1 - 20:39",
            "label": "",
            "position": "1239466",
            "replay": "other"
        },
        {
            "change_type": "",
            "gameTime": "1 - 20:58",
            "label": "",
            "position": "1258889",
            "replay": "real-time"
        },
        {
            "change_type": "",
            "gameTime": "1 - 21:06",
            "label": "",
            "link": "",
            "position": "1266823",
            "replay": "replay"
        },
        {
            "change_type": "",
            "gameTime": "1 - 21:10",
            "label": "",
            "link": "",
            "position": "1270874",
            "replay": "replay"
        },
        {
            "change_type": "",
            "gameTime": "1 - 21:15",
            "label": "",
            "link": "",
            "position": "1275393",
            "replay": "replay"
        },
        {
            "change_type": "",
            "gameTime": "1 - 21:20",
            "label": "",
            "link": "",
            "position": "1280947",
            "replay": "replay"
        },
        {
            "change_type": "",
            "gameTime": "1 - 22:15",
            "label": "",
            "position": "1335735",
            "replay": "real-time"
        },
        {
            "change_type": "",
            "gameTime": "1 - 22:22",
            "label": "",
            "link": "",
            "position": "1342346",
            "replay": "replay"
        },
        {
            "change_type": "",
            "gameTime": "1 - 22:26",
            "label": "",
            "link": "",
            "position": "1346725",
            "replay": "replay"
        },
        {
            "change_type": "",
            "gameTime": "1 - 22:30",
            "label": "",
            "link": "",
            "position": "1350365",
            "replay": "replay"
        },
        {
            "change_type": "",
            "gameTime": "1 - 22:34",
            "label": "",
            "link": "",
            "position": "1354135",
            "replay": "replay"
        },
        {
            "change_type": "",
            "gameTime": "1 - 22:43",
            "label": "",
            "position": "1363199",
            "replay": "other"
        },
        {
            "change_type": "",
            "gameTime": "1 - 24:01",
            "label": "",
            "position": "1441268",
            "replay": "real-time"
        },
        {
            "change_type": "",
            "gameTime": "1 - 24:05",
            "label": "",
            "link": "",
            "position": "1445768",
            "replay": "replay"
        },
        {
            "change_type": "",
            "gameTime": "1 - 24:10",
            "label": "",
            "link": "",
            "position": "1450164",
            "replay": "replay"
        },
        {
            "change_type": "",
            "gameTime": "1 - 24:14",
            "label": "",
            "link": "",
            "position": "1454225",
            "replay": "replay"
        },
        {
            "change_type": "",
            "gameTime": "1 - 24:17",
            "label": "",
            "link": "",
            "position": "1457685",
            "replay": "replay"
        },
        {
            "change_type": "",
            "gameTime": "1 - 24:25",
            "label": "",
            "position": "1465407",
            "replay": "other"
        },
        {
            "change_type": "",
            "gameTime": "1 - 28:50",
            "label": "",
            "position": "1730154",
            "replay": "real-time"
        },
        {
            "change_type": "",
            "gameTime": "1 - 28:55",
            "label": "",
            "link": "",
            "position": "1735489",
            "replay": "replay"
        },
        {
            "change_type": "",
            "gameTime": "1 - 29:00",
            "label": "",
            "link": "",
            "position": "1740539",
            "replay": "replay"
        },
        {
            "change_type": "",
            "gameTime": "1 - 29:20",
            "label": "",
            "position": "1760609",
            "replay": "other"
        },
        {
            "change_type": "",
            "gameTime": "1 - 29:26",
            "label": "",
            "link": "",
            "position": "1766636",
            "replay": "replay"
        },
        {
            "change_type": "",
            "gameTime": "1 - 29:32",
            "label": "",
            "position": "1772639",
            "replay": "other"
        },
        {
            "change_type": "",
            "gameTime": "1 - 29:35",
            "label": "",
            "position": "1775641",
            "replay": "other"
        },
        {
            "change_type": "",
            "gameTime": "1 - 29:55",
            "label": "",
            "position": "1795599",
            "replay": "real-time"
        },
        {
            "change_type": "",
            "gameTime": "1 - 30:05",
            "label": "",
            "link": "",
            "position": "1805393",
            "replay": "replay"
        },
        {
            "change_type": "",
            "gameTime": "1 - 30:09",
            "label": "",
            "position": "1809482",
            "replay": "other"
        },
        {
            "change_type": "",
            "gameTime": "1 - 32:23",
            "label": "",
            "position": "1943108",
            "replay": "real-time"
        },
        {
            "change_type": "",
            "gameTime": "1 - 32:30",
            "label": "",
            "link": "",
            "position": "1950887",
            "replay": "replay"
        },
        {
            "change_type": "",
            "gameTime": "1 - 33:24",
            "label": "",
            "position": "2004766",
            "replay": "real-time"
        },
        {
            "change_type": "",
            "gameTime": "1 - 33:33",
            "label": "",
            "position": "2013216",
            "replay": "other"
        },
        {
            "change_type": "",
            "gameTime": "1 - 36:55",
            "label": "",
            "position": "2215676",
            "replay": "real-time"
        },
        {
            "change_type": "",
            "gameTime": "1 - 37:06",
            "label": "",
            "link": "",
            "position": "2226421",
            "replay": "replay"
        },
        {
            "change_type": "",
            "gameTime": "1 - 38:56",
            "label": "",
            "position": "2336843",
            "replay": "real-time"
        },
        {
            "change_type": "",
            "gameTime": "1 - 39:02",
            "label": "",
            "link": "",
            "position": "2342660",
            "replay": "replay"
        },
        {
            "change_type": "",
            "gameTime": "1 - 39:56",
            "label": "",
            "position": "2396203",
            "replay": "real-time"
        },
        {
            "change_type": "",
            "gameTime": "1 - 40:01",
            "label": "",
            "link": "",
            "position": "2401493",
            "replay": "replay"
        },
        {
            "change_type": "",
            "gameTime": "1 - 41:06",
            "label": "",
            "position": "2466923",
            "replay": "real-time"
        },
        {
            "change_type": "",
            "gameTime": "1 - 41:13",
            "label": "",
            "link": "",
            "position": "2473223",
            "replay": "replay"
        },
        {
            "change_type": "",
            "gameTime": "1 - 42:09",
            "label": "",
            "position": "2529301",
            "replay": "real-time"
        },
        {
            "change_type": "",
            "gameTime": "1 - 42:15",
            "label": "",
            "link": "",
            "position": "2535921",
            "replay": "replay"
        },
        {
            "change_type": "",
            "gameTime": "1 - 42:19",
            "label": "",
            "position": "2539422",
            "replay": "other"
        },
        {
            "change_type": "",
            "gameTime": "1 - 42:22",
            "label": "",
            "position": "2542351",
            "replay": "other"
        },
        {
            "change_type": "",
            "gameTime": "1 - 43:02",
            "label": "",
            "position": "2582601",
            "replay": "real-time"
        },
        {
            "change_type": "",
            "gameTime": "1 - 43:08",
            "label": "",
            "link": "",
            "position": "2588838",
            "replay": "replay"
        },
        {
            "change_type": "",
            "gameTime": "1 - 43:11",
            "label": "",
            "position": "2591893",
            "replay": "other"
        },
        {
            "change_type": "",
            "gameTime": "1 - 43:14",
            "label": "",
            "position": "2594358",
            "replay": "other"
        },
        {
            "change_type": "",
            "gameTime": "1 - 43:17",
            "label": "",
            "position": "2597732",
            "replay": "other"
        },
        {
            "change_type": "",
            "gameTime": "1 - 43:45",
            "label": "",
            "position": "2625652",
            "replay": "real-time"
        },
        {
            "change_type": "",
            "gameTime": "1 - 43:52",
            "label": "",
            "link": "",
            "position": "2632190",
            "replay": "replay"
        },
        {
            "change_type": "",
            "gameTime": "1 - 43:56",
            "label": "",
            "link": "",
            "position": "2636770",
            "replay": "replay"
        },
        {
            "change_type": "",
            "gameTime": "1 - 44:05",
            "label": "",
            "position": "2645406",
            "replay": "other"
        },
        {
            "change_type": "",
            "gameTime": "1 - 44:26",
            "label": "",
            "position": "2666749",
            "replay": "real-time"
        },
        {
            "change_type": "",
            "gameTime": "1 - 44:34",
            "label": "",
            "link": "",
            "position": "2674240",
            "replay": "replay"
        },
        {
            "change_type": "",
            "gameTime": "2 - 01:06",
            "label": "",
            "position": "66649",
            "replay": "real-time"
        },
        {
            "change_type": "",
            "gameTime": "2 - 01:13",
            "label": "",
            "link": "",
            "position": "73579",
            "replay": "replay"
        },
        {
            "change_type": "",
            "gameTime": "2 - 01:18",
            "label": "",
            "link": "",
            "position": "78786",
            "replay": "replay"
        },
        {
            "change_type": "",
            "gameTime": "2 - 02:49",
            "label": "",
            "position": "169133",
            "replay": "real-time"
        },
        {
            "change_type": "",
            "gameTime": "2 - 02:54",
            "label": "",
            "link": "",
            "position": "174364",
            "replay": "replay"
        },
        {
            "change_type": "",
            "gameTime": "2 - 03:35",
            "label": "",
            "position": "215779",
            "replay": "real-time"
        },
        {
            "change_type": "",
            "gameTime": "2 - 03:39",
            "label": "",
            "link": "",
            "position": "219356",
            "replay": "replay"
        },
        {
            "change_type": "",
            "gameTime": "2 - 04:09",
            "label": "",
            "position": "249483",
            "replay": "real-time"
        },
        {
            "change_type": "",
            "gameTime": "2 - 04:14",
            "label": "",
            "position": "254112",
            "replay": "other"
        },
        {
            "change_type": "",
            "gameTime": "2 - 04:16",
            "label": "",
            "position": "256916",
            "replay": "other"
        },
        {
            "change_type": "",
            "gameTime": "2 - 04:20",
            "label": "",
            "position": "260550",
            "replay": "other"
        },
        {
            "change_type": "",
            "gameTime": "2 - 05:27",
            "label": "",
            "position": "327665",
            "replay": "real-time"
        },
        {
            "change_type": "",
            "gameTime": "2 - 05:34",
            "label": "",
            "link": "",
            "position": "334328",
            "replay": "replay"
        },
        {
            "change_type": "",
            "gameTime": "2 - 05:39",
            "label": "",
            "position": "339198",
            "replay": "other"
        },
        {
            "change_type": "",
            "gameTime": "2 - 06:24",
            "label": "",
            "position": "384057",
            "replay": "real-time"
        },
        {
            "change_type": "",
            "gameTime": "2 - 06:29",
            "label": "",
            "link": "",
            "position": "389507",
            "replay": "replay"
        },
        {
            "change_type": "",
            "gameTime": "2 - 06:33",
            "label": "",
            "link": "",
            "position": "393699",
            "replay": "replay"
        },
        {
            "change_type": "",
            "gameTime": "2 - 06:35",
            "label": "",
            "position": "395912",
            "replay": "other"
        },
        {
            "change_type": "",
            "gameTime": "2 - 07:34",
            "label": "",
            "position": "454456",
            "replay": "real-time"
        },
        {
            "change_type": "",
            "gameTime": "2 - 07:40",
            "label": "",
            "link": "",
            "position": "460411",
            "replay": "replay"
        },
        {
            "change_type": "",
            "gameTime": "2 - 07:44",
            "label": "",
            "link": "",
            "position": "464024",
            "replay": "replay"
        },
        {
            "change_type": "",
            "gameTime": "2 - 07:47",
            "label": "",
            "position": "467057",
            "replay": "other"
        },
        {
            "change_type": "",
            "gameTime": "2 - 08:10",
            "label": "",
            "position": "490335",
            "replay": "real-time"
        },
        {
            "change_type": "",
            "gameTime": "2 - 08:18",
            "label": "",
            "link": "",
            "position": "498410",
            "replay": "replay"
        },
        {
            "change_type": "",
            "gameTime": "2 - 08:47",
            "label": "",
            "position": "527735",
            "replay": "real-time"
        },
        {
            "change_type": "",
            "gameTime": "2 - 08:55",
            "label": "",
            "link": "",
            "position": "535538",
            "replay": "replay"
        },
        {
            "change_type": "",
            "gameTime": "2 - 08:57",
            "label": "",
            "position": "537725",
            "replay": "other"
        },
        {
            "change_type": "",
            "gameTime": "2 - 10:09",
            "label": "",
            "position": "609405",
            "replay": "real-time"
        },
        {
            "change_type": "",
            "gameTime": "2 - 10:14",
            "label": "",
            "link": "",
            "position": "614361",
            "replay": "replay"
        },
        {
            "change_type": "",
            "gameTime": "2 - 10:21",
            "label": "",
            "link": "",
            "position": "621056",
            "replay": "replay"
        },
        {
            "change_type": "",
            "gameTime": "2 - 10:25",
            "label": "",
            "link": "",
            "position": "625043",
            "replay": "replay"
        },
        {
            "change_type": "",
            "gameTime": "2 - 10:29",
            "label": "",
            "position": "629143",
            "replay": "other"
        },
        {
            "change_type": "",
            "gameTime": "2 - 10:33",
            "label": "",
            "position": "633766",
            "replay": "other"
        },
        {
            "change_type": "",
            "gameTime": "2 - 10:40",
            "label": "",
            "position": "640258",
            "replay": "other"
        },
        {
            "change_type": "",
            "gameTime": "2 - 11:40",
            "label": "",
            "position": "700668",
            "replay": "real-time"
        },
        {
            "change_type": "",
            "gameTime": "2 - 11:48",
            "label": "",
            "link": "",
            "position": "708026",
            "replay": "replay"
        },
        {
            "change_type": "",
            "gameTime": "2 - 17:20",
            "label": "",
            "position": "1040868",
            "replay": "real-time"
        },
        {
            "change_type": "",
            "gameTime": "2 - 17:43",
            "label": "",
            "link": "",
            "position": "1063331",
            "replay": "replay"
        },
        {
            "change_type": "",
            "gameTime": "2 - 18:07",
            "label": "",
            "position": "1087365",
            "replay": "real-time"
        },
        {
            "change_type": "",
            "gameTime": "2 - 18:12",
            "label": "",
            "link": "",
            "position": "1092153",
            "replay": "replay"
        },
        {
            "change_type": "",
            "gameTime": "2 - 18:18",
            "label": "",
            "link": "",
            "position": "1098548",
            "replay": "replay"
        },
        {
            "change_type": "",
            "gameTime": "2 - 19:09",
            "label": "",
            "position": "1149874",
            "replay": "real-time"
        },
        {
            "change_type": "",
            "gameTime": "2 - 19:13",
            "label": "",
            "position": "1153722",
            "replay": "other"
        },
        {
            "change_type": "",
            "gameTime": "2 - 19:19",
            "label": "",
            "position": "1159991",
            "replay": "other"
        },
        {
            "change_type": "",
            "gameTime": "2 - 19:53",
            "label": "",
            "position": "1193663",
            "replay": "real-time"
        },
        {
            "change_type": "",
            "gameTime": "2 - 20:03",
            "label": "",
            "link": "",
            "position": "1203499",
            "replay": "replay"
        },
        {
            "change_type": "",
            "gameTime": "2 - 20:27",
            "label": "",
            "position": "1227156",
            "replay": "real-time"
        },
        {
            "change_type": "",
            "gameTime": "2 - 20:41",
            "label": "",
            "link": "",
            "position": "1241428",
            "replay": "replay"
        },
        {
            "change_type": "",
            "gameTime": "2 - 22:13",
            "label": "",
            "position": "1333449",
            "replay": "real-time"
        },
        {
            "change_type": "",
            "gameTime": "2 - 22:21",
            "label": "",
            "link": "",
            "position": "1341475",
            "replay": "replay"
        },
        {
            "change_type": "",
            "gameTime": "2 - 23:14",
            "label": "",
            "position": "1394287",
            "replay": "real-time"
        },
        {
            "change_type": "",
            "gameTime": "2 - 23:19",
            "label": "",
            "position": "1399811",
            "replay": "other"
        },
        {
            "change_type": "",
            "gameTime": "2 - 23:24",
            "label": "",
            "position": "1404297",
            "replay": "other"
        },
        {
            "change_type": "",
            "gameTime": "2 - 23:33",
            "label": "",
            "link": "",
            "position": "1413262",
            "replay": "replay"
        },
        {
            "change_type": "",
            "gameTime": "2 - 23:53",
            "label": "",
            "position": "1433667",
            "replay": "real-time"
        },
        {
            "change_type": "",
            "gameTime": "2 - 23:58",
            "label": "",
            "link": "",
            "position": "1438950",
            "replay": "replay"
        },
        {
            "change_type": "",
            "gameTime": "2 - 24:04",
            "label": "",
            "position": "1444694",
            "replay": "other"
        },
        {
            "change_type": "",
            "gameTime": "2 - 26:01",
            "label": "",
            "position": "1561590",
            "replay": "real-time"
        },
        {
            "change_type": "",
            "gameTime": "2 - 26:07",
            "label": "",
            "link": "",
            "position": "1567246",
            "replay": "replay"
        },
        {
            "change_type": "",
            "gameTime": "2 - 26:12",
            "label": "",
            "link": "",
            "position": "1572520",
            "replay": "replay"
        },
        {
            "change_type": "",
            "gameTime": "2 - 26:17",
            "label": "",
            "link": "",
            "position": "1577615",
            "replay": "replay"
        },
        {
            "change_type": "",
            "gameTime": "2 - 26:22",
            "label": "",
            "position": "1582967",
            "replay": "other"
        },
        {
            "change_type": "",
            "gameTime": "2 - 26:27",
            "label": "",
            "position": "1587808",
            "replay": "other"
        },
        {
            "change_type": "",
            "gameTime": "2 - 26:53",
            "label": "",
            "position": "1613422",
            "replay": "real-time"
        },
        {
            "change_type": "",
            "gameTime": "2 - 27:01",
            "label": "",
            "link": "",
            "position": "1621330",
            "replay": "replay"
        },
        {
            "change_type": "",
            "gameTime": "2 - 27:04",
            "label": "",
            "position": "1624656",
            "replay": "other"
        },
        {
            "change_type": "",
            "gameTime": "2 - 27:11",
            "label": "",
            "position": "1631056",
            "replay": "other"
        },
        {
            "change_type": "",
            "gameTime": "2 - 28:24",
            "label": "",
            "position": "1704117",
            "replay": "real-time"
        },
        {
            "change_type": "",
            "gameTime": "2 - 28:29",
            "label": "",
            "link": "",
            "position": "1709325",
            "replay": "replay"
        },
        {
            "change_type": "",
            "gameTime": "2 - 32:20",
            "label": "",
            "position": "1940344",
            "replay": "real-time"
        },
        {
            "change_type": "",
            "gameTime": "2 - 32:27",
            "label": "",
            "position": "1947091",
            "replay": "other"
        },
        {
            "change_type": "",
            "gameTime": "2 - 32:29",
            "label": "",
            "position": "1949936",
            "replay": "other"
        },
        {
            "change_type": "",
            "gameTime": "2 - 32:32",
            "label": "",
            "position": "1952956",
            "replay": "other"
        },
        {
            "change_type": "",
            "gameTime": "2 - 32:49",
            "label": "",
            "position": "1969854",
            "replay": "real-time"
        },
        {
            "change_type": "",
            "gameTime": "2 - 33:00",
            "label": "",
            "link": "",
            "position": "1980309",
            "replay": "replay"
        },
        {
            "change_type": "",
            "gameTime": "2 - 33:11",
            "label": "",
            "position": "1991697",
            "replay": "other"
        },
        {
            "change_type": "",
            "gameTime": "2 - 35:04",
            "label": "",
            "position": "2104665",
            "replay": "real-time"
        },
        {
            "change_type": "",
            "gameTime": "2 - 35:10",
            "label": "",
            "link": "",
            "position": "2110260",
            "replay": "replay"
        },
        {
            "change_type": "",
            "gameTime": "2 - 35:16",
            "label": "",
            "link": "",
            "position": "2116101",
            "replay": "replay"
        },
        {
            "change_type": "",
            "gameTime": "2 - 35:19",
            "label": "",
            "position": "2119833",
            "replay": "other"
        },
        {
            "change_type": "",
            "gameTime": "2 - 37:02",
            "label": "",
            "position": "2222516",
            "replay": "real-time"
        },
        {
            "change_type": "",
            "gameTime": "2 - 37:08",
            "label": "",
            "position": "2228789",
            "replay": "other"
        },
        {
            "change_type": "",
            "gameTime": "2 - 39:24",
            "label": "",
            "position": "2364288",
            "replay": "real-time"
        },
        {
            "change_type": "",
            "gameTime": "2 - 39:31",
            "label": "",
            "position": "2371714",
            "replay": "other"
        },
        {
            "change_type": "",
            "gameTime": "2 - 40:46",
            "label": "",
            "position": "2446155",
            "replay": "real-time"
        },
        {
            "change_type": "",
            "gameTime": "2 - 40:51",
            "label": "",
            "link": "",
            "position": "2451204",
            "replay": "replay"
        },
        {
            "change_type": "",
            "gameTime": "2 - 42:41",
            "label": "",
            "position": "2561480",
            "replay": "real-time"
        },
        {
            "change_type": "",
            "gameTime": "2 - 42:47",
            "label": "",
            "link": "",
            "position": "2567089",
            "replay": "replay"
        },
        {
            "change_type": "",
            "gameTime": "2 - 45:53",
            "label": "",
            "position": "2753680",
            "replay": "real-time"
        },
        {
            "change_type": "",
            "gameTime": "2 - 45:58",
            "label": "",
            "link": "",
            "position": "2758013",
            "replay": "replay"
        },
        {
            "change_type": "",
            "gameTime": "2 - 46:01",
            "label": "",
            "link": "",
            "position": "2761726",
            "replay": "replay"
        },
        {
            "change_type": "",
            "gameTime": "2 - 46:05",
            "label": "",
            "position": "2765883",
            "replay": "other"
        },
        {
            "change_type": "",
            "gameTime": "2 - 46:48",
            "label": "",
            "position": "2808698",
            "replay": "real-time"
        },
        {
            "change_type": "",
            "gameTime": "2 - 46:56",
            "label": "",
            "link": "",
            "position": "2816995",
            "replay": "replay"
        },
        {
            "change_type": "",
            "gameTime": "2 - 48:08",
            "label": "",
            "position": "2888527",
            "replay": "real-time"
        },
        {
            "change_type": "",
            "gameTime": "2 - 48:15",
            "label": "",
            "position": "2895785",
            "replay": "other"
        },
        {
            "change_type": "",
            "gameTime": "2 - 48:20",
            "label": "",
            "link": "",
            "position": "2900676",
            "replay": "replay"
        },
        {
            "change_type": "",
            "gameTime": "2 - 48:24",
            "label": "",
            "link": "",
            "position": "2904590",
            "replay": "replay"
        }
    ],
    "gameAwayTeam": "Barcelona",
    "gameDate": "2017-04-11 - 18-00",
    "gameHomeTeam": "Juventus",
    "gameScore": "3 - 0"
}