{
    "UrlLocal": "europe_uefa-champions-league/2016-2017/2016-12-06 - 18-00 Basel 1 - 4 Arsenal",
    "UrlYoutube": "",
    "annotations": [
        {
            "change_type": "",
            "gameTime": "1 - 02:08",
            "label": "",
            "position": "128768",
            "replay": "real-time"
        },
        {
            "change_type": "",
            "gameTime": "1 - 02:15",
            "label": "",
            "link": "",
            "position": "135980",
            "replay": "replay"
        },
        {
            "change_type": "",
            "gameTime": "1 - 02:19",
            "label": "",
            "position": "139469",
            "replay": "other"
        },
        {
            "change_type": "",
            "gameTime": "1 - 03:12",
            "label": "",
            "position": "192111",
            "replay": "real-time"
        },
        {
            "change_type": "",
            "gameTime": "1 - 03:18",
            "label": "",
            "link": "",
            "position": "198381",
            "replay": "replay"
        },
        {
            "change_type": "",
            "gameTime": "1 - 03:24",
            "label": "",
            "position": "204456",
            "replay": "other"
        },
        {
            "change_type": "",
            "gameTime": "1 - 03:29",
            "label": "",
            "position": "209947",
            "replay": "other"
        },
        {
            "change_type": "",
            "gameTime": "1 - 08:04",
            "label": "",
            "position": "484024",
            "replay": "real-time"
        },
        {
            "change_type": "",
            "gameTime": "1 - 08:17",
            "label": "",
            "link": "",
            "position": "497396",
            "replay": "replay"
        },
        {
            "change_type": "",
            "gameTime": "1 - 08:28",
            "label": "",
            "link": "",
            "position": "508969",
            "replay": "replay"
        },
        {
            "change_type": "",
            "gameTime": "1 - 08:34",
            "label": "",
            "position": "514604",
            "replay": "other"
        },
        {
            "change_type": "",
            "gameTime": "1 - 10:43",
            "label": "",
            "position": "643155",
            "replay": "real-time"
        },
        {
            "change_type": "",
            "gameTime": "1 - 10:56",
            "label": "",
            "link": "",
            "position": "656847",
            "replay": "replay"
        },
        {
            "change_type": "",
            "gameTime": "1 - 12:50",
            "label": "",
            "position": "770433",
            "replay": "real-time"
        },
        {
            "change_type": "",
            "gameTime": "1 - 13:01",
            "label": "",
            "link": "",
            "position": "781933",
            "replay": "replay"
        },
        {
            "change_type": "",
            "gameTime": "1 - 13:11",
            "label": "",
            "link": "",
            "position": "791424",
            "replay": "replay"
        },
        {
            "change_type": "",
            "gameTime": "1 - 13:16",
            "label": "",
            "position": "796312",
            "replay": "other"
        },
        {
            "change_type": "",
            "gameTime": "1 - 15:23",
            "label": "",
            "position": "923913",
            "replay": "real-time"
        },
        {
            "change_type": "",
            "gameTime": "1 - 15:37",
            "label": "",
            "link": "",
            "position": "937559",
            "replay": "replay"
        },
        {
            "change_type": "",
            "gameTime": "1 - 15:49",
            "label": "",
            "link": "",
            "position": "949762",
            "replay": "replay"
        },
        {
            "change_type": "",
            "gameTime": "1 - 15:56",
            "label": "",
            "link": "",
            "position": "956367",
            "replay": "replay"
        },
        {
            "change_type": "",
            "gameTime": "1 - 16:00",
            "label": "",
            "position": "960795",
            "replay": "other"
        },
        {
            "change_type": "",
            "gameTime": "1 - 18:08",
            "label": "",
            "position": "1088543",
            "replay": "real-time"
        },
        {
            "change_type": "",
            "gameTime": "1 - 18:17",
            "label": "",
            "link": "",
            "position": "1097179",
            "replay": "replay"
        },
        {
            "change_type": "",
            "gameTime": "1 - 20:23",
            "label": "",
            "position": "1223015",
            "replay": "real-time"
        },
        {
            "change_type": "",
            "gameTime": "1 - 20:33",
            "label": "",
            "link": "",
            "position": "1233955",
            "replay": "replay"
        },
        {
            "change_type": "",
            "gameTime": "1 - 20:40",
            "label": "",
            "link": "",
            "position": "1240737",
            "replay": "replay"
        },
        {
            "change_type": "",
            "gameTime": "1 - 22:56",
            "label": "",
            "position": "1376316",
            "replay": "real-time"
        },
        {
            "change_type": "",
            "gameTime": "1 - 23:01",
            "label": "",
            "link": "",
            "position": "1381190",
            "replay": "replay"
        },
        {
            "change_type": "",
            "gameTime": "1 - 24:21",
            "label": "",
            "position": "1461548",
            "replay": "real-time"
        },
        {
            "change_type": "",
            "gameTime": "1 - 24:30",
            "label": "",
            "link": "",
            "position": "1470214",
            "replay": "replay"
        },
        {
            "change_type": "",
            "gameTime": "1 - 26:16",
            "label": "",
            "position": "1576125",
            "replay": "real-time"
        },
        {
            "change_type": "",
            "gameTime": "1 - 26:24",
            "label": "",
            "link": "",
            "position": "1584362",
            "replay": "replay"
        },
        {
            "change_type": "",
            "gameTime": "1 - 30:40",
            "label": "",
            "position": "1840139",
            "replay": "real-time"
        },
        {
            "change_type": "",
            "gameTime": "1 - 30:51",
            "label": "",
            "link": "",
            "position": "1851217",
            "replay": "replay"
        },
        {
            "change_type": "",
            "gameTime": "1 - 31:49",
            "label": "",
            "position": "1909581",
            "replay": "real-time"
        },
        {
            "change_type": "",
            "gameTime": "1 - 31:57",
            "label": "",
            "link": "",
            "position": "1917533",
            "replay": "replay"
        },
        {
            "change_type": "",
            "gameTime": "1 - 32:37",
            "label": "",
            "position": "1957215",
            "replay": "real-time"
        },
        {
            "change_type": "",
            "gameTime": "1 - 32:45",
            "label": "",
            "position": "1965450",
            "replay": "other"
        },
        {
            "change_type": "",
            "gameTime": "1 - 32:51",
            "label": "",
            "position": "1971785",
            "replay": "other"
        },
        {
            "change_type": "",
            "gameTime": "1 - 32:56",
            "label": "",
            "position": "1976035",
            "replay": "other"
        },
        {
            "change_type": "",
            "gameTime": "1 - 33:37",
            "label": "",
            "position": "2017594",
            "replay": "real-time"
        },
        {
            "change_type": "",
            "gameTime": "1 - 33:45",
            "label": "",
            "link": "",
            "position": "2025512",
            "replay": "replay"
        },
        {
            "change_type": "",
            "gameTime": "1 - 34:32",
            "label": "",
            "position": "2072514",
            "replay": "real-time"
        },
        {
            "change_type": "",
            "gameTime": "1 - 34:40",
            "label": "",
            "position": "2080423",
            "replay": "other"
        },
        {
            "change_type": "",
            "gameTime": "1 - 35:22",
            "label": "",
            "position": "2122050",
            "replay": "real-time"
        },
        {
            "change_type": "",
            "gameTime": "1 - 35:28",
            "label": "",
            "link": "",
            "position": "2128851",
            "replay": "replay"
        },
        {
            "change_type": "",
            "gameTime": "1 - 35:34",
            "label": "",
            "link": "",
            "position": "2134566",
            "replay": "replay"
        },
        {
            "change_type": "",
            "gameTime": "1 - 37:06",
            "label": "",
            "position": "2226794",
            "replay": "real-time"
        },
        {
            "change_type": "",
            "gameTime": "1 - 37:17",
            "label": "",
            "position": "2237085",
            "replay": "other"
        },
        {
            "change_type": "",
            "gameTime": "1 - 39:10",
            "label": "",
            "position": "2350753",
            "replay": "real-time"
        },
        {
            "change_type": "",
            "gameTime": "1 - 39:16",
            "label": "",
            "position": "2356716",
            "replay": "other"
        },
        {
            "change_type": "",
            "gameTime": "1 - 39:44",
            "label": "",
            "position": "2384710",
            "replay": "real-time"
        },
        {
            "change_type": "",
            "gameTime": "1 - 39:51",
            "label": "",
            "link": "",
            "position": "2391870",
            "replay": "replay"
        },
        {
            "change_type": "",
            "gameTime": "1 - 39:59",
            "label": "",
            "link": "",
            "position": "2399049",
            "replay": "replay"
        },
        {
            "change_type": "",
            "gameTime": "1 - 40:15",
            "label": "",
            "link": "",
            "position": "2415572",
            "replay": "replay"
        },
        {
            "change_type": "",
            "gameTime": "1 - 40:19",
            "label": "",
            "position": "2419758",
            "replay": "other"
        },
        {
            "change_type": "",
            "gameTime": "1 - 42:56",
            "label": "",
            "position": "2576451",
            "replay": "real-time"
        },
        {
            "change_type": "",
            "gameTime": "1 - 43:10",
            "label": "",
            "link": "",
            "position": "2590781",
            "replay": "replay"
        },
        {
            "change_type": "",
            "gameTime": "1 - 43:16",
            "label": "",
            "link": "",
            "position": "2596145",
            "replay": "replay"
        },
        {
            "change_type": "",
            "gameTime": "1 - 43:21",
            "label": "",
            "position": "2601479",
            "replay": "other"
        },
        {
            "change_type": "",
            "gameTime": "2 - 01:00",
            "label": "",
            "position": "60036",
            "replay": "real-time"
        },
        {
            "change_type": "",
            "gameTime": "2 - 01:06",
            "label": "",
            "link": "",
            "position": "66318",
            "replay": "replay"
        },
        {
            "change_type": "",
            "gameTime": "2 - 01:50",
            "label": "",
            "position": "110444",
            "replay": "real-time"
        },
        {
            "change_type": "",
            "gameTime": "2 - 02:01",
            "label": "",
            "link": "",
            "position": "121635",
            "replay": "replay"
        },
        {
            "change_type": "",
            "gameTime": "2 - 02:13",
            "label": "",
            "link": "",
            "position": "133848",
            "replay": "replay"
        },
        {
            "change_type": "",
            "gameTime": "2 - 02:18",
            "label": "",
            "link": "",
            "position": "138801",
            "replay": "replay"
        },
        {
            "change_type": "",
            "gameTime": "2 - 02:24",
            "label": "",
            "position": "144522",
            "replay": "other"
        },
        {
            "change_type": "",
            "gameTime": "2 - 02:27",
            "label": "",
            "position": "147808",
            "replay": "other"
        },
        {
            "change_type": "",
            "gameTime": "2 - 04:07",
            "label": "",
            "position": "247665",
            "replay": "real-time"
        },
        {
            "change_type": "",
            "gameTime": "2 - 04:19",
            "label": "",
            "link": "",
            "position": "259165",
            "replay": "replay"
        },
        {
            "change_type": "",
            "gameTime": "2 - 05:26",
            "label": "",
            "position": "326341",
            "replay": "real-time"
        },
        {
            "change_type": "",
            "gameTime": "2 - 05:34",
            "label": "",
            "link": "",
            "position": "334563",
            "replay": "replay"
        },
        {
            "change_type": "",
            "gameTime": "2 - 05:38",
            "label": "",
            "link": "",
            "position": "338916",
            "replay": "replay"
        },
        {
            "change_type": "",
            "gameTime": "2 - 08:18",
            "label": "",
            "position": "498339",
            "replay": "real-time"
        },
        {
            "change_type": "",
            "gameTime": "2 - 08:32",
            "label": "",
            "link": "",
            "position": "512795",
            "replay": "replay"
        },
        {
            "change_type": "",
            "gameTime": "2 - 08:52",
            "label": "",
            "link": "",
            "position": "532474",
            "replay": "replay"
        },
        {
            "change_type": "",
            "gameTime": "2 - 09:35",
            "label": "",
            "position": "575353",
            "replay": "real-time"
        },
        {
            "change_type": "",
            "gameTime": "2 - 09:44",
            "label": "",
            "link": "",
            "position": "584335",
            "replay": "replay"
        },
        {
            "change_type": "",
            "gameTime": "2 - 09:48",
            "label": "",
            "position": "588955",
            "replay": "other"
        },
        {
            "change_type": "",
            "gameTime": "2 - 09:52",
            "label": "",
            "position": "592822",
            "replay": "other"
        },
        {
            "change_type": "",
            "gameTime": "2 - 12:06",
            "label": "",
            "position": "726113",
            "replay": "real-time"
        },
        {
            "change_type": "",
            "gameTime": "2 - 12:14",
            "label": "",
            "link": "",
            "position": "734148",
            "replay": "replay"
        },
        {
            "change_type": "",
            "gameTime": "2 - 15:47",
            "label": "",
            "position": "947363",
            "replay": "real-time"
        },
        {
            "change_type": "",
            "gameTime": "2 - 15:55",
            "label": "",
            "link": "",
            "position": "955513",
            "replay": "replay"
        },
        {
            "change_type": "",
            "gameTime": "2 - 16:03",
            "label": "",
            "link": "",
            "position": "963690",
            "replay": "replay"
        },
        {
            "change_type": "",
            "gameTime": "2 - 16:28",
            "label": "",
            "position": "988096",
            "replay": "real-time"
        },
        {
            "change_type": "",
            "gameTime": "2 - 16:41",
            "label": "",
            "link": "",
            "position": "1001221",
            "replay": "replay"
        },
        {
            "change_type": "",
            "gameTime": "2 - 18:50",
            "label": "",
            "position": "1130753",
            "replay": "real-time"
        },
        {
            "change_type": "",
            "gameTime": "2 - 18:57",
            "label": "",
            "link": "",
            "position": "1137508",
            "replay": "replay"
        },
        {
            "change_type": "",
            "gameTime": "2 - 19:55",
            "label": "",
            "position": "1195384",
            "replay": "real-time"
        },
        {
            "change_type": "",
            "gameTime": "2 - 20:04",
            "label": "",
            "link": "",
            "position": "1204720",
            "replay": "replay"
        },
        {
            "change_type": "",
            "gameTime": "2 - 20:10",
            "label": "",
            "link": "",
            "position": "1210958",
            "replay": "replay"
        },
        {
            "change_type": "",
            "gameTime": "2 - 20:34",
            "label": "",
            "position": "1234754",
            "replay": "real-time"
        },
        {
            "change_type": "",
            "gameTime": "2 - 20:40",
            "label": "",
            "position": "1240146",
            "replay": "other"
        },
        {
            "change_type": "",
            "gameTime": "2 - 21:18",
            "label": "",
            "position": "1278347",
            "replay": "real-time"
        },
        {
            "change_type": "",
            "gameTime": "2 - 21:22",
            "label": "",
            "link": "",
            "position": "1282980",
            "replay": "replay"
        },
        {
            "change_type": "",
            "gameTime": "2 - 21:30",
            "label": "",
            "link": "",
            "position": "1290650",
            "replay": "replay"
        },
        {
            "change_type": "",
            "gameTime": "2 - 23:42",
            "label": "",
            "position": "1422957",
            "replay": "real-time"
        },
        {
            "change_type": "",
            "gameTime": "2 - 23:53",
            "label": "",
            "position": "1433578",
            "replay": "other"
        },
        {
            "change_type": "",
            "gameTime": "2 - 24:09",
            "label": "",
            "position": "1449050",
            "replay": "real-time"
        },
        {
            "change_type": "",
            "gameTime": "2 - 24:13",
            "label": "",
            "link": "",
            "position": "1453529",
            "replay": "replay"
        },
        {
            "change_type": "",
            "gameTime": "2 - 24:19",
            "label": "",
            "position": "1459145",
            "replay": "other"
        },
        {
            "change_type": "",
            "gameTime": "2 - 27:49",
            "label": "",
            "position": "1669608",
            "replay": "real-time"
        },
        {
            "change_type": "",
            "gameTime": "2 - 27:55",
            "label": "",
            "link": "",
            "position": "1675999",
            "replay": "replay"
        },
        {
            "change_type": "",
            "gameTime": "2 - 28:05",
            "label": "",
            "link": "",
            "position": "1685644",
            "replay": "replay"
        },
        {
            "change_type": "",
            "gameTime": "2 - 32:40",
            "label": "",
            "position": "1960816",
            "replay": "real-time"
        },
        {
            "change_type": "",
            "gameTime": "2 - 32:50",
            "label": "",
            "link": "",
            "position": "1970118",
            "replay": "replay"
        },
        {
            "change_type": "",
            "gameTime": "2 - 33:02",
            "label": "",
            "link": "",
            "position": "1982242",
            "replay": "replay"
        },
        {
            "change_type": "",
            "gameTime": "2 - 33:05",
            "label": "",
            "position": "1985792",
            "replay": "other"
        },
        {
            "change_type": "",
            "gameTime": "2 - 33:38",
            "label": "",
            "position": "2018467",
            "replay": "real-time"
        },
        {
            "change_type": "",
            "gameTime": "2 - 33:47",
            "label": "",
            "link": "",
            "position": "2027094",
            "replay": "replay"
        },
        {
            "change_type": "",
            "gameTime": "2 - 33:52",
            "label": "",
            "position": "2032082",
            "replay": "other"
        },
        {
            "change_type": "",
            "gameTime": "2 - 34:48",
            "label": "",
            "position": "2088468",
            "replay": "real-time"
        },
        {
            "change_type": "",
            "gameTime": "2 - 34:59",
            "label": "",
            "link": "",
            "position": "2099326",
            "replay": "replay"
        },
        {
            "change_type": "",
            "gameTime": "2 - 35:09",
            "label": "",
            "link": "",
            "position": "2109424",
            "replay": "replay"
        },
        {
            "change_type": "",
            "gameTime": "2 - 36:31",
            "label": "",
            "position": "2191234",
            "replay": "real-time"
        },
        {
            "change_type": "",
            "gameTime": "2 - 36:44",
            "label": "",
            "link": "",
            "position": "2204180",
            "replay": "replay"
        },
        {
            "change_type": "",
            "gameTime": "2 - 37:42",
            "label": "",
            "position": "2262322",
            "replay": "real-time"
        },
        {
            "change_type": "",
            "gameTime": "2 - 37:50",
            "label": "",
            "link": "",
            "position": "2270466",
            "replay": "replay"
        },
        {
            "change_type": "",
            "gameTime": "2 - 39:45",
            "label": "",
            "position": "2385019",
            "replay": "real-time"
        },
        {
            "change_type": "",
            "gameTime": "2 - 39:52",
            "label": "",
            "link": "",
            "position": "2392308",
            "replay": "replay"
        },
        {
            "change_type": "",
            "gameTime": "2 - 43:13",
            "label": "",
            "position": "2593361",
            "replay": "real-time"
        },
        {
            "change_type": "",
            "gameTime": "2 - 43:21",
            "label": "",
            "position": "2601900",
            "replay": "other"
        }
    ],
    "gameAwayTeam": "Arsenal",
    "gameDate": "2016-12-06 - 18-00",
    "gameHomeTeam": "Basel",
    "gameScore": "1 - 4"
}