{
    "UrlLocal": "europe_uefa-champions-league/2016-2017/2016-11-06 - 18-00 Ludogorets Razgrad 2 - 3 Arsenal",
    "predictions": [
        {
            "gameTime": "1 - 41:9",
            "label": "subs",
            "position": "2469500",
            "half": "1",
            "confidence": "0.6338035464286804"
        },
        {
            "gameTime": "1 - 14:44",
            "label": "soccer",
            "position": "884500",
            "half": "1",
            "confidence": "0.7717118263244629"
        },
        {
            "gameTime": "1 - 19:57",
            "label": "soccer",
            "position": "1197000",
            "half": "1",
            "confidence": "0.7649661302566528"
        },
        {
            "gameTime": "1 - 11:36",
            "label": "soccer",
            "position": "696000",
            "half": "1",
            "confidence": "0.6581918597221375"
        },
        {
            "gameTime": "2 - 20:45",
            "label": "card",
            "position": "1245500",
            "half": "2",
            "confidence": "0.5503974556922913"
        },
        {
            "gameTime": "2 - 29:36",
            "label": "subs",
            "position": "1776500",
            "half": "2",
            "confidence": "0.9806097149848938"
        },
        {
            "gameTime": "2 - 29:46",
            "label": "subs",
            "position": "1786500",
            "half": "2",
            "confidence": "0.917615532875061"
        },
        {
            "gameTime": "2 - 34:23",
            "label": "subs",
            "position": "2063500",
            "half": "2",
            "confidence": "0.9109123349189758"
        },
        {
            "gameTime": "2 - 41:24",
            "label": "subs",
            "position": "2484500",
            "half": "2",
            "confidence": "0.9032025337219238"
        },
        {
            "gameTime": "2 - 44:49",
            "label": "subs",
            "position": "2689000",
            "half": "2",
            "confidence": "0.8606110215187073"
        },
        {
            "gameTime": "2 - 44:59",
            "label": "subs",
            "position": "2699000",
            "half": "2",
            "confidence": "0.7351287007331848"
        },
        {
            "gameTime": "2 - 41:34",
            "label": "subs",
            "position": "2494500",
            "half": "2",
            "confidence": "0.6872198581695557"
        },
        {
            "gameTime": "2 - 42:28",
            "label": "subs",
            "position": "2548500",
            "half": "2",
            "confidence": "0.6649044156074524"
        },
        {
            "gameTime": "2 - 42:4",
            "label": "soccer",
            "position": "2524000",
            "half": "2",
            "confidence": "0.6987465023994446"
        }
    ]
}