{
    "UrlLocal": "europe_uefa-champions-league/2014-2015/2015-03-17 - 22-45 Monaco 0 - 2 Arsenal",
    "predictions": [
        {
            "gameTime": "1 - 4:6",
            "label": "card",
            "position": "246000",
            "half": "1",
            "confidence": "0.8725063800811768"
        },
        {
            "gameTime": "1 - 41:46",
            "label": "card",
            "position": "2506500",
            "half": "1",
            "confidence": "0.6022387742996216"
        },
        {
            "gameTime": "1 - 4:16",
            "label": "card",
            "position": "256000",
            "half": "1",
            "confidence": "0.5614784955978394"
        },
        {
            "gameTime": "2 - 6:53",
            "label": "card",
            "position": "413500",
            "half": "2",
            "confidence": "0.9521769881248474"
        },
        {
            "gameTime": "2 - 6:43",
            "label": "card",
            "position": "403000",
            "half": "2",
            "confidence": "0.8002158999443054"
        },
        {
            "gameTime": "2 - 17:13",
            "label": "subs",
            "position": "1033000",
            "half": "2",
            "confidence": "0.9781025052070618"
        },
        {
            "gameTime": "2 - 14:5",
            "label": "subs",
            "position": "845500",
            "half": "2",
            "confidence": "0.9647839069366455"
        },
        {
            "gameTime": "2 - 40:41",
            "label": "subs",
            "position": "2441000",
            "half": "2",
            "confidence": "0.9597563147544861"
        },
        {
            "gameTime": "2 - 17:23",
            "label": "subs",
            "position": "1043500",
            "half": "2",
            "confidence": "0.9465230703353882"
        },
        {
            "gameTime": "2 - 40:51",
            "label": "subs",
            "position": "2451000",
            "half": "2",
            "confidence": "0.9453350305557251"
        },
        {
            "gameTime": "2 - 13:46",
            "label": "subs",
            "position": "826500",
            "half": "2",
            "confidence": "0.9251479506492615"
        },
        {
            "gameTime": "2 - 24:15",
            "label": "subs",
            "position": "1455000",
            "half": "2",
            "confidence": "0.9206996560096741"
        },
        {
            "gameTime": "2 - 24:4",
            "label": "subs",
            "position": "1444500",
            "half": "2",
            "confidence": "0.8734957575798035"
        },
        {
            "gameTime": "2 - 37:26",
            "label": "subs",
            "position": "2246500",
            "half": "2",
            "confidence": "0.7825927138328552"
        },
        {
            "gameTime": "2 - 37:16",
            "label": "subs",
            "position": "2236000",
            "half": "2",
            "confidence": "0.5311713814735413"
        },
        {
            "gameTime": "2 - 7:42",
            "label": "soccer",
            "position": "462000",
            "half": "2",
            "confidence": "0.5295912027359009"
        }
    ]
}