{
    "UrlLocal": "england_epl/2016-2017/2017-03-18 - 18-00 West Brom 3 - 1 Arsenal",
    "predictions": [
        {
            "gameTime": "1 - 14:36",
            "label": "Goal",
            "position": "876000",
            "half": "1",
            "confidence": "0.848922848701477"
        },
        {
            "gameTime": "1 - 11:53",
            "label": "Goal",
            "position": "713500",
            "half": "1",
            "confidence": "0.5036807060241699"
        },
        {
            "gameTime": "1 - 37:17",
            "label": "Substitution",
            "position": "2237000",
            "half": "1",
            "confidence": "0.8076990246772766"
        },
        {
            "gameTime": "1 - 14:36",
            "label": "Shots on target",
            "position": "876000",
            "half": "1",
            "confidence": "0.6028056740760803"
        },
        {
            "gameTime": "1 - 47:6",
            "label": "Clearance",
            "position": "2826000",
            "half": "1",
            "confidence": "0.949634850025177"
        },
        {
            "gameTime": "1 - 39:3",
            "label": "Clearance",
            "position": "2343000",
            "half": "1",
            "confidence": "0.895214855670929"
        },
        {
            "gameTime": "1 - 39:13",
            "label": "Clearance",
            "position": "2353500",
            "half": "1",
            "confidence": "0.6925694346427917"
        },
        {
            "gameTime": "1 - 30:31",
            "label": "Ball out of play",
            "position": "1831000",
            "half": "1",
            "confidence": "0.9099939465522766"
        },
        {
            "gameTime": "1 - 10:15",
            "label": "Ball out of play",
            "position": "615500",
            "half": "1",
            "confidence": "0.8794514536857605"
        },
        {
            "gameTime": "1 - 9:9",
            "label": "Ball out of play",
            "position": "549500",
            "half": "1",
            "confidence": "0.8778814077377319"
        },
        {
            "gameTime": "1 - 23:40",
            "label": "Ball out of play",
            "position": "1420500",
            "half": "1",
            "confidence": "0.8586775064468384"
        },
        {
            "gameTime": "1 - 8:59",
            "label": "Ball out of play",
            "position": "539000",
            "half": "1",
            "confidence": "0.8491611480712891"
        },
        {
            "gameTime": "1 - 33:7",
            "label": "Ball out of play",
            "position": "1987500",
            "half": "1",
            "confidence": "0.8439503312110901"
        },
        {
            "gameTime": "1 - 9:36",
            "label": "Ball out of play",
            "position": "576500",
            "half": "1",
            "confidence": "0.8420846462249756"
        },
        {
            "gameTime": "1 - 25:47",
            "label": "Ball out of play",
            "position": "1547000",
            "half": "1",
            "confidence": "0.837066650390625"
        },
        {
            "gameTime": "1 - 27:57",
            "label": "Ball out of play",
            "position": "1677000",
            "half": "1",
            "confidence": "0.817350447177887"
        },
        {
            "gameTime": "1 - 30:41",
            "label": "Ball out of play",
            "position": "1841000",
            "half": "1",
            "confidence": "0.817237913608551"
        },
        {
            "gameTime": "1 - 22:20",
            "label": "Ball out of play",
            "position": "1340500",
            "half": "1",
            "confidence": "0.7738547325134277"
        },
        {
            "gameTime": "1 - 28:7",
            "label": "Ball out of play",
            "position": "1687000",
            "half": "1",
            "confidence": "0.7509630918502808"
        },
        {
            "gameTime": "1 - 48:4",
            "label": "Ball out of play",
            "position": "2884000",
            "half": "1",
            "confidence": "0.7437940239906311"
        },
        {
            "gameTime": "1 - 33:57",
            "label": "Ball out of play",
            "position": "2037000",
            "half": "1",
            "confidence": "0.7344803810119629"
        },
        {
            "gameTime": "1 - 7:1",
            "label": "Ball out of play",
            "position": "421000",
            "half": "1",
            "confidence": "0.7287629842758179"
        },
        {
            "gameTime": "1 - 26:25",
            "label": "Ball out of play",
            "position": "1585500",
            "half": "1",
            "confidence": "0.7265181541442871"
        },
        {
            "gameTime": "1 - 7:26",
            "label": "Ball out of play",
            "position": "446500",
            "half": "1",
            "confidence": "0.7264546751976013"
        },
        {
            "gameTime": "1 - 29:4",
            "label": "Ball out of play",
            "position": "1744500",
            "half": "1",
            "confidence": "0.704969584941864"
        },
        {
            "gameTime": "1 - 16:9",
            "label": "Ball out of play",
            "position": "969000",
            "half": "1",
            "confidence": "0.7041338086128235"
        },
        {
            "gameTime": "1 - 33:41",
            "label": "Ball out of play",
            "position": "2021500",
            "half": "1",
            "confidence": "0.7007293701171875"
        },
        {
            "gameTime": "1 - 40:31",
            "label": "Ball out of play",
            "position": "2431500",
            "half": "1",
            "confidence": "0.70000159740448"
        },
        {
            "gameTime": "1 - 14:31",
            "label": "Ball out of play",
            "position": "871000",
            "half": "1",
            "confidence": "0.6969953179359436"
        },
        {
            "gameTime": "1 - 5:4",
            "label": "Ball out of play",
            "position": "304000",
            "half": "1",
            "confidence": "0.6963355541229248"
        },
        {
            "gameTime": "1 - 25:34",
            "label": "Ball out of play",
            "position": "1534000",
            "half": "1",
            "confidence": "0.6835125088691711"
        },
        {
            "gameTime": "1 - 4:37",
            "label": "Ball out of play",
            "position": "277000",
            "half": "1",
            "confidence": "0.6833439469337463"
        },
        {
            "gameTime": "1 - 28:17",
            "label": "Ball out of play",
            "position": "1697000",
            "half": "1",
            "confidence": "0.6757559776306152"
        },
        {
            "gameTime": "1 - 9:57",
            "label": "Ball out of play",
            "position": "597500",
            "half": "1",
            "confidence": "0.6563579440116882"
        },
        {
            "gameTime": "1 - 23:30",
            "label": "Ball out of play",
            "position": "1410000",
            "half": "1",
            "confidence": "0.652593731880188"
        },
        {
            "gameTime": "1 - 11:12",
            "label": "Ball out of play",
            "position": "672000",
            "half": "1",
            "confidence": "0.6522007584571838"
        },
        {
            "gameTime": "1 - 7:11",
            "label": "Ball out of play",
            "position": "431000",
            "half": "1",
            "confidence": "0.6402000784873962"
        },
        {
            "gameTime": "1 - 22:34",
            "label": "Ball out of play",
            "position": "1354500",
            "half": "1",
            "confidence": "0.6371671557426453"
        },
        {
            "gameTime": "1 - 4:26",
            "label": "Ball out of play",
            "position": "266500",
            "half": "1",
            "confidence": "0.6227087378501892"
        },
        {
            "gameTime": "1 - 34:11",
            "label": "Ball out of play",
            "position": "2051500",
            "half": "1",
            "confidence": "0.6084041595458984"
        },
        {
            "gameTime": "1 - 32:57",
            "label": "Ball out of play",
            "position": "1977000",
            "half": "1",
            "confidence": "0.5902441740036011"
        },
        {
            "gameTime": "1 - 29:14",
            "label": "Ball out of play",
            "position": "1754500",
            "half": "1",
            "confidence": "0.5620843172073364"
        },
        {
            "gameTime": "1 - 12:53",
            "label": "Ball out of play",
            "position": "773000",
            "half": "1",
            "confidence": "0.5554948449134827"
        },
        {
            "gameTime": "1 - 46:27",
            "label": "Ball out of play",
            "position": "2787500",
            "half": "1",
            "confidence": "0.5005301237106323"
        },
        {
            "gameTime": "1 - 37:38",
            "label": "Ball out of play",
            "position": "2258000",
            "half": "1",
            "confidence": "0.5001399517059326"
        },
        {
            "gameTime": "1 - 10:15",
            "label": "Throw-in",
            "position": "615500",
            "half": "1",
            "confidence": "0.9923869371414185"
        },
        {
            "gameTime": "1 - 7:11",
            "label": "Throw-in",
            "position": "431000",
            "half": "1",
            "confidence": "0.9903318881988525"
        },
        {
            "gameTime": "1 - 7:0",
            "label": "Throw-in",
            "position": "420500",
            "half": "1",
            "confidence": "0.975599467754364"
        },
        {
            "gameTime": "1 - 7:21",
            "label": "Throw-in",
            "position": "441000",
            "half": "1",
            "confidence": "0.952567994594574"
        },
        {
            "gameTime": "1 - 10:25",
            "label": "Throw-in",
            "position": "625500",
            "half": "1",
            "confidence": "0.9334844946861267"
        },
        {
            "gameTime": "1 - 9:58",
            "label": "Throw-in",
            "position": "598500",
            "half": "1",
            "confidence": "0.9132401943206787"
        },
        {
            "gameTime": "1 - 16:39",
            "label": "Throw-in",
            "position": "999000",
            "half": "1",
            "confidence": "0.9105893969535828"
        },
        {
            "gameTime": "1 - 9:35",
            "label": "Throw-in",
            "position": "575000",
            "half": "1",
            "confidence": "0.8705763220787048"
        },
        {
            "gameTime": "1 - 28:5",
            "label": "Throw-in",
            "position": "1685000",
            "half": "1",
            "confidence": "0.8648836016654968"
        },
        {
            "gameTime": "1 - 9:45",
            "label": "Throw-in",
            "position": "585000",
            "half": "1",
            "confidence": "0.8130839467048645"
        },
        {
            "gameTime": "1 - 16:28",
            "label": "Throw-in",
            "position": "988500",
            "half": "1",
            "confidence": "0.8086844682693481"
        },
        {
            "gameTime": "1 - 12:52",
            "label": "Throw-in",
            "position": "772500",
            "half": "1",
            "confidence": "0.7960918545722961"
        },
        {
            "gameTime": "1 - 22:33",
            "label": "Throw-in",
            "position": "1353000",
            "half": "1",
            "confidence": "0.7362587451934814"
        },
        {
            "gameTime": "1 - 47:59",
            "label": "Throw-in",
            "position": "2879000",
            "half": "1",
            "confidence": "0.6816809773445129"
        },
        {
            "gameTime": "1 - 9:23",
            "label": "Throw-in",
            "position": "563500",
            "half": "1",
            "confidence": "0.6614732146263123"
        },
        {
            "gameTime": "1 - 28:15",
            "label": "Throw-in",
            "position": "1695000",
            "half": "1",
            "confidence": "0.6155141592025757"
        },
        {
            "gameTime": "1 - 27:52",
            "label": "Throw-in",
            "position": "1672500",
            "half": "1",
            "confidence": "0.6003285646438599"
        },
        {
            "gameTime": "1 - 22:43",
            "label": "Throw-in",
            "position": "1363500",
            "half": "1",
            "confidence": "0.591221034526825"
        },
        {
            "gameTime": "1 - 17:43",
            "label": "Throw-in",
            "position": "1063500",
            "half": "1",
            "confidence": "0.569768488407135"
        },
        {
            "gameTime": "1 - 47:28",
            "label": "Throw-in",
            "position": "2848500",
            "half": "1",
            "confidence": "0.5618354082107544"
        },
        {
            "gameTime": "1 - 16:6",
            "label": "Throw-in",
            "position": "966000",
            "half": "1",
            "confidence": "0.5580124258995056"
        },
        {
            "gameTime": "1 - 9:9",
            "label": "Throw-in",
            "position": "549500",
            "half": "1",
            "confidence": "0.5051796436309814"
        },
        {
            "gameTime": "1 - 26:36",
            "label": "Foul",
            "position": "1596500",
            "half": "1",
            "confidence": "0.7678961157798767"
        },
        {
            "gameTime": "1 - 25:6",
            "label": "Foul",
            "position": "1506500",
            "half": "1",
            "confidence": "0.6331732869148254"
        },
        {
            "gameTime": "1 - 26:23",
            "label": "Foul",
            "position": "1583000",
            "half": "1",
            "confidence": "0.5667155981063843"
        },
        {
            "gameTime": "1 - 3:41",
            "label": "Foul",
            "position": "221000",
            "half": "1",
            "confidence": "0.5510260462760925"
        },
        {
            "gameTime": "1 - 23:19",
            "label": "Foul",
            "position": "1399500",
            "half": "1",
            "confidence": "0.5460202693939209"
        },
        {
            "gameTime": "1 - 27:17",
            "label": "Foul",
            "position": "1637000",
            "half": "1",
            "confidence": "0.5406216979026794"
        },
        {
            "gameTime": "1 - 24:56",
            "label": "Foul",
            "position": "1496000",
            "half": "1",
            "confidence": "0.5161128640174866"
        },
        {
            "gameTime": "1 - 18:58",
            "label": "Direct free-kick",
            "position": "1138000",
            "half": "1",
            "confidence": "0.8130228519439697"
        },
        {
            "gameTime": "1 - 33:41",
            "label": "Direct free-kick",
            "position": "2021500",
            "half": "1",
            "confidence": "0.6081178188323975"
        },
        {
            "gameTime": "1 - 19:8",
            "label": "Direct free-kick",
            "position": "1148000",
            "half": "1",
            "confidence": "0.5206644535064697"
        },
        {
            "gameTime": "1 - 26:17",
            "label": "Corner",
            "position": "1577500",
            "half": "1",
            "confidence": "0.9942480325698853"
        },
        {
            "gameTime": "1 - 33:42",
            "label": "Corner",
            "position": "2022500",
            "half": "1",
            "confidence": "0.9900885224342346"
        },
        {
            "gameTime": "1 - 19:10",
            "label": "Corner",
            "position": "1150000",
            "half": "1",
            "confidence": "0.8149710893630981"
        },
        {
            "gameTime": "1 - 19:20",
            "label": "Corner",
            "position": "1160000",
            "half": "1",
            "confidence": "0.6456100940704346"
        },
        {
            "gameTime": "1 - 33:52",
            "label": "Corner",
            "position": "2032500",
            "half": "1",
            "confidence": "0.6303074955940247"
        },
        {
            "gameTime": "1 - 4:38",
            "label": "Corner",
            "position": "278500",
            "half": "1",
            "confidence": "0.5611737370491028"
        },
        {
            "gameTime": "2 - 11:12",
            "label": "Kick-off",
            "position": "672000",
            "half": "2",
            "confidence": "0.8918634653091431"
        },
        {
            "gameTime": "2 - 50:27",
            "label": "Kick-off",
            "position": "3027000",
            "half": "2",
            "confidence": "0.5405699014663696"
        },
        {
            "gameTime": "2 - 29:31",
            "label": "Goal",
            "position": "1771500",
            "half": "2",
            "confidence": "0.9115439653396606"
        },
        {
            "gameTime": "2 - 29:42",
            "label": "Goal",
            "position": "1782000",
            "half": "2",
            "confidence": "0.8383452892303467"
        },
        {
            "gameTime": "2 - 10:3",
            "label": "Goal",
            "position": "603000",
            "half": "2",
            "confidence": "0.7486790418624878"
        },
        {
            "gameTime": "2 - 32:56",
            "label": "Substitution",
            "position": "1976500",
            "half": "2",
            "confidence": "0.96774822473526"
        },
        {
            "gameTime": "2 - 44:0",
            "label": "Substitution",
            "position": "2640000",
            "half": "2",
            "confidence": "0.9411088824272156"
        },
        {
            "gameTime": "2 - 44:10",
            "label": "Substitution",
            "position": "2650000",
            "half": "2",
            "confidence": "0.9149714112281799"
        },
        {
            "gameTime": "2 - 19:29",
            "label": "Substitution",
            "position": "1169500",
            "half": "2",
            "confidence": "0.8896157741546631"
        },
        {
            "gameTime": "2 - 26:35",
            "label": "Substitution",
            "position": "1595500",
            "half": "2",
            "confidence": "0.8716692328453064"
        },
        {
            "gameTime": "2 - 8:47",
            "label": "Substitution",
            "position": "527000",
            "half": "2",
            "confidence": "0.8620381355285645"
        },
        {
            "gameTime": "2 - 26:45",
            "label": "Substitution",
            "position": "1605500",
            "half": "2",
            "confidence": "0.7389054298400879"
        },
        {
            "gameTime": "2 - 29:31",
            "label": "Shots on target",
            "position": "1771500",
            "half": "2",
            "confidence": "0.647432267665863"
        },
        {
            "gameTime": "2 - 21:1",
            "label": "Shots off target",
            "position": "1261500",
            "half": "2",
            "confidence": "0.8190581202507019"
        },
        {
            "gameTime": "2 - 21:13",
            "label": "Shots off target",
            "position": "1273000",
            "half": "2",
            "confidence": "0.6691705584526062"
        },
        {
            "gameTime": "2 - 48:11",
            "label": "Shots off target",
            "position": "2891500",
            "half": "2",
            "confidence": "0.5536170601844788"
        },
        {
            "gameTime": "2 - 42:54",
            "label": "Clearance",
            "position": "2574500",
            "half": "2",
            "confidence": "0.8949808478355408"
        },
        {
            "gameTime": "2 - 31:15",
            "label": "Clearance",
            "position": "1875000",
            "half": "2",
            "confidence": "0.7329365015029907"
        },
        {
            "gameTime": "2 - 45:0",
            "label": "Clearance",
            "position": "2700500",
            "half": "2",
            "confidence": "0.7035762071609497"
        },
        {
            "gameTime": "2 - 50:27",
            "label": "Clearance",
            "position": "3027000",
            "half": "2",
            "confidence": "0.5059191584587097"
        },
        {
            "gameTime": "2 - 5:32",
            "label": "Ball out of play",
            "position": "332500",
            "half": "2",
            "confidence": "0.9527565836906433"
        },
        {
            "gameTime": "2 - 4:41",
            "label": "Ball out of play",
            "position": "281500",
            "half": "2",
            "confidence": "0.9175682663917542"
        },
        {
            "gameTime": "2 - 37:21",
            "label": "Ball out of play",
            "position": "2241500",
            "half": "2",
            "confidence": "0.8946060538291931"
        },
        {
            "gameTime": "2 - 1:14",
            "label": "Ball out of play",
            "position": "74500",
            "half": "2",
            "confidence": "0.8884073495864868"
        },
        {
            "gameTime": "2 - 37:49",
            "label": "Ball out of play",
            "position": "2269000",
            "half": "2",
            "confidence": "0.887907862663269"
        },
        {
            "gameTime": "2 - 42:22",
            "label": "Ball out of play",
            "position": "2542000",
            "half": "2",
            "confidence": "0.8856878280639648"
        },
        {
            "gameTime": "2 - 15:38",
            "label": "Ball out of play",
            "position": "938500",
            "half": "2",
            "confidence": "0.8779275417327881"
        },
        {
            "gameTime": "2 - 31:52",
            "label": "Ball out of play",
            "position": "1912000",
            "half": "2",
            "confidence": "0.8447626233100891"
        },
        {
            "gameTime": "2 - 14:55",
            "label": "Ball out of play",
            "position": "895000",
            "half": "2",
            "confidence": "0.8425032496452332"
        },
        {
            "gameTime": "2 - 5:56",
            "label": "Ball out of play",
            "position": "356500",
            "half": "2",
            "confidence": "0.8392499685287476"
        },
        {
            "gameTime": "2 - 15:28",
            "label": "Ball out of play",
            "position": "928000",
            "half": "2",
            "confidence": "0.8362668752670288"
        },
        {
            "gameTime": "2 - 4:54",
            "label": "Ball out of play",
            "position": "294500",
            "half": "2",
            "confidence": "0.8349135518074036"
        },
        {
            "gameTime": "2 - 48:6",
            "label": "Ball out of play",
            "position": "2886500",
            "half": "2",
            "confidence": "0.8278921246528625"
        },
        {
            "gameTime": "2 - 14:43",
            "label": "Ball out of play",
            "position": "883000",
            "half": "2",
            "confidence": "0.8159820437431335"
        },
        {
            "gameTime": "2 - 13:45",
            "label": "Ball out of play",
            "position": "825000",
            "half": "2",
            "confidence": "0.8135868906974792"
        },
        {
            "gameTime": "2 - 38:58",
            "label": "Ball out of play",
            "position": "2338500",
            "half": "2",
            "confidence": "0.8097863793373108"
        },
        {
            "gameTime": "2 - 21:1",
            "label": "Ball out of play",
            "position": "1261500",
            "half": "2",
            "confidence": "0.7950630784034729"
        },
        {
            "gameTime": "2 - 33:15",
            "label": "Ball out of play",
            "position": "1995500",
            "half": "2",
            "confidence": "0.7875934839248657"
        },
        {
            "gameTime": "2 - 17:4",
            "label": "Ball out of play",
            "position": "1024000",
            "half": "2",
            "confidence": "0.7789357304573059"
        },
        {
            "gameTime": "2 - 7:28",
            "label": "Ball out of play",
            "position": "448000",
            "half": "2",
            "confidence": "0.7555935978889465"
        },
        {
            "gameTime": "2 - 9:55",
            "label": "Ball out of play",
            "position": "595500",
            "half": "2",
            "confidence": "0.7424683570861816"
        },
        {
            "gameTime": "2 - 1:24",
            "label": "Ball out of play",
            "position": "84500",
            "half": "2",
            "confidence": "0.7157893776893616"
        },
        {
            "gameTime": "2 - 15:17",
            "label": "Ball out of play",
            "position": "917500",
            "half": "2",
            "confidence": "0.7026342749595642"
        },
        {
            "gameTime": "2 - 43:20",
            "label": "Ball out of play",
            "position": "2600000",
            "half": "2",
            "confidence": "0.702234148979187"
        },
        {
            "gameTime": "2 - 32:28",
            "label": "Ball out of play",
            "position": "1948000",
            "half": "2",
            "confidence": "0.6995182037353516"
        },
        {
            "gameTime": "2 - 8:5",
            "label": "Ball out of play",
            "position": "485500",
            "half": "2",
            "confidence": "0.6990842819213867"
        },
        {
            "gameTime": "2 - 26:49",
            "label": "Ball out of play",
            "position": "1609000",
            "half": "2",
            "confidence": "0.6963104605674744"
        },
        {
            "gameTime": "2 - 42:32",
            "label": "Ball out of play",
            "position": "2552000",
            "half": "2",
            "confidence": "0.6840463280677795"
        },
        {
            "gameTime": "2 - 7:49",
            "label": "Ball out of play",
            "position": "469000",
            "half": "2",
            "confidence": "0.6801747679710388"
        },
        {
            "gameTime": "2 - 27:55",
            "label": "Ball out of play",
            "position": "1675000",
            "half": "2",
            "confidence": "0.6579742431640625"
        },
        {
            "gameTime": "2 - 16:23",
            "label": "Ball out of play",
            "position": "983000",
            "half": "2",
            "confidence": "0.6331684589385986"
        },
        {
            "gameTime": "2 - 39:19",
            "label": "Ball out of play",
            "position": "2359000",
            "half": "2",
            "confidence": "0.6268289685249329"
        },
        {
            "gameTime": "2 - 7:38",
            "label": "Ball out of play",
            "position": "458000",
            "half": "2",
            "confidence": "0.6242519617080688"
        },
        {
            "gameTime": "2 - 47:30",
            "label": "Ball out of play",
            "position": "2850000",
            "half": "2",
            "confidence": "0.6199593544006348"
        },
        {
            "gameTime": "2 - 47:56",
            "label": "Ball out of play",
            "position": "2876000",
            "half": "2",
            "confidence": "0.6178244948387146"
        },
        {
            "gameTime": "2 - 38:1",
            "label": "Ball out of play",
            "position": "2281500",
            "half": "2",
            "confidence": "0.6156787276268005"
        },
        {
            "gameTime": "2 - 44:42",
            "label": "Ball out of play",
            "position": "2682500",
            "half": "2",
            "confidence": "0.6040709614753723"
        },
        {
            "gameTime": "2 - 21:11",
            "label": "Ball out of play",
            "position": "1271500",
            "half": "2",
            "confidence": "0.5856219530105591"
        },
        {
            "gameTime": "2 - 37:38",
            "label": "Ball out of play",
            "position": "2258500",
            "half": "2",
            "confidence": "0.5757081508636475"
        },
        {
            "gameTime": "2 - 37:11",
            "label": "Ball out of play",
            "position": "2231000",
            "half": "2",
            "confidence": "0.5739040970802307"
        },
        {
            "gameTime": "2 - 44:23",
            "label": "Ball out of play",
            "position": "2663500",
            "half": "2",
            "confidence": "0.5681825876235962"
        },
        {
            "gameTime": "2 - 46:10",
            "label": "Ball out of play",
            "position": "2770500",
            "half": "2",
            "confidence": "0.5456593036651611"
        },
        {
            "gameTime": "2 - 28:5",
            "label": "Ball out of play",
            "position": "1685500",
            "half": "2",
            "confidence": "0.5314953923225403"
        },
        {
            "gameTime": "2 - 18:51",
            "label": "Ball out of play",
            "position": "1131000",
            "half": "2",
            "confidence": "0.5156667828559875"
        },
        {
            "gameTime": "2 - 1:25",
            "label": "Throw-in",
            "position": "85500",
            "half": "2",
            "confidence": "0.9704397320747375"
        },
        {
            "gameTime": "2 - 37:46",
            "label": "Throw-in",
            "position": "2266500",
            "half": "2",
            "confidence": "0.9609799385070801"
        },
        {
            "gameTime": "2 - 15:12",
            "label": "Throw-in",
            "position": "912000",
            "half": "2",
            "confidence": "0.9506672620773315"
        },
        {
            "gameTime": "2 - 1:15",
            "label": "Throw-in",
            "position": "75000",
            "half": "2",
            "confidence": "0.9324848055839539"
        },
        {
            "gameTime": "2 - 17:2",
            "label": "Throw-in",
            "position": "1022000",
            "half": "2",
            "confidence": "0.9307215213775635"
        },
        {
            "gameTime": "2 - 16:51",
            "label": "Throw-in",
            "position": "1011500",
            "half": "2",
            "confidence": "0.8960601687431335"
        },
        {
            "gameTime": "2 - 47:30",
            "label": "Throw-in",
            "position": "2850500",
            "half": "2",
            "confidence": "0.8945903778076172"
        },
        {
            "gameTime": "2 - 14:58",
            "label": "Throw-in",
            "position": "898000",
            "half": "2",
            "confidence": "0.8934188485145569"
        },
        {
            "gameTime": "2 - 1:35",
            "label": "Throw-in",
            "position": "95500",
            "half": "2",
            "confidence": "0.8872566819190979"
        },
        {
            "gameTime": "2 - 31:44",
            "label": "Throw-in",
            "position": "1904000",
            "half": "2",
            "confidence": "0.8795861601829529"
        },
        {
            "gameTime": "2 - 44:27",
            "label": "Throw-in",
            "position": "2667000",
            "half": "2",
            "confidence": "0.8572677969932556"
        },
        {
            "gameTime": "2 - 37:56",
            "label": "Throw-in",
            "position": "2276500",
            "half": "2",
            "confidence": "0.8387677073478699"
        },
        {
            "gameTime": "2 - 16:23",
            "label": "Throw-in",
            "position": "983000",
            "half": "2",
            "confidence": "0.8196099400520325"
        },
        {
            "gameTime": "2 - 15:38",
            "label": "Throw-in",
            "position": "938500",
            "half": "2",
            "confidence": "0.7939812541007996"
        },
        {
            "gameTime": "2 - 31:54",
            "label": "Throw-in",
            "position": "1914000",
            "half": "2",
            "confidence": "0.7490453124046326"
        },
        {
            "gameTime": "2 - 26:53",
            "label": "Throw-in",
            "position": "1613500",
            "half": "2",
            "confidence": "0.714541494846344"
        },
        {
            "gameTime": "2 - 33:16",
            "label": "Throw-in",
            "position": "1996000",
            "half": "2",
            "confidence": "0.639413058757782"
        },
        {
            "gameTime": "2 - 37:20",
            "label": "Throw-in",
            "position": "2240500",
            "half": "2",
            "confidence": "0.6041631102561951"
        },
        {
            "gameTime": "2 - 11:20",
            "label": "Throw-in",
            "position": "680000",
            "half": "2",
            "confidence": "0.5900129079818726"
        },
        {
            "gameTime": "2 - 4:42",
            "label": "Throw-in",
            "position": "282000",
            "half": "2",
            "confidence": "0.5885926485061646"
        },
        {
            "gameTime": "2 - 47:20",
            "label": "Throw-in",
            "position": "2840000",
            "half": "2",
            "confidence": "0.5719609260559082"
        },
        {
            "gameTime": "2 - 0:11",
            "label": "Throw-in",
            "position": "11000",
            "half": "2",
            "confidence": "0.5583102107048035"
        },
        {
            "gameTime": "2 - 44:42",
            "label": "Throw-in",
            "position": "2682000",
            "half": "2",
            "confidence": "0.5411975383758545"
        },
        {
            "gameTime": "2 - 0:36",
            "label": "Throw-in",
            "position": "36500",
            "half": "2",
            "confidence": "0.5405002236366272"
        },
        {
            "gameTime": "2 - 5:30",
            "label": "Throw-in",
            "position": "330500",
            "half": "2",
            "confidence": "0.5161578059196472"
        },
        {
            "gameTime": "2 - 26:5",
            "label": "Throw-in",
            "position": "1565000",
            "half": "2",
            "confidence": "0.5116012096405029"
        },
        {
            "gameTime": "2 - 28:46",
            "label": "Throw-in",
            "position": "1726000",
            "half": "2",
            "confidence": "0.5107280015945435"
        },
        {
            "gameTime": "2 - 23:13",
            "label": "Foul",
            "position": "1393000",
            "half": "2",
            "confidence": "0.8123376369476318"
        },
        {
            "gameTime": "2 - 2:36",
            "label": "Foul",
            "position": "156500",
            "half": "2",
            "confidence": "0.7512423396110535"
        },
        {
            "gameTime": "2 - 39:4",
            "label": "Foul",
            "position": "2344500",
            "half": "2",
            "confidence": "0.7176512479782104"
        },
        {
            "gameTime": "2 - 23:2",
            "label": "Foul",
            "position": "1382500",
            "half": "2",
            "confidence": "0.6694158315658569"
        },
        {
            "gameTime": "2 - 23:59",
            "label": "Direct free-kick",
            "position": "1439000",
            "half": "2",
            "confidence": "0.9710884690284729"
        },
        {
            "gameTime": "2 - 24:9",
            "label": "Direct free-kick",
            "position": "1449000",
            "half": "2",
            "confidence": "0.7441046237945557"
        },
        {
            "gameTime": "2 - 35:30",
            "label": "Direct free-kick",
            "position": "2130500",
            "half": "2",
            "confidence": "0.5822945237159729"
        },
        {
            "gameTime": "2 - 46:10",
            "label": "Corner",
            "position": "2770500",
            "half": "2",
            "confidence": "0.994019627571106"
        },
        {
            "gameTime": "2 - 19:36",
            "label": "Corner",
            "position": "1176000",
            "half": "2",
            "confidence": "0.9682743549346924"
        },
        {
            "gameTime": "2 - 7:54",
            "label": "Corner",
            "position": "474000",
            "half": "2",
            "confidence": "0.9363359212875366"
        },
        {
            "gameTime": "2 - 46:20",
            "label": "Corner",
            "position": "2780500",
            "half": "2",
            "confidence": "0.9293889403343201"
        },
        {
            "gameTime": "2 - 19:46",
            "label": "Corner",
            "position": "1186000",
            "half": "2",
            "confidence": "0.81158447265625"
        },
        {
            "gameTime": "2 - 24:0",
            "label": "Corner",
            "position": "1440000",
            "half": "2",
            "confidence": "0.8098475933074951"
        },
        {
            "gameTime": "2 - 5:9",
            "label": "Corner",
            "position": "309000",
            "half": "2",
            "confidence": "0.8067058324813843"
        },
        {
            "gameTime": "2 - 29:22",
            "label": "Corner",
            "position": "1762000",
            "half": "2",
            "confidence": "0.7716180682182312"
        },
        {
            "gameTime": "2 - 33:6",
            "label": "Corner",
            "position": "1986500",
            "half": "2",
            "confidence": "0.7485945820808411"
        }
    ]
}