{
    "UrlLocal": "italy_serie-a/2016-2017/2016-12-01 - 18-00 Napoli 3 - 0 Internazionale",
    "predictions": [
        {
            "gameTime": "1 - 46:22",
            "label": "card",
            "position": "2782000",
            "half": "1",
            "confidence": "0.9822794795036316"
        },
        {
            "gameTime": "1 - 46:11",
            "label": "card",
            "position": "2771500",
            "half": "1",
            "confidence": "0.906169056892395"
        },
        {
            "gameTime": "1 - 4:23",
            "label": "card",
            "position": "263500",
            "half": "1",
            "confidence": "0.9042171835899353"
        },
        {
            "gameTime": "1 - 4:34",
            "label": "card",
            "position": "274500",
            "half": "1",
            "confidence": "0.7682331800460815"
        },
        {
            "gameTime": "1 - 41:9",
            "label": "subs",
            "position": "2469000",
            "half": "1",
            "confidence": "0.5506324768066406"
        },
        {
            "gameTime": "1 - 1:48",
            "label": "soccer",
            "position": "108500",
            "half": "1",
            "confidence": "0.991862416267395"
        },
        {
            "gameTime": "1 - 5:7",
            "label": "soccer",
            "position": "307000",
            "half": "1",
            "confidence": "0.9728725552558899"
        },
        {
            "gameTime": "1 - 21:7",
            "label": "soccer",
            "position": "1267000",
            "half": "1",
            "confidence": "0.504187285900116"
        },
        {
            "gameTime": "2 - 21:35",
            "label": "card",
            "position": "1295000",
            "half": "2",
            "confidence": "0.9080996513366699"
        },
        {
            "gameTime": "2 - 21:24",
            "label": "card",
            "position": "1284500",
            "half": "2",
            "confidence": "0.7015625238418579"
        },
        {
            "gameTime": "2 - 15:56",
            "label": "subs",
            "position": "956000",
            "half": "2",
            "confidence": "0.835326611995697"
        },
        {
            "gameTime": "2 - 30:55",
            "label": "subs",
            "position": "1855000",
            "half": "2",
            "confidence": "0.7913383841514587"
        },
        {
            "gameTime": "2 - 15:43",
            "label": "subs",
            "position": "943500",
            "half": "2",
            "confidence": "0.7717550992965698"
        },
        {
            "gameTime": "2 - 10:0",
            "label": "subs",
            "position": "600500",
            "half": "2",
            "confidence": "0.7695958018302917"
        },
        {
            "gameTime": "2 - 30:40",
            "label": "subs",
            "position": "1840000",
            "half": "2",
            "confidence": "0.6540607810020447"
        },
        {
            "gameTime": "2 - 9:50",
            "label": "subs",
            "position": "590000",
            "half": "2",
            "confidence": "0.6000282764434814"
        },
        {
            "gameTime": "2 - 12:34",
            "label": "subs",
            "position": "754000",
            "half": "2",
            "confidence": "0.573419451713562"
        },
        {
            "gameTime": "2 - 16:6",
            "label": "subs",
            "position": "966000",
            "half": "2",
            "confidence": "0.5624927282333374"
        },
        {
            "gameTime": "2 - 30:29",
            "label": "subs",
            "position": "1829500",
            "half": "2",
            "confidence": "0.5553696751594543"
        },
        {
            "gameTime": "2 - 6:5",
            "label": "subs",
            "position": "365500",
            "half": "2",
            "confidence": "0.5296496748924255"
        },
        {
            "gameTime": "2 - 43:8",
            "label": "soccer",
            "position": "2588500",
            "half": "2",
            "confidence": "0.8685480356216431"
        },
        {
            "gameTime": "2 - 43:18",
            "label": "soccer",
            "position": "2598500",
            "half": "2",
            "confidence": "0.7285727262496948"
        },
        {
            "gameTime": "2 - 5:11",
            "label": "soccer",
            "position": "311500",
            "half": "2",
            "confidence": "0.6657160520553589"
        },
        {
            "gameTime": "2 - 5:55",
            "label": "soccer",
            "position": "355500",
            "half": "2",
            "confidence": "0.5052605867385864"
        }
    ]
}