{
    "UrlLocal": "germany_bundesliga/2016-2017/2017-02-11 - 18-00 Leipzig 0 - 3 Hamburger",
    "predictions": [
        {
            "gameTime": "1 - 9:9",
            "label": "card",
            "position": "549500",
            "half": "1",
            "confidence": "0.8923375010490417"
        },
        {
            "gameTime": "1 - 30:49",
            "label": "subs",
            "position": "1849500",
            "half": "1",
            "confidence": "0.885943591594696"
        },
        {
            "gameTime": "1 - 30:59",
            "label": "subs",
            "position": "1859500",
            "half": "1",
            "confidence": "0.7942742705345154"
        },
        {
            "gameTime": "1 - 42:48",
            "label": "subs",
            "position": "2568500",
            "half": "1",
            "confidence": "0.6699788570404053"
        },
        {
            "gameTime": "1 - 42:58",
            "label": "subs",
            "position": "2578500",
            "half": "1",
            "confidence": "0.5186449289321899"
        },
        {
            "gameTime": "1 - 23:45",
            "label": "soccer",
            "position": "1425000",
            "half": "1",
            "confidence": "0.9787675738334656"
        },
        {
            "gameTime": "1 - 17:54",
            "label": "soccer",
            "position": "1074500",
            "half": "1",
            "confidence": "0.8158738613128662"
        },
        {
            "gameTime": "2 - 9:31",
            "label": "card",
            "position": "571500",
            "half": "2",
            "confidence": "0.8242757320404053"
        },
        {
            "gameTime": "2 - 37:26",
            "label": "card",
            "position": "2246000",
            "half": "2",
            "confidence": "0.8092052936553955"
        },
        {
            "gameTime": "2 - 36:14",
            "label": "card",
            "position": "2174000",
            "half": "2",
            "confidence": "0.6458790898323059"
        },
        {
            "gameTime": "2 - 40:31",
            "label": "card",
            "position": "2431500",
            "half": "2",
            "confidence": "0.5302945375442505"
        },
        {
            "gameTime": "2 - 37:56",
            "label": "subs",
            "position": "2276000",
            "half": "2",
            "confidence": "0.8261293768882751"
        },
        {
            "gameTime": "2 - 48:39",
            "label": "subs",
            "position": "2919000",
            "half": "2",
            "confidence": "0.79302978515625"
        },
        {
            "gameTime": "2 - 25:47",
            "label": "subs",
            "position": "1547000",
            "half": "2",
            "confidence": "0.7600513696670532"
        },
        {
            "gameTime": "2 - 37:45",
            "label": "subs",
            "position": "2265500",
            "half": "2",
            "confidence": "0.7222034335136414"
        },
        {
            "gameTime": "2 - 45:26",
            "label": "subs",
            "position": "2726500",
            "half": "2",
            "confidence": "0.6911078095436096"
        },
        {
            "gameTime": "2 - 48:28",
            "label": "subs",
            "position": "2908500",
            "half": "2",
            "confidence": "0.6732147336006165"
        },
        {
            "gameTime": "2 - 46:46",
            "label": "subs",
            "position": "2806000",
            "half": "2",
            "confidence": "0.6670514345169067"
        },
        {
            "gameTime": "2 - 48:16",
            "label": "subs",
            "position": "2896500",
            "half": "2",
            "confidence": "0.63954097032547"
        },
        {
            "gameTime": "2 - 23:18",
            "label": "subs",
            "position": "1398000",
            "half": "2",
            "confidence": "0.5326412320137024"
        },
        {
            "gameTime": "2 - 35:11",
            "label": "subs",
            "position": "2111000",
            "half": "2",
            "confidence": "0.5140789151191711"
        },
        {
            "gameTime": "2 - 47:19",
            "label": "soccer",
            "position": "2839000",
            "half": "2",
            "confidence": "0.9903494119644165"
        }
    ]
}