{
    "UrlLocal": "france_ligue-1/2016-2017/2016-11-20 - 18-00 Saint Etienne 0 - 1 Nice",
    "UrlYoutube": "",
    "annotations": [
        {
            "change_type": "",
            "gameTime": "1 - 02:41",
            "label": "",
            "position": "161568",
            "replay": "real-time"
        },
        {
            "change_type": "",
            "gameTime": "1 - 02:47",
            "label": "",
            "link": "",
            "position": "167180",
            "replay": "replay"
        },
        {
            "change_type": "",
            "gameTime": "1 - 05:50",
            "label": "",
            "position": "350935",
            "replay": "real-time"
        },
        {
            "change_type": "",
            "gameTime": "1 - 05:57",
            "label": "",
            "link": "",
            "position": "357910",
            "replay": "replay"
        },
        {
            "change_type": "",
            "gameTime": "1 - 06:33",
            "label": "",
            "position": "393931",
            "replay": "real-time"
        },
        {
            "change_type": "",
            "gameTime": "1 - 06:39",
            "label": "",
            "link": "",
            "position": "399980",
            "replay": "replay"
        },
        {
            "change_type": "",
            "gameTime": "1 - 06:44",
            "label": "",
            "link": "",
            "position": "404067",
            "replay": "replay"
        },
        {
            "change_type": "",
            "gameTime": "1 - 06:47",
            "label": "",
            "link": "",
            "position": "407645",
            "replay": "replay"
        },
        {
            "change_type": "",
            "gameTime": "1 - 13:29",
            "label": "",
            "position": "809269",
            "replay": "real-time"
        },
        {
            "change_type": "",
            "gameTime": "1 - 13:35",
            "label": "",
            "link": "",
            "position": "815036",
            "replay": "replay"
        },
        {
            "change_type": "",
            "gameTime": "1 - 13:39",
            "label": "",
            "position": "819535",
            "replay": "other"
        },
        {
            "change_type": "",
            "gameTime": "1 - 19:00",
            "label": "",
            "position": "1140818",
            "replay": "real-time"
        },
        {
            "change_type": "",
            "gameTime": "1 - 19:06",
            "label": "",
            "link": "",
            "position": "1146141",
            "replay": "replay"
        },
        {
            "change_type": "",
            "gameTime": "1 - 19:15",
            "label": "",
            "link": "",
            "position": "1155389",
            "replay": "replay"
        },
        {
            "change_type": "",
            "gameTime": "1 - 19:20",
            "label": "",
            "position": "1160195",
            "replay": "other"
        },
        {
            "change_type": "",
            "gameTime": "1 - 19:25",
            "label": "",
            "position": "1165524",
            "replay": "other"
        },
        {
            "change_type": "",
            "gameTime": "1 - 24:00",
            "label": "",
            "position": "1440045",
            "replay": "real-time"
        },
        {
            "change_type": "",
            "gameTime": "1 - 24:08",
            "label": "",
            "position": "1448005",
            "replay": "other"
        },
        {
            "change_type": "",
            "gameTime": "1 - 24:12",
            "label": "",
            "position": "1452681",
            "replay": "other"
        },
        {
            "change_type": "",
            "gameTime": "1 - 25:21",
            "label": "",
            "position": "1521928",
            "replay": "real-time"
        },
        {
            "change_type": "",
            "gameTime": "1 - 25:31",
            "label": "",
            "link": "",
            "position": "1531266",
            "replay": "replay"
        },
        {
            "change_type": "",
            "gameTime": "1 - 26:33",
            "label": "",
            "position": "1593061",
            "replay": "real-time"
        },
        {
            "change_type": "",
            "gameTime": "1 - 26:37",
            "label": "",
            "position": "1597893",
            "replay": "other"
        },
        {
            "change_type": "",
            "gameTime": "1 - 26:44",
            "label": "",
            "position": "1604147",
            "replay": "other"
        },
        {
            "change_type": "",
            "gameTime": "1 - 28:16",
            "label": "",
            "position": "1696345",
            "replay": "real-time"
        },
        {
            "change_type": "",
            "gameTime": "1 - 28:24",
            "label": "",
            "link": "",
            "position": "1704577",
            "replay": "replay"
        },
        {
            "change_type": "",
            "gameTime": "1 - 28:29",
            "label": "",
            "position": "1709698",
            "replay": "other"
        },
        {
            "change_type": "",
            "gameTime": "1 - 28:34",
            "label": "",
            "link": "",
            "position": "1714255",
            "replay": "replay"
        },
        {
            "change_type": "",
            "gameTime": "1 - 28:38",
            "label": "",
            "link": "",
            "position": "1718063",
            "replay": "replay"
        },
        {
            "change_type": "",
            "gameTime": "1 - 28:41",
            "label": "",
            "link": "",
            "position": "1721751",
            "replay": "replay"
        },
        {
            "change_type": "",
            "gameTime": "1 - 31:28",
            "label": "",
            "position": "1888191",
            "replay": "real-time"
        },
        {
            "change_type": "",
            "gameTime": "1 - 31:33",
            "label": "",
            "position": "1893329",
            "replay": "other"
        },
        {
            "change_type": "",
            "gameTime": "1 - 31:37",
            "label": "",
            "position": "1897666",
            "replay": "other"
        },
        {
            "change_type": "",
            "gameTime": "1 - 31:40",
            "label": "",
            "position": "1900672",
            "replay": "other"
        },
        {
            "change_type": "",
            "gameTime": "1 - 32:06",
            "label": "",
            "position": "1926804",
            "replay": "real-time"
        },
        {
            "change_type": "",
            "gameTime": "1 - 32:13",
            "label": "",
            "position": "1933109",
            "replay": "other"
        },
        {
            "change_type": "",
            "gameTime": "1 - 32:18",
            "label": "",
            "position": "1938075",
            "replay": "other"
        },
        {
            "change_type": "",
            "gameTime": "1 - 32:23",
            "label": "",
            "position": "1943301",
            "replay": "other"
        },
        {
            "change_type": "",
            "gameTime": "1 - 32:54",
            "label": "",
            "position": "1974932",
            "replay": "real-time"
        },
        {
            "change_type": "",
            "gameTime": "1 - 33:01",
            "label": "",
            "link": "",
            "position": "1981343",
            "replay": "replay"
        },
        {
            "change_type": "",
            "gameTime": "1 - 33:06",
            "label": "",
            "link": "",
            "position": "1986404",
            "replay": "replay"
        },
        {
            "change_type": "",
            "gameTime": "1 - 33:11",
            "label": "",
            "link": "",
            "position": "1991824",
            "replay": "replay"
        },
        {
            "change_type": "",
            "gameTime": "1 - 33:15",
            "label": "",
            "position": "1995253",
            "replay": "other"
        },
        {
            "change_type": "",
            "gameTime": "1 - 33:37",
            "label": "",
            "position": "2017339",
            "replay": "real-time"
        },
        {
            "change_type": "",
            "gameTime": "1 - 33:41",
            "label": "",
            "link": "",
            "position": "2021994",
            "replay": "replay"
        },
        {
            "change_type": "",
            "gameTime": "1 - 35:45",
            "label": "",
            "position": "2145129",
            "replay": "real-time"
        },
        {
            "change_type": "",
            "gameTime": "1 - 35:55",
            "label": "",
            "position": "2155320",
            "replay": "other"
        },
        {
            "change_type": "",
            "gameTime": "1 - 36:38",
            "label": "",
            "position": "2198209",
            "replay": "real-time"
        },
        {
            "change_type": "",
            "gameTime": "1 - 36:45",
            "label": "",
            "link": "",
            "position": "2205548",
            "replay": "replay"
        },
        {
            "change_type": "",
            "gameTime": "1 - 36:50",
            "label": "",
            "link": "",
            "position": "2210162",
            "replay": "replay"
        },
        {
            "change_type": "",
            "gameTime": "1 - 36:55",
            "label": "",
            "position": "2215128",
            "replay": "other"
        },
        {
            "change_type": "",
            "gameTime": "1 - 40:10",
            "label": "",
            "position": "2410719",
            "replay": "real-time"
        },
        {
            "change_type": "",
            "gameTime": "1 - 40:17",
            "label": "",
            "link": "",
            "position": "2417943",
            "replay": "replay"
        },
        {
            "change_type": "",
            "gameTime": "1 - 40:50",
            "label": "",
            "position": "2450027",
            "replay": "real-time"
        },
        {
            "change_type": "",
            "gameTime": "1 - 40:55",
            "label": "",
            "link": "",
            "position": "2455235",
            "replay": "replay"
        },
        {
            "change_type": "",
            "gameTime": "1 - 41:02",
            "label": "",
            "link": "",
            "position": "2462879",
            "replay": "replay"
        },
        {
            "change_type": "",
            "gameTime": "1 - 41:29",
            "label": "",
            "position": "2489022",
            "replay": "real-time"
        },
        {
            "change_type": "",
            "gameTime": "1 - 41:34",
            "label": "",
            "link": "",
            "position": "2494659",
            "replay": "replay"
        },
        {
            "change_type": "",
            "gameTime": "1 - 41:40",
            "label": "",
            "link": "",
            "position": "2500401",
            "replay": "replay"
        },
        {
            "change_type": "",
            "gameTime": "1 - 44:55",
            "label": "",
            "position": "2695835",
            "replay": "real-time"
        },
        {
            "change_type": "",
            "gameTime": "2 - 02:29",
            "label": "",
            "position": "149938",
            "replay": "real-time"
        },
        {
            "change_type": "",
            "gameTime": "2 - 02:35",
            "label": "",
            "link": "",
            "position": "155614",
            "replay": "replay"
        },
        {
            "change_type": "",
            "gameTime": "2 - 03:28",
            "label": "",
            "position": "208551",
            "replay": "real-time"
        },
        {
            "change_type": "",
            "gameTime": "2 - 03:31",
            "label": "",
            "link": "",
            "position": "211749",
            "replay": "replay"
        },
        {
            "change_type": "",
            "gameTime": "2 - 03:37",
            "label": "",
            "link": "",
            "position": "217823",
            "replay": "replay"
        },
        {
            "change_type": "",
            "gameTime": "2 - 03:44",
            "label": "",
            "link": "",
            "position": "224128",
            "replay": "replay"
        },
        {
            "change_type": "",
            "gameTime": "2 - 03:49",
            "label": "",
            "position": "229655",
            "replay": "other"
        },
        {
            "change_type": "",
            "gameTime": "2 - 05:33",
            "label": "",
            "position": "333134",
            "replay": "real-time"
        },
        {
            "change_type": "",
            "gameTime": "2 - 05:37",
            "label": "",
            "link": "",
            "position": "337833",
            "replay": "replay"
        },
        {
            "change_type": "",
            "gameTime": "2 - 05:41",
            "label": "",
            "link": "",
            "position": "341533",
            "replay": "replay"
        },
        {
            "change_type": "",
            "gameTime": "2 - 05:48",
            "label": "",
            "link": "",
            "position": "348576",
            "replay": "replay"
        },
        {
            "change_type": "",
            "gameTime": "2 - 06:14",
            "label": "",
            "position": "374000",
            "replay": "real-time"
        },
        {
            "change_type": "",
            "gameTime": "2 - 06:18",
            "label": "",
            "link": "",
            "position": "378760",
            "replay": "replay"
        },
        {
            "change_type": "",
            "gameTime": "2 - 06:23",
            "label": "",
            "link": "",
            "position": "383511",
            "replay": "replay"
        },
        {
            "change_type": "",
            "gameTime": "2 - 06:30",
            "label": "",
            "link": "",
            "position": "390300",
            "replay": "replay"
        },
        {
            "change_type": "",
            "gameTime": "2 - 07:20",
            "label": "",
            "position": "440076",
            "replay": "real-time"
        },
        {
            "change_type": "",
            "gameTime": "2 - 07:28",
            "label": "",
            "link": "",
            "position": "448223",
            "replay": "replay"
        },
        {
            "change_type": "",
            "gameTime": "2 - 11:21",
            "label": "",
            "position": "681564",
            "replay": "real-time"
        },
        {
            "change_type": "",
            "gameTime": "2 - 11:28",
            "label": "",
            "link": "",
            "position": "688288",
            "replay": "replay"
        },
        {
            "change_type": "",
            "gameTime": "2 - 12:37",
            "label": "",
            "position": "757184",
            "replay": "real-time"
        },
        {
            "change_type": "",
            "gameTime": "2 - 12:41",
            "label": "",
            "position": "761039",
            "replay": "other"
        },
        {
            "change_type": "",
            "gameTime": "2 - 17:29",
            "label": "",
            "position": "1049510",
            "replay": "real-time"
        },
        {
            "change_type": "",
            "gameTime": "2 - 17:41",
            "label": "",
            "link": "",
            "position": "1061446",
            "replay": "replay"
        },
        {
            "change_type": "",
            "gameTime": "2 - 17:48",
            "label": "",
            "link": "",
            "position": "1068725",
            "replay": "replay"
        },
        {
            "change_type": "",
            "gameTime": "2 - 17:52",
            "label": "",
            "link": "",
            "position": "1072847",
            "replay": "replay"
        },
        {
            "change_type": "",
            "gameTime": "2 - 17:58",
            "label": "",
            "link": "",
            "position": "1078923",
            "replay": "replay"
        },
        {
            "change_type": "",
            "gameTime": "2 - 18:02",
            "label": "",
            "link": "",
            "position": "1082797",
            "replay": "replay"
        },
        {
            "change_type": "",
            "gameTime": "2 - 18:05",
            "label": "",
            "position": "1085844",
            "replay": "other"
        },
        {
            "change_type": "",
            "gameTime": "2 - 18:09",
            "label": "",
            "position": "1089714",
            "replay": "other"
        },
        {
            "change_type": "",
            "gameTime": "2 - 18:57",
            "label": "",
            "position": "1137823",
            "replay": "real-time"
        },
        {
            "change_type": "",
            "gameTime": "2 - 19:04",
            "label": "",
            "link": "",
            "position": "1144002",
            "replay": "replay"
        },
        {
            "change_type": "",
            "gameTime": "2 - 19:24",
            "label": "",
            "position": "1164577",
            "replay": "real-time"
        },
        {
            "change_type": "",
            "gameTime": "2 - 19:31",
            "label": "",
            "link": "",
            "position": "1171184",
            "replay": "replay"
        },
        {
            "change_type": "",
            "gameTime": "2 - 19:56",
            "label": "",
            "position": "1196928",
            "replay": "real-time"
        },
        {
            "change_type": "",
            "gameTime": "2 - 20:01",
            "label": "",
            "link": "",
            "position": "1201053",
            "replay": "replay"
        },
        {
            "change_type": "",
            "gameTime": "2 - 20:04",
            "label": "",
            "link": "",
            "position": "1204250",
            "replay": "replay"
        },
        {
            "change_type": "",
            "gameTime": "2 - 20:09",
            "label": "",
            "link": "",
            "position": "1209993",
            "replay": "replay"
        },
        {
            "change_type": "",
            "gameTime": "2 - 20:55",
            "label": "",
            "position": "1255118",
            "replay": "real-time"
        },
        {
            "change_type": "",
            "gameTime": "2 - 21:01",
            "label": "",
            "link": "",
            "position": "1261605",
            "replay": "replay"
        },
        {
            "change_type": "",
            "gameTime": "2 - 21:07",
            "label": "",
            "link": "",
            "position": "1267139",
            "replay": "replay"
        },
        {
            "change_type": "",
            "gameTime": "2 - 22:27",
            "label": "",
            "position": "1347110",
            "replay": "real-time"
        },
        {
            "change_type": "",
            "gameTime": "2 - 22:33",
            "label": "",
            "link": "",
            "position": "1353181",
            "replay": "replay"
        },
        {
            "change_type": "",
            "gameTime": "2 - 23:10",
            "label": "",
            "position": "1390349",
            "replay": "real-time"
        },
        {
            "change_type": "",
            "gameTime": "2 - 23:19",
            "label": "",
            "link": "",
            "position": "1399100",
            "replay": "replay"
        },
        {
            "change_type": "",
            "gameTime": "2 - 23:23",
            "label": "",
            "link": "",
            "position": "1403288",
            "replay": "replay"
        },
        {
            "change_type": "",
            "gameTime": "2 - 23:26",
            "label": "",
            "link": "",
            "position": "1406668",
            "replay": "replay"
        },
        {
            "change_type": "",
            "gameTime": "2 - 24:16",
            "label": "",
            "position": "1456199",
            "replay": "real-time"
        },
        {
            "change_type": "",
            "gameTime": "2 - 24:22",
            "label": "",
            "position": "1462576",
            "replay": "other"
        },
        {
            "change_type": "",
            "gameTime": "2 - 24:30",
            "label": "",
            "link": "",
            "position": "1470490",
            "replay": "replay"
        },
        {
            "change_type": "",
            "gameTime": "2 - 24:39",
            "label": "",
            "link": "",
            "position": "1479442",
            "replay": "replay"
        },
        {
            "change_type": "",
            "gameTime": "2 - 24:47",
            "label": "",
            "link": "",
            "position": "1487847",
            "replay": "replay"
        },
        {
            "change_type": "",
            "gameTime": "2 - 24:53",
            "label": "",
            "position": "1493158",
            "replay": "other"
        },
        {
            "change_type": "",
            "gameTime": "2 - 27:17",
            "label": "",
            "position": "1637961",
            "replay": "real-time"
        },
        {
            "change_type": "",
            "gameTime": "2 - 27:24",
            "label": "",
            "link": "",
            "position": "1644671",
            "replay": "replay"
        },
        {
            "change_type": "",
            "gameTime": "2 - 28:31",
            "label": "",
            "position": "1711684",
            "replay": "real-time"
        },
        {
            "change_type": "",
            "gameTime": "2 - 28:39",
            "label": "",
            "link": "",
            "position": "1719057",
            "replay": "replay"
        },
        {
            "change_type": "",
            "gameTime": "2 - 32:41",
            "label": "",
            "position": "1961653",
            "replay": "real-time"
        },
        {
            "change_type": "",
            "gameTime": "2 - 32:46",
            "label": "",
            "link": "",
            "position": "1966687",
            "replay": "replay"
        },
        {
            "change_type": "",
            "gameTime": "2 - 34:59",
            "label": "",
            "position": "2099773",
            "replay": "real-time"
        },
        {
            "change_type": "",
            "gameTime": "2 - 35:08",
            "label": "",
            "link": "",
            "position": "2108676",
            "replay": "replay"
        },
        {
            "change_type": "",
            "gameTime": "2 - 39:54",
            "label": "",
            "position": "2394545",
            "replay": "real-time"
        },
        {
            "change_type": "",
            "gameTime": "2 - 40:04",
            "label": "",
            "link": "",
            "position": "2404048",
            "replay": "replay"
        },
        {
            "change_type": "",
            "gameTime": "2 - 40:12",
            "label": "",
            "link": "",
            "position": "2412690",
            "replay": "replay"
        },
        {
            "change_type": "",
            "gameTime": "2 - 40:21",
            "label": "",
            "link": "",
            "position": "2421660",
            "replay": "replay"
        },
        {
            "change_type": "",
            "gameTime": "2 - 42:32",
            "label": "",
            "position": "2552482",
            "replay": "real-time"
        },
        {
            "change_type": "",
            "gameTime": "2 - 42:37",
            "label": "",
            "link": "",
            "position": "2557348",
            "replay": "replay"
        },
        {
            "change_type": "",
            "gameTime": "2 - 42:45",
            "label": "",
            "link": "",
            "position": "2565865",
            "replay": "replay"
        },
        {
            "change_type": "",
            "gameTime": "2 - 42:50",
            "label": "",
            "link": "",
            "position": "2570010",
            "replay": "replay"
        },
        {
            "change_type": "",
            "gameTime": "2 - 42:54",
            "label": "",
            "link": "",
            "position": "2574794",
            "replay": "replay"
        },
        {
            "change_type": "",
            "gameTime": "2 - 42:57",
            "label": "",
            "position": "2577779",
            "replay": "other"
        },
        {
            "change_type": "",
            "gameTime": "2 - 44:38",
            "label": "",
            "position": "2678944",
            "replay": "real-time"
        },
        {
            "change_type": "",
            "gameTime": "2 - 44:44",
            "label": "",
            "link": "",
            "position": "2684987",
            "replay": "replay"
        },
        {
            "change_type": "",
            "gameTime": "2 - 45:40",
            "label": "",
            "position": "2740737",
            "replay": "real-time"
        },
        {
            "change_type": "",
            "gameTime": "2 - 45:46",
            "label": "",
            "link": "",
            "position": "2746324",
            "replay": "replay"
        },
        {
            "change_type": "",
            "gameTime": "2 - 47:06",
            "label": "",
            "position": "2826107",
            "replay": "real-time"
        },
        {
            "change_type": "",
            "gameTime": "2 - 47:12",
            "label": "",
            "link": "",
            "position": "2832798",
            "replay": "replay"
        },
        {
            "change_type": "",
            "gameTime": "2 - 47:16",
            "label": "",
            "link": "",
            "position": "2836347",
            "replay": "replay"
        },
        {
            "change_type": "",
            "gameTime": "2 - 47:21",
            "label": "",
            "link": "",
            "position": "2841322",
            "replay": "replay"
        },
        {
            "change_type": "",
            "gameTime": "2 - 47:25",
            "label": "",
            "position": "2845989",
            "replay": "real-time"
        },
        {
            "change_type": "",
            "gameTime": "2 - 47:32",
            "label": "",
            "position": "2852821",
            "replay": "other"
        }
    ],
    "gameAwayTeam": "Nice",
    "gameDate": "2016-11-20 - 18-00",
    "gameHomeTeam": "Saint Etienne",
    "gameScore": "0 - 1"
}