{
    "UrlLocal": "italy_serie-a/2014-2015/2015-04-29 - 21-45 Juventus 3 - 2 Fiorentina",
    "predictions": [
        {
            "gameTime": "1 - 35:7",
            "label": "soccer",
            "position": "2107500",
            "half": "1",
            "confidence": "0.993239164352417"
        },
        {
            "gameTime": "1 - 45:4",
            "label": "soccer",
            "position": "2704000",
            "half": "1",
            "confidence": "0.9893139600753784"
        },
        {
            "gameTime": "1 - 4:25",
            "label": "soccer",
            "position": "265000",
            "half": "1",
            "confidence": "0.8428709506988525"
        },
        {
            "gameTime": "1 - 21:54",
            "label": "soccer",
            "position": "1314000",
            "half": "1",
            "confidence": "0.8271325826644897"
        },
        {
            "gameTime": "1 - 27:28",
            "label": "soccer",
            "position": "1648000",
            "half": "1",
            "confidence": "0.7159379720687866"
        },
        {
            "gameTime": "1 - 35:17",
            "label": "soccer",
            "position": "2117500",
            "half": "1",
            "confidence": "0.6353781819343567"
        },
        {
            "gameTime": "1 - 34:57",
            "label": "soccer",
            "position": "2097000",
            "half": "1",
            "confidence": "0.6120834946632385"
        },
        {
            "gameTime": "1 - 41:58",
            "label": "soccer",
            "position": "2518500",
            "half": "1",
            "confidence": "0.5818153023719788"
        },
        {
            "gameTime": "1 - 25:5",
            "label": "soccer",
            "position": "1505500",
            "half": "1",
            "confidence": "0.5583087205886841"
        },
        {
            "gameTime": "2 - 3:45",
            "label": "card",
            "position": "225500",
            "half": "2",
            "confidence": "0.6661726236343384"
        },
        {
            "gameTime": "2 - 35:59",
            "label": "subs",
            "position": "2159000",
            "half": "2",
            "confidence": "0.9197375774383545"
        },
        {
            "gameTime": "2 - 26:14",
            "label": "subs",
            "position": "1574000",
            "half": "2",
            "confidence": "0.8911247253417969"
        },
        {
            "gameTime": "2 - 30:44",
            "label": "subs",
            "position": "1844000",
            "half": "2",
            "confidence": "0.864225447177887"
        },
        {
            "gameTime": "2 - 26:24",
            "label": "subs",
            "position": "1584000",
            "half": "2",
            "confidence": "0.8481242060661316"
        },
        {
            "gameTime": "2 - 10:15",
            "label": "subs",
            "position": "615500",
            "half": "2",
            "confidence": "0.7667086720466614"
        },
        {
            "gameTime": "2 - 10:4",
            "label": "subs",
            "position": "604500",
            "half": "2",
            "confidence": "0.7423626780509949"
        },
        {
            "gameTime": "2 - 25:19",
            "label": "subs",
            "position": "1519000",
            "half": "2",
            "confidence": "0.7252601385116577"
        },
        {
            "gameTime": "2 - 30:33",
            "label": "subs",
            "position": "1833500",
            "half": "2",
            "confidence": "0.6925241947174072"
        },
        {
            "gameTime": "2 - 31:32",
            "label": "subs",
            "position": "1892500",
            "half": "2",
            "confidence": "0.6788069605827332"
        },
        {
            "gameTime": "2 - 25:8",
            "label": "subs",
            "position": "1508500",
            "half": "2",
            "confidence": "0.5587847232818604"
        },
        {
            "gameTime": "2 - 24:18",
            "label": "soccer",
            "position": "1458000",
            "half": "2",
            "confidence": "0.9684375524520874"
        },
        {
            "gameTime": "2 - 20:0",
            "label": "soccer",
            "position": "1200500",
            "half": "2",
            "confidence": "0.963811457157135"
        },
        {
            "gameTime": "2 - 27:52",
            "label": "soccer",
            "position": "1672500",
            "half": "2",
            "confidence": "0.916894257068634"
        },
        {
            "gameTime": "2 - 20:10",
            "label": "soccer",
            "position": "1210500",
            "half": "2",
            "confidence": "0.8744363784790039"
        },
        {
            "gameTime": "2 - 10:41",
            "label": "soccer",
            "position": "641500",
            "half": "2",
            "confidence": "0.6870551705360413"
        },
        {
            "gameTime": "2 - 3:4",
            "label": "soccer",
            "position": "184500",
            "half": "2",
            "confidence": "0.5218764543533325"
        }
    ]
}