{
    "UrlLocal": "germany_bundesliga/2015-2016/2015-09-12 - 16-30 Bayern Munich 2 - 1 FC Augsburg",
    "predictions": [
        {
            "gameTime": "1 - 30:19",
            "label": "Clearance",
            "position": "1819000",
            "half": "1",
            "confidence": "0.6478372812271118"
        },
        {
            "gameTime": "1 - 18:9",
            "label": "Ball out of play",
            "position": "1089500",
            "half": "1",
            "confidence": "0.8614708781242371"
        },
        {
            "gameTime": "1 - 18:22",
            "label": "Ball out of play",
            "position": "1102500",
            "half": "1",
            "confidence": "0.8604019284248352"
        },
        {
            "gameTime": "1 - 17:58",
            "label": "Ball out of play",
            "position": "1078500",
            "half": "1",
            "confidence": "0.8460895419120789"
        },
        {
            "gameTime": "1 - 3:10",
            "label": "Ball out of play",
            "position": "190500",
            "half": "1",
            "confidence": "0.8224809169769287"
        },
        {
            "gameTime": "1 - 1:57",
            "label": "Ball out of play",
            "position": "117000",
            "half": "1",
            "confidence": "0.813871443271637"
        },
        {
            "gameTime": "1 - 9:56",
            "label": "Ball out of play",
            "position": "596000",
            "half": "1",
            "confidence": "0.8004114627838135"
        },
        {
            "gameTime": "1 - 8:7",
            "label": "Ball out of play",
            "position": "487500",
            "half": "1",
            "confidence": "0.7888592481613159"
        },
        {
            "gameTime": "1 - 27:27",
            "label": "Ball out of play",
            "position": "1647000",
            "half": "1",
            "confidence": "0.7616283297538757"
        },
        {
            "gameTime": "1 - 36:57",
            "label": "Ball out of play",
            "position": "2217500",
            "half": "1",
            "confidence": "0.7424591183662415"
        },
        {
            "gameTime": "1 - 29:8",
            "label": "Ball out of play",
            "position": "1748500",
            "half": "1",
            "confidence": "0.7256072759628296"
        },
        {
            "gameTime": "1 - 7:52",
            "label": "Ball out of play",
            "position": "472500",
            "half": "1",
            "confidence": "0.7243058085441589"
        },
        {
            "gameTime": "1 - 0:31",
            "label": "Ball out of play",
            "position": "31000",
            "half": "1",
            "confidence": "0.7217943072319031"
        },
        {
            "gameTime": "1 - 14:11",
            "label": "Ball out of play",
            "position": "851500",
            "half": "1",
            "confidence": "0.6950230002403259"
        },
        {
            "gameTime": "1 - 10:7",
            "label": "Ball out of play",
            "position": "607500",
            "half": "1",
            "confidence": "0.6906075477600098"
        },
        {
            "gameTime": "1 - 7:42",
            "label": "Ball out of play",
            "position": "462000",
            "half": "1",
            "confidence": "0.6866051554679871"
        },
        {
            "gameTime": "1 - 2:58",
            "label": "Ball out of play",
            "position": "178000",
            "half": "1",
            "confidence": "0.6826992630958557"
        },
        {
            "gameTime": "1 - 8:28",
            "label": "Ball out of play",
            "position": "508500",
            "half": "1",
            "confidence": "0.6678274869918823"
        },
        {
            "gameTime": "1 - 4:34",
            "label": "Ball out of play",
            "position": "274000",
            "half": "1",
            "confidence": "0.6550625562667847"
        },
        {
            "gameTime": "1 - 28:4",
            "label": "Ball out of play",
            "position": "1684000",
            "half": "1",
            "confidence": "0.6514096856117249"
        },
        {
            "gameTime": "1 - 16:53",
            "label": "Ball out of play",
            "position": "1013000",
            "half": "1",
            "confidence": "0.6344659328460693"
        },
        {
            "gameTime": "1 - 20:24",
            "label": "Ball out of play",
            "position": "1224000",
            "half": "1",
            "confidence": "0.6290945410728455"
        },
        {
            "gameTime": "1 - 20:40",
            "label": "Ball out of play",
            "position": "1240500",
            "half": "1",
            "confidence": "0.6174473166465759"
        },
        {
            "gameTime": "1 - 5:8",
            "label": "Ball out of play",
            "position": "308500",
            "half": "1",
            "confidence": "0.6087453961372375"
        },
        {
            "gameTime": "1 - 36:0",
            "label": "Ball out of play",
            "position": "2160500",
            "half": "1",
            "confidence": "0.6017231345176697"
        },
        {
            "gameTime": "1 - 40:31",
            "label": "Ball out of play",
            "position": "2431500",
            "half": "1",
            "confidence": "0.5950289964675903"
        },
        {
            "gameTime": "1 - 8:18",
            "label": "Ball out of play",
            "position": "498000",
            "half": "1",
            "confidence": "0.589019238948822"
        },
        {
            "gameTime": "1 - 4:22",
            "label": "Ball out of play",
            "position": "262500",
            "half": "1",
            "confidence": "0.5855587124824524"
        },
        {
            "gameTime": "1 - 29:18",
            "label": "Ball out of play",
            "position": "1758500",
            "half": "1",
            "confidence": "0.5772639513015747"
        },
        {
            "gameTime": "1 - 18:44",
            "label": "Ball out of play",
            "position": "1124500",
            "half": "1",
            "confidence": "0.5639519095420837"
        },
        {
            "gameTime": "1 - 40:59",
            "label": "Ball out of play",
            "position": "2459500",
            "half": "1",
            "confidence": "0.5569762587547302"
        },
        {
            "gameTime": "1 - 3:53",
            "label": "Ball out of play",
            "position": "233500",
            "half": "1",
            "confidence": "0.5355849266052246"
        },
        {
            "gameTime": "1 - 42:5",
            "label": "Ball out of play",
            "position": "2525000",
            "half": "1",
            "confidence": "0.5304312705993652"
        },
        {
            "gameTime": "1 - 39:11",
            "label": "Ball out of play",
            "position": "2351500",
            "half": "1",
            "confidence": "0.529861569404602"
        },
        {
            "gameTime": "1 - 11:4",
            "label": "Ball out of play",
            "position": "664000",
            "half": "1",
            "confidence": "0.5289947986602783"
        },
        {
            "gameTime": "1 - 6:40",
            "label": "Ball out of play",
            "position": "400500",
            "half": "1",
            "confidence": "0.5288764834403992"
        },
        {
            "gameTime": "1 - 18:20",
            "label": "Throw-in",
            "position": "1100500",
            "half": "1",
            "confidence": "0.944756805896759"
        },
        {
            "gameTime": "1 - 8:7",
            "label": "Throw-in",
            "position": "487000",
            "half": "1",
            "confidence": "0.9357122778892517"
        },
        {
            "gameTime": "1 - 18:10",
            "label": "Throw-in",
            "position": "1090000",
            "half": "1",
            "confidence": "0.935303807258606"
        },
        {
            "gameTime": "1 - 5:27",
            "label": "Throw-in",
            "position": "327000",
            "half": "1",
            "confidence": "0.921990692615509"
        },
        {
            "gameTime": "1 - 8:28",
            "label": "Throw-in",
            "position": "508500",
            "half": "1",
            "confidence": "0.9080525040626526"
        },
        {
            "gameTime": "1 - 8:17",
            "label": "Throw-in",
            "position": "497500",
            "half": "1",
            "confidence": "0.888978123664856"
        },
        {
            "gameTime": "1 - 5:15",
            "label": "Throw-in",
            "position": "315500",
            "half": "1",
            "confidence": "0.8705384135246277"
        },
        {
            "gameTime": "1 - 4:0",
            "label": "Throw-in",
            "position": "240500",
            "half": "1",
            "confidence": "0.862997829914093"
        },
        {
            "gameTime": "1 - 3:10",
            "label": "Throw-in",
            "position": "190500",
            "half": "1",
            "confidence": "0.8594512939453125"
        },
        {
            "gameTime": "1 - 32:34",
            "label": "Throw-in",
            "position": "1954500",
            "half": "1",
            "confidence": "0.7896164655685425"
        },
        {
            "gameTime": "1 - 17:59",
            "label": "Throw-in",
            "position": "1079000",
            "half": "1",
            "confidence": "0.7761580944061279"
        },
        {
            "gameTime": "1 - 3:50",
            "label": "Throw-in",
            "position": "230000",
            "half": "1",
            "confidence": "0.7663224935531616"
        },
        {
            "gameTime": "1 - 4:40",
            "label": "Throw-in",
            "position": "280500",
            "half": "1",
            "confidence": "0.7663062810897827"
        },
        {
            "gameTime": "1 - 28:17",
            "label": "Throw-in",
            "position": "1697000",
            "half": "1",
            "confidence": "0.7617450952529907"
        },
        {
            "gameTime": "1 - 8:38",
            "label": "Throw-in",
            "position": "518500",
            "half": "1",
            "confidence": "0.7239733338356018"
        },
        {
            "gameTime": "1 - 37:29",
            "label": "Throw-in",
            "position": "2249000",
            "half": "1",
            "confidence": "0.7127280831336975"
        },
        {
            "gameTime": "1 - 1:56",
            "label": "Throw-in",
            "position": "116500",
            "half": "1",
            "confidence": "0.7125352025032043"
        },
        {
            "gameTime": "1 - 9:56",
            "label": "Throw-in",
            "position": "596500",
            "half": "1",
            "confidence": "0.7100974917411804"
        },
        {
            "gameTime": "1 - 37:39",
            "label": "Throw-in",
            "position": "2259000",
            "half": "1",
            "confidence": "0.6959741711616516"
        },
        {
            "gameTime": "1 - 2:59",
            "label": "Throw-in",
            "position": "179500",
            "half": "1",
            "confidence": "0.6899965405464172"
        },
        {
            "gameTime": "1 - 24:55",
            "label": "Throw-in",
            "position": "1495500",
            "half": "1",
            "confidence": "0.6811871528625488"
        },
        {
            "gameTime": "1 - 10:9",
            "label": "Throw-in",
            "position": "609500",
            "half": "1",
            "confidence": "0.6674926280975342"
        },
        {
            "gameTime": "1 - 4:29",
            "label": "Throw-in",
            "position": "269000",
            "half": "1",
            "confidence": "0.6546297669410706"
        },
        {
            "gameTime": "1 - 28:6",
            "label": "Throw-in",
            "position": "1686500",
            "half": "1",
            "confidence": "0.6452559232711792"
        },
        {
            "gameTime": "1 - 0:30",
            "label": "Throw-in",
            "position": "30500",
            "half": "1",
            "confidence": "0.6443375945091248"
        },
        {
            "gameTime": "1 - 13:15",
            "label": "Throw-in",
            "position": "795000",
            "half": "1",
            "confidence": "0.6098461151123047"
        },
        {
            "gameTime": "1 - 40:57",
            "label": "Throw-in",
            "position": "2457000",
            "half": "1",
            "confidence": "0.562202513217926"
        },
        {
            "gameTime": "1 - 18:44",
            "label": "Throw-in",
            "position": "1124000",
            "half": "1",
            "confidence": "0.5348984003067017"
        },
        {
            "gameTime": "1 - 16:15",
            "label": "Throw-in",
            "position": "975000",
            "half": "1",
            "confidence": "0.5256561636924744"
        },
        {
            "gameTime": "1 - 3:13",
            "label": "Foul",
            "position": "193500",
            "half": "1",
            "confidence": "0.5416691303253174"
        },
        {
            "gameTime": "1 - 36:27",
            "label": "Foul",
            "position": "2187500",
            "half": "1",
            "confidence": "0.5164937973022461"
        },
        {
            "gameTime": "1 - 23:18",
            "label": "Foul",
            "position": "1398500",
            "half": "1",
            "confidence": "0.5134841203689575"
        },
        {
            "gameTime": "1 - 36:27",
            "label": "Indirect free-kick",
            "position": "2187500",
            "half": "1",
            "confidence": "0.6268357634544373"
        },
        {
            "gameTime": "1 - 29:47",
            "label": "Corner",
            "position": "1787000",
            "half": "1",
            "confidence": "0.9598215222358704"
        },
        {
            "gameTime": "1 - 29:57",
            "label": "Corner",
            "position": "1797000",
            "half": "1",
            "confidence": "0.699512779712677"
        },
        {
            "gameTime": "2 - 0:2",
            "label": "Kick-off",
            "position": "2500",
            "half": "2",
            "confidence": "0.8795445561408997"
        },
        {
            "gameTime": "2 - 32:23",
            "label": "Kick-off",
            "position": "1943500",
            "half": "2",
            "confidence": "0.6182066798210144"
        },
        {
            "gameTime": "2 - 31:35",
            "label": "Goal",
            "position": "1895500",
            "half": "2",
            "confidence": "0.850895345211029"
        },
        {
            "gameTime": "2 - 46:39",
            "label": "Substitution",
            "position": "2799000",
            "half": "2",
            "confidence": "0.9298719167709351"
        },
        {
            "gameTime": "2 - 24:36",
            "label": "Substitution",
            "position": "1476500",
            "half": "2",
            "confidence": "0.9017045497894287"
        },
        {
            "gameTime": "2 - 30:44",
            "label": "Substitution",
            "position": "1844000",
            "half": "2",
            "confidence": "0.8887256979942322"
        },
        {
            "gameTime": "2 - 10:26",
            "label": "Substitution",
            "position": "626500",
            "half": "2",
            "confidence": "0.8365222215652466"
        },
        {
            "gameTime": "2 - 30:54",
            "label": "Substitution",
            "position": "1854000",
            "half": "2",
            "confidence": "0.7815085649490356"
        },
        {
            "gameTime": "2 - 46:49",
            "label": "Substitution",
            "position": "2809000",
            "half": "2",
            "confidence": "0.6120084524154663"
        },
        {
            "gameTime": "2 - 45:18",
            "label": "Substitution",
            "position": "2718000",
            "half": "2",
            "confidence": "0.6105813980102539"
        },
        {
            "gameTime": "2 - 31:28",
            "label": "Shots on target",
            "position": "1888500",
            "half": "2",
            "confidence": "0.7811119556427002"
        },
        {
            "gameTime": "2 - 31:38",
            "label": "Shots on target",
            "position": "1898500",
            "half": "2",
            "confidence": "0.5972893238067627"
        },
        {
            "gameTime": "2 - 40:18",
            "label": "Shots on target",
            "position": "2418000",
            "half": "2",
            "confidence": "0.5742183923721313"
        },
        {
            "gameTime": "2 - 24:10",
            "label": "Shots off target",
            "position": "1450500",
            "half": "2",
            "confidence": "0.6955500245094299"
        },
        {
            "gameTime": "2 - 40:16",
            "label": "Shots off target",
            "position": "2416000",
            "half": "2",
            "confidence": "0.5179619789123535"
        },
        {
            "gameTime": "2 - 38:14",
            "label": "Clearance",
            "position": "2294000",
            "half": "2",
            "confidence": "0.845160186290741"
        },
        {
            "gameTime": "2 - 4:39",
            "label": "Clearance",
            "position": "279000",
            "half": "2",
            "confidence": "0.8043850064277649"
        },
        {
            "gameTime": "2 - 7:4",
            "label": "Clearance",
            "position": "424000",
            "half": "2",
            "confidence": "0.6619335412979126"
        },
        {
            "gameTime": "2 - 26:1",
            "label": "Clearance",
            "position": "1561000",
            "half": "2",
            "confidence": "0.596261203289032"
        },
        {
            "gameTime": "2 - 36:28",
            "label": "Ball out of play",
            "position": "2188500",
            "half": "2",
            "confidence": "0.9167324304580688"
        },
        {
            "gameTime": "2 - 11:33",
            "label": "Ball out of play",
            "position": "693000",
            "half": "2",
            "confidence": "0.8972138166427612"
        },
        {
            "gameTime": "2 - 6:10",
            "label": "Ball out of play",
            "position": "370500",
            "half": "2",
            "confidence": "0.8734663128852844"
        },
        {
            "gameTime": "2 - 39:57",
            "label": "Ball out of play",
            "position": "2397000",
            "half": "2",
            "confidence": "0.8618510961532593"
        },
        {
            "gameTime": "2 - 6:50",
            "label": "Ball out of play",
            "position": "410500",
            "half": "2",
            "confidence": "0.8212892413139343"
        },
        {
            "gameTime": "2 - 11:47",
            "label": "Ball out of play",
            "position": "707500",
            "half": "2",
            "confidence": "0.8123787045478821"
        },
        {
            "gameTime": "2 - 20:52",
            "label": "Ball out of play",
            "position": "1252000",
            "half": "2",
            "confidence": "0.7984396815299988"
        },
        {
            "gameTime": "2 - 36:18",
            "label": "Ball out of play",
            "position": "2178000",
            "half": "2",
            "confidence": "0.7732092142105103"
        },
        {
            "gameTime": "2 - 5:16",
            "label": "Ball out of play",
            "position": "316000",
            "half": "2",
            "confidence": "0.768692135810852"
        },
        {
            "gameTime": "2 - 46:23",
            "label": "Ball out of play",
            "position": "2783000",
            "half": "2",
            "confidence": "0.7633910179138184"
        },
        {
            "gameTime": "2 - 7:39",
            "label": "Ball out of play",
            "position": "459000",
            "half": "2",
            "confidence": "0.7534727454185486"
        },
        {
            "gameTime": "2 - 7:28",
            "label": "Ball out of play",
            "position": "448000",
            "half": "2",
            "confidence": "0.7522717714309692"
        },
        {
            "gameTime": "2 - 37:48",
            "label": "Ball out of play",
            "position": "2268500",
            "half": "2",
            "confidence": "0.7314839959144592"
        },
        {
            "gameTime": "2 - 17:9",
            "label": "Ball out of play",
            "position": "1029500",
            "half": "2",
            "confidence": "0.7311835289001465"
        },
        {
            "gameTime": "2 - 39:46",
            "label": "Ball out of play",
            "position": "2386500",
            "half": "2",
            "confidence": "0.727272629737854"
        },
        {
            "gameTime": "2 - 6:38",
            "label": "Ball out of play",
            "position": "398500",
            "half": "2",
            "confidence": "0.7195709943771362"
        },
        {
            "gameTime": "2 - 5:30",
            "label": "Ball out of play",
            "position": "330000",
            "half": "2",
            "confidence": "0.7009459137916565"
        },
        {
            "gameTime": "2 - 10:38",
            "label": "Ball out of play",
            "position": "638000",
            "half": "2",
            "confidence": "0.6789439916610718"
        },
        {
            "gameTime": "2 - 9:56",
            "label": "Ball out of play",
            "position": "596500",
            "half": "2",
            "confidence": "0.6773319244384766"
        },
        {
            "gameTime": "2 - 7:49",
            "label": "Ball out of play",
            "position": "469500",
            "half": "2",
            "confidence": "0.6764043569564819"
        },
        {
            "gameTime": "2 - 21:35",
            "label": "Ball out of play",
            "position": "1295000",
            "half": "2",
            "confidence": "0.6732655167579651"
        },
        {
            "gameTime": "2 - 24:10",
            "label": "Ball out of play",
            "position": "1450500",
            "half": "2",
            "confidence": "0.6626828908920288"
        },
        {
            "gameTime": "2 - 6:20",
            "label": "Ball out of play",
            "position": "380500",
            "half": "2",
            "confidence": "0.6458679437637329"
        },
        {
            "gameTime": "2 - 23:34",
            "label": "Ball out of play",
            "position": "1414000",
            "half": "2",
            "confidence": "0.6392689347267151"
        },
        {
            "gameTime": "2 - 14:47",
            "label": "Ball out of play",
            "position": "887000",
            "half": "2",
            "confidence": "0.6328765749931335"
        },
        {
            "gameTime": "2 - 29:7",
            "label": "Ball out of play",
            "position": "1747000",
            "half": "2",
            "confidence": "0.6301321387290955"
        },
        {
            "gameTime": "2 - 17:19",
            "label": "Ball out of play",
            "position": "1039500",
            "half": "2",
            "confidence": "0.6069459915161133"
        },
        {
            "gameTime": "2 - 38:54",
            "label": "Ball out of play",
            "position": "2334500",
            "half": "2",
            "confidence": "0.5995967984199524"
        },
        {
            "gameTime": "2 - 30:16",
            "label": "Ball out of play",
            "position": "1816000",
            "half": "2",
            "confidence": "0.5988988876342773"
        },
        {
            "gameTime": "2 - 14:36",
            "label": "Ball out of play",
            "position": "876000",
            "half": "2",
            "confidence": "0.5945531725883484"
        },
        {
            "gameTime": "2 - 23:9",
            "label": "Ball out of play",
            "position": "1389000",
            "half": "2",
            "confidence": "0.5933660864830017"
        },
        {
            "gameTime": "2 - 27:52",
            "label": "Ball out of play",
            "position": "1672500",
            "half": "2",
            "confidence": "0.570320188999176"
        },
        {
            "gameTime": "2 - 29:57",
            "label": "Ball out of play",
            "position": "1797500",
            "half": "2",
            "confidence": "0.5687580704689026"
        },
        {
            "gameTime": "2 - 8:0",
            "label": "Ball out of play",
            "position": "480000",
            "half": "2",
            "confidence": "0.5486922860145569"
        },
        {
            "gameTime": "2 - 19:10",
            "label": "Ball out of play",
            "position": "1150000",
            "half": "2",
            "confidence": "0.5451317429542542"
        },
        {
            "gameTime": "2 - 4:16",
            "label": "Ball out of play",
            "position": "256500",
            "half": "2",
            "confidence": "0.5419854521751404"
        },
        {
            "gameTime": "2 - 24:0",
            "label": "Ball out of play",
            "position": "1440000",
            "half": "2",
            "confidence": "0.5279966592788696"
        },
        {
            "gameTime": "2 - 30:26",
            "label": "Ball out of play",
            "position": "1826000",
            "half": "2",
            "confidence": "0.5172983407974243"
        },
        {
            "gameTime": "2 - 25:53",
            "label": "Ball out of play",
            "position": "1553000",
            "half": "2",
            "confidence": "0.5138939619064331"
        },
        {
            "gameTime": "2 - 40:15",
            "label": "Ball out of play",
            "position": "2415500",
            "half": "2",
            "confidence": "0.5096952319145203"
        },
        {
            "gameTime": "2 - 21:21",
            "label": "Ball out of play",
            "position": "1281500",
            "half": "2",
            "confidence": "0.502851128578186"
        },
        {
            "gameTime": "2 - 10:6",
            "label": "Ball out of play",
            "position": "606500",
            "half": "2",
            "confidence": "0.5017672181129456"
        },
        {
            "gameTime": "2 - 23:49",
            "label": "Ball out of play",
            "position": "1429000",
            "half": "2",
            "confidence": "0.5000051856040955"
        },
        {
            "gameTime": "2 - 21:36",
            "label": "Throw-in",
            "position": "1296500",
            "half": "2",
            "confidence": "0.9478358626365662"
        },
        {
            "gameTime": "2 - 7:47",
            "label": "Throw-in",
            "position": "467500",
            "half": "2",
            "confidence": "0.8177721500396729"
        },
        {
            "gameTime": "2 - 20:52",
            "label": "Throw-in",
            "position": "1252500",
            "half": "2",
            "confidence": "0.7652612328529358"
        },
        {
            "gameTime": "2 - 46:24",
            "label": "Throw-in",
            "position": "2784000",
            "half": "2",
            "confidence": "0.7571746706962585"
        },
        {
            "gameTime": "2 - 7:37",
            "label": "Throw-in",
            "position": "457000",
            "half": "2",
            "confidence": "0.7418338060379028"
        },
        {
            "gameTime": "2 - 10:39",
            "label": "Throw-in",
            "position": "639000",
            "half": "2",
            "confidence": "0.7284910082817078"
        },
        {
            "gameTime": "2 - 29:57",
            "label": "Throw-in",
            "position": "1797500",
            "half": "2",
            "confidence": "0.6935889720916748"
        },
        {
            "gameTime": "2 - 46:53",
            "label": "Throw-in",
            "position": "2813000",
            "half": "2",
            "confidence": "0.5991966724395752"
        },
        {
            "gameTime": "2 - 2:43",
            "label": "Foul",
            "position": "163000",
            "half": "2",
            "confidence": "0.8037424683570862"
        },
        {
            "gameTime": "2 - 12:23",
            "label": "Foul",
            "position": "743000",
            "half": "2",
            "confidence": "0.6682763695716858"
        },
        {
            "gameTime": "2 - 30:22",
            "label": "Foul",
            "position": "1822000",
            "half": "2",
            "confidence": "0.6108858585357666"
        },
        {
            "gameTime": "2 - 20:2",
            "label": "Foul",
            "position": "1202000",
            "half": "2",
            "confidence": "0.5975823998451233"
        },
        {
            "gameTime": "2 - 12:34",
            "label": "Foul",
            "position": "754000",
            "half": "2",
            "confidence": "0.536293089389801"
        },
        {
            "gameTime": "2 - 2:53",
            "label": "Foul",
            "position": "173000",
            "half": "2",
            "confidence": "0.5281563997268677"
        },
        {
            "gameTime": "2 - 3:28",
            "label": "Indirect free-kick",
            "position": "208000",
            "half": "2",
            "confidence": "0.6966307163238525"
        },
        {
            "gameTime": "2 - 31:1",
            "label": "Indirect free-kick",
            "position": "1861000",
            "half": "2",
            "confidence": "0.6320978999137878"
        },
        {
            "gameTime": "2 - 39:7",
            "label": "Indirect free-kick",
            "position": "2347500",
            "half": "2",
            "confidence": "0.5606738328933716"
        },
        {
            "gameTime": "2 - 20:52",
            "label": "Direct free-kick",
            "position": "1252000",
            "half": "2",
            "confidence": "0.6853275299072266"
        },
        {
            "gameTime": "2 - 18:59",
            "label": "Direct free-kick",
            "position": "1139000",
            "half": "2",
            "confidence": "0.5372963547706604"
        },
        {
            "gameTime": "2 - 6:31",
            "label": "Corner",
            "position": "391000",
            "half": "2",
            "confidence": "0.9799873232841492"
        },
        {
            "gameTime": "2 - 12:18",
            "label": "Corner",
            "position": "738000",
            "half": "2",
            "confidence": "0.941716194152832"
        },
        {
            "gameTime": "2 - 23:34",
            "label": "Corner",
            "position": "1414500",
            "half": "2",
            "confidence": "0.9088112711906433"
        },
        {
            "gameTime": "2 - 12:31",
            "label": "Corner",
            "position": "751500",
            "half": "2",
            "confidence": "0.8200209736824036"
        },
        {
            "gameTime": "2 - 6:46",
            "label": "Corner",
            "position": "406000",
            "half": "2",
            "confidence": "0.5593299269676208"
        }
    ]
}