{
    "UrlLocal": "europe_uefa-champions-league/2016-2017/2017-02-15 - 18-00 Bayern 5 - 1 Arsenal",
    "predictions": [
        {
            "gameTime": "1 - 0:3",
            "label": "Kick-off",
            "position": "3000",
            "half": "1",
            "confidence": "0.9401109218597412"
        },
        {
            "gameTime": "1 - 1:53",
            "label": "Kick-off",
            "position": "113000",
            "half": "1",
            "confidence": "0.9116698503494263"
        },
        {
            "gameTime": "1 - 30:31",
            "label": "Kick-off",
            "position": "1831000",
            "half": "1",
            "confidence": "0.8549748659133911"
        },
        {
            "gameTime": "1 - 44:37",
            "label": "Kick-off",
            "position": "2677500",
            "half": "1",
            "confidence": "0.6350616216659546"
        },
        {
            "gameTime": "1 - 4:45",
            "label": "Kick-off",
            "position": "285000",
            "half": "1",
            "confidence": "0.5733028650283813"
        },
        {
            "gameTime": "1 - 29:42",
            "label": "Goal",
            "position": "1782500",
            "half": "1",
            "confidence": "0.8984938263893127"
        },
        {
            "gameTime": "1 - 34:11",
            "label": "Goal",
            "position": "2051500",
            "half": "1",
            "confidence": "0.7332920432090759"
        },
        {
            "gameTime": "1 - 27:6",
            "label": "Offside",
            "position": "1626500",
            "half": "1",
            "confidence": "0.9336898922920227"
        },
        {
            "gameTime": "1 - 26:48",
            "label": "Offside",
            "position": "1608000",
            "half": "1",
            "confidence": "0.8909030556678772"
        },
        {
            "gameTime": "1 - 12:58",
            "label": "Offside",
            "position": "778500",
            "half": "1",
            "confidence": "0.509432315826416"
        },
        {
            "gameTime": "1 - 35:5",
            "label": "Shots off target",
            "position": "2105500",
            "half": "1",
            "confidence": "0.8813038468360901"
        },
        {
            "gameTime": "1 - 34:55",
            "label": "Shots off target",
            "position": "2095000",
            "half": "1",
            "confidence": "0.6002821326255798"
        },
        {
            "gameTime": "1 - 42:16",
            "label": "Clearance",
            "position": "2536000",
            "half": "1",
            "confidence": "0.8845975995063782"
        },
        {
            "gameTime": "1 - 24:29",
            "label": "Clearance",
            "position": "1469000",
            "half": "1",
            "confidence": "0.78937828540802"
        },
        {
            "gameTime": "1 - 44:35",
            "label": "Clearance",
            "position": "2675000",
            "half": "1",
            "confidence": "0.755315899848938"
        },
        {
            "gameTime": "1 - 35:20",
            "label": "Clearance",
            "position": "2120000",
            "half": "1",
            "confidence": "0.7531495690345764"
        },
        {
            "gameTime": "1 - 4:34",
            "label": "Clearance",
            "position": "274500",
            "half": "1",
            "confidence": "0.7139164209365845"
        },
        {
            "gameTime": "1 - 1:3",
            "label": "Clearance",
            "position": "63500",
            "half": "1",
            "confidence": "0.7091501355171204"
        },
        {
            "gameTime": "1 - 8:10",
            "label": "Clearance",
            "position": "490500",
            "half": "1",
            "confidence": "0.6740283370018005"
        },
        {
            "gameTime": "1 - 24:39",
            "label": "Clearance",
            "position": "1479000",
            "half": "1",
            "confidence": "0.6523852348327637"
        },
        {
            "gameTime": "1 - 21:37",
            "label": "Clearance",
            "position": "1297000",
            "half": "1",
            "confidence": "0.5344261527061462"
        },
        {
            "gameTime": "1 - 5:48",
            "label": "Ball out of play",
            "position": "348000",
            "half": "1",
            "confidence": "0.9125701189041138"
        },
        {
            "gameTime": "1 - 42:9",
            "label": "Ball out of play",
            "position": "2529500",
            "half": "1",
            "confidence": "0.9008686542510986"
        },
        {
            "gameTime": "1 - 41:59",
            "label": "Ball out of play",
            "position": "2519000",
            "half": "1",
            "confidence": "0.8866239190101624"
        },
        {
            "gameTime": "1 - 35:7",
            "label": "Ball out of play",
            "position": "2107500",
            "half": "1",
            "confidence": "0.8864084482192993"
        },
        {
            "gameTime": "1 - 29:40",
            "label": "Ball out of play",
            "position": "1780000",
            "half": "1",
            "confidence": "0.8774348497390747"
        },
        {
            "gameTime": "1 - 5:33",
            "label": "Ball out of play",
            "position": "333500",
            "half": "1",
            "confidence": "0.8763417601585388"
        },
        {
            "gameTime": "1 - 4:8",
            "label": "Ball out of play",
            "position": "248500",
            "half": "1",
            "confidence": "0.8095497488975525"
        },
        {
            "gameTime": "1 - 19:23",
            "label": "Ball out of play",
            "position": "1163500",
            "half": "1",
            "confidence": "0.8079371452331543"
        },
        {
            "gameTime": "1 - 34:9",
            "label": "Ball out of play",
            "position": "2049000",
            "half": "1",
            "confidence": "0.7854320406913757"
        },
        {
            "gameTime": "1 - 37:4",
            "label": "Ball out of play",
            "position": "2224000",
            "half": "1",
            "confidence": "0.7739960551261902"
        },
        {
            "gameTime": "1 - 19:34",
            "label": "Ball out of play",
            "position": "1174000",
            "half": "1",
            "confidence": "0.7364394664764404"
        },
        {
            "gameTime": "1 - 29:52",
            "label": "Ball out of play",
            "position": "1792000",
            "half": "1",
            "confidence": "0.7158343195915222"
        },
        {
            "gameTime": "1 - 34:52",
            "label": "Ball out of play",
            "position": "2092500",
            "half": "1",
            "confidence": "0.679961621761322"
        },
        {
            "gameTime": "1 - 25:14",
            "label": "Ball out of play",
            "position": "1514000",
            "half": "1",
            "confidence": "0.622876763343811"
        },
        {
            "gameTime": "1 - 20:51",
            "label": "Ball out of play",
            "position": "1251500",
            "half": "1",
            "confidence": "0.6189926266670227"
        },
        {
            "gameTime": "1 - 5:23",
            "label": "Ball out of play",
            "position": "323000",
            "half": "1",
            "confidence": "0.6032407283782959"
        },
        {
            "gameTime": "1 - 2:19",
            "label": "Ball out of play",
            "position": "139000",
            "half": "1",
            "confidence": "0.5887221097946167"
        },
        {
            "gameTime": "1 - 46:3",
            "label": "Ball out of play",
            "position": "2763500",
            "half": "1",
            "confidence": "0.586408793926239"
        },
        {
            "gameTime": "1 - 24:14",
            "label": "Ball out of play",
            "position": "1454000",
            "half": "1",
            "confidence": "0.5760552287101746"
        },
        {
            "gameTime": "1 - 24:56",
            "label": "Ball out of play",
            "position": "1496000",
            "half": "1",
            "confidence": "0.5720484852790833"
        },
        {
            "gameTime": "1 - 2:29",
            "label": "Ball out of play",
            "position": "149000",
            "half": "1",
            "confidence": "0.556093692779541"
        },
        {
            "gameTime": "1 - 26:45",
            "label": "Ball out of play",
            "position": "1605500",
            "half": "1",
            "confidence": "0.5408921241760254"
        },
        {
            "gameTime": "1 - 42:49",
            "label": "Ball out of play",
            "position": "2569500",
            "half": "1",
            "confidence": "0.535471498966217"
        },
        {
            "gameTime": "1 - 9:38",
            "label": "Ball out of play",
            "position": "578000",
            "half": "1",
            "confidence": "0.5142003297805786"
        },
        {
            "gameTime": "1 - 34:20",
            "label": "Ball out of play",
            "position": "2060500",
            "half": "1",
            "confidence": "0.5123409032821655"
        },
        {
            "gameTime": "1 - 42:38",
            "label": "Throw-in",
            "position": "2558500",
            "half": "1",
            "confidence": "0.9386611580848694"
        },
        {
            "gameTime": "1 - 5:32",
            "label": "Throw-in",
            "position": "332000",
            "half": "1",
            "confidence": "0.9285445809364319"
        },
        {
            "gameTime": "1 - 42:49",
            "label": "Throw-in",
            "position": "2569000",
            "half": "1",
            "confidence": "0.8386556506156921"
        },
        {
            "gameTime": "1 - 19:41",
            "label": "Throw-in",
            "position": "1181500",
            "half": "1",
            "confidence": "0.8064236044883728"
        },
        {
            "gameTime": "1 - 5:21",
            "label": "Throw-in",
            "position": "321000",
            "half": "1",
            "confidence": "0.72260981798172"
        },
        {
            "gameTime": "1 - 9:36",
            "label": "Throw-in",
            "position": "576500",
            "half": "1",
            "confidence": "0.7056732177734375"
        },
        {
            "gameTime": "1 - 35:47",
            "label": "Throw-in",
            "position": "2147000",
            "half": "1",
            "confidence": "0.7053638100624084"
        },
        {
            "gameTime": "1 - 11:56",
            "label": "Throw-in",
            "position": "716500",
            "half": "1",
            "confidence": "0.6677985191345215"
        },
        {
            "gameTime": "1 - 44:52",
            "label": "Throw-in",
            "position": "2692000",
            "half": "1",
            "confidence": "0.6087979674339294"
        },
        {
            "gameTime": "1 - 29:38",
            "label": "Throw-in",
            "position": "1778500",
            "half": "1",
            "confidence": "0.5772362351417542"
        },
        {
            "gameTime": "1 - 42:28",
            "label": "Throw-in",
            "position": "2548000",
            "half": "1",
            "confidence": "0.5657603144645691"
        },
        {
            "gameTime": "1 - 16:43",
            "label": "Throw-in",
            "position": "1003500",
            "half": "1",
            "confidence": "0.553162157535553"
        },
        {
            "gameTime": "1 - 19:30",
            "label": "Throw-in",
            "position": "1170000",
            "half": "1",
            "confidence": "0.5520479083061218"
        },
        {
            "gameTime": "1 - 17:16",
            "label": "Throw-in",
            "position": "1036000",
            "half": "1",
            "confidence": "0.5035317540168762"
        },
        {
            "gameTime": "1 - 32:30",
            "label": "Foul",
            "position": "1950500",
            "half": "1",
            "confidence": "0.8714650869369507"
        },
        {
            "gameTime": "1 - 25:38",
            "label": "Foul",
            "position": "1538500",
            "half": "1",
            "confidence": "0.8608172535896301"
        },
        {
            "gameTime": "1 - 43:34",
            "label": "Foul",
            "position": "2614000",
            "half": "1",
            "confidence": "0.8490999341011047"
        },
        {
            "gameTime": "1 - 8:51",
            "label": "Foul",
            "position": "531000",
            "half": "1",
            "confidence": "0.7905413508415222"
        },
        {
            "gameTime": "1 - 8:32",
            "label": "Foul",
            "position": "512000",
            "half": "1",
            "confidence": "0.7479150891304016"
        },
        {
            "gameTime": "1 - 14:38",
            "label": "Foul",
            "position": "878500",
            "half": "1",
            "confidence": "0.7298030257225037"
        },
        {
            "gameTime": "1 - 33:10",
            "label": "Foul",
            "position": "1990000",
            "half": "1",
            "confidence": "0.7277268171310425"
        },
        {
            "gameTime": "1 - 5:54",
            "label": "Foul",
            "position": "354000",
            "half": "1",
            "confidence": "0.6979125142097473"
        },
        {
            "gameTime": "1 - 41:22",
            "label": "Foul",
            "position": "2482500",
            "half": "1",
            "confidence": "0.6368480324745178"
        },
        {
            "gameTime": "1 - 12:58",
            "label": "Foul",
            "position": "778500",
            "half": "1",
            "confidence": "0.6164582371711731"
        },
        {
            "gameTime": "1 - 40:35",
            "label": "Foul",
            "position": "2435000",
            "half": "1",
            "confidence": "0.5535324811935425"
        },
        {
            "gameTime": "1 - 36:37",
            "label": "Foul",
            "position": "2197000",
            "half": "1",
            "confidence": "0.5496826767921448"
        },
        {
            "gameTime": "1 - 43:44",
            "label": "Foul",
            "position": "2624000",
            "half": "1",
            "confidence": "0.5481606125831604"
        },
        {
            "gameTime": "1 - 30:39",
            "label": "Foul",
            "position": "1839000",
            "half": "1",
            "confidence": "0.5302274823188782"
        },
        {
            "gameTime": "1 - 5:54",
            "label": "Indirect free-kick",
            "position": "354500",
            "half": "1",
            "confidence": "0.8516868352890015"
        },
        {
            "gameTime": "1 - 0:28",
            "label": "Indirect free-kick",
            "position": "28000",
            "half": "1",
            "confidence": "0.8474356532096863"
        },
        {
            "gameTime": "1 - 6:6",
            "label": "Indirect free-kick",
            "position": "366500",
            "half": "1",
            "confidence": "0.7697305083274841"
        },
        {
            "gameTime": "1 - 36:33",
            "label": "Indirect free-kick",
            "position": "2193500",
            "half": "1",
            "confidence": "0.7286004424095154"
        },
        {
            "gameTime": "1 - 30:39",
            "label": "Indirect free-kick",
            "position": "1839500",
            "half": "1",
            "confidence": "0.7212147116661072"
        },
        {
            "gameTime": "1 - 15:17",
            "label": "Indirect free-kick",
            "position": "917000",
            "half": "1",
            "confidence": "0.6846143007278442"
        },
        {
            "gameTime": "1 - 43:28",
            "label": "Indirect free-kick",
            "position": "2608000",
            "half": "1",
            "confidence": "0.6646594405174255"
        },
        {
            "gameTime": "1 - 0:13",
            "label": "Indirect free-kick",
            "position": "13500",
            "half": "1",
            "confidence": "0.6591486930847168"
        },
        {
            "gameTime": "1 - 17:30",
            "label": "Indirect free-kick",
            "position": "1050000",
            "half": "1",
            "confidence": "0.6470633149147034"
        },
        {
            "gameTime": "1 - 14:35",
            "label": "Indirect free-kick",
            "position": "875000",
            "half": "1",
            "confidence": "0.618141770362854"
        },
        {
            "gameTime": "1 - 31:55",
            "label": "Indirect free-kick",
            "position": "1915500",
            "half": "1",
            "confidence": "0.6019363403320312"
        },
        {
            "gameTime": "1 - 8:23",
            "label": "Indirect free-kick",
            "position": "503000",
            "half": "1",
            "confidence": "0.5709072351455688"
        },
        {
            "gameTime": "1 - 39:17",
            "label": "Indirect free-kick",
            "position": "2357000",
            "half": "1",
            "confidence": "0.5231127142906189"
        },
        {
            "gameTime": "1 - 35:25",
            "label": "Indirect free-kick",
            "position": "2125000",
            "half": "1",
            "confidence": "0.51947021484375"
        },
        {
            "gameTime": "1 - 37:48",
            "label": "Indirect free-kick",
            "position": "2268000",
            "half": "1",
            "confidence": "0.5150215029716492"
        },
        {
            "gameTime": "1 - 29:29",
            "label": "Direct free-kick",
            "position": "1769500",
            "half": "1",
            "confidence": "0.6084625720977783"
        },
        {
            "gameTime": "1 - 20:41",
            "label": "Direct free-kick",
            "position": "1241000",
            "half": "1",
            "confidence": "0.5537701845169067"
        },
        {
            "gameTime": "1 - 26:42",
            "label": "Direct free-kick",
            "position": "1602500",
            "half": "1",
            "confidence": "0.5208149552345276"
        },
        {
            "gameTime": "1 - 34:50",
            "label": "Corner",
            "position": "2090500",
            "half": "1",
            "confidence": "0.9636774659156799"
        },
        {
            "gameTime": "1 - 35:0",
            "label": "Corner",
            "position": "2100500",
            "half": "1",
            "confidence": "0.9038109183311462"
        },
        {
            "gameTime": "1 - 29:39",
            "label": "Corner",
            "position": "1779500",
            "half": "1",
            "confidence": "0.9000461101531982"
        },
        {
            "gameTime": "1 - 26:59",
            "label": "Corner",
            "position": "1619500",
            "half": "1",
            "confidence": "0.8694302439689636"
        },
        {
            "gameTime": "1 - 20:39",
            "label": "Corner",
            "position": "1239500",
            "half": "1",
            "confidence": "0.8605905175209045"
        },
        {
            "gameTime": "1 - 26:49",
            "label": "Corner",
            "position": "1609000",
            "half": "1",
            "confidence": "0.8233410120010376"
        },
        {
            "gameTime": "1 - 28:31",
            "label": "Corner",
            "position": "1711000",
            "half": "1",
            "confidence": "0.711919903755188"
        },
        {
            "gameTime": "1 - 29:49",
            "label": "Corner",
            "position": "1789500",
            "half": "1",
            "confidence": "0.6945139169692993"
        },
        {
            "gameTime": "1 - 37:12",
            "label": "Corner",
            "position": "2232500",
            "half": "1",
            "confidence": "0.6591415405273438"
        },
        {
            "gameTime": "1 - 27:9",
            "label": "Corner",
            "position": "1629500",
            "half": "1",
            "confidence": "0.6190191507339478"
        },
        {
            "gameTime": "1 - 34:24",
            "label": "Corner",
            "position": "2064500",
            "half": "1",
            "confidence": "0.510200023651123"
        },
        {
            "gameTime": "1 - 15:12",
            "label": "Yellow card",
            "position": "912000",
            "half": "1",
            "confidence": "0.9902269840240479"
        },
        {
            "gameTime": "1 - 15:1",
            "label": "Yellow card",
            "position": "901500",
            "half": "1",
            "confidence": "0.9807912111282349"
        },
        {
            "gameTime": "1 - 32:47",
            "label": "Yellow card",
            "position": "1967000",
            "half": "1",
            "confidence": "0.8494424819946289"
        },
        {
            "gameTime": "1 - 25:52",
            "label": "Yellow card",
            "position": "1552000",
            "half": "1",
            "confidence": "0.79815673828125"
        },
        {
            "gameTime": "1 - 32:35",
            "label": "Yellow card",
            "position": "1955000",
            "half": "1",
            "confidence": "0.7024746537208557"
        },
        {
            "gameTime": "1 - 25:36",
            "label": "Yellow card",
            "position": "1536000",
            "half": "1",
            "confidence": "0.5913718342781067"
        },
        {
            "gameTime": "1 - 32:59",
            "label": "Yellow card",
            "position": "1979000",
            "half": "1",
            "confidence": "0.5888243913650513"
        },
        {
            "gameTime": "2 - 0:9",
            "label": "Kick-off",
            "position": "9000",
            "half": "2",
            "confidence": "0.9800227880477905"
        },
        {
            "gameTime": "2 - 40:59",
            "label": "Kick-off",
            "position": "2459500",
            "half": "2",
            "confidence": "0.835332453250885"
        },
        {
            "gameTime": "2 - 41:9",
            "label": "Kick-off",
            "position": "2469500",
            "half": "2",
            "confidence": "0.7030584216117859"
        },
        {
            "gameTime": "2 - 43:12",
            "label": "Kick-off",
            "position": "2592500",
            "half": "2",
            "confidence": "0.6151845455169678"
        },
        {
            "gameTime": "2 - 17:42",
            "label": "Goal",
            "position": "1062500",
            "half": "2",
            "confidence": "0.5847119688987732"
        },
        {
            "gameTime": "2 - 15:53",
            "label": "Goal",
            "position": "953000",
            "half": "2",
            "confidence": "0.5100924968719482"
        },
        {
            "gameTime": "2 - 38:11",
            "label": "Substitution",
            "position": "2291500",
            "half": "2",
            "confidence": "0.9781844019889832"
        },
        {
            "gameTime": "2 - 20:17",
            "label": "Substitution",
            "position": "1217000",
            "half": "2",
            "confidence": "0.9733364582061768"
        },
        {
            "gameTime": "2 - 3:36",
            "label": "Substitution",
            "position": "216000",
            "half": "2",
            "confidence": "0.9708995223045349"
        },
        {
            "gameTime": "2 - 42:2",
            "label": "Substitution",
            "position": "2522000",
            "half": "2",
            "confidence": "0.8926315903663635"
        },
        {
            "gameTime": "2 - 40:51",
            "label": "Substitution",
            "position": "2451500",
            "half": "2",
            "confidence": "0.8850034475326538"
        },
        {
            "gameTime": "2 - 38:21",
            "label": "Substitution",
            "position": "2301500",
            "half": "2",
            "confidence": "0.7606293559074402"
        },
        {
            "gameTime": "2 - 3:25",
            "label": "Substitution",
            "position": "205500",
            "half": "2",
            "confidence": "0.6594812273979187"
        },
        {
            "gameTime": "2 - 40:41",
            "label": "Substitution",
            "position": "2441000",
            "half": "2",
            "confidence": "0.6077250838279724"
        },
        {
            "gameTime": "2 - 3:46",
            "label": "Substitution",
            "position": "226000",
            "half": "2",
            "confidence": "0.5638773441314697"
        },
        {
            "gameTime": "2 - 31:7",
            "label": "Substitution",
            "position": "1867500",
            "half": "2",
            "confidence": "0.5401983857154846"
        },
        {
            "gameTime": "2 - 40:29",
            "label": "Substitution",
            "position": "2429500",
            "half": "2",
            "confidence": "0.503422200679779"
        },
        {
            "gameTime": "2 - 40:3",
            "label": "Shots on target",
            "position": "2403500",
            "half": "2",
            "confidence": "0.5103587508201599"
        },
        {
            "gameTime": "2 - 32:7",
            "label": "Clearance",
            "position": "1927000",
            "half": "2",
            "confidence": "0.6920959949493408"
        },
        {
            "gameTime": "2 - 23:30",
            "label": "Clearance",
            "position": "1410000",
            "half": "2",
            "confidence": "0.5812472701072693"
        },
        {
            "gameTime": "2 - 15:57",
            "label": "Ball out of play",
            "position": "957000",
            "half": "2",
            "confidence": "0.9170302152633667"
        },
        {
            "gameTime": "2 - 39:12",
            "label": "Ball out of play",
            "position": "2352000",
            "half": "2",
            "confidence": "0.8172129392623901"
        },
        {
            "gameTime": "2 - 1:18",
            "label": "Ball out of play",
            "position": "78000",
            "half": "2",
            "confidence": "0.765981137752533"
        },
        {
            "gameTime": "2 - 17:33",
            "label": "Ball out of play",
            "position": "1053000",
            "half": "2",
            "confidence": "0.7085625529289246"
        },
        {
            "gameTime": "2 - 23:9",
            "label": "Ball out of play",
            "position": "1389500",
            "half": "2",
            "confidence": "0.7024948596954346"
        },
        {
            "gameTime": "2 - 7:45",
            "label": "Ball out of play",
            "position": "465500",
            "half": "2",
            "confidence": "0.636089026927948"
        },
        {
            "gameTime": "2 - 23:56",
            "label": "Ball out of play",
            "position": "1436500",
            "half": "2",
            "confidence": "0.6224300861358643"
        },
        {
            "gameTime": "2 - 0:19",
            "label": "Ball out of play",
            "position": "19500",
            "half": "2",
            "confidence": "0.590554416179657"
        },
        {
            "gameTime": "2 - 17:3",
            "label": "Ball out of play",
            "position": "1023000",
            "half": "2",
            "confidence": "0.5846289992332458"
        },
        {
            "gameTime": "2 - 24:7",
            "label": "Ball out of play",
            "position": "1447000",
            "half": "2",
            "confidence": "0.578283429145813"
        },
        {
            "gameTime": "2 - 1:35",
            "label": "Ball out of play",
            "position": "95000",
            "half": "2",
            "confidence": "0.5753934383392334"
        },
        {
            "gameTime": "2 - 20:59",
            "label": "Ball out of play",
            "position": "1259500",
            "half": "2",
            "confidence": "0.5675079822540283"
        },
        {
            "gameTime": "2 - 21:11",
            "label": "Ball out of play",
            "position": "1271000",
            "half": "2",
            "confidence": "0.5569970011711121"
        },
        {
            "gameTime": "2 - 19:50",
            "label": "Ball out of play",
            "position": "1190500",
            "half": "2",
            "confidence": "0.5353120565414429"
        },
        {
            "gameTime": "2 - 40:14",
            "label": "Ball out of play",
            "position": "2414500",
            "half": "2",
            "confidence": "0.5313571691513062"
        },
        {
            "gameTime": "2 - 27:24",
            "label": "Ball out of play",
            "position": "1644500",
            "half": "2",
            "confidence": "0.5190659761428833"
        },
        {
            "gameTime": "2 - 34:55",
            "label": "Ball out of play",
            "position": "2095500",
            "half": "2",
            "confidence": "0.5034015774726868"
        },
        {
            "gameTime": "2 - 44:7",
            "label": "Throw-in",
            "position": "2647500",
            "half": "2",
            "confidence": "0.9912044405937195"
        },
        {
            "gameTime": "2 - 43:57",
            "label": "Throw-in",
            "position": "2637000",
            "half": "2",
            "confidence": "0.966562032699585"
        },
        {
            "gameTime": "2 - 6:11",
            "label": "Throw-in",
            "position": "371500",
            "half": "2",
            "confidence": "0.9126908183097839"
        },
        {
            "gameTime": "2 - 24:0",
            "label": "Throw-in",
            "position": "1440500",
            "half": "2",
            "confidence": "0.888043224811554"
        },
        {
            "gameTime": "2 - 20:55",
            "label": "Throw-in",
            "position": "1255500",
            "half": "2",
            "confidence": "0.8025599122047424"
        },
        {
            "gameTime": "2 - 6:1",
            "label": "Throw-in",
            "position": "361000",
            "half": "2",
            "confidence": "0.7992141246795654"
        },
        {
            "gameTime": "2 - 34:8",
            "label": "Throw-in",
            "position": "2048000",
            "half": "2",
            "confidence": "0.7746497988700867"
        },
        {
            "gameTime": "2 - 15:48",
            "label": "Throw-in",
            "position": "948000",
            "half": "2",
            "confidence": "0.7642781734466553"
        },
        {
            "gameTime": "2 - 23:49",
            "label": "Throw-in",
            "position": "1429500",
            "half": "2",
            "confidence": "0.719425618648529"
        },
        {
            "gameTime": "2 - 19:21",
            "label": "Throw-in",
            "position": "1161500",
            "half": "2",
            "confidence": "0.6469703316688538"
        },
        {
            "gameTime": "2 - 20:25",
            "label": "Throw-in",
            "position": "1225500",
            "half": "2",
            "confidence": "0.6449158191680908"
        },
        {
            "gameTime": "2 - 34:57",
            "label": "Throw-in",
            "position": "2097000",
            "half": "2",
            "confidence": "0.5726417899131775"
        },
        {
            "gameTime": "2 - 19:50",
            "label": "Throw-in",
            "position": "1190500",
            "half": "2",
            "confidence": "0.5442099571228027"
        },
        {
            "gameTime": "2 - 20:45",
            "label": "Throw-in",
            "position": "1245000",
            "half": "2",
            "confidence": "0.5312548875808716"
        },
        {
            "gameTime": "2 - 9:11",
            "label": "Throw-in",
            "position": "551500",
            "half": "2",
            "confidence": "0.5205684304237366"
        },
        {
            "gameTime": "2 - 33:17",
            "label": "Throw-in",
            "position": "1997500",
            "half": "2",
            "confidence": "0.5174850225448608"
        },
        {
            "gameTime": "2 - 0:21",
            "label": "Throw-in",
            "position": "21000",
            "half": "2",
            "confidence": "0.5097358226776123"
        },
        {
            "gameTime": "2 - 14:38",
            "label": "Foul",
            "position": "878500",
            "half": "2",
            "confidence": "0.9617650508880615"
        },
        {
            "gameTime": "2 - 41:19",
            "label": "Foul",
            "position": "2479000",
            "half": "2",
            "confidence": "0.9095702171325684"
        },
        {
            "gameTime": "2 - 4:54",
            "label": "Foul",
            "position": "294500",
            "half": "2",
            "confidence": "0.90077143907547"
        },
        {
            "gameTime": "2 - 37:25",
            "label": "Foul",
            "position": "2245000",
            "half": "2",
            "confidence": "0.8736253380775452"
        },
        {
            "gameTime": "2 - 5:4",
            "label": "Foul",
            "position": "304500",
            "half": "2",
            "confidence": "0.8588290214538574"
        },
        {
            "gameTime": "2 - 13:7",
            "label": "Foul",
            "position": "787000",
            "half": "2",
            "confidence": "0.6021999716758728"
        },
        {
            "gameTime": "2 - 13:46",
            "label": "Foul",
            "position": "826000",
            "half": "2",
            "confidence": "0.601294219493866"
        },
        {
            "gameTime": "2 - 25:1",
            "label": "Foul",
            "position": "1501500",
            "half": "2",
            "confidence": "0.5916705131530762"
        },
        {
            "gameTime": "2 - 41:29",
            "label": "Foul",
            "position": "2489000",
            "half": "2",
            "confidence": "0.5869494080543518"
        },
        {
            "gameTime": "2 - 27:12",
            "label": "Foul",
            "position": "1632500",
            "half": "2",
            "confidence": "0.584084689617157"
        },
        {
            "gameTime": "2 - 33:34",
            "label": "Foul",
            "position": "2014000",
            "half": "2",
            "confidence": "0.5174564123153687"
        },
        {
            "gameTime": "2 - 15:16",
            "label": "Indirect free-kick",
            "position": "916500",
            "half": "2",
            "confidence": "0.9397698044776917"
        },
        {
            "gameTime": "2 - 0:44",
            "label": "Indirect free-kick",
            "position": "44500",
            "half": "2",
            "confidence": "0.8141385912895203"
        },
        {
            "gameTime": "2 - 5:12",
            "label": "Indirect free-kick",
            "position": "312500",
            "half": "2",
            "confidence": "0.759225606918335"
        },
        {
            "gameTime": "2 - 0:33",
            "label": "Indirect free-kick",
            "position": "33500",
            "half": "2",
            "confidence": "0.7250919342041016"
        },
        {
            "gameTime": "2 - 43:43",
            "label": "Indirect free-kick",
            "position": "2623000",
            "half": "2",
            "confidence": "0.6367127895355225"
        },
        {
            "gameTime": "2 - 21:37",
            "label": "Indirect free-kick",
            "position": "1297500",
            "half": "2",
            "confidence": "0.6345181465148926"
        },
        {
            "gameTime": "2 - 33:38",
            "label": "Indirect free-kick",
            "position": "2018000",
            "half": "2",
            "confidence": "0.6196826696395874"
        },
        {
            "gameTime": "2 - 7:37",
            "label": "Indirect free-kick",
            "position": "457500",
            "half": "2",
            "confidence": "0.6103789806365967"
        },
        {
            "gameTime": "2 - 34:7",
            "label": "Indirect free-kick",
            "position": "2047500",
            "half": "2",
            "confidence": "0.5796316862106323"
        },
        {
            "gameTime": "2 - 13:46",
            "label": "Indirect free-kick",
            "position": "826500",
            "half": "2",
            "confidence": "0.5691943168640137"
        },
        {
            "gameTime": "2 - 23:46",
            "label": "Indirect free-kick",
            "position": "1426000",
            "half": "2",
            "confidence": "0.5651203989982605"
        },
        {
            "gameTime": "2 - 32:17",
            "label": "Indirect free-kick",
            "position": "1937500",
            "half": "2",
            "confidence": "0.5174590349197388"
        },
        {
            "gameTime": "2 - 39:45",
            "label": "Corner",
            "position": "2385500",
            "half": "2",
            "confidence": "0.994161069393158"
        },
        {
            "gameTime": "2 - 39:55",
            "label": "Corner",
            "position": "2395500",
            "half": "2",
            "confidence": "0.9539517164230347"
        },
        {
            "gameTime": "2 - 16:58",
            "label": "Corner",
            "position": "1018500",
            "half": "2",
            "confidence": "0.9345040917396545"
        },
        {
            "gameTime": "2 - 35:33",
            "label": "Corner",
            "position": "2133500",
            "half": "2",
            "confidence": "0.9314095377922058"
        },
        {
            "gameTime": "2 - 31:26",
            "label": "Corner",
            "position": "1886500",
            "half": "2",
            "confidence": "0.898740828037262"
        },
        {
            "gameTime": "2 - 38:30",
            "label": "Corner",
            "position": "2310500",
            "half": "2",
            "confidence": "0.8604208827018738"
        },
        {
            "gameTime": "2 - 16:37",
            "label": "Corner",
            "position": "997000",
            "half": "2",
            "confidence": "0.8554493188858032"
        },
        {
            "gameTime": "2 - 17:25",
            "label": "Corner",
            "position": "1045500",
            "half": "2",
            "confidence": "0.8341245651245117"
        },
        {
            "gameTime": "2 - 22:57",
            "label": "Corner",
            "position": "1377500",
            "half": "2",
            "confidence": "0.8220539689064026"
        },
        {
            "gameTime": "2 - 16:26",
            "label": "Corner",
            "position": "986500",
            "half": "2",
            "confidence": "0.7151122093200684"
        },
        {
            "gameTime": "2 - 17:37",
            "label": "Corner",
            "position": "1057000",
            "half": "2",
            "confidence": "0.643334150314331"
        },
        {
            "gameTime": "2 - 31:14",
            "label": "Corner",
            "position": "1874500",
            "half": "2",
            "confidence": "0.6276110410690308"
        },
        {
            "gameTime": "2 - 16:48",
            "label": "Corner",
            "position": "1008000",
            "half": "2",
            "confidence": "0.6254448890686035"
        },
        {
            "gameTime": "2 - 17:15",
            "label": "Corner",
            "position": "1035000",
            "half": "2",
            "confidence": "0.5799756646156311"
        },
        {
            "gameTime": "2 - 38:40",
            "label": "Corner",
            "position": "2320500",
            "half": "2",
            "confidence": "0.5536864399909973"
        },
        {
            "gameTime": "2 - 15:4",
            "label": "Yellow card",
            "position": "904000",
            "half": "2",
            "confidence": "0.815756618976593"
        },
        {
            "gameTime": "2 - 37:32",
            "label": "Yellow card",
            "position": "2252500",
            "half": "2",
            "confidence": "0.7754951119422913"
        },
        {
            "gameTime": "2 - 37:42",
            "label": "Yellow card",
            "position": "2262500",
            "half": "2",
            "confidence": "0.6017628908157349"
        },
        {
            "gameTime": "2 - 14:53",
            "label": "Yellow card",
            "position": "893500",
            "half": "2",
            "confidence": "0.5811042189598083"
        }
    ]
}