{
    "UrlLocal": "england_epl/2016-2017/2016-10-15 - 14-30 Chelsea 3 - 0 Leicester",
    "predictions": [
        {
            "gameTime": "1 - 0:0",
            "label": "Kick-off",
            "position": "500",
            "half": "1",
            "confidence": "0.9403554201126099"
        },
        {
            "gameTime": "1 - 33:12",
            "label": "Kick-off",
            "position": "1992500",
            "half": "1",
            "confidence": "0.7216061949729919"
        },
        {
            "gameTime": "1 - 6:57",
            "label": "Kick-off",
            "position": "417500",
            "half": "1",
            "confidence": "0.6414942741394043"
        },
        {
            "gameTime": "1 - 6:29",
            "label": "Goal",
            "position": "389500",
            "half": "1",
            "confidence": "0.9627496600151062"
        },
        {
            "gameTime": "1 - 32:23",
            "label": "Goal",
            "position": "1943500",
            "half": "1",
            "confidence": "0.952089250087738"
        },
        {
            "gameTime": "1 - 32:12",
            "label": "Goal",
            "position": "1932000",
            "half": "1",
            "confidence": "0.6777693033218384"
        },
        {
            "gameTime": "1 - 28:6",
            "label": "Goal",
            "position": "1686000",
            "half": "1",
            "confidence": "0.6291466355323792"
        },
        {
            "gameTime": "1 - 6:29",
            "label": "Shots on target",
            "position": "389500",
            "half": "1",
            "confidence": "0.8377730250358582"
        },
        {
            "gameTime": "1 - 32:24",
            "label": "Shots on target",
            "position": "1944000",
            "half": "1",
            "confidence": "0.8179054856300354"
        },
        {
            "gameTime": "1 - 32:12",
            "label": "Shots on target",
            "position": "1932000",
            "half": "1",
            "confidence": "0.6065263748168945"
        },
        {
            "gameTime": "1 - 28:6",
            "label": "Shots on target",
            "position": "1686500",
            "half": "1",
            "confidence": "0.5190595388412476"
        },
        {
            "gameTime": "1 - 18:21",
            "label": "Shots off target",
            "position": "1101000",
            "half": "1",
            "confidence": "0.7281035780906677"
        },
        {
            "gameTime": "1 - 24:46",
            "label": "Clearance",
            "position": "1486500",
            "half": "1",
            "confidence": "0.9372324347496033"
        },
        {
            "gameTime": "1 - 28:27",
            "label": "Clearance",
            "position": "1707500",
            "half": "1",
            "confidence": "0.9193622469902039"
        },
        {
            "gameTime": "1 - 42:58",
            "label": "Clearance",
            "position": "2578500",
            "half": "1",
            "confidence": "0.9163402318954468"
        },
        {
            "gameTime": "1 - 24:31",
            "label": "Clearance",
            "position": "1471000",
            "half": "1",
            "confidence": "0.9010035395622253"
        },
        {
            "gameTime": "1 - 28:37",
            "label": "Clearance",
            "position": "1717500",
            "half": "1",
            "confidence": "0.8484675884246826"
        },
        {
            "gameTime": "1 - 43:8",
            "label": "Clearance",
            "position": "2588500",
            "half": "1",
            "confidence": "0.7039370536804199"
        },
        {
            "gameTime": "1 - 5:18",
            "label": "Clearance",
            "position": "318500",
            "half": "1",
            "confidence": "0.6585362553596497"
        },
        {
            "gameTime": "1 - 43:41",
            "label": "Clearance",
            "position": "2621000",
            "half": "1",
            "confidence": "0.5689234137535095"
        },
        {
            "gameTime": "1 - 23:20",
            "label": "Ball out of play",
            "position": "1400500",
            "half": "1",
            "confidence": "0.9240891933441162"
        },
        {
            "gameTime": "1 - 18:23",
            "label": "Ball out of play",
            "position": "1103500",
            "half": "1",
            "confidence": "0.9088366031646729"
        },
        {
            "gameTime": "1 - 4:54",
            "label": "Ball out of play",
            "position": "294000",
            "half": "1",
            "confidence": "0.897810697555542"
        },
        {
            "gameTime": "1 - 35:37",
            "label": "Ball out of play",
            "position": "2137000",
            "half": "1",
            "confidence": "0.88274747133255"
        },
        {
            "gameTime": "1 - 11:23",
            "label": "Ball out of play",
            "position": "683000",
            "half": "1",
            "confidence": "0.8733415603637695"
        },
        {
            "gameTime": "1 - 23:7",
            "label": "Ball out of play",
            "position": "1387500",
            "half": "1",
            "confidence": "0.8688816428184509"
        },
        {
            "gameTime": "1 - 10:45",
            "label": "Ball out of play",
            "position": "645000",
            "half": "1",
            "confidence": "0.8680413961410522"
        },
        {
            "gameTime": "1 - 12:10",
            "label": "Ball out of play",
            "position": "730000",
            "half": "1",
            "confidence": "0.8611800670623779"
        },
        {
            "gameTime": "1 - 44:46",
            "label": "Ball out of play",
            "position": "2686000",
            "half": "1",
            "confidence": "0.8604735732078552"
        },
        {
            "gameTime": "1 - 18:11",
            "label": "Ball out of play",
            "position": "1091500",
            "half": "1",
            "confidence": "0.8502921462059021"
        },
        {
            "gameTime": "1 - 7:48",
            "label": "Ball out of play",
            "position": "468000",
            "half": "1",
            "confidence": "0.8501516580581665"
        },
        {
            "gameTime": "1 - 19:35",
            "label": "Ball out of play",
            "position": "1175500",
            "half": "1",
            "confidence": "0.8408557176589966"
        },
        {
            "gameTime": "1 - 5:57",
            "label": "Ball out of play",
            "position": "357000",
            "half": "1",
            "confidence": "0.8395256400108337"
        },
        {
            "gameTime": "1 - 28:12",
            "label": "Ball out of play",
            "position": "1692500",
            "half": "1",
            "confidence": "0.8363431692123413"
        },
        {
            "gameTime": "1 - 10:34",
            "label": "Ball out of play",
            "position": "634500",
            "half": "1",
            "confidence": "0.8351498246192932"
        },
        {
            "gameTime": "1 - 44:56",
            "label": "Ball out of play",
            "position": "2696000",
            "half": "1",
            "confidence": "0.8074066638946533"
        },
        {
            "gameTime": "1 - 44:30",
            "label": "Ball out of play",
            "position": "2670500",
            "half": "1",
            "confidence": "0.8006417751312256"
        },
        {
            "gameTime": "1 - 24:15",
            "label": "Ball out of play",
            "position": "1455500",
            "half": "1",
            "confidence": "0.7913651466369629"
        },
        {
            "gameTime": "1 - 38:23",
            "label": "Ball out of play",
            "position": "2303500",
            "half": "1",
            "confidence": "0.7903786301612854"
        },
        {
            "gameTime": "1 - 34:17",
            "label": "Ball out of play",
            "position": "2057000",
            "half": "1",
            "confidence": "0.783403217792511"
        },
        {
            "gameTime": "1 - 41:10",
            "label": "Ball out of play",
            "position": "2470000",
            "half": "1",
            "confidence": "0.7747170925140381"
        },
        {
            "gameTime": "1 - 9:12",
            "label": "Ball out of play",
            "position": "552000",
            "half": "1",
            "confidence": "0.7724080681800842"
        },
        {
            "gameTime": "1 - 44:16",
            "label": "Ball out of play",
            "position": "2656500",
            "half": "1",
            "confidence": "0.748123824596405"
        },
        {
            "gameTime": "1 - 10:14",
            "label": "Ball out of play",
            "position": "614000",
            "half": "1",
            "confidence": "0.7453238368034363"
        },
        {
            "gameTime": "1 - 35:49",
            "label": "Ball out of play",
            "position": "2149000",
            "half": "1",
            "confidence": "0.7437682151794434"
        },
        {
            "gameTime": "1 - 40:37",
            "label": "Ball out of play",
            "position": "2437000",
            "half": "1",
            "confidence": "0.7411331534385681"
        },
        {
            "gameTime": "1 - 23:33",
            "label": "Ball out of play",
            "position": "1413000",
            "half": "1",
            "confidence": "0.7397171258926392"
        },
        {
            "gameTime": "1 - 40:48",
            "label": "Ball out of play",
            "position": "2448000",
            "half": "1",
            "confidence": "0.7380005717277527"
        },
        {
            "gameTime": "1 - 24:5",
            "label": "Ball out of play",
            "position": "1445000",
            "half": "1",
            "confidence": "0.724242627620697"
        },
        {
            "gameTime": "1 - 1:36",
            "label": "Ball out of play",
            "position": "96500",
            "half": "1",
            "confidence": "0.7173338532447815"
        },
        {
            "gameTime": "1 - 12:40",
            "label": "Ball out of play",
            "position": "760000",
            "half": "1",
            "confidence": "0.7149494290351868"
        },
        {
            "gameTime": "1 - 14:10",
            "label": "Ball out of play",
            "position": "850500",
            "half": "1",
            "confidence": "0.7098138332366943"
        },
        {
            "gameTime": "1 - 7:34",
            "label": "Ball out of play",
            "position": "454000",
            "half": "1",
            "confidence": "0.7092752456665039"
        },
        {
            "gameTime": "1 - 36:32",
            "label": "Ball out of play",
            "position": "2192000",
            "half": "1",
            "confidence": "0.7083353996276855"
        },
        {
            "gameTime": "1 - 7:16",
            "label": "Ball out of play",
            "position": "436500",
            "half": "1",
            "confidence": "0.7022102475166321"
        },
        {
            "gameTime": "1 - 13:9",
            "label": "Ball out of play",
            "position": "789000",
            "half": "1",
            "confidence": "0.6978236436843872"
        },
        {
            "gameTime": "1 - 11:55",
            "label": "Ball out of play",
            "position": "715500",
            "half": "1",
            "confidence": "0.6910207271575928"
        },
        {
            "gameTime": "1 - 42:30",
            "label": "Ball out of play",
            "position": "2550000",
            "half": "1",
            "confidence": "0.6799193024635315"
        },
        {
            "gameTime": "1 - 5:46",
            "label": "Ball out of play",
            "position": "346500",
            "half": "1",
            "confidence": "0.678397536277771"
        },
        {
            "gameTime": "1 - 42:40",
            "label": "Ball out of play",
            "position": "2560000",
            "half": "1",
            "confidence": "0.6571854948997498"
        },
        {
            "gameTime": "1 - 38:50",
            "label": "Ball out of play",
            "position": "2330500",
            "half": "1",
            "confidence": "0.656181275844574"
        },
        {
            "gameTime": "1 - 38:12",
            "label": "Ball out of play",
            "position": "2292000",
            "half": "1",
            "confidence": "0.643488347530365"
        },
        {
            "gameTime": "1 - 22:55",
            "label": "Ball out of play",
            "position": "1375000",
            "half": "1",
            "confidence": "0.6421867609024048"
        },
        {
            "gameTime": "1 - 11:33",
            "label": "Ball out of play",
            "position": "693000",
            "half": "1",
            "confidence": "0.6395566463470459"
        },
        {
            "gameTime": "1 - 8:0",
            "label": "Ball out of play",
            "position": "480500",
            "half": "1",
            "confidence": "0.6388852596282959"
        },
        {
            "gameTime": "1 - 16:21",
            "label": "Ball out of play",
            "position": "981000",
            "half": "1",
            "confidence": "0.6369433999061584"
        },
        {
            "gameTime": "1 - 6:15",
            "label": "Ball out of play",
            "position": "375000",
            "half": "1",
            "confidence": "0.634547233581543"
        },
        {
            "gameTime": "1 - 1:26",
            "label": "Ball out of play",
            "position": "86000",
            "half": "1",
            "confidence": "0.6319462060928345"
        },
        {
            "gameTime": "1 - 43:57",
            "label": "Ball out of play",
            "position": "2637000",
            "half": "1",
            "confidence": "0.6234764456748962"
        },
        {
            "gameTime": "1 - 43:46",
            "label": "Ball out of play",
            "position": "2626000",
            "half": "1",
            "confidence": "0.6232603192329407"
        },
        {
            "gameTime": "1 - 10:24",
            "label": "Ball out of play",
            "position": "624000",
            "half": "1",
            "confidence": "0.6213039755821228"
        },
        {
            "gameTime": "1 - 14:22",
            "label": "Ball out of play",
            "position": "862500",
            "half": "1",
            "confidence": "0.6192641854286194"
        },
        {
            "gameTime": "1 - 12:26",
            "label": "Ball out of play",
            "position": "746500",
            "half": "1",
            "confidence": "0.6187121272087097"
        },
        {
            "gameTime": "1 - 0:51",
            "label": "Ball out of play",
            "position": "51500",
            "half": "1",
            "confidence": "0.6045201420783997"
        },
        {
            "gameTime": "1 - 32:11",
            "label": "Ball out of play",
            "position": "1931000",
            "half": "1",
            "confidence": "0.5917906165122986"
        },
        {
            "gameTime": "1 - 16:31",
            "label": "Ball out of play",
            "position": "991000",
            "half": "1",
            "confidence": "0.583532452583313"
        },
        {
            "gameTime": "1 - 43:20",
            "label": "Ball out of play",
            "position": "2600500",
            "half": "1",
            "confidence": "0.558125913143158"
        },
        {
            "gameTime": "1 - 11:43",
            "label": "Ball out of play",
            "position": "703000",
            "half": "1",
            "confidence": "0.5577621459960938"
        },
        {
            "gameTime": "1 - 22:29",
            "label": "Ball out of play",
            "position": "1349500",
            "half": "1",
            "confidence": "0.5547637343406677"
        },
        {
            "gameTime": "1 - 40:11",
            "label": "Ball out of play",
            "position": "2411000",
            "half": "1",
            "confidence": "0.5486803650856018"
        },
        {
            "gameTime": "1 - 37:42",
            "label": "Ball out of play",
            "position": "2262500",
            "half": "1",
            "confidence": "0.5425174236297607"
        },
        {
            "gameTime": "1 - 13:19",
            "label": "Ball out of play",
            "position": "799000",
            "half": "1",
            "confidence": "0.5376933217048645"
        },
        {
            "gameTime": "1 - 31:5",
            "label": "Ball out of play",
            "position": "1865000",
            "half": "1",
            "confidence": "0.5312506556510925"
        },
        {
            "gameTime": "1 - 24:46",
            "label": "Ball out of play",
            "position": "1486000",
            "half": "1",
            "confidence": "0.5311204791069031"
        },
        {
            "gameTime": "1 - 9:39",
            "label": "Ball out of play",
            "position": "579000",
            "half": "1",
            "confidence": "0.5306511521339417"
        },
        {
            "gameTime": "1 - 36:42",
            "label": "Ball out of play",
            "position": "2202500",
            "half": "1",
            "confidence": "0.5301816463470459"
        },
        {
            "gameTime": "1 - 33:40",
            "label": "Ball out of play",
            "position": "2020500",
            "half": "1",
            "confidence": "0.5300001502037048"
        },
        {
            "gameTime": "1 - 34:42",
            "label": "Ball out of play",
            "position": "2082000",
            "half": "1",
            "confidence": "0.5291250348091125"
        },
        {
            "gameTime": "1 - 27:45",
            "label": "Ball out of play",
            "position": "1665000",
            "half": "1",
            "confidence": "0.5228531956672668"
        },
        {
            "gameTime": "1 - 27:14",
            "label": "Ball out of play",
            "position": "1634000",
            "half": "1",
            "confidence": "0.5225213170051575"
        },
        {
            "gameTime": "1 - 35:59",
            "label": "Ball out of play",
            "position": "2159000",
            "half": "1",
            "confidence": "0.5208967924118042"
        },
        {
            "gameTime": "1 - 22:44",
            "label": "Ball out of play",
            "position": "1364500",
            "half": "1",
            "confidence": "0.5014742016792297"
        },
        {
            "gameTime": "1 - 44:44",
            "label": "Throw-in",
            "position": "2684000",
            "half": "1",
            "confidence": "0.9831764698028564"
        },
        {
            "gameTime": "1 - 22:58",
            "label": "Throw-in",
            "position": "1378500",
            "half": "1",
            "confidence": "0.9652872681617737"
        },
        {
            "gameTime": "1 - 44:54",
            "label": "Throw-in",
            "position": "2694000",
            "half": "1",
            "confidence": "0.9509919881820679"
        },
        {
            "gameTime": "1 - 7:46",
            "label": "Throw-in",
            "position": "466500",
            "half": "1",
            "confidence": "0.9422690868377686"
        },
        {
            "gameTime": "1 - 23:21",
            "label": "Throw-in",
            "position": "1401000",
            "half": "1",
            "confidence": "0.9410298466682434"
        },
        {
            "gameTime": "1 - 20:4",
            "label": "Throw-in",
            "position": "1204500",
            "half": "1",
            "confidence": "0.9275369644165039"
        },
        {
            "gameTime": "1 - 22:45",
            "label": "Throw-in",
            "position": "1365500",
            "half": "1",
            "confidence": "0.9118983745574951"
        },
        {
            "gameTime": "1 - 7:56",
            "label": "Throw-in",
            "position": "476500",
            "half": "1",
            "confidence": "0.9067763686180115"
        },
        {
            "gameTime": "1 - 12:48",
            "label": "Throw-in",
            "position": "768000",
            "half": "1",
            "confidence": "0.8986486196517944"
        },
        {
            "gameTime": "1 - 40:45",
            "label": "Throw-in",
            "position": "2445000",
            "half": "1",
            "confidence": "0.8966262936592102"
        },
        {
            "gameTime": "1 - 10:45",
            "label": "Throw-in",
            "position": "645000",
            "half": "1",
            "confidence": "0.8946815133094788"
        },
        {
            "gameTime": "1 - 44:33",
            "label": "Throw-in",
            "position": "2673500",
            "half": "1",
            "confidence": "0.890975832939148"
        },
        {
            "gameTime": "1 - 23:10",
            "label": "Throw-in",
            "position": "1390000",
            "half": "1",
            "confidence": "0.8898465037345886"
        },
        {
            "gameTime": "1 - 31:5",
            "label": "Throw-in",
            "position": "1865000",
            "half": "1",
            "confidence": "0.8734084963798523"
        },
        {
            "gameTime": "1 - 1:40",
            "label": "Throw-in",
            "position": "100500",
            "half": "1",
            "confidence": "0.8640000224113464"
        },
        {
            "gameTime": "1 - 44:13",
            "label": "Throw-in",
            "position": "2653000",
            "half": "1",
            "confidence": "0.8412901759147644"
        },
        {
            "gameTime": "1 - 14:27",
            "label": "Throw-in",
            "position": "867000",
            "half": "1",
            "confidence": "0.8348206281661987"
        },
        {
            "gameTime": "1 - 36:35",
            "label": "Throw-in",
            "position": "2195500",
            "half": "1",
            "confidence": "0.8176918029785156"
        },
        {
            "gameTime": "1 - 44:23",
            "label": "Throw-in",
            "position": "2663000",
            "half": "1",
            "confidence": "0.8049778342247009"
        },
        {
            "gameTime": "1 - 24:49",
            "label": "Throw-in",
            "position": "1489500",
            "half": "1",
            "confidence": "0.7971221804618835"
        },
        {
            "gameTime": "1 - 10:34",
            "label": "Throw-in",
            "position": "634500",
            "half": "1",
            "confidence": "0.7926655411720276"
        },
        {
            "gameTime": "1 - 23:31",
            "label": "Throw-in",
            "position": "1411500",
            "half": "1",
            "confidence": "0.7841719388961792"
        },
        {
            "gameTime": "1 - 7:19",
            "label": "Throw-in",
            "position": "439500",
            "half": "1",
            "confidence": "0.7821042537689209"
        },
        {
            "gameTime": "1 - 14:16",
            "label": "Throw-in",
            "position": "856500",
            "half": "1",
            "confidence": "0.7727319002151489"
        },
        {
            "gameTime": "1 - 1:26",
            "label": "Throw-in",
            "position": "86500",
            "half": "1",
            "confidence": "0.7586686611175537"
        },
        {
            "gameTime": "1 - 7:31",
            "label": "Throw-in",
            "position": "451500",
            "half": "1",
            "confidence": "0.7539874911308289"
        },
        {
            "gameTime": "1 - 40:56",
            "label": "Throw-in",
            "position": "2456500",
            "half": "1",
            "confidence": "0.7269368171691895"
        },
        {
            "gameTime": "1 - 43:57",
            "label": "Throw-in",
            "position": "2637500",
            "half": "1",
            "confidence": "0.7166969180107117"
        },
        {
            "gameTime": "1 - 41:11",
            "label": "Throw-in",
            "position": "2471500",
            "half": "1",
            "confidence": "0.7138994932174683"
        },
        {
            "gameTime": "1 - 30:54",
            "label": "Throw-in",
            "position": "1854500",
            "half": "1",
            "confidence": "0.7071077227592468"
        },
        {
            "gameTime": "1 - 26:4",
            "label": "Throw-in",
            "position": "1564000",
            "half": "1",
            "confidence": "0.705528974533081"
        },
        {
            "gameTime": "1 - 36:25",
            "label": "Throw-in",
            "position": "2185000",
            "half": "1",
            "confidence": "0.6823299527168274"
        },
        {
            "gameTime": "1 - 0:39",
            "label": "Throw-in",
            "position": "39000",
            "half": "1",
            "confidence": "0.6681261658668518"
        },
        {
            "gameTime": "1 - 19:54",
            "label": "Throw-in",
            "position": "1194000",
            "half": "1",
            "confidence": "0.6604994535446167"
        },
        {
            "gameTime": "1 - 0:51",
            "label": "Throw-in",
            "position": "51500",
            "half": "1",
            "confidence": "0.6202635765075684"
        },
        {
            "gameTime": "1 - 11:45",
            "label": "Throw-in",
            "position": "705500",
            "half": "1",
            "confidence": "0.5799596905708313"
        },
        {
            "gameTime": "1 - 40:34",
            "label": "Throw-in",
            "position": "2434500",
            "half": "1",
            "confidence": "0.555628776550293"
        },
        {
            "gameTime": "1 - 10:0",
            "label": "Throw-in",
            "position": "600000",
            "half": "1",
            "confidence": "0.5458314418792725"
        },
        {
            "gameTime": "1 - 17:20",
            "label": "Throw-in",
            "position": "1040500",
            "half": "1",
            "confidence": "0.534633994102478"
        },
        {
            "gameTime": "1 - 39:14",
            "label": "Foul",
            "position": "2354500",
            "half": "1",
            "confidence": "0.695432722568512"
        },
        {
            "gameTime": "1 - 26:9",
            "label": "Foul",
            "position": "1569000",
            "half": "1",
            "confidence": "0.6076420545578003"
        },
        {
            "gameTime": "1 - 29:52",
            "label": "Foul",
            "position": "1792000",
            "half": "1",
            "confidence": "0.5732108950614929"
        },
        {
            "gameTime": "1 - 40:1",
            "label": "Direct free-kick",
            "position": "2401000",
            "half": "1",
            "confidence": "0.8336094617843628"
        },
        {
            "gameTime": "1 - 27:6",
            "label": "Direct free-kick",
            "position": "1626500",
            "half": "1",
            "confidence": "0.8059481382369995"
        },
        {
            "gameTime": "1 - 27:47",
            "label": "Direct free-kick",
            "position": "1667000",
            "half": "1",
            "confidence": "0.5160877704620361"
        },
        {
            "gameTime": "1 - 30:32",
            "label": "Corner",
            "position": "1832500",
            "half": "1",
            "confidence": "0.8987222909927368"
        },
        {
            "gameTime": "1 - 38:52",
            "label": "Corner",
            "position": "2332000",
            "half": "1",
            "confidence": "0.75420743227005"
        },
        {
            "gameTime": "1 - 6:12",
            "label": "Corner",
            "position": "372500",
            "half": "1",
            "confidence": "0.7373461127281189"
        },
        {
            "gameTime": "1 - 6:25",
            "label": "Corner",
            "position": "385000",
            "half": "1",
            "confidence": "0.7110819816589355"
        },
        {
            "gameTime": "1 - 12:32",
            "label": "Corner",
            "position": "752000",
            "half": "1",
            "confidence": "0.6939404606819153"
        },
        {
            "gameTime": "1 - 30:42",
            "label": "Corner",
            "position": "1842500",
            "half": "1",
            "confidence": "0.6573361158370972"
        },
        {
            "gameTime": "1 - 9:31",
            "label": "Corner",
            "position": "571000",
            "half": "1",
            "confidence": "0.5939332246780396"
        },
        {
            "gameTime": "1 - 27:36",
            "label": "Corner",
            "position": "1656000",
            "half": "1",
            "confidence": "0.5692083835601807"
        },
        {
            "gameTime": "2 - 35:20",
            "label": "Kick-off",
            "position": "2120000",
            "half": "2",
            "confidence": "0.9712348580360413"
        },
        {
            "gameTime": "2 - 35:35",
            "label": "Kick-off",
            "position": "2135000",
            "half": "2",
            "confidence": "0.863821804523468"
        },
        {
            "gameTime": "2 - 35:54",
            "label": "Kick-off",
            "position": "2154500",
            "half": "2",
            "confidence": "0.5043294429779053"
        },
        {
            "gameTime": "2 - 28:17",
            "label": "Substitution",
            "position": "1697500",
            "half": "2",
            "confidence": "0.9673377871513367"
        },
        {
            "gameTime": "2 - 22:47",
            "label": "Substitution",
            "position": "1367500",
            "half": "2",
            "confidence": "0.9599586129188538"
        },
        {
            "gameTime": "2 - 22:33",
            "label": "Substitution",
            "position": "1353000",
            "half": "2",
            "confidence": "0.9101386666297913"
        },
        {
            "gameTime": "2 - 35:59",
            "label": "Substitution",
            "position": "2159000",
            "half": "2",
            "confidence": "0.9059922695159912"
        },
        {
            "gameTime": "2 - 36:22",
            "label": "Substitution",
            "position": "2182500",
            "half": "2",
            "confidence": "0.9017559289932251"
        },
        {
            "gameTime": "2 - 21:42",
            "label": "Substitution",
            "position": "1302500",
            "half": "2",
            "confidence": "0.8497347831726074"
        },
        {
            "gameTime": "2 - 36:9",
            "label": "Substitution",
            "position": "2169000",
            "half": "2",
            "confidence": "0.7527435421943665"
        },
        {
            "gameTime": "2 - 21:58",
            "label": "Substitution",
            "position": "1318500",
            "half": "2",
            "confidence": "0.6304969191551208"
        },
        {
            "gameTime": "2 - 28:28",
            "label": "Substitution",
            "position": "1708000",
            "half": "2",
            "confidence": "0.606867253780365"
        },
        {
            "gameTime": "2 - 22:8",
            "label": "Substitution",
            "position": "1328500",
            "half": "2",
            "confidence": "0.5310693979263306"
        },
        {
            "gameTime": "2 - 11:35",
            "label": "Shots on target",
            "position": "695000",
            "half": "2",
            "confidence": "0.8229895830154419"
        },
        {
            "gameTime": "2 - 27:14",
            "label": "Shots on target",
            "position": "1634500",
            "half": "2",
            "confidence": "0.6801930069923401"
        },
        {
            "gameTime": "2 - 11:45",
            "label": "Shots on target",
            "position": "705000",
            "half": "2",
            "confidence": "0.5970658659934998"
        },
        {
            "gameTime": "2 - 6:23",
            "label": "Shots off target",
            "position": "383000",
            "half": "2",
            "confidence": "0.783422589302063"
        },
        {
            "gameTime": "2 - 28:2",
            "label": "Shots off target",
            "position": "1682000",
            "half": "2",
            "confidence": "0.7182916402816772"
        },
        {
            "gameTime": "2 - 7:45",
            "label": "Shots off target",
            "position": "465000",
            "half": "2",
            "confidence": "0.5624029040336609"
        },
        {
            "gameTime": "2 - 31:31",
            "label": "Clearance",
            "position": "1891500",
            "half": "2",
            "confidence": "0.9016409516334534"
        },
        {
            "gameTime": "2 - 22:59",
            "label": "Clearance",
            "position": "1379500",
            "half": "2",
            "confidence": "0.8686074614524841"
        },
        {
            "gameTime": "2 - 8:6",
            "label": "Clearance",
            "position": "486500",
            "half": "2",
            "confidence": "0.8436923623085022"
        },
        {
            "gameTime": "2 - 31:42",
            "label": "Clearance",
            "position": "1902500",
            "half": "2",
            "confidence": "0.826546847820282"
        },
        {
            "gameTime": "2 - 3:40",
            "label": "Clearance",
            "position": "220000",
            "half": "2",
            "confidence": "0.6844578385353088"
        },
        {
            "gameTime": "2 - 8:16",
            "label": "Clearance",
            "position": "496500",
            "half": "2",
            "confidence": "0.6107590198516846"
        },
        {
            "gameTime": "2 - 43:29",
            "label": "Ball out of play",
            "position": "2609500",
            "half": "2",
            "confidence": "0.9314647912979126"
        },
        {
            "gameTime": "2 - 42:41",
            "label": "Ball out of play",
            "position": "2561500",
            "half": "2",
            "confidence": "0.9229300618171692"
        },
        {
            "gameTime": "2 - 42:51",
            "label": "Ball out of play",
            "position": "2571500",
            "half": "2",
            "confidence": "0.9101437926292419"
        },
        {
            "gameTime": "2 - 4:19",
            "label": "Ball out of play",
            "position": "259500",
            "half": "2",
            "confidence": "0.8998808860778809"
        },
        {
            "gameTime": "2 - 28:4",
            "label": "Ball out of play",
            "position": "1684000",
            "half": "2",
            "confidence": "0.8984737992286682"
        },
        {
            "gameTime": "2 - 44:48",
            "label": "Ball out of play",
            "position": "2688500",
            "half": "2",
            "confidence": "0.8865393400192261"
        },
        {
            "gameTime": "2 - 37:46",
            "label": "Ball out of play",
            "position": "2266000",
            "half": "2",
            "confidence": "0.8852144479751587"
        },
        {
            "gameTime": "2 - 1:4",
            "label": "Ball out of play",
            "position": "64000",
            "half": "2",
            "confidence": "0.8666954040527344"
        },
        {
            "gameTime": "2 - 38:9",
            "label": "Ball out of play",
            "position": "2289000",
            "half": "2",
            "confidence": "0.856325626373291"
        },
        {
            "gameTime": "2 - 39:43",
            "label": "Ball out of play",
            "position": "2383000",
            "half": "2",
            "confidence": "0.8517702221870422"
        },
        {
            "gameTime": "2 - 43:19",
            "label": "Ball out of play",
            "position": "2599000",
            "half": "2",
            "confidence": "0.8515872359275818"
        },
        {
            "gameTime": "2 - 27:6",
            "label": "Ball out of play",
            "position": "1626500",
            "half": "2",
            "confidence": "0.8505792021751404"
        },
        {
            "gameTime": "2 - 37:56",
            "label": "Ball out of play",
            "position": "2276000",
            "half": "2",
            "confidence": "0.849768340587616"
        },
        {
            "gameTime": "2 - 18:18",
            "label": "Ball out of play",
            "position": "1098000",
            "half": "2",
            "confidence": "0.8411672711372375"
        },
        {
            "gameTime": "2 - 11:6",
            "label": "Ball out of play",
            "position": "666500",
            "half": "2",
            "confidence": "0.8370167016983032"
        },
        {
            "gameTime": "2 - 42:31",
            "label": "Ball out of play",
            "position": "2551000",
            "half": "2",
            "confidence": "0.8347799777984619"
        },
        {
            "gameTime": "2 - 14:5",
            "label": "Ball out of play",
            "position": "845000",
            "half": "2",
            "confidence": "0.8272107243537903"
        },
        {
            "gameTime": "2 - 1:14",
            "label": "Ball out of play",
            "position": "74000",
            "half": "2",
            "confidence": "0.8234441876411438"
        },
        {
            "gameTime": "2 - 33:51",
            "label": "Ball out of play",
            "position": "2031500",
            "half": "2",
            "confidence": "0.8188461661338806"
        },
        {
            "gameTime": "2 - 34:36",
            "label": "Ball out of play",
            "position": "2076500",
            "half": "2",
            "confidence": "0.8174973726272583"
        },
        {
            "gameTime": "2 - 39:53",
            "label": "Ball out of play",
            "position": "2393500",
            "half": "2",
            "confidence": "0.810396134853363"
        },
        {
            "gameTime": "2 - 4:9",
            "label": "Ball out of play",
            "position": "249000",
            "half": "2",
            "confidence": "0.7994251847267151"
        },
        {
            "gameTime": "2 - 10:30",
            "label": "Ball out of play",
            "position": "630000",
            "half": "2",
            "confidence": "0.7988877296447754"
        },
        {
            "gameTime": "2 - 6:46",
            "label": "Ball out of play",
            "position": "406000",
            "half": "2",
            "confidence": "0.7927876114845276"
        },
        {
            "gameTime": "2 - 18:7",
            "label": "Ball out of play",
            "position": "1087500",
            "half": "2",
            "confidence": "0.7912358641624451"
        },
        {
            "gameTime": "2 - 27:52",
            "label": "Ball out of play",
            "position": "1672500",
            "half": "2",
            "confidence": "0.7844295501708984"
        },
        {
            "gameTime": "2 - 33:40",
            "label": "Ball out of play",
            "position": "2020000",
            "half": "2",
            "confidence": "0.7829346656799316"
        },
        {
            "gameTime": "2 - 27:16",
            "label": "Ball out of play",
            "position": "1636500",
            "half": "2",
            "confidence": "0.7801913619041443"
        },
        {
            "gameTime": "2 - 43:39",
            "label": "Ball out of play",
            "position": "2619500",
            "half": "2",
            "confidence": "0.7795299291610718"
        },
        {
            "gameTime": "2 - 44:7",
            "label": "Ball out of play",
            "position": "2647500",
            "half": "2",
            "confidence": "0.7625306248664856"
        },
        {
            "gameTime": "2 - 8:26",
            "label": "Ball out of play",
            "position": "506000",
            "half": "2",
            "confidence": "0.7597004771232605"
        },
        {
            "gameTime": "2 - 15:3",
            "label": "Ball out of play",
            "position": "903500",
            "half": "2",
            "confidence": "0.7579476833343506"
        },
        {
            "gameTime": "2 - 39:32",
            "label": "Ball out of play",
            "position": "2372500",
            "half": "2",
            "confidence": "0.7548171281814575"
        },
        {
            "gameTime": "2 - 30:17",
            "label": "Ball out of play",
            "position": "1817000",
            "half": "2",
            "confidence": "0.7524356245994568"
        },
        {
            "gameTime": "2 - 15:29",
            "label": "Ball out of play",
            "position": "929000",
            "half": "2",
            "confidence": "0.7446108460426331"
        },
        {
            "gameTime": "2 - 26:0",
            "label": "Ball out of play",
            "position": "1560000",
            "half": "2",
            "confidence": "0.7430030703544617"
        },
        {
            "gameTime": "2 - 43:1",
            "label": "Ball out of play",
            "position": "2581500",
            "half": "2",
            "confidence": "0.7412958145141602"
        },
        {
            "gameTime": "2 - 10:56",
            "label": "Ball out of play",
            "position": "656000",
            "half": "2",
            "confidence": "0.7127383947372437"
        },
        {
            "gameTime": "2 - 31:22",
            "label": "Ball out of play",
            "position": "1882000",
            "half": "2",
            "confidence": "0.7054855227470398"
        },
        {
            "gameTime": "2 - 4:45",
            "label": "Ball out of play",
            "position": "285000",
            "half": "2",
            "confidence": "0.7017653584480286"
        },
        {
            "gameTime": "2 - 36:59",
            "label": "Ball out of play",
            "position": "2219500",
            "half": "2",
            "confidence": "0.7014778852462769"
        },
        {
            "gameTime": "2 - 13:53",
            "label": "Ball out of play",
            "position": "833500",
            "half": "2",
            "confidence": "0.6995552182197571"
        },
        {
            "gameTime": "2 - 27:26",
            "label": "Ball out of play",
            "position": "1646500",
            "half": "2",
            "confidence": "0.6895438432693481"
        },
        {
            "gameTime": "2 - 37:32",
            "label": "Ball out of play",
            "position": "2252500",
            "half": "2",
            "confidence": "0.687134861946106"
        },
        {
            "gameTime": "2 - 12:31",
            "label": "Ball out of play",
            "position": "751500",
            "half": "2",
            "confidence": "0.6858900189399719"
        },
        {
            "gameTime": "2 - 3:1",
            "label": "Ball out of play",
            "position": "181000",
            "half": "2",
            "confidence": "0.6809641718864441"
        },
        {
            "gameTime": "2 - 6:56",
            "label": "Ball out of play",
            "position": "416000",
            "half": "2",
            "confidence": "0.6722202897071838"
        },
        {
            "gameTime": "2 - 7:46",
            "label": "Ball out of play",
            "position": "466500",
            "half": "2",
            "confidence": "0.6719174385070801"
        },
        {
            "gameTime": "2 - 25:30",
            "label": "Ball out of play",
            "position": "1530000",
            "half": "2",
            "confidence": "0.670034646987915"
        },
        {
            "gameTime": "2 - 32:34",
            "label": "Ball out of play",
            "position": "1954500",
            "half": "2",
            "confidence": "0.6624075770378113"
        },
        {
            "gameTime": "2 - 1:50",
            "label": "Ball out of play",
            "position": "110000",
            "half": "2",
            "confidence": "0.662378191947937"
        },
        {
            "gameTime": "2 - 34:7",
            "label": "Ball out of play",
            "position": "2047500",
            "half": "2",
            "confidence": "0.6465663909912109"
        },
        {
            "gameTime": "2 - 24:3",
            "label": "Ball out of play",
            "position": "1443500",
            "half": "2",
            "confidence": "0.6364428997039795"
        },
        {
            "gameTime": "2 - 39:0",
            "label": "Ball out of play",
            "position": "2340000",
            "half": "2",
            "confidence": "0.6326310038566589"
        },
        {
            "gameTime": "2 - 19:22",
            "label": "Ball out of play",
            "position": "1162500",
            "half": "2",
            "confidence": "0.6312898993492126"
        },
        {
            "gameTime": "2 - 24:34",
            "label": "Ball out of play",
            "position": "1474500",
            "half": "2",
            "confidence": "0.6298523545265198"
        },
        {
            "gameTime": "2 - 39:17",
            "label": "Ball out of play",
            "position": "2357500",
            "half": "2",
            "confidence": "0.6269683837890625"
        },
        {
            "gameTime": "2 - 33:13",
            "label": "Ball out of play",
            "position": "1993500",
            "half": "2",
            "confidence": "0.626137375831604"
        },
        {
            "gameTime": "2 - 24:46",
            "label": "Ball out of play",
            "position": "1486000",
            "half": "2",
            "confidence": "0.6259332895278931"
        },
        {
            "gameTime": "2 - 32:45",
            "label": "Ball out of play",
            "position": "1965500",
            "half": "2",
            "confidence": "0.6235100626945496"
        },
        {
            "gameTime": "2 - 7:58",
            "label": "Ball out of play",
            "position": "478000",
            "half": "2",
            "confidence": "0.6163507103919983"
        },
        {
            "gameTime": "2 - 15:17",
            "label": "Ball out of play",
            "position": "917000",
            "half": "2",
            "confidence": "0.609865128993988"
        },
        {
            "gameTime": "2 - 14:15",
            "label": "Ball out of play",
            "position": "855000",
            "half": "2",
            "confidence": "0.6089823246002197"
        },
        {
            "gameTime": "2 - 21:26",
            "label": "Ball out of play",
            "position": "1286500",
            "half": "2",
            "confidence": "0.6044103503227234"
        },
        {
            "gameTime": "2 - 15:39",
            "label": "Ball out of play",
            "position": "939000",
            "half": "2",
            "confidence": "0.6040684580802917"
        },
        {
            "gameTime": "2 - 12:42",
            "label": "Ball out of play",
            "position": "762500",
            "half": "2",
            "confidence": "0.6018338203430176"
        },
        {
            "gameTime": "2 - 2:50",
            "label": "Ball out of play",
            "position": "170500",
            "half": "2",
            "confidence": "0.5996812582015991"
        },
        {
            "gameTime": "2 - 40:4",
            "label": "Ball out of play",
            "position": "2404500",
            "half": "2",
            "confidence": "0.5995986461639404"
        },
        {
            "gameTime": "2 - 30:29",
            "label": "Ball out of play",
            "position": "1829000",
            "half": "2",
            "confidence": "0.5953356623649597"
        },
        {
            "gameTime": "2 - 19:48",
            "label": "Ball out of play",
            "position": "1188500",
            "half": "2",
            "confidence": "0.5889152884483337"
        },
        {
            "gameTime": "2 - 31:7",
            "label": "Ball out of play",
            "position": "1867500",
            "half": "2",
            "confidence": "0.5842110514640808"
        },
        {
            "gameTime": "2 - 38:43",
            "label": "Ball out of play",
            "position": "2323500",
            "half": "2",
            "confidence": "0.5825068950653076"
        },
        {
            "gameTime": "2 - 3:27",
            "label": "Ball out of play",
            "position": "207500",
            "half": "2",
            "confidence": "0.5619509816169739"
        },
        {
            "gameTime": "2 - 11:20",
            "label": "Ball out of play",
            "position": "680000",
            "half": "2",
            "confidence": "0.5580470561981201"
        },
        {
            "gameTime": "2 - 44:17",
            "label": "Ball out of play",
            "position": "2657500",
            "half": "2",
            "confidence": "0.5526461601257324"
        },
        {
            "gameTime": "2 - 23:6",
            "label": "Ball out of play",
            "position": "1386000",
            "half": "2",
            "confidence": "0.5505308508872986"
        },
        {
            "gameTime": "2 - 8:12",
            "label": "Ball out of play",
            "position": "492500",
            "half": "2",
            "confidence": "0.5473769307136536"
        },
        {
            "gameTime": "2 - 34:26",
            "label": "Ball out of play",
            "position": "2066000",
            "half": "2",
            "confidence": "0.5422034859657288"
        },
        {
            "gameTime": "2 - 27:41",
            "label": "Ball out of play",
            "position": "1661500",
            "half": "2",
            "confidence": "0.5391453504562378"
        },
        {
            "gameTime": "2 - 13:43",
            "label": "Ball out of play",
            "position": "823000",
            "half": "2",
            "confidence": "0.5386771559715271"
        },
        {
            "gameTime": "2 - 14:31",
            "label": "Ball out of play",
            "position": "871000",
            "half": "2",
            "confidence": "0.5295158624649048"
        },
        {
            "gameTime": "2 - 4:32",
            "label": "Ball out of play",
            "position": "272500",
            "half": "2",
            "confidence": "0.5294625759124756"
        },
        {
            "gameTime": "2 - 16:19",
            "label": "Ball out of play",
            "position": "979500",
            "half": "2",
            "confidence": "0.5239746570587158"
        },
        {
            "gameTime": "2 - 37:11",
            "label": "Ball out of play",
            "position": "2231000",
            "half": "2",
            "confidence": "0.5189123153686523"
        },
        {
            "gameTime": "2 - 19:36",
            "label": "Ball out of play",
            "position": "1176000",
            "half": "2",
            "confidence": "0.5147980451583862"
        },
        {
            "gameTime": "2 - 26:11",
            "label": "Ball out of play",
            "position": "1571000",
            "half": "2",
            "confidence": "0.5031035542488098"
        },
        {
            "gameTime": "2 - 26:36",
            "label": "Ball out of play",
            "position": "1596000",
            "half": "2",
            "confidence": "0.5000767707824707"
        },
        {
            "gameTime": "2 - 42:56",
            "label": "Throw-in",
            "position": "2576500",
            "half": "2",
            "confidence": "0.9681878685951233"
        },
        {
            "gameTime": "2 - 14:33",
            "label": "Throw-in",
            "position": "873000",
            "half": "2",
            "confidence": "0.8942220211029053"
        },
        {
            "gameTime": "2 - 4:19",
            "label": "Throw-in",
            "position": "259000",
            "half": "2",
            "confidence": "0.8890540599822998"
        },
        {
            "gameTime": "2 - 44:48",
            "label": "Throw-in",
            "position": "2688500",
            "half": "2",
            "confidence": "0.8741079568862915"
        },
        {
            "gameTime": "2 - 37:45",
            "label": "Throw-in",
            "position": "2265000",
            "half": "2",
            "confidence": "0.8725336790084839"
        },
        {
            "gameTime": "2 - 30:23",
            "label": "Throw-in",
            "position": "1823500",
            "half": "2",
            "confidence": "0.8678423762321472"
        },
        {
            "gameTime": "2 - 1:3",
            "label": "Throw-in",
            "position": "63000",
            "half": "2",
            "confidence": "0.8659560680389404"
        },
        {
            "gameTime": "2 - 25:33",
            "label": "Throw-in",
            "position": "1533000",
            "half": "2",
            "confidence": "0.8658450245857239"
        },
        {
            "gameTime": "2 - 14:6",
            "label": "Throw-in",
            "position": "846000",
            "half": "2",
            "confidence": "0.8449188470840454"
        },
        {
            "gameTime": "2 - 15:30",
            "label": "Throw-in",
            "position": "930500",
            "half": "2",
            "confidence": "0.8397398591041565"
        },
        {
            "gameTime": "2 - 43:29",
            "label": "Throw-in",
            "position": "2609500",
            "half": "2",
            "confidence": "0.8349419832229614"
        },
        {
            "gameTime": "2 - 37:11",
            "label": "Throw-in",
            "position": "2231000",
            "half": "2",
            "confidence": "0.8323830366134644"
        },
        {
            "gameTime": "2 - 14:21",
            "label": "Throw-in",
            "position": "861500",
            "half": "2",
            "confidence": "0.832136869430542"
        },
        {
            "gameTime": "2 - 37:55",
            "label": "Throw-in",
            "position": "2275000",
            "half": "2",
            "confidence": "0.8207636475563049"
        },
        {
            "gameTime": "2 - 43:6",
            "label": "Throw-in",
            "position": "2586500",
            "half": "2",
            "confidence": "0.7958015203475952"
        },
        {
            "gameTime": "2 - 42:13",
            "label": "Throw-in",
            "position": "2533500",
            "half": "2",
            "confidence": "0.7907506823539734"
        },
        {
            "gameTime": "2 - 36:59",
            "label": "Throw-in",
            "position": "2219500",
            "half": "2",
            "confidence": "0.7834057211875916"
        },
        {
            "gameTime": "2 - 25:43",
            "label": "Throw-in",
            "position": "1543000",
            "half": "2",
            "confidence": "0.7676888108253479"
        },
        {
            "gameTime": "2 - 1:13",
            "label": "Throw-in",
            "position": "73000",
            "half": "2",
            "confidence": "0.7651284337043762"
        },
        {
            "gameTime": "2 - 24:46",
            "label": "Throw-in",
            "position": "1486000",
            "half": "2",
            "confidence": "0.7582728266716003"
        },
        {
            "gameTime": "2 - 4:43",
            "label": "Throw-in",
            "position": "283000",
            "half": "2",
            "confidence": "0.7541412115097046"
        },
        {
            "gameTime": "2 - 43:19",
            "label": "Throw-in",
            "position": "2599000",
            "half": "2",
            "confidence": "0.751300573348999"
        },
        {
            "gameTime": "2 - 15:17",
            "label": "Throw-in",
            "position": "917000",
            "half": "2",
            "confidence": "0.7440201044082642"
        },
        {
            "gameTime": "2 - 4:8",
            "label": "Throw-in",
            "position": "248500",
            "half": "2",
            "confidence": "0.740847647190094"
        },
        {
            "gameTime": "2 - 25:19",
            "label": "Throw-in",
            "position": "1519500",
            "half": "2",
            "confidence": "0.7221779823303223"
        },
        {
            "gameTime": "2 - 41:35",
            "label": "Throw-in",
            "position": "2495000",
            "half": "2",
            "confidence": "0.7012416124343872"
        },
        {
            "gameTime": "2 - 43:40",
            "label": "Throw-in",
            "position": "2620500",
            "half": "2",
            "confidence": "0.6951418519020081"
        },
        {
            "gameTime": "2 - 8:28",
            "label": "Throw-in",
            "position": "508000",
            "half": "2",
            "confidence": "0.695007860660553"
        },
        {
            "gameTime": "2 - 24:35",
            "label": "Throw-in",
            "position": "1475500",
            "half": "2",
            "confidence": "0.6929910182952881"
        },
        {
            "gameTime": "2 - 30:35",
            "label": "Throw-in",
            "position": "1835500",
            "half": "2",
            "confidence": "0.689903199672699"
        },
        {
            "gameTime": "2 - 19:48",
            "label": "Throw-in",
            "position": "1188000",
            "half": "2",
            "confidence": "0.6663945317268372"
        },
        {
            "gameTime": "2 - 24:3",
            "label": "Throw-in",
            "position": "1443500",
            "half": "2",
            "confidence": "0.6660957336425781"
        },
        {
            "gameTime": "2 - 39:1",
            "label": "Throw-in",
            "position": "2341000",
            "half": "2",
            "confidence": "0.6575846076011658"
        },
        {
            "gameTime": "2 - 15:40",
            "label": "Throw-in",
            "position": "940500",
            "half": "2",
            "confidence": "0.6361947655677795"
        },
        {
            "gameTime": "2 - 12:47",
            "label": "Throw-in",
            "position": "767000",
            "half": "2",
            "confidence": "0.6235392093658447"
        },
        {
            "gameTime": "2 - 36:30",
            "label": "Throw-in",
            "position": "2190000",
            "half": "2",
            "confidence": "0.6168027520179749"
        },
        {
            "gameTime": "2 - 19:59",
            "label": "Throw-in",
            "position": "1199000",
            "half": "2",
            "confidence": "0.605246901512146"
        },
        {
            "gameTime": "2 - 25:58",
            "label": "Throw-in",
            "position": "1558500",
            "half": "2",
            "confidence": "0.6047731637954712"
        },
        {
            "gameTime": "2 - 41:57",
            "label": "Throw-in",
            "position": "2517500",
            "half": "2",
            "confidence": "0.603400707244873"
        },
        {
            "gameTime": "2 - 10:30",
            "label": "Throw-in",
            "position": "630000",
            "half": "2",
            "confidence": "0.5988537073135376"
        },
        {
            "gameTime": "2 - 2:19",
            "label": "Throw-in",
            "position": "139000",
            "half": "2",
            "confidence": "0.5791829228401184"
        },
        {
            "gameTime": "2 - 26:59",
            "label": "Throw-in",
            "position": "1619500",
            "half": "2",
            "confidence": "0.5700191855430603"
        },
        {
            "gameTime": "2 - 4:32",
            "label": "Throw-in",
            "position": "272500",
            "half": "2",
            "confidence": "0.5545060038566589"
        },
        {
            "gameTime": "2 - 30:51",
            "label": "Throw-in",
            "position": "1851000",
            "half": "2",
            "confidence": "0.5532747507095337"
        },
        {
            "gameTime": "2 - 13:53",
            "label": "Throw-in",
            "position": "833500",
            "half": "2",
            "confidence": "0.5396261811256409"
        },
        {
            "gameTime": "2 - 19:35",
            "label": "Throw-in",
            "position": "1175500",
            "half": "2",
            "confidence": "0.5393694639205933"
        },
        {
            "gameTime": "2 - 38:47",
            "label": "Throw-in",
            "position": "2327500",
            "half": "2",
            "confidence": "0.5291130542755127"
        },
        {
            "gameTime": "2 - 28:57",
            "label": "Throw-in",
            "position": "1737000",
            "half": "2",
            "confidence": "0.5139105916023254"
        },
        {
            "gameTime": "2 - 42:25",
            "label": "Throw-in",
            "position": "2545500",
            "half": "2",
            "confidence": "0.5086552500724792"
        },
        {
            "gameTime": "2 - 15:14",
            "label": "Foul",
            "position": "914500",
            "half": "2",
            "confidence": "0.5425554513931274"
        },
        {
            "gameTime": "2 - 6:22",
            "label": "Direct free-kick",
            "position": "382500",
            "half": "2",
            "confidence": "0.69498610496521"
        },
        {
            "gameTime": "2 - 6:7",
            "label": "Direct free-kick",
            "position": "367500",
            "half": "2",
            "confidence": "0.5588443279266357"
        },
        {
            "gameTime": "2 - 39:48",
            "label": "Corner",
            "position": "2388000",
            "half": "2",
            "confidence": "0.978939950466156"
        },
        {
            "gameTime": "2 - 40:1",
            "label": "Corner",
            "position": "2401500",
            "half": "2",
            "confidence": "0.9657513499259949"
        },
        {
            "gameTime": "2 - 39:37",
            "label": "Corner",
            "position": "2377500",
            "half": "2",
            "confidence": "0.8550992012023926"
        },
        {
            "gameTime": "2 - 33:23",
            "label": "Corner",
            "position": "2003000",
            "half": "2",
            "confidence": "0.8121298551559448"
        },
        {
            "gameTime": "2 - 38:9",
            "label": "Corner",
            "position": "2289500",
            "half": "2",
            "confidence": "0.7993882894515991"
        },
        {
            "gameTime": "2 - 33:11",
            "label": "Corner",
            "position": "1991000",
            "half": "2",
            "confidence": "0.7054001688957214"
        },
        {
            "gameTime": "2 - 27:39",
            "label": "Corner",
            "position": "1659500",
            "half": "2",
            "confidence": "0.701328456401825"
        },
        {
            "gameTime": "2 - 11:24",
            "label": "Corner",
            "position": "684000",
            "half": "2",
            "confidence": "0.6646065711975098"
        },
        {
            "gameTime": "2 - 10:59",
            "label": "Corner",
            "position": "659000",
            "half": "2",
            "confidence": "0.613228976726532"
        },
        {
            "gameTime": "2 - 33:33",
            "label": "Corner",
            "position": "2013500",
            "half": "2",
            "confidence": "0.5535857081413269"
        },
        {
            "gameTime": "2 - 5:48",
            "label": "Yellow card",
            "position": "348000",
            "half": "2",
            "confidence": "0.7543421983718872"
        },
        {
            "gameTime": "2 - 5:33",
            "label": "Yellow card",
            "position": "333500",
            "half": "2",
            "confidence": "0.5497762560844421"
        }
    ]
}