{
    "UrlLocal": "spain_laliga/2014-2015/2015-04-25 - 17-00 Espanyol 0 - 2 Barcelona",
    "predictions": [
        {
            "gameTime": "1 - 0:10",
            "label": "Kick-off",
            "position": "10500",
            "half": "1",
            "confidence": "0.9706258773803711"
        },
        {
            "gameTime": "1 - 0:0",
            "label": "Kick-off",
            "position": "0",
            "half": "1",
            "confidence": "0.9346045851707458"
        },
        {
            "gameTime": "1 - 26:11",
            "label": "Kick-off",
            "position": "1571000",
            "half": "1",
            "confidence": "0.5361244678497314"
        },
        {
            "gameTime": "1 - 19:58",
            "label": "Kick-off",
            "position": "1198500",
            "half": "1",
            "confidence": "0.5056287050247192"
        },
        {
            "gameTime": "1 - 16:35",
            "label": "Goal",
            "position": "995000",
            "half": "1",
            "confidence": "0.8773020505905151"
        },
        {
            "gameTime": "1 - 24:42",
            "label": "Goal",
            "position": "1482000",
            "half": "1",
            "confidence": "0.830955445766449"
        },
        {
            "gameTime": "1 - 18:26",
            "label": "Substitution",
            "position": "1106500",
            "half": "1",
            "confidence": "0.7492965459823608"
        },
        {
            "gameTime": "1 - 17:49",
            "label": "Substitution",
            "position": "1069000",
            "half": "1",
            "confidence": "0.7294237613677979"
        },
        {
            "gameTime": "1 - 7:38",
            "label": "Substitution",
            "position": "458000",
            "half": "1",
            "confidence": "0.529588520526886"
        },
        {
            "gameTime": "1 - 24:42",
            "label": "Shots on target",
            "position": "1482000",
            "half": "1",
            "confidence": "0.7355125546455383"
        },
        {
            "gameTime": "1 - 16:30",
            "label": "Shots on target",
            "position": "990500",
            "half": "1",
            "confidence": "0.7271411418914795"
        },
        {
            "gameTime": "1 - 12:41",
            "label": "Shots off target",
            "position": "761500",
            "half": "1",
            "confidence": "0.6318925023078918"
        },
        {
            "gameTime": "1 - 39:54",
            "label": "Shots off target",
            "position": "2394500",
            "half": "1",
            "confidence": "0.5443089008331299"
        },
        {
            "gameTime": "1 - 40:4",
            "label": "Shots off target",
            "position": "2404500",
            "half": "1",
            "confidence": "0.5337770581245422"
        },
        {
            "gameTime": "1 - 12:59",
            "label": "Clearance",
            "position": "779000",
            "half": "1",
            "confidence": "0.8053048849105835"
        },
        {
            "gameTime": "1 - 38:58",
            "label": "Clearance",
            "position": "2338500",
            "half": "1",
            "confidence": "0.5635232925415039"
        },
        {
            "gameTime": "1 - 7:51",
            "label": "Clearance",
            "position": "471500",
            "half": "1",
            "confidence": "0.5193958878517151"
        },
        {
            "gameTime": "1 - 39:56",
            "label": "Ball out of play",
            "position": "2396000",
            "half": "1",
            "confidence": "0.9030744433403015"
        },
        {
            "gameTime": "1 - 13:51",
            "label": "Ball out of play",
            "position": "831500",
            "half": "1",
            "confidence": "0.8517182469367981"
        },
        {
            "gameTime": "1 - 7:12",
            "label": "Ball out of play",
            "position": "432000",
            "half": "1",
            "confidence": "0.8316733241081238"
        },
        {
            "gameTime": "1 - 10:36",
            "label": "Ball out of play",
            "position": "636500",
            "half": "1",
            "confidence": "0.8117732405662537"
        },
        {
            "gameTime": "1 - 27:18",
            "label": "Ball out of play",
            "position": "1638500",
            "half": "1",
            "confidence": "0.7892007231712341"
        },
        {
            "gameTime": "1 - 5:7",
            "label": "Ball out of play",
            "position": "307000",
            "half": "1",
            "confidence": "0.7871062755584717"
        },
        {
            "gameTime": "1 - 8:24",
            "label": "Ball out of play",
            "position": "504500",
            "half": "1",
            "confidence": "0.7826055288314819"
        },
        {
            "gameTime": "1 - 38:46",
            "label": "Ball out of play",
            "position": "2326000",
            "half": "1",
            "confidence": "0.7599490284919739"
        },
        {
            "gameTime": "1 - 12:35",
            "label": "Ball out of play",
            "position": "755000",
            "half": "1",
            "confidence": "0.7523895502090454"
        },
        {
            "gameTime": "1 - 31:28",
            "label": "Ball out of play",
            "position": "1888000",
            "half": "1",
            "confidence": "0.7482420802116394"
        },
        {
            "gameTime": "1 - 27:8",
            "label": "Ball out of play",
            "position": "1628000",
            "half": "1",
            "confidence": "0.7399339079856873"
        },
        {
            "gameTime": "1 - 10:15",
            "label": "Ball out of play",
            "position": "615500",
            "half": "1",
            "confidence": "0.7380878329277039"
        },
        {
            "gameTime": "1 - 41:46",
            "label": "Ball out of play",
            "position": "2506000",
            "half": "1",
            "confidence": "0.7230924963951111"
        },
        {
            "gameTime": "1 - 22:48",
            "label": "Ball out of play",
            "position": "1368000",
            "half": "1",
            "confidence": "0.7165490984916687"
        },
        {
            "gameTime": "1 - 40:7",
            "label": "Ball out of play",
            "position": "2407500",
            "half": "1",
            "confidence": "0.7123268842697144"
        },
        {
            "gameTime": "1 - 37:7",
            "label": "Ball out of play",
            "position": "2227000",
            "half": "1",
            "confidence": "0.7097921967506409"
        },
        {
            "gameTime": "1 - 22:36",
            "label": "Ball out of play",
            "position": "1356000",
            "half": "1",
            "confidence": "0.6844469904899597"
        },
        {
            "gameTime": "1 - 13:23",
            "label": "Ball out of play",
            "position": "803500",
            "half": "1",
            "confidence": "0.6737070679664612"
        },
        {
            "gameTime": "1 - 34:36",
            "label": "Ball out of play",
            "position": "2076000",
            "half": "1",
            "confidence": "0.6565637588500977"
        },
        {
            "gameTime": "1 - 10:46",
            "label": "Ball out of play",
            "position": "646500",
            "half": "1",
            "confidence": "0.6477599143981934"
        },
        {
            "gameTime": "1 - 8:14",
            "label": "Ball out of play",
            "position": "494000",
            "half": "1",
            "confidence": "0.6464508771896362"
        },
        {
            "gameTime": "1 - 13:11",
            "label": "Ball out of play",
            "position": "791000",
            "half": "1",
            "confidence": "0.6343989372253418"
        },
        {
            "gameTime": "1 - 5:18",
            "label": "Ball out of play",
            "position": "318500",
            "half": "1",
            "confidence": "0.63321852684021"
        },
        {
            "gameTime": "1 - 18:43",
            "label": "Ball out of play",
            "position": "1123500",
            "half": "1",
            "confidence": "0.6159181594848633"
        },
        {
            "gameTime": "1 - 24:33",
            "label": "Ball out of play",
            "position": "1473500",
            "half": "1",
            "confidence": "0.608251690864563"
        },
        {
            "gameTime": "1 - 31:38",
            "label": "Ball out of play",
            "position": "1898500",
            "half": "1",
            "confidence": "0.6057045459747314"
        },
        {
            "gameTime": "1 - 41:35",
            "label": "Ball out of play",
            "position": "2495000",
            "half": "1",
            "confidence": "0.6043106913566589"
        },
        {
            "gameTime": "1 - 26:56",
            "label": "Ball out of play",
            "position": "1616000",
            "half": "1",
            "confidence": "0.6002941727638245"
        },
        {
            "gameTime": "1 - 22:58",
            "label": "Ball out of play",
            "position": "1378000",
            "half": "1",
            "confidence": "0.5997467637062073"
        },
        {
            "gameTime": "1 - 37:17",
            "label": "Ball out of play",
            "position": "2237500",
            "half": "1",
            "confidence": "0.5907449126243591"
        },
        {
            "gameTime": "1 - 22:24",
            "label": "Ball out of play",
            "position": "1344500",
            "half": "1",
            "confidence": "0.5874534845352173"
        },
        {
            "gameTime": "1 - 18:53",
            "label": "Ball out of play",
            "position": "1133500",
            "half": "1",
            "confidence": "0.5769871473312378"
        },
        {
            "gameTime": "1 - 31:48",
            "label": "Ball out of play",
            "position": "1908500",
            "half": "1",
            "confidence": "0.5669785141944885"
        },
        {
            "gameTime": "1 - 8:34",
            "label": "Ball out of play",
            "position": "514500",
            "half": "1",
            "confidence": "0.560178279876709"
        },
        {
            "gameTime": "1 - 10:3",
            "label": "Ball out of play",
            "position": "603000",
            "half": "1",
            "confidence": "0.558639645576477"
        },
        {
            "gameTime": "1 - 26:42",
            "label": "Ball out of play",
            "position": "1602500",
            "half": "1",
            "confidence": "0.556007444858551"
        },
        {
            "gameTime": "1 - 29:42",
            "label": "Ball out of play",
            "position": "1782500",
            "half": "1",
            "confidence": "0.5484172105789185"
        },
        {
            "gameTime": "1 - 13:0",
            "label": "Ball out of play",
            "position": "780500",
            "half": "1",
            "confidence": "0.5406249165534973"
        },
        {
            "gameTime": "1 - 27:28",
            "label": "Ball out of play",
            "position": "1648500",
            "half": "1",
            "confidence": "0.5348128080368042"
        },
        {
            "gameTime": "1 - 16:27",
            "label": "Ball out of play",
            "position": "987000",
            "half": "1",
            "confidence": "0.5311673879623413"
        },
        {
            "gameTime": "1 - 20:17",
            "label": "Ball out of play",
            "position": "1217000",
            "half": "1",
            "confidence": "0.5272036194801331"
        },
        {
            "gameTime": "1 - 31:14",
            "label": "Ball out of play",
            "position": "1874000",
            "half": "1",
            "confidence": "0.524924099445343"
        },
        {
            "gameTime": "1 - 7:22",
            "label": "Ball out of play",
            "position": "442000",
            "half": "1",
            "confidence": "0.5196843147277832"
        },
        {
            "gameTime": "1 - 23:13",
            "label": "Ball out of play",
            "position": "1393000",
            "half": "1",
            "confidence": "0.5147046446800232"
        },
        {
            "gameTime": "1 - 19:6",
            "label": "Ball out of play",
            "position": "1146000",
            "half": "1",
            "confidence": "0.5141097903251648"
        },
        {
            "gameTime": "1 - 32:48",
            "label": "Ball out of play",
            "position": "1968000",
            "half": "1",
            "confidence": "0.5101305246353149"
        },
        {
            "gameTime": "1 - 17:21",
            "label": "Ball out of play",
            "position": "1041000",
            "half": "1",
            "confidence": "0.5081907510757446"
        },
        {
            "gameTime": "1 - 34:47",
            "label": "Ball out of play",
            "position": "2087000",
            "half": "1",
            "confidence": "0.5025174617767334"
        },
        {
            "gameTime": "1 - 27:9",
            "label": "Throw-in",
            "position": "1629500",
            "half": "1",
            "confidence": "0.9904898405075073"
        },
        {
            "gameTime": "1 - 27:19",
            "label": "Throw-in",
            "position": "1639500",
            "half": "1",
            "confidence": "0.9854078888893127"
        },
        {
            "gameTime": "1 - 41:45",
            "label": "Throw-in",
            "position": "2505500",
            "half": "1",
            "confidence": "0.9678277969360352"
        },
        {
            "gameTime": "1 - 41:35",
            "label": "Throw-in",
            "position": "2495000",
            "half": "1",
            "confidence": "0.9624935984611511"
        },
        {
            "gameTime": "1 - 31:24",
            "label": "Throw-in",
            "position": "1884500",
            "half": "1",
            "confidence": "0.9439224600791931"
        },
        {
            "gameTime": "1 - 18:53",
            "label": "Throw-in",
            "position": "1133500",
            "half": "1",
            "confidence": "0.9118022322654724"
        },
        {
            "gameTime": "1 - 10:18",
            "label": "Throw-in",
            "position": "618500",
            "half": "1",
            "confidence": "0.8948606252670288"
        },
        {
            "gameTime": "1 - 31:36",
            "label": "Throw-in",
            "position": "1896000",
            "half": "1",
            "confidence": "0.8858357667922974"
        },
        {
            "gameTime": "1 - 8:26",
            "label": "Throw-in",
            "position": "506500",
            "half": "1",
            "confidence": "0.8693253397941589"
        },
        {
            "gameTime": "1 - 18:40",
            "label": "Throw-in",
            "position": "1120500",
            "half": "1",
            "confidence": "0.8388879895210266"
        },
        {
            "gameTime": "1 - 34:43",
            "label": "Throw-in",
            "position": "2083500",
            "half": "1",
            "confidence": "0.8065742254257202"
        },
        {
            "gameTime": "1 - 21:40",
            "label": "Throw-in",
            "position": "1300000",
            "half": "1",
            "confidence": "0.8062777519226074"
        },
        {
            "gameTime": "1 - 43:59",
            "label": "Throw-in",
            "position": "2639000",
            "half": "1",
            "confidence": "0.8001187443733215"
        },
        {
            "gameTime": "1 - 23:16",
            "label": "Throw-in",
            "position": "1396000",
            "half": "1",
            "confidence": "0.79664546251297"
        },
        {
            "gameTime": "1 - 26:56",
            "label": "Throw-in",
            "position": "1616000",
            "half": "1",
            "confidence": "0.7953128218650818"
        },
        {
            "gameTime": "1 - 19:3",
            "label": "Throw-in",
            "position": "1143500",
            "half": "1",
            "confidence": "0.776249885559082"
        },
        {
            "gameTime": "1 - 22:47",
            "label": "Throw-in",
            "position": "1367000",
            "half": "1",
            "confidence": "0.7761691808700562"
        },
        {
            "gameTime": "1 - 22:57",
            "label": "Throw-in",
            "position": "1377500",
            "half": "1",
            "confidence": "0.7640042901039124"
        },
        {
            "gameTime": "1 - 31:13",
            "label": "Throw-in",
            "position": "1873500",
            "half": "1",
            "confidence": "0.7477661967277527"
        },
        {
            "gameTime": "1 - 34:33",
            "label": "Throw-in",
            "position": "2073000",
            "half": "1",
            "confidence": "0.7265453934669495"
        },
        {
            "gameTime": "1 - 37:2",
            "label": "Throw-in",
            "position": "2222500",
            "half": "1",
            "confidence": "0.7243794202804565"
        },
        {
            "gameTime": "1 - 32:49",
            "label": "Throw-in",
            "position": "1969000",
            "half": "1",
            "confidence": "0.7240418791770935"
        },
        {
            "gameTime": "1 - 43:48",
            "label": "Throw-in",
            "position": "2628500",
            "half": "1",
            "confidence": "0.7191515564918518"
        },
        {
            "gameTime": "1 - 8:16",
            "label": "Throw-in",
            "position": "496000",
            "half": "1",
            "confidence": "0.7041913866996765"
        },
        {
            "gameTime": "1 - 26:4",
            "label": "Throw-in",
            "position": "1564500",
            "half": "1",
            "confidence": "0.6937171816825867"
        },
        {
            "gameTime": "1 - 10:34",
            "label": "Throw-in",
            "position": "634500",
            "half": "1",
            "confidence": "0.6844658851623535"
        },
        {
            "gameTime": "1 - 10:8",
            "label": "Throw-in",
            "position": "608000",
            "half": "1",
            "confidence": "0.6628522872924805"
        },
        {
            "gameTime": "1 - 7:52",
            "label": "Throw-in",
            "position": "472500",
            "half": "1",
            "confidence": "0.657646119594574"
        },
        {
            "gameTime": "1 - 22:23",
            "label": "Throw-in",
            "position": "1343500",
            "half": "1",
            "confidence": "0.6536242961883545"
        },
        {
            "gameTime": "1 - 26:43",
            "label": "Throw-in",
            "position": "1603000",
            "half": "1",
            "confidence": "0.6423702836036682"
        },
        {
            "gameTime": "1 - 22:35",
            "label": "Throw-in",
            "position": "1355500",
            "half": "1",
            "confidence": "0.6277429461479187"
        },
        {
            "gameTime": "1 - 44:45",
            "label": "Throw-in",
            "position": "2685000",
            "half": "1",
            "confidence": "0.6250675320625305"
        },
        {
            "gameTime": "1 - 34:5",
            "label": "Throw-in",
            "position": "2045000",
            "half": "1",
            "confidence": "0.624724805355072"
        },
        {
            "gameTime": "1 - 21:50",
            "label": "Throw-in",
            "position": "1310000",
            "half": "1",
            "confidence": "0.610244870185852"
        },
        {
            "gameTime": "1 - 29:36",
            "label": "Throw-in",
            "position": "1776500",
            "half": "1",
            "confidence": "0.6063122153282166"
        },
        {
            "gameTime": "1 - 37:16",
            "label": "Throw-in",
            "position": "2236000",
            "half": "1",
            "confidence": "0.5799782872200012"
        },
        {
            "gameTime": "1 - 13:24",
            "label": "Throw-in",
            "position": "804000",
            "half": "1",
            "confidence": "0.566154956817627"
        },
        {
            "gameTime": "1 - 41:23",
            "label": "Throw-in",
            "position": "2483500",
            "half": "1",
            "confidence": "0.5601657629013062"
        },
        {
            "gameTime": "1 - 38:59",
            "label": "Throw-in",
            "position": "2339000",
            "half": "1",
            "confidence": "0.5408251881599426"
        },
        {
            "gameTime": "1 - 0:16",
            "label": "Throw-in",
            "position": "16500",
            "half": "1",
            "confidence": "0.5069865584373474"
        },
        {
            "gameTime": "1 - 29:5",
            "label": "Foul",
            "position": "1745000",
            "half": "1",
            "confidence": "0.8388359546661377"
        },
        {
            "gameTime": "1 - 32:8",
            "label": "Foul",
            "position": "1928500",
            "half": "1",
            "confidence": "0.6271159648895264"
        },
        {
            "gameTime": "1 - 25:16",
            "label": "Foul",
            "position": "1516500",
            "half": "1",
            "confidence": "0.6116490364074707"
        },
        {
            "gameTime": "1 - 4:4",
            "label": "Foul",
            "position": "244000",
            "half": "1",
            "confidence": "0.6018278002738953"
        },
        {
            "gameTime": "1 - 32:38",
            "label": "Indirect free-kick",
            "position": "1958000",
            "half": "1",
            "confidence": "0.7066119313240051"
        },
        {
            "gameTime": "1 - 22:20",
            "label": "Indirect free-kick",
            "position": "1340000",
            "half": "1",
            "confidence": "0.5715007185935974"
        },
        {
            "gameTime": "1 - 11:4",
            "label": "Indirect free-kick",
            "position": "664000",
            "half": "1",
            "confidence": "0.5257094502449036"
        },
        {
            "gameTime": "1 - 20:5",
            "label": "Indirect free-kick",
            "position": "1205000",
            "half": "1",
            "confidence": "0.5037780404090881"
        },
        {
            "gameTime": "1 - 40:54",
            "label": "Corner",
            "position": "2454500",
            "half": "1",
            "confidence": "0.9834444522857666"
        },
        {
            "gameTime": "1 - 41:4",
            "label": "Corner",
            "position": "2464500",
            "half": "1",
            "confidence": "0.9734522700309753"
        },
        {
            "gameTime": "1 - 5:26",
            "label": "Corner",
            "position": "326500",
            "half": "1",
            "confidence": "0.8884106874465942"
        },
        {
            "gameTime": "1 - 5:16",
            "label": "Corner",
            "position": "316000",
            "half": "1",
            "confidence": "0.5599887371063232"
        },
        {
            "gameTime": "2 - 0:0",
            "label": "Kick-off",
            "position": "0",
            "half": "2",
            "confidence": "0.9699393510818481"
        },
        {
            "gameTime": "2 - 0:10",
            "label": "Kick-off",
            "position": "10000",
            "half": "2",
            "confidence": "0.9625977277755737"
        },
        {
            "gameTime": "2 - 20:48",
            "label": "Kick-off",
            "position": "1248000",
            "half": "2",
            "confidence": "0.6622360348701477"
        },
        {
            "gameTime": "2 - 10:11",
            "label": "Kick-off",
            "position": "611000",
            "half": "2",
            "confidence": "0.562303900718689"
        },
        {
            "gameTime": "2 - 29:20",
            "label": "Goal",
            "position": "1760000",
            "half": "2",
            "confidence": "0.7791093587875366"
        },
        {
            "gameTime": "2 - 3:1",
            "label": "Goal",
            "position": "181000",
            "half": "2",
            "confidence": "0.7495399713516235"
        },
        {
            "gameTime": "2 - 2:16",
            "label": "Goal",
            "position": "136000",
            "half": "2",
            "confidence": "0.7307630181312561"
        },
        {
            "gameTime": "2 - 33:17",
            "label": "Goal",
            "position": "1997000",
            "half": "2",
            "confidence": "0.648071825504303"
        },
        {
            "gameTime": "2 - 1:49",
            "label": "Goal",
            "position": "109500",
            "half": "2",
            "confidence": "0.6083012223243713"
        },
        {
            "gameTime": "2 - 19:20",
            "label": "Substitution",
            "position": "1160000",
            "half": "2",
            "confidence": "0.6766297817230225"
        },
        {
            "gameTime": "2 - 42:12",
            "label": "Substitution",
            "position": "2532500",
            "half": "2",
            "confidence": "0.5232381820678711"
        },
        {
            "gameTime": "2 - 29:20",
            "label": "Shots on target",
            "position": "1760000",
            "half": "2",
            "confidence": "0.868903636932373"
        },
        {
            "gameTime": "2 - 33:16",
            "label": "Shots on target",
            "position": "1996000",
            "half": "2",
            "confidence": "0.7731409668922424"
        },
        {
            "gameTime": "2 - 1:49",
            "label": "Shots on target",
            "position": "109500",
            "half": "2",
            "confidence": "0.7284694314002991"
        },
        {
            "gameTime": "2 - 40:49",
            "label": "Shots on target",
            "position": "2449500",
            "half": "2",
            "confidence": "0.7168325781822205"
        },
        {
            "gameTime": "2 - 2:59",
            "label": "Shots on target",
            "position": "179500",
            "half": "2",
            "confidence": "0.715109646320343"
        },
        {
            "gameTime": "2 - 20:11",
            "label": "Shots on target",
            "position": "1211500",
            "half": "2",
            "confidence": "0.6508147716522217"
        },
        {
            "gameTime": "2 - 41:0",
            "label": "Shots on target",
            "position": "2460000",
            "half": "2",
            "confidence": "0.6143918633460999"
        },
        {
            "gameTime": "2 - 19:40",
            "label": "Shots on target",
            "position": "1180500",
            "half": "2",
            "confidence": "0.5544486045837402"
        },
        {
            "gameTime": "2 - 20:24",
            "label": "Shots on target",
            "position": "1224500",
            "half": "2",
            "confidence": "0.5243507623672485"
        },
        {
            "gameTime": "2 - 11:17",
            "label": "Shots off target",
            "position": "677000",
            "half": "2",
            "confidence": "0.7988348603248596"
        },
        {
            "gameTime": "2 - 23:47",
            "label": "Shots off target",
            "position": "1427500",
            "half": "2",
            "confidence": "0.7774317264556885"
        },
        {
            "gameTime": "2 - 2:2",
            "label": "Shots off target",
            "position": "122000",
            "half": "2",
            "confidence": "0.7258381843566895"
        },
        {
            "gameTime": "2 - 23:37",
            "label": "Shots off target",
            "position": "1417000",
            "half": "2",
            "confidence": "0.7247703671455383"
        },
        {
            "gameTime": "2 - 19:52",
            "label": "Shots off target",
            "position": "1192000",
            "half": "2",
            "confidence": "0.724342405796051"
        },
        {
            "gameTime": "2 - 20:15",
            "label": "Shots off target",
            "position": "1215500",
            "half": "2",
            "confidence": "0.7211003303527832"
        },
        {
            "gameTime": "2 - 20:27",
            "label": "Shots off target",
            "position": "1227500",
            "half": "2",
            "confidence": "0.6379719972610474"
        },
        {
            "gameTime": "2 - 19:41",
            "label": "Shots off target",
            "position": "1181500",
            "half": "2",
            "confidence": "0.565951406955719"
        },
        {
            "gameTime": "2 - 29:14",
            "label": "Shots off target",
            "position": "1754500",
            "half": "2",
            "confidence": "0.5388303995132446"
        },
        {
            "gameTime": "2 - 33:5",
            "label": "Shots off target",
            "position": "1985500",
            "half": "2",
            "confidence": "0.5372279286384583"
        },
        {
            "gameTime": "2 - 3:13",
            "label": "Shots off target",
            "position": "193000",
            "half": "2",
            "confidence": "0.5359818935394287"
        },
        {
            "gameTime": "2 - 32:33",
            "label": "Shots off target",
            "position": "1953500",
            "half": "2",
            "confidence": "0.5178816914558411"
        },
        {
            "gameTime": "2 - 19:27",
            "label": "Clearance",
            "position": "1167500",
            "half": "2",
            "confidence": "0.6317189335823059"
        },
        {
            "gameTime": "2 - 25:41",
            "label": "Clearance",
            "position": "1541500",
            "half": "2",
            "confidence": "0.567145586013794"
        },
        {
            "gameTime": "2 - 30:5",
            "label": "Clearance",
            "position": "1805000",
            "half": "2",
            "confidence": "0.5567330718040466"
        },
        {
            "gameTime": "2 - 11:17",
            "label": "Ball out of play",
            "position": "677000",
            "half": "2",
            "confidence": "0.9180551767349243"
        },
        {
            "gameTime": "2 - 17:19",
            "label": "Ball out of play",
            "position": "1039500",
            "half": "2",
            "confidence": "0.9167547821998596"
        },
        {
            "gameTime": "2 - 45:54",
            "label": "Ball out of play",
            "position": "2754000",
            "half": "2",
            "confidence": "0.9118371605873108"
        },
        {
            "gameTime": "2 - 32:47",
            "label": "Ball out of play",
            "position": "1967500",
            "half": "2",
            "confidence": "0.8848169445991516"
        },
        {
            "gameTime": "2 - 12:25",
            "label": "Ball out of play",
            "position": "745000",
            "half": "2",
            "confidence": "0.8819319009780884"
        },
        {
            "gameTime": "2 - 17:29",
            "label": "Ball out of play",
            "position": "1049500",
            "half": "2",
            "confidence": "0.8692315816879272"
        },
        {
            "gameTime": "2 - 8:20",
            "label": "Ball out of play",
            "position": "500500",
            "half": "2",
            "confidence": "0.8606228828430176"
        },
        {
            "gameTime": "2 - 1:30",
            "label": "Ball out of play",
            "position": "90000",
            "half": "2",
            "confidence": "0.8482757210731506"
        },
        {
            "gameTime": "2 - 45:41",
            "label": "Ball out of play",
            "position": "2741000",
            "half": "2",
            "confidence": "0.8480403423309326"
        },
        {
            "gameTime": "2 - 19:41",
            "label": "Ball out of play",
            "position": "1181500",
            "half": "2",
            "confidence": "0.8382101655006409"
        },
        {
            "gameTime": "2 - 11:6",
            "label": "Ball out of play",
            "position": "666500",
            "half": "2",
            "confidence": "0.837380051612854"
        },
        {
            "gameTime": "2 - 26:4",
            "label": "Ball out of play",
            "position": "1564000",
            "half": "2",
            "confidence": "0.8174565434455872"
        },
        {
            "gameTime": "2 - 33:59",
            "label": "Ball out of play",
            "position": "2039500",
            "half": "2",
            "confidence": "0.8159875273704529"
        },
        {
            "gameTime": "2 - 32:37",
            "label": "Ball out of play",
            "position": "1957000",
            "half": "2",
            "confidence": "0.8085472583770752"
        },
        {
            "gameTime": "2 - 1:47",
            "label": "Ball out of play",
            "position": "107500",
            "half": "2",
            "confidence": "0.8058105111122131"
        },
        {
            "gameTime": "2 - 46:24",
            "label": "Ball out of play",
            "position": "2784000",
            "half": "2",
            "confidence": "0.8030608892440796"
        },
        {
            "gameTime": "2 - 19:52",
            "label": "Ball out of play",
            "position": "1192500",
            "half": "2",
            "confidence": "0.7950922250747681"
        },
        {
            "gameTime": "2 - 31:53",
            "label": "Ball out of play",
            "position": "1913000",
            "half": "2",
            "confidence": "0.7879446148872375"
        },
        {
            "gameTime": "2 - 17:55",
            "label": "Ball out of play",
            "position": "1075500",
            "half": "2",
            "confidence": "0.7796873450279236"
        },
        {
            "gameTime": "2 - 46:35",
            "label": "Ball out of play",
            "position": "2795500",
            "half": "2",
            "confidence": "0.7673566937446594"
        },
        {
            "gameTime": "2 - 1:19",
            "label": "Ball out of play",
            "position": "79000",
            "half": "2",
            "confidence": "0.7373595237731934"
        },
        {
            "gameTime": "2 - 28:10",
            "label": "Ball out of play",
            "position": "1690500",
            "half": "2",
            "confidence": "0.7362928986549377"
        },
        {
            "gameTime": "2 - 16:8",
            "label": "Ball out of play",
            "position": "968500",
            "half": "2",
            "confidence": "0.7350587248802185"
        },
        {
            "gameTime": "2 - 23:36",
            "label": "Ball out of play",
            "position": "1416500",
            "half": "2",
            "confidence": "0.7286728620529175"
        },
        {
            "gameTime": "2 - 3:7",
            "label": "Ball out of play",
            "position": "187000",
            "half": "2",
            "confidence": "0.7030975818634033"
        },
        {
            "gameTime": "2 - 19:9",
            "label": "Ball out of play",
            "position": "1149000",
            "half": "2",
            "confidence": "0.7016767859458923"
        },
        {
            "gameTime": "2 - 1:57",
            "label": "Ball out of play",
            "position": "117500",
            "half": "2",
            "confidence": "0.6851989030838013"
        },
        {
            "gameTime": "2 - 15:53",
            "label": "Ball out of play",
            "position": "953000",
            "half": "2",
            "confidence": "0.6795375347137451"
        },
        {
            "gameTime": "2 - 12:14",
            "label": "Ball out of play",
            "position": "734500",
            "half": "2",
            "confidence": "0.6715472936630249"
        },
        {
            "gameTime": "2 - 18:5",
            "label": "Ball out of play",
            "position": "1085500",
            "half": "2",
            "confidence": "0.6578858494758606"
        },
        {
            "gameTime": "2 - 18:58",
            "label": "Ball out of play",
            "position": "1138500",
            "half": "2",
            "confidence": "0.6573607921600342"
        },
        {
            "gameTime": "2 - 33:4",
            "label": "Ball out of play",
            "position": "1984000",
            "half": "2",
            "confidence": "0.6529885530471802"
        },
        {
            "gameTime": "2 - 20:16",
            "label": "Ball out of play",
            "position": "1216000",
            "half": "2",
            "confidence": "0.6505855917930603"
        },
        {
            "gameTime": "2 - 3:37",
            "label": "Ball out of play",
            "position": "217000",
            "half": "2",
            "confidence": "0.6505054831504822"
        },
        {
            "gameTime": "2 - 29:13",
            "label": "Ball out of play",
            "position": "1753500",
            "half": "2",
            "confidence": "0.6484336853027344"
        },
        {
            "gameTime": "2 - 30:20",
            "label": "Ball out of play",
            "position": "1820500",
            "half": "2",
            "confidence": "0.6353771686553955"
        },
        {
            "gameTime": "2 - 43:8",
            "label": "Ball out of play",
            "position": "2588500",
            "half": "2",
            "confidence": "0.6298320293426514"
        },
        {
            "gameTime": "2 - 33:21",
            "label": "Ball out of play",
            "position": "2001500",
            "half": "2",
            "confidence": "0.6180984377861023"
        },
        {
            "gameTime": "2 - 41:27",
            "label": "Ball out of play",
            "position": "2487000",
            "half": "2",
            "confidence": "0.5998926758766174"
        },
        {
            "gameTime": "2 - 46:4",
            "label": "Ball out of play",
            "position": "2764000",
            "half": "2",
            "confidence": "0.5845125317573547"
        },
        {
            "gameTime": "2 - 24:45",
            "label": "Ball out of play",
            "position": "1485000",
            "half": "2",
            "confidence": "0.5835959315299988"
        },
        {
            "gameTime": "2 - 28:20",
            "label": "Ball out of play",
            "position": "1700500",
            "half": "2",
            "confidence": "0.5814586877822876"
        },
        {
            "gameTime": "2 - 12:2",
            "label": "Ball out of play",
            "position": "722000",
            "half": "2",
            "confidence": "0.5777602195739746"
        },
        {
            "gameTime": "2 - 37:33",
            "label": "Ball out of play",
            "position": "2253500",
            "half": "2",
            "confidence": "0.5676940083503723"
        },
        {
            "gameTime": "2 - 34:12",
            "label": "Ball out of play",
            "position": "2052000",
            "half": "2",
            "confidence": "0.5667895674705505"
        },
        {
            "gameTime": "2 - 17:9",
            "label": "Ball out of play",
            "position": "1029000",
            "half": "2",
            "confidence": "0.5643891096115112"
        },
        {
            "gameTime": "2 - 23:47",
            "label": "Ball out of play",
            "position": "1427500",
            "half": "2",
            "confidence": "0.5416278839111328"
        },
        {
            "gameTime": "2 - 10:37",
            "label": "Ball out of play",
            "position": "637500",
            "half": "2",
            "confidence": "0.538800060749054"
        },
        {
            "gameTime": "2 - 45:15",
            "label": "Ball out of play",
            "position": "2715000",
            "half": "2",
            "confidence": "0.5331231355667114"
        },
        {
            "gameTime": "2 - 20:28",
            "label": "Ball out of play",
            "position": "1228000",
            "half": "2",
            "confidence": "0.5288501977920532"
        },
        {
            "gameTime": "2 - 37:8",
            "label": "Ball out of play",
            "position": "2228500",
            "half": "2",
            "confidence": "0.5074266791343689"
        },
        {
            "gameTime": "2 - 12:28",
            "label": "Throw-in",
            "position": "748000",
            "half": "2",
            "confidence": "0.9580263495445251"
        },
        {
            "gameTime": "2 - 28:11",
            "label": "Throw-in",
            "position": "1691500",
            "half": "2",
            "confidence": "0.9380536675453186"
        },
        {
            "gameTime": "2 - 37:9",
            "label": "Throw-in",
            "position": "2229000",
            "half": "2",
            "confidence": "0.8942343592643738"
        },
        {
            "gameTime": "2 - 37:20",
            "label": "Throw-in",
            "position": "2240000",
            "half": "2",
            "confidence": "0.8697407841682434"
        },
        {
            "gameTime": "2 - 43:8",
            "label": "Throw-in",
            "position": "2588500",
            "half": "2",
            "confidence": "0.8466507196426392"
        },
        {
            "gameTime": "2 - 36:22",
            "label": "Throw-in",
            "position": "2182000",
            "half": "2",
            "confidence": "0.8397558331489563"
        },
        {
            "gameTime": "2 - 16:9",
            "label": "Throw-in",
            "position": "969000",
            "half": "2",
            "confidence": "0.839184045791626"
        },
        {
            "gameTime": "2 - 46:26",
            "label": "Throw-in",
            "position": "2786000",
            "half": "2",
            "confidence": "0.8235583305358887"
        },
        {
            "gameTime": "2 - 28:21",
            "label": "Throw-in",
            "position": "1701500",
            "half": "2",
            "confidence": "0.8023834824562073"
        },
        {
            "gameTime": "2 - 43:24",
            "label": "Throw-in",
            "position": "2604000",
            "half": "2",
            "confidence": "0.7823194265365601"
        },
        {
            "gameTime": "2 - 12:17",
            "label": "Throw-in",
            "position": "737500",
            "half": "2",
            "confidence": "0.7735979557037354"
        },
        {
            "gameTime": "2 - 26:10",
            "label": "Throw-in",
            "position": "1570500",
            "half": "2",
            "confidence": "0.7599706649780273"
        },
        {
            "gameTime": "2 - 3:37",
            "label": "Throw-in",
            "position": "217000",
            "half": "2",
            "confidence": "0.7295747399330139"
        },
        {
            "gameTime": "2 - 30:20",
            "label": "Throw-in",
            "position": "1820000",
            "half": "2",
            "confidence": "0.7248711585998535"
        },
        {
            "gameTime": "2 - 25:27",
            "label": "Throw-in",
            "position": "1527500",
            "half": "2",
            "confidence": "0.7181004285812378"
        },
        {
            "gameTime": "2 - 41:26",
            "label": "Throw-in",
            "position": "2486500",
            "half": "2",
            "confidence": "0.7107571363449097"
        },
        {
            "gameTime": "2 - 21:1",
            "label": "Throw-in",
            "position": "1261500",
            "half": "2",
            "confidence": "0.6873591542243958"
        },
        {
            "gameTime": "2 - 36:32",
            "label": "Throw-in",
            "position": "2192000",
            "half": "2",
            "confidence": "0.6786962151527405"
        },
        {
            "gameTime": "2 - 17:55",
            "label": "Throw-in",
            "position": "1075500",
            "half": "2",
            "confidence": "0.6772608757019043"
        },
        {
            "gameTime": "2 - 36:11",
            "label": "Throw-in",
            "position": "2171500",
            "half": "2",
            "confidence": "0.6451237797737122"
        },
        {
            "gameTime": "2 - 28:39",
            "label": "Throw-in",
            "position": "1719500",
            "half": "2",
            "confidence": "0.6337774991989136"
        },
        {
            "gameTime": "2 - 6:50",
            "label": "Throw-in",
            "position": "410000",
            "half": "2",
            "confidence": "0.6205927133560181"
        },
        {
            "gameTime": "2 - 46:37",
            "label": "Throw-in",
            "position": "2797500",
            "half": "2",
            "confidence": "0.6157881021499634"
        },
        {
            "gameTime": "2 - 28:50",
            "label": "Throw-in",
            "position": "1730000",
            "half": "2",
            "confidence": "0.589268147945404"
        },
        {
            "gameTime": "2 - 15:53",
            "label": "Throw-in",
            "position": "953000",
            "half": "2",
            "confidence": "0.5855697393417358"
        },
        {
            "gameTime": "2 - 17:45",
            "label": "Throw-in",
            "position": "1065000",
            "half": "2",
            "confidence": "0.5834739208221436"
        },
        {
            "gameTime": "2 - 24:39",
            "label": "Throw-in",
            "position": "1479000",
            "half": "2",
            "confidence": "0.5775526762008667"
        },
        {
            "gameTime": "2 - 41:36",
            "label": "Throw-in",
            "position": "2496500",
            "half": "2",
            "confidence": "0.5235971808433533"
        },
        {
            "gameTime": "2 - 16:46",
            "label": "Throw-in",
            "position": "1006000",
            "half": "2",
            "confidence": "0.5142833590507507"
        },
        {
            "gameTime": "2 - 30:30",
            "label": "Throw-in",
            "position": "1830000",
            "half": "2",
            "confidence": "0.5032240748405457"
        },
        {
            "gameTime": "2 - 5:29",
            "label": "Foul",
            "position": "329500",
            "half": "2",
            "confidence": "0.791862428188324"
        },
        {
            "gameTime": "2 - 21:7",
            "label": "Foul",
            "position": "1267000",
            "half": "2",
            "confidence": "0.7677491903305054"
        },
        {
            "gameTime": "2 - 35:15",
            "label": "Foul",
            "position": "2115500",
            "half": "2",
            "confidence": "0.7270039916038513"
        },
        {
            "gameTime": "2 - 21:17",
            "label": "Foul",
            "position": "1277000",
            "half": "2",
            "confidence": "0.7192087769508362"
        },
        {
            "gameTime": "2 - 31:1",
            "label": "Foul",
            "position": "1861500",
            "half": "2",
            "confidence": "0.624224066734314"
        },
        {
            "gameTime": "2 - 26:52",
            "label": "Foul",
            "position": "1612500",
            "half": "2",
            "confidence": "0.610076367855072"
        },
        {
            "gameTime": "2 - 34:27",
            "label": "Foul",
            "position": "2067500",
            "half": "2",
            "confidence": "0.583653450012207"
        },
        {
            "gameTime": "2 - 37:36",
            "label": "Foul",
            "position": "2256000",
            "half": "2",
            "confidence": "0.5652261972427368"
        },
        {
            "gameTime": "2 - 29:18",
            "label": "Foul",
            "position": "1758500",
            "half": "2",
            "confidence": "0.536919355392456"
        },
        {
            "gameTime": "2 - 24:11",
            "label": "Foul",
            "position": "1451500",
            "half": "2",
            "confidence": "0.5366924405097961"
        },
        {
            "gameTime": "2 - 5:39",
            "label": "Foul",
            "position": "339500",
            "half": "2",
            "confidence": "0.5267030000686646"
        },
        {
            "gameTime": "2 - 45:8",
            "label": "Foul",
            "position": "2708000",
            "half": "2",
            "confidence": "0.5117351412773132"
        },
        {
            "gameTime": "2 - 1:7",
            "label": "Indirect free-kick",
            "position": "67500",
            "half": "2",
            "confidence": "0.7693926692008972"
        },
        {
            "gameTime": "2 - 27:20",
            "label": "Indirect free-kick",
            "position": "1640500",
            "half": "2",
            "confidence": "0.6828201413154602"
        },
        {
            "gameTime": "2 - 14:53",
            "label": "Indirect free-kick",
            "position": "893500",
            "half": "2",
            "confidence": "0.6097633242607117"
        },
        {
            "gameTime": "2 - 34:56",
            "label": "Indirect free-kick",
            "position": "2096000",
            "half": "2",
            "confidence": "0.6041837930679321"
        },
        {
            "gameTime": "2 - 5:33",
            "label": "Indirect free-kick",
            "position": "333000",
            "half": "2",
            "confidence": "0.5700771808624268"
        },
        {
            "gameTime": "2 - 31:29",
            "label": "Indirect free-kick",
            "position": "1889000",
            "half": "2",
            "confidence": "0.5413851737976074"
        },
        {
            "gameTime": "2 - 35:30",
            "label": "Indirect free-kick",
            "position": "2130500",
            "half": "2",
            "confidence": "0.5234390497207642"
        },
        {
            "gameTime": "2 - 5:46",
            "label": "Indirect free-kick",
            "position": "346500",
            "half": "2",
            "confidence": "0.5028684735298157"
        },
        {
            "gameTime": "2 - 20:12",
            "label": "Direct free-kick",
            "position": "1212000",
            "half": "2",
            "confidence": "0.7966452240943909"
        },
        {
            "gameTime": "2 - 35:30",
            "label": "Direct free-kick",
            "position": "2130500",
            "half": "2",
            "confidence": "0.5801884531974792"
        },
        {
            "gameTime": "2 - 2:28",
            "label": "Corner",
            "position": "148500",
            "half": "2",
            "confidence": "0.9814289808273315"
        },
        {
            "gameTime": "2 - 2:18",
            "label": "Corner",
            "position": "138000",
            "half": "2",
            "confidence": "0.927024245262146"
        },
        {
            "gameTime": "2 - 12:0",
            "label": "Corner",
            "position": "720000",
            "half": "2",
            "confidence": "0.7547128796577454"
        },
        {
            "gameTime": "2 - 11:49",
            "label": "Corner",
            "position": "709500",
            "half": "2",
            "confidence": "0.6252833604812622"
        },
        {
            "gameTime": "2 - 18:27",
            "label": "Corner",
            "position": "1107000",
            "half": "2",
            "confidence": "0.6029532551765442"
        },
        {
            "gameTime": "2 - 2:56",
            "label": "Corner",
            "position": "176500",
            "half": "2",
            "confidence": "0.583972692489624"
        },
        {
            "gameTime": "2 - 2:2",
            "label": "Corner",
            "position": "122000",
            "half": "2",
            "confidence": "0.5523902773857117"
        },
        {
            "gameTime": "2 - 34:9",
            "label": "Corner",
            "position": "2049000",
            "half": "2",
            "confidence": "0.5368176102638245"
        },
        {
            "gameTime": "2 - 26:54",
            "label": "Yellow card",
            "position": "1614500",
            "half": "2",
            "confidence": "0.9561290740966797"
        },
        {
            "gameTime": "2 - 27:4",
            "label": "Yellow card",
            "position": "1624500",
            "half": "2",
            "confidence": "0.6847739219665527"
        }
    ]
}