{
    "UrlLocal": "spain_laliga/2019-2020/2019-12-15 - 18-00 Valencia 1 - 1 Real Madrid",
    "UrlYoutube": "",
    "annotations": [
        {
            "change_type": "",
            "gameTime": "1 - 02:51",
            "label": "",
            "position": "171688",
            "replay": "real-time"
        },
        {
            "change_type": "",
            "gameTime": "1 - 02:57",
            "label": "",
            "link": "",
            "position": "177389",
            "replay": "replay"
        },
        {
            "change_type": "",
            "gameTime": "1 - 03:15",
            "label": "",
            "position": "195077",
            "replay": "real-time"
        },
        {
            "change_type": "",
            "gameTime": "1 - 03:22",
            "label": "",
            "link": "",
            "position": "202024",
            "replay": "replay"
        },
        {
            "change_type": "",
            "gameTime": "1 - 03:29",
            "label": "",
            "link": "",
            "position": "209631",
            "replay": "replay"
        },
        {
            "change_type": "",
            "gameTime": "1 - 03:36",
            "label": "",
            "link": "",
            "position": "216063",
            "replay": "replay"
        },
        {
            "change_type": "",
            "gameTime": "1 - 08:25",
            "label": "",
            "position": "505604",
            "replay": "real-time"
        },
        {
            "change_type": "",
            "gameTime": "1 - 08:33",
            "label": "",
            "link": "",
            "position": "513538",
            "replay": "replay"
        },
        {
            "change_type": "",
            "gameTime": "1 - 08:52",
            "label": "",
            "position": "532947",
            "replay": "real-time"
        },
        {
            "change_type": "",
            "gameTime": "1 - 08:59",
            "label": "",
            "link": "",
            "position": "539240",
            "replay": "replay"
        },
        {
            "change_type": "",
            "gameTime": "1 - 09:04",
            "label": "",
            "link": "",
            "position": "544216",
            "replay": "replay"
        },
        {
            "change_type": "",
            "gameTime": "1 - 10:31",
            "label": "",
            "position": "631189",
            "replay": "real-time"
        },
        {
            "change_type": "",
            "gameTime": "1 - 10:41",
            "label": "",
            "link": "",
            "position": "641906",
            "replay": "replay"
        },
        {
            "change_type": "",
            "gameTime": "1 - 13:22",
            "label": "",
            "position": "802116",
            "replay": "real-time"
        },
        {
            "change_type": "",
            "gameTime": "1 - 13:30",
            "label": "",
            "link": "",
            "position": "810168",
            "replay": "replay"
        },
        {
            "change_type": "",
            "gameTime": "1 - 13:35",
            "label": "",
            "link": "",
            "position": "815429",
            "replay": "replay"
        },
        {
            "change_type": "",
            "gameTime": "1 - 13:43",
            "label": "",
            "link": "",
            "position": "823218",
            "replay": "replay"
        },
        {
            "change_type": "",
            "gameTime": "1 - 13:46",
            "label": "",
            "link": "",
            "position": "826919",
            "replay": "replay"
        },
        {
            "change_type": "",
            "gameTime": "1 - 14:22",
            "label": "",
            "position": "862893",
            "replay": "real-time"
        },
        {
            "change_type": "",
            "gameTime": "1 - 14:29",
            "label": "",
            "link": "",
            "position": "869388",
            "replay": "replay"
        },
        {
            "change_type": "",
            "gameTime": "1 - 14:34",
            "label": "",
            "link": "",
            "position": "874745",
            "replay": "replay"
        },
        {
            "change_type": "",
            "gameTime": "1 - 15:53",
            "label": "",
            "position": "953822",
            "replay": "real-time"
        },
        {
            "change_type": "",
            "gameTime": "1 - 16:04",
            "label": "",
            "link": "",
            "position": "964498",
            "replay": "replay"
        },
        {
            "change_type": "",
            "gameTime": "1 - 18:22",
            "label": "",
            "position": "1102063",
            "replay": "real-time"
        },
        {
            "change_type": "",
            "gameTime": "1 - 18:30",
            "label": "",
            "link": "",
            "position": "1110203",
            "replay": "replay"
        },
        {
            "change_type": "",
            "gameTime": "1 - 18:39",
            "label": "",
            "link": "",
            "position": "1119240",
            "replay": "replay"
        },
        {
            "change_type": "",
            "gameTime": "1 - 19:46",
            "label": "",
            "position": "1186849",
            "replay": "real-time"
        },
        {
            "change_type": "",
            "gameTime": "1 - 19:53",
            "label": "",
            "link": "",
            "position": "1193554",
            "replay": "replay"
        },
        {
            "change_type": "",
            "gameTime": "1 - 21:00",
            "label": "",
            "position": "1260970",
            "replay": "real-time"
        },
        {
            "change_type": "",
            "gameTime": "1 - 21:05",
            "label": "",
            "link": "",
            "position": "1265825",
            "replay": "replay"
        },
        {
            "change_type": "",
            "gameTime": "1 - 23:22",
            "label": "",
            "position": "1402882",
            "replay": "real-time"
        },
        {
            "change_type": "",
            "gameTime": "1 - 23:32",
            "label": "",
            "link": "",
            "position": "1412340",
            "replay": "replay"
        },
        {
            "change_type": "",
            "gameTime": "1 - 25:34",
            "label": "",
            "position": "1534821",
            "replay": "real-time"
        },
        {
            "change_type": "",
            "gameTime": "1 - 25:42",
            "label": "",
            "link": "",
            "position": "1542071",
            "replay": "replay"
        },
        {
            "change_type": "",
            "gameTime": "1 - 26:43",
            "label": "",
            "position": "1603920",
            "replay": "real-time"
        },
        {
            "change_type": "",
            "gameTime": "1 - 26:53",
            "label": "",
            "link": "",
            "position": "1613334",
            "replay": "replay"
        },
        {
            "change_type": "",
            "gameTime": "1 - 30:51",
            "label": "",
            "position": "1851778",
            "replay": "real-time"
        },
        {
            "change_type": "",
            "gameTime": "1 - 30:57",
            "label": "",
            "link": "",
            "position": "1857531",
            "replay": "replay"
        },
        {
            "change_type": "",
            "gameTime": "1 - 31:11",
            "label": "",
            "position": "1871214",
            "replay": "real-time"
        },
        {
            "change_type": "",
            "gameTime": "1 - 31:16",
            "label": "",
            "link": "",
            "position": "1876275",
            "replay": "replay"
        },
        {
            "change_type": "",
            "gameTime": "1 - 32:13",
            "label": "",
            "position": "1933841",
            "replay": "real-time"
        },
        {
            "change_type": "",
            "gameTime": "1 - 32:18",
            "label": "",
            "link": "",
            "position": "1938206",
            "replay": "replay"
        },
        {
            "change_type": "",
            "gameTime": "1 - 33:49",
            "label": "",
            "position": "2029602",
            "replay": "real-time"
        },
        {
            "change_type": "",
            "gameTime": "1 - 34:01",
            "label": "",
            "link": "",
            "position": "2041338",
            "replay": "replay"
        },
        {
            "change_type": "",
            "gameTime": "1 - 34:03",
            "label": "",
            "link": "",
            "position": "2043275",
            "replay": "replay"
        },
        {
            "change_type": "",
            "gameTime": "1 - 34:56",
            "label": "",
            "position": "2096591",
            "replay": "real-time"
        },
        {
            "change_type": "",
            "gameTime": "1 - 35:06",
            "label": "",
            "link": "",
            "position": "2106213",
            "replay": "replay"
        },
        {
            "change_type": "",
            "gameTime": "1 - 35:14",
            "label": "",
            "link": "",
            "position": "2114599",
            "replay": "replay"
        },
        {
            "change_type": "",
            "gameTime": "1 - 36:14",
            "label": "",
            "position": "2174205",
            "replay": "real-time"
        },
        {
            "change_type": "",
            "gameTime": "1 - 36:18",
            "label": "",
            "link": "",
            "position": "2178398",
            "replay": "replay"
        },
        {
            "change_type": "",
            "gameTime": "1 - 36:26",
            "label": "",
            "link": "",
            "position": "2186991",
            "replay": "replay"
        },
        {
            "change_type": "",
            "gameTime": "1 - 37:18",
            "label": "",
            "position": "2238162",
            "replay": "real-time"
        },
        {
            "change_type": "",
            "gameTime": "1 - 37:25",
            "label": "",
            "link": "",
            "position": "2245302",
            "replay": "replay"
        },
        {
            "change_type": "",
            "gameTime": "1 - 37:33",
            "label": "",
            "link": "",
            "position": "2253194",
            "replay": "replay"
        },
        {
            "change_type": "",
            "gameTime": "1 - 38:25",
            "label": "",
            "position": "2305353",
            "replay": "real-time"
        },
        {
            "change_type": "",
            "gameTime": "1 - 38:33",
            "label": "",
            "link": "",
            "position": "2313090",
            "replay": "replay"
        },
        {
            "change_type": "",
            "gameTime": "1 - 40:40",
            "label": "",
            "position": "2440889",
            "replay": "real-time"
        },
        {
            "change_type": "",
            "gameTime": "1 - 40:45",
            "label": "",
            "link": "",
            "position": "2445329",
            "replay": "replay"
        },
        {
            "change_type": "",
            "gameTime": "1 - 40:55",
            "label": "",
            "link": "",
            "position": "2455075",
            "replay": "replay"
        },
        {
            "change_type": "",
            "gameTime": "1 - 43:44",
            "label": "",
            "position": "2624479",
            "replay": "real-time"
        },
        {
            "change_type": "",
            "gameTime": "1 - 43:52",
            "label": "",
            "link": "",
            "position": "2632134",
            "replay": "replay"
        },
        {
            "change_type": "",
            "gameTime": "2 - 01:02",
            "label": "",
            "position": "62980",
            "replay": "real-time"
        },
        {
            "change_type": "",
            "gameTime": "2 - 01:14",
            "label": "",
            "link": "",
            "position": "74116",
            "replay": "replay"
        },
        {
            "change_type": "",
            "gameTime": "2 - 02:40",
            "label": "",
            "position": "160156",
            "replay": "real-time"
        },
        {
            "change_type": "",
            "gameTime": "2 - 02:44",
            "label": "",
            "link": "",
            "position": "164831",
            "replay": "replay"
        },
        {
            "change_type": "",
            "gameTime": "2 - 02:49",
            "label": "",
            "link": "",
            "position": "169979",
            "replay": "replay"
        },
        {
            "change_type": "",
            "gameTime": "2 - 02:53",
            "label": "",
            "link": "",
            "position": "173429",
            "replay": "replay"
        },
        {
            "change_type": "",
            "gameTime": "2 - 06:26",
            "label": "",
            "position": "386447",
            "replay": "real-time"
        },
        {
            "change_type": "",
            "gameTime": "2 - 06:33",
            "label": "",
            "link": "",
            "position": "393057",
            "replay": "replay"
        },
        {
            "change_type": "",
            "gameTime": "2 - 08:31",
            "label": "",
            "position": "511653",
            "replay": "real-time"
        },
        {
            "change_type": "",
            "gameTime": "2 - 08:41",
            "label": "",
            "link": "",
            "position": "521108",
            "replay": "replay"
        },
        {
            "change_type": "",
            "gameTime": "2 - 08:55",
            "label": "",
            "link": "",
            "position": "535602",
            "replay": "replay"
        },
        {
            "change_type": "",
            "gameTime": "2 - 08:58",
            "label": "",
            "link": "",
            "position": "538003",
            "replay": "replay"
        },
        {
            "change_type": "",
            "gameTime": "2 - 10:27",
            "label": "",
            "position": "627960",
            "replay": "real-time"
        },
        {
            "change_type": "",
            "gameTime": "2 - 10:34",
            "label": "",
            "link": "",
            "position": "634955",
            "replay": "replay"
        },
        {
            "change_type": "",
            "gameTime": "2 - 14:42",
            "label": "",
            "position": "882917",
            "replay": "real-time"
        },
        {
            "change_type": "",
            "gameTime": "2 - 14:48",
            "label": "",
            "link": "",
            "position": "888132",
            "replay": "replay"
        },
        {
            "change_type": "",
            "gameTime": "2 - 14:55",
            "label": "",
            "link": "",
            "position": "895798",
            "replay": "replay"
        },
        {
            "change_type": "",
            "gameTime": "2 - 24:07",
            "label": "",
            "position": "1447480",
            "replay": "real-time"
        },
        {
            "change_type": "",
            "gameTime": "2 - 24:11",
            "label": "",
            "link": "",
            "position": "1451933",
            "replay": "replay"
        },
        {
            "change_type": "",
            "gameTime": "2 - 24:59",
            "label": "",
            "position": "1499044",
            "replay": "real-time"
        },
        {
            "change_type": "",
            "gameTime": "2 - 25:06",
            "label": "",
            "link": "",
            "position": "1506986",
            "replay": "replay"
        },
        {
            "change_type": "",
            "gameTime": "2 - 26:36",
            "label": "",
            "position": "1596369",
            "replay": "real-time"
        },
        {
            "change_type": "",
            "gameTime": "2 - 26:42",
            "label": "",
            "link": "",
            "position": "1602096",
            "replay": "replay"
        },
        {
            "change_type": "",
            "gameTime": "2 - 27:03",
            "label": "",
            "position": "1623989",
            "replay": "real-time"
        },
        {
            "change_type": "",
            "gameTime": "2 - 27:10",
            "label": "",
            "link": "",
            "position": "1630259",
            "replay": "replay"
        },
        {
            "change_type": "",
            "gameTime": "2 - 28:07",
            "label": "",
            "position": "1687073",
            "replay": "real-time"
        },
        {
            "change_type": "",
            "gameTime": "2 - 28:14",
            "label": "",
            "link": "",
            "position": "1694810",
            "replay": "replay"
        },
        {
            "change_type": "",
            "gameTime": "2 - 28:19",
            "label": "",
            "link": "",
            "position": "1699792",
            "replay": "replay"
        },
        {
            "change_type": "",
            "gameTime": "2 - 31:12",
            "label": "",
            "position": "1872201",
            "replay": "real-time"
        },
        {
            "change_type": "",
            "gameTime": "2 - 31:17",
            "label": "",
            "link": "",
            "position": "1877728",
            "replay": "replay"
        },
        {
            "change_type": "",
            "gameTime": "2 - 31:25",
            "label": "",
            "link": "",
            "position": "1885674",
            "replay": "replay"
        },
        {
            "change_type": "",
            "gameTime": "2 - 31:32",
            "label": "",
            "link": "",
            "position": "1892268",
            "replay": "replay"
        },
        {
            "change_type": "",
            "gameTime": "2 - 31:56",
            "label": "",
            "position": "1916166",
            "replay": "real-time"
        },
        {
            "change_type": "",
            "gameTime": "2 - 32:07",
            "label": "",
            "link": "",
            "position": "1927370",
            "replay": "replay"
        },
        {
            "change_type": "",
            "gameTime": "2 - 33:03",
            "label": "",
            "position": "1983603",
            "replay": "real-time"
        },
        {
            "change_type": "",
            "gameTime": "2 - 33:18",
            "label": "",
            "link": "",
            "position": "1998130",
            "replay": "replay"
        },
        {
            "change_type": "",
            "gameTime": "2 - 33:26",
            "label": "",
            "link": "",
            "position": "2006223",
            "replay": "replay"
        },
        {
            "change_type": "",
            "gameTime": "2 - 33:32",
            "label": "",
            "link": "",
            "position": "2012494",
            "replay": "replay"
        },
        {
            "change_type": "",
            "gameTime": "2 - 33:43",
            "label": "",
            "link": "",
            "position": "2023495",
            "replay": "replay"
        },
        {
            "change_type": "",
            "gameTime": "2 - 33:50",
            "label": "",
            "link": "",
            "position": "2030781",
            "replay": "replay"
        },
        {
            "change_type": "",
            "gameTime": "2 - 33:56",
            "label": "",
            "link": "",
            "position": "2036498",
            "replay": "replay"
        },
        {
            "change_type": "",
            "gameTime": "2 - 34:11",
            "label": "",
            "position": "2051827",
            "replay": "real-time"
        },
        {
            "change_type": "",
            "gameTime": "2 - 34:16",
            "label": "",
            "link": "",
            "position": "2056605",
            "replay": "replay"
        },
        {
            "change_type": "",
            "gameTime": "2 - 35:35",
            "label": "",
            "position": "2135109",
            "replay": "real-time"
        },
        {
            "change_type": "",
            "gameTime": "2 - 35:42",
            "label": "",
            "link": "",
            "position": "2142450",
            "replay": "replay"
        },
        {
            "change_type": "",
            "gameTime": "2 - 36:40",
            "label": "",
            "position": "2200768",
            "replay": "real-time"
        },
        {
            "change_type": "",
            "gameTime": "2 - 36:46",
            "label": "",
            "link": "",
            "position": "2206821",
            "replay": "replay"
        },
        {
            "change_type": "",
            "gameTime": "2 - 36:52",
            "label": "",
            "link": "",
            "position": "2212870",
            "replay": "replay"
        },
        {
            "change_type": "",
            "gameTime": "2 - 38:30",
            "label": "",
            "position": "2310669",
            "replay": "real-time"
        },
        {
            "change_type": "",
            "gameTime": "2 - 38:40",
            "label": "",
            "link": "",
            "position": "2320786",
            "replay": "replay"
        },
        {
            "change_type": "",
            "gameTime": "2 - 38:45",
            "label": "",
            "link": "",
            "position": "2325531",
            "replay": "replay"
        },
        {
            "change_type": "",
            "gameTime": "2 - 39:08",
            "label": "",
            "position": "2348054",
            "replay": "other"
        },
        {
            "change_type": "",
            "gameTime": "2 - 45:02",
            "label": "",
            "position": "2702058",
            "replay": "real-time"
        },
        {
            "change_type": "",
            "gameTime": "2 - 45:07",
            "label": "",
            "link": "",
            "position": "2707365",
            "replay": "replay"
        },
        {
            "change_type": "",
            "gameTime": "2 - 45:14",
            "label": "",
            "link": "",
            "position": "2714659",
            "replay": "replay"
        },
        {
            "change_type": "",
            "gameTime": "2 - 45:49",
            "label": "",
            "position": "2749432",
            "replay": "real-time"
        },
        {
            "change_type": "",
            "gameTime": "2 - 45:54",
            "label": "",
            "link": "",
            "position": "2754824",
            "replay": "replay"
        },
        {
            "change_type": "",
            "gameTime": "2 - 47:53",
            "label": "",
            "position": "2873436",
            "replay": "real-time"
        },
        {
            "change_type": "",
            "gameTime": "2 - 48:04",
            "label": "",
            "link": "",
            "position": "2884760",
            "replay": "replay"
        },
        {
            "change_type": "",
            "gameTime": "2 - 48:13",
            "label": "",
            "link": "",
            "position": "2893270",
            "replay": "replay"
        },
        {
            "change_type": "",
            "gameTime": "2 - 48:21",
            "label": "",
            "link": "",
            "position": "2901779",
            "replay": "replay"
        },
        {
            "change_type": "",
            "gameTime": "2 - 50:01",
            "label": "",
            "position": "3001176",
            "replay": "real-time"
        },
        {
            "change_type": "",
            "gameTime": "2 - 50:09",
            "label": "",
            "link": "",
            "position": "3009200",
            "replay": "replay"
        },
        {
            "change_type": "",
            "gameTime": "2 - 50:20",
            "label": "",
            "link": "",
            "position": "3020938",
            "replay": "replay"
        },
        {
            "change_type": "",
            "gameTime": "2 - 50:29",
            "label": "",
            "link": "",
            "position": "3029877",
            "replay": "replay"
        },
        {
            "change_type": "",
            "gameTime": "2 - 50:36",
            "label": "",
            "link": "",
            "position": "3036963",
            "replay": "replay"
        },
        {
            "change_type": "",
            "gameTime": "2 - 50:39",
            "label": "",
            "link": "",
            "position": "3039270",
            "replay": "replay"
        }
    ],
    "gameAwayTeam": "Real Madrid",
    "gameDate": "2019-12-15 - 18-00",
    "gameHomeTeam": "Valencia",
    "gameScore": "1 - 1"
}