{
    "UrlLocal": "france_ligue-1/2016-2017/2017-02-18 - 18-00 Lorient 0 - 1 Nice",
    "predictions": [
        {
            "gameTime": "1 - 42:49",
            "label": "card",
            "position": "2569000",
            "half": "1",
            "confidence": "0.6107189059257507"
        },
        {
            "gameTime": "1 - 14:49",
            "label": "soccer",
            "position": "889000",
            "half": "1",
            "confidence": "0.7665337324142456"
        },
        {
            "gameTime": "1 - 15:5",
            "label": "soccer",
            "position": "905500",
            "half": "1",
            "confidence": "0.5679722428321838"
        },
        {
            "gameTime": "2 - 33:32",
            "label": "card",
            "position": "2012000",
            "half": "2",
            "confidence": "0.5088757872581482"
        },
        {
            "gameTime": "2 - 31:55",
            "label": "subs",
            "position": "1915500",
            "half": "2",
            "confidence": "0.9146948456764221"
        },
        {
            "gameTime": "2 - 25:18",
            "label": "subs",
            "position": "1518500",
            "half": "2",
            "confidence": "0.7951406240463257"
        },
        {
            "gameTime": "2 - 30:47",
            "label": "subs",
            "position": "1847000",
            "half": "2",
            "confidence": "0.7939085960388184"
        },
        {
            "gameTime": "2 - 32:5",
            "label": "subs",
            "position": "1925500",
            "half": "2",
            "confidence": "0.747966468334198"
        },
        {
            "gameTime": "2 - 42:25",
            "label": "subs",
            "position": "2545000",
            "half": "2",
            "confidence": "0.6944031715393066"
        },
        {
            "gameTime": "2 - 35:38",
            "label": "subs",
            "position": "2138500",
            "half": "2",
            "confidence": "0.5932743549346924"
        },
        {
            "gameTime": "2 - 25:28",
            "label": "subs",
            "position": "1528500",
            "half": "2",
            "confidence": "0.5034474730491638"
        }
    ]
}