{
    "UrlLocal": "spain_laliga/2019-2020/2020-02-01 - 18-00 Real Madrid 1 - 0 Atletico Madrid",
    "predictions": [
        {
            "gameTime": "2 - 38:6",
            "label": "card",
            "position": "2286000",
            "half": "2",
            "confidence": "0.7948547005653381"
        },
        {
            "gameTime": "2 - 45:33",
            "label": "subs",
            "position": "2733000",
            "half": "2",
            "confidence": "0.6190993189811707"
        },
        {
            "gameTime": "2 - 22:56",
            "label": "subs",
            "position": "1376000",
            "half": "2",
            "confidence": "0.6054373979568481"
        },
        {
            "gameTime": "2 - 10:36",
            "label": "soccer",
            "position": "636000",
            "half": "2",
            "confidence": "0.8626887798309326"
        }
    ]
}