{
    "UrlLocal": "spain_laliga/2019-2020/2019-12-14 - 18-00 Real Sociedad 2 - 2 Barcelona",
    "predictions": [
        {
            "gameTime": "1 - 19:52",
            "label": "soccer",
            "position": "1192500",
            "half": "1",
            "confidence": "0.6874667406082153"
        },
        {
            "gameTime": "1 - 11:27",
            "label": "soccer",
            "position": "687500",
            "half": "1",
            "confidence": "0.5953721404075623"
        },
        {
            "gameTime": "2 - 27:52",
            "label": "subs",
            "position": "1672500",
            "half": "2",
            "confidence": "0.9674785733222961"
        },
        {
            "gameTime": "2 - 39:14",
            "label": "subs",
            "position": "2354500",
            "half": "2",
            "confidence": "0.9457111358642578"
        },
        {
            "gameTime": "2 - 28:2",
            "label": "subs",
            "position": "1682500",
            "half": "2",
            "confidence": "0.9016668796539307"
        },
        {
            "gameTime": "2 - 20:13",
            "label": "subs",
            "position": "1213500",
            "half": "2",
            "confidence": "0.8562681078910828"
        },
        {
            "gameTime": "2 - 39:24",
            "label": "subs",
            "position": "2364500",
            "half": "2",
            "confidence": "0.8434233665466309"
        },
        {
            "gameTime": "2 - 33:33",
            "label": "subs",
            "position": "2013000",
            "half": "2",
            "confidence": "0.7425952553749084"
        },
        {
            "gameTime": "2 - 19:49",
            "label": "subs",
            "position": "1189500",
            "half": "2",
            "confidence": "0.7206385731697083"
        },
        {
            "gameTime": "2 - 20:24",
            "label": "subs",
            "position": "1224000",
            "half": "2",
            "confidence": "0.6206621527671814"
        },
        {
            "gameTime": "2 - 28:12",
            "label": "subs",
            "position": "1692500",
            "half": "2",
            "confidence": "0.5635372400283813"
        },
        {
            "gameTime": "2 - 19:59",
            "label": "subs",
            "position": "1199500",
            "half": "2",
            "confidence": "0.5117706060409546"
        },
        {
            "gameTime": "2 - 16:37",
            "label": "soccer",
            "position": "997500",
            "half": "2",
            "confidence": "0.813494861125946"
        },
        {
            "gameTime": "2 - 25:56",
            "label": "soccer",
            "position": "1556000",
            "half": "2",
            "confidence": "0.556248128414154"
        }
    ]
}