{
    "UrlLocal": "spain_laliga/2015-2016/2016-02-27 - 18-00 Real Madrid 0 - 1 Atl. Madrid",
    "predictions": [
        {
            "gameTime": "1 - 0:0",
            "label": "Kick-off",
            "position": "0",
            "half": "1",
            "confidence": "0.8816156387329102"
        },
        {
            "gameTime": "1 - 36:22",
            "label": "Offside",
            "position": "2182500",
            "half": "1",
            "confidence": "0.5130400061607361"
        },
        {
            "gameTime": "1 - 0:37",
            "label": "Shots on target",
            "position": "37500",
            "half": "1",
            "confidence": "0.5403690934181213"
        },
        {
            "gameTime": "1 - 9:39",
            "label": "Shots on target",
            "position": "579000",
            "half": "1",
            "confidence": "0.5227634310722351"
        },
        {
            "gameTime": "1 - 31:27",
            "label": "Shots off target",
            "position": "1887000",
            "half": "1",
            "confidence": "0.7874053716659546"
        },
        {
            "gameTime": "1 - 16:59",
            "label": "Shots off target",
            "position": "1019500",
            "half": "1",
            "confidence": "0.766869306564331"
        },
        {
            "gameTime": "1 - 20:51",
            "label": "Shots off target",
            "position": "1251000",
            "half": "1",
            "confidence": "0.641054093837738"
        },
        {
            "gameTime": "1 - 0:42",
            "label": "Shots off target",
            "position": "42000",
            "half": "1",
            "confidence": "0.5515257716178894"
        },
        {
            "gameTime": "1 - 40:3",
            "label": "Shots off target",
            "position": "2403000",
            "half": "1",
            "confidence": "0.5355929732322693"
        },
        {
            "gameTime": "1 - 0:53",
            "label": "Clearance",
            "position": "53000",
            "half": "1",
            "confidence": "0.9093155860900879"
        },
        {
            "gameTime": "1 - 21:4",
            "label": "Clearance",
            "position": "1264500",
            "half": "1",
            "confidence": "0.7122117280960083"
        },
        {
            "gameTime": "1 - 14:0",
            "label": "Clearance",
            "position": "840500",
            "half": "1",
            "confidence": "0.6904194951057434"
        },
        {
            "gameTime": "1 - 1:7",
            "label": "Clearance",
            "position": "67000",
            "half": "1",
            "confidence": "0.6539231538772583"
        },
        {
            "gameTime": "1 - 17:27",
            "label": "Clearance",
            "position": "1047000",
            "half": "1",
            "confidence": "0.6410137414932251"
        },
        {
            "gameTime": "1 - 17:16",
            "label": "Clearance",
            "position": "1036000",
            "half": "1",
            "confidence": "0.6383278965950012"
        },
        {
            "gameTime": "1 - 7:38",
            "label": "Clearance",
            "position": "458000",
            "half": "1",
            "confidence": "0.6069624423980713"
        },
        {
            "gameTime": "1 - 23:58",
            "label": "Clearance",
            "position": "1438500",
            "half": "1",
            "confidence": "0.5275606513023376"
        },
        {
            "gameTime": "1 - 41:56",
            "label": "Ball out of play",
            "position": "2516500",
            "half": "1",
            "confidence": "0.9153339266777039"
        },
        {
            "gameTime": "1 - 38:6",
            "label": "Ball out of play",
            "position": "2286000",
            "half": "1",
            "confidence": "0.9047350287437439"
        },
        {
            "gameTime": "1 - 5:1",
            "label": "Ball out of play",
            "position": "301000",
            "half": "1",
            "confidence": "0.9025819897651672"
        },
        {
            "gameTime": "1 - 11:54",
            "label": "Ball out of play",
            "position": "714000",
            "half": "1",
            "confidence": "0.889004111289978"
        },
        {
            "gameTime": "1 - 0:41",
            "label": "Ball out of play",
            "position": "41500",
            "half": "1",
            "confidence": "0.8865582346916199"
        },
        {
            "gameTime": "1 - 13:35",
            "label": "Ball out of play",
            "position": "815000",
            "half": "1",
            "confidence": "0.8853307366371155"
        },
        {
            "gameTime": "1 - 16:48",
            "label": "Ball out of play",
            "position": "1008000",
            "half": "1",
            "confidence": "0.8805234432220459"
        },
        {
            "gameTime": "1 - 39:54",
            "label": "Ball out of play",
            "position": "2394000",
            "half": "1",
            "confidence": "0.8612009286880493"
        },
        {
            "gameTime": "1 - 4:48",
            "label": "Ball out of play",
            "position": "288500",
            "half": "1",
            "confidence": "0.8576757311820984"
        },
        {
            "gameTime": "1 - 16:59",
            "label": "Ball out of play",
            "position": "1019500",
            "half": "1",
            "confidence": "0.8491227626800537"
        },
        {
            "gameTime": "1 - 31:26",
            "label": "Ball out of play",
            "position": "1886500",
            "half": "1",
            "confidence": "0.8490970134735107"
        },
        {
            "gameTime": "1 - 35:30",
            "label": "Ball out of play",
            "position": "2130500",
            "half": "1",
            "confidence": "0.8457436561584473"
        },
        {
            "gameTime": "1 - 40:4",
            "label": "Ball out of play",
            "position": "2404500",
            "half": "1",
            "confidence": "0.8452101945877075"
        },
        {
            "gameTime": "1 - 10:35",
            "label": "Ball out of play",
            "position": "635500",
            "half": "1",
            "confidence": "0.8445472121238708"
        },
        {
            "gameTime": "1 - 12:28",
            "label": "Ball out of play",
            "position": "748000",
            "half": "1",
            "confidence": "0.8354104161262512"
        },
        {
            "gameTime": "1 - 3:26",
            "label": "Ball out of play",
            "position": "206500",
            "half": "1",
            "confidence": "0.8292080760002136"
        },
        {
            "gameTime": "1 - 44:25",
            "label": "Ball out of play",
            "position": "2665500",
            "half": "1",
            "confidence": "0.8262945413589478"
        },
        {
            "gameTime": "1 - 12:40",
            "label": "Ball out of play",
            "position": "760500",
            "half": "1",
            "confidence": "0.8182782530784607"
        },
        {
            "gameTime": "1 - 23:3",
            "label": "Ball out of play",
            "position": "1383000",
            "half": "1",
            "confidence": "0.812609076499939"
        },
        {
            "gameTime": "1 - 33:16",
            "label": "Ball out of play",
            "position": "1996500",
            "half": "1",
            "confidence": "0.8099743723869324"
        },
        {
            "gameTime": "1 - 20:49",
            "label": "Ball out of play",
            "position": "1249500",
            "half": "1",
            "confidence": "0.791226863861084"
        },
        {
            "gameTime": "1 - 26:5",
            "label": "Ball out of play",
            "position": "1565000",
            "half": "1",
            "confidence": "0.7909723520278931"
        },
        {
            "gameTime": "1 - 44:55",
            "label": "Ball out of play",
            "position": "2695500",
            "half": "1",
            "confidence": "0.7871122360229492"
        },
        {
            "gameTime": "1 - 38:16",
            "label": "Ball out of play",
            "position": "2296000",
            "half": "1",
            "confidence": "0.7837198376655579"
        },
        {
            "gameTime": "1 - 8:50",
            "label": "Ball out of play",
            "position": "530500",
            "half": "1",
            "confidence": "0.7780605554580688"
        },
        {
            "gameTime": "1 - 33:26",
            "label": "Ball out of play",
            "position": "2006500",
            "half": "1",
            "confidence": "0.771643877029419"
        },
        {
            "gameTime": "1 - 38:46",
            "label": "Ball out of play",
            "position": "2326000",
            "half": "1",
            "confidence": "0.7651544213294983"
        },
        {
            "gameTime": "1 - 16:0",
            "label": "Ball out of play",
            "position": "960000",
            "half": "1",
            "confidence": "0.7617399096488953"
        },
        {
            "gameTime": "1 - 40:46",
            "label": "Ball out of play",
            "position": "2446000",
            "half": "1",
            "confidence": "0.7581618428230286"
        },
        {
            "gameTime": "1 - 9:3",
            "label": "Ball out of play",
            "position": "543000",
            "half": "1",
            "confidence": "0.7561771869659424"
        },
        {
            "gameTime": "1 - 4:36",
            "label": "Ball out of play",
            "position": "276500",
            "half": "1",
            "confidence": "0.7528530359268188"
        },
        {
            "gameTime": "1 - 40:27",
            "label": "Ball out of play",
            "position": "2427000",
            "half": "1",
            "confidence": "0.7422694563865662"
        },
        {
            "gameTime": "1 - 42:6",
            "label": "Ball out of play",
            "position": "2526500",
            "half": "1",
            "confidence": "0.7326974272727966"
        },
        {
            "gameTime": "1 - 43:59",
            "label": "Ball out of play",
            "position": "2639500",
            "half": "1",
            "confidence": "0.7317599058151245"
        },
        {
            "gameTime": "1 - 3:16",
            "label": "Ball out of play",
            "position": "196000",
            "half": "1",
            "confidence": "0.7300525307655334"
        },
        {
            "gameTime": "1 - 0:31",
            "label": "Ball out of play",
            "position": "31000",
            "half": "1",
            "confidence": "0.7286787033081055"
        },
        {
            "gameTime": "1 - 1:14",
            "label": "Ball out of play",
            "position": "74000",
            "half": "1",
            "confidence": "0.7230386734008789"
        },
        {
            "gameTime": "1 - 5:12",
            "label": "Ball out of play",
            "position": "312500",
            "half": "1",
            "confidence": "0.7160317301750183"
        },
        {
            "gameTime": "1 - 12:6",
            "label": "Ball out of play",
            "position": "726000",
            "half": "1",
            "confidence": "0.7119019031524658"
        },
        {
            "gameTime": "1 - 41:39",
            "label": "Ball out of play",
            "position": "2499500",
            "half": "1",
            "confidence": "0.7033135890960693"
        },
        {
            "gameTime": "1 - 27:47",
            "label": "Ball out of play",
            "position": "1667500",
            "half": "1",
            "confidence": "0.6968162059783936"
        },
        {
            "gameTime": "1 - 43:13",
            "label": "Ball out of play",
            "position": "2593000",
            "half": "1",
            "confidence": "0.6886898875236511"
        },
        {
            "gameTime": "1 - 44:10",
            "label": "Ball out of play",
            "position": "2650500",
            "half": "1",
            "confidence": "0.685634434223175"
        },
        {
            "gameTime": "1 - 7:56",
            "label": "Ball out of play",
            "position": "476500",
            "half": "1",
            "confidence": "0.6729241013526917"
        },
        {
            "gameTime": "1 - 41:26",
            "label": "Ball out of play",
            "position": "2486000",
            "half": "1",
            "confidence": "0.6726863980293274"
        },
        {
            "gameTime": "1 - 2:44",
            "label": "Ball out of play",
            "position": "164000",
            "half": "1",
            "confidence": "0.6507241129875183"
        },
        {
            "gameTime": "1 - 40:16",
            "label": "Ball out of play",
            "position": "2416500",
            "half": "1",
            "confidence": "0.6437543034553528"
        },
        {
            "gameTime": "1 - 10:16",
            "label": "Ball out of play",
            "position": "616500",
            "half": "1",
            "confidence": "0.6209922432899475"
        },
        {
            "gameTime": "1 - 40:56",
            "label": "Ball out of play",
            "position": "2456000",
            "half": "1",
            "confidence": "0.6014729142189026"
        },
        {
            "gameTime": "1 - 20:39",
            "label": "Ball out of play",
            "position": "1239000",
            "half": "1",
            "confidence": "0.6003311276435852"
        },
        {
            "gameTime": "1 - 18:35",
            "label": "Ball out of play",
            "position": "1115500",
            "half": "1",
            "confidence": "0.596229076385498"
        },
        {
            "gameTime": "1 - 20:21",
            "label": "Ball out of play",
            "position": "1221500",
            "half": "1",
            "confidence": "0.5949380993843079"
        },
        {
            "gameTime": "1 - 5:45",
            "label": "Ball out of play",
            "position": "345000",
            "half": "1",
            "confidence": "0.5927956700325012"
        },
        {
            "gameTime": "1 - 1:24",
            "label": "Ball out of play",
            "position": "84000",
            "half": "1",
            "confidence": "0.5813173651695251"
        },
        {
            "gameTime": "1 - 32:19",
            "label": "Ball out of play",
            "position": "1939000",
            "half": "1",
            "confidence": "0.5733646154403687"
        },
        {
            "gameTime": "1 - 15:49",
            "label": "Ball out of play",
            "position": "949500",
            "half": "1",
            "confidence": "0.5581802725791931"
        },
        {
            "gameTime": "1 - 8:26",
            "label": "Ball out of play",
            "position": "506000",
            "half": "1",
            "confidence": "0.5570437908172607"
        },
        {
            "gameTime": "1 - 31:16",
            "label": "Ball out of play",
            "position": "1876000",
            "half": "1",
            "confidence": "0.5550539493560791"
        },
        {
            "gameTime": "1 - 29:12",
            "label": "Ball out of play",
            "position": "1752500",
            "half": "1",
            "confidence": "0.5453348159790039"
        },
        {
            "gameTime": "1 - 6:25",
            "label": "Ball out of play",
            "position": "385000",
            "half": "1",
            "confidence": "0.5068897008895874"
        },
        {
            "gameTime": "1 - 25:31",
            "label": "Ball out of play",
            "position": "1531500",
            "half": "1",
            "confidence": "0.505484402179718"
        },
        {
            "gameTime": "1 - 29:1",
            "label": "Ball out of play",
            "position": "1741000",
            "half": "1",
            "confidence": "0.5039364695549011"
        },
        {
            "gameTime": "1 - 5:1",
            "label": "Throw-in",
            "position": "301000",
            "half": "1",
            "confidence": "0.9685673713684082"
        },
        {
            "gameTime": "1 - 3:27",
            "label": "Throw-in",
            "position": "207500",
            "half": "1",
            "confidence": "0.9630879759788513"
        },
        {
            "gameTime": "1 - 18:38",
            "label": "Throw-in",
            "position": "1118000",
            "half": "1",
            "confidence": "0.9404807686805725"
        },
        {
            "gameTime": "1 - 3:17",
            "label": "Throw-in",
            "position": "197000",
            "half": "1",
            "confidence": "0.9046251773834229"
        },
        {
            "gameTime": "1 - 12:28",
            "label": "Throw-in",
            "position": "748500",
            "half": "1",
            "confidence": "0.9012214541435242"
        },
        {
            "gameTime": "1 - 12:39",
            "label": "Throw-in",
            "position": "759000",
            "half": "1",
            "confidence": "0.8948191404342651"
        },
        {
            "gameTime": "1 - 18:27",
            "label": "Throw-in",
            "position": "1107500",
            "half": "1",
            "confidence": "0.8661399483680725"
        },
        {
            "gameTime": "1 - 5:11",
            "label": "Throw-in",
            "position": "311500",
            "half": "1",
            "confidence": "0.8566806316375732"
        },
        {
            "gameTime": "1 - 4:47",
            "label": "Throw-in",
            "position": "287500",
            "half": "1",
            "confidence": "0.8390464186668396"
        },
        {
            "gameTime": "1 - 16:0",
            "label": "Throw-in",
            "position": "960000",
            "half": "1",
            "confidence": "0.7883357405662537"
        },
        {
            "gameTime": "1 - 6:24",
            "label": "Throw-in",
            "position": "384500",
            "half": "1",
            "confidence": "0.7840748429298401"
        },
        {
            "gameTime": "1 - 27:48",
            "label": "Throw-in",
            "position": "1668000",
            "half": "1",
            "confidence": "0.7457505464553833"
        },
        {
            "gameTime": "1 - 29:48",
            "label": "Throw-in",
            "position": "1788000",
            "half": "1",
            "confidence": "0.739130973815918"
        },
        {
            "gameTime": "1 - 43:13",
            "label": "Throw-in",
            "position": "2593000",
            "half": "1",
            "confidence": "0.7331158518791199"
        },
        {
            "gameTime": "1 - 22:58",
            "label": "Throw-in",
            "position": "1378500",
            "half": "1",
            "confidence": "0.7204552888870239"
        },
        {
            "gameTime": "1 - 42:24",
            "label": "Throw-in",
            "position": "2544500",
            "half": "1",
            "confidence": "0.7115994095802307"
        },
        {
            "gameTime": "1 - 6:13",
            "label": "Throw-in",
            "position": "373500",
            "half": "1",
            "confidence": "0.692389726638794"
        },
        {
            "gameTime": "1 - 36:59",
            "label": "Throw-in",
            "position": "2219500",
            "half": "1",
            "confidence": "0.6767029166221619"
        },
        {
            "gameTime": "1 - 8:33",
            "label": "Throw-in",
            "position": "513500",
            "half": "1",
            "confidence": "0.6426979303359985"
        },
        {
            "gameTime": "1 - 12:5",
            "label": "Throw-in",
            "position": "725000",
            "half": "1",
            "confidence": "0.6357129216194153"
        },
        {
            "gameTime": "1 - 11:53",
            "label": "Throw-in",
            "position": "713500",
            "half": "1",
            "confidence": "0.6283631324768066"
        },
        {
            "gameTime": "1 - 15:21",
            "label": "Throw-in",
            "position": "921000",
            "half": "1",
            "confidence": "0.6249077320098877"
        },
        {
            "gameTime": "1 - 1:16",
            "label": "Throw-in",
            "position": "76000",
            "half": "1",
            "confidence": "0.604083776473999"
        },
        {
            "gameTime": "1 - 2:38",
            "label": "Throw-in",
            "position": "158500",
            "half": "1",
            "confidence": "0.5984219312667847"
        },
        {
            "gameTime": "1 - 12:18",
            "label": "Throw-in",
            "position": "738000",
            "half": "1",
            "confidence": "0.586563766002655"
        },
        {
            "gameTime": "1 - 8:43",
            "label": "Throw-in",
            "position": "523500",
            "half": "1",
            "confidence": "0.5670056343078613"
        },
        {
            "gameTime": "1 - 39:55",
            "label": "Throw-in",
            "position": "2395000",
            "half": "1",
            "confidence": "0.5663489103317261"
        },
        {
            "gameTime": "1 - 2:49",
            "label": "Throw-in",
            "position": "169500",
            "half": "1",
            "confidence": "0.5575219392776489"
        },
        {
            "gameTime": "1 - 42:57",
            "label": "Throw-in",
            "position": "2577000",
            "half": "1",
            "confidence": "0.5531032085418701"
        },
        {
            "gameTime": "1 - 5:47",
            "label": "Throw-in",
            "position": "347000",
            "half": "1",
            "confidence": "0.5395312905311584"
        },
        {
            "gameTime": "1 - 18:16",
            "label": "Throw-in",
            "position": "1096500",
            "half": "1",
            "confidence": "0.5312140583992004"
        },
        {
            "gameTime": "1 - 15:49",
            "label": "Throw-in",
            "position": "949000",
            "half": "1",
            "confidence": "0.5290178656578064"
        },
        {
            "gameTime": "1 - 2:14",
            "label": "Throw-in",
            "position": "134500",
            "half": "1",
            "confidence": "0.5027803778648376"
        },
        {
            "gameTime": "1 - 24:46",
            "label": "Foul",
            "position": "1486500",
            "half": "1",
            "confidence": "0.9245608448982239"
        },
        {
            "gameTime": "1 - 44:29",
            "label": "Foul",
            "position": "2669000",
            "half": "1",
            "confidence": "0.8342353701591492"
        },
        {
            "gameTime": "1 - 36:25",
            "label": "Foul",
            "position": "2185500",
            "half": "1",
            "confidence": "0.8082247972488403"
        },
        {
            "gameTime": "1 - 24:56",
            "label": "Foul",
            "position": "1496500",
            "half": "1",
            "confidence": "0.7819584012031555"
        },
        {
            "gameTime": "1 - 26:28",
            "label": "Foul",
            "position": "1588000",
            "half": "1",
            "confidence": "0.6926103830337524"
        },
        {
            "gameTime": "1 - 13:10",
            "label": "Foul",
            "position": "790000",
            "half": "1",
            "confidence": "0.6511526107788086"
        },
        {
            "gameTime": "1 - 21:25",
            "label": "Foul",
            "position": "1285500",
            "half": "1",
            "confidence": "0.5630984902381897"
        },
        {
            "gameTime": "1 - 21:40",
            "label": "Foul",
            "position": "1300500",
            "half": "1",
            "confidence": "0.5177234411239624"
        },
        {
            "gameTime": "1 - 15:27",
            "label": "Foul",
            "position": "927000",
            "half": "1",
            "confidence": "0.5017207860946655"
        },
        {
            "gameTime": "1 - 39:9",
            "label": "Indirect free-kick",
            "position": "2349000",
            "half": "1",
            "confidence": "0.7719194889068604"
        },
        {
            "gameTime": "1 - 15:28",
            "label": "Indirect free-kick",
            "position": "928000",
            "half": "1",
            "confidence": "0.6152552366256714"
        },
        {
            "gameTime": "1 - 26:51",
            "label": "Indirect free-kick",
            "position": "1611000",
            "half": "1",
            "confidence": "0.6107441782951355"
        },
        {
            "gameTime": "1 - 15:41",
            "label": "Indirect free-kick",
            "position": "941500",
            "half": "1",
            "confidence": "0.5703741312026978"
        },
        {
            "gameTime": "1 - 27:27",
            "label": "Indirect free-kick",
            "position": "1647500",
            "half": "1",
            "confidence": "0.5641466379165649"
        },
        {
            "gameTime": "1 - 29:19",
            "label": "Indirect free-kick",
            "position": "1759000",
            "half": "1",
            "confidence": "0.5544294714927673"
        },
        {
            "gameTime": "1 - 43:37",
            "label": "Indirect free-kick",
            "position": "2617000",
            "half": "1",
            "confidence": "0.5509968400001526"
        },
        {
            "gameTime": "1 - 23:37",
            "label": "Indirect free-kick",
            "position": "1417000",
            "half": "1",
            "confidence": "0.5221338868141174"
        },
        {
            "gameTime": "1 - 13:9",
            "label": "Indirect free-kick",
            "position": "789000",
            "half": "1",
            "confidence": "0.5221298933029175"
        },
        {
            "gameTime": "1 - 31:4",
            "label": "Direct free-kick",
            "position": "1864500",
            "half": "1",
            "confidence": "0.8679670095443726"
        },
        {
            "gameTime": "1 - 31:16",
            "label": "Direct free-kick",
            "position": "1876000",
            "half": "1",
            "confidence": "0.7332146167755127"
        },
        {
            "gameTime": "1 - 31:26",
            "label": "Direct free-kick",
            "position": "1886500",
            "half": "1",
            "confidence": "0.639845073223114"
        },
        {
            "gameTime": "1 - 38:41",
            "label": "Corner",
            "position": "2321000",
            "half": "1",
            "confidence": "0.9881824851036072"
        },
        {
            "gameTime": "1 - 38:30",
            "label": "Corner",
            "position": "2310500",
            "half": "1",
            "confidence": "0.969925582408905"
        },
        {
            "gameTime": "1 - 40:20",
            "label": "Corner",
            "position": "2420000",
            "half": "1",
            "confidence": "0.8877128958702087"
        },
        {
            "gameTime": "1 - 41:52",
            "label": "Corner",
            "position": "2512000",
            "half": "1",
            "confidence": "0.874211847782135"
        },
        {
            "gameTime": "1 - 9:15",
            "label": "Corner",
            "position": "555000",
            "half": "1",
            "confidence": "0.8534219861030579"
        },
        {
            "gameTime": "1 - 10:33",
            "label": "Corner",
            "position": "633500",
            "half": "1",
            "confidence": "0.7112941145896912"
        },
        {
            "gameTime": "1 - 40:30",
            "label": "Corner",
            "position": "2430500",
            "half": "1",
            "confidence": "0.638736367225647"
        },
        {
            "gameTime": "1 - 44:9",
            "label": "Corner",
            "position": "2649000",
            "half": "1",
            "confidence": "0.6302087903022766"
        },
        {
            "gameTime": "1 - 36:39",
            "label": "Yellow card",
            "position": "2199500",
            "half": "1",
            "confidence": "0.8304499387741089"
        },
        {
            "gameTime": "1 - 30:5",
            "label": "Yellow card",
            "position": "1805500",
            "half": "1",
            "confidence": "0.7893026471138"
        },
        {
            "gameTime": "1 - 29:55",
            "label": "Yellow card",
            "position": "1795000",
            "half": "1",
            "confidence": "0.7148850560188293"
        },
        {
            "gameTime": "1 - 36:29",
            "label": "Yellow card",
            "position": "2189000",
            "half": "1",
            "confidence": "0.6225767731666565"
        },
        {
            "gameTime": "2 - 0:0",
            "label": "Kick-off",
            "position": "0",
            "half": "2",
            "confidence": "0.9869513511657715"
        },
        {
            "gameTime": "2 - 0:10",
            "label": "Kick-off",
            "position": "10000",
            "half": "2",
            "confidence": "0.8296208381652832"
        },
        {
            "gameTime": "2 - 5:7",
            "label": "Kick-off",
            "position": "307500",
            "half": "2",
            "confidence": "0.5675490498542786"
        },
        {
            "gameTime": "2 - 31:29",
            "label": "Substitution",
            "position": "1889500",
            "half": "2",
            "confidence": "0.7924373149871826"
        },
        {
            "gameTime": "2 - 24:49",
            "label": "Substitution",
            "position": "1489500",
            "half": "2",
            "confidence": "0.6741123199462891"
        },
        {
            "gameTime": "2 - 42:38",
            "label": "Shots on target",
            "position": "2558500",
            "half": "2",
            "confidence": "0.6392641067504883"
        },
        {
            "gameTime": "2 - 2:30",
            "label": "Shots on target",
            "position": "150000",
            "half": "2",
            "confidence": "0.6308960914611816"
        },
        {
            "gameTime": "2 - 19:38",
            "label": "Shots on target",
            "position": "1178500",
            "half": "2",
            "confidence": "0.536983847618103"
        },
        {
            "gameTime": "2 - 42:26",
            "label": "Shots on target",
            "position": "2546000",
            "half": "2",
            "confidence": "0.5140194892883301"
        },
        {
            "gameTime": "2 - 22:45",
            "label": "Shots on target",
            "position": "1365500",
            "half": "2",
            "confidence": "0.500827968120575"
        },
        {
            "gameTime": "2 - 2:14",
            "label": "Shots off target",
            "position": "134000",
            "half": "2",
            "confidence": "0.8857070207595825"
        },
        {
            "gameTime": "2 - 2:24",
            "label": "Shots off target",
            "position": "144000",
            "half": "2",
            "confidence": "0.8337258696556091"
        },
        {
            "gameTime": "2 - 42:41",
            "label": "Shots off target",
            "position": "2561000",
            "half": "2",
            "confidence": "0.6723833084106445"
        },
        {
            "gameTime": "2 - 21:45",
            "label": "Shots off target",
            "position": "1305000",
            "half": "2",
            "confidence": "0.6236539483070374"
        },
        {
            "gameTime": "2 - 42:30",
            "label": "Shots off target",
            "position": "2550000",
            "half": "2",
            "confidence": "0.5384820699691772"
        },
        {
            "gameTime": "2 - 29:47",
            "label": "Shots off target",
            "position": "1787500",
            "half": "2",
            "confidence": "0.5010824799537659"
        },
        {
            "gameTime": "2 - 2:49",
            "label": "Clearance",
            "position": "169000",
            "half": "2",
            "confidence": "0.7744717001914978"
        },
        {
            "gameTime": "2 - 34:14",
            "label": "Clearance",
            "position": "2054000",
            "half": "2",
            "confidence": "0.5333009362220764"
        },
        {
            "gameTime": "2 - 2:59",
            "label": "Clearance",
            "position": "179000",
            "half": "2",
            "confidence": "0.5059596300125122"
        },
        {
            "gameTime": "2 - 29:38",
            "label": "Ball out of play",
            "position": "1778500",
            "half": "2",
            "confidence": "0.9166353940963745"
        },
        {
            "gameTime": "2 - 38:0",
            "label": "Ball out of play",
            "position": "2280500",
            "half": "2",
            "confidence": "0.9045649766921997"
        },
        {
            "gameTime": "2 - 38:30",
            "label": "Ball out of play",
            "position": "2310500",
            "half": "2",
            "confidence": "0.8866252303123474"
        },
        {
            "gameTime": "2 - 15:46",
            "label": "Ball out of play",
            "position": "946000",
            "half": "2",
            "confidence": "0.8658758401870728"
        },
        {
            "gameTime": "2 - 37:49",
            "label": "Ball out of play",
            "position": "2269500",
            "half": "2",
            "confidence": "0.8471423983573914"
        },
        {
            "gameTime": "2 - 21:47",
            "label": "Ball out of play",
            "position": "1307500",
            "half": "2",
            "confidence": "0.8255937695503235"
        },
        {
            "gameTime": "2 - 2:23",
            "label": "Ball out of play",
            "position": "143500",
            "half": "2",
            "confidence": "0.8251410126686096"
        },
        {
            "gameTime": "2 - 2:13",
            "label": "Ball out of play",
            "position": "133000",
            "half": "2",
            "confidence": "0.8033300042152405"
        },
        {
            "gameTime": "2 - 7:15",
            "label": "Ball out of play",
            "position": "435000",
            "half": "2",
            "confidence": "0.7885076999664307"
        },
        {
            "gameTime": "2 - 12:24",
            "label": "Ball out of play",
            "position": "744000",
            "half": "2",
            "confidence": "0.7830185890197754"
        },
        {
            "gameTime": "2 - 41:11",
            "label": "Ball out of play",
            "position": "2471000",
            "half": "2",
            "confidence": "0.7796038389205933"
        },
        {
            "gameTime": "2 - 33:43",
            "label": "Ball out of play",
            "position": "2023000",
            "half": "2",
            "confidence": "0.7720601558685303"
        },
        {
            "gameTime": "2 - 37:35",
            "label": "Ball out of play",
            "position": "2255500",
            "half": "2",
            "confidence": "0.7630464434623718"
        },
        {
            "gameTime": "2 - 14:6",
            "label": "Ball out of play",
            "position": "846500",
            "half": "2",
            "confidence": "0.7627305388450623"
        },
        {
            "gameTime": "2 - 17:6",
            "label": "Ball out of play",
            "position": "1026500",
            "half": "2",
            "confidence": "0.760080873966217"
        },
        {
            "gameTime": "2 - 35:52",
            "label": "Ball out of play",
            "position": "2152000",
            "half": "2",
            "confidence": "0.7428666949272156"
        },
        {
            "gameTime": "2 - 10:44",
            "label": "Ball out of play",
            "position": "644000",
            "half": "2",
            "confidence": "0.7289833426475525"
        },
        {
            "gameTime": "2 - 18:38",
            "label": "Ball out of play",
            "position": "1118500",
            "half": "2",
            "confidence": "0.7212204933166504"
        },
        {
            "gameTime": "2 - 14:16",
            "label": "Ball out of play",
            "position": "856500",
            "half": "2",
            "confidence": "0.7183221578598022"
        },
        {
            "gameTime": "2 - 38:20",
            "label": "Ball out of play",
            "position": "2300000",
            "half": "2",
            "confidence": "0.7168453931808472"
        },
        {
            "gameTime": "2 - 27:13",
            "label": "Ball out of play",
            "position": "1633500",
            "half": "2",
            "confidence": "0.7094404101371765"
        },
        {
            "gameTime": "2 - 3:24",
            "label": "Ball out of play",
            "position": "204500",
            "half": "2",
            "confidence": "0.7045972347259521"
        },
        {
            "gameTime": "2 - 28:57",
            "label": "Ball out of play",
            "position": "1737000",
            "half": "2",
            "confidence": "0.6928232312202454"
        },
        {
            "gameTime": "2 - 37:19",
            "label": "Ball out of play",
            "position": "2239000",
            "half": "2",
            "confidence": "0.671584963798523"
        },
        {
            "gameTime": "2 - 12:38",
            "label": "Ball out of play",
            "position": "758500",
            "half": "2",
            "confidence": "0.669998824596405"
        },
        {
            "gameTime": "2 - 25:40",
            "label": "Ball out of play",
            "position": "1540000",
            "half": "2",
            "confidence": "0.6696292161941528"
        },
        {
            "gameTime": "2 - 40:10",
            "label": "Ball out of play",
            "position": "2410000",
            "half": "2",
            "confidence": "0.657879650592804"
        },
        {
            "gameTime": "2 - 29:7",
            "label": "Ball out of play",
            "position": "1747000",
            "half": "2",
            "confidence": "0.6541717648506165"
        },
        {
            "gameTime": "2 - 42:41",
            "label": "Ball out of play",
            "position": "2561000",
            "half": "2",
            "confidence": "0.6494887471199036"
        },
        {
            "gameTime": "2 - 36:48",
            "label": "Ball out of play",
            "position": "2208500",
            "half": "2",
            "confidence": "0.6290600299835205"
        },
        {
            "gameTime": "2 - 15:10",
            "label": "Ball out of play",
            "position": "910500",
            "half": "2",
            "confidence": "0.625099778175354"
        },
        {
            "gameTime": "2 - 22:32",
            "label": "Ball out of play",
            "position": "1352500",
            "half": "2",
            "confidence": "0.6247361898422241"
        },
        {
            "gameTime": "2 - 36:59",
            "label": "Ball out of play",
            "position": "2219500",
            "half": "2",
            "confidence": "0.618114173412323"
        },
        {
            "gameTime": "2 - 9:29",
            "label": "Ball out of play",
            "position": "569000",
            "half": "2",
            "confidence": "0.6114222407341003"
        },
        {
            "gameTime": "2 - 7:27",
            "label": "Ball out of play",
            "position": "447000",
            "half": "2",
            "confidence": "0.599158525466919"
        },
        {
            "gameTime": "2 - 40:21",
            "label": "Ball out of play",
            "position": "2421500",
            "half": "2",
            "confidence": "0.5754169225692749"
        },
        {
            "gameTime": "2 - 15:35",
            "label": "Ball out of play",
            "position": "935500",
            "half": "2",
            "confidence": "0.5751169919967651"
        },
        {
            "gameTime": "2 - 40:33",
            "label": "Ball out of play",
            "position": "2433500",
            "half": "2",
            "confidence": "0.5634159445762634"
        },
        {
            "gameTime": "2 - 29:48",
            "label": "Ball out of play",
            "position": "1788500",
            "half": "2",
            "confidence": "0.5589237213134766"
        },
        {
            "gameTime": "2 - 12:58",
            "label": "Ball out of play",
            "position": "778000",
            "half": "2",
            "confidence": "0.551220178604126"
        },
        {
            "gameTime": "2 - 32:57",
            "label": "Ball out of play",
            "position": "1977500",
            "half": "2",
            "confidence": "0.5464109778404236"
        },
        {
            "gameTime": "2 - 6:5",
            "label": "Ball out of play",
            "position": "365500",
            "half": "2",
            "confidence": "0.5313494205474854"
        },
        {
            "gameTime": "2 - 36:2",
            "label": "Ball out of play",
            "position": "2162500",
            "half": "2",
            "confidence": "0.5123169422149658"
        },
        {
            "gameTime": "2 - 31:47",
            "label": "Ball out of play",
            "position": "1907500",
            "half": "2",
            "confidence": "0.5094025135040283"
        },
        {
            "gameTime": "2 - 4:25",
            "label": "Ball out of play",
            "position": "265500",
            "half": "2",
            "confidence": "0.506904661655426"
        },
        {
            "gameTime": "2 - 7:0",
            "label": "Ball out of play",
            "position": "420000",
            "half": "2",
            "confidence": "0.5036354064941406"
        },
        {
            "gameTime": "2 - 12:26",
            "label": "Throw-in",
            "position": "746000",
            "half": "2",
            "confidence": "0.9543679356575012"
        },
        {
            "gameTime": "2 - 35:56",
            "label": "Throw-in",
            "position": "2156500",
            "half": "2",
            "confidence": "0.947868287563324"
        },
        {
            "gameTime": "2 - 15:46",
            "label": "Throw-in",
            "position": "946000",
            "half": "2",
            "confidence": "0.9445838332176208"
        },
        {
            "gameTime": "2 - 38:2",
            "label": "Throw-in",
            "position": "2282500",
            "half": "2",
            "confidence": "0.9358239769935608"
        },
        {
            "gameTime": "2 - 7:9",
            "label": "Throw-in",
            "position": "429000",
            "half": "2",
            "confidence": "0.9083768129348755"
        },
        {
            "gameTime": "2 - 12:36",
            "label": "Throw-in",
            "position": "756000",
            "half": "2",
            "confidence": "0.8874111771583557"
        },
        {
            "gameTime": "2 - 5:41",
            "label": "Throw-in",
            "position": "341000",
            "half": "2",
            "confidence": "0.8196711540222168"
        },
        {
            "gameTime": "2 - 37:49",
            "label": "Throw-in",
            "position": "2269500",
            "half": "2",
            "confidence": "0.8165721297264099"
        },
        {
            "gameTime": "2 - 29:0",
            "label": "Throw-in",
            "position": "1740000",
            "half": "2",
            "confidence": "0.7860260009765625"
        },
        {
            "gameTime": "2 - 4:2",
            "label": "Throw-in",
            "position": "242500",
            "half": "2",
            "confidence": "0.7712230086326599"
        },
        {
            "gameTime": "2 - 28:1",
            "label": "Throw-in",
            "position": "1681000",
            "half": "2",
            "confidence": "0.7698509097099304"
        },
        {
            "gameTime": "2 - 35:46",
            "label": "Throw-in",
            "position": "2146000",
            "half": "2",
            "confidence": "0.7623710036277771"
        },
        {
            "gameTime": "2 - 4:12",
            "label": "Throw-in",
            "position": "252500",
            "half": "2",
            "confidence": "0.7573132514953613"
        },
        {
            "gameTime": "2 - 6:58",
            "label": "Throw-in",
            "position": "418500",
            "half": "2",
            "confidence": "0.7555238008499146"
        },
        {
            "gameTime": "2 - 12:56",
            "label": "Throw-in",
            "position": "776500",
            "half": "2",
            "confidence": "0.7519922852516174"
        },
        {
            "gameTime": "2 - 31:47",
            "label": "Throw-in",
            "position": "1907500",
            "half": "2",
            "confidence": "0.7407791614532471"
        },
        {
            "gameTime": "2 - 29:16",
            "label": "Throw-in",
            "position": "1756000",
            "half": "2",
            "confidence": "0.7302507162094116"
        },
        {
            "gameTime": "2 - 31:37",
            "label": "Throw-in",
            "position": "1897000",
            "half": "2",
            "confidence": "0.7103357911109924"
        },
        {
            "gameTime": "2 - 37:13",
            "label": "Throw-in",
            "position": "2233500",
            "half": "2",
            "confidence": "0.707958996295929"
        },
        {
            "gameTime": "2 - 15:35",
            "label": "Throw-in",
            "position": "935500",
            "half": "2",
            "confidence": "0.6957347989082336"
        },
        {
            "gameTime": "2 - 3:33",
            "label": "Throw-in",
            "position": "213500",
            "half": "2",
            "confidence": "0.6693199276924133"
        },
        {
            "gameTime": "2 - 36:37",
            "label": "Throw-in",
            "position": "2197500",
            "half": "2",
            "confidence": "0.6340987682342529"
        },
        {
            "gameTime": "2 - 13:16",
            "label": "Throw-in",
            "position": "796000",
            "half": "2",
            "confidence": "0.6299948692321777"
        },
        {
            "gameTime": "2 - 36:7",
            "label": "Throw-in",
            "position": "2167000",
            "half": "2",
            "confidence": "0.6299201846122742"
        },
        {
            "gameTime": "2 - 27:49",
            "label": "Throw-in",
            "position": "1669500",
            "half": "2",
            "confidence": "0.6156381368637085"
        },
        {
            "gameTime": "2 - 23:57",
            "label": "Throw-in",
            "position": "1437000",
            "half": "2",
            "confidence": "0.6058551073074341"
        },
        {
            "gameTime": "2 - 41:56",
            "label": "Throw-in",
            "position": "2516000",
            "half": "2",
            "confidence": "0.6021429896354675"
        },
        {
            "gameTime": "2 - 37:31",
            "label": "Throw-in",
            "position": "2251000",
            "half": "2",
            "confidence": "0.5992952585220337"
        },
        {
            "gameTime": "2 - 12:46",
            "label": "Throw-in",
            "position": "766000",
            "half": "2",
            "confidence": "0.5931863188743591"
        },
        {
            "gameTime": "2 - 1:49",
            "label": "Throw-in",
            "position": "109500",
            "half": "2",
            "confidence": "0.5778734087944031"
        },
        {
            "gameTime": "2 - 4:25",
            "label": "Throw-in",
            "position": "265500",
            "half": "2",
            "confidence": "0.5662526488304138"
        },
        {
            "gameTime": "2 - 15:12",
            "label": "Throw-in",
            "position": "912000",
            "half": "2",
            "confidence": "0.5643988251686096"
        },
        {
            "gameTime": "2 - 3:21",
            "label": "Throw-in",
            "position": "201500",
            "half": "2",
            "confidence": "0.5366754531860352"
        },
        {
            "gameTime": "2 - 24:7",
            "label": "Throw-in",
            "position": "1447000",
            "half": "2",
            "confidence": "0.5276318788528442"
        },
        {
            "gameTime": "2 - 16:34",
            "label": "Foul",
            "position": "994500",
            "half": "2",
            "confidence": "0.9441524147987366"
        },
        {
            "gameTime": "2 - 25:52",
            "label": "Foul",
            "position": "1552000",
            "half": "2",
            "confidence": "0.9167774319648743"
        },
        {
            "gameTime": "2 - 20:13",
            "label": "Foul",
            "position": "1213000",
            "half": "2",
            "confidence": "0.877084493637085"
        },
        {
            "gameTime": "2 - 19:55",
            "label": "Foul",
            "position": "1195500",
            "half": "2",
            "confidence": "0.8491053581237793"
        },
        {
            "gameTime": "2 - 26:34",
            "label": "Foul",
            "position": "1594000",
            "half": "2",
            "confidence": "0.8457596898078918"
        },
        {
            "gameTime": "2 - 41:30",
            "label": "Foul",
            "position": "2490500",
            "half": "2",
            "confidence": "0.7365493178367615"
        },
        {
            "gameTime": "2 - 40:38",
            "label": "Foul",
            "position": "2438000",
            "half": "2",
            "confidence": "0.7156558036804199"
        },
        {
            "gameTime": "2 - 6:11",
            "label": "Foul",
            "position": "371000",
            "half": "2",
            "confidence": "0.7140100598335266"
        },
        {
            "gameTime": "2 - 24:1",
            "label": "Foul",
            "position": "1441500",
            "half": "2",
            "confidence": "0.712954044342041"
        },
        {
            "gameTime": "2 - 46:18",
            "label": "Foul",
            "position": "2778500",
            "half": "2",
            "confidence": "0.6571953296661377"
        },
        {
            "gameTime": "2 - 39:30",
            "label": "Foul",
            "position": "2370000",
            "half": "2",
            "confidence": "0.6031131148338318"
        },
        {
            "gameTime": "2 - 1:24",
            "label": "Foul",
            "position": "84500",
            "half": "2",
            "confidence": "0.5543973445892334"
        },
        {
            "gameTime": "2 - 32:54",
            "label": "Foul",
            "position": "1974500",
            "half": "2",
            "confidence": "0.5522630214691162"
        },
        {
            "gameTime": "2 - 36:38",
            "label": "Foul",
            "position": "2198000",
            "half": "2",
            "confidence": "0.5424538254737854"
        },
        {
            "gameTime": "2 - 30:46",
            "label": "Indirect free-kick",
            "position": "1846500",
            "half": "2",
            "confidence": "0.6584345102310181"
        },
        {
            "gameTime": "2 - 1:33",
            "label": "Indirect free-kick",
            "position": "93000",
            "half": "2",
            "confidence": "0.6240919232368469"
        },
        {
            "gameTime": "2 - 10:18",
            "label": "Indirect free-kick",
            "position": "618500",
            "half": "2",
            "confidence": "0.5744590163230896"
        },
        {
            "gameTime": "2 - 6:31",
            "label": "Indirect free-kick",
            "position": "391500",
            "half": "2",
            "confidence": "0.5612080097198486"
        },
        {
            "gameTime": "2 - 8:34",
            "label": "Indirect free-kick",
            "position": "514500",
            "half": "2",
            "confidence": "0.5602059364318848"
        },
        {
            "gameTime": "2 - 8:24",
            "label": "Indirect free-kick",
            "position": "504000",
            "half": "2",
            "confidence": "0.540839433670044"
        },
        {
            "gameTime": "2 - 1:43",
            "label": "Indirect free-kick",
            "position": "103000",
            "half": "2",
            "confidence": "0.5404829382896423"
        },
        {
            "gameTime": "2 - 36:36",
            "label": "Indirect free-kick",
            "position": "2196500",
            "half": "2",
            "confidence": "0.521520733833313"
        },
        {
            "gameTime": "2 - 18:49",
            "label": "Indirect free-kick",
            "position": "1129500",
            "half": "2",
            "confidence": "0.5195840001106262"
        },
        {
            "gameTime": "2 - 24:59",
            "label": "Indirect free-kick",
            "position": "1499000",
            "half": "2",
            "confidence": "0.5094248652458191"
        },
        {
            "gameTime": "2 - 25:0",
            "label": "Direct free-kick",
            "position": "1500500",
            "half": "2",
            "confidence": "0.7392480969429016"
        },
        {
            "gameTime": "2 - 16:37",
            "label": "Yellow card",
            "position": "997500",
            "half": "2",
            "confidence": "0.9691596627235413"
        },
        {
            "gameTime": "2 - 26:39",
            "label": "Yellow card",
            "position": "1599500",
            "half": "2",
            "confidence": "0.9177858829498291"
        },
        {
            "gameTime": "2 - 26:26",
            "label": "Yellow card",
            "position": "1586000",
            "half": "2",
            "confidence": "0.7056852579116821"
        },
        {
            "gameTime": "2 - 45:14",
            "label": "Yellow card",
            "position": "2714000",
            "half": "2",
            "confidence": "0.6709049940109253"
        },
        {
            "gameTime": "2 - 16:47",
            "label": "Yellow card",
            "position": "1007500",
            "half": "2",
            "confidence": "0.6300333738327026"
        },
        {
            "gameTime": "2 - 45:24",
            "label": "Yellow card",
            "position": "2724000",
            "half": "2",
            "confidence": "0.5448288917541504"
        }
    ]
}