{
    "UrlLocal": "italy_serie-a/2016-2017/2016-12-01 - 18-00 Napoli 3 - 0 Internazionale",
    "UrlYoutube": "",
    "annotations": [
        {
            "change_type": "",
            "gameTime": "1 - 02:13",
            "label": "",
            "position": "133437",
            "replay": "real-time"
        },
        {
            "change_type": "",
            "gameTime": "1 - 02:22",
            "label": "",
            "link": "",
            "position": "142627",
            "replay": "replay"
        },
        {
            "change_type": "",
            "gameTime": "1 - 02:27",
            "label": "",
            "link": "",
            "position": "147580",
            "replay": "replay"
        },
        {
            "change_type": "",
            "gameTime": "1 - 02:30",
            "label": "",
            "link": "",
            "position": "150905",
            "replay": "replay"
        },
        {
            "change_type": "",
            "gameTime": "1 - 04:41",
            "label": "",
            "position": "281995",
            "replay": "real-time"
        },
        {
            "change_type": "",
            "gameTime": "1 - 04:46",
            "label": "",
            "link": "",
            "position": "286137",
            "replay": "replay"
        },
        {
            "change_type": "",
            "gameTime": "1 - 05:27",
            "label": "",
            "position": "327163",
            "replay": "real-time"
        },
        {
            "change_type": "",
            "gameTime": "1 - 05:34",
            "label": "",
            "link": "",
            "position": "334476",
            "replay": "replay"
        },
        {
            "change_type": "",
            "gameTime": "1 - 05:38",
            "label": "",
            "link": "",
            "position": "338291",
            "replay": "replay"
        },
        {
            "change_type": "",
            "gameTime": "1 - 05:44",
            "label": "",
            "link": "",
            "position": "344825",
            "replay": "replay"
        },
        {
            "change_type": "",
            "gameTime": "1 - 13:06",
            "label": "",
            "position": "786194",
            "replay": "real-time"
        },
        {
            "change_type": "",
            "gameTime": "1 - 13:13",
            "label": "",
            "link": "",
            "position": "793041",
            "replay": "replay"
        },
        {
            "change_type": "",
            "gameTime": "1 - 18:30",
            "label": "",
            "position": "1110683",
            "replay": "real-time"
        },
        {
            "change_type": "",
            "gameTime": "1 - 18:36",
            "label": "",
            "link": "",
            "position": "1116917",
            "replay": "replay"
        },
        {
            "change_type": "",
            "gameTime": "1 - 18:51",
            "label": "",
            "position": "1131935",
            "replay": "real-time"
        },
        {
            "change_type": "",
            "gameTime": "1 - 18:56",
            "label": "",
            "link": "",
            "position": "1136087",
            "replay": "replay"
        },
        {
            "change_type": "",
            "gameTime": "1 - 19:09",
            "label": "",
            "position": "1149655",
            "replay": "real-time"
        },
        {
            "change_type": "",
            "gameTime": "1 - 19:16",
            "label": "",
            "link": "",
            "position": "1156315",
            "replay": "replay"
        },
        {
            "change_type": "",
            "gameTime": "1 - 20:03",
            "label": "",
            "position": "1203428",
            "replay": "real-time"
        },
        {
            "change_type": "",
            "gameTime": "1 - 20:08",
            "label": "",
            "link": "",
            "position": "1208892",
            "replay": "replay"
        },
        {
            "change_type": "",
            "gameTime": "1 - 20:14",
            "label": "",
            "link": "",
            "position": "1214713",
            "replay": "replay"
        },
        {
            "change_type": "",
            "gameTime": "1 - 20:31",
            "label": "",
            "position": "1231055",
            "replay": "real-time"
        },
        {
            "change_type": "",
            "gameTime": "1 - 20:40",
            "label": "",
            "link": "",
            "position": "1240335",
            "replay": "replay"
        },
        {
            "change_type": "",
            "gameTime": "1 - 21:17",
            "label": "",
            "position": "1277865",
            "replay": "real-time"
        },
        {
            "change_type": "",
            "gameTime": "1 - 21:25",
            "label": "",
            "link": "",
            "position": "1285872",
            "replay": "replay"
        },
        {
            "change_type": "",
            "gameTime": "1 - 30:04",
            "label": "",
            "position": "1804930",
            "replay": "real-time"
        },
        {
            "change_type": "",
            "gameTime": "1 - 30:20",
            "label": "",
            "link": "",
            "position": "1820718",
            "replay": "replay"
        },
        {
            "change_type": "",
            "gameTime": "1 - 31:41",
            "label": "",
            "position": "1901666",
            "replay": "real-time"
        },
        {
            "change_type": "",
            "gameTime": "1 - 31:45",
            "label": "",
            "link": "",
            "position": "1905336",
            "replay": "replay"
        },
        {
            "change_type": "",
            "gameTime": "1 - 33:34",
            "label": "",
            "position": "2014490",
            "replay": "real-time"
        },
        {
            "change_type": "",
            "gameTime": "1 - 33:40",
            "label": "",
            "link": "",
            "position": "2020355",
            "replay": "replay"
        },
        {
            "change_type": "",
            "gameTime": "1 - 33:43",
            "label": "",
            "link": "",
            "position": "2023431",
            "replay": "replay"
        },
        {
            "change_type": "",
            "gameTime": "1 - 34:32",
            "label": "",
            "position": "2072216",
            "replay": "real-time"
        },
        {
            "change_type": "",
            "gameTime": "1 - 34:40",
            "label": "",
            "link": "",
            "position": "2080629",
            "replay": "replay"
        },
        {
            "change_type": "",
            "gameTime": "1 - 38:36",
            "label": "",
            "position": "2316474",
            "replay": "real-time"
        },
        {
            "change_type": "",
            "gameTime": "1 - 38:41",
            "label": "",
            "link": "",
            "position": "2321335",
            "replay": "replay"
        },
        {
            "change_type": "",
            "gameTime": "1 - 38:49",
            "label": "",
            "link": "",
            "position": "2329041",
            "replay": "replay"
        },
        {
            "change_type": "",
            "gameTime": "1 - 40:21",
            "label": "",
            "position": "2421690",
            "replay": "real-time"
        },
        {
            "change_type": "",
            "gameTime": "1 - 40:29",
            "label": "",
            "link": "",
            "position": "2429886",
            "replay": "replay"
        },
        {
            "change_type": "",
            "gameTime": "1 - 40:40",
            "label": "",
            "link": "",
            "position": "2440397",
            "replay": "replay"
        },
        {
            "change_type": "",
            "gameTime": "1 - 44:18",
            "label": "",
            "position": "2658491",
            "replay": "real-time"
        },
        {
            "change_type": "",
            "gameTime": "1 - 44:23",
            "label": "",
            "link": "",
            "position": "2663555",
            "replay": "replay"
        },
        {
            "change_type": "",
            "gameTime": "1 - 44:29",
            "label": "",
            "link": "",
            "position": "2669027",
            "replay": "replay"
        },
        {
            "change_type": "",
            "gameTime": "1 - 44:37",
            "label": "",
            "link": "",
            "position": "2677544",
            "replay": "replay"
        },
        {
            "change_type": "",
            "gameTime": "1 - 44:44",
            "label": "",
            "link": "",
            "position": "2684316",
            "replay": "replay"
        },
        {
            "change_type": "",
            "gameTime": "2 - 00:56",
            "label": "",
            "position": "56273",
            "replay": "real-time"
        },
        {
            "change_type": "",
            "gameTime": "2 - 01:00",
            "label": "",
            "link": "",
            "position": "60722",
            "replay": "replay"
        },
        {
            "change_type": "",
            "gameTime": "2 - 02:32",
            "label": "",
            "position": "152023",
            "replay": "real-time"
        },
        {
            "change_type": "",
            "gameTime": "2 - 02:38",
            "label": "",
            "link": "",
            "position": "158259",
            "replay": "replay"
        },
        {
            "change_type": "",
            "gameTime": "2 - 02:42",
            "label": "",
            "link": "",
            "position": "162959",
            "replay": "replay"
        },
        {
            "change_type": "",
            "gameTime": "2 - 04:20",
            "label": "",
            "position": "260461",
            "replay": "real-time"
        },
        {
            "change_type": "",
            "gameTime": "2 - 04:27",
            "label": "",
            "link": "",
            "position": "267465",
            "replay": "replay"
        },
        {
            "change_type": "",
            "gameTime": "2 - 04:34",
            "label": "",
            "link": "",
            "position": "274722",
            "replay": "replay"
        },
        {
            "change_type": "",
            "gameTime": "2 - 06:16",
            "label": "",
            "position": "376129",
            "replay": "real-time"
        },
        {
            "change_type": "",
            "gameTime": "2 - 06:23",
            "label": "",
            "link": "",
            "position": "383324",
            "replay": "replay"
        },
        {
            "change_type": "",
            "gameTime": "2 - 06:32",
            "label": "",
            "link": "",
            "position": "392013",
            "replay": "replay"
        },
        {
            "change_type": "",
            "gameTime": "2 - 06:36",
            "label": "",
            "link": "",
            "position": "396074",
            "replay": "replay"
        },
        {
            "change_type": "",
            "gameTime": "2 - 08:25",
            "label": "",
            "position": "505997",
            "replay": "real-time"
        },
        {
            "change_type": "",
            "gameTime": "2 - 08:30",
            "label": "",
            "link": "",
            "position": "510555",
            "replay": "replay"
        },
        {
            "change_type": "",
            "gameTime": "2 - 08:38",
            "label": "",
            "link": "",
            "position": "518959",
            "replay": "replay"
        },
        {
            "change_type": "",
            "gameTime": "2 - 13:22",
            "label": "",
            "position": "802317",
            "replay": "real-time"
        },
        {
            "change_type": "",
            "gameTime": "2 - 13:31",
            "label": "",
            "link": "",
            "position": "811557",
            "replay": "replay"
        },
        {
            "change_type": "",
            "gameTime": "2 - 14:40",
            "label": "",
            "position": "880783",
            "replay": "real-time"
        },
        {
            "change_type": "",
            "gameTime": "2 - 14:52",
            "label": "",
            "link": "",
            "position": "892478",
            "replay": "replay"
        },
        {
            "change_type": "",
            "gameTime": "2 - 21:41",
            "label": "",
            "position": "1301628",
            "replay": "real-time"
        },
        {
            "change_type": "",
            "gameTime": "2 - 21:47",
            "label": "",
            "link": "",
            "position": "1307433",
            "replay": "replay"
        },
        {
            "change_type": "",
            "gameTime": "2 - 24:18",
            "label": "",
            "position": "1458917",
            "replay": "real-time"
        },
        {
            "change_type": "",
            "gameTime": "2 - 24:24",
            "label": "",
            "link": "",
            "position": "1464450",
            "replay": "replay"
        },
        {
            "change_type": "",
            "gameTime": "2 - 24:31",
            "label": "",
            "link": "",
            "position": "1471079",
            "replay": "replay"
        },
        {
            "change_type": "",
            "gameTime": "2 - 31:28",
            "label": "",
            "position": "1888489",
            "replay": "real-time"
        },
        {
            "change_type": "",
            "gameTime": "2 - 31:32",
            "label": "",
            "link": "",
            "position": "1892800",
            "replay": "replay"
        },
        {
            "change_type": "",
            "gameTime": "2 - 33:51",
            "label": "",
            "position": "2031458",
            "replay": "real-time"
        },
        {
            "change_type": "",
            "gameTime": "2 - 33:56",
            "label": "",
            "link": "",
            "position": "2036222",
            "replay": "replay"
        },
        {
            "change_type": "",
            "gameTime": "2 - 33:59",
            "label": "",
            "link": "",
            "position": "2039149",
            "replay": "replay"
        },
        {
            "change_type": "",
            "gameTime": "2 - 36:54",
            "label": "",
            "position": "2214591",
            "replay": "real-time"
        },
        {
            "change_type": "",
            "gameTime": "2 - 37:01",
            "label": "",
            "link": "",
            "position": "2221633",
            "replay": "replay"
        },
        {
            "change_type": "",
            "gameTime": "2 - 38:44",
            "label": "",
            "position": "2324657",
            "replay": "real-time"
        },
        {
            "change_type": "",
            "gameTime": "2 - 38:50",
            "label": "",
            "link": "",
            "position": "2330229",
            "replay": "replay"
        },
        {
            "change_type": "",
            "gameTime": "2 - 38:54",
            "label": "",
            "link": "",
            "position": "2334610",
            "replay": "replay"
        },
        {
            "change_type": "",
            "gameTime": "2 - 41:01",
            "label": "",
            "position": "2461879",
            "replay": "real-time"
        },
        {
            "change_type": "",
            "gameTime": "2 - 41:07",
            "label": "",
            "link": "",
            "position": "2467352",
            "replay": "replay"
        },
        {
            "change_type": "",
            "gameTime": "2 - 44:07",
            "label": "",
            "position": "2647826",
            "replay": "real-time"
        },
        {
            "change_type": "",
            "gameTime": "2 - 44:12",
            "label": "",
            "link": "",
            "position": "2652808",
            "replay": "replay"
        },
        {
            "change_type": "",
            "gameTime": "2 - 44:17",
            "label": "",
            "link": "",
            "position": "2657370",
            "replay": "replay"
        },
        {
            "change_type": "",
            "gameTime": "2 - 44:21",
            "label": "",
            "link": "",
            "position": "2661343",
            "replay": "replay"
        },
        {
            "change_type": "",
            "gameTime": "2 - 44:28",
            "label": "",
            "link": "",
            "position": "2668790",
            "replay": "replay"
        }
    ],
    "gameAwayTeam": "Internazionale",
    "gameDate": "2016-12-01 - 18-00",
    "gameHomeTeam": "Napoli",
    "gameScore": "3 - 0"
}