{
    "UrlLocal": "germany_bundesliga/2016-2017/2016-09-21 - 18-00 Leipzig 1 - 1 Borussia",
    "predictions": [
        {
            "gameTime": "1 - 4:56",
            "label": "card",
            "position": "296500",
            "half": "1",
            "confidence": "0.5398404002189636"
        },
        {
            "gameTime": "1 - 23:22",
            "label": "subs",
            "position": "1402000",
            "half": "1",
            "confidence": "0.9290514588356018"
        },
        {
            "gameTime": "1 - 46:14",
            "label": "subs",
            "position": "2774500",
            "half": "1",
            "confidence": "0.773374080657959"
        },
        {
            "gameTime": "1 - 23:32",
            "label": "subs",
            "position": "1412000",
            "half": "1",
            "confidence": "0.7448117136955261"
        },
        {
            "gameTime": "1 - 5:43",
            "label": "soccer",
            "position": "343500",
            "half": "1",
            "confidence": "0.9723016023635864"
        },
        {
            "gameTime": "2 - 17:57",
            "label": "subs",
            "position": "1077000",
            "half": "2",
            "confidence": "0.8882567286491394"
        },
        {
            "gameTime": "2 - 38:4",
            "label": "subs",
            "position": "2284000",
            "half": "2",
            "confidence": "0.8422097563743591"
        },
        {
            "gameTime": "2 - 35:50",
            "label": "subs",
            "position": "2150000",
            "half": "2",
            "confidence": "0.7225301265716553"
        },
        {
            "gameTime": "2 - 44:31",
            "label": "subs",
            "position": "2671000",
            "half": "2",
            "confidence": "0.6306304931640625"
        },
        {
            "gameTime": "2 - 8:53",
            "label": "subs",
            "position": "533000",
            "half": "2",
            "confidence": "0.5483771562576294"
        },
        {
            "gameTime": "2 - 18:7",
            "label": "subs",
            "position": "1087000",
            "half": "2",
            "confidence": "0.5102057456970215"
        },
        {
            "gameTime": "2 - 38:46",
            "label": "soccer",
            "position": "2326000",
            "half": "2",
            "confidence": "0.9800077080726624"
        }
    ]
}