{
    "UrlLocal": "spain_laliga/2015-2016/2015-09-19 - 17-00 Real Madrid 1 - 0 Granada CF",
    "predictions": [
        {
            "gameTime": "1 - 42:41",
            "label": "card",
            "position": "2561000",
            "half": "1",
            "confidence": "0.8298486471176147"
        },
        {
            "gameTime": "1 - 34:22",
            "label": "card",
            "position": "2062500",
            "half": "1",
            "confidence": "0.6480075716972351"
        },
        {
            "gameTime": "1 - 34:32",
            "label": "card",
            "position": "2072500",
            "half": "1",
            "confidence": "0.5647612810134888"
        },
        {
            "gameTime": "2 - 24:56",
            "label": "card",
            "position": "1496500",
            "half": "2",
            "confidence": "0.6133195161819458"
        },
        {
            "gameTime": "2 - 39:57",
            "label": "subs",
            "position": "2397000",
            "half": "2",
            "confidence": "0.8386552333831787"
        },
        {
            "gameTime": "2 - 21:37",
            "label": "subs",
            "position": "1297500",
            "half": "2",
            "confidence": "0.674895703792572"
        },
        {
            "gameTime": "2 - 31:31",
            "label": "subs",
            "position": "1891500",
            "half": "2",
            "confidence": "0.6428903341293335"
        },
        {
            "gameTime": "2 - 31:55",
            "label": "subs",
            "position": "1915000",
            "half": "2",
            "confidence": "0.6084963083267212"
        },
        {
            "gameTime": "2 - 22:1",
            "label": "subs",
            "position": "1321500",
            "half": "2",
            "confidence": "0.5964483618736267"
        },
        {
            "gameTime": "2 - 15:6",
            "label": "subs",
            "position": "906000",
            "half": "2",
            "confidence": "0.5952370762825012"
        },
        {
            "gameTime": "2 - 9:30",
            "label": "subs",
            "position": "570500",
            "half": "2",
            "confidence": "0.5727375745773315"
        },
        {
            "gameTime": "2 - 21:51",
            "label": "subs",
            "position": "1311000",
            "half": "2",
            "confidence": "0.5584462881088257"
        },
        {
            "gameTime": "2 - 39:46",
            "label": "subs",
            "position": "2386500",
            "half": "2",
            "confidence": "0.5576822757720947"
        },
        {
            "gameTime": "2 - 9:11",
            "label": "soccer",
            "position": "551500",
            "half": "2",
            "confidence": "0.708945631980896"
        }
    ]
}