{
    "UrlLocal": "germany_bundesliga/2016-2017/2016-12-20 - 18-00 Bayern 3 - 0 Leipzig",
    "predictions": [
        {
            "gameTime": "1 - 46:23",
            "label": "subs",
            "position": "2783500",
            "half": "1",
            "confidence": "0.8781692981719971"
        },
        {
            "gameTime": "1 - 46:13",
            "label": "subs",
            "position": "2773000",
            "half": "1",
            "confidence": "0.734158992767334"
        },
        {
            "gameTime": "1 - 44:50",
            "label": "subs",
            "position": "2690000",
            "half": "1",
            "confidence": "0.6625033617019653"
        },
        {
            "gameTime": "1 - 24:54",
            "label": "soccer",
            "position": "1494000",
            "half": "1",
            "confidence": "0.7590829133987427"
        },
        {
            "gameTime": "1 - 44:8",
            "label": "soccer",
            "position": "2648500",
            "half": "1",
            "confidence": "0.6605636477470398"
        },
        {
            "gameTime": "2 - 21:31",
            "label": "subs",
            "position": "1291000",
            "half": "2",
            "confidence": "0.9411069750785828"
        },
        {
            "gameTime": "2 - 21:41",
            "label": "subs",
            "position": "1301000",
            "half": "2",
            "confidence": "0.8537355065345764"
        },
        {
            "gameTime": "2 - 36:59",
            "label": "subs",
            "position": "2219000",
            "half": "2",
            "confidence": "0.8400021195411682"
        },
        {
            "gameTime": "2 - 45:21",
            "label": "subs",
            "position": "2721000",
            "half": "2",
            "confidence": "0.7894253730773926"
        },
        {
            "gameTime": "2 - 29:4",
            "label": "subs",
            "position": "1744500",
            "half": "2",
            "confidence": "0.7859187722206116"
        },
        {
            "gameTime": "2 - 36:48",
            "label": "subs",
            "position": "2208500",
            "half": "2",
            "confidence": "0.6668968200683594"
        },
        {
            "gameTime": "2 - 13:15",
            "label": "subs",
            "position": "795500",
            "half": "2",
            "confidence": "0.5796217918395996"
        }
    ]
}