{
    "UrlLocal": "italy_serie-a/2016-2017/2016-11-06 - 18-00 Internazionale 3 - 0 Crotone",
    "predictions": [
        {
            "gameTime": "1 - 0:1",
            "label": "Kick-off",
            "position": "1000",
            "half": "1",
            "confidence": "0.9499267339706421"
        },
        {
            "gameTime": "1 - 48:28",
            "label": "Kick-off",
            "position": "2908000",
            "half": "1",
            "confidence": "0.5003270506858826"
        },
        {
            "gameTime": "1 - 29:1",
            "label": "Goal",
            "position": "1741000",
            "half": "1",
            "confidence": "0.6226245164871216"
        },
        {
            "gameTime": "1 - 16:18",
            "label": "Offside",
            "position": "978500",
            "half": "1",
            "confidence": "0.7023097276687622"
        },
        {
            "gameTime": "1 - 16:29",
            "label": "Offside",
            "position": "989500",
            "half": "1",
            "confidence": "0.6552743911743164"
        },
        {
            "gameTime": "1 - 6:30",
            "label": "Shots on target",
            "position": "390500",
            "half": "1",
            "confidence": "0.5425560474395752"
        },
        {
            "gameTime": "1 - 29:1",
            "label": "Shots on target",
            "position": "1741000",
            "half": "1",
            "confidence": "0.5365854501724243"
        },
        {
            "gameTime": "1 - 13:55",
            "label": "Shots off target",
            "position": "835500",
            "half": "1",
            "confidence": "0.5529239177703857"
        },
        {
            "gameTime": "1 - 40:59",
            "label": "Shots off target",
            "position": "2459500",
            "half": "1",
            "confidence": "0.5498998761177063"
        },
        {
            "gameTime": "1 - 6:41",
            "label": "Shots off target",
            "position": "401000",
            "half": "1",
            "confidence": "0.5052680373191833"
        },
        {
            "gameTime": "1 - 14:32",
            "label": "Clearance",
            "position": "872000",
            "half": "1",
            "confidence": "0.9474357962608337"
        },
        {
            "gameTime": "1 - 40:1",
            "label": "Clearance",
            "position": "2401500",
            "half": "1",
            "confidence": "0.9367783069610596"
        },
        {
            "gameTime": "1 - 42:25",
            "label": "Clearance",
            "position": "2545000",
            "half": "1",
            "confidence": "0.9021082520484924"
        },
        {
            "gameTime": "1 - 14:45",
            "label": "Clearance",
            "position": "885000",
            "half": "1",
            "confidence": "0.8323222398757935"
        },
        {
            "gameTime": "1 - 22:3",
            "label": "Clearance",
            "position": "1323000",
            "half": "1",
            "confidence": "0.8085377216339111"
        },
        {
            "gameTime": "1 - 38:0",
            "label": "Clearance",
            "position": "2280000",
            "half": "1",
            "confidence": "0.6270775198936462"
        },
        {
            "gameTime": "1 - 38:17",
            "label": "Clearance",
            "position": "2297500",
            "half": "1",
            "confidence": "0.6089260578155518"
        },
        {
            "gameTime": "1 - 40:11",
            "label": "Clearance",
            "position": "2411500",
            "half": "1",
            "confidence": "0.6078378558158875"
        },
        {
            "gameTime": "1 - 0:20",
            "label": "Clearance",
            "position": "20000",
            "half": "1",
            "confidence": "0.581811785697937"
        },
        {
            "gameTime": "1 - 29:31",
            "label": "Clearance",
            "position": "1771500",
            "half": "1",
            "confidence": "0.5643462538719177"
        },
        {
            "gameTime": "1 - 25:48",
            "label": "Ball out of play",
            "position": "1548500",
            "half": "1",
            "confidence": "0.9208677411079407"
        },
        {
            "gameTime": "1 - 33:44",
            "label": "Ball out of play",
            "position": "2024000",
            "half": "1",
            "confidence": "0.9145228266716003"
        },
        {
            "gameTime": "1 - 39:40",
            "label": "Ball out of play",
            "position": "2380500",
            "half": "1",
            "confidence": "0.9114789962768555"
        },
        {
            "gameTime": "1 - 5:32",
            "label": "Ball out of play",
            "position": "332500",
            "half": "1",
            "confidence": "0.9028287529945374"
        },
        {
            "gameTime": "1 - 5:45",
            "label": "Ball out of play",
            "position": "345500",
            "half": "1",
            "confidence": "0.872922420501709"
        },
        {
            "gameTime": "1 - 30:22",
            "label": "Ball out of play",
            "position": "1822000",
            "half": "1",
            "confidence": "0.860623300075531"
        },
        {
            "gameTime": "1 - 0:12",
            "label": "Ball out of play",
            "position": "12000",
            "half": "1",
            "confidence": "0.8528653383255005"
        },
        {
            "gameTime": "1 - 42:10",
            "label": "Ball out of play",
            "position": "2530500",
            "half": "1",
            "confidence": "0.847353994846344"
        },
        {
            "gameTime": "1 - 33:5",
            "label": "Ball out of play",
            "position": "1985000",
            "half": "1",
            "confidence": "0.843498706817627"
        },
        {
            "gameTime": "1 - 34:52",
            "label": "Ball out of play",
            "position": "2092000",
            "half": "1",
            "confidence": "0.8218692541122437"
        },
        {
            "gameTime": "1 - 28:53",
            "label": "Ball out of play",
            "position": "1733000",
            "half": "1",
            "confidence": "0.810312032699585"
        },
        {
            "gameTime": "1 - 8:49",
            "label": "Ball out of play",
            "position": "529000",
            "half": "1",
            "confidence": "0.7971129417419434"
        },
        {
            "gameTime": "1 - 34:16",
            "label": "Ball out of play",
            "position": "2056500",
            "half": "1",
            "confidence": "0.7957638502120972"
        },
        {
            "gameTime": "1 - 15:46",
            "label": "Ball out of play",
            "position": "946000",
            "half": "1",
            "confidence": "0.7943069934844971"
        },
        {
            "gameTime": "1 - 38:56",
            "label": "Ball out of play",
            "position": "2336000",
            "half": "1",
            "confidence": "0.78236985206604"
        },
        {
            "gameTime": "1 - 31:28",
            "label": "Ball out of play",
            "position": "1888000",
            "half": "1",
            "confidence": "0.7670918703079224"
        },
        {
            "gameTime": "1 - 15:57",
            "label": "Ball out of play",
            "position": "957000",
            "half": "1",
            "confidence": "0.7568041682243347"
        },
        {
            "gameTime": "1 - 0:23",
            "label": "Ball out of play",
            "position": "23000",
            "half": "1",
            "confidence": "0.7372984290122986"
        },
        {
            "gameTime": "1 - 29:59",
            "label": "Ball out of play",
            "position": "1799000",
            "half": "1",
            "confidence": "0.7349341511726379"
        },
        {
            "gameTime": "1 - 2:9",
            "label": "Ball out of play",
            "position": "129000",
            "half": "1",
            "confidence": "0.7230135798454285"
        },
        {
            "gameTime": "1 - 31:52",
            "label": "Ball out of play",
            "position": "1912500",
            "half": "1",
            "confidence": "0.7193732857704163"
        },
        {
            "gameTime": "1 - 30:35",
            "label": "Ball out of play",
            "position": "1835000",
            "half": "1",
            "confidence": "0.7160966992378235"
        },
        {
            "gameTime": "1 - 13:55",
            "label": "Ball out of play",
            "position": "835500",
            "half": "1",
            "confidence": "0.7127474546432495"
        },
        {
            "gameTime": "1 - 22:21",
            "label": "Ball out of play",
            "position": "1341500",
            "half": "1",
            "confidence": "0.7108980417251587"
        },
        {
            "gameTime": "1 - 11:55",
            "label": "Ball out of play",
            "position": "715500",
            "half": "1",
            "confidence": "0.6986224055290222"
        },
        {
            "gameTime": "1 - 28:24",
            "label": "Ball out of play",
            "position": "1704500",
            "half": "1",
            "confidence": "0.6935650110244751"
        },
        {
            "gameTime": "1 - 45:52",
            "label": "Ball out of play",
            "position": "2752500",
            "half": "1",
            "confidence": "0.6916026473045349"
        },
        {
            "gameTime": "1 - 30:10",
            "label": "Ball out of play",
            "position": "1810000",
            "half": "1",
            "confidence": "0.6901357173919678"
        },
        {
            "gameTime": "1 - 34:3",
            "label": "Ball out of play",
            "position": "2043000",
            "half": "1",
            "confidence": "0.6800635457038879"
        },
        {
            "gameTime": "1 - 6:30",
            "label": "Ball out of play",
            "position": "390000",
            "half": "1",
            "confidence": "0.6786386966705322"
        },
        {
            "gameTime": "1 - 39:6",
            "label": "Ball out of play",
            "position": "2346500",
            "half": "1",
            "confidence": "0.6765645742416382"
        },
        {
            "gameTime": "1 - 6:41",
            "label": "Ball out of play",
            "position": "401000",
            "half": "1",
            "confidence": "0.6754891872406006"
        },
        {
            "gameTime": "1 - 20:21",
            "label": "Ball out of play",
            "position": "1221500",
            "half": "1",
            "confidence": "0.6737929582595825"
        },
        {
            "gameTime": "1 - 5:22",
            "label": "Ball out of play",
            "position": "322000",
            "half": "1",
            "confidence": "0.6573237180709839"
        },
        {
            "gameTime": "1 - 46:9",
            "label": "Ball out of play",
            "position": "2769000",
            "half": "1",
            "confidence": "0.6537373661994934"
        },
        {
            "gameTime": "1 - 35:42",
            "label": "Ball out of play",
            "position": "2142500",
            "half": "1",
            "confidence": "0.6512526273727417"
        },
        {
            "gameTime": "1 - 31:42",
            "label": "Ball out of play",
            "position": "1902000",
            "half": "1",
            "confidence": "0.6438772678375244"
        },
        {
            "gameTime": "1 - 22:32",
            "label": "Ball out of play",
            "position": "1352000",
            "half": "1",
            "confidence": "0.6321685314178467"
        },
        {
            "gameTime": "1 - 42:0",
            "label": "Ball out of play",
            "position": "2520000",
            "half": "1",
            "confidence": "0.6296017169952393"
        },
        {
            "gameTime": "1 - 4:48",
            "label": "Ball out of play",
            "position": "288500",
            "half": "1",
            "confidence": "0.6282815337181091"
        },
        {
            "gameTime": "1 - 33:15",
            "label": "Ball out of play",
            "position": "1995500",
            "half": "1",
            "confidence": "0.6252698302268982"
        },
        {
            "gameTime": "1 - 27:29",
            "label": "Ball out of play",
            "position": "1649500",
            "half": "1",
            "confidence": "0.6250937581062317"
        },
        {
            "gameTime": "1 - 46:24",
            "label": "Ball out of play",
            "position": "2784000",
            "half": "1",
            "confidence": "0.6160036325454712"
        },
        {
            "gameTime": "1 - 44:0",
            "label": "Ball out of play",
            "position": "2640000",
            "half": "1",
            "confidence": "0.6141263246536255"
        },
        {
            "gameTime": "1 - 28:37",
            "label": "Ball out of play",
            "position": "1717000",
            "half": "1",
            "confidence": "0.6128230690956116"
        },
        {
            "gameTime": "1 - 35:32",
            "label": "Ball out of play",
            "position": "2132000",
            "half": "1",
            "confidence": "0.6106467247009277"
        },
        {
            "gameTime": "1 - 33:33",
            "label": "Ball out of play",
            "position": "2013500",
            "half": "1",
            "confidence": "0.5964580178260803"
        },
        {
            "gameTime": "1 - 4:15",
            "label": "Ball out of play",
            "position": "255000",
            "half": "1",
            "confidence": "0.5963549017906189"
        },
        {
            "gameTime": "1 - 35:19",
            "label": "Ball out of play",
            "position": "2119000",
            "half": "1",
            "confidence": "0.5949208736419678"
        },
        {
            "gameTime": "1 - 32:54",
            "label": "Ball out of play",
            "position": "1974500",
            "half": "1",
            "confidence": "0.594179093837738"
        },
        {
            "gameTime": "1 - 15:22",
            "label": "Ball out of play",
            "position": "922000",
            "half": "1",
            "confidence": "0.5843101739883423"
        },
        {
            "gameTime": "1 - 12:59",
            "label": "Ball out of play",
            "position": "779500",
            "half": "1",
            "confidence": "0.5806218385696411"
        },
        {
            "gameTime": "1 - 22:42",
            "label": "Ball out of play",
            "position": "1362500",
            "half": "1",
            "confidence": "0.5682125091552734"
        },
        {
            "gameTime": "1 - 14:56",
            "label": "Ball out of play",
            "position": "896500",
            "half": "1",
            "confidence": "0.5610109567642212"
        },
        {
            "gameTime": "1 - 29:4",
            "label": "Ball out of play",
            "position": "1744000",
            "half": "1",
            "confidence": "0.5591015815734863"
        },
        {
            "gameTime": "1 - 2:25",
            "label": "Ball out of play",
            "position": "145500",
            "half": "1",
            "confidence": "0.5491772890090942"
        },
        {
            "gameTime": "1 - 45:6",
            "label": "Ball out of play",
            "position": "2706500",
            "half": "1",
            "confidence": "0.546438455581665"
        },
        {
            "gameTime": "1 - 41:5",
            "label": "Ball out of play",
            "position": "2465500",
            "half": "1",
            "confidence": "0.5392371416091919"
        },
        {
            "gameTime": "1 - 6:0",
            "label": "Ball out of play",
            "position": "360000",
            "half": "1",
            "confidence": "0.5366672277450562"
        },
        {
            "gameTime": "1 - 1:58",
            "label": "Ball out of play",
            "position": "118500",
            "half": "1",
            "confidence": "0.5298364758491516"
        },
        {
            "gameTime": "1 - 27:48",
            "label": "Ball out of play",
            "position": "1668000",
            "half": "1",
            "confidence": "0.5284400582313538"
        },
        {
            "gameTime": "1 - 4:26",
            "label": "Ball out of play",
            "position": "266000",
            "half": "1",
            "confidence": "0.5283445715904236"
        },
        {
            "gameTime": "1 - 36:20",
            "label": "Ball out of play",
            "position": "2180500",
            "half": "1",
            "confidence": "0.5229215621948242"
        },
        {
            "gameTime": "1 - 0:38",
            "label": "Ball out of play",
            "position": "38500",
            "half": "1",
            "confidence": "0.5182114243507385"
        },
        {
            "gameTime": "1 - 3:4",
            "label": "Ball out of play",
            "position": "184000",
            "half": "1",
            "confidence": "0.511699378490448"
        },
        {
            "gameTime": "1 - 2:15",
            "label": "Throw-in",
            "position": "135000",
            "half": "1",
            "confidence": "0.9481184482574463"
        },
        {
            "gameTime": "1 - 30:10",
            "label": "Throw-in",
            "position": "1810000",
            "half": "1",
            "confidence": "0.9464411735534668"
        },
        {
            "gameTime": "1 - 30:35",
            "label": "Throw-in",
            "position": "1835000",
            "half": "1",
            "confidence": "0.9424160122871399"
        },
        {
            "gameTime": "1 - 5:36",
            "label": "Throw-in",
            "position": "336500",
            "half": "1",
            "confidence": "0.9386193156242371"
        },
        {
            "gameTime": "1 - 28:0",
            "label": "Throw-in",
            "position": "1680000",
            "half": "1",
            "confidence": "0.9371554851531982"
        },
        {
            "gameTime": "1 - 30:20",
            "label": "Throw-in",
            "position": "1820500",
            "half": "1",
            "confidence": "0.9310654401779175"
        },
        {
            "gameTime": "1 - 33:5",
            "label": "Throw-in",
            "position": "1985000",
            "half": "1",
            "confidence": "0.9273227453231812"
        },
        {
            "gameTime": "1 - 27:49",
            "label": "Throw-in",
            "position": "1669500",
            "half": "1",
            "confidence": "0.9257660508155823"
        },
        {
            "gameTime": "1 - 3:9",
            "label": "Throw-in",
            "position": "189000",
            "half": "1",
            "confidence": "0.9254118800163269"
        },
        {
            "gameTime": "1 - 34:19",
            "label": "Throw-in",
            "position": "2059500",
            "half": "1",
            "confidence": "0.9205324649810791"
        },
        {
            "gameTime": "1 - 35:44",
            "label": "Throw-in",
            "position": "2144000",
            "half": "1",
            "confidence": "0.9171060919761658"
        },
        {
            "gameTime": "1 - 29:56",
            "label": "Throw-in",
            "position": "1796500",
            "half": "1",
            "confidence": "0.9134853482246399"
        },
        {
            "gameTime": "1 - 2:49",
            "label": "Throw-in",
            "position": "169500",
            "half": "1",
            "confidence": "0.9125226140022278"
        },
        {
            "gameTime": "1 - 4:53",
            "label": "Throw-in",
            "position": "293000",
            "half": "1",
            "confidence": "0.9067109823226929"
        },
        {
            "gameTime": "1 - 35:31",
            "label": "Throw-in",
            "position": "2131000",
            "half": "1",
            "confidence": "0.8882772922515869"
        },
        {
            "gameTime": "1 - 2:25",
            "label": "Throw-in",
            "position": "145500",
            "half": "1",
            "confidence": "0.8661128878593445"
        },
        {
            "gameTime": "1 - 12:6",
            "label": "Throw-in",
            "position": "726000",
            "half": "1",
            "confidence": "0.8655970096588135"
        },
        {
            "gameTime": "1 - 11:55",
            "label": "Throw-in",
            "position": "715500",
            "half": "1",
            "confidence": "0.8320720791816711"
        },
        {
            "gameTime": "1 - 30:45",
            "label": "Throw-in",
            "position": "1845000",
            "half": "1",
            "confidence": "0.8019710779190063"
        },
        {
            "gameTime": "1 - 35:19",
            "label": "Throw-in",
            "position": "2119000",
            "half": "1",
            "confidence": "0.7746258974075317"
        },
        {
            "gameTime": "1 - 46:23",
            "label": "Throw-in",
            "position": "2783000",
            "half": "1",
            "confidence": "0.7623692154884338"
        },
        {
            "gameTime": "1 - 4:42",
            "label": "Throw-in",
            "position": "282500",
            "half": "1",
            "confidence": "0.7462912797927856"
        },
        {
            "gameTime": "1 - 0:46",
            "label": "Throw-in",
            "position": "46500",
            "half": "1",
            "confidence": "0.7452495098114014"
        },
        {
            "gameTime": "1 - 23:52",
            "label": "Throw-in",
            "position": "1432000",
            "half": "1",
            "confidence": "0.7019930481910706"
        },
        {
            "gameTime": "1 - 0:14",
            "label": "Throw-in",
            "position": "14000",
            "half": "1",
            "confidence": "0.6887742280960083"
        },
        {
            "gameTime": "1 - 33:45",
            "label": "Throw-in",
            "position": "2025000",
            "half": "1",
            "confidence": "0.6634063124656677"
        },
        {
            "gameTime": "1 - 46:12",
            "label": "Throw-in",
            "position": "2772500",
            "half": "1",
            "confidence": "0.6597568392753601"
        },
        {
            "gameTime": "1 - 22:42",
            "label": "Throw-in",
            "position": "1362500",
            "half": "1",
            "confidence": "0.6548264026641846"
        },
        {
            "gameTime": "1 - 5:47",
            "label": "Throw-in",
            "position": "347000",
            "half": "1",
            "confidence": "0.608635663986206"
        },
        {
            "gameTime": "1 - 44:12",
            "label": "Throw-in",
            "position": "2652500",
            "half": "1",
            "confidence": "0.5826078653335571"
        },
        {
            "gameTime": "1 - 39:0",
            "label": "Throw-in",
            "position": "2340500",
            "half": "1",
            "confidence": "0.5732598304748535"
        },
        {
            "gameTime": "1 - 34:9",
            "label": "Throw-in",
            "position": "2049000",
            "half": "1",
            "confidence": "0.5717718005180359"
        },
        {
            "gameTime": "1 - 0:36",
            "label": "Throw-in",
            "position": "36000",
            "half": "1",
            "confidence": "0.5532224774360657"
        },
        {
            "gameTime": "1 - 9:22",
            "label": "Throw-in",
            "position": "562000",
            "half": "1",
            "confidence": "0.5483315587043762"
        },
        {
            "gameTime": "1 - 29:45",
            "label": "Throw-in",
            "position": "1785500",
            "half": "1",
            "confidence": "0.5476356744766235"
        },
        {
            "gameTime": "1 - 10:19",
            "label": "Foul",
            "position": "619000",
            "half": "1",
            "confidence": "0.9848572015762329"
        },
        {
            "gameTime": "1 - 10:29",
            "label": "Foul",
            "position": "629000",
            "half": "1",
            "confidence": "0.9383573532104492"
        },
        {
            "gameTime": "1 - 17:3",
            "label": "Foul",
            "position": "1023500",
            "half": "1",
            "confidence": "0.8615261912345886"
        },
        {
            "gameTime": "1 - 13:8",
            "label": "Foul",
            "position": "788000",
            "half": "1",
            "confidence": "0.8551587462425232"
        },
        {
            "gameTime": "1 - 26:27",
            "label": "Foul",
            "position": "1587000",
            "half": "1",
            "confidence": "0.8162209391593933"
        },
        {
            "gameTime": "1 - 9:58",
            "label": "Foul",
            "position": "598500",
            "half": "1",
            "confidence": "0.6953727602958679"
        },
        {
            "gameTime": "1 - 42:30",
            "label": "Foul",
            "position": "2550500",
            "half": "1",
            "confidence": "0.6768155694007874"
        },
        {
            "gameTime": "1 - 38:35",
            "label": "Foul",
            "position": "2315500",
            "half": "1",
            "confidence": "0.667405366897583"
        },
        {
            "gameTime": "1 - 17:16",
            "label": "Foul",
            "position": "1036500",
            "half": "1",
            "confidence": "0.6322421431541443"
        },
        {
            "gameTime": "1 - 46:56",
            "label": "Foul",
            "position": "2816500",
            "half": "1",
            "confidence": "0.6020204424858093"
        },
        {
            "gameTime": "1 - 45:31",
            "label": "Foul",
            "position": "2731500",
            "half": "1",
            "confidence": "0.5989118814468384"
        },
        {
            "gameTime": "1 - 6:19",
            "label": "Foul",
            "position": "379500",
            "half": "1",
            "confidence": "0.56309974193573"
        },
        {
            "gameTime": "1 - 37:58",
            "label": "Foul",
            "position": "2278500",
            "half": "1",
            "confidence": "0.5383249521255493"
        },
        {
            "gameTime": "1 - 18:3",
            "label": "Foul",
            "position": "1083000",
            "half": "1",
            "confidence": "0.5092189311981201"
        },
        {
            "gameTime": "1 - 38:41",
            "label": "Indirect free-kick",
            "position": "2321000",
            "half": "1",
            "confidence": "0.7865085601806641"
        },
        {
            "gameTime": "1 - 33:26",
            "label": "Indirect free-kick",
            "position": "2006500",
            "half": "1",
            "confidence": "0.6855389475822449"
        },
        {
            "gameTime": "1 - 16:13",
            "label": "Indirect free-kick",
            "position": "973500",
            "half": "1",
            "confidence": "0.6485550999641418"
        },
        {
            "gameTime": "1 - 38:30",
            "label": "Indirect free-kick",
            "position": "2310000",
            "half": "1",
            "confidence": "0.6217430233955383"
        },
        {
            "gameTime": "1 - 18:4",
            "label": "Indirect free-kick",
            "position": "1084000",
            "half": "1",
            "confidence": "0.6086878776550293"
        },
        {
            "gameTime": "1 - 40:2",
            "label": "Indirect free-kick",
            "position": "2402000",
            "half": "1",
            "confidence": "0.5637880563735962"
        },
        {
            "gameTime": "1 - 13:55",
            "label": "Direct free-kick",
            "position": "835000",
            "half": "1",
            "confidence": "0.9540762901306152"
        },
        {
            "gameTime": "1 - 27:26",
            "label": "Direct free-kick",
            "position": "1646500",
            "half": "1",
            "confidence": "0.953073263168335"
        },
        {
            "gameTime": "1 - 46:34",
            "label": "Direct free-kick",
            "position": "2794500",
            "half": "1",
            "confidence": "0.9120665192604065"
        },
        {
            "gameTime": "1 - 6:51",
            "label": "Corner",
            "position": "411500",
            "half": "1",
            "confidence": "0.9933319687843323"
        },
        {
            "gameTime": "1 - 7:1",
            "label": "Corner",
            "position": "421500",
            "half": "1",
            "confidence": "0.964540421962738"
        },
        {
            "gameTime": "1 - 14:2",
            "label": "Corner",
            "position": "842000",
            "half": "1",
            "confidence": "0.8405970335006714"
        },
        {
            "gameTime": "1 - 31:43",
            "label": "Corner",
            "position": "1903500",
            "half": "1",
            "confidence": "0.8383628129959106"
        },
        {
            "gameTime": "1 - 31:31",
            "label": "Corner",
            "position": "1891000",
            "half": "1",
            "confidence": "0.830001175403595"
        },
        {
            "gameTime": "1 - 28:50",
            "label": "Corner",
            "position": "1730000",
            "half": "1",
            "confidence": "0.7804593443870544"
        },
        {
            "gameTime": "1 - 6:41",
            "label": "Corner",
            "position": "401000",
            "half": "1",
            "confidence": "0.6379777193069458"
        },
        {
            "gameTime": "1 - 39:6",
            "label": "Corner",
            "position": "2346500",
            "half": "1",
            "confidence": "0.6159398555755615"
        },
        {
            "gameTime": "1 - 20:22",
            "label": "Corner",
            "position": "1222500",
            "half": "1",
            "confidence": "0.5948062539100647"
        },
        {
            "gameTime": "1 - 14:15",
            "label": "Corner",
            "position": "855000",
            "half": "1",
            "confidence": "0.5869060754776001"
        },
        {
            "gameTime": "1 - 10:20",
            "label": "Yellow card",
            "position": "620000",
            "half": "1",
            "confidence": "0.9768199324607849"
        },
        {
            "gameTime": "1 - 10:31",
            "label": "Yellow card",
            "position": "631500",
            "half": "1",
            "confidence": "0.9726281762123108"
        },
        {
            "gameTime": "1 - 13:6",
            "label": "Yellow card",
            "position": "786500",
            "half": "1",
            "confidence": "0.8348510265350342"
        },
        {
            "gameTime": "1 - 13:20",
            "label": "Yellow card",
            "position": "800000",
            "half": "1",
            "confidence": "0.7158361673355103"
        },
        {
            "gameTime": "2 - 0:0",
            "label": "Kick-off",
            "position": "0",
            "half": "2",
            "confidence": "0.9524452090263367"
        },
        {
            "gameTime": "2 - 48:25",
            "label": "Kick-off",
            "position": "2905500",
            "half": "2",
            "confidence": "0.9139670729637146"
        },
        {
            "gameTime": "2 - 0:10",
            "label": "Kick-off",
            "position": "10000",
            "half": "2",
            "confidence": "0.9115936756134033"
        },
        {
            "gameTime": "2 - 43:43",
            "label": "Kick-off",
            "position": "2623000",
            "half": "2",
            "confidence": "0.8921000957489014"
        },
        {
            "gameTime": "2 - 39:13",
            "label": "Kick-off",
            "position": "2353500",
            "half": "2",
            "confidence": "0.7872189283370972"
        },
        {
            "gameTime": "2 - 48:35",
            "label": "Kick-off",
            "position": "2915500",
            "half": "2",
            "confidence": "0.6481168866157532"
        },
        {
            "gameTime": "2 - 48:15",
            "label": "Kick-off",
            "position": "2895000",
            "half": "2",
            "confidence": "0.6325095295906067"
        },
        {
            "gameTime": "2 - 18:48",
            "label": "Kick-off",
            "position": "1128500",
            "half": "2",
            "confidence": "0.5881580114364624"
        },
        {
            "gameTime": "2 - 1:49",
            "label": "Kick-off",
            "position": "109500",
            "half": "2",
            "confidence": "0.5442342758178711"
        },
        {
            "gameTime": "2 - 38:23",
            "label": "Goal",
            "position": "2303500",
            "half": "2",
            "confidence": "0.9822182059288025"
        },
        {
            "gameTime": "2 - 42:57",
            "label": "Goal",
            "position": "2577000",
            "half": "2",
            "confidence": "0.9680820107460022"
        },
        {
            "gameTime": "2 - 38:13",
            "label": "Goal",
            "position": "2293000",
            "half": "2",
            "confidence": "0.8951546549797058"
        },
        {
            "gameTime": "2 - 47:44",
            "label": "Goal",
            "position": "2864500",
            "half": "2",
            "confidence": "0.8144861459732056"
        },
        {
            "gameTime": "2 - 43:7",
            "label": "Goal",
            "position": "2587000",
            "half": "2",
            "confidence": "0.7328092455863953"
        },
        {
            "gameTime": "2 - 41:17",
            "label": "Goal",
            "position": "2477500",
            "half": "2",
            "confidence": "0.7262583374977112"
        },
        {
            "gameTime": "2 - 18:21",
            "label": "Goal",
            "position": "1101000",
            "half": "2",
            "confidence": "0.6798022389411926"
        },
        {
            "gameTime": "2 - 47:32",
            "label": "Goal",
            "position": "2852500",
            "half": "2",
            "confidence": "0.6509459614753723"
        },
        {
            "gameTime": "2 - 40:22",
            "label": "Substitution",
            "position": "2422000",
            "half": "2",
            "confidence": "0.8659948706626892"
        },
        {
            "gameTime": "2 - 26:3",
            "label": "Substitution",
            "position": "1563500",
            "half": "2",
            "confidence": "0.83051997423172"
        },
        {
            "gameTime": "2 - 40:42",
            "label": "Substitution",
            "position": "2442000",
            "half": "2",
            "confidence": "0.7512998580932617"
        },
        {
            "gameTime": "2 - 40:11",
            "label": "Substitution",
            "position": "2411500",
            "half": "2",
            "confidence": "0.6978975534439087"
        },
        {
            "gameTime": "2 - 43:34",
            "label": "Substitution",
            "position": "2614000",
            "half": "2",
            "confidence": "0.6392523050308228"
        },
        {
            "gameTime": "2 - 48:29",
            "label": "Substitution",
            "position": "2909000",
            "half": "2",
            "confidence": "0.5669970512390137"
        },
        {
            "gameTime": "2 - 1:27",
            "label": "Offside",
            "position": "87500",
            "half": "2",
            "confidence": "0.6528087258338928"
        },
        {
            "gameTime": "2 - 38:23",
            "label": "Shots on target",
            "position": "2303500",
            "half": "2",
            "confidence": "0.9027938842773438"
        },
        {
            "gameTime": "2 - 38:13",
            "label": "Shots on target",
            "position": "2293000",
            "half": "2",
            "confidence": "0.7883155345916748"
        },
        {
            "gameTime": "2 - 41:16",
            "label": "Shots on target",
            "position": "2476500",
            "half": "2",
            "confidence": "0.742755651473999"
        },
        {
            "gameTime": "2 - 42:57",
            "label": "Shots on target",
            "position": "2577000",
            "half": "2",
            "confidence": "0.7336866855621338"
        },
        {
            "gameTime": "2 - 1:33",
            "label": "Shots on target",
            "position": "93000",
            "half": "2",
            "confidence": "0.6825277805328369"
        },
        {
            "gameTime": "2 - 20:55",
            "label": "Shots on target",
            "position": "1255000",
            "half": "2",
            "confidence": "0.6589212417602539"
        },
        {
            "gameTime": "2 - 18:24",
            "label": "Shots on target",
            "position": "1104000",
            "half": "2",
            "confidence": "0.6326559782028198"
        },
        {
            "gameTime": "2 - 47:44",
            "label": "Shots on target",
            "position": "2864500",
            "half": "2",
            "confidence": "0.6230810880661011"
        },
        {
            "gameTime": "2 - 41:6",
            "label": "Shots on target",
            "position": "2466000",
            "half": "2",
            "confidence": "0.6121282577514648"
        },
        {
            "gameTime": "2 - 17:16",
            "label": "Shots on target",
            "position": "1036500",
            "half": "2",
            "confidence": "0.6107781529426575"
        },
        {
            "gameTime": "2 - 1:22",
            "label": "Shots on target",
            "position": "82500",
            "half": "2",
            "confidence": "0.5841501951217651"
        },
        {
            "gameTime": "2 - 12:36",
            "label": "Shots on target",
            "position": "756500",
            "half": "2",
            "confidence": "0.5787367820739746"
        },
        {
            "gameTime": "2 - 4:9",
            "label": "Shots on target",
            "position": "249000",
            "half": "2",
            "confidence": "0.5783715844154358"
        },
        {
            "gameTime": "2 - 47:33",
            "label": "Shots on target",
            "position": "2853500",
            "half": "2",
            "confidence": "0.5711081027984619"
        },
        {
            "gameTime": "2 - 3:19",
            "label": "Shots on target",
            "position": "199000",
            "half": "2",
            "confidence": "0.5173549652099609"
        },
        {
            "gameTime": "2 - 42:13",
            "label": "Shots on target",
            "position": "2533000",
            "half": "2",
            "confidence": "0.5029873847961426"
        },
        {
            "gameTime": "2 - 29:43",
            "label": "Shots off target",
            "position": "1783000",
            "half": "2",
            "confidence": "0.8947023153305054"
        },
        {
            "gameTime": "2 - 4:16",
            "label": "Shots off target",
            "position": "256000",
            "half": "2",
            "confidence": "0.8715453147888184"
        },
        {
            "gameTime": "2 - 7:20",
            "label": "Shots off target",
            "position": "440000",
            "half": "2",
            "confidence": "0.8678424954414368"
        },
        {
            "gameTime": "2 - 7:6",
            "label": "Shots off target",
            "position": "426500",
            "half": "2",
            "confidence": "0.8446847200393677"
        },
        {
            "gameTime": "2 - 41:7",
            "label": "Shots off target",
            "position": "2467500",
            "half": "2",
            "confidence": "0.7879403233528137"
        },
        {
            "gameTime": "2 - 1:33",
            "label": "Shots off target",
            "position": "93000",
            "half": "2",
            "confidence": "0.7770552039146423"
        },
        {
            "gameTime": "2 - 13:2",
            "label": "Shots off target",
            "position": "782000",
            "half": "2",
            "confidence": "0.758320152759552"
        },
        {
            "gameTime": "2 - 6:22",
            "label": "Shots off target",
            "position": "382500",
            "half": "2",
            "confidence": "0.7538775205612183"
        },
        {
            "gameTime": "2 - 18:31",
            "label": "Shots off target",
            "position": "1111000",
            "half": "2",
            "confidence": "0.6894763708114624"
        },
        {
            "gameTime": "2 - 12:50",
            "label": "Shots off target",
            "position": "770000",
            "half": "2",
            "confidence": "0.672152578830719"
        },
        {
            "gameTime": "2 - 21:39",
            "label": "Shots off target",
            "position": "1299000",
            "half": "2",
            "confidence": "0.6692888140678406"
        },
        {
            "gameTime": "2 - 29:32",
            "label": "Shots off target",
            "position": "1772000",
            "half": "2",
            "confidence": "0.6660168170928955"
        },
        {
            "gameTime": "2 - 18:20",
            "label": "Shots off target",
            "position": "1100000",
            "half": "2",
            "confidence": "0.6521727442741394"
        },
        {
            "gameTime": "2 - 1:18",
            "label": "Shots off target",
            "position": "78000",
            "half": "2",
            "confidence": "0.6465219259262085"
        },
        {
            "gameTime": "2 - 12:39",
            "label": "Shots off target",
            "position": "759500",
            "half": "2",
            "confidence": "0.5830318331718445"
        },
        {
            "gameTime": "2 - 41:17",
            "label": "Shots off target",
            "position": "2477500",
            "half": "2",
            "confidence": "0.5589340329170227"
        },
        {
            "gameTime": "2 - 10:43",
            "label": "Shots off target",
            "position": "643500",
            "half": "2",
            "confidence": "0.5583057999610901"
        },
        {
            "gameTime": "2 - 42:1",
            "label": "Shots off target",
            "position": "2521000",
            "half": "2",
            "confidence": "0.5472386479377747"
        },
        {
            "gameTime": "2 - 4:26",
            "label": "Shots off target",
            "position": "266000",
            "half": "2",
            "confidence": "0.5438472032546997"
        },
        {
            "gameTime": "2 - 12:3",
            "label": "Shots off target",
            "position": "723500",
            "half": "2",
            "confidence": "0.5381410121917725"
        },
        {
            "gameTime": "2 - 30:59",
            "label": "Shots off target",
            "position": "1859000",
            "half": "2",
            "confidence": "0.5014269948005676"
        },
        {
            "gameTime": "2 - 26:12",
            "label": "Clearance",
            "position": "1572500",
            "half": "2",
            "confidence": "0.9330471754074097"
        },
        {
            "gameTime": "2 - 31:9",
            "label": "Clearance",
            "position": "1869500",
            "half": "2",
            "confidence": "0.9271007776260376"
        },
        {
            "gameTime": "2 - 29:59",
            "label": "Clearance",
            "position": "1799500",
            "half": "2",
            "confidence": "0.8858014345169067"
        },
        {
            "gameTime": "2 - 27:21",
            "label": "Clearance",
            "position": "1641500",
            "half": "2",
            "confidence": "0.8774987459182739"
        },
        {
            "gameTime": "2 - 9:4",
            "label": "Clearance",
            "position": "544500",
            "half": "2",
            "confidence": "0.8603733777999878"
        },
        {
            "gameTime": "2 - 6:33",
            "label": "Clearance",
            "position": "393000",
            "half": "2",
            "confidence": "0.7694298624992371"
        },
        {
            "gameTime": "2 - 31:19",
            "label": "Clearance",
            "position": "1879500",
            "half": "2",
            "confidence": "0.7588714957237244"
        },
        {
            "gameTime": "2 - 41:22",
            "label": "Clearance",
            "position": "2482500",
            "half": "2",
            "confidence": "0.7478708624839783"
        },
        {
            "gameTime": "2 - 26:22",
            "label": "Clearance",
            "position": "1582500",
            "half": "2",
            "confidence": "0.7157458066940308"
        },
        {
            "gameTime": "2 - 12:8",
            "label": "Clearance",
            "position": "728000",
            "half": "2",
            "confidence": "0.68287193775177"
        },
        {
            "gameTime": "2 - 2:50",
            "label": "Clearance",
            "position": "170500",
            "half": "2",
            "confidence": "0.643072783946991"
        },
        {
            "gameTime": "2 - 2:39",
            "label": "Clearance",
            "position": "159000",
            "half": "2",
            "confidence": "0.5832651257514954"
        },
        {
            "gameTime": "2 - 21:36",
            "label": "Clearance",
            "position": "1296000",
            "half": "2",
            "confidence": "0.5564059019088745"
        },
        {
            "gameTime": "2 - 8:44",
            "label": "Ball out of play",
            "position": "524000",
            "half": "2",
            "confidence": "0.9424192905426025"
        },
        {
            "gameTime": "2 - 23:36",
            "label": "Ball out of play",
            "position": "1416000",
            "half": "2",
            "confidence": "0.9283226132392883"
        },
        {
            "gameTime": "2 - 36:39",
            "label": "Ball out of play",
            "position": "2199000",
            "half": "2",
            "confidence": "0.9251804947853088"
        },
        {
            "gameTime": "2 - 9:34",
            "label": "Ball out of play",
            "position": "574500",
            "half": "2",
            "confidence": "0.9151821136474609"
        },
        {
            "gameTime": "2 - 14:16",
            "label": "Ball out of play",
            "position": "856500",
            "half": "2",
            "confidence": "0.9112740755081177"
        },
        {
            "gameTime": "2 - 5:17",
            "label": "Ball out of play",
            "position": "317000",
            "half": "2",
            "confidence": "0.8953370451927185"
        },
        {
            "gameTime": "2 - 21:39",
            "label": "Ball out of play",
            "position": "1299500",
            "half": "2",
            "confidence": "0.8783879280090332"
        },
        {
            "gameTime": "2 - 32:22",
            "label": "Ball out of play",
            "position": "1942000",
            "half": "2",
            "confidence": "0.8733033537864685"
        },
        {
            "gameTime": "2 - 7:6",
            "label": "Ball out of play",
            "position": "426500",
            "half": "2",
            "confidence": "0.866579532623291"
        },
        {
            "gameTime": "2 - 8:32",
            "label": "Ball out of play",
            "position": "512500",
            "half": "2",
            "confidence": "0.857530951499939"
        },
        {
            "gameTime": "2 - 26:45",
            "label": "Ball out of play",
            "position": "1605500",
            "half": "2",
            "confidence": "0.8559615612030029"
        },
        {
            "gameTime": "2 - 17:52",
            "label": "Ball out of play",
            "position": "1072500",
            "half": "2",
            "confidence": "0.8557856678962708"
        },
        {
            "gameTime": "2 - 25:24",
            "label": "Ball out of play",
            "position": "1524000",
            "half": "2",
            "confidence": "0.8466557860374451"
        },
        {
            "gameTime": "2 - 37:22",
            "label": "Ball out of play",
            "position": "2242500",
            "half": "2",
            "confidence": "0.8300428986549377"
        },
        {
            "gameTime": "2 - 12:50",
            "label": "Ball out of play",
            "position": "770000",
            "half": "2",
            "confidence": "0.8257356286048889"
        },
        {
            "gameTime": "2 - 37:37",
            "label": "Ball out of play",
            "position": "2257000",
            "half": "2",
            "confidence": "0.8243473172187805"
        },
        {
            "gameTime": "2 - 47:40",
            "label": "Ball out of play",
            "position": "2860000",
            "half": "2",
            "confidence": "0.8067623376846313"
        },
        {
            "gameTime": "2 - 20:46",
            "label": "Ball out of play",
            "position": "1246500",
            "half": "2",
            "confidence": "0.8017480969429016"
        },
        {
            "gameTime": "2 - 29:12",
            "label": "Ball out of play",
            "position": "1752500",
            "half": "2",
            "confidence": "0.7970324754714966"
        },
        {
            "gameTime": "2 - 18:20",
            "label": "Ball out of play",
            "position": "1100000",
            "half": "2",
            "confidence": "0.7855213284492493"
        },
        {
            "gameTime": "2 - 21:29",
            "label": "Ball out of play",
            "position": "1289000",
            "half": "2",
            "confidence": "0.7782805562019348"
        },
        {
            "gameTime": "2 - 14:26",
            "label": "Ball out of play",
            "position": "866500",
            "half": "2",
            "confidence": "0.777519702911377"
        },
        {
            "gameTime": "2 - 7:16",
            "label": "Ball out of play",
            "position": "436500",
            "half": "2",
            "confidence": "0.7741933465003967"
        },
        {
            "gameTime": "2 - 5:56",
            "label": "Ball out of play",
            "position": "356500",
            "half": "2",
            "confidence": "0.7741861939430237"
        },
        {
            "gameTime": "2 - 17:42",
            "label": "Ball out of play",
            "position": "1062000",
            "half": "2",
            "confidence": "0.7721267938613892"
        },
        {
            "gameTime": "2 - 3:55",
            "label": "Ball out of play",
            "position": "235000",
            "half": "2",
            "confidence": "0.7688090801239014"
        },
        {
            "gameTime": "2 - 46:56",
            "label": "Ball out of play",
            "position": "2816500",
            "half": "2",
            "confidence": "0.7678337097167969"
        },
        {
            "gameTime": "2 - 4:16",
            "label": "Ball out of play",
            "position": "256000",
            "half": "2",
            "confidence": "0.7661747336387634"
        },
        {
            "gameTime": "2 - 10:36",
            "label": "Ball out of play",
            "position": "636500",
            "half": "2",
            "confidence": "0.7654774188995361"
        },
        {
            "gameTime": "2 - 29:40",
            "label": "Ball out of play",
            "position": "1780500",
            "half": "2",
            "confidence": "0.7636774182319641"
        },
        {
            "gameTime": "2 - 12:39",
            "label": "Ball out of play",
            "position": "759000",
            "half": "2",
            "confidence": "0.7624561190605164"
        },
        {
            "gameTime": "2 - 44:7",
            "label": "Ball out of play",
            "position": "2647500",
            "half": "2",
            "confidence": "0.7408778071403503"
        },
        {
            "gameTime": "2 - 37:11",
            "label": "Ball out of play",
            "position": "2231500",
            "half": "2",
            "confidence": "0.7389774918556213"
        },
        {
            "gameTime": "2 - 43:57",
            "label": "Ball out of play",
            "position": "2637000",
            "half": "2",
            "confidence": "0.7288239598274231"
        },
        {
            "gameTime": "2 - 9:44",
            "label": "Ball out of play",
            "position": "584500",
            "half": "2",
            "confidence": "0.722425103187561"
        },
        {
            "gameTime": "2 - 14:38",
            "label": "Ball out of play",
            "position": "878000",
            "half": "2",
            "confidence": "0.7189862728118896"
        },
        {
            "gameTime": "2 - 15:26",
            "label": "Ball out of play",
            "position": "926500",
            "half": "2",
            "confidence": "0.7141048312187195"
        },
        {
            "gameTime": "2 - 29:2",
            "label": "Ball out of play",
            "position": "1742000",
            "half": "2",
            "confidence": "0.7137331366539001"
        },
        {
            "gameTime": "2 - 9:57",
            "label": "Ball out of play",
            "position": "597000",
            "half": "2",
            "confidence": "0.7119343876838684"
        },
        {
            "gameTime": "2 - 3:5",
            "label": "Ball out of play",
            "position": "185000",
            "half": "2",
            "confidence": "0.7045795917510986"
        },
        {
            "gameTime": "2 - 30:25",
            "label": "Ball out of play",
            "position": "1825500",
            "half": "2",
            "confidence": "0.6945890784263611"
        },
        {
            "gameTime": "2 - 32:11",
            "label": "Ball out of play",
            "position": "1931000",
            "half": "2",
            "confidence": "0.6925019025802612"
        },
        {
            "gameTime": "2 - 3:16",
            "label": "Ball out of play",
            "position": "196000",
            "half": "2",
            "confidence": "0.6866902709007263"
        },
        {
            "gameTime": "2 - 6:22",
            "label": "Ball out of play",
            "position": "382000",
            "half": "2",
            "confidence": "0.6861559748649597"
        },
        {
            "gameTime": "2 - 5:1",
            "label": "Ball out of play",
            "position": "301500",
            "half": "2",
            "confidence": "0.6717988848686218"
        },
        {
            "gameTime": "2 - 25:13",
            "label": "Ball out of play",
            "position": "1513500",
            "half": "2",
            "confidence": "0.6690980195999146"
        },
        {
            "gameTime": "2 - 29:30",
            "label": "Ball out of play",
            "position": "1770000",
            "half": "2",
            "confidence": "0.6656479835510254"
        },
        {
            "gameTime": "2 - 30:48",
            "label": "Ball out of play",
            "position": "1848500",
            "half": "2",
            "confidence": "0.6515844464302063"
        },
        {
            "gameTime": "2 - 1:58",
            "label": "Ball out of play",
            "position": "118500",
            "half": "2",
            "confidence": "0.647193968296051"
        },
        {
            "gameTime": "2 - 23:46",
            "label": "Ball out of play",
            "position": "1426000",
            "half": "2",
            "confidence": "0.6294686794281006"
        },
        {
            "gameTime": "2 - 41:15",
            "label": "Ball out of play",
            "position": "2475500",
            "half": "2",
            "confidence": "0.625973105430603"
        },
        {
            "gameTime": "2 - 10:26",
            "label": "Ball out of play",
            "position": "626000",
            "half": "2",
            "confidence": "0.6181542873382568"
        },
        {
            "gameTime": "2 - 28:39",
            "label": "Ball out of play",
            "position": "1719500",
            "half": "2",
            "confidence": "0.6120383739471436"
        },
        {
            "gameTime": "2 - 11:57",
            "label": "Ball out of play",
            "position": "717000",
            "half": "2",
            "confidence": "0.6107193827629089"
        },
        {
            "gameTime": "2 - 30:15",
            "label": "Ball out of play",
            "position": "1815000",
            "half": "2",
            "confidence": "0.6029515266418457"
        },
        {
            "gameTime": "2 - 4:27",
            "label": "Ball out of play",
            "position": "267000",
            "half": "2",
            "confidence": "0.6006242036819458"
        },
        {
            "gameTime": "2 - 4:5",
            "label": "Ball out of play",
            "position": "245000",
            "half": "2",
            "confidence": "0.5994418859481812"
        },
        {
            "gameTime": "2 - 38:12",
            "label": "Ball out of play",
            "position": "2292500",
            "half": "2",
            "confidence": "0.5816358923912048"
        },
        {
            "gameTime": "2 - 20:56",
            "label": "Ball out of play",
            "position": "1256500",
            "half": "2",
            "confidence": "0.5684285163879395"
        },
        {
            "gameTime": "2 - 5:28",
            "label": "Ball out of play",
            "position": "328000",
            "half": "2",
            "confidence": "0.5606879591941833"
        },
        {
            "gameTime": "2 - 41:5",
            "label": "Ball out of play",
            "position": "2465000",
            "half": "2",
            "confidence": "0.5507393479347229"
        },
        {
            "gameTime": "2 - 44:41",
            "label": "Ball out of play",
            "position": "2681000",
            "half": "2",
            "confidence": "0.5402061939239502"
        },
        {
            "gameTime": "2 - 2:32",
            "label": "Ball out of play",
            "position": "152500",
            "half": "2",
            "confidence": "0.5340193510055542"
        },
        {
            "gameTime": "2 - 1:18",
            "label": "Ball out of play",
            "position": "78000",
            "half": "2",
            "confidence": "0.5220641493797302"
        },
        {
            "gameTime": "2 - 9:24",
            "label": "Ball out of play",
            "position": "564000",
            "half": "2",
            "confidence": "0.5215517282485962"
        },
        {
            "gameTime": "2 - 19:41",
            "label": "Ball out of play",
            "position": "1181000",
            "half": "2",
            "confidence": "0.5208509564399719"
        },
        {
            "gameTime": "2 - 8:22",
            "label": "Ball out of play",
            "position": "502000",
            "half": "2",
            "confidence": "0.5173454880714417"
        },
        {
            "gameTime": "2 - 5:17",
            "label": "Throw-in",
            "position": "317000",
            "half": "2",
            "confidence": "0.9868772029876709"
        },
        {
            "gameTime": "2 - 36:39",
            "label": "Throw-in",
            "position": "2199000",
            "half": "2",
            "confidence": "0.9436168074607849"
        },
        {
            "gameTime": "2 - 14:33",
            "label": "Throw-in",
            "position": "873000",
            "half": "2",
            "confidence": "0.917742133140564"
        },
        {
            "gameTime": "2 - 37:34",
            "label": "Throw-in",
            "position": "2254000",
            "half": "2",
            "confidence": "0.916087806224823"
        },
        {
            "gameTime": "2 - 22:16",
            "label": "Throw-in",
            "position": "1336000",
            "half": "2",
            "confidence": "0.9059852361679077"
        },
        {
            "gameTime": "2 - 22:27",
            "label": "Throw-in",
            "position": "1347500",
            "half": "2",
            "confidence": "0.8950660228729248"
        },
        {
            "gameTime": "2 - 9:33",
            "label": "Throw-in",
            "position": "573500",
            "half": "2",
            "confidence": "0.8945867419242859"
        },
        {
            "gameTime": "2 - 37:22",
            "label": "Throw-in",
            "position": "2242500",
            "half": "2",
            "confidence": "0.8919718265533447"
        },
        {
            "gameTime": "2 - 20:15",
            "label": "Throw-in",
            "position": "1215500",
            "half": "2",
            "confidence": "0.8863397240638733"
        },
        {
            "gameTime": "2 - 37:12",
            "label": "Throw-in",
            "position": "2232000",
            "half": "2",
            "confidence": "0.8738734126091003"
        },
        {
            "gameTime": "2 - 20:26",
            "label": "Throw-in",
            "position": "1226500",
            "half": "2",
            "confidence": "0.8690445423126221"
        },
        {
            "gameTime": "2 - 5:56",
            "label": "Throw-in",
            "position": "356500",
            "half": "2",
            "confidence": "0.8040302991867065"
        },
        {
            "gameTime": "2 - 30:26",
            "label": "Throw-in",
            "position": "1826500",
            "half": "2",
            "confidence": "0.7285848259925842"
        },
        {
            "gameTime": "2 - 13:46",
            "label": "Throw-in",
            "position": "826500",
            "half": "2",
            "confidence": "0.7139090299606323"
        },
        {
            "gameTime": "2 - 5:0",
            "label": "Throw-in",
            "position": "300500",
            "half": "2",
            "confidence": "0.7036722302436829"
        },
        {
            "gameTime": "2 - 2:2",
            "label": "Throw-in",
            "position": "122000",
            "half": "2",
            "confidence": "0.6834482550621033"
        },
        {
            "gameTime": "2 - 3:1",
            "label": "Throw-in",
            "position": "181000",
            "half": "2",
            "confidence": "0.6413694024085999"
        },
        {
            "gameTime": "2 - 14:22",
            "label": "Throw-in",
            "position": "862500",
            "half": "2",
            "confidence": "0.6228255033493042"
        },
        {
            "gameTime": "2 - 4:46",
            "label": "Throw-in",
            "position": "286500",
            "half": "2",
            "confidence": "0.6080853939056396"
        },
        {
            "gameTime": "2 - 13:36",
            "label": "Throw-in",
            "position": "816000",
            "half": "2",
            "confidence": "0.5440632700920105"
        },
        {
            "gameTime": "2 - 19:2",
            "label": "Throw-in",
            "position": "1142500",
            "half": "2",
            "confidence": "0.5415597558021545"
        },
        {
            "gameTime": "2 - 9:15",
            "label": "Throw-in",
            "position": "555500",
            "half": "2",
            "confidence": "0.5273779630661011"
        },
        {
            "gameTime": "2 - 32:12",
            "label": "Throw-in",
            "position": "1932500",
            "half": "2",
            "confidence": "0.5183475613594055"
        },
        {
            "gameTime": "2 - 30:16",
            "label": "Throw-in",
            "position": "1816000",
            "half": "2",
            "confidence": "0.5059243440628052"
        },
        {
            "gameTime": "2 - 28:14",
            "label": "Foul",
            "position": "1694000",
            "half": "2",
            "confidence": "0.9272518157958984"
        },
        {
            "gameTime": "2 - 16:15",
            "label": "Foul",
            "position": "975500",
            "half": "2",
            "confidence": "0.8862256407737732"
        },
        {
            "gameTime": "2 - 41:40",
            "label": "Foul",
            "position": "2500000",
            "half": "2",
            "confidence": "0.8761916756629944"
        },
        {
            "gameTime": "2 - 24:40",
            "label": "Foul",
            "position": "1480500",
            "half": "2",
            "confidence": "0.8585296273231506"
        },
        {
            "gameTime": "2 - 41:50",
            "label": "Foul",
            "position": "2510000",
            "half": "2",
            "confidence": "0.7483420372009277"
        },
        {
            "gameTime": "2 - 28:32",
            "label": "Foul",
            "position": "1712500",
            "half": "2",
            "confidence": "0.7376362085342407"
        },
        {
            "gameTime": "2 - 18:58",
            "label": "Foul",
            "position": "1138500",
            "half": "2",
            "confidence": "0.641931414604187"
        },
        {
            "gameTime": "2 - 5:34",
            "label": "Foul",
            "position": "334500",
            "half": "2",
            "confidence": "0.6329607367515564"
        },
        {
            "gameTime": "2 - 27:36",
            "label": "Foul",
            "position": "1656000",
            "half": "2",
            "confidence": "0.6111235618591309"
        },
        {
            "gameTime": "2 - 21:59",
            "label": "Foul",
            "position": "1319000",
            "half": "2",
            "confidence": "0.5866571068763733"
        },
        {
            "gameTime": "2 - 27:24",
            "label": "Foul",
            "position": "1644500",
            "half": "2",
            "confidence": "0.5681112408638"
        },
        {
            "gameTime": "2 - 0:30",
            "label": "Foul",
            "position": "30000",
            "half": "2",
            "confidence": "0.5390290021896362"
        },
        {
            "gameTime": "2 - 30:13",
            "label": "Foul",
            "position": "1813500",
            "half": "2",
            "confidence": "0.5235151648521423"
        },
        {
            "gameTime": "2 - 19:46",
            "label": "Foul",
            "position": "1186000",
            "half": "2",
            "confidence": "0.5142558217048645"
        },
        {
            "gameTime": "2 - 2:56",
            "label": "Indirect free-kick",
            "position": "176000",
            "half": "2",
            "confidence": "0.801101803779602"
        },
        {
            "gameTime": "2 - 39:16",
            "label": "Indirect free-kick",
            "position": "2356000",
            "half": "2",
            "confidence": "0.7478350400924683"
        },
        {
            "gameTime": "2 - 28:32",
            "label": "Indirect free-kick",
            "position": "1712000",
            "half": "2",
            "confidence": "0.7437476515769958"
        },
        {
            "gameTime": "2 - 41:36",
            "label": "Indirect free-kick",
            "position": "2496500",
            "half": "2",
            "confidence": "0.7119947671890259"
        },
        {
            "gameTime": "2 - 32:35",
            "label": "Indirect free-kick",
            "position": "1955500",
            "half": "2",
            "confidence": "0.6311092972755432"
        },
        {
            "gameTime": "2 - 32:48",
            "label": "Indirect free-kick",
            "position": "1968500",
            "half": "2",
            "confidence": "0.6301611065864563"
        },
        {
            "gameTime": "2 - 47:20",
            "label": "Indirect free-kick",
            "position": "2840000",
            "half": "2",
            "confidence": "0.6164506077766418"
        },
        {
            "gameTime": "2 - 5:53",
            "label": "Indirect free-kick",
            "position": "353500",
            "half": "2",
            "confidence": "0.5872080326080322"
        },
        {
            "gameTime": "2 - 12:16",
            "label": "Indirect free-kick",
            "position": "736000",
            "half": "2",
            "confidence": "0.5713940262794495"
        },
        {
            "gameTime": "2 - 0:30",
            "label": "Indirect free-kick",
            "position": "30500",
            "half": "2",
            "confidence": "0.5653062462806702"
        },
        {
            "gameTime": "2 - 43:37",
            "label": "Indirect free-kick",
            "position": "2617500",
            "half": "2",
            "confidence": "0.5315946936607361"
        },
        {
            "gameTime": "2 - 13:24",
            "label": "Indirect free-kick",
            "position": "804000",
            "half": "2",
            "confidence": "0.5300469994544983"
        },
        {
            "gameTime": "2 - 17:14",
            "label": "Direct free-kick",
            "position": "1034500",
            "half": "2",
            "confidence": "0.979578971862793"
        },
        {
            "gameTime": "2 - 1:20",
            "label": "Direct free-kick",
            "position": "80000",
            "half": "2",
            "confidence": "0.8941212296485901"
        },
        {
            "gameTime": "2 - 17:4",
            "label": "Direct free-kick",
            "position": "1024000",
            "half": "2",
            "confidence": "0.8824289441108704"
        },
        {
            "gameTime": "2 - 4:15",
            "label": "Direct free-kick",
            "position": "255500",
            "half": "2",
            "confidence": "0.7827085852622986"
        },
        {
            "gameTime": "2 - 25:15",
            "label": "Direct free-kick",
            "position": "1515000",
            "half": "2",
            "confidence": "0.7282756567001343"
        },
        {
            "gameTime": "2 - 44:16",
            "label": "Direct free-kick",
            "position": "2656000",
            "half": "2",
            "confidence": "0.5847857594490051"
        },
        {
            "gameTime": "2 - 17:24",
            "label": "Direct free-kick",
            "position": "1044500",
            "half": "2",
            "confidence": "0.5412091016769409"
        },
        {
            "gameTime": "2 - 4:11",
            "label": "Corner",
            "position": "251500",
            "half": "2",
            "confidence": "0.9977273344993591"
        },
        {
            "gameTime": "2 - 20:54",
            "label": "Corner",
            "position": "1254500",
            "half": "2",
            "confidence": "0.9951726794242859"
        },
        {
            "gameTime": "2 - 29:26",
            "label": "Corner",
            "position": "1766500",
            "half": "2",
            "confidence": "0.9934149980545044"
        },
        {
            "gameTime": "2 - 44:31",
            "label": "Corner",
            "position": "2671000",
            "half": "2",
            "confidence": "0.9923776388168335"
        },
        {
            "gameTime": "2 - 23:55",
            "label": "Corner",
            "position": "1435500",
            "half": "2",
            "confidence": "0.9914809465408325"
        },
        {
            "gameTime": "2 - 9:58",
            "label": "Corner",
            "position": "598000",
            "half": "2",
            "confidence": "0.9888319969177246"
        },
        {
            "gameTime": "2 - 10:43",
            "label": "Corner",
            "position": "643000",
            "half": "2",
            "confidence": "0.984718918800354"
        },
        {
            "gameTime": "2 - 18:20",
            "label": "Corner",
            "position": "1100500",
            "half": "2",
            "confidence": "0.9816387891769409"
        },
        {
            "gameTime": "2 - 44:55",
            "label": "Corner",
            "position": "2695500",
            "half": "2",
            "confidence": "0.9797311425209045"
        },
        {
            "gameTime": "2 - 44:14",
            "label": "Corner",
            "position": "2654000",
            "half": "2",
            "confidence": "0.9650600552558899"
        },
        {
            "gameTime": "2 - 4:29",
            "label": "Corner",
            "position": "269000",
            "half": "2",
            "confidence": "0.9615805149078369"
        },
        {
            "gameTime": "2 - 44:45",
            "label": "Corner",
            "position": "2685000",
            "half": "2",
            "confidence": "0.9555649757385254"
        },
        {
            "gameTime": "2 - 26:55",
            "label": "Corner",
            "position": "1615500",
            "half": "2",
            "confidence": "0.9485576152801514"
        },
        {
            "gameTime": "2 - 18:31",
            "label": "Corner",
            "position": "1111000",
            "half": "2",
            "confidence": "0.9236178994178772"
        },
        {
            "gameTime": "2 - 7:21",
            "label": "Corner",
            "position": "441000",
            "half": "2",
            "confidence": "0.9048550724983215"
        },
        {
            "gameTime": "2 - 21:4",
            "label": "Corner",
            "position": "1264500",
            "half": "2",
            "confidence": "0.8964064121246338"
        },
        {
            "gameTime": "2 - 45:5",
            "label": "Corner",
            "position": "2705500",
            "half": "2",
            "confidence": "0.8957192897796631"
        },
        {
            "gameTime": "2 - 29:37",
            "label": "Corner",
            "position": "1777500",
            "half": "2",
            "confidence": "0.8866077065467834"
        },
        {
            "gameTime": "2 - 10:32",
            "label": "Corner",
            "position": "632500",
            "half": "2",
            "confidence": "0.8739065527915955"
        },
        {
            "gameTime": "2 - 29:16",
            "label": "Corner",
            "position": "1756000",
            "half": "2",
            "confidence": "0.83192378282547"
        },
        {
            "gameTime": "2 - 12:50",
            "label": "Corner",
            "position": "770000",
            "half": "2",
            "confidence": "0.8240330815315247"
        },
        {
            "gameTime": "2 - 10:53",
            "label": "Corner",
            "position": "653000",
            "half": "2",
            "confidence": "0.8121238350868225"
        },
        {
            "gameTime": "2 - 7:31",
            "label": "Corner",
            "position": "451000",
            "half": "2",
            "confidence": "0.8014960289001465"
        },
        {
            "gameTime": "2 - 10:8",
            "label": "Corner",
            "position": "608000",
            "half": "2",
            "confidence": "0.7698801755905151"
        },
        {
            "gameTime": "2 - 27:6",
            "label": "Corner",
            "position": "1626500",
            "half": "2",
            "confidence": "0.7311244010925293"
        },
        {
            "gameTime": "2 - 13:1",
            "label": "Corner",
            "position": "781000",
            "half": "2",
            "confidence": "0.6608287692070007"
        },
        {
            "gameTime": "2 - 2:33",
            "label": "Corner",
            "position": "153000",
            "half": "2",
            "confidence": "0.5948931574821472"
        },
        {
            "gameTime": "2 - 7:51",
            "label": "Corner",
            "position": "471500",
            "half": "2",
            "confidence": "0.5577408075332642"
        },
        {
            "gameTime": "2 - 24:50",
            "label": "Yellow card",
            "position": "1490500",
            "half": "2",
            "confidence": "0.8113107681274414"
        },
        {
            "gameTime": "2 - 24:39",
            "label": "Yellow card",
            "position": "1479500",
            "half": "2",
            "confidence": "0.5843578577041626"
        }
    ]
}