{
    "UrlLocal": "germany_bundesliga/2016-2017/2016-10-01 - 19-30 Bayer Leverkusen 2 - 0 Dortmund",
    "predictions": [
        {
            "gameTime": "1 - 11:37",
            "label": "Kick-off",
            "position": "697500",
            "half": "1",
            "confidence": "0.8380152583122253"
        },
        {
            "gameTime": "1 - 0:0",
            "label": "Kick-off",
            "position": "0",
            "half": "1",
            "confidence": "0.8024800419807434"
        },
        {
            "gameTime": "1 - 10:17",
            "label": "Kick-off",
            "position": "617000",
            "half": "1",
            "confidence": "0.6959392428398132"
        },
        {
            "gameTime": "1 - 30:55",
            "label": "Goal",
            "position": "1855000",
            "half": "1",
            "confidence": "0.5662395358085632"
        },
        {
            "gameTime": "1 - 9:30",
            "label": "Shots on target",
            "position": "570000",
            "half": "1",
            "confidence": "0.7218202948570251"
        },
        {
            "gameTime": "1 - 8:52",
            "label": "Shots on target",
            "position": "532000",
            "half": "1",
            "confidence": "0.6815038919448853"
        },
        {
            "gameTime": "1 - 31:6",
            "label": "Shots on target",
            "position": "1866000",
            "half": "1",
            "confidence": "0.6346156001091003"
        },
        {
            "gameTime": "1 - 30:53",
            "label": "Shots on target",
            "position": "1853500",
            "half": "1",
            "confidence": "0.5807818174362183"
        },
        {
            "gameTime": "1 - 9:18",
            "label": "Shots on target",
            "position": "558500",
            "half": "1",
            "confidence": "0.5185248851776123"
        },
        {
            "gameTime": "1 - 31:6",
            "label": "Shots off target",
            "position": "1866000",
            "half": "1",
            "confidence": "0.959767758846283"
        },
        {
            "gameTime": "1 - 2:57",
            "label": "Shots off target",
            "position": "177000",
            "half": "1",
            "confidence": "0.8581796884536743"
        },
        {
            "gameTime": "1 - 30:55",
            "label": "Shots off target",
            "position": "1855500",
            "half": "1",
            "confidence": "0.8351016640663147"
        },
        {
            "gameTime": "1 - 43:5",
            "label": "Shots off target",
            "position": "2585500",
            "half": "1",
            "confidence": "0.6065899133682251"
        },
        {
            "gameTime": "1 - 17:27",
            "label": "Shots off target",
            "position": "1047000",
            "half": "1",
            "confidence": "0.5402045249938965"
        },
        {
            "gameTime": "1 - 37:1",
            "label": "Shots off target",
            "position": "2221500",
            "half": "1",
            "confidence": "0.5399738550186157"
        },
        {
            "gameTime": "1 - 9:15",
            "label": "Shots off target",
            "position": "555500",
            "half": "1",
            "confidence": "0.5373320579528809"
        },
        {
            "gameTime": "1 - 22:39",
            "label": "Shots off target",
            "position": "1359000",
            "half": "1",
            "confidence": "0.5213819742202759"
        },
        {
            "gameTime": "1 - 0:53",
            "label": "Clearance",
            "position": "53500",
            "half": "1",
            "confidence": "0.9520544409751892"
        },
        {
            "gameTime": "1 - 34:58",
            "label": "Clearance",
            "position": "2098000",
            "half": "1",
            "confidence": "0.7927912473678589"
        },
        {
            "gameTime": "1 - 7:5",
            "label": "Clearance",
            "position": "425500",
            "half": "1",
            "confidence": "0.7058913707733154"
        },
        {
            "gameTime": "1 - 17:43",
            "label": "Clearance",
            "position": "1063000",
            "half": "1",
            "confidence": "0.6868352293968201"
        },
        {
            "gameTime": "1 - 19:18",
            "label": "Clearance",
            "position": "1158500",
            "half": "1",
            "confidence": "0.6777693033218384"
        },
        {
            "gameTime": "1 - 31:13",
            "label": "Clearance",
            "position": "1873500",
            "half": "1",
            "confidence": "0.6753012537956238"
        },
        {
            "gameTime": "1 - 32:2",
            "label": "Clearance",
            "position": "1922000",
            "half": "1",
            "confidence": "0.6568472981452942"
        },
        {
            "gameTime": "1 - 44:26",
            "label": "Clearance",
            "position": "2666500",
            "half": "1",
            "confidence": "0.6536527276039124"
        },
        {
            "gameTime": "1 - 26:24",
            "label": "Clearance",
            "position": "1584000",
            "half": "1",
            "confidence": "0.6302065849304199"
        },
        {
            "gameTime": "1 - 35:8",
            "label": "Clearance",
            "position": "2108000",
            "half": "1",
            "confidence": "0.6297526955604553"
        },
        {
            "gameTime": "1 - 32:12",
            "label": "Clearance",
            "position": "1932500",
            "half": "1",
            "confidence": "0.614311695098877"
        },
        {
            "gameTime": "1 - 0:43",
            "label": "Clearance",
            "position": "43000",
            "half": "1",
            "confidence": "0.588550329208374"
        },
        {
            "gameTime": "1 - 40:29",
            "label": "Clearance",
            "position": "2429000",
            "half": "1",
            "confidence": "0.5790292620658875"
        },
        {
            "gameTime": "1 - 19:28",
            "label": "Clearance",
            "position": "1168500",
            "half": "1",
            "confidence": "0.575470507144928"
        },
        {
            "gameTime": "1 - 1:3",
            "label": "Clearance",
            "position": "63500",
            "half": "1",
            "confidence": "0.5210424065589905"
        },
        {
            "gameTime": "1 - 4:56",
            "label": "Clearance",
            "position": "296000",
            "half": "1",
            "confidence": "0.5206005573272705"
        },
        {
            "gameTime": "1 - 21:8",
            "label": "Ball out of play",
            "position": "1268000",
            "half": "1",
            "confidence": "0.8951165676116943"
        },
        {
            "gameTime": "1 - 7:48",
            "label": "Ball out of play",
            "position": "468000",
            "half": "1",
            "confidence": "0.887671709060669"
        },
        {
            "gameTime": "1 - 17:32",
            "label": "Ball out of play",
            "position": "1052000",
            "half": "1",
            "confidence": "0.8488734364509583"
        },
        {
            "gameTime": "1 - 7:58",
            "label": "Ball out of play",
            "position": "478000",
            "half": "1",
            "confidence": "0.8246692419052124"
        },
        {
            "gameTime": "1 - 43:9",
            "label": "Ball out of play",
            "position": "2589000",
            "half": "1",
            "confidence": "0.8243619799613953"
        },
        {
            "gameTime": "1 - 36:56",
            "label": "Ball out of play",
            "position": "2216500",
            "half": "1",
            "confidence": "0.8076064586639404"
        },
        {
            "gameTime": "1 - 8:39",
            "label": "Ball out of play",
            "position": "519500",
            "half": "1",
            "confidence": "0.795738935470581"
        },
        {
            "gameTime": "1 - 20:32",
            "label": "Ball out of play",
            "position": "1232000",
            "half": "1",
            "confidence": "0.7948142886161804"
        },
        {
            "gameTime": "1 - 0:14",
            "label": "Ball out of play",
            "position": "14000",
            "half": "1",
            "confidence": "0.7804244756698608"
        },
        {
            "gameTime": "1 - 24:54",
            "label": "Ball out of play",
            "position": "1494500",
            "half": "1",
            "confidence": "0.7783471345901489"
        },
        {
            "gameTime": "1 - 13:18",
            "label": "Ball out of play",
            "position": "798000",
            "half": "1",
            "confidence": "0.7770055532455444"
        },
        {
            "gameTime": "1 - 24:40",
            "label": "Ball out of play",
            "position": "1480500",
            "half": "1",
            "confidence": "0.757920503616333"
        },
        {
            "gameTime": "1 - 13:5",
            "label": "Ball out of play",
            "position": "785000",
            "half": "1",
            "confidence": "0.7479497790336609"
        },
        {
            "gameTime": "1 - 24:30",
            "label": "Ball out of play",
            "position": "1470000",
            "half": "1",
            "confidence": "0.745158851146698"
        },
        {
            "gameTime": "1 - 17:21",
            "label": "Ball out of play",
            "position": "1041500",
            "half": "1",
            "confidence": "0.7418691515922546"
        },
        {
            "gameTime": "1 - 42:56",
            "label": "Ball out of play",
            "position": "2576000",
            "half": "1",
            "confidence": "0.7412450313568115"
        },
        {
            "gameTime": "1 - 39:1",
            "label": "Ball out of play",
            "position": "2341000",
            "half": "1",
            "confidence": "0.7017273902893066"
        },
        {
            "gameTime": "1 - 20:57",
            "label": "Ball out of play",
            "position": "1257500",
            "half": "1",
            "confidence": "0.6917473077774048"
        },
        {
            "gameTime": "1 - 25:56",
            "label": "Ball out of play",
            "position": "1556500",
            "half": "1",
            "confidence": "0.6896894574165344"
        },
        {
            "gameTime": "1 - 19:7",
            "label": "Ball out of play",
            "position": "1147000",
            "half": "1",
            "confidence": "0.6791367530822754"
        },
        {
            "gameTime": "1 - 8:29",
            "label": "Ball out of play",
            "position": "509000",
            "half": "1",
            "confidence": "0.6773349642753601"
        },
        {
            "gameTime": "1 - 32:34",
            "label": "Ball out of play",
            "position": "1954000",
            "half": "1",
            "confidence": "0.6610684394836426"
        },
        {
            "gameTime": "1 - 43:50",
            "label": "Ball out of play",
            "position": "2630500",
            "half": "1",
            "confidence": "0.6469540596008301"
        },
        {
            "gameTime": "1 - 9:12",
            "label": "Ball out of play",
            "position": "552500",
            "half": "1",
            "confidence": "0.6382460594177246"
        },
        {
            "gameTime": "1 - 8:9",
            "label": "Ball out of play",
            "position": "489500",
            "half": "1",
            "confidence": "0.6378448605537415"
        },
        {
            "gameTime": "1 - 19:20",
            "label": "Ball out of play",
            "position": "1160000",
            "half": "1",
            "confidence": "0.6354959011077881"
        },
        {
            "gameTime": "1 - 31:5",
            "label": "Ball out of play",
            "position": "1865000",
            "half": "1",
            "confidence": "0.6156712174415588"
        },
        {
            "gameTime": "1 - 37:12",
            "label": "Ball out of play",
            "position": "2232000",
            "half": "1",
            "confidence": "0.6014575958251953"
        },
        {
            "gameTime": "1 - 14:11",
            "label": "Ball out of play",
            "position": "851500",
            "half": "1",
            "confidence": "0.5731433033943176"
        },
        {
            "gameTime": "1 - 25:4",
            "label": "Ball out of play",
            "position": "1504500",
            "half": "1",
            "confidence": "0.5703611969947815"
        },
        {
            "gameTime": "1 - 12:54",
            "label": "Ball out of play",
            "position": "774000",
            "half": "1",
            "confidence": "0.5667977333068848"
        },
        {
            "gameTime": "1 - 40:14",
            "label": "Ball out of play",
            "position": "2414500",
            "half": "1",
            "confidence": "0.5654139518737793"
        },
        {
            "gameTime": "1 - 20:21",
            "label": "Ball out of play",
            "position": "1221500",
            "half": "1",
            "confidence": "0.5647532939910889"
        },
        {
            "gameTime": "1 - 22:39",
            "label": "Ball out of play",
            "position": "1359500",
            "half": "1",
            "confidence": "0.5643132925033569"
        },
        {
            "gameTime": "1 - 40:3",
            "label": "Ball out of play",
            "position": "2403000",
            "half": "1",
            "confidence": "0.5575621128082275"
        },
        {
            "gameTime": "1 - 9:22",
            "label": "Ball out of play",
            "position": "562500",
            "half": "1",
            "confidence": "0.5539196729660034"
        },
        {
            "gameTime": "1 - 38:44",
            "label": "Ball out of play",
            "position": "2324500",
            "half": "1",
            "confidence": "0.5474017262458801"
        },
        {
            "gameTime": "1 - 37:33",
            "label": "Ball out of play",
            "position": "2253500",
            "half": "1",
            "confidence": "0.5441904067993164"
        },
        {
            "gameTime": "1 - 39:15",
            "label": "Ball out of play",
            "position": "2355500",
            "half": "1",
            "confidence": "0.5318090915679932"
        },
        {
            "gameTime": "1 - 0:25",
            "label": "Ball out of play",
            "position": "25000",
            "half": "1",
            "confidence": "0.527134120464325"
        },
        {
            "gameTime": "1 - 37:55",
            "label": "Ball out of play",
            "position": "2275000",
            "half": "1",
            "confidence": "0.5226388573646545"
        },
        {
            "gameTime": "1 - 25:46",
            "label": "Ball out of play",
            "position": "1546000",
            "half": "1",
            "confidence": "0.5060038566589355"
        },
        {
            "gameTime": "1 - 11:3",
            "label": "Throw-in",
            "position": "663000",
            "half": "1",
            "confidence": "0.9449400305747986"
        },
        {
            "gameTime": "1 - 7:53",
            "label": "Throw-in",
            "position": "473000",
            "half": "1",
            "confidence": "0.923258364200592"
        },
        {
            "gameTime": "1 - 21:7",
            "label": "Throw-in",
            "position": "1267000",
            "half": "1",
            "confidence": "0.9121434092521667"
        },
        {
            "gameTime": "1 - 25:58",
            "label": "Throw-in",
            "position": "1558000",
            "half": "1",
            "confidence": "0.9092403650283813"
        },
        {
            "gameTime": "1 - 0:21",
            "label": "Throw-in",
            "position": "21000",
            "half": "1",
            "confidence": "0.8573399782180786"
        },
        {
            "gameTime": "1 - 8:3",
            "label": "Throw-in",
            "position": "483000",
            "half": "1",
            "confidence": "0.8478760719299316"
        },
        {
            "gameTime": "1 - 13:17",
            "label": "Throw-in",
            "position": "797500",
            "half": "1",
            "confidence": "0.8407429456710815"
        },
        {
            "gameTime": "1 - 26:8",
            "label": "Throw-in",
            "position": "1568000",
            "half": "1",
            "confidence": "0.8184272050857544"
        },
        {
            "gameTime": "1 - 11:13",
            "label": "Throw-in",
            "position": "673000",
            "half": "1",
            "confidence": "0.7912223935127258"
        },
        {
            "gameTime": "1 - 8:22",
            "label": "Throw-in",
            "position": "502500",
            "half": "1",
            "confidence": "0.7218351364135742"
        },
        {
            "gameTime": "1 - 10:52",
            "label": "Throw-in",
            "position": "652500",
            "half": "1",
            "confidence": "0.7072186470031738"
        },
        {
            "gameTime": "1 - 13:4",
            "label": "Throw-in",
            "position": "784500",
            "half": "1",
            "confidence": "0.6938310861587524"
        },
        {
            "gameTime": "1 - 27:11",
            "label": "Throw-in",
            "position": "1631000",
            "half": "1",
            "confidence": "0.627691924571991"
        },
        {
            "gameTime": "1 - 38:50",
            "label": "Throw-in",
            "position": "2330500",
            "half": "1",
            "confidence": "0.6252118945121765"
        },
        {
            "gameTime": "1 - 6:48",
            "label": "Throw-in",
            "position": "408000",
            "half": "1",
            "confidence": "0.5776855945587158"
        },
        {
            "gameTime": "1 - 21:17",
            "label": "Throw-in",
            "position": "1277000",
            "half": "1",
            "confidence": "0.5571378469467163"
        },
        {
            "gameTime": "1 - 0:33",
            "label": "Throw-in",
            "position": "33000",
            "half": "1",
            "confidence": "0.5234101414680481"
        },
        {
            "gameTime": "1 - 16:12",
            "label": "Throw-in",
            "position": "972500",
            "half": "1",
            "confidence": "0.5197588801383972"
        },
        {
            "gameTime": "1 - 26:56",
            "label": "Throw-in",
            "position": "1616000",
            "half": "1",
            "confidence": "0.5060762763023376"
        },
        {
            "gameTime": "1 - 39:22",
            "label": "Foul",
            "position": "2362500",
            "half": "1",
            "confidence": "0.8280110359191895"
        },
        {
            "gameTime": "1 - 28:30",
            "label": "Foul",
            "position": "1710000",
            "half": "1",
            "confidence": "0.813926100730896"
        },
        {
            "gameTime": "1 - 20:15",
            "label": "Foul",
            "position": "1215000",
            "half": "1",
            "confidence": "0.7877165079116821"
        },
        {
            "gameTime": "1 - 13:23",
            "label": "Foul",
            "position": "803500",
            "half": "1",
            "confidence": "0.7354980111122131"
        },
        {
            "gameTime": "1 - 13:47",
            "label": "Foul",
            "position": "827000",
            "half": "1",
            "confidence": "0.596910297870636"
        },
        {
            "gameTime": "1 - 34:54",
            "label": "Indirect free-kick",
            "position": "2094500",
            "half": "1",
            "confidence": "0.7379389405250549"
        },
        {
            "gameTime": "1 - 13:49",
            "label": "Indirect free-kick",
            "position": "829500",
            "half": "1",
            "confidence": "0.669264018535614"
        },
        {
            "gameTime": "1 - 5:57",
            "label": "Indirect free-kick",
            "position": "357000",
            "half": "1",
            "confidence": "0.6606386303901672"
        },
        {
            "gameTime": "1 - 5:45",
            "label": "Indirect free-kick",
            "position": "345000",
            "half": "1",
            "confidence": "0.6563997864723206"
        },
        {
            "gameTime": "1 - 14:20",
            "label": "Indirect free-kick",
            "position": "860500",
            "half": "1",
            "confidence": "0.6494783759117126"
        },
        {
            "gameTime": "1 - 4:46",
            "label": "Indirect free-kick",
            "position": "286500",
            "half": "1",
            "confidence": "0.639016330242157"
        },
        {
            "gameTime": "1 - 19:37",
            "label": "Indirect free-kick",
            "position": "1177500",
            "half": "1",
            "confidence": "0.6225488185882568"
        },
        {
            "gameTime": "1 - 4:58",
            "label": "Indirect free-kick",
            "position": "298500",
            "half": "1",
            "confidence": "0.6182334423065186"
        },
        {
            "gameTime": "1 - 35:52",
            "label": "Indirect free-kick",
            "position": "2152500",
            "half": "1",
            "confidence": "0.6180016994476318"
        },
        {
            "gameTime": "1 - 5:33",
            "label": "Indirect free-kick",
            "position": "333000",
            "half": "1",
            "confidence": "0.6127883195877075"
        },
        {
            "gameTime": "1 - 40:40",
            "label": "Indirect free-kick",
            "position": "2440000",
            "half": "1",
            "confidence": "0.5953911542892456"
        },
        {
            "gameTime": "1 - 10:23",
            "label": "Indirect free-kick",
            "position": "623500",
            "half": "1",
            "confidence": "0.5938823223114014"
        },
        {
            "gameTime": "1 - 2:16",
            "label": "Indirect free-kick",
            "position": "136500",
            "half": "1",
            "confidence": "0.5842576026916504"
        },
        {
            "gameTime": "1 - 43:21",
            "label": "Indirect free-kick",
            "position": "2601000",
            "half": "1",
            "confidence": "0.5734408497810364"
        },
        {
            "gameTime": "1 - 36:13",
            "label": "Indirect free-kick",
            "position": "2173000",
            "half": "1",
            "confidence": "0.5636301040649414"
        },
        {
            "gameTime": "1 - 20:47",
            "label": "Indirect free-kick",
            "position": "1247500",
            "half": "1",
            "confidence": "0.5527926087379456"
        },
        {
            "gameTime": "1 - 17:43",
            "label": "Indirect free-kick",
            "position": "1063000",
            "half": "1",
            "confidence": "0.5354453325271606"
        },
        {
            "gameTime": "1 - 28:25",
            "label": "Indirect free-kick",
            "position": "1705000",
            "half": "1",
            "confidence": "0.530170202255249"
        },
        {
            "gameTime": "1 - 40:50",
            "label": "Indirect free-kick",
            "position": "2450000",
            "half": "1",
            "confidence": "0.5137845277786255"
        },
        {
            "gameTime": "1 - 2:2",
            "label": "Indirect free-kick",
            "position": "122500",
            "half": "1",
            "confidence": "0.5087986588478088"
        },
        {
            "gameTime": "1 - 2:47",
            "label": "Direct free-kick",
            "position": "167000",
            "half": "1",
            "confidence": "0.9859490990638733"
        },
        {
            "gameTime": "1 - 2:57",
            "label": "Direct free-kick",
            "position": "177000",
            "half": "1",
            "confidence": "0.826501727104187"
        },
        {
            "gameTime": "1 - 24:12",
            "label": "Direct free-kick",
            "position": "1452500",
            "half": "1",
            "confidence": "0.7614268660545349"
        },
        {
            "gameTime": "1 - 24:23",
            "label": "Direct free-kick",
            "position": "1463500",
            "half": "1",
            "confidence": "0.6787099838256836"
        },
        {
            "gameTime": "1 - 9:26",
            "label": "Corner",
            "position": "566000",
            "half": "1",
            "confidence": "0.8435444235801697"
        },
        {
            "gameTime": "1 - 37:23",
            "label": "Corner",
            "position": "2243000",
            "half": "1",
            "confidence": "0.7802907228469849"
        },
        {
            "gameTime": "1 - 9:13",
            "label": "Corner",
            "position": "553500",
            "half": "1",
            "confidence": "0.7323010563850403"
        },
        {
            "gameTime": "1 - 23:4",
            "label": "Corner",
            "position": "1384500",
            "half": "1",
            "confidence": "0.6819725036621094"
        },
        {
            "gameTime": "1 - 37:11",
            "label": "Corner",
            "position": "2231500",
            "half": "1",
            "confidence": "0.6498285531997681"
        },
        {
            "gameTime": "2 - 0:5",
            "label": "Kick-off",
            "position": "5000",
            "half": "2",
            "confidence": "0.7957859635353088"
        },
        {
            "gameTime": "2 - 43:19",
            "label": "Kick-off",
            "position": "2599500",
            "half": "2",
            "confidence": "0.7177460789680481"
        },
        {
            "gameTime": "2 - 3:26",
            "label": "Kick-off",
            "position": "206000",
            "half": "2",
            "confidence": "0.6673614382743835"
        },
        {
            "gameTime": "2 - 34:20",
            "label": "Kick-off",
            "position": "2060500",
            "half": "2",
            "confidence": "0.6543243527412415"
        },
        {
            "gameTime": "2 - 3:13",
            "label": "Kick-off",
            "position": "193500",
            "half": "2",
            "confidence": "0.6398141384124756"
        },
        {
            "gameTime": "2 - 14:35",
            "label": "Kick-off",
            "position": "875500",
            "half": "2",
            "confidence": "0.544130265712738"
        },
        {
            "gameTime": "2 - 34:9",
            "label": "Kick-off",
            "position": "2049000",
            "half": "2",
            "confidence": "0.5199341773986816"
        },
        {
            "gameTime": "2 - 33:19",
            "label": "Goal",
            "position": "1999500",
            "half": "2",
            "confidence": "0.9951778650283813"
        },
        {
            "gameTime": "2 - 33:6",
            "label": "Goal",
            "position": "1986500",
            "half": "2",
            "confidence": "0.949017345905304"
        },
        {
            "gameTime": "2 - 44:48",
            "label": "Goal",
            "position": "2688500",
            "half": "2",
            "confidence": "0.9457901120185852"
        },
        {
            "gameTime": "2 - 45:2",
            "label": "Goal",
            "position": "2702000",
            "half": "2",
            "confidence": "0.862941324710846"
        },
        {
            "gameTime": "2 - 26:15",
            "label": "Goal",
            "position": "1575000",
            "half": "2",
            "confidence": "0.6584643125534058"
        },
        {
            "gameTime": "2 - 6:13",
            "label": "Goal",
            "position": "373000",
            "half": "2",
            "confidence": "0.5326899290084839"
        },
        {
            "gameTime": "2 - 25:30",
            "label": "Substitution",
            "position": "1530000",
            "half": "2",
            "confidence": "0.9704738259315491"
        },
        {
            "gameTime": "2 - 44:38",
            "label": "Substitution",
            "position": "2678500",
            "half": "2",
            "confidence": "0.7667106986045837"
        },
        {
            "gameTime": "2 - 25:40",
            "label": "Substitution",
            "position": "1540000",
            "half": "2",
            "confidence": "0.7580377459526062"
        },
        {
            "gameTime": "2 - 21:48",
            "label": "Substitution",
            "position": "1308000",
            "half": "2",
            "confidence": "0.7427177429199219"
        },
        {
            "gameTime": "2 - 21:33",
            "label": "Substitution",
            "position": "1293000",
            "half": "2",
            "confidence": "0.5628518462181091"
        },
        {
            "gameTime": "2 - 23:30",
            "label": "Offside",
            "position": "1410000",
            "half": "2",
            "confidence": "0.8181045055389404"
        },
        {
            "gameTime": "2 - 42:5",
            "label": "Offside",
            "position": "2525500",
            "half": "2",
            "confidence": "0.5029995441436768"
        },
        {
            "gameTime": "2 - 33:18",
            "label": "Shots on target",
            "position": "1998500",
            "half": "2",
            "confidence": "0.9457203149795532"
        },
        {
            "gameTime": "2 - 33:6",
            "label": "Shots on target",
            "position": "1986000",
            "half": "2",
            "confidence": "0.9352200627326965"
        },
        {
            "gameTime": "2 - 44:48",
            "label": "Shots on target",
            "position": "2688500",
            "half": "2",
            "confidence": "0.7660346627235413"
        },
        {
            "gameTime": "2 - 45:2",
            "label": "Shots on target",
            "position": "2702500",
            "half": "2",
            "confidence": "0.7209317684173584"
        },
        {
            "gameTime": "2 - 14:16",
            "label": "Shots on target",
            "position": "856500",
            "half": "2",
            "confidence": "0.6923486590385437"
        },
        {
            "gameTime": "2 - 27:39",
            "label": "Shots on target",
            "position": "1659500",
            "half": "2",
            "confidence": "0.6661028265953064"
        },
        {
            "gameTime": "2 - 41:14",
            "label": "Shots on target",
            "position": "2474000",
            "half": "2",
            "confidence": "0.6659237146377563"
        },
        {
            "gameTime": "2 - 14:5",
            "label": "Shots on target",
            "position": "845500",
            "half": "2",
            "confidence": "0.6259597539901733"
        },
        {
            "gameTime": "2 - 6:13",
            "label": "Shots on target",
            "position": "373500",
            "half": "2",
            "confidence": "0.5919725298881531"
        },
        {
            "gameTime": "2 - 8:21",
            "label": "Shots on target",
            "position": "501500",
            "half": "2",
            "confidence": "0.5722841620445251"
        },
        {
            "gameTime": "2 - 23:21",
            "label": "Shots on target",
            "position": "1401500",
            "half": "2",
            "confidence": "0.5721389651298523"
        },
        {
            "gameTime": "2 - 27:49",
            "label": "Shots on target",
            "position": "1669500",
            "half": "2",
            "confidence": "0.5660542249679565"
        },
        {
            "gameTime": "2 - 12:20",
            "label": "Shots on target",
            "position": "740000",
            "half": "2",
            "confidence": "0.5619914531707764"
        },
        {
            "gameTime": "2 - 29:0",
            "label": "Shots on target",
            "position": "1740500",
            "half": "2",
            "confidence": "0.5563529133796692"
        },
        {
            "gameTime": "2 - 10:17",
            "label": "Shots on target",
            "position": "617000",
            "half": "2",
            "confidence": "0.5099744200706482"
        },
        {
            "gameTime": "2 - 45:13",
            "label": "Shots on target",
            "position": "2713000",
            "half": "2",
            "confidence": "0.5090514421463013"
        },
        {
            "gameTime": "2 - 1:42",
            "label": "Shots on target",
            "position": "102500",
            "half": "2",
            "confidence": "0.5087299942970276"
        },
        {
            "gameTime": "2 - 18:17",
            "label": "Shots off target",
            "position": "1097500",
            "half": "2",
            "confidence": "0.8814781308174133"
        },
        {
            "gameTime": "2 - 18:7",
            "label": "Shots off target",
            "position": "1087000",
            "half": "2",
            "confidence": "0.7773382663726807"
        },
        {
            "gameTime": "2 - 41:8",
            "label": "Shots off target",
            "position": "2468000",
            "half": "2",
            "confidence": "0.7532984614372253"
        },
        {
            "gameTime": "2 - 40:35",
            "label": "Shots off target",
            "position": "2435500",
            "half": "2",
            "confidence": "0.7397382855415344"
        },
        {
            "gameTime": "2 - 16:30",
            "label": "Shots off target",
            "position": "990500",
            "half": "2",
            "confidence": "0.6557178497314453"
        },
        {
            "gameTime": "2 - 42:1",
            "label": "Shots off target",
            "position": "2521500",
            "half": "2",
            "confidence": "0.6287921667098999"
        },
        {
            "gameTime": "2 - 41:20",
            "label": "Shots off target",
            "position": "2480000",
            "half": "2",
            "confidence": "0.6241285800933838"
        },
        {
            "gameTime": "2 - 1:41",
            "label": "Shots off target",
            "position": "101500",
            "half": "2",
            "confidence": "0.6077354550361633"
        },
        {
            "gameTime": "2 - 40:45",
            "label": "Shots off target",
            "position": "2445500",
            "half": "2",
            "confidence": "0.5700976848602295"
        },
        {
            "gameTime": "2 - 5:7",
            "label": "Shots off target",
            "position": "307000",
            "half": "2",
            "confidence": "0.5237945914268494"
        },
        {
            "gameTime": "2 - 44:50",
            "label": "Shots off target",
            "position": "2690000",
            "half": "2",
            "confidence": "0.5130177736282349"
        },
        {
            "gameTime": "2 - 41:49",
            "label": "Shots off target",
            "position": "2509500",
            "half": "2",
            "confidence": "0.510625422000885"
        },
        {
            "gameTime": "2 - 14:17",
            "label": "Shots off target",
            "position": "857000",
            "half": "2",
            "confidence": "0.5054379105567932"
        },
        {
            "gameTime": "2 - 15:12",
            "label": "Clearance",
            "position": "912000",
            "half": "2",
            "confidence": "0.8882433176040649"
        },
        {
            "gameTime": "2 - 26:55",
            "label": "Clearance",
            "position": "1615500",
            "half": "2",
            "confidence": "0.5601381063461304"
        },
        {
            "gameTime": "2 - 35:43",
            "label": "Clearance",
            "position": "2143500",
            "half": "2",
            "confidence": "0.5252707004547119"
        },
        {
            "gameTime": "2 - 35:56",
            "label": "Clearance",
            "position": "2156000",
            "half": "2",
            "confidence": "0.513925313949585"
        },
        {
            "gameTime": "2 - 5:13",
            "label": "Ball out of play",
            "position": "313000",
            "half": "2",
            "confidence": "0.9406731724739075"
        },
        {
            "gameTime": "2 - 9:26",
            "label": "Ball out of play",
            "position": "566500",
            "half": "2",
            "confidence": "0.920076310634613"
        },
        {
            "gameTime": "2 - 44:49",
            "label": "Ball out of play",
            "position": "2689000",
            "half": "2",
            "confidence": "0.9061890840530396"
        },
        {
            "gameTime": "2 - 18:20",
            "label": "Ball out of play",
            "position": "1100000",
            "half": "2",
            "confidence": "0.8872324228286743"
        },
        {
            "gameTime": "2 - 12:3",
            "label": "Ball out of play",
            "position": "723000",
            "half": "2",
            "confidence": "0.8859851956367493"
        },
        {
            "gameTime": "2 - 17:41",
            "label": "Ball out of play",
            "position": "1061500",
            "half": "2",
            "confidence": "0.866466760635376"
        },
        {
            "gameTime": "2 - 14:7",
            "label": "Ball out of play",
            "position": "847500",
            "half": "2",
            "confidence": "0.8652356266975403"
        },
        {
            "gameTime": "2 - 18:9",
            "label": "Ball out of play",
            "position": "1089500",
            "half": "2",
            "confidence": "0.8597836494445801"
        },
        {
            "gameTime": "2 - 9:36",
            "label": "Ball out of play",
            "position": "576500",
            "half": "2",
            "confidence": "0.8500137329101562"
        },
        {
            "gameTime": "2 - 25:2",
            "label": "Ball out of play",
            "position": "1502000",
            "half": "2",
            "confidence": "0.8487507700920105"
        },
        {
            "gameTime": "2 - 18:55",
            "label": "Ball out of play",
            "position": "1135000",
            "half": "2",
            "confidence": "0.8486446738243103"
        },
        {
            "gameTime": "2 - 18:36",
            "label": "Ball out of play",
            "position": "1116000",
            "half": "2",
            "confidence": "0.8438783288002014"
        },
        {
            "gameTime": "2 - 4:58",
            "label": "Ball out of play",
            "position": "298000",
            "half": "2",
            "confidence": "0.8244036436080933"
        },
        {
            "gameTime": "2 - 11:43",
            "label": "Ball out of play",
            "position": "703000",
            "half": "2",
            "confidence": "0.8222073316574097"
        },
        {
            "gameTime": "2 - 17:52",
            "label": "Ball out of play",
            "position": "1072000",
            "half": "2",
            "confidence": "0.8090655207633972"
        },
        {
            "gameTime": "2 - 31:4",
            "label": "Ball out of play",
            "position": "1864500",
            "half": "2",
            "confidence": "0.8056700229644775"
        },
        {
            "gameTime": "2 - 5:27",
            "label": "Ball out of play",
            "position": "327000",
            "half": "2",
            "confidence": "0.7987434267997742"
        },
        {
            "gameTime": "2 - 7:12",
            "label": "Ball out of play",
            "position": "432000",
            "half": "2",
            "confidence": "0.7964610457420349"
        },
        {
            "gameTime": "2 - 5:41",
            "label": "Ball out of play",
            "position": "341500",
            "half": "2",
            "confidence": "0.7962018251419067"
        },
        {
            "gameTime": "2 - 39:33",
            "label": "Ball out of play",
            "position": "2373000",
            "half": "2",
            "confidence": "0.7800350785255432"
        },
        {
            "gameTime": "2 - 39:45",
            "label": "Ball out of play",
            "position": "2385000",
            "half": "2",
            "confidence": "0.7627377510070801"
        },
        {
            "gameTime": "2 - 44:59",
            "label": "Ball out of play",
            "position": "2699000",
            "half": "2",
            "confidence": "0.7504274845123291"
        },
        {
            "gameTime": "2 - 35:18",
            "label": "Ball out of play",
            "position": "2118000",
            "half": "2",
            "confidence": "0.739592432975769"
        },
        {
            "gameTime": "2 - 14:18",
            "label": "Ball out of play",
            "position": "858500",
            "half": "2",
            "confidence": "0.7143529653549194"
        },
        {
            "gameTime": "2 - 27:19",
            "label": "Ball out of play",
            "position": "1639000",
            "half": "2",
            "confidence": "0.705997109413147"
        },
        {
            "gameTime": "2 - 7:24",
            "label": "Ball out of play",
            "position": "444000",
            "half": "2",
            "confidence": "0.7049574255943298"
        },
        {
            "gameTime": "2 - 41:54",
            "label": "Ball out of play",
            "position": "2514000",
            "half": "2",
            "confidence": "0.7029594779014587"
        },
        {
            "gameTime": "2 - 19:59",
            "label": "Ball out of play",
            "position": "1199500",
            "half": "2",
            "confidence": "0.6950657367706299"
        },
        {
            "gameTime": "2 - 39:0",
            "label": "Ball out of play",
            "position": "2340000",
            "half": "2",
            "confidence": "0.6898048520088196"
        },
        {
            "gameTime": "2 - 22:27",
            "label": "Ball out of play",
            "position": "1347000",
            "half": "2",
            "confidence": "0.6877646446228027"
        },
        {
            "gameTime": "2 - 37:44",
            "label": "Ball out of play",
            "position": "2264500",
            "half": "2",
            "confidence": "0.6847925782203674"
        },
        {
            "gameTime": "2 - 5:55",
            "label": "Ball out of play",
            "position": "355000",
            "half": "2",
            "confidence": "0.6825894713401794"
        },
        {
            "gameTime": "2 - 38:15",
            "label": "Ball out of play",
            "position": "2295500",
            "half": "2",
            "confidence": "0.6748791933059692"
        },
        {
            "gameTime": "2 - 11:32",
            "label": "Ball out of play",
            "position": "692500",
            "half": "2",
            "confidence": "0.6653345227241516"
        },
        {
            "gameTime": "2 - 23:22",
            "label": "Ball out of play",
            "position": "1402500",
            "half": "2",
            "confidence": "0.6400153040885925"
        },
        {
            "gameTime": "2 - 37:54",
            "label": "Ball out of play",
            "position": "2274500",
            "half": "2",
            "confidence": "0.6305656433105469"
        },
        {
            "gameTime": "2 - 0:22",
            "label": "Ball out of play",
            "position": "22500",
            "half": "2",
            "confidence": "0.6285466551780701"
        },
        {
            "gameTime": "2 - 9:47",
            "label": "Ball out of play",
            "position": "587000",
            "half": "2",
            "confidence": "0.6275025010108948"
        },
        {
            "gameTime": "2 - 21:12",
            "label": "Ball out of play",
            "position": "1272000",
            "half": "2",
            "confidence": "0.6244693994522095"
        },
        {
            "gameTime": "2 - 30:54",
            "label": "Ball out of play",
            "position": "1854000",
            "half": "2",
            "confidence": "0.6124829053878784"
        },
        {
            "gameTime": "2 - 1:47",
            "label": "Ball out of play",
            "position": "107000",
            "half": "2",
            "confidence": "0.6011675000190735"
        },
        {
            "gameTime": "2 - 22:56",
            "label": "Ball out of play",
            "position": "1376500",
            "half": "2",
            "confidence": "0.5993530750274658"
        },
        {
            "gameTime": "2 - 42:59",
            "label": "Ball out of play",
            "position": "2579000",
            "half": "2",
            "confidence": "0.5902491807937622"
        },
        {
            "gameTime": "2 - 22:46",
            "label": "Ball out of play",
            "position": "1366000",
            "half": "2",
            "confidence": "0.5777816772460938"
        },
        {
            "gameTime": "2 - 33:12",
            "label": "Ball out of play",
            "position": "1992500",
            "half": "2",
            "confidence": "0.5742635726928711"
        },
        {
            "gameTime": "2 - 23:32",
            "label": "Ball out of play",
            "position": "1412500",
            "half": "2",
            "confidence": "0.5525968074798584"
        },
        {
            "gameTime": "2 - 25:12",
            "label": "Ball out of play",
            "position": "1512000",
            "half": "2",
            "confidence": "0.5473768711090088"
        },
        {
            "gameTime": "2 - 42:4",
            "label": "Ball out of play",
            "position": "2524000",
            "half": "2",
            "confidence": "0.5456758737564087"
        },
        {
            "gameTime": "2 - 37:34",
            "label": "Ball out of play",
            "position": "2254000",
            "half": "2",
            "confidence": "0.5414705872535706"
        },
        {
            "gameTime": "2 - 38:25",
            "label": "Ball out of play",
            "position": "2305500",
            "half": "2",
            "confidence": "0.5393105745315552"
        },
        {
            "gameTime": "2 - 2:43",
            "label": "Ball out of play",
            "position": "163500",
            "half": "2",
            "confidence": "0.5372834205627441"
        },
        {
            "gameTime": "2 - 3:44",
            "label": "Ball out of play",
            "position": "224500",
            "half": "2",
            "confidence": "0.5349844098091125"
        },
        {
            "gameTime": "2 - 9:15",
            "label": "Ball out of play",
            "position": "555000",
            "half": "2",
            "confidence": "0.527604877948761"
        },
        {
            "gameTime": "2 - 19:5",
            "label": "Ball out of play",
            "position": "1145000",
            "half": "2",
            "confidence": "0.5242676734924316"
        },
        {
            "gameTime": "2 - 35:28",
            "label": "Ball out of play",
            "position": "2128000",
            "half": "2",
            "confidence": "0.5032737851142883"
        },
        {
            "gameTime": "2 - 9:30",
            "label": "Throw-in",
            "position": "570500",
            "half": "2",
            "confidence": "0.9918895363807678"
        },
        {
            "gameTime": "2 - 9:41",
            "label": "Throw-in",
            "position": "581500",
            "half": "2",
            "confidence": "0.989978551864624"
        },
        {
            "gameTime": "2 - 39:32",
            "label": "Throw-in",
            "position": "2372000",
            "half": "2",
            "confidence": "0.8907568454742432"
        },
        {
            "gameTime": "2 - 12:2",
            "label": "Throw-in",
            "position": "722500",
            "half": "2",
            "confidence": "0.8643227815628052"
        },
        {
            "gameTime": "2 - 9:54",
            "label": "Throw-in",
            "position": "594000",
            "half": "2",
            "confidence": "0.8293313384056091"
        },
        {
            "gameTime": "2 - 38:15",
            "label": "Throw-in",
            "position": "2295500",
            "half": "2",
            "confidence": "0.7799649238586426"
        },
        {
            "gameTime": "2 - 5:57",
            "label": "Throw-in",
            "position": "357000",
            "half": "2",
            "confidence": "0.729907751083374"
        },
        {
            "gameTime": "2 - 18:42",
            "label": "Throw-in",
            "position": "1122000",
            "half": "2",
            "confidence": "0.706848680973053"
        },
        {
            "gameTime": "2 - 2:43",
            "label": "Throw-in",
            "position": "163500",
            "half": "2",
            "confidence": "0.7030668258666992"
        },
        {
            "gameTime": "2 - 11:50",
            "label": "Throw-in",
            "position": "710500",
            "half": "2",
            "confidence": "0.7028549313545227"
        },
        {
            "gameTime": "2 - 22:59",
            "label": "Throw-in",
            "position": "1379000",
            "half": "2",
            "confidence": "0.6992466449737549"
        },
        {
            "gameTime": "2 - 42:58",
            "label": "Throw-in",
            "position": "2578000",
            "half": "2",
            "confidence": "0.667725145816803"
        },
        {
            "gameTime": "2 - 3:57",
            "label": "Throw-in",
            "position": "237000",
            "half": "2",
            "confidence": "0.6229789853096008"
        },
        {
            "gameTime": "2 - 38:25",
            "label": "Throw-in",
            "position": "2305500",
            "half": "2",
            "confidence": "0.6067392826080322"
        },
        {
            "gameTime": "2 - 31:18",
            "label": "Throw-in",
            "position": "1878500",
            "half": "2",
            "confidence": "0.5538182854652405"
        },
        {
            "gameTime": "2 - 3:46",
            "label": "Throw-in",
            "position": "226000",
            "half": "2",
            "confidence": "0.5494542717933655"
        },
        {
            "gameTime": "2 - 22:29",
            "label": "Throw-in",
            "position": "1349500",
            "half": "2",
            "confidence": "0.5377659201622009"
        },
        {
            "gameTime": "2 - 39:44",
            "label": "Throw-in",
            "position": "2384500",
            "half": "2",
            "confidence": "0.5374889969825745"
        },
        {
            "gameTime": "2 - 5:42",
            "label": "Throw-in",
            "position": "342500",
            "half": "2",
            "confidence": "0.5314962267875671"
        },
        {
            "gameTime": "2 - 9:15",
            "label": "Throw-in",
            "position": "555500",
            "half": "2",
            "confidence": "0.5237342715263367"
        },
        {
            "gameTime": "2 - 25:2",
            "label": "Throw-in",
            "position": "1502500",
            "half": "2",
            "confidence": "0.5223662853240967"
        },
        {
            "gameTime": "2 - 12:42",
            "label": "Foul",
            "position": "762000",
            "half": "2",
            "confidence": "0.8550288677215576"
        },
        {
            "gameTime": "2 - 32:18",
            "label": "Foul",
            "position": "1938500",
            "half": "2",
            "confidence": "0.7357029318809509"
        },
        {
            "gameTime": "2 - 15:27",
            "label": "Foul",
            "position": "927500",
            "half": "2",
            "confidence": "0.7352997064590454"
        },
        {
            "gameTime": "2 - 16:2",
            "label": "Foul",
            "position": "962000",
            "half": "2",
            "confidence": "0.6524257063865662"
        },
        {
            "gameTime": "2 - 28:9",
            "label": "Foul",
            "position": "1689500",
            "half": "2",
            "confidence": "0.600045382976532"
        },
        {
            "gameTime": "2 - 30:1",
            "label": "Foul",
            "position": "1801000",
            "half": "2",
            "confidence": "0.5703954100608826"
        },
        {
            "gameTime": "2 - 40:4",
            "label": "Foul",
            "position": "2404000",
            "half": "2",
            "confidence": "0.5359556674957275"
        },
        {
            "gameTime": "2 - 43:36",
            "label": "Foul",
            "position": "2616000",
            "half": "2",
            "confidence": "0.5268667936325073"
        },
        {
            "gameTime": "2 - 20:20",
            "label": "Indirect free-kick",
            "position": "1220000",
            "half": "2",
            "confidence": "0.8044796586036682"
        },
        {
            "gameTime": "2 - 8:48",
            "label": "Indirect free-kick",
            "position": "528000",
            "half": "2",
            "confidence": "0.7557206749916077"
        },
        {
            "gameTime": "2 - 43:32",
            "label": "Indirect free-kick",
            "position": "2612000",
            "half": "2",
            "confidence": "0.7393272519111633"
        },
        {
            "gameTime": "2 - 2:8",
            "label": "Indirect free-kick",
            "position": "128000",
            "half": "2",
            "confidence": "0.6967914700508118"
        },
        {
            "gameTime": "2 - 1:16",
            "label": "Indirect free-kick",
            "position": "76000",
            "half": "2",
            "confidence": "0.6824999451637268"
        },
        {
            "gameTime": "2 - 31:50",
            "label": "Indirect free-kick",
            "position": "1910500",
            "half": "2",
            "confidence": "0.6726872324943542"
        },
        {
            "gameTime": "2 - 3:0",
            "label": "Indirect free-kick",
            "position": "180000",
            "half": "2",
            "confidence": "0.6628060936927795"
        },
        {
            "gameTime": "2 - 40:58",
            "label": "Indirect free-kick",
            "position": "2458500",
            "half": "2",
            "confidence": "0.6271757483482361"
        },
        {
            "gameTime": "2 - 32:17",
            "label": "Indirect free-kick",
            "position": "1937500",
            "half": "2",
            "confidence": "0.6263075470924377"
        },
        {
            "gameTime": "2 - 17:22",
            "label": "Indirect free-kick",
            "position": "1042000",
            "half": "2",
            "confidence": "0.6070901155471802"
        },
        {
            "gameTime": "2 - 1:26",
            "label": "Indirect free-kick",
            "position": "86000",
            "half": "2",
            "confidence": "0.5973926186561584"
        },
        {
            "gameTime": "2 - 34:30",
            "label": "Indirect free-kick",
            "position": "2070000",
            "half": "2",
            "confidence": "0.5922026038169861"
        },
        {
            "gameTime": "2 - 16:30",
            "label": "Indirect free-kick",
            "position": "990000",
            "half": "2",
            "confidence": "0.5902419686317444"
        },
        {
            "gameTime": "2 - 43:21",
            "label": "Indirect free-kick",
            "position": "2601500",
            "half": "2",
            "confidence": "0.5817137360572815"
        },
        {
            "gameTime": "2 - 15:28",
            "label": "Indirect free-kick",
            "position": "928000",
            "half": "2",
            "confidence": "0.5700815916061401"
        },
        {
            "gameTime": "2 - 15:46",
            "label": "Indirect free-kick",
            "position": "946000",
            "half": "2",
            "confidence": "0.5647842288017273"
        },
        {
            "gameTime": "2 - 13:12",
            "label": "Indirect free-kick",
            "position": "792500",
            "half": "2",
            "confidence": "0.5303083658218384"
        },
        {
            "gameTime": "2 - 32:32",
            "label": "Indirect free-kick",
            "position": "1952000",
            "half": "2",
            "confidence": "0.5299448370933533"
        },
        {
            "gameTime": "2 - 14:23",
            "label": "Indirect free-kick",
            "position": "863000",
            "half": "2",
            "confidence": "0.5273054838180542"
        },
        {
            "gameTime": "2 - 1:56",
            "label": "Indirect free-kick",
            "position": "116500",
            "half": "2",
            "confidence": "0.523371696472168"
        },
        {
            "gameTime": "2 - 27:0",
            "label": "Indirect free-kick",
            "position": "1620500",
            "half": "2",
            "confidence": "0.5149801969528198"
        },
        {
            "gameTime": "2 - 8:37",
            "label": "Indirect free-kick",
            "position": "517500",
            "half": "2",
            "confidence": "0.5011348724365234"
        },
        {
            "gameTime": "2 - 40:38",
            "label": "Direct free-kick",
            "position": "2438000",
            "half": "2",
            "confidence": "0.9931479096412659"
        },
        {
            "gameTime": "2 - 40:48",
            "label": "Direct free-kick",
            "position": "2448000",
            "half": "2",
            "confidence": "0.9897174835205078"
        },
        {
            "gameTime": "2 - 30:43",
            "label": "Direct free-kick",
            "position": "1843500",
            "half": "2",
            "confidence": "0.8397380113601685"
        },
        {
            "gameTime": "2 - 28:42",
            "label": "Direct free-kick",
            "position": "1722000",
            "half": "2",
            "confidence": "0.8065513372421265"
        },
        {
            "gameTime": "2 - 12:18",
            "label": "Direct free-kick",
            "position": "738000",
            "half": "2",
            "confidence": "0.7869093418121338"
        },
        {
            "gameTime": "2 - 16:30",
            "label": "Direct free-kick",
            "position": "990500",
            "half": "2",
            "confidence": "0.705282986164093"
        },
        {
            "gameTime": "2 - 44:42",
            "label": "Direct free-kick",
            "position": "2682500",
            "half": "2",
            "confidence": "0.5557012557983398"
        },
        {
            "gameTime": "2 - 37:43",
            "label": "Corner",
            "position": "2263000",
            "half": "2",
            "confidence": "0.9539940357208252"
        },
        {
            "gameTime": "2 - 37:53",
            "label": "Corner",
            "position": "2273000",
            "half": "2",
            "confidence": "0.8387395143508911"
        },
        {
            "gameTime": "2 - 45:5",
            "label": "Corner",
            "position": "2705500",
            "half": "2",
            "confidence": "0.731691300868988"
        },
        {
            "gameTime": "2 - 5:30",
            "label": "Corner",
            "position": "330500",
            "half": "2",
            "confidence": "0.7125089168548584"
        },
        {
            "gameTime": "2 - 5:14",
            "label": "Corner",
            "position": "314500",
            "half": "2",
            "confidence": "0.5728102326393127"
        },
        {
            "gameTime": "2 - 16:32",
            "label": "Corner",
            "position": "992500",
            "half": "2",
            "confidence": "0.5231039524078369"
        },
        {
            "gameTime": "2 - 16:17",
            "label": "Yellow card",
            "position": "977000",
            "half": "2",
            "confidence": "0.8649395704269409"
        },
        {
            "gameTime": "2 - 28:23",
            "label": "Yellow card",
            "position": "1703000",
            "half": "2",
            "confidence": "0.7659624218940735"
        },
        {
            "gameTime": "2 - 12:46",
            "label": "Yellow card",
            "position": "766000",
            "half": "2",
            "confidence": "0.5194991827011108"
        }
    ]
}