{
    "UrlLocal": "germany_bundesliga/2016-2017/2016-12-17 - 18-00 Leipzig 2 - 0 Hertha",
    "UrlYoutube": "",
    "annotations": [
        {
            "change_type": "",
            "gameTime": "1 - 04:16",
            "label": "",
            "position": "256203",
            "replay": "real-time"
        },
        {
            "change_type": "",
            "gameTime": "1 - 04:22",
            "label": "",
            "position": "262002",
            "replay": "other"
        },
        {
            "change_type": "",
            "gameTime": "1 - 05:17",
            "label": "",
            "position": "317907",
            "replay": "real-time"
        },
        {
            "change_type": "",
            "gameTime": "1 - 05:25",
            "label": "",
            "link": "",
            "position": "325947",
            "replay": "replay"
        },
        {
            "change_type": "",
            "gameTime": "1 - 07:07",
            "label": "",
            "position": "427292",
            "replay": "real-time"
        },
        {
            "change_type": "",
            "gameTime": "1 - 07:15",
            "label": "",
            "link": "",
            "position": "435572",
            "replay": "replay"
        },
        {
            "change_type": "",
            "gameTime": "1 - 07:21",
            "label": "",
            "link": "",
            "position": "441676",
            "replay": "replay"
        },
        {
            "change_type": "",
            "gameTime": "1 - 13:12",
            "label": "",
            "position": "792182",
            "replay": "real-time"
        },
        {
            "change_type": "",
            "gameTime": "1 - 13:17",
            "label": "",
            "link": "",
            "position": "797582",
            "replay": "replay"
        },
        {
            "change_type": "",
            "gameTime": "1 - 13:17",
            "label": "",
            "position": "797582",
            "replay": "other"
        },
        {
            "change_type": "",
            "gameTime": "1 - 13:28",
            "label": "",
            "position": "808302",
            "replay": "other"
        },
        {
            "change_type": "",
            "gameTime": "1 - 15:54",
            "label": "",
            "position": "954785",
            "replay": "real-time"
        },
        {
            "change_type": "",
            "gameTime": "1 - 16:07",
            "label": "",
            "link": "",
            "position": "967185",
            "replay": "replay"
        },
        {
            "change_type": "",
            "gameTime": "1 - 19:42",
            "label": "",
            "position": "1182562",
            "replay": "real-time"
        },
        {
            "change_type": "",
            "gameTime": "1 - 19:52",
            "label": "",
            "link": "",
            "position": "1192522",
            "replay": "replay"
        },
        {
            "change_type": "",
            "gameTime": "1 - 24:06",
            "label": "",
            "position": "1446980",
            "replay": "real-time"
        },
        {
            "change_type": "",
            "gameTime": "1 - 24:13",
            "label": "",
            "link": "",
            "position": "1453900",
            "replay": "replay"
        },
        {
            "change_type": "",
            "gameTime": "1 - 24:19",
            "label": "",
            "link": "",
            "position": "1459820",
            "replay": "replay"
        },
        {
            "change_type": "",
            "gameTime": "1 - 25:31",
            "label": "",
            "position": "1531060",
            "replay": "real-time"
        },
        {
            "change_type": "",
            "gameTime": "1 - 25:37",
            "label": "",
            "link": "",
            "position": "1537500",
            "replay": "replay"
        },
        {
            "change_type": "",
            "gameTime": "1 - 25:43",
            "label": "",
            "link": "",
            "position": "1543580",
            "replay": "replay"
        },
        {
            "change_type": "",
            "gameTime": "1 - 26:53",
            "label": "",
            "position": "1613242",
            "replay": "real-time"
        },
        {
            "change_type": "",
            "gameTime": "1 - 26:58",
            "label": "",
            "position": "1618602",
            "replay": "other"
        },
        {
            "change_type": "",
            "gameTime": "1 - 27:07",
            "label": "",
            "position": "1627962",
            "replay": "other"
        },
        {
            "change_type": "",
            "gameTime": "1 - 30:45",
            "label": "",
            "position": "1845294",
            "replay": "real-time"
        },
        {
            "change_type": "",
            "gameTime": "1 - 30:52",
            "label": "",
            "link": "",
            "position": "1852814",
            "replay": "replay"
        },
        {
            "change_type": "",
            "gameTime": "1 - 33:21",
            "label": "",
            "position": "2001885",
            "replay": "real-time"
        },
        {
            "change_type": "",
            "gameTime": "1 - 33:28",
            "label": "",
            "position": "2008965",
            "replay": "other"
        },
        {
            "change_type": "",
            "gameTime": "1 - 35:28",
            "label": "",
            "position": "2128206",
            "replay": "real-time"
        },
        {
            "change_type": "",
            "gameTime": "1 - 35:31",
            "label": "",
            "position": "2131942",
            "replay": "other"
        },
        {
            "change_type": "",
            "gameTime": "1 - 38:26",
            "label": "",
            "position": "2306329",
            "replay": "real-time"
        },
        {
            "change_type": "",
            "gameTime": "1 - 38:35",
            "label": "",
            "link": "",
            "position": "2315569",
            "replay": "replay"
        },
        {
            "change_type": "",
            "gameTime": "1 - 40:27",
            "label": "",
            "position": "2427290",
            "replay": "real-time"
        },
        {
            "change_type": "",
            "gameTime": "1 - 40:33",
            "label": "",
            "link": "",
            "position": "2433690",
            "replay": "replay"
        },
        {
            "change_type": "",
            "gameTime": "1 - 40:41",
            "label": "",
            "link": "",
            "position": "2441130",
            "replay": "replay"
        },
        {
            "change_type": "",
            "gameTime": "1 - 40:53",
            "label": "",
            "link": "",
            "position": "2453410",
            "replay": "replay"
        },
        {
            "change_type": "",
            "gameTime": "1 - 44:13",
            "label": "",
            "position": "2653016",
            "replay": "real-time"
        },
        {
            "change_type": "",
            "gameTime": "1 - 44:21",
            "label": "",
            "link": "",
            "position": "2661136",
            "replay": "replay"
        },
        {
            "change_type": "",
            "gameTime": "1 - 44:27",
            "label": "",
            "link": "",
            "position": "2667496",
            "replay": "replay"
        },
        {
            "change_type": "",
            "gameTime": "1 - 44:34",
            "label": "",
            "position": "2674456",
            "replay": "other"
        },
        {
            "change_type": "",
            "gameTime": "2 - 01:46",
            "label": "",
            "position": "106925",
            "replay": "real-time"
        },
        {
            "change_type": "",
            "gameTime": "2 - 01:56",
            "label": "",
            "link": "",
            "position": "116025",
            "replay": "replay"
        },
        {
            "change_type": "",
            "gameTime": "2 - 04:43",
            "label": "",
            "position": "283722",
            "replay": "real-time"
        },
        {
            "change_type": "",
            "gameTime": "2 - 04:53",
            "label": "",
            "position": "293322",
            "replay": "other"
        },
        {
            "change_type": "",
            "gameTime": "2 - 06:45",
            "label": "",
            "position": "405609",
            "replay": "real-time"
        },
        {
            "change_type": "",
            "gameTime": "2 - 06:53",
            "label": "",
            "link": "",
            "position": "413449",
            "replay": "replay"
        },
        {
            "change_type": "",
            "gameTime": "2 - 07:07",
            "label": "",
            "position": "427979",
            "replay": "real-time"
        },
        {
            "change_type": "",
            "gameTime": "2 - 07:14",
            "label": "",
            "link": "",
            "position": "434819",
            "replay": "replay"
        },
        {
            "change_type": "",
            "gameTime": "2 - 11:04",
            "label": "",
            "position": "664453",
            "replay": "real-time"
        },
        {
            "change_type": "",
            "gameTime": "2 - 11:11",
            "label": "",
            "position": "671373",
            "replay": "other"
        },
        {
            "change_type": "",
            "gameTime": "2 - 13:27",
            "label": "",
            "position": "807776",
            "replay": "real-time"
        },
        {
            "change_type": "",
            "gameTime": "2 - 13:35",
            "label": "",
            "link": "",
            "position": "815066",
            "replay": "replay"
        },
        {
            "change_type": "",
            "gameTime": "2 - 13:42",
            "label": "",
            "link": "",
            "position": "822786",
            "replay": "replay"
        },
        {
            "change_type": "",
            "gameTime": "2 - 15:46",
            "label": "",
            "position": "946691",
            "replay": "real-time"
        },
        {
            "change_type": "",
            "gameTime": "2 - 15:53",
            "label": "",
            "link": "",
            "position": "953651",
            "replay": "replay"
        },
        {
            "change_type": "",
            "gameTime": "2 - 16:40",
            "label": "",
            "position": "1000382",
            "replay": "real-time"
        },
        {
            "change_type": "",
            "gameTime": "2 - 16:45",
            "label": "",
            "link": "",
            "position": "1005222",
            "replay": "replay"
        },
        {
            "change_type": "",
            "gameTime": "2 - 16:50",
            "label": "",
            "link": "",
            "position": "1010262",
            "replay": "replay"
        },
        {
            "change_type": "",
            "gameTime": "2 - 16:54",
            "label": "",
            "link": "",
            "position": "1014702",
            "replay": "replay"
        },
        {
            "change_type": "",
            "gameTime": "2 - 17:00",
            "label": "",
            "link": "",
            "position": "1020942",
            "replay": "replay"
        },
        {
            "change_type": "",
            "gameTime": "2 - 27:16",
            "label": "",
            "position": "1636317",
            "replay": "real-time"
        },
        {
            "change_type": "",
            "gameTime": "2 - 27:26",
            "label": "",
            "link": "",
            "position": "1646477",
            "replay": "replay"
        },
        {
            "change_type": "",
            "gameTime": "2 - 27:32",
            "label": "",
            "link": "",
            "position": "1652613",
            "replay": "replay"
        },
        {
            "change_type": "",
            "gameTime": "2 - 27:38",
            "label": "",
            "position": "1658293",
            "replay": "other"
        },
        {
            "change_type": "",
            "gameTime": "2 - 27:45",
            "label": "",
            "position": "1665373",
            "replay": "other"
        },
        {
            "change_type": "",
            "gameTime": "2 - 30:38",
            "label": "",
            "position": "1838394",
            "replay": "real-time"
        },
        {
            "change_type": "",
            "gameTime": "2 - 30:47",
            "label": "",
            "position": "1847594",
            "replay": "other"
        },
        {
            "change_type": "",
            "gameTime": "2 - 32:37",
            "label": "",
            "position": "1957192",
            "replay": "real-time"
        },
        {
            "change_type": "",
            "gameTime": "2 - 32:45",
            "label": "",
            "link": "",
            "position": "1965632",
            "replay": "replay"
        },
        {
            "change_type": "",
            "gameTime": "2 - 33:30",
            "label": "",
            "position": "2010883",
            "replay": "real-time"
        },
        {
            "change_type": "",
            "gameTime": "2 - 33:42",
            "label": "",
            "link": "",
            "position": "2022003",
            "replay": "replay"
        },
        {
            "change_type": "",
            "gameTime": "2 - 36:47",
            "label": "",
            "position": "2207226",
            "replay": "real-time"
        },
        {
            "change_type": "",
            "gameTime": "2 - 36:53",
            "label": "",
            "link": "",
            "position": "2213186",
            "replay": "replay"
        },
        {
            "change_type": "",
            "gameTime": "2 - 38:19",
            "label": "",
            "position": "2299479",
            "replay": "real-time"
        },
        {
            "change_type": "",
            "gameTime": "2 - 38:25",
            "label": "",
            "link": "",
            "position": "2305399",
            "replay": "replay"
        },
        {
            "change_type": "",
            "gameTime": "2 - 39:10",
            "label": "",
            "position": "2350803",
            "replay": "real-time"
        },
        {
            "change_type": "",
            "gameTime": "2 - 39:22",
            "label": "",
            "position": "2362003",
            "replay": "other"
        },
        {
            "change_type": "",
            "gameTime": "2 - 40:22",
            "label": "",
            "position": "2422514",
            "replay": "real-time"
        },
        {
            "change_type": "",
            "gameTime": "2 - 40:30",
            "label": "",
            "position": "2430714",
            "replay": "other"
        },
        {
            "change_type": "",
            "gameTime": "2 - 45:40",
            "label": "",
            "position": "2740390",
            "replay": "real-time"
        },
        {
            "change_type": "",
            "gameTime": "2 - 45:47",
            "label": "",
            "link": "",
            "position": "2747967",
            "replay": "replay"
        }
    ],
    "gameAwayTeam": "Hertha",
    "gameDate": "2016-12-17 - 18-00",
    "gameHomeTeam": "Leipzig",
    "gameScore": "2 - 0"
}