{
    "UrlLocal": "spain_laliga/2019-2020/2020-02-09 - 18-00 Osasuna 1 - 4 Real Madrid",
    "predictions": [
        {
            "gameTime": "1 - 14:30",
            "label": "Kick-off",
            "position": "870500",
            "half": "1",
            "confidence": "0.9878432750701904"
        },
        {
            "gameTime": "1 - 33:35",
            "label": "Kick-off",
            "position": "2015000",
            "half": "1",
            "confidence": "0.9278799295425415"
        },
        {
            "gameTime": "1 - 38:42",
            "label": "Kick-off",
            "position": "2322000",
            "half": "1",
            "confidence": "0.9198224544525146"
        },
        {
            "gameTime": "1 - 46:49",
            "label": "Kick-off",
            "position": "2809500",
            "half": "1",
            "confidence": "0.9142400026321411"
        },
        {
            "gameTime": "1 - 0:0",
            "label": "Kick-off",
            "position": "500",
            "half": "1",
            "confidence": "0.9132939577102661"
        },
        {
            "gameTime": "1 - 10:11",
            "label": "Kick-off",
            "position": "611000",
            "half": "1",
            "confidence": "0.8417630195617676"
        },
        {
            "gameTime": "1 - 14:20",
            "label": "Kick-off",
            "position": "860000",
            "half": "1",
            "confidence": "0.8233076930046082"
        },
        {
            "gameTime": "1 - 0:10",
            "label": "Kick-off",
            "position": "10500",
            "half": "1",
            "confidence": "0.7741982340812683"
        },
        {
            "gameTime": "1 - 33:16",
            "label": "Kick-off",
            "position": "1996500",
            "half": "1",
            "confidence": "0.6584000587463379"
        },
        {
            "gameTime": "1 - 14:40",
            "label": "Kick-off",
            "position": "880500",
            "half": "1",
            "confidence": "0.5996763706207275"
        },
        {
            "gameTime": "1 - 38:24",
            "label": "Kick-off",
            "position": "2304000",
            "half": "1",
            "confidence": "0.566869854927063"
        },
        {
            "gameTime": "1 - 46:39",
            "label": "Kick-off",
            "position": "2799000",
            "half": "1",
            "confidence": "0.5236737728118896"
        },
        {
            "gameTime": "1 - 20:33",
            "label": "Kick-off",
            "position": "1233000",
            "half": "1",
            "confidence": "0.5080032348632812"
        },
        {
            "gameTime": "1 - 37:49",
            "label": "Goal",
            "position": "2269500",
            "half": "1",
            "confidence": "0.8622973561286926"
        },
        {
            "gameTime": "1 - 13:44",
            "label": "Goal",
            "position": "824000",
            "half": "1",
            "confidence": "0.6013266444206238"
        },
        {
            "gameTime": "1 - 15:25",
            "label": "Goal",
            "position": "925500",
            "half": "1",
            "confidence": "0.598069965839386"
        },
        {
            "gameTime": "1 - 32:52",
            "label": "Goal",
            "position": "1972000",
            "half": "1",
            "confidence": "0.5133352875709534"
        },
        {
            "gameTime": "1 - 15:25",
            "label": "Shots on target",
            "position": "925500",
            "half": "1",
            "confidence": "0.5413647890090942"
        },
        {
            "gameTime": "1 - 36:58",
            "label": "Shots off target",
            "position": "2218500",
            "half": "1",
            "confidence": "0.6419647932052612"
        },
        {
            "gameTime": "1 - 17:2",
            "label": "Shots off target",
            "position": "1022500",
            "half": "1",
            "confidence": "0.6009116172790527"
        },
        {
            "gameTime": "1 - 36:10",
            "label": "Shots off target",
            "position": "2170000",
            "half": "1",
            "confidence": "0.5538246631622314"
        },
        {
            "gameTime": "1 - 30:4",
            "label": "Clearance",
            "position": "1804000",
            "half": "1",
            "confidence": "0.9395235180854797"
        },
        {
            "gameTime": "1 - 17:32",
            "label": "Clearance",
            "position": "1052000",
            "half": "1",
            "confidence": "0.7443030476570129"
        },
        {
            "gameTime": "1 - 29:50",
            "label": "Clearance",
            "position": "1790000",
            "half": "1",
            "confidence": "0.7180216908454895"
        },
        {
            "gameTime": "1 - 25:6",
            "label": "Clearance",
            "position": "1506000",
            "half": "1",
            "confidence": "0.7130554914474487"
        },
        {
            "gameTime": "1 - 2:58",
            "label": "Clearance",
            "position": "178500",
            "half": "1",
            "confidence": "0.5798109173774719"
        },
        {
            "gameTime": "1 - 17:21",
            "label": "Clearance",
            "position": "1041000",
            "half": "1",
            "confidence": "0.5709559917449951"
        },
        {
            "gameTime": "1 - 12:12",
            "label": "Clearance",
            "position": "732000",
            "half": "1",
            "confidence": "0.5678221583366394"
        },
        {
            "gameTime": "1 - 43:50",
            "label": "Clearance",
            "position": "2630000",
            "half": "1",
            "confidence": "0.5203510522842407"
        },
        {
            "gameTime": "1 - 4:22",
            "label": "Clearance",
            "position": "262000",
            "half": "1",
            "confidence": "0.500586211681366"
        },
        {
            "gameTime": "1 - 45:55",
            "label": "Ball out of play",
            "position": "2755000",
            "half": "1",
            "confidence": "0.9549924731254578"
        },
        {
            "gameTime": "1 - 36:9",
            "label": "Ball out of play",
            "position": "2169000",
            "half": "1",
            "confidence": "0.9519822001457214"
        },
        {
            "gameTime": "1 - 17:8",
            "label": "Ball out of play",
            "position": "1028000",
            "half": "1",
            "confidence": "0.8886319398880005"
        },
        {
            "gameTime": "1 - 10:51",
            "label": "Ball out of play",
            "position": "651000",
            "half": "1",
            "confidence": "0.8645347356796265"
        },
        {
            "gameTime": "1 - 16:57",
            "label": "Ball out of play",
            "position": "1017500",
            "half": "1",
            "confidence": "0.8572519421577454"
        },
        {
            "gameTime": "1 - 13:5",
            "label": "Ball out of play",
            "position": "785500",
            "half": "1",
            "confidence": "0.8359723687171936"
        },
        {
            "gameTime": "1 - 30:25",
            "label": "Ball out of play",
            "position": "1825000",
            "half": "1",
            "confidence": "0.8355107307434082"
        },
        {
            "gameTime": "1 - 15:10",
            "label": "Ball out of play",
            "position": "910500",
            "half": "1",
            "confidence": "0.8202560544013977"
        },
        {
            "gameTime": "1 - 2:34",
            "label": "Ball out of play",
            "position": "154000",
            "half": "1",
            "confidence": "0.8111793994903564"
        },
        {
            "gameTime": "1 - 2:45",
            "label": "Ball out of play",
            "position": "165000",
            "half": "1",
            "confidence": "0.7923516631126404"
        },
        {
            "gameTime": "1 - 11:27",
            "label": "Ball out of play",
            "position": "687000",
            "half": "1",
            "confidence": "0.7750647664070129"
        },
        {
            "gameTime": "1 - 4:0",
            "label": "Ball out of play",
            "position": "240000",
            "half": "1",
            "confidence": "0.7662371397018433"
        },
        {
            "gameTime": "1 - 12:51",
            "label": "Ball out of play",
            "position": "771000",
            "half": "1",
            "confidence": "0.7635823488235474"
        },
        {
            "gameTime": "1 - 15:21",
            "label": "Ball out of play",
            "position": "921500",
            "half": "1",
            "confidence": "0.7394649982452393"
        },
        {
            "gameTime": "1 - 40:57",
            "label": "Ball out of play",
            "position": "2457500",
            "half": "1",
            "confidence": "0.7391044497489929"
        },
        {
            "gameTime": "1 - 43:39",
            "label": "Ball out of play",
            "position": "2619000",
            "half": "1",
            "confidence": "0.7370286583900452"
        },
        {
            "gameTime": "1 - 24:53",
            "label": "Ball out of play",
            "position": "1493500",
            "half": "1",
            "confidence": "0.7211500406265259"
        },
        {
            "gameTime": "1 - 32:48",
            "label": "Ball out of play",
            "position": "1968000",
            "half": "1",
            "confidence": "0.7069820165634155"
        },
        {
            "gameTime": "1 - 0:54",
            "label": "Ball out of play",
            "position": "54500",
            "half": "1",
            "confidence": "0.7048296928405762"
        },
        {
            "gameTime": "1 - 40:25",
            "label": "Ball out of play",
            "position": "2425000",
            "half": "1",
            "confidence": "0.6993195414543152"
        },
        {
            "gameTime": "1 - 11:57",
            "label": "Ball out of play",
            "position": "717000",
            "half": "1",
            "confidence": "0.6969983577728271"
        },
        {
            "gameTime": "1 - 18:18",
            "label": "Ball out of play",
            "position": "1098000",
            "half": "1",
            "confidence": "0.6705674529075623"
        },
        {
            "gameTime": "1 - 9:36",
            "label": "Ball out of play",
            "position": "576500",
            "half": "1",
            "confidence": "0.6701830625534058"
        },
        {
            "gameTime": "1 - 30:35",
            "label": "Ball out of play",
            "position": "1835000",
            "half": "1",
            "confidence": "0.6693841218948364"
        },
        {
            "gameTime": "1 - 31:17",
            "label": "Ball out of play",
            "position": "1877500",
            "half": "1",
            "confidence": "0.665855348110199"
        },
        {
            "gameTime": "1 - 44:36",
            "label": "Ball out of play",
            "position": "2676500",
            "half": "1",
            "confidence": "0.6572525501251221"
        },
        {
            "gameTime": "1 - 8:50",
            "label": "Ball out of play",
            "position": "530500",
            "half": "1",
            "confidence": "0.6451371908187866"
        },
        {
            "gameTime": "1 - 36:58",
            "label": "Ball out of play",
            "position": "2218000",
            "half": "1",
            "confidence": "0.642896831035614"
        },
        {
            "gameTime": "1 - 45:12",
            "label": "Ball out of play",
            "position": "2712500",
            "half": "1",
            "confidence": "0.6238904595375061"
        },
        {
            "gameTime": "1 - 11:44",
            "label": "Ball out of play",
            "position": "704000",
            "half": "1",
            "confidence": "0.6214196085929871"
        },
        {
            "gameTime": "1 - 32:6",
            "label": "Ball out of play",
            "position": "1926000",
            "half": "1",
            "confidence": "0.6195571422576904"
        },
        {
            "gameTime": "1 - 1:27",
            "label": "Ball out of play",
            "position": "87000",
            "half": "1",
            "confidence": "0.6148671507835388"
        },
        {
            "gameTime": "1 - 29:28",
            "label": "Ball out of play",
            "position": "1768000",
            "half": "1",
            "confidence": "0.6076425909996033"
        },
        {
            "gameTime": "1 - 9:48",
            "label": "Ball out of play",
            "position": "588000",
            "half": "1",
            "confidence": "0.6014704704284668"
        },
        {
            "gameTime": "1 - 40:14",
            "label": "Ball out of play",
            "position": "2414000",
            "half": "1",
            "confidence": "0.5883884429931641"
        },
        {
            "gameTime": "1 - 43:28",
            "label": "Ball out of play",
            "position": "2608500",
            "half": "1",
            "confidence": "0.5780394673347473"
        },
        {
            "gameTime": "1 - 33:54",
            "label": "Ball out of play",
            "position": "2034500",
            "half": "1",
            "confidence": "0.564208984375"
        },
        {
            "gameTime": "1 - 7:40",
            "label": "Ball out of play",
            "position": "460500",
            "half": "1",
            "confidence": "0.5633458495140076"
        },
        {
            "gameTime": "1 - 37:40",
            "label": "Ball out of play",
            "position": "2260000",
            "half": "1",
            "confidence": "0.5627809762954712"
        },
        {
            "gameTime": "1 - 45:44",
            "label": "Ball out of play",
            "position": "2744500",
            "half": "1",
            "confidence": "0.5440555214881897"
        },
        {
            "gameTime": "1 - 0:44",
            "label": "Ball out of play",
            "position": "44000",
            "half": "1",
            "confidence": "0.5411427617073059"
        },
        {
            "gameTime": "1 - 18:28",
            "label": "Ball out of play",
            "position": "1108500",
            "half": "1",
            "confidence": "0.5308130383491516"
        },
        {
            "gameTime": "1 - 40:47",
            "label": "Ball out of play",
            "position": "2447000",
            "half": "1",
            "confidence": "0.5291526317596436"
        },
        {
            "gameTime": "1 - 25:55",
            "label": "Ball out of play",
            "position": "1555500",
            "half": "1",
            "confidence": "0.5246173739433289"
        },
        {
            "gameTime": "1 - 12:38",
            "label": "Ball out of play",
            "position": "758000",
            "half": "1",
            "confidence": "0.5075424909591675"
        },
        {
            "gameTime": "1 - 30:36",
            "label": "Throw-in",
            "position": "1836500",
            "half": "1",
            "confidence": "0.9659644365310669"
        },
        {
            "gameTime": "1 - 40:56",
            "label": "Throw-in",
            "position": "2456500",
            "half": "1",
            "confidence": "0.9357074499130249"
        },
        {
            "gameTime": "1 - 40:25",
            "label": "Throw-in",
            "position": "2425000",
            "half": "1",
            "confidence": "0.9208056926727295"
        },
        {
            "gameTime": "1 - 30:19",
            "label": "Throw-in",
            "position": "1819000",
            "half": "1",
            "confidence": "0.9170163869857788"
        },
        {
            "gameTime": "1 - 33:54",
            "label": "Throw-in",
            "position": "2034000",
            "half": "1",
            "confidence": "0.8489217162132263"
        },
        {
            "gameTime": "1 - 40:14",
            "label": "Throw-in",
            "position": "2414000",
            "half": "1",
            "confidence": "0.8480360507965088"
        },
        {
            "gameTime": "1 - 9:44",
            "label": "Throw-in",
            "position": "584500",
            "half": "1",
            "confidence": "0.762593150138855"
        },
        {
            "gameTime": "1 - 0:45",
            "label": "Throw-in",
            "position": "45000",
            "half": "1",
            "confidence": "0.7020103931427002"
        },
        {
            "gameTime": "1 - 25:55",
            "label": "Throw-in",
            "position": "1555500",
            "half": "1",
            "confidence": "0.6441463828086853"
        },
        {
            "gameTime": "1 - 1:27",
            "label": "Throw-in",
            "position": "87500",
            "half": "1",
            "confidence": "0.640958845615387"
        },
        {
            "gameTime": "1 - 45:55",
            "label": "Throw-in",
            "position": "2755000",
            "half": "1",
            "confidence": "0.6260888576507568"
        },
        {
            "gameTime": "1 - 31:17",
            "label": "Throw-in",
            "position": "1877500",
            "half": "1",
            "confidence": "0.5692152380943298"
        },
        {
            "gameTime": "1 - 40:46",
            "label": "Throw-in",
            "position": "2446000",
            "half": "1",
            "confidence": "0.5541338920593262"
        },
        {
            "gameTime": "1 - 24:54",
            "label": "Throw-in",
            "position": "1494500",
            "half": "1",
            "confidence": "0.5538919568061829"
        },
        {
            "gameTime": "1 - 9:34",
            "label": "Throw-in",
            "position": "574000",
            "half": "1",
            "confidence": "0.5388888716697693"
        },
        {
            "gameTime": "1 - 26:7",
            "label": "Throw-in",
            "position": "1567000",
            "half": "1",
            "confidence": "0.5309289693832397"
        },
        {
            "gameTime": "1 - 28:23",
            "label": "Throw-in",
            "position": "1703500",
            "half": "1",
            "confidence": "0.5125950574874878"
        },
        {
            "gameTime": "1 - 41:13",
            "label": "Foul",
            "position": "2473500",
            "half": "1",
            "confidence": "0.8988602757453918"
        },
        {
            "gameTime": "1 - 38:54",
            "label": "Foul",
            "position": "2334500",
            "half": "1",
            "confidence": "0.8774059414863586"
        },
        {
            "gameTime": "1 - 8:21",
            "label": "Foul",
            "position": "501500",
            "half": "1",
            "confidence": "0.8294379711151123"
        },
        {
            "gameTime": "1 - 26:27",
            "label": "Foul",
            "position": "1587500",
            "half": "1",
            "confidence": "0.7308544516563416"
        },
        {
            "gameTime": "1 - 44:28",
            "label": "Foul",
            "position": "2668500",
            "half": "1",
            "confidence": "0.6199093461036682"
        },
        {
            "gameTime": "1 - 41:56",
            "label": "Foul",
            "position": "2516000",
            "half": "1",
            "confidence": "0.5594674944877625"
        },
        {
            "gameTime": "1 - 27:41",
            "label": "Indirect free-kick",
            "position": "1661000",
            "half": "1",
            "confidence": "0.7834287285804749"
        },
        {
            "gameTime": "1 - 39:55",
            "label": "Indirect free-kick",
            "position": "2395000",
            "half": "1",
            "confidence": "0.741401731967926"
        },
        {
            "gameTime": "1 - 34:21",
            "label": "Indirect free-kick",
            "position": "2061500",
            "half": "1",
            "confidence": "0.6882564425468445"
        },
        {
            "gameTime": "1 - 44:35",
            "label": "Indirect free-kick",
            "position": "2675000",
            "half": "1",
            "confidence": "0.6824018955230713"
        },
        {
            "gameTime": "1 - 5:26",
            "label": "Indirect free-kick",
            "position": "326500",
            "half": "1",
            "confidence": "0.6637519001960754"
        },
        {
            "gameTime": "1 - 22:5",
            "label": "Indirect free-kick",
            "position": "1325500",
            "half": "1",
            "confidence": "0.6319696307182312"
        },
        {
            "gameTime": "1 - 3:6",
            "label": "Indirect free-kick",
            "position": "186000",
            "half": "1",
            "confidence": "0.6069627404212952"
        },
        {
            "gameTime": "1 - 34:10",
            "label": "Indirect free-kick",
            "position": "2050000",
            "half": "1",
            "confidence": "0.5386653542518616"
        },
        {
            "gameTime": "1 - 5:15",
            "label": "Indirect free-kick",
            "position": "315500",
            "half": "1",
            "confidence": "0.5380292534828186"
        },
        {
            "gameTime": "1 - 11:8",
            "label": "Indirect free-kick",
            "position": "668000",
            "half": "1",
            "confidence": "0.523406445980072"
        },
        {
            "gameTime": "1 - 40:12",
            "label": "Indirect free-kick",
            "position": "2412000",
            "half": "1",
            "confidence": "0.5004719495773315"
        },
        {
            "gameTime": "1 - 41:51",
            "label": "Direct free-kick",
            "position": "2511000",
            "half": "1",
            "confidence": "0.7654823660850525"
        },
        {
            "gameTime": "1 - 45:13",
            "label": "Direct free-kick",
            "position": "2713500",
            "half": "1",
            "confidence": "0.7055509686470032"
        },
        {
            "gameTime": "1 - 37:42",
            "label": "Direct free-kick",
            "position": "2262500",
            "half": "1",
            "confidence": "0.5323508977890015"
        },
        {
            "gameTime": "1 - 36:51",
            "label": "Corner",
            "position": "2211500",
            "half": "1",
            "confidence": "0.964318573474884"
        },
        {
            "gameTime": "1 - 13:32",
            "label": "Corner",
            "position": "812500",
            "half": "1",
            "confidence": "0.8894560933113098"
        },
        {
            "gameTime": "1 - 36:40",
            "label": "Corner",
            "position": "2200000",
            "half": "1",
            "confidence": "0.8752440214157104"
        },
        {
            "gameTime": "1 - 11:40",
            "label": "Corner",
            "position": "700000",
            "half": "1",
            "confidence": "0.8526145815849304"
        },
        {
            "gameTime": "1 - 37:3",
            "label": "Corner",
            "position": "2223500",
            "half": "1",
            "confidence": "0.8063569664955139"
        },
        {
            "gameTime": "1 - 37:47",
            "label": "Corner",
            "position": "2267000",
            "half": "1",
            "confidence": "0.7730774283409119"
        },
        {
            "gameTime": "1 - 37:33",
            "label": "Corner",
            "position": "2253000",
            "half": "1",
            "confidence": "0.6875181794166565"
        },
        {
            "gameTime": "1 - 37:13",
            "label": "Yellow card",
            "position": "2233500",
            "half": "1",
            "confidence": "0.7805004119873047"
        },
        {
            "gameTime": "1 - 41:14",
            "label": "Yellow card",
            "position": "2474000",
            "half": "1",
            "confidence": "0.7670145034790039"
        },
        {
            "gameTime": "1 - 39:2",
            "label": "Yellow card",
            "position": "2342000",
            "half": "1",
            "confidence": "0.5746498107910156"
        },
        {
            "gameTime": "1 - 41:24",
            "label": "Yellow card",
            "position": "2484000",
            "half": "1",
            "confidence": "0.523658037185669"
        },
        {
            "gameTime": "2 - 47:16",
            "label": "Kick-off",
            "position": "2836000",
            "half": "2",
            "confidence": "0.9918612241744995"
        },
        {
            "gameTime": "2 - 40:9",
            "label": "Kick-off",
            "position": "2409500",
            "half": "2",
            "confidence": "0.9869189858436584"
        },
        {
            "gameTime": "2 - 0:0",
            "label": "Kick-off",
            "position": "500",
            "half": "2",
            "confidence": "0.9850815534591675"
        },
        {
            "gameTime": "2 - 47:4",
            "label": "Kick-off",
            "position": "2824500",
            "half": "2",
            "confidence": "0.9695457816123962"
        },
        {
            "gameTime": "2 - 0:10",
            "label": "Kick-off",
            "position": "10500",
            "half": "2",
            "confidence": "0.9660800099372864"
        },
        {
            "gameTime": "2 - 39:59",
            "label": "Kick-off",
            "position": "2399000",
            "half": "2",
            "confidence": "0.955865740776062"
        },
        {
            "gameTime": "2 - 21:38",
            "label": "Kick-off",
            "position": "1298500",
            "half": "2",
            "confidence": "0.9528431296348572"
        },
        {
            "gameTime": "2 - 44:9",
            "label": "Kick-off",
            "position": "2649500",
            "half": "2",
            "confidence": "0.9371029138565063"
        },
        {
            "gameTime": "2 - 43:44",
            "label": "Kick-off",
            "position": "2624000",
            "half": "2",
            "confidence": "0.856927216053009"
        },
        {
            "gameTime": "2 - 44:19",
            "label": "Kick-off",
            "position": "2659500",
            "half": "2",
            "confidence": "0.8207340836524963"
        },
        {
            "gameTime": "2 - 18:12",
            "label": "Kick-off",
            "position": "1092500",
            "half": "2",
            "confidence": "0.7717235088348389"
        },
        {
            "gameTime": "2 - 47:26",
            "label": "Kick-off",
            "position": "2846000",
            "half": "2",
            "confidence": "0.752319872379303"
        },
        {
            "gameTime": "2 - 40:19",
            "label": "Kick-off",
            "position": "2419500",
            "half": "2",
            "confidence": "0.7044125199317932"
        },
        {
            "gameTime": "2 - 9:21",
            "label": "Kick-off",
            "position": "561000",
            "half": "2",
            "confidence": "0.6502958536148071"
        },
        {
            "gameTime": "2 - 21:28",
            "label": "Kick-off",
            "position": "1288000",
            "half": "2",
            "confidence": "0.6497713327407837"
        },
        {
            "gameTime": "2 - 46:54",
            "label": "Kick-off",
            "position": "2814000",
            "half": "2",
            "confidence": "0.6299352049827576"
        },
        {
            "gameTime": "2 - 21:49",
            "label": "Kick-off",
            "position": "1309000",
            "half": "2",
            "confidence": "0.6163748502731323"
        },
        {
            "gameTime": "2 - 10:9",
            "label": "Kick-off",
            "position": "609000",
            "half": "2",
            "confidence": "0.5844283699989319"
        },
        {
            "gameTime": "2 - 18:22",
            "label": "Kick-off",
            "position": "1102500",
            "half": "2",
            "confidence": "0.5473882555961609"
        },
        {
            "gameTime": "2 - 46:22",
            "label": "Goal",
            "position": "2782000",
            "half": "2",
            "confidence": "0.9562439322471619"
        },
        {
            "gameTime": "2 - 39:2",
            "label": "Goal",
            "position": "2342500",
            "half": "2",
            "confidence": "0.7952192425727844"
        },
        {
            "gameTime": "2 - 15:20",
            "label": "Substitution",
            "position": "920500",
            "half": "2",
            "confidence": "0.93302983045578"
        },
        {
            "gameTime": "2 - 42:3",
            "label": "Substitution",
            "position": "2523000",
            "half": "2",
            "confidence": "0.6055367588996887"
        },
        {
            "gameTime": "2 - 49:52",
            "label": "Substitution",
            "position": "2992500",
            "half": "2",
            "confidence": "0.5994424223899841"
        },
        {
            "gameTime": "2 - 55:0",
            "label": "Substitution",
            "position": "3300500",
            "half": "2",
            "confidence": "0.5920973420143127"
        },
        {
            "gameTime": "2 - 25:11",
            "label": "Substitution",
            "position": "1511000",
            "half": "2",
            "confidence": "0.5920764803886414"
        },
        {
            "gameTime": "2 - 25:21",
            "label": "Substitution",
            "position": "1521000",
            "half": "2",
            "confidence": "0.5892277359962463"
        },
        {
            "gameTime": "2 - 46:20",
            "label": "Shots on target",
            "position": "2780000",
            "half": "2",
            "confidence": "0.8252962231636047"
        },
        {
            "gameTime": "2 - 39:2",
            "label": "Shots on target",
            "position": "2342500",
            "half": "2",
            "confidence": "0.5628501176834106"
        },
        {
            "gameTime": "2 - 29:17",
            "label": "Shots on target",
            "position": "1757000",
            "half": "2",
            "confidence": "0.547558069229126"
        },
        {
            "gameTime": "2 - 27:42",
            "label": "Shots off target",
            "position": "1662500",
            "half": "2",
            "confidence": "0.5211253762245178"
        },
        {
            "gameTime": "2 - 7:2",
            "label": "Clearance",
            "position": "422500",
            "half": "2",
            "confidence": "0.8992530107498169"
        },
        {
            "gameTime": "2 - 25:35",
            "label": "Clearance",
            "position": "1535000",
            "half": "2",
            "confidence": "0.795562744140625"
        },
        {
            "gameTime": "2 - 6:51",
            "label": "Clearance",
            "position": "411500",
            "half": "2",
            "confidence": "0.7709618806838989"
        },
        {
            "gameTime": "2 - 18:0",
            "label": "Clearance",
            "position": "1080000",
            "half": "2",
            "confidence": "0.7651364803314209"
        },
        {
            "gameTime": "2 - 2:22",
            "label": "Clearance",
            "position": "142500",
            "half": "2",
            "confidence": "0.6989185214042664"
        },
        {
            "gameTime": "2 - 18:16",
            "label": "Clearance",
            "position": "1096500",
            "half": "2",
            "confidence": "0.662100076675415"
        },
        {
            "gameTime": "2 - 9:52",
            "label": "Clearance",
            "position": "592500",
            "half": "2",
            "confidence": "0.6476871371269226"
        },
        {
            "gameTime": "2 - 48:7",
            "label": "Clearance",
            "position": "2887000",
            "half": "2",
            "confidence": "0.6390982270240784"
        },
        {
            "gameTime": "2 - 45:40",
            "label": "Clearance",
            "position": "2740500",
            "half": "2",
            "confidence": "0.5775458812713623"
        },
        {
            "gameTime": "2 - 7:12",
            "label": "Clearance",
            "position": "432500",
            "half": "2",
            "confidence": "0.5741607546806335"
        },
        {
            "gameTime": "2 - 29:38",
            "label": "Clearance",
            "position": "1778500",
            "half": "2",
            "confidence": "0.5257866978645325"
        },
        {
            "gameTime": "2 - 16:9",
            "label": "Ball out of play",
            "position": "969500",
            "half": "2",
            "confidence": "0.9107269048690796"
        },
        {
            "gameTime": "2 - 31:23",
            "label": "Ball out of play",
            "position": "1883500",
            "half": "2",
            "confidence": "0.9068024158477783"
        },
        {
            "gameTime": "2 - 20:37",
            "label": "Ball out of play",
            "position": "1237500",
            "half": "2",
            "confidence": "0.8934288620948792"
        },
        {
            "gameTime": "2 - 36:13",
            "label": "Ball out of play",
            "position": "2173500",
            "half": "2",
            "confidence": "0.8736485242843628"
        },
        {
            "gameTime": "2 - 2:0",
            "label": "Ball out of play",
            "position": "120500",
            "half": "2",
            "confidence": "0.8708380460739136"
        },
        {
            "gameTime": "2 - 5:38",
            "label": "Ball out of play",
            "position": "338500",
            "half": "2",
            "confidence": "0.8613648414611816"
        },
        {
            "gameTime": "2 - 24:30",
            "label": "Ball out of play",
            "position": "1470000",
            "half": "2",
            "confidence": "0.8305336833000183"
        },
        {
            "gameTime": "2 - 30:9",
            "label": "Ball out of play",
            "position": "1809500",
            "half": "2",
            "confidence": "0.8167011141777039"
        },
        {
            "gameTime": "2 - 45:25",
            "label": "Ball out of play",
            "position": "2725000",
            "half": "2",
            "confidence": "0.8154886364936829"
        },
        {
            "gameTime": "2 - 26:23",
            "label": "Ball out of play",
            "position": "1583000",
            "half": "2",
            "confidence": "0.7981957793235779"
        },
        {
            "gameTime": "2 - 16:23",
            "label": "Ball out of play",
            "position": "983000",
            "half": "2",
            "confidence": "0.7910589575767517"
        },
        {
            "gameTime": "2 - 29:47",
            "label": "Ball out of play",
            "position": "1787000",
            "half": "2",
            "confidence": "0.7890800833702087"
        },
        {
            "gameTime": "2 - 47:52",
            "label": "Ball out of play",
            "position": "2872500",
            "half": "2",
            "confidence": "0.7637122273445129"
        },
        {
            "gameTime": "2 - 1:49",
            "label": "Ball out of play",
            "position": "109500",
            "half": "2",
            "confidence": "0.7545716166496277"
        },
        {
            "gameTime": "2 - 30:22",
            "label": "Ball out of play",
            "position": "1822000",
            "half": "2",
            "confidence": "0.733741044998169"
        },
        {
            "gameTime": "2 - 38:54",
            "label": "Ball out of play",
            "position": "2334500",
            "half": "2",
            "confidence": "0.7229639291763306"
        },
        {
            "gameTime": "2 - 31:52",
            "label": "Ball out of play",
            "position": "1912500",
            "half": "2",
            "confidence": "0.7015301585197449"
        },
        {
            "gameTime": "2 - 8:13",
            "label": "Ball out of play",
            "position": "493500",
            "half": "2",
            "confidence": "0.6968957781791687"
        },
        {
            "gameTime": "2 - 29:20",
            "label": "Ball out of play",
            "position": "1760000",
            "half": "2",
            "confidence": "0.6937688589096069"
        },
        {
            "gameTime": "2 - 0:20",
            "label": "Ball out of play",
            "position": "20000",
            "half": "2",
            "confidence": "0.692747950553894"
        },
        {
            "gameTime": "2 - 29:59",
            "label": "Ball out of play",
            "position": "1799000",
            "half": "2",
            "confidence": "0.6713587045669556"
        },
        {
            "gameTime": "2 - 46:14",
            "label": "Ball out of play",
            "position": "2774000",
            "half": "2",
            "confidence": "0.6621201038360596"
        },
        {
            "gameTime": "2 - 24:40",
            "label": "Ball out of play",
            "position": "1480500",
            "half": "2",
            "confidence": "0.650922954082489"
        },
        {
            "gameTime": "2 - 17:29",
            "label": "Ball out of play",
            "position": "1049500",
            "half": "2",
            "confidence": "0.6470059156417847"
        },
        {
            "gameTime": "2 - 6:36",
            "label": "Ball out of play",
            "position": "396000",
            "half": "2",
            "confidence": "0.6284095048904419"
        },
        {
            "gameTime": "2 - 23:20",
            "label": "Ball out of play",
            "position": "1400000",
            "half": "2",
            "confidence": "0.6153680682182312"
        },
        {
            "gameTime": "2 - 7:28",
            "label": "Ball out of play",
            "position": "448000",
            "half": "2",
            "confidence": "0.6062682271003723"
        },
        {
            "gameTime": "2 - 45:35",
            "label": "Ball out of play",
            "position": "2735000",
            "half": "2",
            "confidence": "0.5948004126548767"
        },
        {
            "gameTime": "2 - 28:4",
            "label": "Ball out of play",
            "position": "1684500",
            "half": "2",
            "confidence": "0.5943794250488281"
        },
        {
            "gameTime": "2 - 26:33",
            "label": "Ball out of play",
            "position": "1593500",
            "half": "2",
            "confidence": "0.585106372833252"
        },
        {
            "gameTime": "2 - 22:44",
            "label": "Ball out of play",
            "position": "1364000",
            "half": "2",
            "confidence": "0.5831591486930847"
        },
        {
            "gameTime": "2 - 27:46",
            "label": "Ball out of play",
            "position": "1666500",
            "half": "2",
            "confidence": "0.575291097164154"
        },
        {
            "gameTime": "2 - 24:18",
            "label": "Ball out of play",
            "position": "1458500",
            "half": "2",
            "confidence": "0.5594385266304016"
        },
        {
            "gameTime": "2 - 20:19",
            "label": "Ball out of play",
            "position": "1219000",
            "half": "2",
            "confidence": "0.5558074712753296"
        },
        {
            "gameTime": "2 - 23:6",
            "label": "Ball out of play",
            "position": "1386000",
            "half": "2",
            "confidence": "0.5518938899040222"
        },
        {
            "gameTime": "2 - 19:24",
            "label": "Ball out of play",
            "position": "1164000",
            "half": "2",
            "confidence": "0.5510538816452026"
        },
        {
            "gameTime": "2 - 15:2",
            "label": "Ball out of play",
            "position": "902500",
            "half": "2",
            "confidence": "0.5366472601890564"
        },
        {
            "gameTime": "2 - 26:12",
            "label": "Ball out of play",
            "position": "1572500",
            "half": "2",
            "confidence": "0.5344541668891907"
        },
        {
            "gameTime": "2 - 33:40",
            "label": "Ball out of play",
            "position": "2020500",
            "half": "2",
            "confidence": "0.5339455604553223"
        },
        {
            "gameTime": "2 - 19:12",
            "label": "Ball out of play",
            "position": "1152500",
            "half": "2",
            "confidence": "0.516402006149292"
        },
        {
            "gameTime": "2 - 14:15",
            "label": "Ball out of play",
            "position": "855500",
            "half": "2",
            "confidence": "0.5148118138313293"
        },
        {
            "gameTime": "2 - 47:42",
            "label": "Ball out of play",
            "position": "2862000",
            "half": "2",
            "confidence": "0.5031628608703613"
        },
        {
            "gameTime": "2 - 16:23",
            "label": "Throw-in",
            "position": "983000",
            "half": "2",
            "confidence": "0.9075301289558411"
        },
        {
            "gameTime": "2 - 20:37",
            "label": "Throw-in",
            "position": "1237000",
            "half": "2",
            "confidence": "0.8924979567527771"
        },
        {
            "gameTime": "2 - 26:27",
            "label": "Throw-in",
            "position": "1587000",
            "half": "2",
            "confidence": "0.8498348593711853"
        },
        {
            "gameTime": "2 - 36:13",
            "label": "Throw-in",
            "position": "2173500",
            "half": "2",
            "confidence": "0.8189762234687805"
        },
        {
            "gameTime": "2 - 16:12",
            "label": "Throw-in",
            "position": "972500",
            "half": "2",
            "confidence": "0.7949133515357971"
        },
        {
            "gameTime": "2 - 30:24",
            "label": "Throw-in",
            "position": "1824000",
            "half": "2",
            "confidence": "0.7582094669342041"
        },
        {
            "gameTime": "2 - 31:52",
            "label": "Throw-in",
            "position": "1912500",
            "half": "2",
            "confidence": "0.7131553292274475"
        },
        {
            "gameTime": "2 - 31:22",
            "label": "Throw-in",
            "position": "1882500",
            "half": "2",
            "confidence": "0.6606912016868591"
        },
        {
            "gameTime": "2 - 20:47",
            "label": "Throw-in",
            "position": "1247000",
            "half": "2",
            "confidence": "0.6353446841239929"
        },
        {
            "gameTime": "2 - 0:21",
            "label": "Throw-in",
            "position": "21500",
            "half": "2",
            "confidence": "0.5455610752105713"
        },
        {
            "gameTime": "2 - 23:12",
            "label": "Throw-in",
            "position": "1392500",
            "half": "2",
            "confidence": "0.5317789316177368"
        },
        {
            "gameTime": "2 - 20:24",
            "label": "Throw-in",
            "position": "1224000",
            "half": "2",
            "confidence": "0.5212857127189636"
        },
        {
            "gameTime": "2 - 22:42",
            "label": "Throw-in",
            "position": "1362500",
            "half": "2",
            "confidence": "0.5139217376708984"
        },
        {
            "gameTime": "2 - 5:36",
            "label": "Throw-in",
            "position": "336500",
            "half": "2",
            "confidence": "0.5097209811210632"
        },
        {
            "gameTime": "2 - 10:58",
            "label": "Foul",
            "position": "658500",
            "half": "2",
            "confidence": "0.9157773852348328"
        },
        {
            "gameTime": "2 - 8:22",
            "label": "Foul",
            "position": "502000",
            "half": "2",
            "confidence": "0.8516127467155457"
        },
        {
            "gameTime": "2 - 34:1",
            "label": "Foul",
            "position": "2041000",
            "half": "2",
            "confidence": "0.7752902507781982"
        },
        {
            "gameTime": "2 - 33:50",
            "label": "Foul",
            "position": "2030000",
            "half": "2",
            "confidence": "0.7507531642913818"
        },
        {
            "gameTime": "2 - 25:46",
            "label": "Foul",
            "position": "1546500",
            "half": "2",
            "confidence": "0.7175093293190002"
        },
        {
            "gameTime": "2 - 11:8",
            "label": "Foul",
            "position": "668500",
            "half": "2",
            "confidence": "0.6791160106658936"
        },
        {
            "gameTime": "2 - 23:41",
            "label": "Foul",
            "position": "1421500",
            "half": "2",
            "confidence": "0.6785672307014465"
        },
        {
            "gameTime": "2 - 34:57",
            "label": "Foul",
            "position": "2097500",
            "half": "2",
            "confidence": "0.6310645937919617"
        },
        {
            "gameTime": "2 - 14:55",
            "label": "Foul",
            "position": "895500",
            "half": "2",
            "confidence": "0.6216667294502258"
        },
        {
            "gameTime": "2 - 26:5",
            "label": "Foul",
            "position": "1565500",
            "half": "2",
            "confidence": "0.6141287088394165"
        },
        {
            "gameTime": "2 - 34:12",
            "label": "Foul",
            "position": "2052000",
            "half": "2",
            "confidence": "0.5987299680709839"
        },
        {
            "gameTime": "2 - 32:54",
            "label": "Foul",
            "position": "1974000",
            "half": "2",
            "confidence": "0.5980451107025146"
        },
        {
            "gameTime": "2 - 26:30",
            "label": "Foul",
            "position": "1590500",
            "half": "2",
            "confidence": "0.5114599466323853"
        },
        {
            "gameTime": "2 - 14:54",
            "label": "Indirect free-kick",
            "position": "894000",
            "half": "2",
            "confidence": "0.7686641812324524"
        },
        {
            "gameTime": "2 - 35:30",
            "label": "Indirect free-kick",
            "position": "2130500",
            "half": "2",
            "confidence": "0.756924033164978"
        },
        {
            "gameTime": "2 - 34:12",
            "label": "Indirect free-kick",
            "position": "2052000",
            "half": "2",
            "confidence": "0.6692138910293579"
        },
        {
            "gameTime": "2 - 17:7",
            "label": "Indirect free-kick",
            "position": "1027500",
            "half": "2",
            "confidence": "0.612088143825531"
        },
        {
            "gameTime": "2 - 18:45",
            "label": "Indirect free-kick",
            "position": "1125000",
            "half": "2",
            "confidence": "0.5605628490447998"
        },
        {
            "gameTime": "2 - 7:37",
            "label": "Indirect free-kick",
            "position": "457500",
            "half": "2",
            "confidence": "0.5588749647140503"
        },
        {
            "gameTime": "2 - 48:13",
            "label": "Indirect free-kick",
            "position": "2893500",
            "half": "2",
            "confidence": "0.552872896194458"
        },
        {
            "gameTime": "2 - 21:26",
            "label": "Indirect free-kick",
            "position": "1286000",
            "half": "2",
            "confidence": "0.5359751582145691"
        },
        {
            "gameTime": "2 - 47:17",
            "label": "Indirect free-kick",
            "position": "2837500",
            "half": "2",
            "confidence": "0.5287593603134155"
        },
        {
            "gameTime": "2 - 37:29",
            "label": "Indirect free-kick",
            "position": "2249000",
            "half": "2",
            "confidence": "0.5196486711502075"
        },
        {
            "gameTime": "2 - 33:58",
            "label": "Indirect free-kick",
            "position": "2038500",
            "half": "2",
            "confidence": "0.5075322985649109"
        },
        {
            "gameTime": "2 - 17:52",
            "label": "Indirect free-kick",
            "position": "1072000",
            "half": "2",
            "confidence": "0.5036171078681946"
        },
        {
            "gameTime": "2 - 42:15",
            "label": "Indirect free-kick",
            "position": "2535500",
            "half": "2",
            "confidence": "0.503459632396698"
        },
        {
            "gameTime": "2 - 27:38",
            "label": "Direct free-kick",
            "position": "1658500",
            "half": "2",
            "confidence": "0.9697812795639038"
        },
        {
            "gameTime": "2 - 27:48",
            "label": "Direct free-kick",
            "position": "1668500",
            "half": "2",
            "confidence": "0.8766019940376282"
        },
        {
            "gameTime": "2 - 33:26",
            "label": "Direct free-kick",
            "position": "2006500",
            "half": "2",
            "confidence": "0.6647457480430603"
        },
        {
            "gameTime": "2 - 6:27",
            "label": "Direct free-kick",
            "position": "387000",
            "half": "2",
            "confidence": "0.6641181707382202"
        },
        {
            "gameTime": "2 - 33:40",
            "label": "Direct free-kick",
            "position": "2020500",
            "half": "2",
            "confidence": "0.564965546131134"
        },
        {
            "gameTime": "2 - 24:39",
            "label": "Corner",
            "position": "1479500",
            "half": "2",
            "confidence": "0.8181763291358948"
        },
        {
            "gameTime": "2 - 28:6",
            "label": "Corner",
            "position": "1686500",
            "half": "2",
            "confidence": "0.8178698420524597"
        },
        {
            "gameTime": "2 - 8:43",
            "label": "Corner",
            "position": "523000",
            "half": "2",
            "confidence": "0.7501397728919983"
        },
        {
            "gameTime": "2 - 27:56",
            "label": "Corner",
            "position": "1676000",
            "half": "2",
            "confidence": "0.5095459222793579"
        },
        {
            "gameTime": "2 - 23:54",
            "label": "Yellow card",
            "position": "1434500",
            "half": "2",
            "confidence": "0.9754265546798706"
        },
        {
            "gameTime": "2 - 10:59",
            "label": "Yellow card",
            "position": "659500",
            "half": "2",
            "confidence": "0.9524492025375366"
        },
        {
            "gameTime": "2 - 11:12",
            "label": "Yellow card",
            "position": "672000",
            "half": "2",
            "confidence": "0.9165529608726501"
        },
        {
            "gameTime": "2 - 23:44",
            "label": "Yellow card",
            "position": "1424000",
            "half": "2",
            "confidence": "0.8903471827507019"
        },
        {
            "gameTime": "2 - 25:3",
            "label": "Yellow card",
            "position": "1503000",
            "half": "2",
            "confidence": "0.7251700758934021"
        },
        {
            "gameTime": "2 - 24:49",
            "label": "Yellow card",
            "position": "1489500",
            "half": "2",
            "confidence": "0.5972135066986084"
        },
        {
            "gameTime": "2 - 11:24",
            "label": "Yellow card",
            "position": "684500",
            "half": "2",
            "confidence": "0.5963447690010071"
        },
        {
            "gameTime": "2 - 35:7",
            "label": "Yellow card",
            "position": "2107500",
            "half": "2",
            "confidence": "0.5764351487159729"
        },
        {
            "gameTime": "2 - 8:33",
            "label": "Yellow card",
            "position": "513500",
            "half": "2",
            "confidence": "0.5311207175254822"
        }
    ]
}