{
    "UrlLocal": "germany_bundesliga/2016-2017/2016-09-30 - 18-00 Leipzig 2 - 1 Augsburg",
    "predictions": [
        {
            "gameTime": "1 - 25:49",
            "label": "card",
            "position": "1549500",
            "half": "1",
            "confidence": "0.5527830719947815"
        },
        {
            "gameTime": "1 - 45:16",
            "label": "subs",
            "position": "2716000",
            "half": "1",
            "confidence": "0.696185290813446"
        },
        {
            "gameTime": "1 - 10:39",
            "label": "soccer",
            "position": "639500",
            "half": "1",
            "confidence": "0.9675312042236328"
        },
        {
            "gameTime": "1 - 42:28",
            "label": "soccer",
            "position": "2548000",
            "half": "1",
            "confidence": "0.6661123633384705"
        },
        {
            "gameTime": "2 - 38:37",
            "label": "card",
            "position": "2317500",
            "half": "2",
            "confidence": "0.7613273859024048"
        },
        {
            "gameTime": "2 - 32:50",
            "label": "subs",
            "position": "1970500",
            "half": "2",
            "confidence": "0.9437288045883179"
        },
        {
            "gameTime": "2 - 47:29",
            "label": "subs",
            "position": "2849000",
            "half": "2",
            "confidence": "0.8271053433418274"
        },
        {
            "gameTime": "2 - 20:20",
            "label": "subs",
            "position": "1220000",
            "half": "2",
            "confidence": "0.802230715751648"
        },
        {
            "gameTime": "2 - 6:49",
            "label": "subs",
            "position": "409500",
            "half": "2",
            "confidence": "0.7324955463409424"
        },
        {
            "gameTime": "2 - 43:11",
            "label": "subs",
            "position": "2591500",
            "half": "2",
            "confidence": "0.720515787601471"
        },
        {
            "gameTime": "2 - 34:25",
            "label": "subs",
            "position": "2065000",
            "half": "2",
            "confidence": "0.7190968990325928"
        },
        {
            "gameTime": "2 - 34:9",
            "label": "subs",
            "position": "2049500",
            "half": "2",
            "confidence": "0.6926117539405823"
        },
        {
            "gameTime": "2 - 41:42",
            "label": "subs",
            "position": "2502000",
            "half": "2",
            "confidence": "0.6512543559074402"
        },
        {
            "gameTime": "2 - 47:18",
            "label": "subs",
            "position": "2838500",
            "half": "2",
            "confidence": "0.6426369547843933"
        },
        {
            "gameTime": "2 - 33:0",
            "label": "subs",
            "position": "1980500",
            "half": "2",
            "confidence": "0.611699104309082"
        },
        {
            "gameTime": "2 - 41:31",
            "label": "subs",
            "position": "2491000",
            "half": "2",
            "confidence": "0.5623830556869507"
        },
        {
            "gameTime": "2 - 20:9",
            "label": "subs",
            "position": "1209500",
            "half": "2",
            "confidence": "0.5580695271492004"
        },
        {
            "gameTime": "2 - 6:12",
            "label": "soccer",
            "position": "372500",
            "half": "2",
            "confidence": "0.7341297268867493"
        },
        {
            "gameTime": "2 - 30:10",
            "label": "soccer",
            "position": "1810500",
            "half": "2",
            "confidence": "0.65946364402771"
        }
    ]
}