{
    "UrlLocal": "france_ligue-1/2016-2017/2017-02-08 - 18-00 Nice 1 - 0 Saint Etienne",
    "predictions": [
        {
            "gameTime": "1 - 0:3",
            "label": "Kick-off",
            "position": "3500",
            "half": "1",
            "confidence": "0.9983032941818237"
        },
        {
            "gameTime": "1 - 7:37",
            "label": "Kick-off",
            "position": "457500",
            "half": "1",
            "confidence": "0.8454768061637878"
        },
        {
            "gameTime": "1 - 9:10",
            "label": "Offside",
            "position": "550500",
            "half": "1",
            "confidence": "0.9282195568084717"
        },
        {
            "gameTime": "1 - 42:48",
            "label": "Shots on target",
            "position": "2568500",
            "half": "1",
            "confidence": "0.530978798866272"
        },
        {
            "gameTime": "1 - 31:3",
            "label": "Shots off target",
            "position": "1863000",
            "half": "1",
            "confidence": "0.932788074016571"
        },
        {
            "gameTime": "1 - 10:29",
            "label": "Shots off target",
            "position": "629500",
            "half": "1",
            "confidence": "0.8383490443229675"
        },
        {
            "gameTime": "1 - 35:50",
            "label": "Shots off target",
            "position": "2150500",
            "half": "1",
            "confidence": "0.8255590796470642"
        },
        {
            "gameTime": "1 - 10:19",
            "label": "Shots off target",
            "position": "619000",
            "half": "1",
            "confidence": "0.7600627541542053"
        },
        {
            "gameTime": "1 - 1:48",
            "label": "Shots off target",
            "position": "108000",
            "half": "1",
            "confidence": "0.7343670129776001"
        },
        {
            "gameTime": "1 - 27:31",
            "label": "Shots off target",
            "position": "1651000",
            "half": "1",
            "confidence": "0.6625072956085205"
        },
        {
            "gameTime": "1 - 5:27",
            "label": "Shots off target",
            "position": "327000",
            "half": "1",
            "confidence": "0.609477162361145"
        },
        {
            "gameTime": "1 - 6:25",
            "label": "Shots off target",
            "position": "385500",
            "half": "1",
            "confidence": "0.5046154260635376"
        },
        {
            "gameTime": "1 - 36:18",
            "label": "Clearance",
            "position": "2178000",
            "half": "1",
            "confidence": "0.9198859333992004"
        },
        {
            "gameTime": "1 - 2:11",
            "label": "Clearance",
            "position": "131500",
            "half": "1",
            "confidence": "0.9049711227416992"
        },
        {
            "gameTime": "1 - 2:50",
            "label": "Clearance",
            "position": "170500",
            "half": "1",
            "confidence": "0.8948474526405334"
        },
        {
            "gameTime": "1 - 1:59",
            "label": "Clearance",
            "position": "119500",
            "half": "1",
            "confidence": "0.8513017296791077"
        },
        {
            "gameTime": "1 - 43:28",
            "label": "Clearance",
            "position": "2608000",
            "half": "1",
            "confidence": "0.6977152824401855"
        },
        {
            "gameTime": "1 - 3:3",
            "label": "Clearance",
            "position": "183500",
            "half": "1",
            "confidence": "0.6167706251144409"
        },
        {
            "gameTime": "1 - 10:48",
            "label": "Clearance",
            "position": "648000",
            "half": "1",
            "confidence": "0.6014220118522644"
        },
        {
            "gameTime": "1 - 7:58",
            "label": "Clearance",
            "position": "478000",
            "half": "1",
            "confidence": "0.5438904166221619"
        },
        {
            "gameTime": "1 - 31:3",
            "label": "Ball out of play",
            "position": "1863000",
            "half": "1",
            "confidence": "0.8721199035644531"
        },
        {
            "gameTime": "1 - 44:28",
            "label": "Ball out of play",
            "position": "2668500",
            "half": "1",
            "confidence": "0.8318878412246704"
        },
        {
            "gameTime": "1 - 43:36",
            "label": "Ball out of play",
            "position": "2616000",
            "half": "1",
            "confidence": "0.8099338412284851"
        },
        {
            "gameTime": "1 - 46:1",
            "label": "Ball out of play",
            "position": "2761500",
            "half": "1",
            "confidence": "0.805607259273529"
        },
        {
            "gameTime": "1 - 8:27",
            "label": "Ball out of play",
            "position": "507000",
            "half": "1",
            "confidence": "0.7956026196479797"
        },
        {
            "gameTime": "1 - 45:38",
            "label": "Ball out of play",
            "position": "2738000",
            "half": "1",
            "confidence": "0.7823522686958313"
        },
        {
            "gameTime": "1 - 10:22",
            "label": "Ball out of play",
            "position": "622500",
            "half": "1",
            "confidence": "0.7777069211006165"
        },
        {
            "gameTime": "1 - 29:38",
            "label": "Ball out of play",
            "position": "1778000",
            "half": "1",
            "confidence": "0.7433056235313416"
        },
        {
            "gameTime": "1 - 44:18",
            "label": "Ball out of play",
            "position": "2658000",
            "half": "1",
            "confidence": "0.7377974987030029"
        },
        {
            "gameTime": "1 - 19:12",
            "label": "Ball out of play",
            "position": "1152500",
            "half": "1",
            "confidence": "0.6949265003204346"
        },
        {
            "gameTime": "1 - 45:48",
            "label": "Ball out of play",
            "position": "2748000",
            "half": "1",
            "confidence": "0.6544475555419922"
        },
        {
            "gameTime": "1 - 5:29",
            "label": "Ball out of play",
            "position": "329500",
            "half": "1",
            "confidence": "0.6439322233200073"
        },
        {
            "gameTime": "1 - 19:22",
            "label": "Ball out of play",
            "position": "1162500",
            "half": "1",
            "confidence": "0.6327661871910095"
        },
        {
            "gameTime": "1 - 6:27",
            "label": "Ball out of play",
            "position": "387500",
            "half": "1",
            "confidence": "0.6212651133537292"
        },
        {
            "gameTime": "1 - 30:45",
            "label": "Ball out of play",
            "position": "1845000",
            "half": "1",
            "confidence": "0.5903819799423218"
        },
        {
            "gameTime": "1 - 36:24",
            "label": "Ball out of play",
            "position": "2184000",
            "half": "1",
            "confidence": "0.582595705986023"
        },
        {
            "gameTime": "1 - 5:16",
            "label": "Ball out of play",
            "position": "316500",
            "half": "1",
            "confidence": "0.5790147185325623"
        },
        {
            "gameTime": "1 - 14:19",
            "label": "Ball out of play",
            "position": "859500",
            "half": "1",
            "confidence": "0.5748538970947266"
        },
        {
            "gameTime": "1 - 43:15",
            "label": "Ball out of play",
            "position": "2595000",
            "half": "1",
            "confidence": "0.5600337386131287"
        },
        {
            "gameTime": "1 - 6:38",
            "label": "Ball out of play",
            "position": "398500",
            "half": "1",
            "confidence": "0.5498218536376953"
        },
        {
            "gameTime": "1 - 8:37",
            "label": "Ball out of play",
            "position": "517000",
            "half": "1",
            "confidence": "0.5488597750663757"
        },
        {
            "gameTime": "1 - 11:31",
            "label": "Ball out of play",
            "position": "691500",
            "half": "1",
            "confidence": "0.5442114472389221"
        },
        {
            "gameTime": "1 - 35:53",
            "label": "Ball out of play",
            "position": "2153000",
            "half": "1",
            "confidence": "0.52695631980896"
        },
        {
            "gameTime": "1 - 1:7",
            "label": "Ball out of play",
            "position": "67000",
            "half": "1",
            "confidence": "0.5264500379562378"
        },
        {
            "gameTime": "1 - 26:20",
            "label": "Ball out of play",
            "position": "1580000",
            "half": "1",
            "confidence": "0.5117466449737549"
        },
        {
            "gameTime": "1 - 42:48",
            "label": "Ball out of play",
            "position": "2568500",
            "half": "1",
            "confidence": "0.5056955814361572"
        },
        {
            "gameTime": "1 - 1:39",
            "label": "Ball out of play",
            "position": "99500",
            "half": "1",
            "confidence": "0.5027084350585938"
        },
        {
            "gameTime": "1 - 27:30",
            "label": "Ball out of play",
            "position": "1650500",
            "half": "1",
            "confidence": "0.5006209015846252"
        },
        {
            "gameTime": "1 - 8:27",
            "label": "Throw-in",
            "position": "507500",
            "half": "1",
            "confidence": "0.8435171842575073"
        },
        {
            "gameTime": "1 - 0:21",
            "label": "Throw-in",
            "position": "21000",
            "half": "1",
            "confidence": "0.7957930564880371"
        },
        {
            "gameTime": "1 - 14:17",
            "label": "Throw-in",
            "position": "857500",
            "half": "1",
            "confidence": "0.7352235317230225"
        },
        {
            "gameTime": "1 - 11:45",
            "label": "Throw-in",
            "position": "705500",
            "half": "1",
            "confidence": "0.7223638892173767"
        },
        {
            "gameTime": "1 - 45:40",
            "label": "Throw-in",
            "position": "2740000",
            "half": "1",
            "confidence": "0.7000505924224854"
        },
        {
            "gameTime": "1 - 11:32",
            "label": "Throw-in",
            "position": "692500",
            "half": "1",
            "confidence": "0.6857360005378723"
        },
        {
            "gameTime": "1 - 14:5",
            "label": "Throw-in",
            "position": "845500",
            "half": "1",
            "confidence": "0.6539530754089355"
        },
        {
            "gameTime": "1 - 8:37",
            "label": "Throw-in",
            "position": "517500",
            "half": "1",
            "confidence": "0.6428605914115906"
        },
        {
            "gameTime": "1 - 20:11",
            "label": "Throw-in",
            "position": "1211500",
            "half": "1",
            "confidence": "0.5435886383056641"
        },
        {
            "gameTime": "1 - 19:13",
            "label": "Throw-in",
            "position": "1153500",
            "half": "1",
            "confidence": "0.541042685508728"
        },
        {
            "gameTime": "1 - 34:57",
            "label": "Foul",
            "position": "2097000",
            "half": "1",
            "confidence": "0.8774223923683167"
        },
        {
            "gameTime": "1 - 37:36",
            "label": "Foul",
            "position": "2256500",
            "half": "1",
            "confidence": "0.8542526364326477"
        },
        {
            "gameTime": "1 - 26:28",
            "label": "Foul",
            "position": "1588500",
            "half": "1",
            "confidence": "0.7339367866516113"
        },
        {
            "gameTime": "1 - 17:37",
            "label": "Foul",
            "position": "1057000",
            "half": "1",
            "confidence": "0.7183592915534973"
        },
        {
            "gameTime": "1 - 32:7",
            "label": "Foul",
            "position": "1927500",
            "half": "1",
            "confidence": "0.6786320805549622"
        },
        {
            "gameTime": "1 - 26:38",
            "label": "Foul",
            "position": "1598500",
            "half": "1",
            "confidence": "0.6485356688499451"
        },
        {
            "gameTime": "1 - 44:38",
            "label": "Foul",
            "position": "2678000",
            "half": "1",
            "confidence": "0.6308944225311279"
        },
        {
            "gameTime": "1 - 17:50",
            "label": "Foul",
            "position": "1070500",
            "half": "1",
            "confidence": "0.6267399191856384"
        },
        {
            "gameTime": "1 - 21:45",
            "label": "Foul",
            "position": "1305500",
            "half": "1",
            "confidence": "0.5701854825019836"
        },
        {
            "gameTime": "1 - 8:41",
            "label": "Foul",
            "position": "521000",
            "half": "1",
            "confidence": "0.5681601166725159"
        },
        {
            "gameTime": "1 - 15:35",
            "label": "Foul",
            "position": "935000",
            "half": "1",
            "confidence": "0.5659013986587524"
        },
        {
            "gameTime": "1 - 22:5",
            "label": "Foul",
            "position": "1325000",
            "half": "1",
            "confidence": "0.5566138625144958"
        },
        {
            "gameTime": "1 - 3:2",
            "label": "Indirect free-kick",
            "position": "182500",
            "half": "1",
            "confidence": "0.5496657490730286"
        },
        {
            "gameTime": "1 - 45:17",
            "label": "Indirect free-kick",
            "position": "2717500",
            "half": "1",
            "confidence": "0.5231592059135437"
        },
        {
            "gameTime": "1 - 35:42",
            "label": "Direct free-kick",
            "position": "2142500",
            "half": "1",
            "confidence": "0.9966921806335449"
        },
        {
            "gameTime": "1 - 25:17",
            "label": "Direct free-kick",
            "position": "1517500",
            "half": "1",
            "confidence": "0.956924319267273"
        },
        {
            "gameTime": "1 - 38:22",
            "label": "Direct free-kick",
            "position": "2302500",
            "half": "1",
            "confidence": "0.9429481029510498"
        },
        {
            "gameTime": "1 - 35:52",
            "label": "Direct free-kick",
            "position": "2152500",
            "half": "1",
            "confidence": "0.9381306171417236"
        },
        {
            "gameTime": "1 - 39:51",
            "label": "Direct free-kick",
            "position": "2391500",
            "half": "1",
            "confidence": "0.8963264226913452"
        },
        {
            "gameTime": "1 - 42:30",
            "label": "Direct free-kick",
            "position": "2550000",
            "half": "1",
            "confidence": "0.7925621867179871"
        },
        {
            "gameTime": "1 - 42:40",
            "label": "Direct free-kick",
            "position": "2560500",
            "half": "1",
            "confidence": "0.678795337677002"
        },
        {
            "gameTime": "1 - 38:33",
            "label": "Direct free-kick",
            "position": "2313000",
            "half": "1",
            "confidence": "0.5169395208358765"
        },
        {
            "gameTime": "1 - 25:27",
            "label": "Direct free-kick",
            "position": "1527500",
            "half": "1",
            "confidence": "0.5105957388877869"
        },
        {
            "gameTime": "1 - 40:2",
            "label": "Direct free-kick",
            "position": "2402500",
            "half": "1",
            "confidence": "0.5037541389465332"
        },
        {
            "gameTime": "1 - 28:18",
            "label": "Corner",
            "position": "1698000",
            "half": "1",
            "confidence": "0.999707043170929"
        },
        {
            "gameTime": "1 - 28:28",
            "label": "Corner",
            "position": "1708000",
            "half": "1",
            "confidence": "0.994321346282959"
        },
        {
            "gameTime": "1 - 44:14",
            "label": "Corner",
            "position": "2654000",
            "half": "1",
            "confidence": "0.9779988527297974"
        },
        {
            "gameTime": "1 - 28:7",
            "label": "Corner",
            "position": "1687500",
            "half": "1",
            "confidence": "0.965829074382782"
        },
        {
            "gameTime": "1 - 42:58",
            "label": "Corner",
            "position": "2578500",
            "half": "1",
            "confidence": "0.9383485317230225"
        },
        {
            "gameTime": "1 - 43:59",
            "label": "Corner",
            "position": "2639000",
            "half": "1",
            "confidence": "0.9324449896812439"
        },
        {
            "gameTime": "1 - 27:57",
            "label": "Corner",
            "position": "1677000",
            "half": "1",
            "confidence": "0.8205333948135376"
        },
        {
            "gameTime": "1 - 43:10",
            "label": "Corner",
            "position": "2590000",
            "half": "1",
            "confidence": "0.7433004379272461"
        },
        {
            "gameTime": "1 - 42:35",
            "label": "Corner",
            "position": "2555000",
            "half": "1",
            "confidence": "0.5804738998413086"
        },
        {
            "gameTime": "1 - 38:28",
            "label": "Corner",
            "position": "2308500",
            "half": "1",
            "confidence": "0.5603944063186646"
        },
        {
            "gameTime": "1 - 44:55",
            "label": "Yellow card",
            "position": "2695500",
            "half": "1",
            "confidence": "0.9862295389175415"
        },
        {
            "gameTime": "1 - 44:44",
            "label": "Yellow card",
            "position": "2684500",
            "half": "1",
            "confidence": "0.9834364652633667"
        },
        {
            "gameTime": "1 - 35:15",
            "label": "Yellow card",
            "position": "2115500",
            "half": "1",
            "confidence": "0.8970977067947388"
        },
        {
            "gameTime": "1 - 39:18",
            "label": "Yellow card",
            "position": "2358500",
            "half": "1",
            "confidence": "0.8792408108711243"
        },
        {
            "gameTime": "1 - 37:53",
            "label": "Yellow card",
            "position": "2273500",
            "half": "1",
            "confidence": "0.857186496257782"
        },
        {
            "gameTime": "1 - 38:3",
            "label": "Yellow card",
            "position": "2283500",
            "half": "1",
            "confidence": "0.6723856329917908"
        },
        {
            "gameTime": "1 - 39:28",
            "label": "Yellow card",
            "position": "2368500",
            "half": "1",
            "confidence": "0.6577537059783936"
        },
        {
            "gameTime": "1 - 37:42",
            "label": "Yellow card",
            "position": "2262500",
            "half": "1",
            "confidence": "0.5946195125579834"
        },
        {
            "gameTime": "1 - 39:8",
            "label": "Yellow card",
            "position": "2348000",
            "half": "1",
            "confidence": "0.566409170627594"
        },
        {
            "gameTime": "2 - 0:0",
            "label": "Kick-off",
            "position": "0",
            "half": "2",
            "confidence": "0.996508777141571"
        },
        {
            "gameTime": "2 - 0:10",
            "label": "Kick-off",
            "position": "10000",
            "half": "2",
            "confidence": "0.9215986132621765"
        },
        {
            "gameTime": "2 - 15:8",
            "label": "Substitution",
            "position": "908000",
            "half": "2",
            "confidence": "0.9708770513534546"
        },
        {
            "gameTime": "2 - 26:37",
            "label": "Substitution",
            "position": "1597500",
            "half": "2",
            "confidence": "0.814831554889679"
        },
        {
            "gameTime": "2 - 36:37",
            "label": "Substitution",
            "position": "2197500",
            "half": "2",
            "confidence": "0.7906615734100342"
        },
        {
            "gameTime": "2 - 35:25",
            "label": "Substitution",
            "position": "2125500",
            "half": "2",
            "confidence": "0.6890875697135925"
        },
        {
            "gameTime": "2 - 14:57",
            "label": "Substitution",
            "position": "897500",
            "half": "2",
            "confidence": "0.6123279333114624"
        },
        {
            "gameTime": "2 - 28:6",
            "label": "Substitution",
            "position": "1686500",
            "half": "2",
            "confidence": "0.5972393155097961"
        },
        {
            "gameTime": "2 - 46:7",
            "label": "Offside",
            "position": "2767500",
            "half": "2",
            "confidence": "0.7266973257064819"
        },
        {
            "gameTime": "2 - 46:19",
            "label": "Offside",
            "position": "2779000",
            "half": "2",
            "confidence": "0.6353868246078491"
        },
        {
            "gameTime": "2 - 22:43",
            "label": "Shots on target",
            "position": "1363500",
            "half": "2",
            "confidence": "0.6792729496955872"
        },
        {
            "gameTime": "2 - 18:1",
            "label": "Shots on target",
            "position": "1081000",
            "half": "2",
            "confidence": "0.5406960248947144"
        },
        {
            "gameTime": "2 - 11:9",
            "label": "Shots on target",
            "position": "669500",
            "half": "2",
            "confidence": "0.5350380539894104"
        },
        {
            "gameTime": "2 - 17:16",
            "label": "Shots off target",
            "position": "1036000",
            "half": "2",
            "confidence": "0.9064379930496216"
        },
        {
            "gameTime": "2 - 26:4",
            "label": "Shots off target",
            "position": "1564500",
            "half": "2",
            "confidence": "0.7689610123634338"
        },
        {
            "gameTime": "2 - 25:53",
            "label": "Shots off target",
            "position": "1553500",
            "half": "2",
            "confidence": "0.7659152150154114"
        },
        {
            "gameTime": "2 - 17:26",
            "label": "Shots off target",
            "position": "1046000",
            "half": "2",
            "confidence": "0.5440821647644043"
        },
        {
            "gameTime": "2 - 2:7",
            "label": "Shots off target",
            "position": "127000",
            "half": "2",
            "confidence": "0.5278247594833374"
        },
        {
            "gameTime": "2 - 2:22",
            "label": "Clearance",
            "position": "142500",
            "half": "2",
            "confidence": "0.9935863614082336"
        },
        {
            "gameTime": "2 - 41:30",
            "label": "Clearance",
            "position": "2490000",
            "half": "2",
            "confidence": "0.9288380146026611"
        },
        {
            "gameTime": "2 - 2:32",
            "label": "Clearance",
            "position": "152500",
            "half": "2",
            "confidence": "0.8996770977973938"
        },
        {
            "gameTime": "2 - 39:37",
            "label": "Clearance",
            "position": "2377500",
            "half": "2",
            "confidence": "0.806867778301239"
        },
        {
            "gameTime": "2 - 39:47",
            "label": "Clearance",
            "position": "2387500",
            "half": "2",
            "confidence": "0.5942589640617371"
        },
        {
            "gameTime": "2 - 7:38",
            "label": "Clearance",
            "position": "458000",
            "half": "2",
            "confidence": "0.5881238579750061"
        },
        {
            "gameTime": "2 - 30:20",
            "label": "Clearance",
            "position": "1820500",
            "half": "2",
            "confidence": "0.5848054885864258"
        },
        {
            "gameTime": "2 - 23:52",
            "label": "Clearance",
            "position": "1432000",
            "half": "2",
            "confidence": "0.5782066583633423"
        },
        {
            "gameTime": "2 - 41:40",
            "label": "Clearance",
            "position": "2500000",
            "half": "2",
            "confidence": "0.5380955934524536"
        },
        {
            "gameTime": "2 - 19:13",
            "label": "Clearance",
            "position": "1153000",
            "half": "2",
            "confidence": "0.5199359655380249"
        },
        {
            "gameTime": "2 - 20:1",
            "label": "Ball out of play",
            "position": "1201000",
            "half": "2",
            "confidence": "0.8616082072257996"
        },
        {
            "gameTime": "2 - 20:14",
            "label": "Ball out of play",
            "position": "1214500",
            "half": "2",
            "confidence": "0.8528971672058105"
        },
        {
            "gameTime": "2 - 39:13",
            "label": "Ball out of play",
            "position": "2353000",
            "half": "2",
            "confidence": "0.8406925201416016"
        },
        {
            "gameTime": "2 - 18:46",
            "label": "Ball out of play",
            "position": "1126500",
            "half": "2",
            "confidence": "0.836556613445282"
        },
        {
            "gameTime": "2 - 20:25",
            "label": "Ball out of play",
            "position": "1225500",
            "half": "2",
            "confidence": "0.7502148151397705"
        },
        {
            "gameTime": "2 - 23:37",
            "label": "Ball out of play",
            "position": "1417500",
            "half": "2",
            "confidence": "0.7368192672729492"
        },
        {
            "gameTime": "2 - 46:48",
            "label": "Ball out of play",
            "position": "2808500",
            "half": "2",
            "confidence": "0.7314069867134094"
        },
        {
            "gameTime": "2 - 2:9",
            "label": "Ball out of play",
            "position": "129000",
            "half": "2",
            "confidence": "0.7245138883590698"
        },
        {
            "gameTime": "2 - 21:38",
            "label": "Ball out of play",
            "position": "1298500",
            "half": "2",
            "confidence": "0.7129539847373962"
        },
        {
            "gameTime": "2 - 18:57",
            "label": "Ball out of play",
            "position": "1137000",
            "half": "2",
            "confidence": "0.705001950263977"
        },
        {
            "gameTime": "2 - 42:31",
            "label": "Ball out of play",
            "position": "2551500",
            "half": "2",
            "confidence": "0.6994748711585999"
        },
        {
            "gameTime": "2 - 10:20",
            "label": "Ball out of play",
            "position": "620000",
            "half": "2",
            "confidence": "0.6992738246917725"
        },
        {
            "gameTime": "2 - 5:0",
            "label": "Ball out of play",
            "position": "300500",
            "half": "2",
            "confidence": "0.6920183897018433"
        },
        {
            "gameTime": "2 - 21:50",
            "label": "Ball out of play",
            "position": "1310500",
            "half": "2",
            "confidence": "0.6881363987922668"
        },
        {
            "gameTime": "2 - 39:1",
            "label": "Ball out of play",
            "position": "2341500",
            "half": "2",
            "confidence": "0.6874593496322632"
        },
        {
            "gameTime": "2 - 28:28",
            "label": "Ball out of play",
            "position": "1708500",
            "half": "2",
            "confidence": "0.6752419471740723"
        },
        {
            "gameTime": "2 - 48:3",
            "label": "Ball out of play",
            "position": "2883500",
            "half": "2",
            "confidence": "0.657537579536438"
        },
        {
            "gameTime": "2 - 47:0",
            "label": "Ball out of play",
            "position": "2820000",
            "half": "2",
            "confidence": "0.6551662087440491"
        },
        {
            "gameTime": "2 - 22:19",
            "label": "Ball out of play",
            "position": "1339000",
            "half": "2",
            "confidence": "0.643395185470581"
        },
        {
            "gameTime": "2 - 40:45",
            "label": "Ball out of play",
            "position": "2445500",
            "half": "2",
            "confidence": "0.6348978281021118"
        },
        {
            "gameTime": "2 - 11:7",
            "label": "Ball out of play",
            "position": "667500",
            "half": "2",
            "confidence": "0.6345623135566711"
        },
        {
            "gameTime": "2 - 19:49",
            "label": "Ball out of play",
            "position": "1189000",
            "half": "2",
            "confidence": "0.6211866140365601"
        },
        {
            "gameTime": "2 - 7:18",
            "label": "Ball out of play",
            "position": "438500",
            "half": "2",
            "confidence": "0.6197827458381653"
        },
        {
            "gameTime": "2 - 29:54",
            "label": "Ball out of play",
            "position": "1794500",
            "half": "2",
            "confidence": "0.6179611682891846"
        },
        {
            "gameTime": "2 - 40:14",
            "label": "Ball out of play",
            "position": "2414500",
            "half": "2",
            "confidence": "0.6113600134849548"
        },
        {
            "gameTime": "2 - 17:13",
            "label": "Ball out of play",
            "position": "1033000",
            "half": "2",
            "confidence": "0.6036322116851807"
        },
        {
            "gameTime": "2 - 1:56",
            "label": "Ball out of play",
            "position": "116000",
            "half": "2",
            "confidence": "0.6027253270149231"
        },
        {
            "gameTime": "2 - 27:26",
            "label": "Ball out of play",
            "position": "1646000",
            "half": "2",
            "confidence": "0.5808764100074768"
        },
        {
            "gameTime": "2 - 26:3",
            "label": "Ball out of play",
            "position": "1563000",
            "half": "2",
            "confidence": "0.5800016522407532"
        },
        {
            "gameTime": "2 - 3:28",
            "label": "Ball out of play",
            "position": "208000",
            "half": "2",
            "confidence": "0.550078809261322"
        },
        {
            "gameTime": "2 - 18:21",
            "label": "Ball out of play",
            "position": "1101500",
            "half": "2",
            "confidence": "0.5451726913452148"
        },
        {
            "gameTime": "2 - 40:24",
            "label": "Ball out of play",
            "position": "2424500",
            "half": "2",
            "confidence": "0.5396227240562439"
        },
        {
            "gameTime": "2 - 15:33",
            "label": "Ball out of play",
            "position": "933000",
            "half": "2",
            "confidence": "0.5372146368026733"
        },
        {
            "gameTime": "2 - 42:36",
            "label": "Throw-in",
            "position": "2556000",
            "half": "2",
            "confidence": "0.9687989354133606"
        },
        {
            "gameTime": "2 - 20:15",
            "label": "Throw-in",
            "position": "1215500",
            "half": "2",
            "confidence": "0.9665836095809937"
        },
        {
            "gameTime": "2 - 15:29",
            "label": "Throw-in",
            "position": "929500",
            "half": "2",
            "confidence": "0.9308689832687378"
        },
        {
            "gameTime": "2 - 20:26",
            "label": "Throw-in",
            "position": "1226500",
            "half": "2",
            "confidence": "0.930334210395813"
        },
        {
            "gameTime": "2 - 20:2",
            "label": "Throw-in",
            "position": "1202000",
            "half": "2",
            "confidence": "0.9079964756965637"
        },
        {
            "gameTime": "2 - 42:25",
            "label": "Throw-in",
            "position": "2545500",
            "half": "2",
            "confidence": "0.8739539980888367"
        },
        {
            "gameTime": "2 - 40:48",
            "label": "Throw-in",
            "position": "2448500",
            "half": "2",
            "confidence": "0.873255729675293"
        },
        {
            "gameTime": "2 - 40:36",
            "label": "Throw-in",
            "position": "2436000",
            "half": "2",
            "confidence": "0.8618211150169373"
        },
        {
            "gameTime": "2 - 21:46",
            "label": "Throw-in",
            "position": "1306000",
            "half": "2",
            "confidence": "0.8001413345336914"
        },
        {
            "gameTime": "2 - 15:19",
            "label": "Throw-in",
            "position": "919000",
            "half": "2",
            "confidence": "0.7442325949668884"
        },
        {
            "gameTime": "2 - 48:3",
            "label": "Throw-in",
            "position": "2883000",
            "half": "2",
            "confidence": "0.7351435422897339"
        },
        {
            "gameTime": "2 - 7:28",
            "label": "Throw-in",
            "position": "448500",
            "half": "2",
            "confidence": "0.7010896801948547"
        },
        {
            "gameTime": "2 - 22:20",
            "label": "Throw-in",
            "position": "1340500",
            "half": "2",
            "confidence": "0.6901528239250183"
        },
        {
            "gameTime": "2 - 34:12",
            "label": "Throw-in",
            "position": "2052500",
            "half": "2",
            "confidence": "0.6333048343658447"
        },
        {
            "gameTime": "2 - 20:37",
            "label": "Throw-in",
            "position": "1237000",
            "half": "2",
            "confidence": "0.6243963837623596"
        },
        {
            "gameTime": "2 - 34:2",
            "label": "Throw-in",
            "position": "2042000",
            "half": "2",
            "confidence": "0.6010334491729736"
        },
        {
            "gameTime": "2 - 40:15",
            "label": "Throw-in",
            "position": "2415500",
            "half": "2",
            "confidence": "0.5997102856636047"
        },
        {
            "gameTime": "2 - 46:48",
            "label": "Throw-in",
            "position": "2808500",
            "half": "2",
            "confidence": "0.5913028717041016"
        },
        {
            "gameTime": "2 - 5:0",
            "label": "Throw-in",
            "position": "300500",
            "half": "2",
            "confidence": "0.5495776534080505"
        },
        {
            "gameTime": "2 - 46:59",
            "label": "Throw-in",
            "position": "2819500",
            "half": "2",
            "confidence": "0.5383056998252869"
        },
        {
            "gameTime": "2 - 21:56",
            "label": "Throw-in",
            "position": "1316000",
            "half": "2",
            "confidence": "0.5334967970848083"
        },
        {
            "gameTime": "2 - 3:29",
            "label": "Throw-in",
            "position": "209500",
            "half": "2",
            "confidence": "0.5165568590164185"
        },
        {
            "gameTime": "2 - 21:35",
            "label": "Throw-in",
            "position": "1295500",
            "half": "2",
            "confidence": "0.513827919960022"
        },
        {
            "gameTime": "2 - 16:36",
            "label": "Foul",
            "position": "996500",
            "half": "2",
            "confidence": "0.8161901235580444"
        },
        {
            "gameTime": "2 - 35:59",
            "label": "Foul",
            "position": "2159500",
            "half": "2",
            "confidence": "0.8009035587310791"
        },
        {
            "gameTime": "2 - 33:52",
            "label": "Foul",
            "position": "2032500",
            "half": "2",
            "confidence": "0.7419862151145935"
        },
        {
            "gameTime": "2 - 24:33",
            "label": "Foul",
            "position": "1473500",
            "half": "2",
            "confidence": "0.667717456817627"
        },
        {
            "gameTime": "2 - 3:13",
            "label": "Foul",
            "position": "193000",
            "half": "2",
            "confidence": "0.6245840191841125"
        },
        {
            "gameTime": "2 - 24:22",
            "label": "Foul",
            "position": "1462000",
            "half": "2",
            "confidence": "0.5992169380187988"
        },
        {
            "gameTime": "2 - 2:37",
            "label": "Foul",
            "position": "157000",
            "half": "2",
            "confidence": "0.5908060669898987"
        },
        {
            "gameTime": "2 - 30:27",
            "label": "Foul",
            "position": "1827500",
            "half": "2",
            "confidence": "0.5648864507675171"
        },
        {
            "gameTime": "2 - 14:3",
            "label": "Foul",
            "position": "843000",
            "half": "2",
            "confidence": "0.5534747838973999"
        },
        {
            "gameTime": "2 - 48:10",
            "label": "Foul",
            "position": "2890000",
            "half": "2",
            "confidence": "0.5332057476043701"
        },
        {
            "gameTime": "2 - 14:18",
            "label": "Foul",
            "position": "858500",
            "half": "2",
            "confidence": "0.5212526321411133"
        },
        {
            "gameTime": "2 - 44:0",
            "label": "Indirect free-kick",
            "position": "2640500",
            "half": "2",
            "confidence": "0.5346760153770447"
        },
        {
            "gameTime": "2 - 42:10",
            "label": "Direct free-kick",
            "position": "2530000",
            "half": "2",
            "confidence": "0.9940099716186523"
        },
        {
            "gameTime": "2 - 42:20",
            "label": "Direct free-kick",
            "position": "2540000",
            "half": "2",
            "confidence": "0.7867128252983093"
        },
        {
            "gameTime": "2 - 17:2",
            "label": "Direct free-kick",
            "position": "1022000",
            "half": "2",
            "confidence": "0.7320255637168884"
        },
        {
            "gameTime": "2 - 17:12",
            "label": "Direct free-kick",
            "position": "1032500",
            "half": "2",
            "confidence": "0.6500577926635742"
        },
        {
            "gameTime": "2 - 11:19",
            "label": "Direct free-kick",
            "position": "679000",
            "half": "2",
            "confidence": "0.6429346799850464"
        },
        {
            "gameTime": "2 - 28:32",
            "label": "Direct free-kick",
            "position": "1712500",
            "half": "2",
            "confidence": "0.5965427160263062"
        },
        {
            "gameTime": "2 - 10:46",
            "label": "Corner",
            "position": "646000",
            "half": "2",
            "confidence": "0.999077320098877"
        },
        {
            "gameTime": "2 - 38:49",
            "label": "Corner",
            "position": "2329000",
            "half": "2",
            "confidence": "0.9973356127738953"
        },
        {
            "gameTime": "2 - 28:25",
            "label": "Corner",
            "position": "1705000",
            "half": "2",
            "confidence": "0.9829564094543457"
        },
        {
            "gameTime": "2 - 26:57",
            "label": "Corner",
            "position": "1617500",
            "half": "2",
            "confidence": "0.9774664044380188"
        },
        {
            "gameTime": "2 - 28:14",
            "label": "Corner",
            "position": "1694500",
            "half": "2",
            "confidence": "0.821132242679596"
        },
        {
            "gameTime": "2 - 26:47",
            "label": "Corner",
            "position": "1607000",
            "half": "2",
            "confidence": "0.8076257109642029"
        },
        {
            "gameTime": "2 - 39:0",
            "label": "Corner",
            "position": "2340500",
            "half": "2",
            "confidence": "0.7744634747505188"
        },
        {
            "gameTime": "2 - 10:35",
            "label": "Corner",
            "position": "635500",
            "half": "2",
            "confidence": "0.6631607413291931"
        }
    ]
}