{
    "UrlLocal": "spain_laliga/2019-2020/2020-02-16 - 18-00 Real Madrid 2 - 2 Celta Vigo",
    "predictions": [
        {
            "gameTime": "1 - 45:33",
            "label": "subs",
            "position": "2733500",
            "half": "1",
            "confidence": "0.7399275302886963"
        },
        {
            "gameTime": "1 - 3:10",
            "label": "subs",
            "position": "190000",
            "half": "1",
            "confidence": "0.5791206359863281"
        },
        {
            "gameTime": "1 - 42:4",
            "label": "soccer",
            "position": "2524000",
            "half": "1",
            "confidence": "0.5887333154678345"
        },
        {
            "gameTime": "2 - 37:47",
            "label": "subs",
            "position": "2267500",
            "half": "2",
            "confidence": "0.7298606634140015"
        },
        {
            "gameTime": "2 - 38:26",
            "label": "subs",
            "position": "2306500",
            "half": "2",
            "confidence": "0.7223224639892578"
        },
        {
            "gameTime": "2 - 24:58",
            "label": "subs",
            "position": "1498500",
            "half": "2",
            "confidence": "0.5727232694625854"
        },
        {
            "gameTime": "2 - 38:36",
            "label": "subs",
            "position": "2316500",
            "half": "2",
            "confidence": "0.5462795495986938"
        },
        {
            "gameTime": "2 - 40:0",
            "label": "soccer",
            "position": "2400000",
            "half": "2",
            "confidence": "0.5549654960632324"
        }
    ]
}