{
    "UrlLocal": "england_epl/2016-2017/2017-04-30 - 18-00 Tottenham 2 - 0 Arsenal",
    "predictions": [
        {
            "gameTime": "1 - 0:0",
            "label": "Kick-off",
            "position": "0",
            "half": "1",
            "confidence": "0.9733285903930664"
        },
        {
            "gameTime": "1 - 0:10",
            "label": "Kick-off",
            "position": "10000",
            "half": "1",
            "confidence": "0.6441898345947266"
        },
        {
            "gameTime": "1 - 41:50",
            "label": "Substitution",
            "position": "2510000",
            "half": "1",
            "confidence": "0.6847496032714844"
        },
        {
            "gameTime": "1 - 41:36",
            "label": "Substitution",
            "position": "2496500",
            "half": "1",
            "confidence": "0.5626979470252991"
        },
        {
            "gameTime": "1 - 46:31",
            "label": "Offside",
            "position": "2791000",
            "half": "1",
            "confidence": "0.8149959444999695"
        },
        {
            "gameTime": "1 - 34:49",
            "label": "Offside",
            "position": "2089500",
            "half": "1",
            "confidence": "0.7085017561912537"
        },
        {
            "gameTime": "1 - 34:38",
            "label": "Offside",
            "position": "2078500",
            "half": "1",
            "confidence": "0.6224974989891052"
        },
        {
            "gameTime": "1 - 9:7",
            "label": "Shots on target",
            "position": "547500",
            "half": "1",
            "confidence": "0.5996858477592468"
        },
        {
            "gameTime": "1 - 39:0",
            "label": "Shots off target",
            "position": "2340000",
            "half": "1",
            "confidence": "0.6035146117210388"
        },
        {
            "gameTime": "1 - 46:4",
            "label": "Shots off target",
            "position": "2764000",
            "half": "1",
            "confidence": "0.5799158811569214"
        },
        {
            "gameTime": "1 - 38:48",
            "label": "Shots off target",
            "position": "2328000",
            "half": "1",
            "confidence": "0.5737220644950867"
        },
        {
            "gameTime": "1 - 41:55",
            "label": "Clearance",
            "position": "2515500",
            "half": "1",
            "confidence": "0.6395350098609924"
        },
        {
            "gameTime": "1 - 19:17",
            "label": "Clearance",
            "position": "1157500",
            "half": "1",
            "confidence": "0.5700170993804932"
        },
        {
            "gameTime": "1 - 2:4",
            "label": "Ball out of play",
            "position": "124500",
            "half": "1",
            "confidence": "0.9154453277587891"
        },
        {
            "gameTime": "1 - 3:30",
            "label": "Ball out of play",
            "position": "210000",
            "half": "1",
            "confidence": "0.8938503861427307"
        },
        {
            "gameTime": "1 - 1:50",
            "label": "Ball out of play",
            "position": "110500",
            "half": "1",
            "confidence": "0.8925269246101379"
        },
        {
            "gameTime": "1 - 2:15",
            "label": "Ball out of play",
            "position": "135000",
            "half": "1",
            "confidence": "0.8851106762886047"
        },
        {
            "gameTime": "1 - 1:40",
            "label": "Ball out of play",
            "position": "100000",
            "half": "1",
            "confidence": "0.8622993230819702"
        },
        {
            "gameTime": "1 - 20:40",
            "label": "Ball out of play",
            "position": "1240500",
            "half": "1",
            "confidence": "0.7998499870300293"
        },
        {
            "gameTime": "1 - 47:53",
            "label": "Ball out of play",
            "position": "2873000",
            "half": "1",
            "confidence": "0.7708391547203064"
        },
        {
            "gameTime": "1 - 14:51",
            "label": "Ball out of play",
            "position": "891500",
            "half": "1",
            "confidence": "0.7627584934234619"
        },
        {
            "gameTime": "1 - 14:40",
            "label": "Ball out of play",
            "position": "880000",
            "half": "1",
            "confidence": "0.7595813870429993"
        },
        {
            "gameTime": "1 - 18:41",
            "label": "Ball out of play",
            "position": "1121500",
            "half": "1",
            "confidence": "0.7551465630531311"
        },
        {
            "gameTime": "1 - 25:39",
            "label": "Ball out of play",
            "position": "1539500",
            "half": "1",
            "confidence": "0.7551365494728088"
        },
        {
            "gameTime": "1 - 0:30",
            "label": "Ball out of play",
            "position": "30500",
            "half": "1",
            "confidence": "0.7487893104553223"
        },
        {
            "gameTime": "1 - 41:10",
            "label": "Ball out of play",
            "position": "2470500",
            "half": "1",
            "confidence": "0.7472561001777649"
        },
        {
            "gameTime": "1 - 20:52",
            "label": "Ball out of play",
            "position": "1252500",
            "half": "1",
            "confidence": "0.7456884980201721"
        },
        {
            "gameTime": "1 - 9:26",
            "label": "Ball out of play",
            "position": "566000",
            "half": "1",
            "confidence": "0.7438315749168396"
        },
        {
            "gameTime": "1 - 47:31",
            "label": "Ball out of play",
            "position": "2851500",
            "half": "1",
            "confidence": "0.7366771697998047"
        },
        {
            "gameTime": "1 - 24:52",
            "label": "Ball out of play",
            "position": "1492000",
            "half": "1",
            "confidence": "0.7320805788040161"
        },
        {
            "gameTime": "1 - 40:13",
            "label": "Ball out of play",
            "position": "2413000",
            "half": "1",
            "confidence": "0.7188489437103271"
        },
        {
            "gameTime": "1 - 44:4",
            "label": "Ball out of play",
            "position": "2644500",
            "half": "1",
            "confidence": "0.7124459743499756"
        },
        {
            "gameTime": "1 - 47:21",
            "label": "Ball out of play",
            "position": "2841000",
            "half": "1",
            "confidence": "0.7086583971977234"
        },
        {
            "gameTime": "1 - 46:30",
            "label": "Ball out of play",
            "position": "2790000",
            "half": "1",
            "confidence": "0.6998891830444336"
        },
        {
            "gameTime": "1 - 47:42",
            "label": "Ball out of play",
            "position": "2862500",
            "half": "1",
            "confidence": "0.6963498592376709"
        },
        {
            "gameTime": "1 - 7:9",
            "label": "Ball out of play",
            "position": "429000",
            "half": "1",
            "confidence": "0.6854912638664246"
        },
        {
            "gameTime": "1 - 14:25",
            "label": "Ball out of play",
            "position": "865000",
            "half": "1",
            "confidence": "0.6822952032089233"
        },
        {
            "gameTime": "1 - 8:6",
            "label": "Ball out of play",
            "position": "486000",
            "half": "1",
            "confidence": "0.680631160736084"
        },
        {
            "gameTime": "1 - 41:20",
            "label": "Ball out of play",
            "position": "2480500",
            "half": "1",
            "confidence": "0.6759582161903381"
        },
        {
            "gameTime": "1 - 33:9",
            "label": "Ball out of play",
            "position": "1989000",
            "half": "1",
            "confidence": "0.6634386777877808"
        },
        {
            "gameTime": "1 - 10:59",
            "label": "Ball out of play",
            "position": "659500",
            "half": "1",
            "confidence": "0.6389682292938232"
        },
        {
            "gameTime": "1 - 45:28",
            "label": "Ball out of play",
            "position": "2728500",
            "half": "1",
            "confidence": "0.6331139802932739"
        },
        {
            "gameTime": "1 - 40:58",
            "label": "Ball out of play",
            "position": "2458500",
            "half": "1",
            "confidence": "0.632098913192749"
        },
        {
            "gameTime": "1 - 25:49",
            "label": "Ball out of play",
            "position": "1549500",
            "half": "1",
            "confidence": "0.6270856857299805"
        },
        {
            "gameTime": "1 - 44:14",
            "label": "Ball out of play",
            "position": "2654500",
            "half": "1",
            "confidence": "0.6203580498695374"
        },
        {
            "gameTime": "1 - 3:19",
            "label": "Ball out of play",
            "position": "199500",
            "half": "1",
            "confidence": "0.6116822957992554"
        },
        {
            "gameTime": "1 - 11:19",
            "label": "Ball out of play",
            "position": "679500",
            "half": "1",
            "confidence": "0.6109388470649719"
        },
        {
            "gameTime": "1 - 6:58",
            "label": "Ball out of play",
            "position": "418500",
            "half": "1",
            "confidence": "0.6083961129188538"
        },
        {
            "gameTime": "1 - 8:38",
            "label": "Ball out of play",
            "position": "518500",
            "half": "1",
            "confidence": "0.6070868372917175"
        },
        {
            "gameTime": "1 - 2:25",
            "label": "Ball out of play",
            "position": "145000",
            "half": "1",
            "confidence": "0.6038763523101807"
        },
        {
            "gameTime": "1 - 46:6",
            "label": "Ball out of play",
            "position": "2766000",
            "half": "1",
            "confidence": "0.6018178462982178"
        },
        {
            "gameTime": "1 - 34:52",
            "label": "Ball out of play",
            "position": "2092000",
            "half": "1",
            "confidence": "0.596023440361023"
        },
        {
            "gameTime": "1 - 13:0",
            "label": "Ball out of play",
            "position": "780500",
            "half": "1",
            "confidence": "0.5954386591911316"
        },
        {
            "gameTime": "1 - 21:43",
            "label": "Ball out of play",
            "position": "1303500",
            "half": "1",
            "confidence": "0.5860499739646912"
        },
        {
            "gameTime": "1 - 7:22",
            "label": "Ball out of play",
            "position": "442500",
            "half": "1",
            "confidence": "0.584737241268158"
        },
        {
            "gameTime": "1 - 37:48",
            "label": "Ball out of play",
            "position": "2268000",
            "half": "1",
            "confidence": "0.5827136635780334"
        },
        {
            "gameTime": "1 - 10:46",
            "label": "Ball out of play",
            "position": "646500",
            "half": "1",
            "confidence": "0.5778149962425232"
        },
        {
            "gameTime": "1 - 23:56",
            "label": "Ball out of play",
            "position": "1436500",
            "half": "1",
            "confidence": "0.5644358992576599"
        },
        {
            "gameTime": "1 - 39:0",
            "label": "Ball out of play",
            "position": "2340500",
            "half": "1",
            "confidence": "0.562504768371582"
        },
        {
            "gameTime": "1 - 34:41",
            "label": "Ball out of play",
            "position": "2081500",
            "half": "1",
            "confidence": "0.5588384866714478"
        },
        {
            "gameTime": "1 - 20:6",
            "label": "Ball out of play",
            "position": "1206000",
            "half": "1",
            "confidence": "0.5543924570083618"
        },
        {
            "gameTime": "1 - 27:59",
            "label": "Ball out of play",
            "position": "1679000",
            "half": "1",
            "confidence": "0.5478579998016357"
        },
        {
            "gameTime": "1 - 24:41",
            "label": "Ball out of play",
            "position": "1481500",
            "half": "1",
            "confidence": "0.543528139591217"
        },
        {
            "gameTime": "1 - 9:58",
            "label": "Ball out of play",
            "position": "598000",
            "half": "1",
            "confidence": "0.5430786609649658"
        },
        {
            "gameTime": "1 - 40:46",
            "label": "Ball out of play",
            "position": "2446500",
            "half": "1",
            "confidence": "0.5407653450965881"
        },
        {
            "gameTime": "1 - 0:40",
            "label": "Ball out of play",
            "position": "40500",
            "half": "1",
            "confidence": "0.5355527400970459"
        },
        {
            "gameTime": "1 - 11:29",
            "label": "Ball out of play",
            "position": "689500",
            "half": "1",
            "confidence": "0.5340455174446106"
        },
        {
            "gameTime": "1 - 17:41",
            "label": "Ball out of play",
            "position": "1061500",
            "half": "1",
            "confidence": "0.5260865688323975"
        },
        {
            "gameTime": "1 - 3:40",
            "label": "Ball out of play",
            "position": "220000",
            "half": "1",
            "confidence": "0.5249863266944885"
        },
        {
            "gameTime": "1 - 18:51",
            "label": "Ball out of play",
            "position": "1131500",
            "half": "1",
            "confidence": "0.5206609964370728"
        },
        {
            "gameTime": "1 - 8:17",
            "label": "Ball out of play",
            "position": "497500",
            "half": "1",
            "confidence": "0.5149878263473511"
        },
        {
            "gameTime": "1 - 8:48",
            "label": "Ball out of play",
            "position": "528500",
            "half": "1",
            "confidence": "0.5102272033691406"
        },
        {
            "gameTime": "1 - 4:2",
            "label": "Ball out of play",
            "position": "242500",
            "half": "1",
            "confidence": "0.5097746253013611"
        },
        {
            "gameTime": "1 - 44:25",
            "label": "Ball out of play",
            "position": "2665000",
            "half": "1",
            "confidence": "0.504694938659668"
        },
        {
            "gameTime": "1 - 2:14",
            "label": "Throw-in",
            "position": "134500",
            "half": "1",
            "confidence": "0.9883456230163574"
        },
        {
            "gameTime": "1 - 3:23",
            "label": "Throw-in",
            "position": "203000",
            "half": "1",
            "confidence": "0.9858422875404358"
        },
        {
            "gameTime": "1 - 14:46",
            "label": "Throw-in",
            "position": "886000",
            "half": "1",
            "confidence": "0.9843591451644897"
        },
        {
            "gameTime": "1 - 2:4",
            "label": "Throw-in",
            "position": "124000",
            "half": "1",
            "confidence": "0.9779462814331055"
        },
        {
            "gameTime": "1 - 14:56",
            "label": "Throw-in",
            "position": "896000",
            "half": "1",
            "confidence": "0.9696232080459595"
        },
        {
            "gameTime": "1 - 3:33",
            "label": "Throw-in",
            "position": "213000",
            "half": "1",
            "confidence": "0.9692386388778687"
        },
        {
            "gameTime": "1 - 8:12",
            "label": "Throw-in",
            "position": "492500",
            "half": "1",
            "confidence": "0.9587782621383667"
        },
        {
            "gameTime": "1 - 7:17",
            "label": "Throw-in",
            "position": "437000",
            "half": "1",
            "confidence": "0.9477667808532715"
        },
        {
            "gameTime": "1 - 7:5",
            "label": "Throw-in",
            "position": "425500",
            "half": "1",
            "confidence": "0.9217925667762756"
        },
        {
            "gameTime": "1 - 2:24",
            "label": "Throw-in",
            "position": "144500",
            "half": "1",
            "confidence": "0.896873950958252"
        },
        {
            "gameTime": "1 - 1:50",
            "label": "Throw-in",
            "position": "110500",
            "half": "1",
            "confidence": "0.8790041208267212"
        },
        {
            "gameTime": "1 - 41:13",
            "label": "Throw-in",
            "position": "2473000",
            "half": "1",
            "confidence": "0.8142712712287903"
        },
        {
            "gameTime": "1 - 40:13",
            "label": "Throw-in",
            "position": "2413500",
            "half": "1",
            "confidence": "0.8103037476539612"
        },
        {
            "gameTime": "1 - 8:2",
            "label": "Throw-in",
            "position": "482000",
            "half": "1",
            "confidence": "0.8022449612617493"
        },
        {
            "gameTime": "1 - 18:29",
            "label": "Throw-in",
            "position": "1109000",
            "half": "1",
            "confidence": "0.7921216487884521"
        },
        {
            "gameTime": "1 - 34:50",
            "label": "Throw-in",
            "position": "2090000",
            "half": "1",
            "confidence": "0.7483322620391846"
        },
        {
            "gameTime": "1 - 4:2",
            "label": "Throw-in",
            "position": "242500",
            "half": "1",
            "confidence": "0.7442532777786255"
        },
        {
            "gameTime": "1 - 44:4",
            "label": "Throw-in",
            "position": "2644500",
            "half": "1",
            "confidence": "0.7389979362487793"
        },
        {
            "gameTime": "1 - 47:40",
            "label": "Throw-in",
            "position": "2860500",
            "half": "1",
            "confidence": "0.7310457825660706"
        },
        {
            "gameTime": "1 - 47:29",
            "label": "Throw-in",
            "position": "2849000",
            "half": "1",
            "confidence": "0.7014001607894897"
        },
        {
            "gameTime": "1 - 44:15",
            "label": "Throw-in",
            "position": "2655000",
            "half": "1",
            "confidence": "0.6955711841583252"
        },
        {
            "gameTime": "1 - 19:47",
            "label": "Throw-in",
            "position": "1187500",
            "half": "1",
            "confidence": "0.6712180972099304"
        },
        {
            "gameTime": "1 - 8:23",
            "label": "Throw-in",
            "position": "503000",
            "half": "1",
            "confidence": "0.6684633493423462"
        },
        {
            "gameTime": "1 - 1:40",
            "label": "Throw-in",
            "position": "100000",
            "half": "1",
            "confidence": "0.6572813987731934"
        },
        {
            "gameTime": "1 - 3:0",
            "label": "Throw-in",
            "position": "180000",
            "half": "1",
            "confidence": "0.650524377822876"
        },
        {
            "gameTime": "1 - 4:12",
            "label": "Throw-in",
            "position": "252500",
            "half": "1",
            "confidence": "0.6409633755683899"
        },
        {
            "gameTime": "1 - 11:25",
            "label": "Throw-in",
            "position": "685500",
            "half": "1",
            "confidence": "0.6256152987480164"
        },
        {
            "gameTime": "1 - 19:37",
            "label": "Throw-in",
            "position": "1177000",
            "half": "1",
            "confidence": "0.623991072177887"
        },
        {
            "gameTime": "1 - 8:37",
            "label": "Throw-in",
            "position": "517500",
            "half": "1",
            "confidence": "0.6033719778060913"
        },
        {
            "gameTime": "1 - 23:56",
            "label": "Throw-in",
            "position": "1436000",
            "half": "1",
            "confidence": "0.5928935408592224"
        },
        {
            "gameTime": "1 - 20:51",
            "label": "Throw-in",
            "position": "1251000",
            "half": "1",
            "confidence": "0.5860961079597473"
        },
        {
            "gameTime": "1 - 34:39",
            "label": "Throw-in",
            "position": "2079500",
            "half": "1",
            "confidence": "0.5773061513900757"
        },
        {
            "gameTime": "1 - 9:30",
            "label": "Throw-in",
            "position": "570000",
            "half": "1",
            "confidence": "0.5733706951141357"
        },
        {
            "gameTime": "1 - 10:4",
            "label": "Throw-in",
            "position": "604000",
            "half": "1",
            "confidence": "0.545683741569519"
        },
        {
            "gameTime": "1 - 13:1",
            "label": "Throw-in",
            "position": "781500",
            "half": "1",
            "confidence": "0.5241336226463318"
        },
        {
            "gameTime": "1 - 14:35",
            "label": "Throw-in",
            "position": "875500",
            "half": "1",
            "confidence": "0.5205346345901489"
        },
        {
            "gameTime": "1 - 11:37",
            "label": "Throw-in",
            "position": "697500",
            "half": "1",
            "confidence": "0.5200995206832886"
        },
        {
            "gameTime": "1 - 33:10",
            "label": "Throw-in",
            "position": "1990500",
            "half": "1",
            "confidence": "0.5168277025222778"
        },
        {
            "gameTime": "1 - 44:27",
            "label": "Throw-in",
            "position": "2667500",
            "half": "1",
            "confidence": "0.5052026510238647"
        },
        {
            "gameTime": "1 - 44:48",
            "label": "Direct free-kick",
            "position": "2688500",
            "half": "1",
            "confidence": "0.694264829158783"
        },
        {
            "gameTime": "1 - 46:4",
            "label": "Direct free-kick",
            "position": "2764000",
            "half": "1",
            "confidence": "0.5120807886123657"
        },
        {
            "gameTime": "1 - 43:20",
            "label": "Direct free-kick",
            "position": "2600000",
            "half": "1",
            "confidence": "0.5071686506271362"
        },
        {
            "gameTime": "1 - 38:22",
            "label": "Corner",
            "position": "2302500",
            "half": "1",
            "confidence": "0.9494822025299072"
        },
        {
            "gameTime": "1 - 18:14",
            "label": "Corner",
            "position": "1094500",
            "half": "1",
            "confidence": "0.9428415298461914"
        },
        {
            "gameTime": "1 - 48:14",
            "label": "Corner",
            "position": "2894000",
            "half": "1",
            "confidence": "0.9332595467567444"
        },
        {
            "gameTime": "1 - 28:28",
            "label": "Corner",
            "position": "1708500",
            "half": "1",
            "confidence": "0.9228472113609314"
        },
        {
            "gameTime": "1 - 26:43",
            "label": "Corner",
            "position": "1603000",
            "half": "1",
            "confidence": "0.8612392544746399"
        },
        {
            "gameTime": "1 - 5:53",
            "label": "Corner",
            "position": "353500",
            "half": "1",
            "confidence": "0.7921293377876282"
        },
        {
            "gameTime": "1 - 28:46",
            "label": "Corner",
            "position": "1726500",
            "half": "1",
            "confidence": "0.7670964002609253"
        },
        {
            "gameTime": "1 - 47:56",
            "label": "Corner",
            "position": "2876000",
            "half": "1",
            "confidence": "0.7505984306335449"
        },
        {
            "gameTime": "1 - 38:34",
            "label": "Corner",
            "position": "2314500",
            "half": "1",
            "confidence": "0.7436876893043518"
        },
        {
            "gameTime": "1 - 18:24",
            "label": "Corner",
            "position": "1104500",
            "half": "1",
            "confidence": "0.6865451335906982"
        },
        {
            "gameTime": "1 - 6:6",
            "label": "Corner",
            "position": "366000",
            "half": "1",
            "confidence": "0.6846223473548889"
        },
        {
            "gameTime": "1 - 48:27",
            "label": "Corner",
            "position": "2907000",
            "half": "1",
            "confidence": "0.6656069159507751"
        },
        {
            "gameTime": "1 - 26:53",
            "label": "Corner",
            "position": "1613500",
            "half": "1",
            "confidence": "0.6548730134963989"
        },
        {
            "gameTime": "1 - 45:49",
            "label": "Corner",
            "position": "2749500",
            "half": "1",
            "confidence": "0.6149030923843384"
        },
        {
            "gameTime": "1 - 26:17",
            "label": "Corner",
            "position": "1577500",
            "half": "1",
            "confidence": "0.5882099270820618"
        },
        {
            "gameTime": "1 - 45:35",
            "label": "Corner",
            "position": "2735500",
            "half": "1",
            "confidence": "0.5353348851203918"
        },
        {
            "gameTime": "1 - 22:17",
            "label": "Corner",
            "position": "1337000",
            "half": "1",
            "confidence": "0.5156158208847046"
        },
        {
            "gameTime": "2 - 0:3",
            "label": "Kick-off",
            "position": "3000",
            "half": "2",
            "confidence": "0.9782192707061768"
        },
        {
            "gameTime": "2 - 0:13",
            "label": "Kick-off",
            "position": "13000",
            "half": "2",
            "confidence": "0.8704262971878052"
        },
        {
            "gameTime": "2 - 13:24",
            "label": "Kick-off",
            "position": "804500",
            "half": "2",
            "confidence": "0.5966159701347351"
        },
        {
            "gameTime": "2 - 10:1",
            "label": "Goal",
            "position": "601500",
            "half": "2",
            "confidence": "0.964865505695343"
        },
        {
            "gameTime": "2 - 12:31",
            "label": "Goal",
            "position": "751500",
            "half": "2",
            "confidence": "0.8169753551483154"
        },
        {
            "gameTime": "2 - 22:35",
            "label": "Goal",
            "position": "1355000",
            "half": "2",
            "confidence": "0.5197821855545044"
        },
        {
            "gameTime": "2 - 19:32",
            "label": "Substitution",
            "position": "1172500",
            "half": "2",
            "confidence": "0.9809897541999817"
        },
        {
            "gameTime": "2 - 42:26",
            "label": "Substitution",
            "position": "2546500",
            "half": "2",
            "confidence": "0.9326965808868408"
        },
        {
            "gameTime": "2 - 35:19",
            "label": "Substitution",
            "position": "2119000",
            "half": "2",
            "confidence": "0.9120358824729919"
        },
        {
            "gameTime": "2 - 45:57",
            "label": "Substitution",
            "position": "2757000",
            "half": "2",
            "confidence": "0.8824252486228943"
        },
        {
            "gameTime": "2 - 29:44",
            "label": "Substitution",
            "position": "1784500",
            "half": "2",
            "confidence": "0.8679777383804321"
        },
        {
            "gameTime": "2 - 33:34",
            "label": "Substitution",
            "position": "2014000",
            "half": "2",
            "confidence": "0.8474324941635132"
        },
        {
            "gameTime": "2 - 33:21",
            "label": "Substitution",
            "position": "2001500",
            "half": "2",
            "confidence": "0.78602135181427"
        },
        {
            "gameTime": "2 - 45:43",
            "label": "Substitution",
            "position": "2743500",
            "half": "2",
            "confidence": "0.6758853793144226"
        },
        {
            "gameTime": "2 - 42:15",
            "label": "Substitution",
            "position": "2535000",
            "half": "2",
            "confidence": "0.59822016954422"
        },
        {
            "gameTime": "2 - 10:1",
            "label": "Shots on target",
            "position": "601500",
            "half": "2",
            "confidence": "0.8249824643135071"
        },
        {
            "gameTime": "2 - 28:31",
            "label": "Shots on target",
            "position": "1711000",
            "half": "2",
            "confidence": "0.5920916199684143"
        },
        {
            "gameTime": "2 - 40:18",
            "label": "Shots on target",
            "position": "2418500",
            "half": "2",
            "confidence": "0.5472761988639832"
        },
        {
            "gameTime": "2 - 12:31",
            "label": "Shots on target",
            "position": "751500",
            "half": "2",
            "confidence": "0.5261714458465576"
        },
        {
            "gameTime": "2 - 18:11",
            "label": "Shots off target",
            "position": "1091000",
            "half": "2",
            "confidence": "0.6547682285308838"
        },
        {
            "gameTime": "2 - 21:32",
            "label": "Shots off target",
            "position": "1292000",
            "half": "2",
            "confidence": "0.5092089176177979"
        },
        {
            "gameTime": "2 - 19:39",
            "label": "Clearance",
            "position": "1179500",
            "half": "2",
            "confidence": "0.8307161927223206"
        },
        {
            "gameTime": "2 - 25:53",
            "label": "Clearance",
            "position": "1553000",
            "half": "2",
            "confidence": "0.5970308184623718"
        },
        {
            "gameTime": "2 - 19:49",
            "label": "Clearance",
            "position": "1189500",
            "half": "2",
            "confidence": "0.5316919088363647"
        },
        {
            "gameTime": "2 - 31:0",
            "label": "Ball out of play",
            "position": "1860000",
            "half": "2",
            "confidence": "0.8923214077949524"
        },
        {
            "gameTime": "2 - 9:55",
            "label": "Ball out of play",
            "position": "595500",
            "half": "2",
            "confidence": "0.872249186038971"
        },
        {
            "gameTime": "2 - 21:32",
            "label": "Ball out of play",
            "position": "1292500",
            "half": "2",
            "confidence": "0.8203210234642029"
        },
        {
            "gameTime": "2 - 34:12",
            "label": "Ball out of play",
            "position": "2052500",
            "half": "2",
            "confidence": "0.7725788354873657"
        },
        {
            "gameTime": "2 - 2:54",
            "label": "Ball out of play",
            "position": "174000",
            "half": "2",
            "confidence": "0.7659302949905396"
        },
        {
            "gameTime": "2 - 17:48",
            "label": "Ball out of play",
            "position": "1068500",
            "half": "2",
            "confidence": "0.7634292840957642"
        },
        {
            "gameTime": "2 - 21:21",
            "label": "Ball out of play",
            "position": "1281500",
            "half": "2",
            "confidence": "0.7319781184196472"
        },
        {
            "gameTime": "2 - 16:15",
            "label": "Ball out of play",
            "position": "975500",
            "half": "2",
            "confidence": "0.7251603007316589"
        },
        {
            "gameTime": "2 - 20:6",
            "label": "Ball out of play",
            "position": "1206000",
            "half": "2",
            "confidence": "0.7225871086120605"
        },
        {
            "gameTime": "2 - 46:9",
            "label": "Ball out of play",
            "position": "2769000",
            "half": "2",
            "confidence": "0.7196562886238098"
        },
        {
            "gameTime": "2 - 31:10",
            "label": "Ball out of play",
            "position": "1870000",
            "half": "2",
            "confidence": "0.7066900730133057"
        },
        {
            "gameTime": "2 - 34:22",
            "label": "Ball out of play",
            "position": "2062500",
            "half": "2",
            "confidence": "0.701205849647522"
        },
        {
            "gameTime": "2 - 31:37",
            "label": "Ball out of play",
            "position": "1897500",
            "half": "2",
            "confidence": "0.6949866414070129"
        },
        {
            "gameTime": "2 - 3:4",
            "label": "Ball out of play",
            "position": "184000",
            "half": "2",
            "confidence": "0.6945420503616333"
        },
        {
            "gameTime": "2 - 14:0",
            "label": "Ball out of play",
            "position": "840500",
            "half": "2",
            "confidence": "0.6847729086875916"
        },
        {
            "gameTime": "2 - 15:29",
            "label": "Ball out of play",
            "position": "929500",
            "half": "2",
            "confidence": "0.6663864850997925"
        },
        {
            "gameTime": "2 - 35:45",
            "label": "Ball out of play",
            "position": "2145000",
            "half": "2",
            "confidence": "0.6624031066894531"
        },
        {
            "gameTime": "2 - 35:59",
            "label": "Ball out of play",
            "position": "2159000",
            "half": "2",
            "confidence": "0.6618471741676331"
        },
        {
            "gameTime": "2 - 45:13",
            "label": "Ball out of play",
            "position": "2713000",
            "half": "2",
            "confidence": "0.6590126752853394"
        },
        {
            "gameTime": "2 - 37:13",
            "label": "Ball out of play",
            "position": "2233000",
            "half": "2",
            "confidence": "0.64905846118927"
        },
        {
            "gameTime": "2 - 36:28",
            "label": "Ball out of play",
            "position": "2188000",
            "half": "2",
            "confidence": "0.6286413669586182"
        },
        {
            "gameTime": "2 - 37:52",
            "label": "Ball out of play",
            "position": "2272500",
            "half": "2",
            "confidence": "0.615507185459137"
        },
        {
            "gameTime": "2 - 15:51",
            "label": "Ball out of play",
            "position": "951000",
            "half": "2",
            "confidence": "0.5927883982658386"
        },
        {
            "gameTime": "2 - 18:6",
            "label": "Ball out of play",
            "position": "1086500",
            "half": "2",
            "confidence": "0.5787502527236938"
        },
        {
            "gameTime": "2 - 8:44",
            "label": "Ball out of play",
            "position": "524500",
            "half": "2",
            "confidence": "0.5751262903213501"
        },
        {
            "gameTime": "2 - 37:2",
            "label": "Ball out of play",
            "position": "2222500",
            "half": "2",
            "confidence": "0.5649670362472534"
        },
        {
            "gameTime": "2 - 46:32",
            "label": "Ball out of play",
            "position": "2792000",
            "half": "2",
            "confidence": "0.5645518898963928"
        },
        {
            "gameTime": "2 - 31:23",
            "label": "Ball out of play",
            "position": "1883500",
            "half": "2",
            "confidence": "0.5534842610359192"
        },
        {
            "gameTime": "2 - 6:9",
            "label": "Ball out of play",
            "position": "369500",
            "half": "2",
            "confidence": "0.5528991222381592"
        },
        {
            "gameTime": "2 - 31:51",
            "label": "Ball out of play",
            "position": "1911500",
            "half": "2",
            "confidence": "0.5513457655906677"
        },
        {
            "gameTime": "2 - 27:7",
            "label": "Ball out of play",
            "position": "1627500",
            "half": "2",
            "confidence": "0.5488008260726929"
        },
        {
            "gameTime": "2 - 7:31",
            "label": "Ball out of play",
            "position": "451000",
            "half": "2",
            "confidence": "0.5443664789199829"
        },
        {
            "gameTime": "2 - 46:19",
            "label": "Ball out of play",
            "position": "2779000",
            "half": "2",
            "confidence": "0.5322623252868652"
        },
        {
            "gameTime": "2 - 22:29",
            "label": "Ball out of play",
            "position": "1349500",
            "half": "2",
            "confidence": "0.5320858359336853"
        },
        {
            "gameTime": "2 - 3:44",
            "label": "Ball out of play",
            "position": "224500",
            "half": "2",
            "confidence": "0.5257366299629211"
        },
        {
            "gameTime": "2 - 28:28",
            "label": "Ball out of play",
            "position": "1708500",
            "half": "2",
            "confidence": "0.5147883892059326"
        },
        {
            "gameTime": "2 - 8:32",
            "label": "Ball out of play",
            "position": "512000",
            "half": "2",
            "confidence": "0.5110512971878052"
        },
        {
            "gameTime": "2 - 31:12",
            "label": "Throw-in",
            "position": "1872500",
            "half": "2",
            "confidence": "0.9714910984039307"
        },
        {
            "gameTime": "2 - 31:1",
            "label": "Throw-in",
            "position": "1861000",
            "half": "2",
            "confidence": "0.9482759237289429"
        },
        {
            "gameTime": "2 - 31:22",
            "label": "Throw-in",
            "position": "1882500",
            "half": "2",
            "confidence": "0.9110807180404663"
        },
        {
            "gameTime": "2 - 14:1",
            "label": "Throw-in",
            "position": "841000",
            "half": "2",
            "confidence": "0.9076735377311707"
        },
        {
            "gameTime": "2 - 35:59",
            "label": "Throw-in",
            "position": "2159000",
            "half": "2",
            "confidence": "0.8321717381477356"
        },
        {
            "gameTime": "2 - 42:36",
            "label": "Throw-in",
            "position": "2556000",
            "half": "2",
            "confidence": "0.7807139754295349"
        },
        {
            "gameTime": "2 - 34:22",
            "label": "Throw-in",
            "position": "2062500",
            "half": "2",
            "confidence": "0.752029538154602"
        },
        {
            "gameTime": "2 - 16:18",
            "label": "Throw-in",
            "position": "978000",
            "half": "2",
            "confidence": "0.732624888420105"
        },
        {
            "gameTime": "2 - 38:1",
            "label": "Throw-in",
            "position": "2281000",
            "half": "2",
            "confidence": "0.7279065847396851"
        },
        {
            "gameTime": "2 - 17:51",
            "label": "Throw-in",
            "position": "1071500",
            "half": "2",
            "confidence": "0.6745424270629883"
        },
        {
            "gameTime": "2 - 35:45",
            "label": "Throw-in",
            "position": "2145500",
            "half": "2",
            "confidence": "0.662996768951416"
        },
        {
            "gameTime": "2 - 37:16",
            "label": "Throw-in",
            "position": "2236500",
            "half": "2",
            "confidence": "0.6557050347328186"
        },
        {
            "gameTime": "2 - 20:4",
            "label": "Throw-in",
            "position": "1204000",
            "half": "2",
            "confidence": "0.6324448585510254"
        },
        {
            "gameTime": "2 - 4:52",
            "label": "Throw-in",
            "position": "292000",
            "half": "2",
            "confidence": "0.6297857761383057"
        },
        {
            "gameTime": "2 - 14:13",
            "label": "Throw-in",
            "position": "853000",
            "half": "2",
            "confidence": "0.6278089880943298"
        },
        {
            "gameTime": "2 - 34:12",
            "label": "Throw-in",
            "position": "2052000",
            "half": "2",
            "confidence": "0.6227898001670837"
        },
        {
            "gameTime": "2 - 45:13",
            "label": "Throw-in",
            "position": "2713000",
            "half": "2",
            "confidence": "0.6218488812446594"
        },
        {
            "gameTime": "2 - 15:39",
            "label": "Throw-in",
            "position": "939500",
            "half": "2",
            "confidence": "0.6096399426460266"
        },
        {
            "gameTime": "2 - 27:9",
            "label": "Throw-in",
            "position": "1629000",
            "half": "2",
            "confidence": "0.6090601682662964"
        },
        {
            "gameTime": "2 - 34:34",
            "label": "Throw-in",
            "position": "2074500",
            "half": "2",
            "confidence": "0.5454027652740479"
        },
        {
            "gameTime": "2 - 48:24",
            "label": "Throw-in",
            "position": "2904000",
            "half": "2",
            "confidence": "0.5374565124511719"
        },
        {
            "gameTime": "2 - 13:45",
            "label": "Throw-in",
            "position": "825000",
            "half": "2",
            "confidence": "0.516719400882721"
        },
        {
            "gameTime": "2 - 19:3",
            "label": "Throw-in",
            "position": "1143500",
            "half": "2",
            "confidence": "0.5035812854766846"
        },
        {
            "gameTime": "2 - 30:12",
            "label": "Foul",
            "position": "1812000",
            "half": "2",
            "confidence": "0.8899457454681396"
        },
        {
            "gameTime": "2 - 11:18",
            "label": "Foul",
            "position": "678500",
            "half": "2",
            "confidence": "0.589283287525177"
        },
        {
            "gameTime": "2 - 30:22",
            "label": "Foul",
            "position": "1822000",
            "half": "2",
            "confidence": "0.5696174502372742"
        },
        {
            "gameTime": "2 - 26:29",
            "label": "Indirect free-kick",
            "position": "1589000",
            "half": "2",
            "confidence": "0.5655732154846191"
        },
        {
            "gameTime": "2 - 25:31",
            "label": "Direct free-kick",
            "position": "1531000",
            "half": "2",
            "confidence": "0.644588053226471"
        },
        {
            "gameTime": "2 - 15:58",
            "label": "Direct free-kick",
            "position": "958000",
            "half": "2",
            "confidence": "0.6437857151031494"
        },
        {
            "gameTime": "2 - 21:53",
            "label": "Direct free-kick",
            "position": "1313500",
            "half": "2",
            "confidence": "0.593614935874939"
        },
        {
            "gameTime": "2 - 28:42",
            "label": "Direct free-kick",
            "position": "1722500",
            "half": "2",
            "confidence": "0.5784327983856201"
        },
        {
            "gameTime": "2 - 20:49",
            "label": "Direct free-kick",
            "position": "1249500",
            "half": "2",
            "confidence": "0.5263542532920837"
        },
        {
            "gameTime": "2 - 22:6",
            "label": "Direct free-kick",
            "position": "1326000",
            "half": "2",
            "confidence": "0.5066699981689453"
        },
        {
            "gameTime": "2 - 21:49",
            "label": "Corner",
            "position": "1309000",
            "half": "2",
            "confidence": "0.9735159873962402"
        },
        {
            "gameTime": "2 - 21:59",
            "label": "Corner",
            "position": "1319500",
            "half": "2",
            "confidence": "0.948917806148529"
        },
        {
            "gameTime": "2 - 32:31",
            "label": "Corner",
            "position": "1951500",
            "half": "2",
            "confidence": "0.9481899738311768"
        },
        {
            "gameTime": "2 - 32:45",
            "label": "Corner",
            "position": "1965000",
            "half": "2",
            "confidence": "0.9134237766265869"
        },
        {
            "gameTime": "2 - 21:21",
            "label": "Corner",
            "position": "1281500",
            "half": "2",
            "confidence": "0.8566612601280212"
        },
        {
            "gameTime": "2 - 3:32",
            "label": "Corner",
            "position": "212500",
            "half": "2",
            "confidence": "0.7761046886444092"
        },
        {
            "gameTime": "2 - 6:17",
            "label": "Corner",
            "position": "377000",
            "half": "2",
            "confidence": "0.6950868368148804"
        },
        {
            "gameTime": "2 - 21:11",
            "label": "Corner",
            "position": "1271000",
            "half": "2",
            "confidence": "0.6488574147224426"
        },
        {
            "gameTime": "2 - 10:40",
            "label": "Corner",
            "position": "640500",
            "half": "2",
            "confidence": "0.61181640625"
        },
        {
            "gameTime": "2 - 28:41",
            "label": "Corner",
            "position": "1721500",
            "half": "2",
            "confidence": "0.5212517380714417"
        },
        {
            "gameTime": "2 - 24:56",
            "label": "Yellow card",
            "position": "1496000",
            "half": "2",
            "confidence": "0.908240556716919"
        },
        {
            "gameTime": "2 - 27:35",
            "label": "Yellow card",
            "position": "1655500",
            "half": "2",
            "confidence": "0.841997504234314"
        },
        {
            "gameTime": "2 - 30:27",
            "label": "Yellow card",
            "position": "1827000",
            "half": "2",
            "confidence": "0.8191776871681213"
        },
        {
            "gameTime": "2 - 30:12",
            "label": "Yellow card",
            "position": "1812500",
            "half": "2",
            "confidence": "0.7666634321212769"
        },
        {
            "gameTime": "2 - 24:45",
            "label": "Yellow card",
            "position": "1485500",
            "half": "2",
            "confidence": "0.6579465866088867"
        }
    ]
}