{
    "UrlLocal": "europe_uefa-champions-league/2015-2016/2015-11-03 - 22-45 Sevilla 1 - 3 Manchester City",
    "predictions": [
        {
            "gameTime": "1 - 42:45",
            "label": "card",
            "position": "2565000",
            "half": "1",
            "confidence": "0.9666779637336731"
        },
        {
            "gameTime": "1 - 42:55",
            "label": "card",
            "position": "2575000",
            "half": "1",
            "confidence": "0.9065040349960327"
        },
        {
            "gameTime": "1 - 24:15",
            "label": "soccer",
            "position": "1455500",
            "half": "1",
            "confidence": "0.9738396406173706"
        },
        {
            "gameTime": "1 - 10:36",
            "label": "soccer",
            "position": "636000",
            "half": "1",
            "confidence": "0.9497331976890564"
        },
        {
            "gameTime": "1 - 7:49",
            "label": "soccer",
            "position": "469000",
            "half": "1",
            "confidence": "0.8004213571548462"
        },
        {
            "gameTime": "1 - 24:5",
            "label": "soccer",
            "position": "1445000",
            "half": "1",
            "confidence": "0.5991683006286621"
        },
        {
            "gameTime": "2 - 27:48",
            "label": "subs",
            "position": "1668500",
            "half": "2",
            "confidence": "0.9891147613525391"
        },
        {
            "gameTime": "2 - 40:30",
            "label": "subs",
            "position": "2430500",
            "half": "2",
            "confidence": "0.9865962862968445"
        },
        {
            "gameTime": "2 - 19:4",
            "label": "subs",
            "position": "1144000",
            "half": "2",
            "confidence": "0.9855565428733826"
        },
        {
            "gameTime": "2 - 40:20",
            "label": "subs",
            "position": "2420000",
            "half": "2",
            "confidence": "0.9633134603500366"
        },
        {
            "gameTime": "2 - 27:38",
            "label": "subs",
            "position": "1658000",
            "half": "2",
            "confidence": "0.9629544019699097"
        },
        {
            "gameTime": "2 - 45:1",
            "label": "subs",
            "position": "2701000",
            "half": "2",
            "confidence": "0.9117510318756104"
        },
        {
            "gameTime": "2 - 18:53",
            "label": "subs",
            "position": "1133500",
            "half": "2",
            "confidence": "0.8575854301452637"
        },
        {
            "gameTime": "2 - 10:14",
            "label": "subs",
            "position": "614000",
            "half": "2",
            "confidence": "0.8400019407272339"
        },
        {
            "gameTime": "2 - 19:14",
            "label": "subs",
            "position": "1154000",
            "half": "2",
            "confidence": "0.7392730116844177"
        },
        {
            "gameTime": "2 - 10:24",
            "label": "subs",
            "position": "624000",
            "half": "2",
            "confidence": "0.5647223591804504"
        }
    ]
}