{
    "UrlLocal": "europe_uefa-champions-league/2016-2017/2017-02-15 - 18-00 Bayern 5 - 1 Arsenal",
    "UrlYoutube": "",
    "annotations": [
        {
            "change_type": "",
            "gameTime": "1 - 00:18",
            "label": "",
            "position": "18459",
            "replay": "real-time"
        },
        {
            "change_type": "",
            "gameTime": "1 - 00:25",
            "label": "",
            "link": "",
            "position": "25150",
            "replay": "replay"
        },
        {
            "change_type": "",
            "gameTime": "1 - 05:57",
            "label": "",
            "position": "357142",
            "replay": "real-time"
        },
        {
            "change_type": "",
            "gameTime": "1 - 06:02",
            "label": "",
            "link": "",
            "position": "362470",
            "replay": "replay"
        },
        {
            "change_type": "",
            "gameTime": "1 - 08:00",
            "label": "",
            "position": "480121",
            "replay": "real-time"
        },
        {
            "change_type": "",
            "gameTime": "1 - 08:07",
            "label": "",
            "link": "",
            "position": "487702",
            "replay": "replay"
        },
        {
            "change_type": "",
            "gameTime": "1 - 08:13",
            "label": "",
            "link": "",
            "position": "493835",
            "replay": "replay"
        },
        {
            "change_type": "",
            "gameTime": "1 - 11:13",
            "label": "",
            "position": "673268",
            "replay": "real-time"
        },
        {
            "change_type": "",
            "gameTime": "1 - 11:25",
            "label": "",
            "link": "",
            "position": "685080",
            "replay": "replay"
        },
        {
            "change_type": "",
            "gameTime": "1 - 11:31",
            "label": "",
            "link": "",
            "position": "691191",
            "replay": "replay"
        },
        {
            "change_type": "",
            "gameTime": "1 - 11:39",
            "label": "",
            "link": "",
            "position": "699269",
            "replay": "replay"
        },
        {
            "change_type": "",
            "gameTime": "1 - 14:16",
            "label": "",
            "position": "856325",
            "replay": "real-time"
        },
        {
            "change_type": "",
            "gameTime": "1 - 14:20",
            "label": "",
            "link": "",
            "position": "860890",
            "replay": "replay"
        },
        {
            "change_type": "",
            "gameTime": "1 - 14:25",
            "label": "",
            "link": "",
            "position": "865743",
            "replay": "replay"
        },
        {
            "change_type": "",
            "gameTime": "1 - 14:55",
            "label": "",
            "position": "895361",
            "replay": "real-time"
        },
        {
            "change_type": "",
            "gameTime": "1 - 15:01",
            "label": "",
            "link": "",
            "position": "901668",
            "replay": "replay"
        },
        {
            "change_type": "",
            "gameTime": "1 - 15:07",
            "label": "",
            "link": "",
            "position": "907385",
            "replay": "replay"
        },
        {
            "change_type": "",
            "gameTime": "1 - 16:41",
            "label": "",
            "position": "1001394",
            "replay": "real-time"
        },
        {
            "change_type": "",
            "gameTime": "1 - 17:19",
            "label": "",
            "position": "1039210",
            "replay": "real-time"
        },
        {
            "change_type": "",
            "gameTime": "1 - 17:26",
            "label": "",
            "link": "",
            "position": "1046379",
            "replay": "replay"
        },
        {
            "change_type": "",
            "gameTime": "1 - 21:08",
            "label": "",
            "position": "1268333",
            "replay": "real-time"
        },
        {
            "change_type": "",
            "gameTime": "1 - 21:14",
            "label": "",
            "link": "",
            "position": "1274197",
            "replay": "replay"
        },
        {
            "change_type": "",
            "gameTime": "1 - 21:18",
            "label": "",
            "position": "1278712",
            "replay": "other"
        },
        {
            "change_type": "",
            "gameTime": "1 - 25:57",
            "label": "",
            "position": "1557453",
            "replay": "real-time"
        },
        {
            "change_type": "",
            "gameTime": "1 - 26:03",
            "label": "",
            "link": "",
            "position": "1563560",
            "replay": "replay"
        },
        {
            "change_type": "",
            "gameTime": "1 - 26:09",
            "label": "",
            "link": "",
            "position": "1569807",
            "replay": "replay"
        },
        {
            "change_type": "",
            "gameTime": "1 - 26:14",
            "label": "",
            "position": "1574378",
            "replay": "other"
        },
        {
            "change_type": "",
            "gameTime": "1 - 28:26",
            "label": "",
            "position": "1706938",
            "replay": "real-time"
        },
        {
            "change_type": "",
            "gameTime": "1 - 28:32",
            "label": "",
            "link": "",
            "position": "1712127",
            "replay": "replay"
        },
        {
            "change_type": "",
            "gameTime": "1 - 29:00",
            "label": "",
            "position": "1740416",
            "replay": "real-time"
        },
        {
            "change_type": "",
            "gameTime": "1 - 29:06",
            "label": "",
            "link": "",
            "position": "1746189",
            "replay": "replay"
        },
        {
            "change_type": "",
            "gameTime": "1 - 29:12",
            "label": "",
            "link": "",
            "position": "1752913",
            "replay": "replay"
        },
        {
            "change_type": "",
            "gameTime": "1 - 30:05",
            "label": "",
            "position": "1805537",
            "replay": "real-time"
        },
        {
            "change_type": "",
            "gameTime": "1 - 30:17",
            "label": "",
            "link": "",
            "position": "1817128",
            "replay": "replay"
        },
        {
            "change_type": "",
            "gameTime": "1 - 30:25",
            "label": "",
            "link": "",
            "position": "1825171",
            "replay": "replay"
        },
        {
            "change_type": "",
            "gameTime": "1 - 30:32",
            "label": "",
            "position": "1832114",
            "replay": "other"
        },
        {
            "change_type": "",
            "gameTime": "1 - 32:59",
            "label": "",
            "position": "1979269",
            "replay": "real-time"
        },
        {
            "change_type": "",
            "gameTime": "1 - 33:05",
            "label": "",
            "link": "",
            "position": "1985758",
            "replay": "replay"
        },
        {
            "change_type": "",
            "gameTime": "1 - 33:10",
            "label": "",
            "link": "",
            "position": "1990260",
            "replay": "replay"
        },
        {
            "change_type": "",
            "gameTime": "1 - 34:26",
            "label": "",
            "position": "2066451",
            "replay": "real-time"
        },
        {
            "change_type": "",
            "gameTime": "1 - 34:32",
            "label": "",
            "link": "",
            "position": "2072366",
            "replay": "replay"
        },
        {
            "change_type": "",
            "gameTime": "1 - 34:37",
            "label": "",
            "link": "",
            "position": "2077773",
            "replay": "replay"
        },
        {
            "change_type": "",
            "gameTime": "1 - 35:07",
            "label": "",
            "position": "2107800",
            "replay": "real-time"
        },
        {
            "change_type": "",
            "gameTime": "1 - 35:14",
            "label": "",
            "link": "",
            "position": "2114615",
            "replay": "replay"
        },
        {
            "change_type": "",
            "gameTime": "1 - 35:18",
            "label": "",
            "position": "2118486",
            "replay": "other"
        },
        {
            "change_type": "",
            "gameTime": "1 - 36:23",
            "label": "",
            "position": "2183928",
            "replay": "real-time"
        },
        {
            "change_type": "",
            "gameTime": "1 - 36:28",
            "label": "",
            "link": "",
            "position": "2188633",
            "replay": "replay"
        },
        {
            "change_type": "",
            "gameTime": "1 - 37:14",
            "label": "",
            "position": "2234320",
            "replay": "real-time"
        },
        {
            "change_type": "",
            "gameTime": "1 - 37:19",
            "label": "",
            "link": "",
            "position": "2239608",
            "replay": "replay"
        },
        {
            "change_type": "",
            "gameTime": "1 - 37:23",
            "label": "",
            "link": "",
            "position": "2243587",
            "replay": "replay"
        },
        {
            "change_type": "",
            "gameTime": "1 - 37:28",
            "label": "",
            "position": "2248877",
            "replay": "other"
        },
        {
            "change_type": "",
            "gameTime": "1 - 37:37",
            "label": "",
            "position": "2257893",
            "replay": "other"
        },
        {
            "change_type": "",
            "gameTime": "1 - 37:42",
            "label": "",
            "position": "2262554",
            "replay": "other"
        },
        {
            "change_type": "",
            "gameTime": "1 - 39:07",
            "label": "",
            "position": "2347441",
            "replay": "real-time"
        },
        {
            "change_type": "",
            "gameTime": "1 - 39:15",
            "label": "",
            "link": "",
            "position": "2355010",
            "replay": "replay"
        },
        {
            "change_type": "",
            "gameTime": "1 - 39:19",
            "label": "",
            "link": "",
            "position": "2359672",
            "replay": "replay"
        },
        {
            "change_type": "",
            "gameTime": "1 - 43:02",
            "label": "",
            "position": "2582693",
            "replay": "real-time"
        },
        {
            "change_type": "",
            "gameTime": "1 - 43:09",
            "label": "",
            "link": "",
            "position": "2589529",
            "replay": "replay"
        },
        {
            "change_type": "",
            "gameTime": "1 - 43:15",
            "label": "",
            "link": "",
            "position": "2595201",
            "replay": "replay"
        },
        {
            "change_type": "",
            "gameTime": "1 - 43:20",
            "label": "",
            "position": "2600117",
            "replay": "other"
        },
        {
            "change_type": "",
            "gameTime": "1 - 44:17",
            "label": "",
            "position": "2657486",
            "replay": "real-time"
        },
        {
            "change_type": "",
            "gameTime": "1 - 44:22",
            "label": "",
            "link": "",
            "position": "2662666",
            "replay": "replay"
        },
        {
            "change_type": "",
            "gameTime": "1 - 44:29",
            "label": "",
            "link": "",
            "position": "2669082",
            "replay": "replay"
        },
        {
            "change_type": "",
            "gameTime": "1 - 44:33",
            "label": "",
            "position": "2673830",
            "replay": "other"
        },
        {
            "change_type": "",
            "gameTime": "2 - 00:35",
            "label": "",
            "position": "35838",
            "replay": "real-time"
        },
        {
            "change_type": "",
            "gameTime": "2 - 00:41",
            "label": "",
            "link": "",
            "position": "41073",
            "replay": "replay"
        },
        {
            "change_type": "",
            "gameTime": "2 - 02:18",
            "label": "",
            "position": "138274",
            "replay": "real-time"
        },
        {
            "change_type": "",
            "gameTime": "2 - 02:26",
            "label": "",
            "link": "",
            "position": "146072",
            "replay": "replay"
        },
        {
            "change_type": "",
            "gameTime": "2 - 07:28",
            "label": "",
            "position": "448029",
            "replay": "real-time"
        },
        {
            "change_type": "",
            "gameTime": "2 - 07:33",
            "label": "",
            "link": "",
            "position": "453083",
            "replay": "replay"
        },
        {
            "change_type": "",
            "gameTime": "2 - 08:12",
            "label": "",
            "position": "492109",
            "replay": "real-time"
        },
        {
            "change_type": "",
            "gameTime": "2 - 08:22",
            "label": "",
            "link": "",
            "position": "502783",
            "replay": "replay"
        },
        {
            "change_type": "",
            "gameTime": "2 - 08:31",
            "label": "",
            "link": "",
            "position": "511143",
            "replay": "replay"
        },
        {
            "change_type": "",
            "gameTime": "2 - 08:41",
            "label": "",
            "link": "",
            "position": "521443",
            "replay": "replay"
        },
        {
            "change_type": "",
            "gameTime": "2 - 08:50",
            "label": "",
            "position": "530103",
            "replay": "other"
        },
        {
            "change_type": "",
            "gameTime": "2 - 11:18",
            "label": "",
            "position": "678839",
            "replay": "real-time"
        },
        {
            "change_type": "",
            "gameTime": "2 - 11:27",
            "label": "",
            "link": "",
            "position": "687721",
            "replay": "replay"
        },
        {
            "change_type": "",
            "gameTime": "2 - 11:35",
            "label": "",
            "link": "",
            "position": "695514",
            "replay": "replay"
        },
        {
            "change_type": "",
            "gameTime": "2 - 11:41",
            "label": "",
            "link": "",
            "position": "701060",
            "replay": "replay"
        },
        {
            "change_type": "",
            "gameTime": "2 - 11:47",
            "label": "",
            "link": "",
            "position": "707141",
            "replay": "replay"
        },
        {
            "change_type": "",
            "gameTime": "2 - 11:53",
            "label": "",
            "position": "713143",
            "replay": "other"
        },
        {
            "change_type": "",
            "gameTime": "2 - 11:57",
            "label": "",
            "position": "717922",
            "replay": "other"
        },
        {
            "change_type": "",
            "gameTime": "2 - 13:21",
            "label": "",
            "position": "801158",
            "replay": "real-time"
        },
        {
            "change_type": "",
            "gameTime": "2 - 13:28",
            "label": "",
            "link": "",
            "position": "808736",
            "replay": "replay"
        },
        {
            "change_type": "",
            "gameTime": "2 - 13:34",
            "label": "",
            "link": "",
            "position": "814474",
            "replay": "replay"
        },
        {
            "change_type": "",
            "gameTime": "2 - 15:09",
            "label": "",
            "position": "909175",
            "replay": "real-time"
        },
        {
            "change_type": "",
            "gameTime": "2 - 15:14",
            "label": "",
            "link": "",
            "position": "914334",
            "replay": "replay"
        },
        {
            "change_type": "",
            "gameTime": "2 - 16:16",
            "label": "",
            "position": "976519",
            "replay": "real-time"
        },
        {
            "change_type": "",
            "gameTime": "2 - 16:27",
            "label": "",
            "link": "",
            "position": "987611",
            "replay": "replay"
        },
        {
            "change_type": "",
            "gameTime": "2 - 17:05",
            "label": "",
            "position": "1025564",
            "replay": "real-time"
        },
        {
            "change_type": "",
            "gameTime": "2 - 17:12",
            "label": "",
            "link": "",
            "position": "1032525",
            "replay": "replay"
        },
        {
            "change_type": "",
            "gameTime": "2 - 17:18",
            "label": "",
            "link": "",
            "position": "1038197",
            "replay": "replay"
        },
        {
            "change_type": "",
            "gameTime": "2 - 17:23",
            "label": "",
            "link": "",
            "position": "1043617",
            "replay": "replay"
        },
        {
            "change_type": "",
            "gameTime": "2 - 18:02",
            "label": "",
            "position": "1082850",
            "replay": "real-time"
        },
        {
            "change_type": "",
            "gameTime": "2 - 18:15",
            "label": "",
            "link": "",
            "position": "1095677",
            "replay": "replay"
        },
        {
            "change_type": "",
            "gameTime": "2 - 18:21",
            "label": "",
            "link": "",
            "position": "1101333",
            "replay": "replay"
        },
        {
            "change_type": "",
            "gameTime": "2 - 18:26",
            "label": "",
            "link": "",
            "position": "1106943",
            "replay": "replay"
        },
        {
            "change_type": "",
            "gameTime": "2 - 18:31",
            "label": "",
            "position": "1111046",
            "replay": "other"
        },
        {
            "change_type": "",
            "gameTime": "2 - 18:37",
            "label": "",
            "position": "1117227",
            "replay": "other"
        },
        {
            "change_type": "",
            "gameTime": "2 - 21:22",
            "label": "",
            "position": "1282474",
            "replay": "real-time"
        },
        {
            "change_type": "",
            "gameTime": "2 - 21:27",
            "label": "",
            "link": "",
            "position": "1287773",
            "replay": "replay"
        },
        {
            "change_type": "",
            "gameTime": "2 - 22:48",
            "label": "",
            "position": "1368774",
            "replay": "real-time"
        },
        {
            "change_type": "",
            "gameTime": "2 - 22:53",
            "label": "",
            "link": "",
            "position": "1373139",
            "replay": "replay"
        },
        {
            "change_type": "",
            "gameTime": "2 - 23:21",
            "label": "",
            "position": "1401209",
            "replay": "real-time"
        },
        {
            "change_type": "",
            "gameTime": "2 - 23:25",
            "label": "",
            "link": "",
            "position": "1405839",
            "replay": "replay"
        },
        {
            "change_type": "",
            "gameTime": "2 - 23:30",
            "label": "",
            "link": "",
            "position": "1410456",
            "replay": "replay"
        },
        {
            "change_type": "",
            "gameTime": "2 - 23:35",
            "label": "",
            "link": "",
            "position": "1415020",
            "replay": "replay"
        },
        {
            "change_type": "",
            "gameTime": "2 - 23:39",
            "label": "",
            "position": "1419333",
            "replay": "other"
        },
        {
            "change_type": "",
            "gameTime": "2 - 30:57",
            "label": "",
            "position": "1857172",
            "replay": "real-time"
        },
        {
            "change_type": "",
            "gameTime": "2 - 30:57",
            "label": "",
            "position": "1857184",
            "replay": "real-time"
        },
        {
            "change_type": "",
            "gameTime": "2 - 31:03",
            "label": "",
            "position": "1863267",
            "replay": "other"
        },
        {
            "change_type": "",
            "gameTime": "2 - 31:07",
            "label": "",
            "position": "1867979",
            "replay": "other"
        },
        {
            "change_type": "",
            "gameTime": "2 - 31:57",
            "label": "",
            "position": "1917728",
            "replay": "real-time"
        },
        {
            "change_type": "",
            "gameTime": "2 - 32:09",
            "label": "",
            "link": "",
            "position": "1929067",
            "replay": "replay"
        },
        {
            "change_type": "",
            "gameTime": "2 - 33:44",
            "label": "",
            "position": "2024364",
            "replay": "real-time"
        },
        {
            "change_type": "",
            "gameTime": "2 - 33:49",
            "label": "",
            "link": "",
            "position": "2029758",
            "replay": "replay"
        },
        {
            "change_type": "",
            "gameTime": "2 - 33:58",
            "label": "",
            "link": "",
            "position": "2038382",
            "replay": "replay"
        },
        {
            "change_type": "",
            "gameTime": "2 - 36:49",
            "label": "",
            "position": "2209846",
            "replay": "real-time"
        },
        {
            "change_type": "",
            "gameTime": "2 - 36:55",
            "label": "",
            "link": "",
            "position": "2215150",
            "replay": "replay"
        },
        {
            "change_type": "",
            "gameTime": "2 - 37:01",
            "label": "",
            "link": "",
            "position": "2221213",
            "replay": "replay"
        },
        {
            "change_type": "",
            "gameTime": "2 - 37:05",
            "label": "",
            "position": "2225084",
            "replay": "other"
        },
        {
            "change_type": "",
            "gameTime": "2 - 37:45",
            "label": "",
            "position": "2265825",
            "replay": "real-time"
        },
        {
            "change_type": "",
            "gameTime": "2 - 37:52",
            "label": "",
            "link": "",
            "position": "2272938",
            "replay": "replay"
        },
        {
            "change_type": "",
            "gameTime": "2 - 40:25",
            "label": "",
            "position": "2425013",
            "replay": "real-time"
        },
        {
            "change_type": "",
            "gameTime": "2 - 40:31",
            "label": "",
            "link": "",
            "position": "2431744",
            "replay": "replay"
        },
        {
            "change_type": "",
            "gameTime": "2 - 41:46",
            "label": "",
            "position": "2506349",
            "replay": "real-time"
        },
        {
            "change_type": "",
            "gameTime": "2 - 41:52",
            "label": "",
            "link": "",
            "position": "2512266",
            "replay": "replay"
        },
        {
            "change_type": "",
            "gameTime": "2 - 43:02",
            "label": "",
            "position": "2582672",
            "replay": "real-time"
        },
        {
            "change_type": "",
            "gameTime": "2 - 43:13",
            "label": "",
            "link": "",
            "position": "2593591",
            "replay": "replay"
        },
        {
            "change_type": "",
            "gameTime": "2 - 43:21",
            "label": "",
            "link": "",
            "position": "2601235",
            "replay": "replay"
        },
        {
            "change_type": "",
            "gameTime": "2 - 43:28",
            "label": "",
            "link": "",
            "position": "2608574",
            "replay": "replay"
        },
        {
            "change_type": "",
            "gameTime": "2 - 43:34",
            "label": "",
            "position": "2614917",
            "replay": "other"
        },
        {
            "change_type": "",
            "gameTime": "2 - 43:38",
            "label": "",
            "position": "2618718",
            "replay": "other"
        },
        {
            "change_type": "",
            "gameTime": "2 - 43:41",
            "label": "",
            "position": "2621379",
            "replay": "other"
        }
    ],
    "gameAwayTeam": "Arsenal",
    "gameDate": "2017-02-15 - 18-00",
    "gameHomeTeam": "Bayern",
    "gameScore": "5 - 1"
}