{
    "UrlLocal": "spain_laliga/2016-2017/2016-11-26 - 18-15 Real Madrid 2 - 1 Gijon",
    "predictions": [
        {
            "gameTime": "1 - 4:14",
            "label": "Penalty",
            "position": "254500",
            "half": "1",
            "confidence": "0.6031014323234558"
        },
        {
            "gameTime": "1 - 0:0",
            "label": "Kick-off",
            "position": "0",
            "half": "1",
            "confidence": "0.9717098474502563"
        },
        {
            "gameTime": "1 - 18:47",
            "label": "Kick-off",
            "position": "1127000",
            "half": "1",
            "confidence": "0.8971789479255676"
        },
        {
            "gameTime": "1 - 0:10",
            "label": "Kick-off",
            "position": "10000",
            "half": "1",
            "confidence": "0.8790993094444275"
        },
        {
            "gameTime": "1 - 18:30",
            "label": "Kick-off",
            "position": "1110000",
            "half": "1",
            "confidence": "0.6950377821922302"
        },
        {
            "gameTime": "1 - 18:57",
            "label": "Kick-off",
            "position": "1137000",
            "half": "1",
            "confidence": "0.5476508736610413"
        },
        {
            "gameTime": "1 - 29:49",
            "label": "Kick-off",
            "position": "1789000",
            "half": "1",
            "confidence": "0.5198435187339783"
        },
        {
            "gameTime": "1 - 4:19",
            "label": "Goal",
            "position": "259500",
            "half": "1",
            "confidence": "0.9776875376701355"
        },
        {
            "gameTime": "1 - 17:50",
            "label": "Goal",
            "position": "1070500",
            "half": "1",
            "confidence": "0.9638003706932068"
        },
        {
            "gameTime": "1 - 17:40",
            "label": "Goal",
            "position": "1060000",
            "half": "1",
            "confidence": "0.9561459422111511"
        },
        {
            "gameTime": "1 - 4:9",
            "label": "Goal",
            "position": "249000",
            "half": "1",
            "confidence": "0.7253926396369934"
        },
        {
            "gameTime": "1 - 34:59",
            "label": "Substitution",
            "position": "2099000",
            "half": "1",
            "confidence": "0.5308716297149658"
        },
        {
            "gameTime": "1 - 17:49",
            "label": "Shots on target",
            "position": "1069500",
            "half": "1",
            "confidence": "0.7932643890380859"
        },
        {
            "gameTime": "1 - 4:18",
            "label": "Shots on target",
            "position": "258500",
            "half": "1",
            "confidence": "0.7743361592292786"
        },
        {
            "gameTime": "1 - 17:38",
            "label": "Shots on target",
            "position": "1058500",
            "half": "1",
            "confidence": "0.7524837851524353"
        },
        {
            "gameTime": "1 - 2:11",
            "label": "Shots on target",
            "position": "131000",
            "half": "1",
            "confidence": "0.7021500468254089"
        },
        {
            "gameTime": "1 - 7:30",
            "label": "Shots on target",
            "position": "450500",
            "half": "1",
            "confidence": "0.6797618269920349"
        },
        {
            "gameTime": "1 - 26:43",
            "label": "Shots on target",
            "position": "1603500",
            "half": "1",
            "confidence": "0.5467040538787842"
        },
        {
            "gameTime": "1 - 25:44",
            "label": "Shots off target",
            "position": "1544000",
            "half": "1",
            "confidence": "0.7503506541252136"
        },
        {
            "gameTime": "1 - 11:50",
            "label": "Shots off target",
            "position": "710000",
            "half": "1",
            "confidence": "0.7274053692817688"
        },
        {
            "gameTime": "1 - 0:46",
            "label": "Shots off target",
            "position": "46500",
            "half": "1",
            "confidence": "0.7158188223838806"
        },
        {
            "gameTime": "1 - 10:44",
            "label": "Shots off target",
            "position": "644000",
            "half": "1",
            "confidence": "0.7125409841537476"
        },
        {
            "gameTime": "1 - 10:55",
            "label": "Shots off target",
            "position": "655000",
            "half": "1",
            "confidence": "0.6738231182098389"
        },
        {
            "gameTime": "1 - 25:33",
            "label": "Shots off target",
            "position": "1533000",
            "half": "1",
            "confidence": "0.6613436937332153"
        },
        {
            "gameTime": "1 - 38:57",
            "label": "Shots off target",
            "position": "2337000",
            "half": "1",
            "confidence": "0.6541355848312378"
        },
        {
            "gameTime": "1 - 20:14",
            "label": "Shots off target",
            "position": "1214500",
            "half": "1",
            "confidence": "0.6248078942298889"
        },
        {
            "gameTime": "1 - 2:22",
            "label": "Shots off target",
            "position": "142500",
            "half": "1",
            "confidence": "0.5390548706054688"
        },
        {
            "gameTime": "1 - 35:14",
            "label": "Shots off target",
            "position": "2114000",
            "half": "1",
            "confidence": "0.5069653987884521"
        },
        {
            "gameTime": "1 - 2:34",
            "label": "Clearance",
            "position": "154500",
            "half": "1",
            "confidence": "0.6972748637199402"
        },
        {
            "gameTime": "1 - 18:19",
            "label": "Clearance",
            "position": "1099500",
            "half": "1",
            "confidence": "0.6757792234420776"
        },
        {
            "gameTime": "1 - 12:45",
            "label": "Clearance",
            "position": "765500",
            "half": "1",
            "confidence": "0.6640966534614563"
        },
        {
            "gameTime": "1 - 35:12",
            "label": "Clearance",
            "position": "2112500",
            "half": "1",
            "confidence": "0.5546176433563232"
        },
        {
            "gameTime": "1 - 0:49",
            "label": "Clearance",
            "position": "49000",
            "half": "1",
            "confidence": "0.5515203475952148"
        },
        {
            "gameTime": "1 - 8:58",
            "label": "Clearance",
            "position": "538000",
            "half": "1",
            "confidence": "0.5116792321205139"
        },
        {
            "gameTime": "1 - 20:28",
            "label": "Clearance",
            "position": "1228500",
            "half": "1",
            "confidence": "0.5084747076034546"
        },
        {
            "gameTime": "1 - 31:8",
            "label": "Ball out of play",
            "position": "1868000",
            "half": "1",
            "confidence": "0.9502347707748413"
        },
        {
            "gameTime": "1 - 16:54",
            "label": "Ball out of play",
            "position": "1014500",
            "half": "1",
            "confidence": "0.9351415634155273"
        },
        {
            "gameTime": "1 - 28:59",
            "label": "Ball out of play",
            "position": "1739000",
            "half": "1",
            "confidence": "0.9198635220527649"
        },
        {
            "gameTime": "1 - 29:38",
            "label": "Ball out of play",
            "position": "1778000",
            "half": "1",
            "confidence": "0.9166633486747742"
        },
        {
            "gameTime": "1 - 25:38",
            "label": "Ball out of play",
            "position": "1538500",
            "half": "1",
            "confidence": "0.9108838438987732"
        },
        {
            "gameTime": "1 - 28:8",
            "label": "Ball out of play",
            "position": "1688000",
            "half": "1",
            "confidence": "0.9087958931922913"
        },
        {
            "gameTime": "1 - 11:52",
            "label": "Ball out of play",
            "position": "712000",
            "half": "1",
            "confidence": "0.9081684947013855"
        },
        {
            "gameTime": "1 - 30:57",
            "label": "Ball out of play",
            "position": "1857500",
            "half": "1",
            "confidence": "0.9031078815460205"
        },
        {
            "gameTime": "1 - 22:51",
            "label": "Ball out of play",
            "position": "1371000",
            "half": "1",
            "confidence": "0.8980741500854492"
        },
        {
            "gameTime": "1 - 4:5",
            "label": "Ball out of play",
            "position": "245500",
            "half": "1",
            "confidence": "0.8979050517082214"
        },
        {
            "gameTime": "1 - 0:45",
            "label": "Ball out of play",
            "position": "45500",
            "half": "1",
            "confidence": "0.8940361738204956"
        },
        {
            "gameTime": "1 - 10:43",
            "label": "Ball out of play",
            "position": "643500",
            "half": "1",
            "confidence": "0.8927001953125"
        },
        {
            "gameTime": "1 - 36:34",
            "label": "Ball out of play",
            "position": "2194500",
            "half": "1",
            "confidence": "0.8826223611831665"
        },
        {
            "gameTime": "1 - 12:2",
            "label": "Ball out of play",
            "position": "722000",
            "half": "1",
            "confidence": "0.8792737126350403"
        },
        {
            "gameTime": "1 - 43:21",
            "label": "Ball out of play",
            "position": "2601500",
            "half": "1",
            "confidence": "0.8774626851081848"
        },
        {
            "gameTime": "1 - 10:0",
            "label": "Ball out of play",
            "position": "600500",
            "half": "1",
            "confidence": "0.8760489225387573"
        },
        {
            "gameTime": "1 - 41:43",
            "label": "Ball out of play",
            "position": "2503500",
            "half": "1",
            "confidence": "0.8752452731132507"
        },
        {
            "gameTime": "1 - 11:23",
            "label": "Ball out of play",
            "position": "683000",
            "half": "1",
            "confidence": "0.8725441694259644"
        },
        {
            "gameTime": "1 - 44:37",
            "label": "Ball out of play",
            "position": "2677000",
            "half": "1",
            "confidence": "0.8722234964370728"
        },
        {
            "gameTime": "1 - 26:44",
            "label": "Ball out of play",
            "position": "1604500",
            "half": "1",
            "confidence": "0.8664037585258484"
        },
        {
            "gameTime": "1 - 10:56",
            "label": "Ball out of play",
            "position": "656500",
            "half": "1",
            "confidence": "0.8640353083610535"
        },
        {
            "gameTime": "1 - 33:40",
            "label": "Ball out of play",
            "position": "2020000",
            "half": "1",
            "confidence": "0.8554168939590454"
        },
        {
            "gameTime": "1 - 2:19",
            "label": "Ball out of play",
            "position": "139000",
            "half": "1",
            "confidence": "0.8476441502571106"
        },
        {
            "gameTime": "1 - 20:11",
            "label": "Ball out of play",
            "position": "1211500",
            "half": "1",
            "confidence": "0.8275619149208069"
        },
        {
            "gameTime": "1 - 5:9",
            "label": "Ball out of play",
            "position": "309000",
            "half": "1",
            "confidence": "0.8274452686309814"
        },
        {
            "gameTime": "1 - 38:47",
            "label": "Ball out of play",
            "position": "2327500",
            "half": "1",
            "confidence": "0.8235240578651428"
        },
        {
            "gameTime": "1 - 0:55",
            "label": "Ball out of play",
            "position": "55500",
            "half": "1",
            "confidence": "0.8051877617835999"
        },
        {
            "gameTime": "1 - 38:59",
            "label": "Ball out of play",
            "position": "2339000",
            "half": "1",
            "confidence": "0.800537109375"
        },
        {
            "gameTime": "1 - 17:36",
            "label": "Ball out of play",
            "position": "1056000",
            "half": "1",
            "confidence": "0.7754533290863037"
        },
        {
            "gameTime": "1 - 19:43",
            "label": "Ball out of play",
            "position": "1183500",
            "half": "1",
            "confidence": "0.7754242420196533"
        },
        {
            "gameTime": "1 - 17:48",
            "label": "Ball out of play",
            "position": "1068500",
            "half": "1",
            "confidence": "0.7714354395866394"
        },
        {
            "gameTime": "1 - 24:54",
            "label": "Ball out of play",
            "position": "1494000",
            "half": "1",
            "confidence": "0.7639190554618835"
        },
        {
            "gameTime": "1 - 13:42",
            "label": "Ball out of play",
            "position": "822000",
            "half": "1",
            "confidence": "0.7476109862327576"
        },
        {
            "gameTime": "1 - 12:21",
            "label": "Ball out of play",
            "position": "741500",
            "half": "1",
            "confidence": "0.7402707934379578"
        },
        {
            "gameTime": "1 - 1:31",
            "label": "Ball out of play",
            "position": "91500",
            "half": "1",
            "confidence": "0.7348924279212952"
        },
        {
            "gameTime": "1 - 11:12",
            "label": "Ball out of play",
            "position": "672500",
            "half": "1",
            "confidence": "0.7340888977050781"
        },
        {
            "gameTime": "1 - 27:24",
            "label": "Ball out of play",
            "position": "1644500",
            "half": "1",
            "confidence": "0.7270291447639465"
        },
        {
            "gameTime": "1 - 20:0",
            "label": "Ball out of play",
            "position": "1200500",
            "half": "1",
            "confidence": "0.7150540351867676"
        },
        {
            "gameTime": "1 - 27:8",
            "label": "Ball out of play",
            "position": "1628000",
            "half": "1",
            "confidence": "0.714394748210907"
        },
        {
            "gameTime": "1 - 16:44",
            "label": "Ball out of play",
            "position": "1004000",
            "half": "1",
            "confidence": "0.6966382265090942"
        },
        {
            "gameTime": "1 - 22:40",
            "label": "Ball out of play",
            "position": "1360500",
            "half": "1",
            "confidence": "0.6895541548728943"
        },
        {
            "gameTime": "1 - 26:54",
            "label": "Ball out of play",
            "position": "1614500",
            "half": "1",
            "confidence": "0.6886220574378967"
        },
        {
            "gameTime": "1 - 4:58",
            "label": "Ball out of play",
            "position": "298500",
            "half": "1",
            "confidence": "0.663658857345581"
        },
        {
            "gameTime": "1 - 17:5",
            "label": "Ball out of play",
            "position": "1025000",
            "half": "1",
            "confidence": "0.6632937788963318"
        },
        {
            "gameTime": "1 - 2:8",
            "label": "Ball out of play",
            "position": "128500",
            "half": "1",
            "confidence": "0.6516228318214417"
        },
        {
            "gameTime": "1 - 28:48",
            "label": "Ball out of play",
            "position": "1728500",
            "half": "1",
            "confidence": "0.6467603445053101"
        },
        {
            "gameTime": "1 - 19:33",
            "label": "Ball out of play",
            "position": "1173000",
            "half": "1",
            "confidence": "0.6456805467605591"
        },
        {
            "gameTime": "1 - 28:18",
            "label": "Ball out of play",
            "position": "1698000",
            "half": "1",
            "confidence": "0.6436148285865784"
        },
        {
            "gameTime": "1 - 8:55",
            "label": "Ball out of play",
            "position": "535500",
            "half": "1",
            "confidence": "0.6282107830047607"
        },
        {
            "gameTime": "1 - 15:24",
            "label": "Ball out of play",
            "position": "924500",
            "half": "1",
            "confidence": "0.6263527274131775"
        },
        {
            "gameTime": "1 - 24:40",
            "label": "Ball out of play",
            "position": "1480500",
            "half": "1",
            "confidence": "0.6149278283119202"
        },
        {
            "gameTime": "1 - 8:24",
            "label": "Ball out of play",
            "position": "504500",
            "half": "1",
            "confidence": "0.6110092401504517"
        },
        {
            "gameTime": "1 - 8:9",
            "label": "Ball out of play",
            "position": "489000",
            "half": "1",
            "confidence": "0.6068695783615112"
        },
        {
            "gameTime": "1 - 35:14",
            "label": "Ball out of play",
            "position": "2114000",
            "half": "1",
            "confidence": "0.6047828793525696"
        },
        {
            "gameTime": "1 - 44:56",
            "label": "Ball out of play",
            "position": "2696500",
            "half": "1",
            "confidence": "0.6018988490104675"
        },
        {
            "gameTime": "1 - 9:50",
            "label": "Ball out of play",
            "position": "590000",
            "half": "1",
            "confidence": "0.6003821492195129"
        },
        {
            "gameTime": "1 - 23:21",
            "label": "Ball out of play",
            "position": "1401500",
            "half": "1",
            "confidence": "0.5996707081794739"
        },
        {
            "gameTime": "1 - 33:7",
            "label": "Ball out of play",
            "position": "1987000",
            "half": "1",
            "confidence": "0.582788348197937"
        },
        {
            "gameTime": "1 - 1:21",
            "label": "Ball out of play",
            "position": "81000",
            "half": "1",
            "confidence": "0.5791704654693604"
        },
        {
            "gameTime": "1 - 3:47",
            "label": "Ball out of play",
            "position": "227500",
            "half": "1",
            "confidence": "0.5741906762123108"
        },
        {
            "gameTime": "1 - 29:9",
            "label": "Ball out of play",
            "position": "1749000",
            "half": "1",
            "confidence": "0.5670146942138672"
        },
        {
            "gameTime": "1 - 40:51",
            "label": "Ball out of play",
            "position": "2451500",
            "half": "1",
            "confidence": "0.5617784857749939"
        },
        {
            "gameTime": "1 - 37:9",
            "label": "Ball out of play",
            "position": "2229000",
            "half": "1",
            "confidence": "0.5547593235969543"
        },
        {
            "gameTime": "1 - 33:53",
            "label": "Ball out of play",
            "position": "2033000",
            "half": "1",
            "confidence": "0.548032820224762"
        },
        {
            "gameTime": "1 - 21:5",
            "label": "Ball out of play",
            "position": "1265000",
            "half": "1",
            "confidence": "0.5354220271110535"
        },
        {
            "gameTime": "1 - 16:19",
            "label": "Ball out of play",
            "position": "979000",
            "half": "1",
            "confidence": "0.5306026339530945"
        },
        {
            "gameTime": "1 - 7:19",
            "label": "Ball out of play",
            "position": "439500",
            "half": "1",
            "confidence": "0.5305966734886169"
        },
        {
            "gameTime": "1 - 4:15",
            "label": "Ball out of play",
            "position": "255500",
            "half": "1",
            "confidence": "0.519776463508606"
        },
        {
            "gameTime": "1 - 18:48",
            "label": "Ball out of play",
            "position": "1128000",
            "half": "1",
            "confidence": "0.5151116847991943"
        },
        {
            "gameTime": "1 - 5:19",
            "label": "Ball out of play",
            "position": "319000",
            "half": "1",
            "confidence": "0.5069425106048584"
        },
        {
            "gameTime": "1 - 16:57",
            "label": "Throw-in",
            "position": "1017000",
            "half": "1",
            "confidence": "0.9272531270980835"
        },
        {
            "gameTime": "1 - 11:28",
            "label": "Throw-in",
            "position": "688000",
            "half": "1",
            "confidence": "0.9056932926177979"
        },
        {
            "gameTime": "1 - 13:41",
            "label": "Throw-in",
            "position": "821500",
            "half": "1",
            "confidence": "0.8993925452232361"
        },
        {
            "gameTime": "1 - 24:56",
            "label": "Throw-in",
            "position": "1496000",
            "half": "1",
            "confidence": "0.8801326155662537"
        },
        {
            "gameTime": "1 - 1:19",
            "label": "Throw-in",
            "position": "79000",
            "half": "1",
            "confidence": "0.8743621706962585"
        },
        {
            "gameTime": "1 - 1:30",
            "label": "Throw-in",
            "position": "90000",
            "half": "1",
            "confidence": "0.8517617583274841"
        },
        {
            "gameTime": "1 - 40:51",
            "label": "Throw-in",
            "position": "2451000",
            "half": "1",
            "confidence": "0.7368371486663818"
        },
        {
            "gameTime": "1 - 16:46",
            "label": "Throw-in",
            "position": "1006500",
            "half": "1",
            "confidence": "0.7213384509086609"
        },
        {
            "gameTime": "1 - 27:41",
            "label": "Throw-in",
            "position": "1661500",
            "half": "1",
            "confidence": "0.7198600172996521"
        },
        {
            "gameTime": "1 - 37:13",
            "label": "Throw-in",
            "position": "2233000",
            "half": "1",
            "confidence": "0.7013294100761414"
        },
        {
            "gameTime": "1 - 21:5",
            "label": "Throw-in",
            "position": "1265500",
            "half": "1",
            "confidence": "0.6981291770935059"
        },
        {
            "gameTime": "1 - 17:7",
            "label": "Throw-in",
            "position": "1027000",
            "half": "1",
            "confidence": "0.69418865442276"
        },
        {
            "gameTime": "1 - 33:8",
            "label": "Throw-in",
            "position": "1988500",
            "half": "1",
            "confidence": "0.6827794909477234"
        },
        {
            "gameTime": "1 - 18:48",
            "label": "Throw-in",
            "position": "1128500",
            "half": "1",
            "confidence": "0.673410952091217"
        },
        {
            "gameTime": "1 - 28:59",
            "label": "Throw-in",
            "position": "1739500",
            "half": "1",
            "confidence": "0.6189647316932678"
        },
        {
            "gameTime": "1 - 11:17",
            "label": "Throw-in",
            "position": "677500",
            "half": "1",
            "confidence": "0.6129052042961121"
        },
        {
            "gameTime": "1 - 7:22",
            "label": "Throw-in",
            "position": "442500",
            "half": "1",
            "confidence": "0.6025063395500183"
        },
        {
            "gameTime": "1 - 8:24",
            "label": "Throw-in",
            "position": "504500",
            "half": "1",
            "confidence": "0.5888362526893616"
        },
        {
            "gameTime": "1 - 24:42",
            "label": "Throw-in",
            "position": "1482500",
            "half": "1",
            "confidence": "0.5820624232292175"
        },
        {
            "gameTime": "1 - 1:3",
            "label": "Throw-in",
            "position": "63500",
            "half": "1",
            "confidence": "0.566956102848053"
        },
        {
            "gameTime": "1 - 21:16",
            "label": "Throw-in",
            "position": "1276500",
            "half": "1",
            "confidence": "0.5559899210929871"
        },
        {
            "gameTime": "1 - 15:26",
            "label": "Throw-in",
            "position": "926000",
            "half": "1",
            "confidence": "0.5502685904502869"
        },
        {
            "gameTime": "1 - 13:51",
            "label": "Throw-in",
            "position": "831500",
            "half": "1",
            "confidence": "0.5457343459129333"
        },
        {
            "gameTime": "1 - 8:8",
            "label": "Throw-in",
            "position": "488500",
            "half": "1",
            "confidence": "0.5396336913108826"
        },
        {
            "gameTime": "1 - 43:21",
            "label": "Throw-in",
            "position": "2601500",
            "half": "1",
            "confidence": "0.5388479828834534"
        },
        {
            "gameTime": "1 - 21:35",
            "label": "Foul",
            "position": "1295500",
            "half": "1",
            "confidence": "0.9140170216560364"
        },
        {
            "gameTime": "1 - 20:41",
            "label": "Foul",
            "position": "1241500",
            "half": "1",
            "confidence": "0.8926047086715698"
        },
        {
            "gameTime": "1 - 39:23",
            "label": "Foul",
            "position": "2363000",
            "half": "1",
            "confidence": "0.8166001439094543"
        },
        {
            "gameTime": "1 - 8:51",
            "label": "Foul",
            "position": "531000",
            "half": "1",
            "confidence": "0.7153605222702026"
        },
        {
            "gameTime": "1 - 3:22",
            "label": "Foul",
            "position": "202000",
            "half": "1",
            "confidence": "0.6471275687217712"
        },
        {
            "gameTime": "1 - 1:50",
            "label": "Foul",
            "position": "110500",
            "half": "1",
            "confidence": "0.6338648796081543"
        },
        {
            "gameTime": "1 - 42:26",
            "label": "Foul",
            "position": "2546000",
            "half": "1",
            "confidence": "0.630393922328949"
        },
        {
            "gameTime": "1 - 16:13",
            "label": "Foul",
            "position": "973500",
            "half": "1",
            "confidence": "0.607380747795105"
        },
        {
            "gameTime": "1 - 1:14",
            "label": "Foul",
            "position": "74000",
            "half": "1",
            "confidence": "0.5435429215431213"
        },
        {
            "gameTime": "1 - 24:22",
            "label": "Indirect free-kick",
            "position": "1462000",
            "half": "1",
            "confidence": "0.616639256477356"
        },
        {
            "gameTime": "1 - 8:51",
            "label": "Indirect free-kick",
            "position": "531500",
            "half": "1",
            "confidence": "0.5696765780448914"
        },
        {
            "gameTime": "1 - 0:58",
            "label": "Indirect free-kick",
            "position": "58000",
            "half": "1",
            "confidence": "0.5460246205329895"
        },
        {
            "gameTime": "1 - 43:48",
            "label": "Direct free-kick",
            "position": "2628000",
            "half": "1",
            "confidence": "0.7618178129196167"
        },
        {
            "gameTime": "1 - 43:58",
            "label": "Direct free-kick",
            "position": "2638500",
            "half": "1",
            "confidence": "0.5691536068916321"
        },
        {
            "gameTime": "1 - 34:0",
            "label": "Corner",
            "position": "2040000",
            "half": "1",
            "confidence": "0.9992280006408691"
        },
        {
            "gameTime": "1 - 44:54",
            "label": "Corner",
            "position": "2694500",
            "half": "1",
            "confidence": "0.9961379170417786"
        },
        {
            "gameTime": "1 - 31:28",
            "label": "Corner",
            "position": "1888500",
            "half": "1",
            "confidence": "0.9636791348457336"
        },
        {
            "gameTime": "1 - 44:44",
            "label": "Corner",
            "position": "2684000",
            "half": "1",
            "confidence": "0.9626931548118591"
        },
        {
            "gameTime": "1 - 19:56",
            "label": "Corner",
            "position": "1196000",
            "half": "1",
            "confidence": "0.9597260355949402"
        },
        {
            "gameTime": "1 - 28:32",
            "label": "Corner",
            "position": "1712500",
            "half": "1",
            "confidence": "0.9380978345870972"
        },
        {
            "gameTime": "1 - 33:47",
            "label": "Corner",
            "position": "2027000",
            "half": "1",
            "confidence": "0.9304746985435486"
        },
        {
            "gameTime": "1 - 34:10",
            "label": "Corner",
            "position": "2050000",
            "half": "1",
            "confidence": "0.9018676280975342"
        },
        {
            "gameTime": "1 - 11:4",
            "label": "Corner",
            "position": "664000",
            "half": "1",
            "confidence": "0.8088886737823486"
        },
        {
            "gameTime": "1 - 20:6",
            "label": "Corner",
            "position": "1206000",
            "half": "1",
            "confidence": "0.6311452388763428"
        },
        {
            "gameTime": "1 - 31:12",
            "label": "Corner",
            "position": "1872000",
            "half": "1",
            "confidence": "0.6284505128860474"
        },
        {
            "gameTime": "1 - 12:20",
            "label": "Corner",
            "position": "740500",
            "half": "1",
            "confidence": "0.6275539398193359"
        },
        {
            "gameTime": "1 - 39:25",
            "label": "Yellow card",
            "position": "2365500",
            "half": "1",
            "confidence": "0.8141471147537231"
        },
        {
            "gameTime": "1 - 39:35",
            "label": "Yellow card",
            "position": "2375500",
            "half": "1",
            "confidence": "0.6693372130393982"
        },
        {
            "gameTime": "2 - 32:31",
            "label": "Penalty",
            "position": "1951000",
            "half": "2",
            "confidence": "0.9389817714691162"
        },
        {
            "gameTime": "2 - 0:0",
            "label": "Kick-off",
            "position": "0",
            "half": "2",
            "confidence": "0.810857355594635"
        },
        {
            "gameTime": "2 - 0:10",
            "label": "Kick-off",
            "position": "10000",
            "half": "2",
            "confidence": "0.60267174243927"
        },
        {
            "gameTime": "2 - 32:31",
            "label": "Goal",
            "position": "1951000",
            "half": "2",
            "confidence": "0.5607663989067078"
        },
        {
            "gameTime": "2 - 30:12",
            "label": "Substitution",
            "position": "1812500",
            "half": "2",
            "confidence": "0.9607532024383545"
        },
        {
            "gameTime": "2 - 35:22",
            "label": "Substitution",
            "position": "2122000",
            "half": "2",
            "confidence": "0.9577549695968628"
        },
        {
            "gameTime": "2 - 35:11",
            "label": "Substitution",
            "position": "2111000",
            "half": "2",
            "confidence": "0.9039189219474792"
        },
        {
            "gameTime": "2 - 26:21",
            "label": "Substitution",
            "position": "1581500",
            "half": "2",
            "confidence": "0.8884432315826416"
        },
        {
            "gameTime": "2 - 26:32",
            "label": "Substitution",
            "position": "1592000",
            "half": "2",
            "confidence": "0.8321662545204163"
        },
        {
            "gameTime": "2 - 28:46",
            "label": "Substitution",
            "position": "1726500",
            "half": "2",
            "confidence": "0.6422955393791199"
        },
        {
            "gameTime": "2 - 26:42",
            "label": "Substitution",
            "position": "1602000",
            "half": "2",
            "confidence": "0.600426435470581"
        },
        {
            "gameTime": "2 - 30:2",
            "label": "Substitution",
            "position": "1802000",
            "half": "2",
            "confidence": "0.5148000717163086"
        },
        {
            "gameTime": "2 - 32:31",
            "label": "Shots on target",
            "position": "1951000",
            "half": "2",
            "confidence": "0.663666844367981"
        },
        {
            "gameTime": "2 - 44:35",
            "label": "Shots on target",
            "position": "2675000",
            "half": "2",
            "confidence": "0.657609224319458"
        },
        {
            "gameTime": "2 - 44:23",
            "label": "Shots on target",
            "position": "2663000",
            "half": "2",
            "confidence": "0.629008948802948"
        },
        {
            "gameTime": "2 - 11:9",
            "label": "Shots on target",
            "position": "669500",
            "half": "2",
            "confidence": "0.5753892660140991"
        },
        {
            "gameTime": "2 - 10:29",
            "label": "Shots on target",
            "position": "629000",
            "half": "2",
            "confidence": "0.5520566701889038"
        },
        {
            "gameTime": "2 - 41:9",
            "label": "Shots on target",
            "position": "2469000",
            "half": "2",
            "confidence": "0.5477708578109741"
        },
        {
            "gameTime": "2 - 10:55",
            "label": "Shots on target",
            "position": "655500",
            "half": "2",
            "confidence": "0.5328134298324585"
        },
        {
            "gameTime": "2 - 27:18",
            "label": "Shots off target",
            "position": "1638500",
            "half": "2",
            "confidence": "0.6767469048500061"
        },
        {
            "gameTime": "2 - 25:17",
            "label": "Shots off target",
            "position": "1517000",
            "half": "2",
            "confidence": "0.6071274876594543"
        },
        {
            "gameTime": "2 - 5:20",
            "label": "Clearance",
            "position": "320000",
            "half": "2",
            "confidence": "0.8022716045379639"
        },
        {
            "gameTime": "2 - 35:29",
            "label": "Clearance",
            "position": "2129000",
            "half": "2",
            "confidence": "0.7115157246589661"
        },
        {
            "gameTime": "2 - 19:27",
            "label": "Clearance",
            "position": "1167500",
            "half": "2",
            "confidence": "0.6207928657531738"
        },
        {
            "gameTime": "2 - 13:8",
            "label": "Clearance",
            "position": "788500",
            "half": "2",
            "confidence": "0.5332925915718079"
        },
        {
            "gameTime": "2 - 5:32",
            "label": "Clearance",
            "position": "332000",
            "half": "2",
            "confidence": "0.5272347331047058"
        },
        {
            "gameTime": "2 - 31:6",
            "label": "Ball out of play",
            "position": "1866500",
            "half": "2",
            "confidence": "0.9488809704780579"
        },
        {
            "gameTime": "2 - 30:55",
            "label": "Ball out of play",
            "position": "1855500",
            "half": "2",
            "confidence": "0.9395478367805481"
        },
        {
            "gameTime": "2 - 33:50",
            "label": "Ball out of play",
            "position": "2030000",
            "half": "2",
            "confidence": "0.9180329442024231"
        },
        {
            "gameTime": "2 - 7:39",
            "label": "Ball out of play",
            "position": "459500",
            "half": "2",
            "confidence": "0.9164121747016907"
        },
        {
            "gameTime": "2 - 12:26",
            "label": "Ball out of play",
            "position": "746500",
            "half": "2",
            "confidence": "0.8961949348449707"
        },
        {
            "gameTime": "2 - 30:29",
            "label": "Ball out of play",
            "position": "1829000",
            "half": "2",
            "confidence": "0.8828983306884766"
        },
        {
            "gameTime": "2 - 37:21",
            "label": "Ball out of play",
            "position": "2241000",
            "half": "2",
            "confidence": "0.8762480020523071"
        },
        {
            "gameTime": "2 - 16:49",
            "label": "Ball out of play",
            "position": "1009500",
            "half": "2",
            "confidence": "0.8725250959396362"
        },
        {
            "gameTime": "2 - 7:50",
            "label": "Ball out of play",
            "position": "470500",
            "half": "2",
            "confidence": "0.8551381230354309"
        },
        {
            "gameTime": "2 - 1:49",
            "label": "Ball out of play",
            "position": "109000",
            "half": "2",
            "confidence": "0.85340815782547"
        },
        {
            "gameTime": "2 - 37:6",
            "label": "Ball out of play",
            "position": "2226000",
            "half": "2",
            "confidence": "0.8502166271209717"
        },
        {
            "gameTime": "2 - 19:10",
            "label": "Ball out of play",
            "position": "1150500",
            "half": "2",
            "confidence": "0.84479820728302"
        },
        {
            "gameTime": "2 - 40:31",
            "label": "Ball out of play",
            "position": "2431000",
            "half": "2",
            "confidence": "0.844313383102417"
        },
        {
            "gameTime": "2 - 24:15",
            "label": "Ball out of play",
            "position": "1455500",
            "half": "2",
            "confidence": "0.8366871476173401"
        },
        {
            "gameTime": "2 - 16:59",
            "label": "Ball out of play",
            "position": "1019500",
            "half": "2",
            "confidence": "0.8198073506355286"
        },
        {
            "gameTime": "2 - 32:34",
            "label": "Ball out of play",
            "position": "1954500",
            "half": "2",
            "confidence": "0.813476026058197"
        },
        {
            "gameTime": "2 - 22:22",
            "label": "Ball out of play",
            "position": "1342500",
            "half": "2",
            "confidence": "0.8056084513664246"
        },
        {
            "gameTime": "2 - 28:36",
            "label": "Ball out of play",
            "position": "1716500",
            "half": "2",
            "confidence": "0.8033533096313477"
        },
        {
            "gameTime": "2 - 42:44",
            "label": "Ball out of play",
            "position": "2564000",
            "half": "2",
            "confidence": "0.8014888763427734"
        },
        {
            "gameTime": "2 - 44:27",
            "label": "Ball out of play",
            "position": "2667500",
            "half": "2",
            "confidence": "0.7985507845878601"
        },
        {
            "gameTime": "2 - 17:52",
            "label": "Ball out of play",
            "position": "1072500",
            "half": "2",
            "confidence": "0.7965383529663086"
        },
        {
            "gameTime": "2 - 11:17",
            "label": "Ball out of play",
            "position": "677000",
            "half": "2",
            "confidence": "0.7930881381034851"
        },
        {
            "gameTime": "2 - 38:10",
            "label": "Ball out of play",
            "position": "2290500",
            "half": "2",
            "confidence": "0.7904492616653442"
        },
        {
            "gameTime": "2 - 14:51",
            "label": "Ball out of play",
            "position": "891500",
            "half": "2",
            "confidence": "0.7868074774742126"
        },
        {
            "gameTime": "2 - 18:2",
            "label": "Ball out of play",
            "position": "1082500",
            "half": "2",
            "confidence": "0.7865405678749084"
        },
        {
            "gameTime": "2 - 34:55",
            "label": "Ball out of play",
            "position": "2095000",
            "half": "2",
            "confidence": "0.7854554057121277"
        },
        {
            "gameTime": "2 - 42:54",
            "label": "Ball out of play",
            "position": "2574500",
            "half": "2",
            "confidence": "0.7798200249671936"
        },
        {
            "gameTime": "2 - 36:55",
            "label": "Ball out of play",
            "position": "2215500",
            "half": "2",
            "confidence": "0.7650004625320435"
        },
        {
            "gameTime": "2 - 15:3",
            "label": "Ball out of play",
            "position": "903000",
            "half": "2",
            "confidence": "0.7523064613342285"
        },
        {
            "gameTime": "2 - 8:59",
            "label": "Ball out of play",
            "position": "539500",
            "half": "2",
            "confidence": "0.748108446598053"
        },
        {
            "gameTime": "2 - 43:26",
            "label": "Ball out of play",
            "position": "2606500",
            "half": "2",
            "confidence": "0.7439659833908081"
        },
        {
            "gameTime": "2 - 32:24",
            "label": "Ball out of play",
            "position": "1944000",
            "half": "2",
            "confidence": "0.7137223482131958"
        },
        {
            "gameTime": "2 - 25:27",
            "label": "Ball out of play",
            "position": "1527500",
            "half": "2",
            "confidence": "0.711013913154602"
        },
        {
            "gameTime": "2 - 18:54",
            "label": "Ball out of play",
            "position": "1134500",
            "half": "2",
            "confidence": "0.7107622027397156"
        },
        {
            "gameTime": "2 - 29:30",
            "label": "Ball out of play",
            "position": "1770500",
            "half": "2",
            "confidence": "0.7056844830513"
        },
        {
            "gameTime": "2 - 43:16",
            "label": "Ball out of play",
            "position": "2596000",
            "half": "2",
            "confidence": "0.6979244351387024"
        },
        {
            "gameTime": "2 - 34:44",
            "label": "Ball out of play",
            "position": "2084500",
            "half": "2",
            "confidence": "0.6790127754211426"
        },
        {
            "gameTime": "2 - 13:7",
            "label": "Ball out of play",
            "position": "787000",
            "half": "2",
            "confidence": "0.6757093071937561"
        },
        {
            "gameTime": "2 - 43:54",
            "label": "Ball out of play",
            "position": "2634500",
            "half": "2",
            "confidence": "0.674347460269928"
        },
        {
            "gameTime": "2 - 12:16",
            "label": "Ball out of play",
            "position": "736000",
            "half": "2",
            "confidence": "0.6728233695030212"
        },
        {
            "gameTime": "2 - 24:5",
            "label": "Ball out of play",
            "position": "1445000",
            "half": "2",
            "confidence": "0.6699818968772888"
        },
        {
            "gameTime": "2 - 34:0",
            "label": "Ball out of play",
            "position": "2040000",
            "half": "2",
            "confidence": "0.6665619611740112"
        },
        {
            "gameTime": "2 - 43:43",
            "label": "Ball out of play",
            "position": "2623500",
            "half": "2",
            "confidence": "0.664061963558197"
        },
        {
            "gameTime": "2 - 9:18",
            "label": "Ball out of play",
            "position": "558000",
            "half": "2",
            "confidence": "0.6437868475914001"
        },
        {
            "gameTime": "2 - 25:11",
            "label": "Ball out of play",
            "position": "1511000",
            "half": "2",
            "confidence": "0.6434293985366821"
        },
        {
            "gameTime": "2 - 15:44",
            "label": "Ball out of play",
            "position": "944500",
            "half": "2",
            "confidence": "0.6356807947158813"
        },
        {
            "gameTime": "2 - 24:42",
            "label": "Ball out of play",
            "position": "1482000",
            "half": "2",
            "confidence": "0.626918375492096"
        },
        {
            "gameTime": "2 - 38:20",
            "label": "Ball out of play",
            "position": "2300500",
            "half": "2",
            "confidence": "0.6242169737815857"
        },
        {
            "gameTime": "2 - 29:40",
            "label": "Ball out of play",
            "position": "1780500",
            "half": "2",
            "confidence": "0.6117966175079346"
        },
        {
            "gameTime": "2 - 2:4",
            "label": "Ball out of play",
            "position": "124500",
            "half": "2",
            "confidence": "0.6026800870895386"
        },
        {
            "gameTime": "2 - 43:4",
            "label": "Ball out of play",
            "position": "2584500",
            "half": "2",
            "confidence": "0.6002465486526489"
        },
        {
            "gameTime": "2 - 34:30",
            "label": "Ball out of play",
            "position": "2070500",
            "half": "2",
            "confidence": "0.5980936884880066"
        },
        {
            "gameTime": "2 - 8:1",
            "label": "Ball out of play",
            "position": "481500",
            "half": "2",
            "confidence": "0.5868156552314758"
        },
        {
            "gameTime": "2 - 9:30",
            "label": "Ball out of play",
            "position": "570000",
            "half": "2",
            "confidence": "0.5477107167243958"
        },
        {
            "gameTime": "2 - 24:53",
            "label": "Ball out of play",
            "position": "1493000",
            "half": "2",
            "confidence": "0.5414475798606873"
        },
        {
            "gameTime": "2 - 33:0",
            "label": "Ball out of play",
            "position": "1980000",
            "half": "2",
            "confidence": "0.5297064781188965"
        },
        {
            "gameTime": "2 - 30:44",
            "label": "Ball out of play",
            "position": "1844000",
            "half": "2",
            "confidence": "0.5252965092658997"
        },
        {
            "gameTime": "2 - 27:59",
            "label": "Ball out of play",
            "position": "1679500",
            "half": "2",
            "confidence": "0.5221152305603027"
        },
        {
            "gameTime": "2 - 27:18",
            "label": "Ball out of play",
            "position": "1638000",
            "half": "2",
            "confidence": "0.5182604193687439"
        },
        {
            "gameTime": "2 - 2:20",
            "label": "Ball out of play",
            "position": "140000",
            "half": "2",
            "confidence": "0.5179826617240906"
        },
        {
            "gameTime": "2 - 18:18",
            "label": "Ball out of play",
            "position": "1098000",
            "half": "2",
            "confidence": "0.5119926929473877"
        },
        {
            "gameTime": "2 - 18:43",
            "label": "Ball out of play",
            "position": "1123500",
            "half": "2",
            "confidence": "0.5051271915435791"
        },
        {
            "gameTime": "2 - 11:48",
            "label": "Ball out of play",
            "position": "708000",
            "half": "2",
            "confidence": "0.5044525861740112"
        },
        {
            "gameTime": "2 - 42:58",
            "label": "Throw-in",
            "position": "2578500",
            "half": "2",
            "confidence": "0.9954490065574646"
        },
        {
            "gameTime": "2 - 24:9",
            "label": "Throw-in",
            "position": "1449500",
            "half": "2",
            "confidence": "0.9938695430755615"
        },
        {
            "gameTime": "2 - 42:48",
            "label": "Throw-in",
            "position": "2568000",
            "half": "2",
            "confidence": "0.9867992997169495"
        },
        {
            "gameTime": "2 - 24:20",
            "label": "Throw-in",
            "position": "1460500",
            "half": "2",
            "confidence": "0.9852081537246704"
        },
        {
            "gameTime": "2 - 31:6",
            "label": "Throw-in",
            "position": "1866500",
            "half": "2",
            "confidence": "0.9613984227180481"
        },
        {
            "gameTime": "2 - 15:4",
            "label": "Throw-in",
            "position": "904000",
            "half": "2",
            "confidence": "0.9511271715164185"
        },
        {
            "gameTime": "2 - 30:56",
            "label": "Throw-in",
            "position": "1856000",
            "half": "2",
            "confidence": "0.895851194858551"
        },
        {
            "gameTime": "2 - 7:54",
            "label": "Throw-in",
            "position": "474500",
            "half": "2",
            "confidence": "0.8858816027641296"
        },
        {
            "gameTime": "2 - 38:19",
            "label": "Throw-in",
            "position": "2299500",
            "half": "2",
            "confidence": "0.8491237163543701"
        },
        {
            "gameTime": "2 - 14:53",
            "label": "Throw-in",
            "position": "893500",
            "half": "2",
            "confidence": "0.8412187099456787"
        },
        {
            "gameTime": "2 - 43:42",
            "label": "Throw-in",
            "position": "2622500",
            "half": "2",
            "confidence": "0.8372272849082947"
        },
        {
            "gameTime": "2 - 8:4",
            "label": "Throw-in",
            "position": "484500",
            "half": "2",
            "confidence": "0.8278369307518005"
        },
        {
            "gameTime": "2 - 37:20",
            "label": "Throw-in",
            "position": "2240500",
            "half": "2",
            "confidence": "0.8025336861610413"
        },
        {
            "gameTime": "2 - 43:31",
            "label": "Throw-in",
            "position": "2611000",
            "half": "2",
            "confidence": "0.80164635181427"
        },
        {
            "gameTime": "2 - 38:9",
            "label": "Throw-in",
            "position": "2289000",
            "half": "2",
            "confidence": "0.7179008722305298"
        },
        {
            "gameTime": "2 - 21:2",
            "label": "Throw-in",
            "position": "1262000",
            "half": "2",
            "confidence": "0.692267894744873"
        },
        {
            "gameTime": "2 - 24:55",
            "label": "Throw-in",
            "position": "1495500",
            "half": "2",
            "confidence": "0.6766870021820068"
        },
        {
            "gameTime": "2 - 11:48",
            "label": "Throw-in",
            "position": "708000",
            "half": "2",
            "confidence": "0.6725896596908569"
        },
        {
            "gameTime": "2 - 9:43",
            "label": "Throw-in",
            "position": "583000",
            "half": "2",
            "confidence": "0.6719397902488708"
        },
        {
            "gameTime": "2 - 43:10",
            "label": "Throw-in",
            "position": "2590000",
            "half": "2",
            "confidence": "0.6705142259597778"
        },
        {
            "gameTime": "2 - 37:9",
            "label": "Throw-in",
            "position": "2229000",
            "half": "2",
            "confidence": "0.6645404696464539"
        },
        {
            "gameTime": "2 - 18:23",
            "label": "Throw-in",
            "position": "1103000",
            "half": "2",
            "confidence": "0.6641919016838074"
        },
        {
            "gameTime": "2 - 8:59",
            "label": "Throw-in",
            "position": "539500",
            "half": "2",
            "confidence": "0.6262553930282593"
        },
        {
            "gameTime": "2 - 8:27",
            "label": "Throw-in",
            "position": "507500",
            "half": "2",
            "confidence": "0.6255939602851868"
        },
        {
            "gameTime": "2 - 9:13",
            "label": "Throw-in",
            "position": "553000",
            "half": "2",
            "confidence": "0.6028833985328674"
        },
        {
            "gameTime": "2 - 33:50",
            "label": "Throw-in",
            "position": "2030000",
            "half": "2",
            "confidence": "0.5715836882591248"
        },
        {
            "gameTime": "2 - 34:0",
            "label": "Throw-in",
            "position": "2040000",
            "half": "2",
            "confidence": "0.536900520324707"
        },
        {
            "gameTime": "2 - 28:0",
            "label": "Throw-in",
            "position": "1680000",
            "half": "2",
            "confidence": "0.5324246883392334"
        },
        {
            "gameTime": "2 - 2:4",
            "label": "Throw-in",
            "position": "124500",
            "half": "2",
            "confidence": "0.5050747394561768"
        },
        {
            "gameTime": "2 - 20:2",
            "label": "Foul",
            "position": "1202500",
            "half": "2",
            "confidence": "0.9535015225410461"
        },
        {
            "gameTime": "2 - 23:34",
            "label": "Foul",
            "position": "1414000",
            "half": "2",
            "confidence": "0.7323452830314636"
        },
        {
            "gameTime": "2 - 15:23",
            "label": "Foul",
            "position": "923500",
            "half": "2",
            "confidence": "0.709586501121521"
        },
        {
            "gameTime": "2 - 20:12",
            "label": "Foul",
            "position": "1212500",
            "half": "2",
            "confidence": "0.6720144748687744"
        },
        {
            "gameTime": "2 - 2:24",
            "label": "Foul",
            "position": "144500",
            "half": "2",
            "confidence": "0.610842227935791"
        },
        {
            "gameTime": "2 - 8:12",
            "label": "Foul",
            "position": "492500",
            "half": "2",
            "confidence": "0.5981249809265137"
        },
        {
            "gameTime": "2 - 2:10",
            "label": "Foul",
            "position": "130500",
            "half": "2",
            "confidence": "0.5639057159423828"
        },
        {
            "gameTime": "2 - 31:26",
            "label": "Foul",
            "position": "1886000",
            "half": "2",
            "confidence": "0.5355549454689026"
        },
        {
            "gameTime": "2 - 15:39",
            "label": "Foul",
            "position": "939500",
            "half": "2",
            "confidence": "0.5014984607696533"
        },
        {
            "gameTime": "2 - 25:37",
            "label": "Indirect free-kick",
            "position": "1537000",
            "half": "2",
            "confidence": "0.7410604953765869"
        },
        {
            "gameTime": "2 - 23:48",
            "label": "Indirect free-kick",
            "position": "1428500",
            "half": "2",
            "confidence": "0.6517440676689148"
        },
        {
            "gameTime": "2 - 4:3",
            "label": "Indirect free-kick",
            "position": "243000",
            "half": "2",
            "confidence": "0.6432452201843262"
        },
        {
            "gameTime": "2 - 26:55",
            "label": "Indirect free-kick",
            "position": "1615000",
            "half": "2",
            "confidence": "0.6403968334197998"
        },
        {
            "gameTime": "2 - 11:30",
            "label": "Indirect free-kick",
            "position": "690000",
            "half": "2",
            "confidence": "0.6170738339424133"
        },
        {
            "gameTime": "2 - 23:58",
            "label": "Indirect free-kick",
            "position": "1438500",
            "half": "2",
            "confidence": "0.5725277066230774"
        },
        {
            "gameTime": "2 - 27:9",
            "label": "Indirect free-kick",
            "position": "1629500",
            "half": "2",
            "confidence": "0.5248996615409851"
        },
        {
            "gameTime": "2 - 5:21",
            "label": "Indirect free-kick",
            "position": "321000",
            "half": "2",
            "confidence": "0.5057258605957031"
        },
        {
            "gameTime": "2 - 27:16",
            "label": "Direct free-kick",
            "position": "1636000",
            "half": "2",
            "confidence": "0.9942623972892761"
        },
        {
            "gameTime": "2 - 27:5",
            "label": "Direct free-kick",
            "position": "1625500",
            "half": "2",
            "confidence": "0.9721160531044006"
        },
        {
            "gameTime": "2 - 25:24",
            "label": "Direct free-kick",
            "position": "1524000",
            "half": "2",
            "confidence": "0.599669873714447"
        },
        {
            "gameTime": "2 - 40:53",
            "label": "Corner",
            "position": "2453000",
            "half": "2",
            "confidence": "0.9912189841270447"
        },
        {
            "gameTime": "2 - 41:3",
            "label": "Corner",
            "position": "2463000",
            "half": "2",
            "confidence": "0.9264907836914062"
        },
        {
            "gameTime": "2 - 40:37",
            "label": "Corner",
            "position": "2437500",
            "half": "2",
            "confidence": "0.8949370980262756"
        },
        {
            "gameTime": "2 - 20:4",
            "label": "Yellow card",
            "position": "1204500",
            "half": "2",
            "confidence": "0.9613376259803772"
        },
        {
            "gameTime": "2 - 20:15",
            "label": "Yellow card",
            "position": "1215000",
            "half": "2",
            "confidence": "0.9354261755943298"
        },
        {
            "gameTime": "2 - 15:39",
            "label": "Yellow card",
            "position": "939000",
            "half": "2",
            "confidence": "0.9266326427459717"
        },
        {
            "gameTime": "2 - 15:24",
            "label": "Yellow card",
            "position": "924000",
            "half": "2",
            "confidence": "0.8880763053894043"
        },
        {
            "gameTime": "2 - 32:3",
            "label": "Yellow card",
            "position": "1923000",
            "half": "2",
            "confidence": "0.879317045211792"
        },
        {
            "gameTime": "2 - 31:33",
            "label": "Yellow card",
            "position": "1893000",
            "half": "2",
            "confidence": "0.8375526070594788"
        },
        {
            "gameTime": "2 - 31:48",
            "label": "Yellow card",
            "position": "1908500",
            "half": "2",
            "confidence": "0.7461821436882019"
        },
        {
            "gameTime": "2 - 23:27",
            "label": "Yellow card",
            "position": "1407500",
            "half": "2",
            "confidence": "0.5959681272506714"
        }
    ]
}