{
    "UrlLocal": "england_epl/2015-2016/2015-11-07 - 20-30 Stoke City 1 - 0 Chelsea",
    "predictions": [
        {
            "gameTime": "2 - 36:3",
            "label": "subs",
            "position": "2163500",
            "half": "2",
            "confidence": "0.9520092010498047"
        },
        {
            "gameTime": "2 - 35:53",
            "label": "subs",
            "position": "2153000",
            "half": "2",
            "confidence": "0.9378854632377625"
        },
        {
            "gameTime": "2 - 25:29",
            "label": "subs",
            "position": "1529000",
            "half": "2",
            "confidence": "0.9060770273208618"
        },
        {
            "gameTime": "2 - 33:6",
            "label": "subs",
            "position": "1986500",
            "half": "2",
            "confidence": "0.8537302017211914"
        },
        {
            "gameTime": "2 - 24:48",
            "label": "subs",
            "position": "1488500",
            "half": "2",
            "confidence": "0.8175462484359741"
        },
        {
            "gameTime": "2 - 31:7",
            "label": "subs",
            "position": "1867500",
            "half": "2",
            "confidence": "0.7588068246841431"
        },
        {
            "gameTime": "2 - 25:3",
            "label": "subs",
            "position": "1503500",
            "half": "2",
            "confidence": "0.6462998986244202"
        },
        {
            "gameTime": "2 - 8:1",
            "label": "subs",
            "position": "481000",
            "half": "2",
            "confidence": "0.5636634826660156"
        },
        {
            "gameTime": "2 - 31:17",
            "label": "subs",
            "position": "1877500",
            "half": "2",
            "confidence": "0.53667151927948"
        },
        {
            "gameTime": "2 - 7:54",
            "label": "soccer",
            "position": "474000",
            "half": "2",
            "confidence": "0.9442498683929443"
        },
        {
            "gameTime": "2 - 13:41",
            "label": "soccer",
            "position": "821500",
            "half": "2",
            "confidence": "0.5504409074783325"
        }
    ]
}