{
    "UrlLocal": "italy_serie-a/2016-2017/2016-12-04 - 17-00 Lazio 0 - 2 AS Roma",
    "predictions": [
        {
            "gameTime": "1 - 28:28",
            "label": "card",
            "position": "1708500",
            "half": "1",
            "confidence": "0.7234880328178406"
        },
        {
            "gameTime": "2 - 48:42",
            "label": "card",
            "position": "2922500",
            "half": "2",
            "confidence": "0.8985223174095154"
        },
        {
            "gameTime": "2 - 21:25",
            "label": "card",
            "position": "1285500",
            "half": "2",
            "confidence": "0.8550999760627747"
        },
        {
            "gameTime": "2 - 38:13",
            "label": "card",
            "position": "2293500",
            "half": "2",
            "confidence": "0.8481659293174744"
        },
        {
            "gameTime": "2 - 21:13",
            "label": "card",
            "position": "1273500",
            "half": "2",
            "confidence": "0.8044853210449219"
        },
        {
            "gameTime": "2 - 20:26",
            "label": "card",
            "position": "1226000",
            "half": "2",
            "confidence": "0.7768429517745972"
        },
        {
            "gameTime": "2 - 20:37",
            "label": "card",
            "position": "1237000",
            "half": "2",
            "confidence": "0.7221713066101074"
        },
        {
            "gameTime": "2 - 48:52",
            "label": "card",
            "position": "2932500",
            "half": "2",
            "confidence": "0.6784620881080627"
        },
        {
            "gameTime": "2 - 47:14",
            "label": "card",
            "position": "2834500",
            "half": "2",
            "confidence": "0.6712008118629456"
        },
        {
            "gameTime": "2 - 20:56",
            "label": "card",
            "position": "1256500",
            "half": "2",
            "confidence": "0.6404897570610046"
        },
        {
            "gameTime": "2 - 48:32",
            "label": "card",
            "position": "2912000",
            "half": "2",
            "confidence": "0.6070843935012817"
        },
        {
            "gameTime": "2 - 39:14",
            "label": "subs",
            "position": "2354000",
            "half": "2",
            "confidence": "0.9739940166473389"
        },
        {
            "gameTime": "2 - 34:39",
            "label": "subs",
            "position": "2079000",
            "half": "2",
            "confidence": "0.9472707509994507"
        },
        {
            "gameTime": "2 - 39:3",
            "label": "subs",
            "position": "2343500",
            "half": "2",
            "confidence": "0.8288495540618896"
        },
        {
            "gameTime": "2 - 49:17",
            "label": "subs",
            "position": "2957500",
            "half": "2",
            "confidence": "0.7140721082687378"
        },
        {
            "gameTime": "2 - 25:3",
            "label": "subs",
            "position": "1503500",
            "half": "2",
            "confidence": "0.6155477166175842"
        },
        {
            "gameTime": "2 - 34:26",
            "label": "subs",
            "position": "2066500",
            "half": "2",
            "confidence": "0.5712164044380188"
        },
        {
            "gameTime": "2 - 18:39",
            "label": "soccer",
            "position": "1119500",
            "half": "2",
            "confidence": "0.9677013158798218"
        },
        {
            "gameTime": "2 - 31:16",
            "label": "soccer",
            "position": "1876000",
            "half": "2",
            "confidence": "0.9374085068702698"
        },
        {
            "gameTime": "2 - 8:14",
            "label": "soccer",
            "position": "494500",
            "half": "2",
            "confidence": "0.5647183656692505"
        }
    ]
}