{
    "UrlLocal": "italy_serie-a/2016-2017/2016-09-24 - 18-00 Palermo 0 - 1 Juventus",
    "UrlYoutube": "",
    "annotations": [
        {
            "change_type": "",
            "gameTime": "1 - 00:20",
            "label": "",
            "position": "20300",
            "replay": "real-time"
        },
        {
            "change_type": "",
            "gameTime": "1 - 00:25",
            "label": "",
            "link": "",
            "position": "25806",
            "replay": "replay"
        },
        {
            "change_type": "",
            "gameTime": "1 - 00:27",
            "label": "",
            "position": "27393",
            "replay": "other"
        },
        {
            "change_type": "",
            "gameTime": "1 - 03:02",
            "label": "",
            "position": "182539",
            "replay": "real-time"
        },
        {
            "change_type": "",
            "gameTime": "1 - 03:08",
            "label": "",
            "link": "",
            "position": "188688",
            "replay": "replay"
        },
        {
            "change_type": "",
            "gameTime": "1 - 05:39",
            "label": "",
            "position": "339307",
            "replay": "real-time"
        },
        {
            "change_type": "",
            "gameTime": "1 - 05:47",
            "label": "",
            "link": "",
            "position": "347526",
            "replay": "replay"
        },
        {
            "change_type": "",
            "gameTime": "1 - 06:55",
            "label": "",
            "position": "415302",
            "replay": "real-time"
        },
        {
            "change_type": "",
            "gameTime": "1 - 06:59",
            "label": "",
            "link": "",
            "position": "419681",
            "replay": "replay"
        },
        {
            "change_type": "",
            "gameTime": "1 - 08:03",
            "label": "",
            "position": "483633",
            "replay": "real-time"
        },
        {
            "change_type": "",
            "gameTime": "1 - 08:08",
            "label": "",
            "link": "",
            "position": "488596",
            "replay": "replay"
        },
        {
            "change_type": "",
            "gameTime": "1 - 10:40",
            "label": "",
            "position": "640638",
            "replay": "real-time"
        },
        {
            "change_type": "",
            "gameTime": "1 - 10:46",
            "label": "",
            "link": "",
            "position": "646378",
            "replay": "replay"
        },
        {
            "change_type": "",
            "gameTime": "1 - 11:14",
            "label": "",
            "position": "674924",
            "replay": "real-time"
        },
        {
            "change_type": "",
            "gameTime": "1 - 11:21",
            "label": "",
            "link": "",
            "position": "681888",
            "replay": "replay"
        },
        {
            "change_type": "",
            "gameTime": "1 - 14:52",
            "label": "",
            "position": "892490",
            "replay": "real-time"
        },
        {
            "change_type": "",
            "gameTime": "1 - 14:58",
            "label": "",
            "link": "",
            "position": "898362",
            "replay": "replay"
        },
        {
            "change_type": "",
            "gameTime": "1 - 16:55",
            "label": "",
            "position": "1015149",
            "replay": "real-time"
        },
        {
            "change_type": "",
            "gameTime": "1 - 17:01",
            "label": "",
            "link": "",
            "position": "1021564",
            "replay": "replay"
        },
        {
            "change_type": "",
            "gameTime": "1 - 19:42",
            "label": "",
            "position": "1182025",
            "replay": "real-time"
        },
        {
            "change_type": "",
            "gameTime": "1 - 19:50",
            "label": "",
            "link": "",
            "position": "1190677",
            "replay": "replay"
        },
        {
            "change_type": "",
            "gameTime": "1 - 22:59",
            "label": "",
            "position": "1379901",
            "replay": "real-time"
        },
        {
            "change_type": "",
            "gameTime": "1 - 23:15",
            "label": "",
            "link": "",
            "position": "1395828",
            "replay": "replay"
        },
        {
            "change_type": "",
            "gameTime": "1 - 25:09",
            "label": "",
            "position": "1509379",
            "replay": "real-time"
        },
        {
            "change_type": "",
            "gameTime": "1 - 25:19",
            "label": "",
            "link": "",
            "position": "1519858",
            "replay": "replay"
        },
        {
            "change_type": "",
            "gameTime": "1 - 26:59",
            "label": "",
            "position": "1619477",
            "replay": "real-time"
        },
        {
            "change_type": "",
            "gameTime": "1 - 27:05",
            "label": "",
            "link": "",
            "position": "1625461",
            "replay": "replay"
        },
        {
            "change_type": "",
            "gameTime": "1 - 28:48",
            "label": "",
            "position": "1728755",
            "replay": "real-time"
        },
        {
            "change_type": "",
            "gameTime": "1 - 28:52",
            "label": "",
            "link": "",
            "position": "1732873",
            "replay": "replay"
        },
        {
            "change_type": "",
            "gameTime": "1 - 32:17",
            "label": "",
            "position": "1937586",
            "replay": "real-time"
        },
        {
            "change_type": "",
            "gameTime": "1 - 32:24",
            "label": "",
            "link": "",
            "position": "1944883",
            "replay": "replay"
        },
        {
            "change_type": "",
            "gameTime": "1 - 32:34",
            "label": "",
            "link": "",
            "position": "1954142",
            "replay": "replay"
        },
        {
            "change_type": "",
            "gameTime": "1 - 32:40",
            "label": "",
            "link": "",
            "position": "1960000",
            "replay": "replay"
        },
        {
            "change_type": "",
            "gameTime": "1 - 33:53",
            "label": "",
            "position": "2033559",
            "replay": "real-time"
        },
        {
            "change_type": "",
            "gameTime": "1 - 33:57",
            "label": "",
            "link": "",
            "position": "2037071",
            "replay": "replay"
        },
        {
            "change_type": "",
            "gameTime": "1 - 34:43",
            "label": "",
            "position": "2083951",
            "replay": "real-time"
        },
        {
            "change_type": "",
            "gameTime": "1 - 34:51",
            "label": "",
            "link": "",
            "position": "2091161",
            "replay": "replay"
        },
        {
            "change_type": "",
            "gameTime": "1 - 39:31",
            "label": "",
            "position": "2371701",
            "replay": "real-time"
        },
        {
            "change_type": "",
            "gameTime": "1 - 39:36",
            "label": "",
            "link": "",
            "position": "2376206",
            "replay": "replay"
        },
        {
            "change_type": "",
            "gameTime": "1 - 41:21",
            "label": "",
            "position": "2481019",
            "replay": "real-time"
        },
        {
            "change_type": "",
            "gameTime": "1 - 41:29",
            "label": "",
            "link": "",
            "position": "2489752",
            "replay": "replay"
        },
        {
            "change_type": "",
            "gameTime": "1 - 44:00",
            "label": "",
            "position": "2640763",
            "replay": "real-time"
        },
        {
            "change_type": "",
            "gameTime": "1 - 44:10",
            "label": "",
            "link": "",
            "position": "2650386",
            "replay": "replay"
        },
        {
            "change_type": "",
            "gameTime": "1 - 45:36",
            "label": "",
            "position": "2736312",
            "replay": "real-time"
        },
        {
            "change_type": "",
            "gameTime": "1 - 45:43",
            "label": "",
            "link": "",
            "position": "2743622",
            "replay": "replay"
        },
        {
            "change_type": "",
            "gameTime": "2 - 03:29",
            "label": "",
            "position": "209492",
            "replay": "real-time"
        },
        {
            "change_type": "",
            "gameTime": "2 - 03:38",
            "label": "",
            "link": "",
            "position": "218881",
            "replay": "replay"
        },
        {
            "change_type": "",
            "gameTime": "2 - 03:44",
            "label": "",
            "link": "",
            "position": "224083",
            "replay": "replay"
        },
        {
            "change_type": "",
            "gameTime": "2 - 05:22",
            "label": "",
            "position": "322077",
            "replay": "real-time"
        },
        {
            "change_type": "",
            "gameTime": "2 - 05:29",
            "label": "",
            "link": "",
            "position": "329296",
            "replay": "replay"
        },
        {
            "change_type": "",
            "gameTime": "2 - 07:11",
            "label": "",
            "position": "431652",
            "replay": "real-time"
        },
        {
            "change_type": "",
            "gameTime": "2 - 07:17",
            "label": "",
            "link": "",
            "position": "437605",
            "replay": "replay"
        },
        {
            "change_type": "",
            "gameTime": "2 - 08:34",
            "label": "",
            "position": "514673",
            "replay": "real-time"
        },
        {
            "change_type": "",
            "gameTime": "2 - 08:39",
            "label": "",
            "link": "",
            "position": "519122",
            "replay": "replay"
        },
        {
            "change_type": "",
            "gameTime": "2 - 11:21",
            "label": "",
            "position": "681355",
            "replay": "real-time"
        },
        {
            "change_type": "",
            "gameTime": "2 - 11:26",
            "label": "",
            "link": "",
            "position": "686439",
            "replay": "replay"
        },
        {
            "change_type": "",
            "gameTime": "2 - 18:51",
            "label": "",
            "position": "1131559",
            "replay": "real-time"
        },
        {
            "change_type": "",
            "gameTime": "2 - 18:59",
            "label": "",
            "link": "",
            "position": "1139966",
            "replay": "replay"
        },
        {
            "change_type": "",
            "gameTime": "2 - 20:30",
            "label": "",
            "position": "1230623",
            "replay": "real-time"
        },
        {
            "change_type": "",
            "gameTime": "2 - 20:39",
            "label": "",
            "link": "",
            "position": "1239756",
            "replay": "replay"
        },
        {
            "change_type": "",
            "gameTime": "2 - 21:31",
            "label": "",
            "position": "1291110",
            "replay": "real-time"
        },
        {
            "change_type": "",
            "gameTime": "2 - 21:39",
            "label": "",
            "link": "",
            "position": "1299494",
            "replay": "replay"
        },
        {
            "change_type": "",
            "gameTime": "2 - 24:59",
            "label": "",
            "position": "1499729",
            "replay": "real-time"
        },
        {
            "change_type": "",
            "gameTime": "2 - 25:08",
            "label": "",
            "link": "",
            "position": "1508421",
            "replay": "replay"
        },
        {
            "change_type": "",
            "gameTime": "2 - 25:14",
            "label": "",
            "link": "",
            "position": "1514748",
            "replay": "replay"
        },
        {
            "change_type": "",
            "gameTime": "2 - 25:39",
            "label": "",
            "position": "1539322",
            "replay": "real-time"
        },
        {
            "change_type": "",
            "gameTime": "2 - 25:44",
            "label": "",
            "link": "",
            "position": "1544276",
            "replay": "replay"
        },
        {
            "change_type": "",
            "gameTime": "2 - 26:47",
            "label": "",
            "position": "1607594",
            "replay": "real-time"
        },
        {
            "change_type": "",
            "gameTime": "2 - 26:57",
            "label": "",
            "link": "",
            "position": "1617289",
            "replay": "replay"
        },
        {
            "change_type": "",
            "gameTime": "2 - 27:39",
            "label": "",
            "position": "1659550",
            "replay": "real-time"
        },
        {
            "change_type": "",
            "gameTime": "2 - 27:46",
            "label": "",
            "link": "",
            "position": "1666034",
            "replay": "replay"
        },
        {
            "change_type": "",
            "gameTime": "2 - 34:18",
            "label": "",
            "position": "2058801",
            "replay": "real-time"
        },
        {
            "change_type": "",
            "gameTime": "2 - 34:23",
            "label": "",
            "link": "",
            "position": "2063297",
            "replay": "replay"
        },
        {
            "change_type": "",
            "gameTime": "2 - 34:27",
            "label": "",
            "link": "",
            "position": "2067976",
            "replay": "replay"
        },
        {
            "change_type": "",
            "gameTime": "2 - 34:46",
            "label": "",
            "position": "2086797",
            "replay": "real-time"
        },
        {
            "change_type": "",
            "gameTime": "2 - 34:55",
            "label": "",
            "link": "",
            "position": "2095067",
            "replay": "replay"
        },
        {
            "change_type": "",
            "gameTime": "2 - 37:53",
            "label": "",
            "position": "2273273",
            "replay": "real-time"
        },
        {
            "change_type": "",
            "gameTime": "2 - 37:59",
            "label": "",
            "link": "",
            "position": "2279899",
            "replay": "replay"
        },
        {
            "change_type": "",
            "gameTime": "2 - 43:46",
            "label": "",
            "position": "2626069",
            "replay": "real-time"
        },
        {
            "change_type": "",
            "gameTime": "2 - 43:56",
            "label": "",
            "link": "",
            "position": "2636317",
            "replay": "replay"
        },
        {
            "change_type": "",
            "gameTime": "2 - 46:41",
            "label": "",
            "position": "2801954",
            "replay": "real-time"
        },
        {
            "change_type": "",
            "gameTime": "2 - 46:47",
            "label": "",
            "link": "",
            "position": "2807943",
            "replay": "replay"
        }
    ],
    "gameAwayTeam": "Juventus",
    "gameDate": "2016-09-24 - 18-00",
    "gameHomeTeam": "Palermo",
    "gameScore": "0 - 1"
}