{
    "UrlLocal": "england_epl/2015-2016/2015-10-24 - 17-00 West Ham 2 - 1 Chelsea",
    "predictions": [
        {
            "gameTime": "1 - 17:34",
            "label": "Kick-off",
            "position": "1054500",
            "half": "1",
            "confidence": "0.9610423445701599"
        },
        {
            "gameTime": "1 - 17:44",
            "label": "Kick-off",
            "position": "1064500",
            "half": "1",
            "confidence": "0.7995333671569824"
        },
        {
            "gameTime": "1 - 0:3",
            "label": "Kick-off",
            "position": "3500",
            "half": "1",
            "confidence": "0.7478066682815552"
        },
        {
            "gameTime": "1 - 16:38",
            "label": "Goal",
            "position": "998000",
            "half": "1",
            "confidence": "0.967587947845459"
        },
        {
            "gameTime": "1 - 38:24",
            "label": "Goal",
            "position": "2304000",
            "half": "1",
            "confidence": "0.536138653755188"
        },
        {
            "gameTime": "1 - 21:1",
            "label": "Substitution",
            "position": "1261000",
            "half": "1",
            "confidence": "0.5060833096504211"
        },
        {
            "gameTime": "1 - 16:38",
            "label": "Shots on target",
            "position": "998500",
            "half": "1",
            "confidence": "0.7914044857025146"
        },
        {
            "gameTime": "1 - 41:41",
            "label": "Shots on target",
            "position": "2501000",
            "half": "1",
            "confidence": "0.5594140887260437"
        },
        {
            "gameTime": "1 - 24:53",
            "label": "Shots off target",
            "position": "1493500",
            "half": "1",
            "confidence": "0.8484284281730652"
        },
        {
            "gameTime": "1 - 41:54",
            "label": "Shots off target",
            "position": "2514500",
            "half": "1",
            "confidence": "0.8185070157051086"
        },
        {
            "gameTime": "1 - 4:58",
            "label": "Shots off target",
            "position": "298000",
            "half": "1",
            "confidence": "0.800813615322113"
        },
        {
            "gameTime": "1 - 41:43",
            "label": "Shots off target",
            "position": "2503000",
            "half": "1",
            "confidence": "0.7785564661026001"
        },
        {
            "gameTime": "1 - 4:46",
            "label": "Shots off target",
            "position": "286500",
            "half": "1",
            "confidence": "0.7224190831184387"
        },
        {
            "gameTime": "1 - 28:30",
            "label": "Shots off target",
            "position": "1710500",
            "half": "1",
            "confidence": "0.704925537109375"
        },
        {
            "gameTime": "1 - 32:26",
            "label": "Shots off target",
            "position": "1946000",
            "half": "1",
            "confidence": "0.7031620740890503"
        },
        {
            "gameTime": "1 - 13:23",
            "label": "Shots off target",
            "position": "803000",
            "half": "1",
            "confidence": "0.686859130859375"
        },
        {
            "gameTime": "1 - 8:43",
            "label": "Shots off target",
            "position": "523000",
            "half": "1",
            "confidence": "0.6837066411972046"
        },
        {
            "gameTime": "1 - 32:38",
            "label": "Shots off target",
            "position": "1958000",
            "half": "1",
            "confidence": "0.6586717963218689"
        },
        {
            "gameTime": "1 - 13:58",
            "label": "Shots off target",
            "position": "838000",
            "half": "1",
            "confidence": "0.6418268084526062"
        },
        {
            "gameTime": "1 - 16:9",
            "label": "Shots off target",
            "position": "969500",
            "half": "1",
            "confidence": "0.6367635130882263"
        },
        {
            "gameTime": "1 - 34:26",
            "label": "Shots off target",
            "position": "2066000",
            "half": "1",
            "confidence": "0.603223979473114"
        },
        {
            "gameTime": "1 - 38:28",
            "label": "Shots off target",
            "position": "2308500",
            "half": "1",
            "confidence": "0.5329506397247314"
        },
        {
            "gameTime": "1 - 13:47",
            "label": "Shots off target",
            "position": "827500",
            "half": "1",
            "confidence": "0.5061677694320679"
        },
        {
            "gameTime": "1 - 14:18",
            "label": "Clearance",
            "position": "858500",
            "half": "1",
            "confidence": "0.983740508556366"
        },
        {
            "gameTime": "1 - 9:8",
            "label": "Clearance",
            "position": "548000",
            "half": "1",
            "confidence": "0.980160653591156"
        },
        {
            "gameTime": "1 - 21:9",
            "label": "Clearance",
            "position": "1269000",
            "half": "1",
            "confidence": "0.9005411267280579"
        },
        {
            "gameTime": "1 - 14:28",
            "label": "Clearance",
            "position": "868500",
            "half": "1",
            "confidence": "0.8831486105918884"
        },
        {
            "gameTime": "1 - 22:55",
            "label": "Clearance",
            "position": "1375500",
            "half": "1",
            "confidence": "0.8603731393814087"
        },
        {
            "gameTime": "1 - 23:7",
            "label": "Clearance",
            "position": "1387000",
            "half": "1",
            "confidence": "0.853359043598175"
        },
        {
            "gameTime": "1 - 31:18",
            "label": "Clearance",
            "position": "1878000",
            "half": "1",
            "confidence": "0.8315909504890442"
        },
        {
            "gameTime": "1 - 5:12",
            "label": "Clearance",
            "position": "312500",
            "half": "1",
            "confidence": "0.8115858435630798"
        },
        {
            "gameTime": "1 - 24:58",
            "label": "Clearance",
            "position": "1498000",
            "half": "1",
            "confidence": "0.7666674256324768"
        },
        {
            "gameTime": "1 - 9:18",
            "label": "Clearance",
            "position": "558000",
            "half": "1",
            "confidence": "0.7527475953102112"
        },
        {
            "gameTime": "1 - 5:25",
            "label": "Clearance",
            "position": "325500",
            "half": "1",
            "confidence": "0.7004942893981934"
        },
        {
            "gameTime": "1 - 18:0",
            "label": "Clearance",
            "position": "1080000",
            "half": "1",
            "confidence": "0.6902928948402405"
        },
        {
            "gameTime": "1 - 21:19",
            "label": "Clearance",
            "position": "1279000",
            "half": "1",
            "confidence": "0.6581863164901733"
        },
        {
            "gameTime": "1 - 22:45",
            "label": "Clearance",
            "position": "1365000",
            "half": "1",
            "confidence": "0.6129385828971863"
        },
        {
            "gameTime": "1 - 9:56",
            "label": "Clearance",
            "position": "596000",
            "half": "1",
            "confidence": "0.5849356055259705"
        },
        {
            "gameTime": "1 - 8:57",
            "label": "Clearance",
            "position": "537500",
            "half": "1",
            "confidence": "0.5472439527511597"
        },
        {
            "gameTime": "1 - 37:2",
            "label": "Clearance",
            "position": "2222500",
            "half": "1",
            "confidence": "0.502728283405304"
        },
        {
            "gameTime": "1 - 19:13",
            "label": "Ball out of play",
            "position": "1153000",
            "half": "1",
            "confidence": "0.954596996307373"
        },
        {
            "gameTime": "1 - 0:34",
            "label": "Ball out of play",
            "position": "34500",
            "half": "1",
            "confidence": "0.9502557516098022"
        },
        {
            "gameTime": "1 - 39:51",
            "label": "Ball out of play",
            "position": "2391000",
            "half": "1",
            "confidence": "0.9492781758308411"
        },
        {
            "gameTime": "1 - 19:57",
            "label": "Ball out of play",
            "position": "1197000",
            "half": "1",
            "confidence": "0.9478236436843872"
        },
        {
            "gameTime": "1 - 7:3",
            "label": "Ball out of play",
            "position": "423500",
            "half": "1",
            "confidence": "0.9388795495033264"
        },
        {
            "gameTime": "1 - 4:46",
            "label": "Ball out of play",
            "position": "286500",
            "half": "1",
            "confidence": "0.9351102113723755"
        },
        {
            "gameTime": "1 - 28:20",
            "label": "Ball out of play",
            "position": "1700500",
            "half": "1",
            "confidence": "0.9340152144432068"
        },
        {
            "gameTime": "1 - 13:23",
            "label": "Ball out of play",
            "position": "803000",
            "half": "1",
            "confidence": "0.9203025102615356"
        },
        {
            "gameTime": "1 - 40:44",
            "label": "Ball out of play",
            "position": "2444000",
            "half": "1",
            "confidence": "0.9184556603431702"
        },
        {
            "gameTime": "1 - 24:52",
            "label": "Ball out of play",
            "position": "1492500",
            "half": "1",
            "confidence": "0.8963602185249329"
        },
        {
            "gameTime": "1 - 6:49",
            "label": "Ball out of play",
            "position": "409500",
            "half": "1",
            "confidence": "0.8944071531295776"
        },
        {
            "gameTime": "1 - 33:59",
            "label": "Ball out of play",
            "position": "2039000",
            "half": "1",
            "confidence": "0.8928481340408325"
        },
        {
            "gameTime": "1 - 40:1",
            "label": "Ball out of play",
            "position": "2401000",
            "half": "1",
            "confidence": "0.8789882659912109"
        },
        {
            "gameTime": "1 - 20:11",
            "label": "Ball out of play",
            "position": "1211000",
            "half": "1",
            "confidence": "0.8648802638053894"
        },
        {
            "gameTime": "1 - 40:54",
            "label": "Ball out of play",
            "position": "2454500",
            "half": "1",
            "confidence": "0.8579914569854736"
        },
        {
            "gameTime": "1 - 19:2",
            "label": "Ball out of play",
            "position": "1142500",
            "half": "1",
            "confidence": "0.8485284447669983"
        },
        {
            "gameTime": "1 - 19:23",
            "label": "Ball out of play",
            "position": "1163000",
            "half": "1",
            "confidence": "0.8484957814216614"
        },
        {
            "gameTime": "1 - 41:7",
            "label": "Ball out of play",
            "position": "2467000",
            "half": "1",
            "confidence": "0.8477828502655029"
        },
        {
            "gameTime": "1 - 1:1",
            "label": "Ball out of play",
            "position": "61000",
            "half": "1",
            "confidence": "0.8473461270332336"
        },
        {
            "gameTime": "1 - 10:43",
            "label": "Ball out of play",
            "position": "643000",
            "half": "1",
            "confidence": "0.8422364592552185"
        },
        {
            "gameTime": "1 - 20:55",
            "label": "Ball out of play",
            "position": "1255000",
            "half": "1",
            "confidence": "0.827221691608429"
        },
        {
            "gameTime": "1 - 13:54",
            "label": "Ball out of play",
            "position": "834000",
            "half": "1",
            "confidence": "0.8209266662597656"
        },
        {
            "gameTime": "1 - 8:41",
            "label": "Ball out of play",
            "position": "521000",
            "half": "1",
            "confidence": "0.8180198073387146"
        },
        {
            "gameTime": "1 - 41:54",
            "label": "Ball out of play",
            "position": "2514000",
            "half": "1",
            "confidence": "0.8132393956184387"
        },
        {
            "gameTime": "1 - 39:40",
            "label": "Ball out of play",
            "position": "2380500",
            "half": "1",
            "confidence": "0.8121429085731506"
        },
        {
            "gameTime": "1 - 21:33",
            "label": "Ball out of play",
            "position": "1293000",
            "half": "1",
            "confidence": "0.8120632767677307"
        },
        {
            "gameTime": "1 - 34:9",
            "label": "Ball out of play",
            "position": "2049000",
            "half": "1",
            "confidence": "0.8102102875709534"
        },
        {
            "gameTime": "1 - 0:24",
            "label": "Ball out of play",
            "position": "24000",
            "half": "1",
            "confidence": "0.7901557683944702"
        },
        {
            "gameTime": "1 - 7:19",
            "label": "Ball out of play",
            "position": "439500",
            "half": "1",
            "confidence": "0.7885754108428955"
        },
        {
            "gameTime": "1 - 28:9",
            "label": "Ball out of play",
            "position": "1689000",
            "half": "1",
            "confidence": "0.7834407687187195"
        },
        {
            "gameTime": "1 - 20:43",
            "label": "Ball out of play",
            "position": "1243000",
            "half": "1",
            "confidence": "0.7789806127548218"
        },
        {
            "gameTime": "1 - 10:25",
            "label": "Ball out of play",
            "position": "625000",
            "half": "1",
            "confidence": "0.7635376453399658"
        },
        {
            "gameTime": "1 - 10:53",
            "label": "Ball out of play",
            "position": "653000",
            "half": "1",
            "confidence": "0.7622420787811279"
        },
        {
            "gameTime": "1 - 21:43",
            "label": "Ball out of play",
            "position": "1303000",
            "half": "1",
            "confidence": "0.7621625661849976"
        },
        {
            "gameTime": "1 - 19:45",
            "label": "Ball out of play",
            "position": "1185500",
            "half": "1",
            "confidence": "0.7558755874633789"
        },
        {
            "gameTime": "1 - 44:38",
            "label": "Ball out of play",
            "position": "2678000",
            "half": "1",
            "confidence": "0.7393530607223511"
        },
        {
            "gameTime": "1 - 40:33",
            "label": "Ball out of play",
            "position": "2433000",
            "half": "1",
            "confidence": "0.7337227463722229"
        },
        {
            "gameTime": "1 - 14:41",
            "label": "Ball out of play",
            "position": "881000",
            "half": "1",
            "confidence": "0.7330050468444824"
        },
        {
            "gameTime": "1 - 8:30",
            "label": "Ball out of play",
            "position": "510500",
            "half": "1",
            "confidence": "0.710962176322937"
        },
        {
            "gameTime": "1 - 13:42",
            "label": "Ball out of play",
            "position": "822500",
            "half": "1",
            "confidence": "0.7018879652023315"
        },
        {
            "gameTime": "1 - 18:44",
            "label": "Ball out of play",
            "position": "1124000",
            "half": "1",
            "confidence": "0.6979631185531616"
        },
        {
            "gameTime": "1 - 34:23",
            "label": "Ball out of play",
            "position": "2063000",
            "half": "1",
            "confidence": "0.676730751991272"
        },
        {
            "gameTime": "1 - 4:56",
            "label": "Ball out of play",
            "position": "296500",
            "half": "1",
            "confidence": "0.6601641774177551"
        },
        {
            "gameTime": "1 - 29:57",
            "label": "Ball out of play",
            "position": "1797500",
            "half": "1",
            "confidence": "0.6504014134407043"
        },
        {
            "gameTime": "1 - 26:11",
            "label": "Ball out of play",
            "position": "1571000",
            "half": "1",
            "confidence": "0.6469365954399109"
        },
        {
            "gameTime": "1 - 41:43",
            "label": "Ball out of play",
            "position": "2503500",
            "half": "1",
            "confidence": "0.6448747515678406"
        },
        {
            "gameTime": "1 - 23:53",
            "label": "Ball out of play",
            "position": "1433000",
            "half": "1",
            "confidence": "0.6430084109306335"
        },
        {
            "gameTime": "1 - 32:30",
            "label": "Ball out of play",
            "position": "1950000",
            "half": "1",
            "confidence": "0.6336432695388794"
        },
        {
            "gameTime": "1 - 0:44",
            "label": "Ball out of play",
            "position": "44500",
            "half": "1",
            "confidence": "0.6235002875328064"
        },
        {
            "gameTime": "1 - 14:30",
            "label": "Ball out of play",
            "position": "870500",
            "half": "1",
            "confidence": "0.6159035563468933"
        },
        {
            "gameTime": "1 - 38:28",
            "label": "Ball out of play",
            "position": "2308500",
            "half": "1",
            "confidence": "0.6070950627326965"
        },
        {
            "gameTime": "1 - 43:22",
            "label": "Ball out of play",
            "position": "2602500",
            "half": "1",
            "confidence": "0.6041098237037659"
        },
        {
            "gameTime": "1 - 42:47",
            "label": "Ball out of play",
            "position": "2567500",
            "half": "1",
            "confidence": "0.6014035940170288"
        },
        {
            "gameTime": "1 - 24:3",
            "label": "Ball out of play",
            "position": "1443000",
            "half": "1",
            "confidence": "0.5994797945022583"
        },
        {
            "gameTime": "1 - 11:10",
            "label": "Ball out of play",
            "position": "670500",
            "half": "1",
            "confidence": "0.5935891270637512"
        },
        {
            "gameTime": "1 - 44:27",
            "label": "Ball out of play",
            "position": "2667500",
            "half": "1",
            "confidence": "0.5888441801071167"
        },
        {
            "gameTime": "1 - 13:12",
            "label": "Ball out of play",
            "position": "792500",
            "half": "1",
            "confidence": "0.5760632157325745"
        },
        {
            "gameTime": "1 - 30:45",
            "label": "Ball out of play",
            "position": "1845000",
            "half": "1",
            "confidence": "0.5561742782592773"
        },
        {
            "gameTime": "1 - 41:24",
            "label": "Ball out of play",
            "position": "2484500",
            "half": "1",
            "confidence": "0.5505838990211487"
        },
        {
            "gameTime": "1 - 16:25",
            "label": "Ball out of play",
            "position": "985000",
            "half": "1",
            "confidence": "0.5434283018112183"
        },
        {
            "gameTime": "1 - 38:18",
            "label": "Ball out of play",
            "position": "2298000",
            "half": "1",
            "confidence": "0.5216968059539795"
        },
        {
            "gameTime": "1 - 40:12",
            "label": "Ball out of play",
            "position": "2412500",
            "half": "1",
            "confidence": "0.511451005935669"
        },
        {
            "gameTime": "1 - 25:59",
            "label": "Ball out of play",
            "position": "1559500",
            "half": "1",
            "confidence": "0.5101811289787292"
        },
        {
            "gameTime": "1 - 39:59",
            "label": "Throw-in",
            "position": "2399000",
            "half": "1",
            "confidence": "0.9906898736953735"
        },
        {
            "gameTime": "1 - 26:0",
            "label": "Throw-in",
            "position": "1560500",
            "half": "1",
            "confidence": "0.9899613857269287"
        },
        {
            "gameTime": "1 - 26:10",
            "label": "Throw-in",
            "position": "1570500",
            "half": "1",
            "confidence": "0.9843475818634033"
        },
        {
            "gameTime": "1 - 40:54",
            "label": "Throw-in",
            "position": "2454500",
            "half": "1",
            "confidence": "0.9694678783416748"
        },
        {
            "gameTime": "1 - 19:59",
            "label": "Throw-in",
            "position": "1199500",
            "half": "1",
            "confidence": "0.9655747413635254"
        },
        {
            "gameTime": "1 - 25:50",
            "label": "Throw-in",
            "position": "1550000",
            "half": "1",
            "confidence": "0.964359700679779"
        },
        {
            "gameTime": "1 - 14:42",
            "label": "Throw-in",
            "position": "882500",
            "half": "1",
            "confidence": "0.961441159248352"
        },
        {
            "gameTime": "1 - 19:15",
            "label": "Throw-in",
            "position": "1155000",
            "half": "1",
            "confidence": "0.9379127025604248"
        },
        {
            "gameTime": "1 - 40:9",
            "label": "Throw-in",
            "position": "2409000",
            "half": "1",
            "confidence": "0.9373499155044556"
        },
        {
            "gameTime": "1 - 30:56",
            "label": "Throw-in",
            "position": "1856500",
            "half": "1",
            "confidence": "0.9289735555648804"
        },
        {
            "gameTime": "1 - 20:9",
            "label": "Throw-in",
            "position": "1209500",
            "half": "1",
            "confidence": "0.9260601997375488"
        },
        {
            "gameTime": "1 - 26:27",
            "label": "Throw-in",
            "position": "1587500",
            "half": "1",
            "confidence": "0.8978350758552551"
        },
        {
            "gameTime": "1 - 40:44",
            "label": "Throw-in",
            "position": "2444000",
            "half": "1",
            "confidence": "0.851176917552948"
        },
        {
            "gameTime": "1 - 14:32",
            "label": "Throw-in",
            "position": "872000",
            "half": "1",
            "confidence": "0.839504599571228"
        },
        {
            "gameTime": "1 - 0:34",
            "label": "Throw-in",
            "position": "34500",
            "half": "1",
            "confidence": "0.8206067085266113"
        },
        {
            "gameTime": "1 - 30:45",
            "label": "Throw-in",
            "position": "1845500",
            "half": "1",
            "confidence": "0.80817711353302"
        },
        {
            "gameTime": "1 - 6:58",
            "label": "Throw-in",
            "position": "418500",
            "half": "1",
            "confidence": "0.7717107534408569"
        },
        {
            "gameTime": "1 - 39:48",
            "label": "Throw-in",
            "position": "2388500",
            "half": "1",
            "confidence": "0.7685412764549255"
        },
        {
            "gameTime": "1 - 19:25",
            "label": "Throw-in",
            "position": "1165000",
            "half": "1",
            "confidence": "0.7622691988945007"
        },
        {
            "gameTime": "1 - 1:8",
            "label": "Throw-in",
            "position": "68000",
            "half": "1",
            "confidence": "0.745022714138031"
        },
        {
            "gameTime": "1 - 18:46",
            "label": "Throw-in",
            "position": "1126000",
            "half": "1",
            "confidence": "0.7420352697372437"
        },
        {
            "gameTime": "1 - 19:45",
            "label": "Throw-in",
            "position": "1185500",
            "half": "1",
            "confidence": "0.7283443808555603"
        },
        {
            "gameTime": "1 - 3:52",
            "label": "Throw-in",
            "position": "232500",
            "half": "1",
            "confidence": "0.7222897410392761"
        },
        {
            "gameTime": "1 - 6:47",
            "label": "Throw-in",
            "position": "407500",
            "half": "1",
            "confidence": "0.702768087387085"
        },
        {
            "gameTime": "1 - 31:6",
            "label": "Throw-in",
            "position": "1866500",
            "half": "1",
            "confidence": "0.6947430968284607"
        },
        {
            "gameTime": "1 - 11:12",
            "label": "Throw-in",
            "position": "672000",
            "half": "1",
            "confidence": "0.6643147468566895"
        },
        {
            "gameTime": "1 - 21:29",
            "label": "Throw-in",
            "position": "1289500",
            "half": "1",
            "confidence": "0.6523786783218384"
        },
        {
            "gameTime": "1 - 14:52",
            "label": "Throw-in",
            "position": "892500",
            "half": "1",
            "confidence": "0.6497945785522461"
        },
        {
            "gameTime": "1 - 19:4",
            "label": "Throw-in",
            "position": "1144500",
            "half": "1",
            "confidence": "0.6289359331130981"
        },
        {
            "gameTime": "1 - 0:23",
            "label": "Throw-in",
            "position": "23000",
            "half": "1",
            "confidence": "0.6218389868736267"
        },
        {
            "gameTime": "1 - 23:52",
            "label": "Throw-in",
            "position": "1432500",
            "half": "1",
            "confidence": "0.6193077564239502"
        },
        {
            "gameTime": "1 - 18:35",
            "label": "Throw-in",
            "position": "1115500",
            "half": "1",
            "confidence": "0.6188106536865234"
        },
        {
            "gameTime": "1 - 10:57",
            "label": "Throw-in",
            "position": "657000",
            "half": "1",
            "confidence": "0.6123403906822205"
        },
        {
            "gameTime": "1 - 2:13",
            "label": "Throw-in",
            "position": "133000",
            "half": "1",
            "confidence": "0.5852720141410828"
        },
        {
            "gameTime": "1 - 41:7",
            "label": "Throw-in",
            "position": "2467000",
            "half": "1",
            "confidence": "0.5718016028404236"
        },
        {
            "gameTime": "1 - 18:21",
            "label": "Throw-in",
            "position": "1101500",
            "half": "1",
            "confidence": "0.5569934844970703"
        },
        {
            "gameTime": "1 - 1:20",
            "label": "Foul",
            "position": "80000",
            "half": "1",
            "confidence": "0.7728404402732849"
        },
        {
            "gameTime": "1 - 23:25",
            "label": "Foul",
            "position": "1405500",
            "half": "1",
            "confidence": "0.7401280403137207"
        },
        {
            "gameTime": "1 - 34:31",
            "label": "Foul",
            "position": "2071500",
            "half": "1",
            "confidence": "0.7381784319877625"
        },
        {
            "gameTime": "1 - 23:35",
            "label": "Foul",
            "position": "1415500",
            "half": "1",
            "confidence": "0.6543400287628174"
        },
        {
            "gameTime": "1 - 15:3",
            "label": "Foul",
            "position": "903000",
            "half": "1",
            "confidence": "0.6395717859268188"
        },
        {
            "gameTime": "1 - 18:25",
            "label": "Foul",
            "position": "1105000",
            "half": "1",
            "confidence": "0.6315756440162659"
        },
        {
            "gameTime": "1 - 36:32",
            "label": "Foul",
            "position": "2192000",
            "half": "1",
            "confidence": "0.5310165286064148"
        },
        {
            "gameTime": "1 - 37:4",
            "label": "Indirect free-kick",
            "position": "2224000",
            "half": "1",
            "confidence": "0.7597776651382446"
        },
        {
            "gameTime": "1 - 35:10",
            "label": "Indirect free-kick",
            "position": "2110000",
            "half": "1",
            "confidence": "0.5538576245307922"
        },
        {
            "gameTime": "1 - 32:20",
            "label": "Direct free-kick",
            "position": "1940500",
            "half": "1",
            "confidence": "0.9341304302215576"
        },
        {
            "gameTime": "1 - 15:59",
            "label": "Direct free-kick",
            "position": "959000",
            "half": "1",
            "confidence": "0.8825164437294006"
        },
        {
            "gameTime": "1 - 32:31",
            "label": "Direct free-kick",
            "position": "1951000",
            "half": "1",
            "confidence": "0.8044762015342712"
        },
        {
            "gameTime": "1 - 45:36",
            "label": "Direct free-kick",
            "position": "2736000",
            "half": "1",
            "confidence": "0.7630916237831116"
        },
        {
            "gameTime": "1 - 16:9",
            "label": "Direct free-kick",
            "position": "969000",
            "half": "1",
            "confidence": "0.5894100069999695"
        },
        {
            "gameTime": "1 - 41:30",
            "label": "Corner",
            "position": "2490000",
            "half": "1",
            "confidence": "0.9997079968452454"
        },
        {
            "gameTime": "1 - 16:22",
            "label": "Corner",
            "position": "982000",
            "half": "1",
            "confidence": "0.9995747208595276"
        },
        {
            "gameTime": "1 - 10:37",
            "label": "Corner",
            "position": "637500",
            "half": "1",
            "confidence": "0.9992951154708862"
        },
        {
            "gameTime": "1 - 16:32",
            "label": "Corner",
            "position": "992000",
            "half": "1",
            "confidence": "0.9974027276039124"
        },
        {
            "gameTime": "1 - 13:43",
            "label": "Corner",
            "position": "823000",
            "half": "1",
            "confidence": "0.9972432851791382"
        },
        {
            "gameTime": "1 - 34:13",
            "label": "Corner",
            "position": "2053000",
            "half": "1",
            "confidence": "0.9908906817436218"
        },
        {
            "gameTime": "1 - 13:53",
            "label": "Corner",
            "position": "833000",
            "half": "1",
            "confidence": "0.9853537082672119"
        },
        {
            "gameTime": "1 - 30:17",
            "label": "Corner",
            "position": "1817000",
            "half": "1",
            "confidence": "0.9800395369529724"
        },
        {
            "gameTime": "1 - 41:40",
            "label": "Corner",
            "position": "2500000",
            "half": "1",
            "confidence": "0.9783398509025574"
        },
        {
            "gameTime": "1 - 41:18",
            "label": "Corner",
            "position": "2478500",
            "half": "1",
            "confidence": "0.9735320210456848"
        },
        {
            "gameTime": "1 - 10:49",
            "label": "Corner",
            "position": "649000",
            "half": "1",
            "confidence": "0.9599788188934326"
        },
        {
            "gameTime": "1 - 34:23",
            "label": "Corner",
            "position": "2063000",
            "half": "1",
            "confidence": "0.9363643527030945"
        },
        {
            "gameTime": "1 - 16:6",
            "label": "Corner",
            "position": "966500",
            "half": "1",
            "confidence": "0.9245655536651611"
        },
        {
            "gameTime": "1 - 45:38",
            "label": "Corner",
            "position": "2738500",
            "half": "1",
            "confidence": "0.9085109829902649"
        },
        {
            "gameTime": "1 - 30:6",
            "label": "Corner",
            "position": "1806500",
            "half": "1",
            "confidence": "0.881355881690979"
        },
        {
            "gameTime": "1 - 32:28",
            "label": "Corner",
            "position": "1948000",
            "half": "1",
            "confidence": "0.8658531904220581"
        },
        {
            "gameTime": "1 - 7:6",
            "label": "Corner",
            "position": "426500",
            "half": "1",
            "confidence": "0.7623928189277649"
        },
        {
            "gameTime": "1 - 15:56",
            "label": "Corner",
            "position": "956000",
            "half": "1",
            "confidence": "0.7495318055152893"
        },
        {
            "gameTime": "1 - 20:47",
            "label": "Corner",
            "position": "1247500",
            "half": "1",
            "confidence": "0.7445601224899292"
        },
        {
            "gameTime": "1 - 14:18",
            "label": "Corner",
            "position": "858500",
            "half": "1",
            "confidence": "0.6866121888160706"
        },
        {
            "gameTime": "1 - 7:16",
            "label": "Corner",
            "position": "436500",
            "half": "1",
            "confidence": "0.6642765402793884"
        },
        {
            "gameTime": "1 - 32:38",
            "label": "Corner",
            "position": "1958500",
            "half": "1",
            "confidence": "0.6049655079841614"
        },
        {
            "gameTime": "1 - 23:36",
            "label": "Yellow card",
            "position": "1416000",
            "half": "1",
            "confidence": "0.7513867616653442"
        },
        {
            "gameTime": "1 - 23:47",
            "label": "Yellow card",
            "position": "1427000",
            "half": "1",
            "confidence": "0.630437970161438"
        },
        {
            "gameTime": "1 - 44:4",
            "label": "Yellow card",
            "position": "2644500",
            "half": "1",
            "confidence": "0.5371075868606567"
        },
        {
            "gameTime": "2 - 11:38",
            "label": "Kick-off",
            "position": "698000",
            "half": "2",
            "confidence": "0.9390596747398376"
        },
        {
            "gameTime": "2 - 0:0",
            "label": "Kick-off",
            "position": "500",
            "half": "2",
            "confidence": "0.8139931559562683"
        },
        {
            "gameTime": "2 - 0:10",
            "label": "Kick-off",
            "position": "10500",
            "half": "2",
            "confidence": "0.7001677751541138"
        },
        {
            "gameTime": "2 - 34:29",
            "label": "Kick-off",
            "position": "2069500",
            "half": "2",
            "confidence": "0.6388813257217407"
        },
        {
            "gameTime": "2 - 11:49",
            "label": "Kick-off",
            "position": "709000",
            "half": "2",
            "confidence": "0.6094431281089783"
        },
        {
            "gameTime": "2 - 33:27",
            "label": "Goal",
            "position": "2007000",
            "half": "2",
            "confidence": "0.8046249747276306"
        },
        {
            "gameTime": "2 - 10:33",
            "label": "Goal",
            "position": "633000",
            "half": "2",
            "confidence": "0.7096230387687683"
        },
        {
            "gameTime": "2 - 36:53",
            "label": "Substitution",
            "position": "2213500",
            "half": "2",
            "confidence": "0.9245298504829407"
        },
        {
            "gameTime": "2 - 37:3",
            "label": "Substitution",
            "position": "2223500",
            "half": "2",
            "confidence": "0.8714926242828369"
        },
        {
            "gameTime": "2 - 45:57",
            "label": "Substitution",
            "position": "2757000",
            "half": "2",
            "confidence": "0.8595804572105408"
        },
        {
            "gameTime": "2 - 36:41",
            "label": "Substitution",
            "position": "2201000",
            "half": "2",
            "confidence": "0.8391221761703491"
        },
        {
            "gameTime": "2 - 18:5",
            "label": "Substitution",
            "position": "1085000",
            "half": "2",
            "confidence": "0.5069387555122375"
        },
        {
            "gameTime": "2 - 22:38",
            "label": "Offside",
            "position": "1358000",
            "half": "2",
            "confidence": "0.6472752094268799"
        },
        {
            "gameTime": "2 - 32:16",
            "label": "Shots on target",
            "position": "1936500",
            "half": "2",
            "confidence": "0.7752912044525146"
        },
        {
            "gameTime": "2 - 33:10",
            "label": "Shots on target",
            "position": "1990500",
            "half": "2",
            "confidence": "0.7328936457633972"
        },
        {
            "gameTime": "2 - 33:23",
            "label": "Shots on target",
            "position": "2003500",
            "half": "2",
            "confidence": "0.6318883299827576"
        },
        {
            "gameTime": "2 - 31:15",
            "label": "Shots on target",
            "position": "1875000",
            "half": "2",
            "confidence": "0.5378478765487671"
        },
        {
            "gameTime": "2 - 14:1",
            "label": "Shots off target",
            "position": "841000",
            "half": "2",
            "confidence": "0.7726272940635681"
        },
        {
            "gameTime": "2 - 14:12",
            "label": "Shots off target",
            "position": "852500",
            "half": "2",
            "confidence": "0.6607247591018677"
        },
        {
            "gameTime": "2 - 7:32",
            "label": "Shots off target",
            "position": "452000",
            "half": "2",
            "confidence": "0.6582123041152954"
        },
        {
            "gameTime": "2 - 15:20",
            "label": "Shots off target",
            "position": "920000",
            "half": "2",
            "confidence": "0.5984805822372437"
        },
        {
            "gameTime": "2 - 41:23",
            "label": "Shots off target",
            "position": "2483500",
            "half": "2",
            "confidence": "0.5319355130195618"
        },
        {
            "gameTime": "2 - 18:19",
            "label": "Clearance",
            "position": "1099000",
            "half": "2",
            "confidence": "0.9647068977355957"
        },
        {
            "gameTime": "2 - 42:28",
            "label": "Clearance",
            "position": "2548000",
            "half": "2",
            "confidence": "0.8756838440895081"
        },
        {
            "gameTime": "2 - 47:14",
            "label": "Clearance",
            "position": "2834000",
            "half": "2",
            "confidence": "0.8639401793479919"
        },
        {
            "gameTime": "2 - 42:38",
            "label": "Clearance",
            "position": "2558000",
            "half": "2",
            "confidence": "0.7118687033653259"
        },
        {
            "gameTime": "2 - 18:30",
            "label": "Clearance",
            "position": "1110000",
            "half": "2",
            "confidence": "0.694678008556366"
        },
        {
            "gameTime": "2 - 14:33",
            "label": "Clearance",
            "position": "873000",
            "half": "2",
            "confidence": "0.6496438384056091"
        },
        {
            "gameTime": "2 - 17:2",
            "label": "Clearance",
            "position": "1022500",
            "half": "2",
            "confidence": "0.5884091258049011"
        },
        {
            "gameTime": "2 - 42:17",
            "label": "Clearance",
            "position": "2537000",
            "half": "2",
            "confidence": "0.5735573172569275"
        },
        {
            "gameTime": "2 - 29:49",
            "label": "Clearance",
            "position": "1789000",
            "half": "2",
            "confidence": "0.52519690990448"
        },
        {
            "gameTime": "2 - 13:23",
            "label": "Ball out of play",
            "position": "803000",
            "half": "2",
            "confidence": "0.9588665962219238"
        },
        {
            "gameTime": "2 - 7:20",
            "label": "Ball out of play",
            "position": "440000",
            "half": "2",
            "confidence": "0.9452934861183167"
        },
        {
            "gameTime": "2 - 38:1",
            "label": "Ball out of play",
            "position": "2281000",
            "half": "2",
            "confidence": "0.9386972784996033"
        },
        {
            "gameTime": "2 - 15:17",
            "label": "Ball out of play",
            "position": "917000",
            "half": "2",
            "confidence": "0.9292711615562439"
        },
        {
            "gameTime": "2 - 29:24",
            "label": "Ball out of play",
            "position": "1764000",
            "half": "2",
            "confidence": "0.9116315245628357"
        },
        {
            "gameTime": "2 - 40:1",
            "label": "Ball out of play",
            "position": "2401500",
            "half": "2",
            "confidence": "0.9111429452896118"
        },
        {
            "gameTime": "2 - 14:3",
            "label": "Ball out of play",
            "position": "843500",
            "half": "2",
            "confidence": "0.9079225659370422"
        },
        {
            "gameTime": "2 - 10:5",
            "label": "Ball out of play",
            "position": "605500",
            "half": "2",
            "confidence": "0.9004985094070435"
        },
        {
            "gameTime": "2 - 40:43",
            "label": "Ball out of play",
            "position": "2443500",
            "half": "2",
            "confidence": "0.8928198218345642"
        },
        {
            "gameTime": "2 - 41:26",
            "label": "Ball out of play",
            "position": "2486000",
            "half": "2",
            "confidence": "0.8895657658576965"
        },
        {
            "gameTime": "2 - 25:27",
            "label": "Ball out of play",
            "position": "1527000",
            "half": "2",
            "confidence": "0.8883697986602783"
        },
        {
            "gameTime": "2 - 38:11",
            "label": "Ball out of play",
            "position": "2291000",
            "half": "2",
            "confidence": "0.8882854580879211"
        },
        {
            "gameTime": "2 - 37:21",
            "label": "Ball out of play",
            "position": "2241000",
            "half": "2",
            "confidence": "0.8829038143157959"
        },
        {
            "gameTime": "2 - 17:56",
            "label": "Ball out of play",
            "position": "1076500",
            "half": "2",
            "confidence": "0.8777714371681213"
        },
        {
            "gameTime": "2 - 4:42",
            "label": "Ball out of play",
            "position": "282500",
            "half": "2",
            "confidence": "0.8739010691642761"
        },
        {
            "gameTime": "2 - 37:45",
            "label": "Ball out of play",
            "position": "2265500",
            "half": "2",
            "confidence": "0.8722516298294067"
        },
        {
            "gameTime": "2 - 44:14",
            "label": "Ball out of play",
            "position": "2654000",
            "half": "2",
            "confidence": "0.860293447971344"
        },
        {
            "gameTime": "2 - 7:33",
            "label": "Ball out of play",
            "position": "453000",
            "half": "2",
            "confidence": "0.8584021329879761"
        },
        {
            "gameTime": "2 - 13:36",
            "label": "Ball out of play",
            "position": "816000",
            "half": "2",
            "confidence": "0.8494057655334473"
        },
        {
            "gameTime": "2 - 29:34",
            "label": "Ball out of play",
            "position": "1774000",
            "half": "2",
            "confidence": "0.8449314832687378"
        },
        {
            "gameTime": "2 - 48:46",
            "label": "Ball out of play",
            "position": "2926000",
            "half": "2",
            "confidence": "0.8430364727973938"
        },
        {
            "gameTime": "2 - 15:27",
            "label": "Ball out of play",
            "position": "927000",
            "half": "2",
            "confidence": "0.8409370183944702"
        },
        {
            "gameTime": "2 - 16:12",
            "label": "Ball out of play",
            "position": "972000",
            "half": "2",
            "confidence": "0.8384082317352295"
        },
        {
            "gameTime": "2 - 37:34",
            "label": "Ball out of play",
            "position": "2254500",
            "half": "2",
            "confidence": "0.8117785453796387"
        },
        {
            "gameTime": "2 - 45:7",
            "label": "Ball out of play",
            "position": "2707500",
            "half": "2",
            "confidence": "0.8034395575523376"
        },
        {
            "gameTime": "2 - 40:31",
            "label": "Ball out of play",
            "position": "2431000",
            "half": "2",
            "confidence": "0.8010210990905762"
        },
        {
            "gameTime": "2 - 24:24",
            "label": "Ball out of play",
            "position": "1464000",
            "half": "2",
            "confidence": "0.7957506775856018"
        },
        {
            "gameTime": "2 - 44:26",
            "label": "Ball out of play",
            "position": "2666000",
            "half": "2",
            "confidence": "0.7905575633049011"
        },
        {
            "gameTime": "2 - 39:51",
            "label": "Ball out of play",
            "position": "2391000",
            "half": "2",
            "confidence": "0.765653669834137"
        },
        {
            "gameTime": "2 - 42:2",
            "label": "Ball out of play",
            "position": "2522500",
            "half": "2",
            "confidence": "0.7642063498497009"
        },
        {
            "gameTime": "2 - 25:39",
            "label": "Ball out of play",
            "position": "1539500",
            "half": "2",
            "confidence": "0.7586524486541748"
        },
        {
            "gameTime": "2 - 19:45",
            "label": "Ball out of play",
            "position": "1185500",
            "half": "2",
            "confidence": "0.7565346360206604"
        },
        {
            "gameTime": "2 - 2:54",
            "label": "Ball out of play",
            "position": "174000",
            "half": "2",
            "confidence": "0.7544982433319092"
        },
        {
            "gameTime": "2 - 31:5",
            "label": "Ball out of play",
            "position": "1865500",
            "half": "2",
            "confidence": "0.7506060600280762"
        },
        {
            "gameTime": "2 - 34:50",
            "label": "Ball out of play",
            "position": "2090500",
            "half": "2",
            "confidence": "0.7504422664642334"
        },
        {
            "gameTime": "2 - 38:27",
            "label": "Ball out of play",
            "position": "2307500",
            "half": "2",
            "confidence": "0.7503178715705872"
        },
        {
            "gameTime": "2 - 47:36",
            "label": "Ball out of play",
            "position": "2856000",
            "half": "2",
            "confidence": "0.7470560073852539"
        },
        {
            "gameTime": "2 - 16:1",
            "label": "Ball out of play",
            "position": "961500",
            "half": "2",
            "confidence": "0.7443493008613586"
        },
        {
            "gameTime": "2 - 48:35",
            "label": "Ball out of play",
            "position": "2915500",
            "half": "2",
            "confidence": "0.7421817183494568"
        },
        {
            "gameTime": "2 - 10:31",
            "label": "Ball out of play",
            "position": "631500",
            "half": "2",
            "confidence": "0.7372823357582092"
        },
        {
            "gameTime": "2 - 24:8",
            "label": "Ball out of play",
            "position": "1448500",
            "half": "2",
            "confidence": "0.7357067465782166"
        },
        {
            "gameTime": "2 - 47:55",
            "label": "Ball out of play",
            "position": "2875000",
            "half": "2",
            "confidence": "0.7233037948608398"
        },
        {
            "gameTime": "2 - 48:56",
            "label": "Ball out of play",
            "position": "2936000",
            "half": "2",
            "confidence": "0.7223645448684692"
        },
        {
            "gameTime": "2 - 32:0",
            "label": "Ball out of play",
            "position": "1920000",
            "half": "2",
            "confidence": "0.7209115028381348"
        },
        {
            "gameTime": "2 - 49:18",
            "label": "Ball out of play",
            "position": "2958500",
            "half": "2",
            "confidence": "0.7121591567993164"
        },
        {
            "gameTime": "2 - 48:14",
            "label": "Ball out of play",
            "position": "2894000",
            "half": "2",
            "confidence": "0.7109079360961914"
        },
        {
            "gameTime": "2 - 30:0",
            "label": "Ball out of play",
            "position": "1800500",
            "half": "2",
            "confidence": "0.7094767689704895"
        },
        {
            "gameTime": "2 - 44:55",
            "label": "Ball out of play",
            "position": "2695000",
            "half": "2",
            "confidence": "0.6950654983520508"
        },
        {
            "gameTime": "2 - 31:44",
            "label": "Ball out of play",
            "position": "1904500",
            "half": "2",
            "confidence": "0.694185197353363"
        },
        {
            "gameTime": "2 - 41:36",
            "label": "Ball out of play",
            "position": "2496000",
            "half": "2",
            "confidence": "0.6856502890586853"
        },
        {
            "gameTime": "2 - 32:13",
            "label": "Ball out of play",
            "position": "1933000",
            "half": "2",
            "confidence": "0.6787171363830566"
        },
        {
            "gameTime": "2 - 22:43",
            "label": "Ball out of play",
            "position": "1363500",
            "half": "2",
            "confidence": "0.6766418814659119"
        },
        {
            "gameTime": "2 - 31:15",
            "label": "Ball out of play",
            "position": "1875500",
            "half": "2",
            "confidence": "0.6664783954620361"
        },
        {
            "gameTime": "2 - 41:15",
            "label": "Ball out of play",
            "position": "2475500",
            "half": "2",
            "confidence": "0.6615195870399475"
        },
        {
            "gameTime": "2 - 10:20",
            "label": "Ball out of play",
            "position": "620000",
            "half": "2",
            "confidence": "0.6520780324935913"
        },
        {
            "gameTime": "2 - 13:46",
            "label": "Ball out of play",
            "position": "826500",
            "half": "2",
            "confidence": "0.6487047076225281"
        },
        {
            "gameTime": "2 - 14:15",
            "label": "Ball out of play",
            "position": "855000",
            "half": "2",
            "confidence": "0.6415358781814575"
        },
        {
            "gameTime": "2 - 11:53",
            "label": "Ball out of play",
            "position": "713000",
            "half": "2",
            "confidence": "0.6318398118019104"
        },
        {
            "gameTime": "2 - 7:9",
            "label": "Ball out of play",
            "position": "429500",
            "half": "2",
            "confidence": "0.627354085445404"
        },
        {
            "gameTime": "2 - 3:52",
            "label": "Ball out of play",
            "position": "232500",
            "half": "2",
            "confidence": "0.6234650015830994"
        },
        {
            "gameTime": "2 - 42:13",
            "label": "Ball out of play",
            "position": "2533000",
            "half": "2",
            "confidence": "0.6186458468437195"
        },
        {
            "gameTime": "2 - 17:46",
            "label": "Ball out of play",
            "position": "1066000",
            "half": "2",
            "confidence": "0.6104267835617065"
        },
        {
            "gameTime": "2 - 33:11",
            "label": "Ball out of play",
            "position": "1991500",
            "half": "2",
            "confidence": "0.6077041029930115"
        },
        {
            "gameTime": "2 - 30:14",
            "label": "Ball out of play",
            "position": "1814000",
            "half": "2",
            "confidence": "0.6073912978172302"
        },
        {
            "gameTime": "2 - 19:34",
            "label": "Ball out of play",
            "position": "1174500",
            "half": "2",
            "confidence": "0.6059370040893555"
        },
        {
            "gameTime": "2 - 49:49",
            "label": "Ball out of play",
            "position": "2989500",
            "half": "2",
            "confidence": "0.6056111454963684"
        },
        {
            "gameTime": "2 - 48:24",
            "label": "Ball out of play",
            "position": "2904000",
            "half": "2",
            "confidence": "0.6016738414764404"
        },
        {
            "gameTime": "2 - 2:42",
            "label": "Ball out of play",
            "position": "162000",
            "half": "2",
            "confidence": "0.5844413638114929"
        },
        {
            "gameTime": "2 - 26:13",
            "label": "Ball out of play",
            "position": "1573000",
            "half": "2",
            "confidence": "0.5813978910446167"
        },
        {
            "gameTime": "2 - 22:15",
            "label": "Ball out of play",
            "position": "1335500",
            "half": "2",
            "confidence": "0.5784554481506348"
        },
        {
            "gameTime": "2 - 23:26",
            "label": "Ball out of play",
            "position": "1406000",
            "half": "2",
            "confidence": "0.5586344599723816"
        },
        {
            "gameTime": "2 - 20:31",
            "label": "Ball out of play",
            "position": "1231000",
            "half": "2",
            "confidence": "0.5570713877677917"
        },
        {
            "gameTime": "2 - 3:4",
            "label": "Ball out of play",
            "position": "184000",
            "half": "2",
            "confidence": "0.5363065600395203"
        },
        {
            "gameTime": "2 - 18:50",
            "label": "Ball out of play",
            "position": "1130500",
            "half": "2",
            "confidence": "0.5317397117614746"
        },
        {
            "gameTime": "2 - 33:21",
            "label": "Ball out of play",
            "position": "2001500",
            "half": "2",
            "confidence": "0.515238881111145"
        },
        {
            "gameTime": "2 - 23:39",
            "label": "Ball out of play",
            "position": "1419500",
            "half": "2",
            "confidence": "0.5129521489143372"
        },
        {
            "gameTime": "2 - 31:26",
            "label": "Ball out of play",
            "position": "1886500",
            "half": "2",
            "confidence": "0.5126470923423767"
        },
        {
            "gameTime": "2 - 39:38",
            "label": "Ball out of play",
            "position": "2378500",
            "half": "2",
            "confidence": "0.5074754953384399"
        },
        {
            "gameTime": "2 - 44:9",
            "label": "Throw-in",
            "position": "2649500",
            "half": "2",
            "confidence": "0.9802500009536743"
        },
        {
            "gameTime": "2 - 38:13",
            "label": "Throw-in",
            "position": "2293000",
            "half": "2",
            "confidence": "0.9566624760627747"
        },
        {
            "gameTime": "2 - 25:31",
            "label": "Throw-in",
            "position": "1531000",
            "half": "2",
            "confidence": "0.9429318308830261"
        },
        {
            "gameTime": "2 - 25:41",
            "label": "Throw-in",
            "position": "1541000",
            "half": "2",
            "confidence": "0.9312905669212341"
        },
        {
            "gameTime": "2 - 38:2",
            "label": "Throw-in",
            "position": "2282500",
            "half": "2",
            "confidence": "0.9217063188552856"
        },
        {
            "gameTime": "2 - 38:31",
            "label": "Throw-in",
            "position": "2311500",
            "half": "2",
            "confidence": "0.9017651677131653"
        },
        {
            "gameTime": "2 - 48:19",
            "label": "Throw-in",
            "position": "2899500",
            "half": "2",
            "confidence": "0.8964406251907349"
        },
        {
            "gameTime": "2 - 3:45",
            "label": "Throw-in",
            "position": "225000",
            "half": "2",
            "confidence": "0.8905229568481445"
        },
        {
            "gameTime": "2 - 44:23",
            "label": "Throw-in",
            "position": "2663500",
            "half": "2",
            "confidence": "0.8840288519859314"
        },
        {
            "gameTime": "2 - 37:21",
            "label": "Throw-in",
            "position": "2241000",
            "half": "2",
            "confidence": "0.8756338953971863"
        },
        {
            "gameTime": "2 - 13:26",
            "label": "Throw-in",
            "position": "806000",
            "half": "2",
            "confidence": "0.8752543926239014"
        },
        {
            "gameTime": "2 - 16:12",
            "label": "Throw-in",
            "position": "972000",
            "half": "2",
            "confidence": "0.8710298538208008"
        },
        {
            "gameTime": "2 - 48:29",
            "label": "Throw-in",
            "position": "2909500",
            "half": "2",
            "confidence": "0.869555652141571"
        },
        {
            "gameTime": "2 - 48:55",
            "label": "Throw-in",
            "position": "2935500",
            "half": "2",
            "confidence": "0.8629291653633118"
        },
        {
            "gameTime": "2 - 48:9",
            "label": "Throw-in",
            "position": "2889000",
            "half": "2",
            "confidence": "0.8590548634529114"
        },
        {
            "gameTime": "2 - 48:45",
            "label": "Throw-in",
            "position": "2925000",
            "half": "2",
            "confidence": "0.8193151950836182"
        },
        {
            "gameTime": "2 - 37:31",
            "label": "Throw-in",
            "position": "2251000",
            "half": "2",
            "confidence": "0.79863041639328"
        },
        {
            "gameTime": "2 - 40:1",
            "label": "Throw-in",
            "position": "2401500",
            "half": "2",
            "confidence": "0.7700424194335938"
        },
        {
            "gameTime": "2 - 34:53",
            "label": "Throw-in",
            "position": "2093000",
            "half": "2",
            "confidence": "0.7453415393829346"
        },
        {
            "gameTime": "2 - 30:0",
            "label": "Throw-in",
            "position": "1800500",
            "half": "2",
            "confidence": "0.7322266101837158"
        },
        {
            "gameTime": "2 - 2:52",
            "label": "Throw-in",
            "position": "172500",
            "half": "2",
            "confidence": "0.7192642688751221"
        },
        {
            "gameTime": "2 - 43:3",
            "label": "Throw-in",
            "position": "2583500",
            "half": "2",
            "confidence": "0.7111088037490845"
        },
        {
            "gameTime": "2 - 16:1",
            "label": "Throw-in",
            "position": "961500",
            "half": "2",
            "confidence": "0.7080957889556885"
        },
        {
            "gameTime": "2 - 37:45",
            "label": "Throw-in",
            "position": "2265000",
            "half": "2",
            "confidence": "0.7025213241577148"
        },
        {
            "gameTime": "2 - 3:4",
            "label": "Throw-in",
            "position": "184000",
            "half": "2",
            "confidence": "0.6888067126274109"
        },
        {
            "gameTime": "2 - 30:15",
            "label": "Throw-in",
            "position": "1815500",
            "half": "2",
            "confidence": "0.6825278401374817"
        },
        {
            "gameTime": "2 - 49:18",
            "label": "Throw-in",
            "position": "2958000",
            "half": "2",
            "confidence": "0.6823707222938538"
        },
        {
            "gameTime": "2 - 3:55",
            "label": "Throw-in",
            "position": "235000",
            "half": "2",
            "confidence": "0.6709746718406677"
        },
        {
            "gameTime": "2 - 45:6",
            "label": "Throw-in",
            "position": "2706500",
            "half": "2",
            "confidence": "0.6146588921546936"
        },
        {
            "gameTime": "2 - 23:44",
            "label": "Throw-in",
            "position": "1424500",
            "half": "2",
            "confidence": "0.6130024790763855"
        },
        {
            "gameTime": "2 - 49:53",
            "label": "Throw-in",
            "position": "2993000",
            "half": "2",
            "confidence": "0.6038170456886292"
        },
        {
            "gameTime": "2 - 47:58",
            "label": "Throw-in",
            "position": "2878500",
            "half": "2",
            "confidence": "0.5940008163452148"
        },
        {
            "gameTime": "2 - 37:10",
            "label": "Throw-in",
            "position": "2230500",
            "half": "2",
            "confidence": "0.581748366355896"
        },
        {
            "gameTime": "2 - 13:36",
            "label": "Throw-in",
            "position": "816000",
            "half": "2",
            "confidence": "0.5668565034866333"
        },
        {
            "gameTime": "2 - 22:23",
            "label": "Throw-in",
            "position": "1343500",
            "half": "2",
            "confidence": "0.5657673478126526"
        },
        {
            "gameTime": "2 - 43:59",
            "label": "Throw-in",
            "position": "2639000",
            "half": "2",
            "confidence": "0.5450398325920105"
        },
        {
            "gameTime": "2 - 20:38",
            "label": "Throw-in",
            "position": "1238500",
            "half": "2",
            "confidence": "0.5405704975128174"
        },
        {
            "gameTime": "2 - 40:43",
            "label": "Throw-in",
            "position": "2443000",
            "half": "2",
            "confidence": "0.5382731556892395"
        },
        {
            "gameTime": "2 - 9:56",
            "label": "Throw-in",
            "position": "596000",
            "half": "2",
            "confidence": "0.5305545330047607"
        },
        {
            "gameTime": "2 - 29:8",
            "label": "Throw-in",
            "position": "1748500",
            "half": "2",
            "confidence": "0.5165244340896606"
        },
        {
            "gameTime": "2 - 42:53",
            "label": "Throw-in",
            "position": "2573000",
            "half": "2",
            "confidence": "0.5159268975257874"
        },
        {
            "gameTime": "2 - 8:15",
            "label": "Foul",
            "position": "495000",
            "half": "2",
            "confidence": "0.8761230111122131"
        },
        {
            "gameTime": "2 - 35:35",
            "label": "Foul",
            "position": "2135500",
            "half": "2",
            "confidence": "0.8481334447860718"
        },
        {
            "gameTime": "2 - 39:11",
            "label": "Foul",
            "position": "2351000",
            "half": "2",
            "confidence": "0.846302330493927"
        },
        {
            "gameTime": "2 - 28:32",
            "label": "Foul",
            "position": "1712000",
            "half": "2",
            "confidence": "0.7037814855575562"
        },
        {
            "gameTime": "2 - 18:55",
            "label": "Foul",
            "position": "1135500",
            "half": "2",
            "confidence": "0.6702921986579895"
        },
        {
            "gameTime": "2 - 4:6",
            "label": "Foul",
            "position": "246500",
            "half": "2",
            "confidence": "0.6682341694831848"
        },
        {
            "gameTime": "2 - 23:58",
            "label": "Foul",
            "position": "1438500",
            "half": "2",
            "confidence": "0.6512551307678223"
        },
        {
            "gameTime": "2 - 16:24",
            "label": "Foul",
            "position": "984000",
            "half": "2",
            "confidence": "0.5978296995162964"
        },
        {
            "gameTime": "2 - 26:9",
            "label": "Foul",
            "position": "1569500",
            "half": "2",
            "confidence": "0.5861958265304565"
        },
        {
            "gameTime": "2 - 12:22",
            "label": "Foul",
            "position": "742500",
            "half": "2",
            "confidence": "0.5785247683525085"
        },
        {
            "gameTime": "2 - 32:38",
            "label": "Foul",
            "position": "1958500",
            "half": "2",
            "confidence": "0.562170684337616"
        },
        {
            "gameTime": "2 - 23:42",
            "label": "Foul",
            "position": "1422500",
            "half": "2",
            "confidence": "0.5488147139549255"
        },
        {
            "gameTime": "2 - 47:29",
            "label": "Foul",
            "position": "2849000",
            "half": "2",
            "confidence": "0.5161201357841492"
        },
        {
            "gameTime": "2 - 39:23",
            "label": "Indirect free-kick",
            "position": "2363000",
            "half": "2",
            "confidence": "0.7103222608566284"
        },
        {
            "gameTime": "2 - 28:32",
            "label": "Indirect free-kick",
            "position": "1712000",
            "half": "2",
            "confidence": "0.6712406277656555"
        },
        {
            "gameTime": "2 - 6:43",
            "label": "Indirect free-kick",
            "position": "403500",
            "half": "2",
            "confidence": "0.5628269910812378"
        },
        {
            "gameTime": "2 - 4:13",
            "label": "Indirect free-kick",
            "position": "253500",
            "half": "2",
            "confidence": "0.5213829278945923"
        },
        {
            "gameTime": "2 - 12:37",
            "label": "Direct free-kick",
            "position": "757000",
            "half": "2",
            "confidence": "0.881786584854126"
        },
        {
            "gameTime": "2 - 19:26",
            "label": "Direct free-kick",
            "position": "1166500",
            "half": "2",
            "confidence": "0.8316864967346191"
        },
        {
            "gameTime": "2 - 46:10",
            "label": "Direct free-kick",
            "position": "2770000",
            "half": "2",
            "confidence": "0.6441310048103333"
        },
        {
            "gameTime": "2 - 12:47",
            "label": "Direct free-kick",
            "position": "767000",
            "half": "2",
            "confidence": "0.5411072373390198"
        },
        {
            "gameTime": "2 - 10:18",
            "label": "Corner",
            "position": "618500",
            "half": "2",
            "confidence": "0.9995599389076233"
        },
        {
            "gameTime": "2 - 15:45",
            "label": "Corner",
            "position": "945500",
            "half": "2",
            "confidence": "0.9961735606193542"
        },
        {
            "gameTime": "2 - 10:28",
            "label": "Corner",
            "position": "628500",
            "half": "2",
            "confidence": "0.9960843324661255"
        },
        {
            "gameTime": "2 - 32:1",
            "label": "Corner",
            "position": "1921000",
            "half": "2",
            "confidence": "0.9953558444976807"
        },
        {
            "gameTime": "2 - 41:12",
            "label": "Corner",
            "position": "2472500",
            "half": "2",
            "confidence": "0.9889732003211975"
        },
        {
            "gameTime": "2 - 41:50",
            "label": "Corner",
            "position": "2510000",
            "half": "2",
            "confidence": "0.9848268032073975"
        },
        {
            "gameTime": "2 - 41:22",
            "label": "Corner",
            "position": "2482500",
            "half": "2",
            "confidence": "0.9757023453712463"
        },
        {
            "gameTime": "2 - 41:39",
            "label": "Corner",
            "position": "2499500",
            "half": "2",
            "confidence": "0.9055131673812866"
        },
        {
            "gameTime": "2 - 32:11",
            "label": "Corner",
            "position": "1931000",
            "half": "2",
            "confidence": "0.8992738127708435"
        },
        {
            "gameTime": "2 - 13:41",
            "label": "Corner",
            "position": "821000",
            "half": "2",
            "confidence": "0.858793318271637"
        },
        {
            "gameTime": "2 - 17:56",
            "label": "Corner",
            "position": "1076000",
            "half": "2",
            "confidence": "0.8498507142066956"
        },
        {
            "gameTime": "2 - 42:0",
            "label": "Corner",
            "position": "2520000",
            "half": "2",
            "confidence": "0.82916659116745"
        },
        {
            "gameTime": "2 - 15:35",
            "label": "Corner",
            "position": "935000",
            "half": "2",
            "confidence": "0.780289888381958"
        },
        {
            "gameTime": "2 - 46:11",
            "label": "Corner",
            "position": "2771000",
            "half": "2",
            "confidence": "0.7670837044715881"
        },
        {
            "gameTime": "2 - 7:33",
            "label": "Corner",
            "position": "453500",
            "half": "2",
            "confidence": "0.7500436305999756"
        },
        {
            "gameTime": "2 - 39:29",
            "label": "Corner",
            "position": "2369500",
            "half": "2",
            "confidence": "0.7497413158416748"
        },
        {
            "gameTime": "2 - 7:23",
            "label": "Corner",
            "position": "443000",
            "half": "2",
            "confidence": "0.7422540783882141"
        },
        {
            "gameTime": "2 - 45:8",
            "label": "Corner",
            "position": "2708000",
            "half": "2",
            "confidence": "0.707861065864563"
        },
        {
            "gameTime": "2 - 42:31",
            "label": "Corner",
            "position": "2551000",
            "half": "2",
            "confidence": "0.647730827331543"
        },
        {
            "gameTime": "2 - 20:32",
            "label": "Corner",
            "position": "1232500",
            "half": "2",
            "confidence": "0.6183890104293823"
        },
        {
            "gameTime": "2 - 40:44",
            "label": "Corner",
            "position": "2444500",
            "half": "2",
            "confidence": "0.6007275581359863"
        },
        {
            "gameTime": "2 - 17:45",
            "label": "Corner",
            "position": "1065500",
            "half": "2",
            "confidence": "0.5535797476768494"
        },
        {
            "gameTime": "2 - 31:47",
            "label": "Corner",
            "position": "1907000",
            "half": "2",
            "confidence": "0.5389562249183655"
        },
        {
            "gameTime": "2 - 40:3",
            "label": "Corner",
            "position": "2403500",
            "half": "2",
            "confidence": "0.5367984771728516"
        },
        {
            "gameTime": "2 - 10:8",
            "label": "Corner",
            "position": "608000",
            "half": "2",
            "confidence": "0.5245561599731445"
        },
        {
            "gameTime": "2 - 35:59",
            "label": "Yellow card",
            "position": "2159500",
            "half": "2",
            "confidence": "0.8818033933639526"
        },
        {
            "gameTime": "2 - 35:48",
            "label": "Yellow card",
            "position": "2148500",
            "half": "2",
            "confidence": "0.757766604423523"
        }
    ]
}