{
    "UrlLocal": "france_ligue-1/2016-2017/2017-04-02 - 18-00 Nice 2 - 1 Bordeaux",
    "predictions": [
        {
            "gameTime": "1 - 23:12",
            "label": "card",
            "position": "1392000",
            "half": "1",
            "confidence": "0.9793383479118347"
        },
        {
            "gameTime": "1 - 23:1",
            "label": "card",
            "position": "1381000",
            "half": "1",
            "confidence": "0.9240624308586121"
        },
        {
            "gameTime": "1 - 20:27",
            "label": "card",
            "position": "1227000",
            "half": "1",
            "confidence": "0.5026552081108093"
        },
        {
            "gameTime": "1 - 29:49",
            "label": "subs",
            "position": "1789500",
            "half": "1",
            "confidence": "0.9499558806419373"
        },
        {
            "gameTime": "1 - 46:15",
            "label": "subs",
            "position": "2775500",
            "half": "1",
            "confidence": "0.8232961297035217"
        },
        {
            "gameTime": "1 - 46:5",
            "label": "subs",
            "position": "2765000",
            "half": "1",
            "confidence": "0.5586027503013611"
        },
        {
            "gameTime": "1 - 8:34",
            "label": "soccer",
            "position": "514500",
            "half": "1",
            "confidence": "0.9915896058082581"
        },
        {
            "gameTime": "1 - 26:15",
            "label": "soccer",
            "position": "1575000",
            "half": "1",
            "confidence": "0.7403611540794373"
        },
        {
            "gameTime": "1 - 15:42",
            "label": "soccer",
            "position": "942500",
            "half": "1",
            "confidence": "0.6734020113945007"
        },
        {
            "gameTime": "2 - 25:49",
            "label": "card",
            "position": "1549000",
            "half": "2",
            "confidence": "0.6312553286552429"
        },
        {
            "gameTime": "2 - 25:59",
            "label": "card",
            "position": "1559000",
            "half": "2",
            "confidence": "0.5080276131629944"
        },
        {
            "gameTime": "2 - 25:38",
            "label": "subs",
            "position": "1538500",
            "half": "2",
            "confidence": "0.9935466647148132"
        },
        {
            "gameTime": "2 - 32:15",
            "label": "subs",
            "position": "1935500",
            "half": "2",
            "confidence": "0.9780387282371521"
        },
        {
            "gameTime": "2 - 25:50",
            "label": "subs",
            "position": "1550000",
            "half": "2",
            "confidence": "0.9733690023422241"
        },
        {
            "gameTime": "2 - 32:25",
            "label": "subs",
            "position": "1945500",
            "half": "2",
            "confidence": "0.9689033031463623"
        },
        {
            "gameTime": "2 - 32:36",
            "label": "subs",
            "position": "1956000",
            "half": "2",
            "confidence": "0.8820847868919373"
        },
        {
            "gameTime": "2 - 43:57",
            "label": "subs",
            "position": "2637000",
            "half": "2",
            "confidence": "0.8158955574035645"
        },
        {
            "gameTime": "2 - 43:46",
            "label": "subs",
            "position": "2626500",
            "half": "2",
            "confidence": "0.6764886975288391"
        },
        {
            "gameTime": "2 - 32:46",
            "label": "subs",
            "position": "1966000",
            "half": "2",
            "confidence": "0.6305696964263916"
        }
    ]
}