{
    "UrlLocal": "europe_uefa-champions-league/2015-2016/2015-11-03 - 22-45 Real Madrid 1 - 0 Paris SG",
    "predictions": [
        {
            "gameTime": "1 - 33:46",
            "label": "card",
            "position": "2026000",
            "half": "1",
            "confidence": "0.7305845022201538"
        },
        {
            "gameTime": "1 - 16:34",
            "label": "subs",
            "position": "994500",
            "half": "1",
            "confidence": "0.9426577091217041"
        },
        {
            "gameTime": "1 - 16:19",
            "label": "subs",
            "position": "979000",
            "half": "1",
            "confidence": "0.8827822208404541"
        },
        {
            "gameTime": "1 - 32:10",
            "label": "subs",
            "position": "1930500",
            "half": "1",
            "confidence": "0.859271764755249"
        },
        {
            "gameTime": "1 - 44:25",
            "label": "subs",
            "position": "2665500",
            "half": "1",
            "confidence": "0.7940847277641296"
        },
        {
            "gameTime": "1 - 16:8",
            "label": "subs",
            "position": "968500",
            "half": "1",
            "confidence": "0.646777868270874"
        },
        {
            "gameTime": "1 - 10:26",
            "label": "subs",
            "position": "626500",
            "half": "1",
            "confidence": "0.5812411904335022"
        },
        {
            "gameTime": "1 - 34:35",
            "label": "soccer",
            "position": "2075000",
            "half": "1",
            "confidence": "0.985699474811554"
        },
        {
            "gameTime": "2 - 21:6",
            "label": "card",
            "position": "1266000",
            "half": "2",
            "confidence": "0.9418920278549194"
        },
        {
            "gameTime": "2 - 21:16",
            "label": "card",
            "position": "1276000",
            "half": "2",
            "confidence": "0.7361247539520264"
        },
        {
            "gameTime": "2 - 2:21",
            "label": "card",
            "position": "141500",
            "half": "2",
            "confidence": "0.7271952033042908"
        },
        {
            "gameTime": "2 - 42:44",
            "label": "card",
            "position": "2564000",
            "half": "2",
            "confidence": "0.6364210844039917"
        },
        {
            "gameTime": "2 - 20:55",
            "label": "card",
            "position": "1255500",
            "half": "2",
            "confidence": "0.5891340374946594"
        },
        {
            "gameTime": "2 - 42:54",
            "label": "card",
            "position": "2574500",
            "half": "2",
            "confidence": "0.5805261135101318"
        },
        {
            "gameTime": "2 - 36:6",
            "label": "subs",
            "position": "2166000",
            "half": "2",
            "confidence": "0.9785199761390686"
        },
        {
            "gameTime": "2 - 36:16",
            "label": "subs",
            "position": "2176000",
            "half": "2",
            "confidence": "0.9465226531028748"
        },
        {
            "gameTime": "2 - 29:16",
            "label": "subs",
            "position": "1756000",
            "half": "2",
            "confidence": "0.9162703156471252"
        },
        {
            "gameTime": "2 - 17:22",
            "label": "subs",
            "position": "1042000",
            "half": "2",
            "confidence": "0.9003463387489319"
        },
        {
            "gameTime": "2 - 17:11",
            "label": "subs",
            "position": "1031500",
            "half": "2",
            "confidence": "0.755785346031189"
        },
        {
            "gameTime": "2 - 29:5",
            "label": "subs",
            "position": "1745500",
            "half": "2",
            "confidence": "0.7183635234832764"
        },
        {
            "gameTime": "2 - 35:55",
            "label": "subs",
            "position": "2155500",
            "half": "2",
            "confidence": "0.7046293616294861"
        },
        {
            "gameTime": "2 - 28:53",
            "label": "subs",
            "position": "1733000",
            "half": "2",
            "confidence": "0.642616331577301"
        },
        {
            "gameTime": "2 - 17:0",
            "label": "subs",
            "position": "1020000",
            "half": "2",
            "confidence": "0.5675178170204163"
        }
    ]
}