{
    "UrlLocal": "italy_serie-a/2016-2017/2017-03-05 - 18-00 Cagliari 1 - 5 Internazionale",
    "predictions": [
        {
            "gameTime": "1 - 39:43",
            "label": "Kick-off",
            "position": "2383000",
            "half": "1",
            "confidence": "0.9494121670722961"
        },
        {
            "gameTime": "1 - 41:47",
            "label": "Kick-off",
            "position": "2507000",
            "half": "1",
            "confidence": "0.8764089941978455"
        },
        {
            "gameTime": "1 - 34:8",
            "label": "Kick-off",
            "position": "2048500",
            "half": "1",
            "confidence": "0.8345890641212463"
        },
        {
            "gameTime": "1 - 39:32",
            "label": "Kick-off",
            "position": "2372500",
            "half": "1",
            "confidence": "0.6657580137252808"
        },
        {
            "gameTime": "1 - 33:27",
            "label": "Goal",
            "position": "2007500",
            "half": "1",
            "confidence": "0.9643363952636719"
        },
        {
            "gameTime": "1 - 39:0",
            "label": "Goal",
            "position": "2340000",
            "half": "1",
            "confidence": "0.9602174758911133"
        },
        {
            "gameTime": "1 - 41:22",
            "label": "Goal",
            "position": "2482500",
            "half": "1",
            "confidence": "0.7960870265960693"
        },
        {
            "gameTime": "1 - 42:30",
            "label": "Goal",
            "position": "2550500",
            "half": "1",
            "confidence": "0.7312625646591187"
        },
        {
            "gameTime": "1 - 6:23",
            "label": "Shots on target",
            "position": "383500",
            "half": "1",
            "confidence": "0.8786000609397888"
        },
        {
            "gameTime": "1 - 33:27",
            "label": "Shots on target",
            "position": "2007000",
            "half": "1",
            "confidence": "0.8588827252388"
        },
        {
            "gameTime": "1 - 41:22",
            "label": "Shots on target",
            "position": "2482500",
            "half": "1",
            "confidence": "0.7998260855674744"
        },
        {
            "gameTime": "1 - 39:2",
            "label": "Shots on target",
            "position": "2342000",
            "half": "1",
            "confidence": "0.7613577246665955"
        },
        {
            "gameTime": "1 - 19:53",
            "label": "Shots on target",
            "position": "1193500",
            "half": "1",
            "confidence": "0.6805891394615173"
        },
        {
            "gameTime": "1 - 32:5",
            "label": "Shots on target",
            "position": "1925000",
            "half": "1",
            "confidence": "0.6756872534751892"
        },
        {
            "gameTime": "1 - 24:51",
            "label": "Shots on target",
            "position": "1491500",
            "half": "1",
            "confidence": "0.6560879945755005"
        },
        {
            "gameTime": "1 - 38:51",
            "label": "Shots on target",
            "position": "2331500",
            "half": "1",
            "confidence": "0.6525780558586121"
        },
        {
            "gameTime": "1 - 8:10",
            "label": "Shots on target",
            "position": "490000",
            "half": "1",
            "confidence": "0.6318422555923462"
        },
        {
            "gameTime": "1 - 24:12",
            "label": "Shots on target",
            "position": "1452500",
            "half": "1",
            "confidence": "0.6309949159622192"
        },
        {
            "gameTime": "1 - 42:37",
            "label": "Shots on target",
            "position": "2557000",
            "half": "1",
            "confidence": "0.6076679229736328"
        },
        {
            "gameTime": "1 - 33:16",
            "label": "Shots on target",
            "position": "1996500",
            "half": "1",
            "confidence": "0.6050478219985962"
        },
        {
            "gameTime": "1 - 25:32",
            "label": "Shots on target",
            "position": "1532500",
            "half": "1",
            "confidence": "0.5939468145370483"
        },
        {
            "gameTime": "1 - 41:11",
            "label": "Shots on target",
            "position": "2471500",
            "half": "1",
            "confidence": "0.5832036733627319"
        },
        {
            "gameTime": "1 - 19:41",
            "label": "Shots on target",
            "position": "1181500",
            "half": "1",
            "confidence": "0.5781203508377075"
        },
        {
            "gameTime": "1 - 15:29",
            "label": "Shots on target",
            "position": "929500",
            "half": "1",
            "confidence": "0.5054787397384644"
        },
        {
            "gameTime": "1 - 18:46",
            "label": "Shots off target",
            "position": "1126000",
            "half": "1",
            "confidence": "0.6590309739112854"
        },
        {
            "gameTime": "1 - 7:4",
            "label": "Shots off target",
            "position": "424000",
            "half": "1",
            "confidence": "0.6563760638237"
        },
        {
            "gameTime": "1 - 18:0",
            "label": "Shots off target",
            "position": "1080000",
            "half": "1",
            "confidence": "0.5825417637825012"
        },
        {
            "gameTime": "1 - 16:52",
            "label": "Shots off target",
            "position": "1012500",
            "half": "1",
            "confidence": "0.5372781157493591"
        },
        {
            "gameTime": "1 - 38:48",
            "label": "Shots off target",
            "position": "2328000",
            "half": "1",
            "confidence": "0.5066941380500793"
        },
        {
            "gameTime": "1 - 32:40",
            "label": "Clearance",
            "position": "1960000",
            "half": "1",
            "confidence": "0.9502781629562378"
        },
        {
            "gameTime": "1 - 8:40",
            "label": "Clearance",
            "position": "520000",
            "half": "1",
            "confidence": "0.841269850730896"
        },
        {
            "gameTime": "1 - 20:57",
            "label": "Clearance",
            "position": "1257000",
            "half": "1",
            "confidence": "0.6699060797691345"
        },
        {
            "gameTime": "1 - 26:3",
            "label": "Clearance",
            "position": "1563500",
            "half": "1",
            "confidence": "0.6209269165992737"
        },
        {
            "gameTime": "1 - 32:50",
            "label": "Clearance",
            "position": "1970000",
            "half": "1",
            "confidence": "0.5738388299942017"
        },
        {
            "gameTime": "1 - 9:25",
            "label": "Clearance",
            "position": "565500",
            "half": "1",
            "confidence": "0.5608877539634705"
        },
        {
            "gameTime": "1 - 45:54",
            "label": "Ball out of play",
            "position": "2754000",
            "half": "1",
            "confidence": "0.984760582447052"
        },
        {
            "gameTime": "1 - 44:50",
            "label": "Ball out of play",
            "position": "2690000",
            "half": "1",
            "confidence": "0.948514997959137"
        },
        {
            "gameTime": "1 - 13:11",
            "label": "Ball out of play",
            "position": "791500",
            "half": "1",
            "confidence": "0.9058195352554321"
        },
        {
            "gameTime": "1 - 2:43",
            "label": "Ball out of play",
            "position": "163500",
            "half": "1",
            "confidence": "0.8957916498184204"
        },
        {
            "gameTime": "1 - 28:5",
            "label": "Ball out of play",
            "position": "1685500",
            "half": "1",
            "confidence": "0.8933265805244446"
        },
        {
            "gameTime": "1 - 10:29",
            "label": "Ball out of play",
            "position": "629500",
            "half": "1",
            "confidence": "0.8871321678161621"
        },
        {
            "gameTime": "1 - 40:7",
            "label": "Ball out of play",
            "position": "2407000",
            "half": "1",
            "confidence": "0.8750295042991638"
        },
        {
            "gameTime": "1 - 5:13",
            "label": "Ball out of play",
            "position": "313500",
            "half": "1",
            "confidence": "0.8739305734634399"
        },
        {
            "gameTime": "1 - 28:46",
            "label": "Ball out of play",
            "position": "1726500",
            "half": "1",
            "confidence": "0.8738316297531128"
        },
        {
            "gameTime": "1 - 8:20",
            "label": "Ball out of play",
            "position": "500500",
            "half": "1",
            "confidence": "0.8508138060569763"
        },
        {
            "gameTime": "1 - 28:57",
            "label": "Ball out of play",
            "position": "1737500",
            "half": "1",
            "confidence": "0.8481819033622742"
        },
        {
            "gameTime": "1 - 2:54",
            "label": "Ball out of play",
            "position": "174500",
            "half": "1",
            "confidence": "0.836877167224884"
        },
        {
            "gameTime": "1 - 36:48",
            "label": "Ball out of play",
            "position": "2208500",
            "half": "1",
            "confidence": "0.8367869257926941"
        },
        {
            "gameTime": "1 - 27:55",
            "label": "Ball out of play",
            "position": "1675000",
            "half": "1",
            "confidence": "0.8364698886871338"
        },
        {
            "gameTime": "1 - 42:3",
            "label": "Ball out of play",
            "position": "2523000",
            "half": "1",
            "confidence": "0.8334463834762573"
        },
        {
            "gameTime": "1 - 17:59",
            "label": "Ball out of play",
            "position": "1079500",
            "half": "1",
            "confidence": "0.826482892036438"
        },
        {
            "gameTime": "1 - 9:17",
            "label": "Ball out of play",
            "position": "557500",
            "half": "1",
            "confidence": "0.8224828839302063"
        },
        {
            "gameTime": "1 - 18:44",
            "label": "Ball out of play",
            "position": "1124500",
            "half": "1",
            "confidence": "0.8214070796966553"
        },
        {
            "gameTime": "1 - 19:40",
            "label": "Ball out of play",
            "position": "1180500",
            "half": "1",
            "confidence": "0.8173789381980896"
        },
        {
            "gameTime": "1 - 40:58",
            "label": "Ball out of play",
            "position": "2458500",
            "half": "1",
            "confidence": "0.8058443665504456"
        },
        {
            "gameTime": "1 - 39:53",
            "label": "Ball out of play",
            "position": "2393000",
            "half": "1",
            "confidence": "0.7964804768562317"
        },
        {
            "gameTime": "1 - 27:36",
            "label": "Ball out of play",
            "position": "1656500",
            "half": "1",
            "confidence": "0.7860746383666992"
        },
        {
            "gameTime": "1 - 15:45",
            "label": "Ball out of play",
            "position": "945000",
            "half": "1",
            "confidence": "0.776253879070282"
        },
        {
            "gameTime": "1 - 16:45",
            "label": "Ball out of play",
            "position": "1005500",
            "half": "1",
            "confidence": "0.7692199945449829"
        },
        {
            "gameTime": "1 - 32:27",
            "label": "Ball out of play",
            "position": "1947500",
            "half": "1",
            "confidence": "0.7601028084754944"
        },
        {
            "gameTime": "1 - 28:22",
            "label": "Ball out of play",
            "position": "1702000",
            "half": "1",
            "confidence": "0.7556396126747131"
        },
        {
            "gameTime": "1 - 13:0",
            "label": "Ball out of play",
            "position": "780500",
            "half": "1",
            "confidence": "0.7440683245658875"
        },
        {
            "gameTime": "1 - 15:34",
            "label": "Ball out of play",
            "position": "934500",
            "half": "1",
            "confidence": "0.733034074306488"
        },
        {
            "gameTime": "1 - 6:16",
            "label": "Ball out of play",
            "position": "376500",
            "half": "1",
            "confidence": "0.7284941077232361"
        },
        {
            "gameTime": "1 - 24:28",
            "label": "Ball out of play",
            "position": "1468500",
            "half": "1",
            "confidence": "0.7109227180480957"
        },
        {
            "gameTime": "1 - 20:27",
            "label": "Ball out of play",
            "position": "1227000",
            "half": "1",
            "confidence": "0.703267514705658"
        },
        {
            "gameTime": "1 - 31:36",
            "label": "Ball out of play",
            "position": "1896000",
            "half": "1",
            "confidence": "0.6922290921211243"
        },
        {
            "gameTime": "1 - 19:52",
            "label": "Ball out of play",
            "position": "1192000",
            "half": "1",
            "confidence": "0.6873167157173157"
        },
        {
            "gameTime": "1 - 13:27",
            "label": "Ball out of play",
            "position": "807000",
            "half": "1",
            "confidence": "0.6871439218521118"
        },
        {
            "gameTime": "1 - 20:57",
            "label": "Ball out of play",
            "position": "1257000",
            "half": "1",
            "confidence": "0.6862606406211853"
        },
        {
            "gameTime": "1 - 5:56",
            "label": "Ball out of play",
            "position": "356500",
            "half": "1",
            "confidence": "0.679871141910553"
        },
        {
            "gameTime": "1 - 15:17",
            "label": "Ball out of play",
            "position": "917000",
            "half": "1",
            "confidence": "0.6775131821632385"
        },
        {
            "gameTime": "1 - 25:47",
            "label": "Ball out of play",
            "position": "1547000",
            "half": "1",
            "confidence": "0.6587679982185364"
        },
        {
            "gameTime": "1 - 41:52",
            "label": "Ball out of play",
            "position": "2512000",
            "half": "1",
            "confidence": "0.6586586236953735"
        },
        {
            "gameTime": "1 - 32:16",
            "label": "Ball out of play",
            "position": "1936500",
            "half": "1",
            "confidence": "0.654334545135498"
        },
        {
            "gameTime": "1 - 12:7",
            "label": "Ball out of play",
            "position": "727500",
            "half": "1",
            "confidence": "0.6488952040672302"
        },
        {
            "gameTime": "1 - 38:48",
            "label": "Ball out of play",
            "position": "2328000",
            "half": "1",
            "confidence": "0.6387711763381958"
        },
        {
            "gameTime": "1 - 6:31",
            "label": "Ball out of play",
            "position": "391000",
            "half": "1",
            "confidence": "0.6331756114959717"
        },
        {
            "gameTime": "1 - 8:10",
            "label": "Ball out of play",
            "position": "490000",
            "half": "1",
            "confidence": "0.6241925954818726"
        },
        {
            "gameTime": "1 - 16:55",
            "label": "Ball out of play",
            "position": "1015500",
            "half": "1",
            "confidence": "0.6190082430839539"
        },
        {
            "gameTime": "1 - 11:8",
            "label": "Ball out of play",
            "position": "668000",
            "half": "1",
            "confidence": "0.6022770404815674"
        },
        {
            "gameTime": "1 - 27:26",
            "label": "Ball out of play",
            "position": "1646000",
            "half": "1",
            "confidence": "0.5779687762260437"
        },
        {
            "gameTime": "1 - 31:51",
            "label": "Ball out of play",
            "position": "1911500",
            "half": "1",
            "confidence": "0.5481485724449158"
        },
        {
            "gameTime": "1 - 24:58",
            "label": "Ball out of play",
            "position": "1498000",
            "half": "1",
            "confidence": "0.5409470200538635"
        },
        {
            "gameTime": "1 - 2:30",
            "label": "Ball out of play",
            "position": "150000",
            "half": "1",
            "confidence": "0.5409062504768372"
        },
        {
            "gameTime": "1 - 15:56",
            "label": "Ball out of play",
            "position": "956500",
            "half": "1",
            "confidence": "0.5289259552955627"
        },
        {
            "gameTime": "1 - 42:35",
            "label": "Ball out of play",
            "position": "2555500",
            "half": "1",
            "confidence": "0.5033397078514099"
        },
        {
            "gameTime": "1 - 13:9",
            "label": "Throw-in",
            "position": "789000",
            "half": "1",
            "confidence": "0.9732822775840759"
        },
        {
            "gameTime": "1 - 28:54",
            "label": "Throw-in",
            "position": "1734000",
            "half": "1",
            "confidence": "0.9527847170829773"
        },
        {
            "gameTime": "1 - 23:30",
            "label": "Throw-in",
            "position": "1410500",
            "half": "1",
            "confidence": "0.922213613986969"
        },
        {
            "gameTime": "1 - 45:55",
            "label": "Throw-in",
            "position": "2755000",
            "half": "1",
            "confidence": "0.9118898510932922"
        },
        {
            "gameTime": "1 - 27:49",
            "label": "Throw-in",
            "position": "1669000",
            "half": "1",
            "confidence": "0.8438719511032104"
        },
        {
            "gameTime": "1 - 29:6",
            "label": "Throw-in",
            "position": "1746000",
            "half": "1",
            "confidence": "0.7963609099388123"
        },
        {
            "gameTime": "1 - 12:58",
            "label": "Throw-in",
            "position": "778500",
            "half": "1",
            "confidence": "0.7922203540802002"
        },
        {
            "gameTime": "1 - 2:45",
            "label": "Throw-in",
            "position": "165500",
            "half": "1",
            "confidence": "0.7757613658905029"
        },
        {
            "gameTime": "1 - 39:49",
            "label": "Throw-in",
            "position": "2389000",
            "half": "1",
            "confidence": "0.7501524090766907"
        },
        {
            "gameTime": "1 - 37:14",
            "label": "Throw-in",
            "position": "2234500",
            "half": "1",
            "confidence": "0.7193204760551453"
        },
        {
            "gameTime": "1 - 34:34",
            "label": "Throw-in",
            "position": "2074000",
            "half": "1",
            "confidence": "0.7113038301467896"
        },
        {
            "gameTime": "1 - 5:53",
            "label": "Throw-in",
            "position": "353500",
            "half": "1",
            "confidence": "0.7091385126113892"
        },
        {
            "gameTime": "1 - 6:38",
            "label": "Throw-in",
            "position": "398000",
            "half": "1",
            "confidence": "0.7086654901504517"
        },
        {
            "gameTime": "1 - 24:32",
            "label": "Throw-in",
            "position": "1472500",
            "half": "1",
            "confidence": "0.7056860327720642"
        },
        {
            "gameTime": "1 - 2:32",
            "label": "Throw-in",
            "position": "152500",
            "half": "1",
            "confidence": "0.6987761855125427"
        },
        {
            "gameTime": "1 - 45:44",
            "label": "Throw-in",
            "position": "2744500",
            "half": "1",
            "confidence": "0.6679084897041321"
        },
        {
            "gameTime": "1 - 6:8",
            "label": "Throw-in",
            "position": "368000",
            "half": "1",
            "confidence": "0.6409933567047119"
        },
        {
            "gameTime": "1 - 3:1",
            "label": "Throw-in",
            "position": "181000",
            "half": "1",
            "confidence": "0.6370724439620972"
        },
        {
            "gameTime": "1 - 13:19",
            "label": "Throw-in",
            "position": "799000",
            "half": "1",
            "confidence": "0.6367644667625427"
        },
        {
            "gameTime": "1 - 37:27",
            "label": "Throw-in",
            "position": "2247000",
            "half": "1",
            "confidence": "0.6047290563583374"
        },
        {
            "gameTime": "1 - 13:34",
            "label": "Throw-in",
            "position": "814500",
            "half": "1",
            "confidence": "0.5987597703933716"
        },
        {
            "gameTime": "1 - 11:56",
            "label": "Throw-in",
            "position": "716500",
            "half": "1",
            "confidence": "0.5799958109855652"
        },
        {
            "gameTime": "1 - 12:7",
            "label": "Throw-in",
            "position": "727500",
            "half": "1",
            "confidence": "0.5393098592758179"
        },
        {
            "gameTime": "1 - 2:14",
            "label": "Throw-in",
            "position": "134000",
            "half": "1",
            "confidence": "0.5380793213844299"
        },
        {
            "gameTime": "1 - 20:58",
            "label": "Throw-in",
            "position": "1258000",
            "half": "1",
            "confidence": "0.527935266494751"
        },
        {
            "gameTime": "1 - 28:43",
            "label": "Throw-in",
            "position": "1723500",
            "half": "1",
            "confidence": "0.5238216519355774"
        },
        {
            "gameTime": "1 - 27:36",
            "label": "Throw-in",
            "position": "1656500",
            "half": "1",
            "confidence": "0.523651659488678"
        },
        {
            "gameTime": "1 - 36:50",
            "label": "Throw-in",
            "position": "2210000",
            "half": "1",
            "confidence": "0.5139013528823853"
        },
        {
            "gameTime": "1 - 21:14",
            "label": "Throw-in",
            "position": "1274000",
            "half": "1",
            "confidence": "0.5082560181617737"
        },
        {
            "gameTime": "1 - 30:37",
            "label": "Throw-in",
            "position": "1837000",
            "half": "1",
            "confidence": "0.5063446760177612"
        },
        {
            "gameTime": "1 - 0:35",
            "label": "Foul",
            "position": "35000",
            "half": "1",
            "confidence": "0.915191650390625"
        },
        {
            "gameTime": "1 - 26:56",
            "label": "Foul",
            "position": "1616500",
            "half": "1",
            "confidence": "0.8486788272857666"
        },
        {
            "gameTime": "1 - 2:18",
            "label": "Foul",
            "position": "138000",
            "half": "1",
            "confidence": "0.8428419828414917"
        },
        {
            "gameTime": "1 - 27:18",
            "label": "Foul",
            "position": "1638000",
            "half": "1",
            "confidence": "0.8128102421760559"
        },
        {
            "gameTime": "1 - 37:7",
            "label": "Foul",
            "position": "2227500",
            "half": "1",
            "confidence": "0.6948559284210205"
        },
        {
            "gameTime": "1 - 30:11",
            "label": "Foul",
            "position": "1811500",
            "half": "1",
            "confidence": "0.6613811254501343"
        },
        {
            "gameTime": "1 - 21:56",
            "label": "Foul",
            "position": "1316000",
            "half": "1",
            "confidence": "0.6111355423927307"
        },
        {
            "gameTime": "1 - 21:27",
            "label": "Foul",
            "position": "1287500",
            "half": "1",
            "confidence": "0.5888932347297668"
        },
        {
            "gameTime": "1 - 37:39",
            "label": "Foul",
            "position": "2259000",
            "half": "1",
            "confidence": "0.5751978158950806"
        },
        {
            "gameTime": "1 - 2:28",
            "label": "Foul",
            "position": "148000",
            "half": "1",
            "confidence": "0.5576004385948181"
        },
        {
            "gameTime": "1 - 21:16",
            "label": "Foul",
            "position": "1276000",
            "half": "1",
            "confidence": "0.5436286330223083"
        },
        {
            "gameTime": "1 - 23:9",
            "label": "Foul",
            "position": "1389500",
            "half": "1",
            "confidence": "0.5349282026290894"
        },
        {
            "gameTime": "1 - 32:49",
            "label": "Foul",
            "position": "1969000",
            "half": "1",
            "confidence": "0.5279195308685303"
        },
        {
            "gameTime": "1 - 27:18",
            "label": "Indirect free-kick",
            "position": "1638500",
            "half": "1",
            "confidence": "0.5974725484848022"
        },
        {
            "gameTime": "1 - 26:7",
            "label": "Indirect free-kick",
            "position": "1567500",
            "half": "1",
            "confidence": "0.5923927426338196"
        },
        {
            "gameTime": "1 - 20:47",
            "label": "Indirect free-kick",
            "position": "1247500",
            "half": "1",
            "confidence": "0.5268760323524475"
        },
        {
            "gameTime": "1 - 21:33",
            "label": "Indirect free-kick",
            "position": "1293500",
            "half": "1",
            "confidence": "0.5088937878608704"
        },
        {
            "gameTime": "1 - 40:55",
            "label": "Direct free-kick",
            "position": "2455500",
            "half": "1",
            "confidence": "0.8218642473220825"
        },
        {
            "gameTime": "1 - 38:47",
            "label": "Direct free-kick",
            "position": "2327000",
            "half": "1",
            "confidence": "0.5619977116584778"
        },
        {
            "gameTime": "1 - 18:32",
            "label": "Corner",
            "position": "1112000",
            "half": "1",
            "confidence": "0.9988603591918945"
        },
        {
            "gameTime": "1 - 7:22",
            "label": "Corner",
            "position": "442000",
            "half": "1",
            "confidence": "0.9974216222763062"
        },
        {
            "gameTime": "1 - 18:42",
            "label": "Corner",
            "position": "1122000",
            "half": "1",
            "confidence": "0.9895024299621582"
        },
        {
            "gameTime": "1 - 7:32",
            "label": "Corner",
            "position": "452500",
            "half": "1",
            "confidence": "0.9857527613639832"
        },
        {
            "gameTime": "1 - 42:31",
            "label": "Corner",
            "position": "2551000",
            "half": "1",
            "confidence": "0.9622161388397217"
        },
        {
            "gameTime": "1 - 42:42",
            "label": "Corner",
            "position": "2562000",
            "half": "1",
            "confidence": "0.9545314908027649"
        },
        {
            "gameTime": "1 - 7:11",
            "label": "Corner",
            "position": "431500",
            "half": "1",
            "confidence": "0.9429227709770203"
        },
        {
            "gameTime": "1 - 45:6",
            "label": "Corner",
            "position": "2706500",
            "half": "1",
            "confidence": "0.9321466684341431"
        },
        {
            "gameTime": "1 - 40:56",
            "label": "Corner",
            "position": "2456500",
            "half": "1",
            "confidence": "0.9299229383468628"
        },
        {
            "gameTime": "1 - 15:30",
            "label": "Corner",
            "position": "930000",
            "half": "1",
            "confidence": "0.9200981259346008"
        },
        {
            "gameTime": "1 - 10:57",
            "label": "Corner",
            "position": "657000",
            "half": "1",
            "confidence": "0.8897169232368469"
        },
        {
            "gameTime": "1 - 28:25",
            "label": "Corner",
            "position": "1705000",
            "half": "1",
            "confidence": "0.8302549719810486"
        },
        {
            "gameTime": "1 - 31:58",
            "label": "Corner",
            "position": "1918500",
            "half": "1",
            "confidence": "0.7782601714134216"
        },
        {
            "gameTime": "1 - 16:40",
            "label": "Corner",
            "position": "1000500",
            "half": "1",
            "confidence": "0.7635133266448975"
        },
        {
            "gameTime": "1 - 15:17",
            "label": "Corner",
            "position": "917500",
            "half": "1",
            "confidence": "0.6801438331604004"
        },
        {
            "gameTime": "1 - 28:5",
            "label": "Corner",
            "position": "1685500",
            "half": "1",
            "confidence": "0.6529747247695923"
        },
        {
            "gameTime": "1 - 41:10",
            "label": "Corner",
            "position": "2470000",
            "half": "1",
            "confidence": "0.6509936451911926"
        },
        {
            "gameTime": "1 - 11:7",
            "label": "Corner",
            "position": "667000",
            "half": "1",
            "confidence": "0.609356164932251"
        },
        {
            "gameTime": "1 - 15:42",
            "label": "Corner",
            "position": "942000",
            "half": "1",
            "confidence": "0.6059858798980713"
        },
        {
            "gameTime": "1 - 10:23",
            "label": "Corner",
            "position": "623500",
            "half": "1",
            "confidence": "0.5385963320732117"
        },
        {
            "gameTime": "1 - 16:50",
            "label": "Corner",
            "position": "1010500",
            "half": "1",
            "confidence": "0.5373953580856323"
        },
        {
            "gameTime": "1 - 42:8",
            "label": "Corner",
            "position": "2528500",
            "half": "1",
            "confidence": "0.5205273628234863"
        },
        {
            "gameTime": "2 - 21:15",
            "label": "Penalty",
            "position": "1275500",
            "half": "2",
            "confidence": "0.8822378516197205"
        },
        {
            "gameTime": "2 - 21:3",
            "label": "Penalty",
            "position": "1263000",
            "half": "2",
            "confidence": "0.6496242880821228"
        },
        {
            "gameTime": "2 - 43:38",
            "label": "Kick-off",
            "position": "2618000",
            "half": "2",
            "confidence": "0.9444776773452759"
        },
        {
            "gameTime": "2 - 0:1",
            "label": "Kick-off",
            "position": "1000",
            "half": "2",
            "confidence": "0.902932345867157"
        },
        {
            "gameTime": "2 - 2:0",
            "label": "Kick-off",
            "position": "120500",
            "half": "2",
            "confidence": "0.6748368740081787"
        },
        {
            "gameTime": "2 - 2:12",
            "label": "Kick-off",
            "position": "132500",
            "half": "2",
            "confidence": "0.6639754176139832"
        },
        {
            "gameTime": "2 - 37:9",
            "label": "Kick-off",
            "position": "2229500",
            "half": "2",
            "confidence": "0.6232166290283203"
        },
        {
            "gameTime": "2 - 43:2",
            "label": "Goal",
            "position": "2582500",
            "half": "2",
            "confidence": "0.9707658290863037"
        },
        {
            "gameTime": "2 - 1:26",
            "label": "Goal",
            "position": "86500",
            "half": "2",
            "confidence": "0.9465035200119019"
        },
        {
            "gameTime": "2 - 21:12",
            "label": "Goal",
            "position": "1272000",
            "half": "2",
            "confidence": "0.8850144147872925"
        },
        {
            "gameTime": "2 - 14:21",
            "label": "Goal",
            "position": "861000",
            "half": "2",
            "confidence": "0.5329588055610657"
        },
        {
            "gameTime": "2 - 3:33",
            "label": "Goal",
            "position": "213000",
            "half": "2",
            "confidence": "0.5037734508514404"
        },
        {
            "gameTime": "2 - 30:51",
            "label": "Substitution",
            "position": "1851000",
            "half": "2",
            "confidence": "0.8777442574501038"
        },
        {
            "gameTime": "2 - 16:20",
            "label": "Substitution",
            "position": "980000",
            "half": "2",
            "confidence": "0.8495771288871765"
        },
        {
            "gameTime": "2 - 32:2",
            "label": "Substitution",
            "position": "1922000",
            "half": "2",
            "confidence": "0.7449696063995361"
        },
        {
            "gameTime": "2 - 32:14",
            "label": "Substitution",
            "position": "1934500",
            "half": "2",
            "confidence": "0.7049224376678467"
        },
        {
            "gameTime": "2 - 27:11",
            "label": "Substitution",
            "position": "1631000",
            "half": "2",
            "confidence": "0.6125406622886658"
        },
        {
            "gameTime": "2 - 45:29",
            "label": "Substitution",
            "position": "2729000",
            "half": "2",
            "confidence": "0.6017329692840576"
        },
        {
            "gameTime": "2 - 43:3",
            "label": "Shots on target",
            "position": "2583500",
            "half": "2",
            "confidence": "0.8740284442901611"
        },
        {
            "gameTime": "2 - 1:26",
            "label": "Shots on target",
            "position": "86000",
            "half": "2",
            "confidence": "0.7896556258201599"
        },
        {
            "gameTime": "2 - 21:11",
            "label": "Shots on target",
            "position": "1271500",
            "half": "2",
            "confidence": "0.7684722542762756"
        },
        {
            "gameTime": "2 - 14:25",
            "label": "Shots on target",
            "position": "865000",
            "half": "2",
            "confidence": "0.7352727055549622"
        },
        {
            "gameTime": "2 - 36:39",
            "label": "Shots on target",
            "position": "2199500",
            "half": "2",
            "confidence": "0.7000296115875244"
        },
        {
            "gameTime": "2 - 3:36",
            "label": "Shots on target",
            "position": "216000",
            "half": "2",
            "confidence": "0.6995874643325806"
        },
        {
            "gameTime": "2 - 23:32",
            "label": "Shots on target",
            "position": "1412000",
            "half": "2",
            "confidence": "0.5703108906745911"
        },
        {
            "gameTime": "2 - 14:35",
            "label": "Shots on target",
            "position": "875000",
            "half": "2",
            "confidence": "0.5365104675292969"
        },
        {
            "gameTime": "2 - 33:52",
            "label": "Shots off target",
            "position": "2032000",
            "half": "2",
            "confidence": "0.8165878057479858"
        },
        {
            "gameTime": "2 - 43:8",
            "label": "Shots off target",
            "position": "2588000",
            "half": "2",
            "confidence": "0.7517639994621277"
        },
        {
            "gameTime": "2 - 25:6",
            "label": "Shots off target",
            "position": "1506500",
            "half": "2",
            "confidence": "0.7407066226005554"
        },
        {
            "gameTime": "2 - 14:29",
            "label": "Shots off target",
            "position": "869500",
            "half": "2",
            "confidence": "0.6889747381210327"
        },
        {
            "gameTime": "2 - 3:37",
            "label": "Shots off target",
            "position": "217000",
            "half": "2",
            "confidence": "0.6810433268547058"
        },
        {
            "gameTime": "2 - 36:48",
            "label": "Shots off target",
            "position": "2208500",
            "half": "2",
            "confidence": "0.6738414168357849"
        },
        {
            "gameTime": "2 - 24:52",
            "label": "Shots off target",
            "position": "1492500",
            "half": "2",
            "confidence": "0.606873095035553"
        },
        {
            "gameTime": "2 - 20:25",
            "label": "Shots off target",
            "position": "1225000",
            "half": "2",
            "confidence": "0.548406720161438"
        },
        {
            "gameTime": "2 - 34:8",
            "label": "Clearance",
            "position": "2048500",
            "half": "2",
            "confidence": "0.6450125575065613"
        },
        {
            "gameTime": "2 - 43:44",
            "label": "Clearance",
            "position": "2624000",
            "half": "2",
            "confidence": "0.6153641939163208"
        },
        {
            "gameTime": "2 - 38:51",
            "label": "Clearance",
            "position": "2331500",
            "half": "2",
            "confidence": "0.5501482486724854"
        },
        {
            "gameTime": "2 - 1:56",
            "label": "Clearance",
            "position": "116000",
            "half": "2",
            "confidence": "0.5051888823509216"
        },
        {
            "gameTime": "2 - 30:25",
            "label": "Ball out of play",
            "position": "1825500",
            "half": "2",
            "confidence": "0.9638407826423645"
        },
        {
            "gameTime": "2 - 36:17",
            "label": "Ball out of play",
            "position": "2177500",
            "half": "2",
            "confidence": "0.9482489228248596"
        },
        {
            "gameTime": "2 - 38:27",
            "label": "Ball out of play",
            "position": "2307500",
            "half": "2",
            "confidence": "0.9252122640609741"
        },
        {
            "gameTime": "2 - 36:7",
            "label": "Ball out of play",
            "position": "2167000",
            "half": "2",
            "confidence": "0.9198828935623169"
        },
        {
            "gameTime": "2 - 3:46",
            "label": "Ball out of play",
            "position": "226500",
            "half": "2",
            "confidence": "0.9143386483192444"
        },
        {
            "gameTime": "2 - 19:0",
            "label": "Ball out of play",
            "position": "1140500",
            "half": "2",
            "confidence": "0.8952717781066895"
        },
        {
            "gameTime": "2 - 37:57",
            "label": "Ball out of play",
            "position": "2277500",
            "half": "2",
            "confidence": "0.8909328579902649"
        },
        {
            "gameTime": "2 - 25:7",
            "label": "Ball out of play",
            "position": "1507500",
            "half": "2",
            "confidence": "0.8826155066490173"
        },
        {
            "gameTime": "2 - 25:18",
            "label": "Ball out of play",
            "position": "1518000",
            "half": "2",
            "confidence": "0.8806292414665222"
        },
        {
            "gameTime": "2 - 30:15",
            "label": "Ball out of play",
            "position": "1815000",
            "half": "2",
            "confidence": "0.8771666884422302"
        },
        {
            "gameTime": "2 - 38:37",
            "label": "Ball out of play",
            "position": "2317500",
            "half": "2",
            "confidence": "0.873877227306366"
        },
        {
            "gameTime": "2 - 36:52",
            "label": "Ball out of play",
            "position": "2212500",
            "half": "2",
            "confidence": "0.8660773038864136"
        },
        {
            "gameTime": "2 - 38:7",
            "label": "Ball out of play",
            "position": "2287500",
            "half": "2",
            "confidence": "0.8647297024726868"
        },
        {
            "gameTime": "2 - 5:28",
            "label": "Ball out of play",
            "position": "328500",
            "half": "2",
            "confidence": "0.8642518520355225"
        },
        {
            "gameTime": "2 - 14:33",
            "label": "Ball out of play",
            "position": "873500",
            "half": "2",
            "confidence": "0.8531907200813293"
        },
        {
            "gameTime": "2 - 36:27",
            "label": "Ball out of play",
            "position": "2187500",
            "half": "2",
            "confidence": "0.8482093214988708"
        },
        {
            "gameTime": "2 - 19:11",
            "label": "Ball out of play",
            "position": "1151500",
            "half": "2",
            "confidence": "0.8390510678291321"
        },
        {
            "gameTime": "2 - 19:30",
            "label": "Ball out of play",
            "position": "1170500",
            "half": "2",
            "confidence": "0.8382082581520081"
        },
        {
            "gameTime": "2 - 18:35",
            "label": "Ball out of play",
            "position": "1115500",
            "half": "2",
            "confidence": "0.8273977637290955"
        },
        {
            "gameTime": "2 - 16:10",
            "label": "Ball out of play",
            "position": "970500",
            "half": "2",
            "confidence": "0.8070685267448425"
        },
        {
            "gameTime": "2 - 20:20",
            "label": "Ball out of play",
            "position": "1220000",
            "half": "2",
            "confidence": "0.7966950535774231"
        },
        {
            "gameTime": "2 - 17:0",
            "label": "Ball out of play",
            "position": "1020000",
            "half": "2",
            "confidence": "0.794130802154541"
        },
        {
            "gameTime": "2 - 24:7",
            "label": "Ball out of play",
            "position": "1447000",
            "half": "2",
            "confidence": "0.7903681397438049"
        },
        {
            "gameTime": "2 - 43:47",
            "label": "Ball out of play",
            "position": "2627500",
            "half": "2",
            "confidence": "0.7800348401069641"
        },
        {
            "gameTime": "2 - 33:54",
            "label": "Ball out of play",
            "position": "2034500",
            "half": "2",
            "confidence": "0.7797999382019043"
        },
        {
            "gameTime": "2 - 33:11",
            "label": "Ball out of play",
            "position": "1991500",
            "half": "2",
            "confidence": "0.7773398160934448"
        },
        {
            "gameTime": "2 - 37:45",
            "label": "Ball out of play",
            "position": "2265000",
            "half": "2",
            "confidence": "0.7675729990005493"
        },
        {
            "gameTime": "2 - 37:34",
            "label": "Ball out of play",
            "position": "2254000",
            "half": "2",
            "confidence": "0.7587105631828308"
        },
        {
            "gameTime": "2 - 3:10",
            "label": "Ball out of play",
            "position": "190000",
            "half": "2",
            "confidence": "0.7516680955886841"
        },
        {
            "gameTime": "2 - 44:2",
            "label": "Ball out of play",
            "position": "2642000",
            "half": "2",
            "confidence": "0.7334614992141724"
        },
        {
            "gameTime": "2 - 14:23",
            "label": "Ball out of play",
            "position": "863000",
            "half": "2",
            "confidence": "0.7095350027084351"
        },
        {
            "gameTime": "2 - 33:44",
            "label": "Ball out of play",
            "position": "2024000",
            "half": "2",
            "confidence": "0.6993066668510437"
        },
        {
            "gameTime": "2 - 6:36",
            "label": "Ball out of play",
            "position": "396500",
            "half": "2",
            "confidence": "0.6935384273529053"
        },
        {
            "gameTime": "2 - 19:41",
            "label": "Ball out of play",
            "position": "1181000",
            "half": "2",
            "confidence": "0.6871752738952637"
        },
        {
            "gameTime": "2 - 9:28",
            "label": "Ball out of play",
            "position": "568000",
            "half": "2",
            "confidence": "0.6836400628089905"
        },
        {
            "gameTime": "2 - 17:11",
            "label": "Ball out of play",
            "position": "1031000",
            "half": "2",
            "confidence": "0.673660933971405"
        },
        {
            "gameTime": "2 - 2:57",
            "label": "Ball out of play",
            "position": "177500",
            "half": "2",
            "confidence": "0.6604737639427185"
        },
        {
            "gameTime": "2 - 4:35",
            "label": "Ball out of play",
            "position": "275000",
            "half": "2",
            "confidence": "0.6486465930938721"
        },
        {
            "gameTime": "2 - 10:27",
            "label": "Ball out of play",
            "position": "627500",
            "half": "2",
            "confidence": "0.6333714127540588"
        },
        {
            "gameTime": "2 - 22:35",
            "label": "Ball out of play",
            "position": "1355000",
            "half": "2",
            "confidence": "0.6236145496368408"
        },
        {
            "gameTime": "2 - 19:51",
            "label": "Ball out of play",
            "position": "1191000",
            "half": "2",
            "confidence": "0.6195989847183228"
        },
        {
            "gameTime": "2 - 5:13",
            "label": "Ball out of play",
            "position": "313000",
            "half": "2",
            "confidence": "0.6176750659942627"
        },
        {
            "gameTime": "2 - 16:39",
            "label": "Ball out of play",
            "position": "999500",
            "half": "2",
            "confidence": "0.6100643277168274"
        },
        {
            "gameTime": "2 - 18:9",
            "label": "Ball out of play",
            "position": "1089000",
            "half": "2",
            "confidence": "0.6081018447875977"
        },
        {
            "gameTime": "2 - 24:26",
            "label": "Ball out of play",
            "position": "1466500",
            "half": "2",
            "confidence": "0.6039277911186218"
        },
        {
            "gameTime": "2 - 3:34",
            "label": "Ball out of play",
            "position": "214500",
            "half": "2",
            "confidence": "0.5944705009460449"
        },
        {
            "gameTime": "2 - 4:22",
            "label": "Ball out of play",
            "position": "262000",
            "half": "2",
            "confidence": "0.5868082642555237"
        },
        {
            "gameTime": "2 - 42:57",
            "label": "Ball out of play",
            "position": "2577000",
            "half": "2",
            "confidence": "0.5777398347854614"
        },
        {
            "gameTime": "2 - 16:29",
            "label": "Ball out of play",
            "position": "989000",
            "half": "2",
            "confidence": "0.5695840120315552"
        },
        {
            "gameTime": "2 - 36:41",
            "label": "Ball out of play",
            "position": "2201000",
            "half": "2",
            "confidence": "0.5630987286567688"
        },
        {
            "gameTime": "2 - 13:25",
            "label": "Ball out of play",
            "position": "805000",
            "half": "2",
            "confidence": "0.5605886578559875"
        },
        {
            "gameTime": "2 - 23:35",
            "label": "Ball out of play",
            "position": "1415500",
            "half": "2",
            "confidence": "0.5495908260345459"
        },
        {
            "gameTime": "2 - 41:12",
            "label": "Ball out of play",
            "position": "2472500",
            "half": "2",
            "confidence": "0.5428267121315002"
        },
        {
            "gameTime": "2 - 21:50",
            "label": "Ball out of play",
            "position": "1310000",
            "half": "2",
            "confidence": "0.5311346650123596"
        },
        {
            "gameTime": "2 - 12:30",
            "label": "Ball out of play",
            "position": "750500",
            "half": "2",
            "confidence": "0.5269148945808411"
        },
        {
            "gameTime": "2 - 1:16",
            "label": "Ball out of play",
            "position": "76500",
            "half": "2",
            "confidence": "0.5251317024230957"
        },
        {
            "gameTime": "2 - 10:17",
            "label": "Ball out of play",
            "position": "617000",
            "half": "2",
            "confidence": "0.5218870639801025"
        },
        {
            "gameTime": "2 - 17:27",
            "label": "Ball out of play",
            "position": "1047000",
            "half": "2",
            "confidence": "0.5197715759277344"
        },
        {
            "gameTime": "2 - 22:23",
            "label": "Ball out of play",
            "position": "1343500",
            "half": "2",
            "confidence": "0.5001147389411926"
        },
        {
            "gameTime": "2 - 22:30",
            "label": "Throw-in",
            "position": "1350500",
            "half": "2",
            "confidence": "0.9752276539802551"
        },
        {
            "gameTime": "2 - 19:44",
            "label": "Throw-in",
            "position": "1184000",
            "half": "2",
            "confidence": "0.9718902111053467"
        },
        {
            "gameTime": "2 - 37:54",
            "label": "Throw-in",
            "position": "2274000",
            "half": "2",
            "confidence": "0.9651211500167847"
        },
        {
            "gameTime": "2 - 38:4",
            "label": "Throw-in",
            "position": "2284000",
            "half": "2",
            "confidence": "0.956476628780365"
        },
        {
            "gameTime": "2 - 22:42",
            "label": "Throw-in",
            "position": "1362500",
            "half": "2",
            "confidence": "0.9561645984649658"
        },
        {
            "gameTime": "2 - 16:36",
            "label": "Throw-in",
            "position": "996000",
            "half": "2",
            "confidence": "0.9144596457481384"
        },
        {
            "gameTime": "2 - 22:20",
            "label": "Throw-in",
            "position": "1340000",
            "half": "2",
            "confidence": "0.8771324753761292"
        },
        {
            "gameTime": "2 - 37:43",
            "label": "Throw-in",
            "position": "2263500",
            "half": "2",
            "confidence": "0.8701862692832947"
        },
        {
            "gameTime": "2 - 38:27",
            "label": "Throw-in",
            "position": "2307500",
            "half": "2",
            "confidence": "0.856908917427063"
        },
        {
            "gameTime": "2 - 38:14",
            "label": "Throw-in",
            "position": "2294500",
            "half": "2",
            "confidence": "0.8519210815429688"
        },
        {
            "gameTime": "2 - 18:9",
            "label": "Throw-in",
            "position": "1089500",
            "half": "2",
            "confidence": "0.851470410823822"
        },
        {
            "gameTime": "2 - 35:30",
            "label": "Throw-in",
            "position": "2130000",
            "half": "2",
            "confidence": "0.8414521217346191"
        },
        {
            "gameTime": "2 - 33:24",
            "label": "Throw-in",
            "position": "2004500",
            "half": "2",
            "confidence": "0.8312132954597473"
        },
        {
            "gameTime": "2 - 19:33",
            "label": "Throw-in",
            "position": "1173500",
            "half": "2",
            "confidence": "0.8288460373878479"
        },
        {
            "gameTime": "2 - 2:25",
            "label": "Throw-in",
            "position": "145000",
            "half": "2",
            "confidence": "0.8208964467048645"
        },
        {
            "gameTime": "2 - 33:10",
            "label": "Throw-in",
            "position": "1990500",
            "half": "2",
            "confidence": "0.8167913556098938"
        },
        {
            "gameTime": "2 - 16:52",
            "label": "Throw-in",
            "position": "1012000",
            "half": "2",
            "confidence": "0.8017171025276184"
        },
        {
            "gameTime": "2 - 5:18",
            "label": "Throw-in",
            "position": "318000",
            "half": "2",
            "confidence": "0.8015143871307373"
        },
        {
            "gameTime": "2 - 18:21",
            "label": "Throw-in",
            "position": "1101500",
            "half": "2",
            "confidence": "0.7953302264213562"
        },
        {
            "gameTime": "2 - 38:37",
            "label": "Throw-in",
            "position": "2317500",
            "half": "2",
            "confidence": "0.7867720723152161"
        },
        {
            "gameTime": "2 - 12:22",
            "label": "Throw-in",
            "position": "742000",
            "half": "2",
            "confidence": "0.7845256328582764"
        },
        {
            "gameTime": "2 - 32:32",
            "label": "Throw-in",
            "position": "1952500",
            "half": "2",
            "confidence": "0.778091549873352"
        },
        {
            "gameTime": "2 - 22:9",
            "label": "Throw-in",
            "position": "1329000",
            "half": "2",
            "confidence": "0.7647448182106018"
        },
        {
            "gameTime": "2 - 41:11",
            "label": "Throw-in",
            "position": "2471500",
            "half": "2",
            "confidence": "0.7337227463722229"
        },
        {
            "gameTime": "2 - 16:10",
            "label": "Throw-in",
            "position": "970500",
            "half": "2",
            "confidence": "0.69148850440979"
        },
        {
            "gameTime": "2 - 2:57",
            "label": "Throw-in",
            "position": "177000",
            "half": "2",
            "confidence": "0.6714756488800049"
        },
        {
            "gameTime": "2 - 5:28",
            "label": "Throw-in",
            "position": "328500",
            "half": "2",
            "confidence": "0.6649581789970398"
        },
        {
            "gameTime": "2 - 37:33",
            "label": "Throw-in",
            "position": "2253000",
            "half": "2",
            "confidence": "0.6636894345283508"
        },
        {
            "gameTime": "2 - 41:21",
            "label": "Throw-in",
            "position": "2481500",
            "half": "2",
            "confidence": "0.6597253084182739"
        },
        {
            "gameTime": "2 - 16:25",
            "label": "Throw-in",
            "position": "985500",
            "half": "2",
            "confidence": "0.6490843892097473"
        },
        {
            "gameTime": "2 - 21:52",
            "label": "Throw-in",
            "position": "1312500",
            "half": "2",
            "confidence": "0.6429513692855835"
        },
        {
            "gameTime": "2 - 0:45",
            "label": "Throw-in",
            "position": "45500",
            "half": "2",
            "confidence": "0.6350118517875671"
        },
        {
            "gameTime": "2 - 2:14",
            "label": "Throw-in",
            "position": "134500",
            "half": "2",
            "confidence": "0.6145524978637695"
        },
        {
            "gameTime": "2 - 10:26",
            "label": "Throw-in",
            "position": "626500",
            "half": "2",
            "confidence": "0.6046751737594604"
        },
        {
            "gameTime": "2 - 34:49",
            "label": "Throw-in",
            "position": "2089000",
            "half": "2",
            "confidence": "0.5965073108673096"
        },
        {
            "gameTime": "2 - 44:18",
            "label": "Throw-in",
            "position": "2658500",
            "half": "2",
            "confidence": "0.5923488736152649"
        },
        {
            "gameTime": "2 - 43:47",
            "label": "Throw-in",
            "position": "2627500",
            "half": "2",
            "confidence": "0.5812831521034241"
        },
        {
            "gameTime": "2 - 28:57",
            "label": "Throw-in",
            "position": "1737500",
            "half": "2",
            "confidence": "0.5646163821220398"
        },
        {
            "gameTime": "2 - 3:10",
            "label": "Throw-in",
            "position": "190000",
            "half": "2",
            "confidence": "0.5595435500144958"
        },
        {
            "gameTime": "2 - 35:59",
            "label": "Throw-in",
            "position": "2159000",
            "half": "2",
            "confidence": "0.5479323863983154"
        },
        {
            "gameTime": "2 - 39:54",
            "label": "Throw-in",
            "position": "2394500",
            "half": "2",
            "confidence": "0.5364461541175842"
        },
        {
            "gameTime": "2 - 8:54",
            "label": "Throw-in",
            "position": "534500",
            "half": "2",
            "confidence": "0.5313725471496582"
        },
        {
            "gameTime": "2 - 44:59",
            "label": "Throw-in",
            "position": "2699000",
            "half": "2",
            "confidence": "0.5249782800674438"
        },
        {
            "gameTime": "2 - 24:32",
            "label": "Throw-in",
            "position": "1472000",
            "half": "2",
            "confidence": "0.5205471515655518"
        },
        {
            "gameTime": "2 - 13:18",
            "label": "Throw-in",
            "position": "798500",
            "half": "2",
            "confidence": "0.5115810632705688"
        },
        {
            "gameTime": "2 - 41:45",
            "label": "Foul",
            "position": "2505500",
            "half": "2",
            "confidence": "0.8212323784828186"
        },
        {
            "gameTime": "2 - 26:39",
            "label": "Foul",
            "position": "1599000",
            "half": "2",
            "confidence": "0.8023750185966492"
        },
        {
            "gameTime": "2 - 35:22",
            "label": "Foul",
            "position": "2122000",
            "half": "2",
            "confidence": "0.7907994985580444"
        },
        {
            "gameTime": "2 - 27:17",
            "label": "Foul",
            "position": "1637000",
            "half": "2",
            "confidence": "0.7423728108406067"
        },
        {
            "gameTime": "2 - 40:45",
            "label": "Foul",
            "position": "2445500",
            "half": "2",
            "confidence": "0.672461986541748"
        },
        {
            "gameTime": "2 - 27:58",
            "label": "Foul",
            "position": "1678000",
            "half": "2",
            "confidence": "0.6544221043586731"
        },
        {
            "gameTime": "2 - 34:14",
            "label": "Foul",
            "position": "2054000",
            "half": "2",
            "confidence": "0.6260405778884888"
        },
        {
            "gameTime": "2 - 34:32",
            "label": "Foul",
            "position": "2072000",
            "half": "2",
            "confidence": "0.589084267616272"
        },
        {
            "gameTime": "2 - 7:2",
            "label": "Foul",
            "position": "422500",
            "half": "2",
            "confidence": "0.586111307144165"
        },
        {
            "gameTime": "2 - 41:34",
            "label": "Foul",
            "position": "2494000",
            "half": "2",
            "confidence": "0.5211604833602905"
        },
        {
            "gameTime": "2 - 31:24",
            "label": "Foul",
            "position": "1884500",
            "half": "2",
            "confidence": "0.5195468068122864"
        },
        {
            "gameTime": "2 - 2:2",
            "label": "Foul",
            "position": "122500",
            "half": "2",
            "confidence": "0.5016738176345825"
        },
        {
            "gameTime": "2 - 7:22",
            "label": "Indirect free-kick",
            "position": "442000",
            "half": "2",
            "confidence": "0.6152260899543762"
        },
        {
            "gameTime": "2 - 31:25",
            "label": "Indirect free-kick",
            "position": "1885500",
            "half": "2",
            "confidence": "0.5309892892837524"
        },
        {
            "gameTime": "2 - 31:2",
            "label": "Corner",
            "position": "1862000",
            "half": "2",
            "confidence": "0.988504946231842"
        },
        {
            "gameTime": "2 - 31:15",
            "label": "Corner",
            "position": "1875000",
            "half": "2",
            "confidence": "0.9581688046455383"
        },
        {
            "gameTime": "2 - 3:56",
            "label": "Corner",
            "position": "236000",
            "half": "2",
            "confidence": "0.9319872856140137"
        },
        {
            "gameTime": "2 - 17:20",
            "label": "Corner",
            "position": "1040000",
            "half": "2",
            "confidence": "0.9210209250450134"
        },
        {
            "gameTime": "2 - 23:52",
            "label": "Corner",
            "position": "1432000",
            "half": "2",
            "confidence": "0.8635008931159973"
        },
        {
            "gameTime": "2 - 17:30",
            "label": "Corner",
            "position": "1050000",
            "half": "2",
            "confidence": "0.8493960499763489"
        },
        {
            "gameTime": "2 - 14:50",
            "label": "Corner",
            "position": "890500",
            "half": "2",
            "confidence": "0.8212131857872009"
        },
        {
            "gameTime": "2 - 19:13",
            "label": "Corner",
            "position": "1153000",
            "half": "2",
            "confidence": "0.817084014415741"
        },
        {
            "gameTime": "2 - 30:26",
            "label": "Corner",
            "position": "1826000",
            "half": "2",
            "confidence": "0.7572272419929504"
        },
        {
            "gameTime": "2 - 3:45",
            "label": "Corner",
            "position": "225000",
            "half": "2",
            "confidence": "0.7117458581924438"
        },
        {
            "gameTime": "2 - 15:2",
            "label": "Corner",
            "position": "902000",
            "half": "2",
            "confidence": "0.5512596368789673"
        }
    ]
}