{
    "UrlLocal": "spain_laliga/2014-2015/2015-04-25 - 17-00 Espanyol 0 - 2 Barcelona",
    "predictions": [
        {
            "gameTime": "1 - 18:28",
            "label": "subs",
            "position": "1108000",
            "half": "1",
            "confidence": "0.7986676096916199"
        },
        {
            "gameTime": "1 - 17:50",
            "label": "subs",
            "position": "1070500",
            "half": "1",
            "confidence": "0.6410714387893677"
        },
        {
            "gameTime": "1 - 24:41",
            "label": "soccer",
            "position": "1481000",
            "half": "1",
            "confidence": "0.9004890322685242"
        },
        {
            "gameTime": "1 - 16:35",
            "label": "soccer",
            "position": "995000",
            "half": "1",
            "confidence": "0.6690825819969177"
        },
        {
            "gameTime": "2 - 27:2",
            "label": "card",
            "position": "1622500",
            "half": "2",
            "confidence": "0.8053911328315735"
        },
        {
            "gameTime": "2 - 26:51",
            "label": "card",
            "position": "1611000",
            "half": "2",
            "confidence": "0.714174747467041"
        },
        {
            "gameTime": "2 - 19:21",
            "label": "subs",
            "position": "1161000",
            "half": "2",
            "confidence": "0.8636205196380615"
        },
        {
            "gameTime": "2 - 6:42",
            "label": "subs",
            "position": "402500",
            "half": "2",
            "confidence": "0.8003395199775696"
        },
        {
            "gameTime": "2 - 28:37",
            "label": "subs",
            "position": "1717000",
            "half": "2",
            "confidence": "0.7238966822624207"
        },
        {
            "gameTime": "2 - 29:17",
            "label": "soccer",
            "position": "1757000",
            "half": "2",
            "confidence": "0.7914098501205444"
        },
        {
            "gameTime": "2 - 3:1",
            "label": "soccer",
            "position": "181500",
            "half": "2",
            "confidence": "0.7772389650344849"
        },
        {
            "gameTime": "2 - 33:17",
            "label": "soccer",
            "position": "1997000",
            "half": "2",
            "confidence": "0.5250464081764221"
        }
    ]
}