{
    "UrlLocal": "france_ligue-1/2016-2017/2016-12-11 - 18-00 Paris SG 2 - 2 Nice",
    "predictions": [
        {
            "gameTime": "1 - 40:15",
            "label": "card",
            "position": "2415000",
            "half": "1",
            "confidence": "0.8288909196853638"
        },
        {
            "gameTime": "1 - 10:38",
            "label": "card",
            "position": "638500",
            "half": "1",
            "confidence": "0.7980241775512695"
        },
        {
            "gameTime": "1 - 10:28",
            "label": "card",
            "position": "628000",
            "half": "1",
            "confidence": "0.6331822276115417"
        },
        {
            "gameTime": "1 - 40:25",
            "label": "card",
            "position": "2425000",
            "half": "1",
            "confidence": "0.6199020147323608"
        },
        {
            "gameTime": "1 - 48:55",
            "label": "subs",
            "position": "2935000",
            "half": "1",
            "confidence": "0.6029022336006165"
        },
        {
            "gameTime": "1 - 48:44",
            "label": "subs",
            "position": "2924500",
            "half": "1",
            "confidence": "0.5754113793373108"
        },
        {
            "gameTime": "1 - 31:32",
            "label": "soccer",
            "position": "1892000",
            "half": "1",
            "confidence": "0.9848640561103821"
        },
        {
            "gameTime": "1 - 47:34",
            "label": "soccer",
            "position": "2854000",
            "half": "1",
            "confidence": "0.9309217929840088"
        },
        {
            "gameTime": "1 - 47:23",
            "label": "soccer",
            "position": "2843500",
            "half": "1",
            "confidence": "0.5245327353477478"
        },
        {
            "gameTime": "1 - 25:46",
            "label": "soccer",
            "position": "1546000",
            "half": "1",
            "confidence": "0.5056809186935425"
        },
        {
            "gameTime": "2 - 31:40",
            "label": "card",
            "position": "1900000",
            "half": "2",
            "confidence": "0.9821987748146057"
        },
        {
            "gameTime": "2 - 31:29",
            "label": "card",
            "position": "1889500",
            "half": "2",
            "confidence": "0.9632520079612732"
        },
        {
            "gameTime": "2 - 37:39",
            "label": "card",
            "position": "2259500",
            "half": "2",
            "confidence": "0.7043281197547913"
        },
        {
            "gameTime": "2 - 37:29",
            "label": "card",
            "position": "2249000",
            "half": "2",
            "confidence": "0.5850104093551636"
        },
        {
            "gameTime": "2 - 44:15",
            "label": "subs",
            "position": "2655500",
            "half": "2",
            "confidence": "0.9601337313652039"
        },
        {
            "gameTime": "2 - 29:14",
            "label": "subs",
            "position": "1754500",
            "half": "2",
            "confidence": "0.9539831876754761"
        },
        {
            "gameTime": "2 - 36:55",
            "label": "subs",
            "position": "2215000",
            "half": "2",
            "confidence": "0.9383463263511658"
        },
        {
            "gameTime": "2 - 44:25",
            "label": "subs",
            "position": "2665500",
            "half": "2",
            "confidence": "0.9182589650154114"
        },
        {
            "gameTime": "2 - 29:28",
            "label": "subs",
            "position": "1768500",
            "half": "2",
            "confidence": "0.8723543286323547"
        },
        {
            "gameTime": "2 - 46:36",
            "label": "subs",
            "position": "2796500",
            "half": "2",
            "confidence": "0.8496297597885132"
        },
        {
            "gameTime": "2 - 29:40",
            "label": "subs",
            "position": "1780500",
            "half": "2",
            "confidence": "0.7049077153205872"
        },
        {
            "gameTime": "2 - 44:5",
            "label": "subs",
            "position": "2645000",
            "half": "2",
            "confidence": "0.6721143126487732"
        },
        {
            "gameTime": "2 - 46:26",
            "label": "subs",
            "position": "2786000",
            "half": "2",
            "confidence": "0.5529940128326416"
        },
        {
            "gameTime": "2 - 49:8",
            "label": "subs",
            "position": "2948000",
            "half": "2",
            "confidence": "0.5483199954032898"
        },
        {
            "gameTime": "2 - 0:59",
            "label": "soccer",
            "position": "59000",
            "half": "2",
            "confidence": "0.9908265471458435"
        },
        {
            "gameTime": "2 - 0:48",
            "label": "soccer",
            "position": "48500",
            "half": "2",
            "confidence": "0.8314386010169983"
        },
        {
            "gameTime": "2 - 14:8",
            "label": "soccer",
            "position": "848500",
            "half": "2",
            "confidence": "0.7613563537597656"
        }
    ]
}