{
    "UrlLocal": "germany_bundesliga/2016-2017/2017-05-13 - 18-00 Leipzig 4 - 5 Bayern",
    "predictions": [
        {
            "gameTime": "1 - 28:58",
            "label": "Kick-off",
            "position": "1738500",
            "half": "1",
            "confidence": "0.9514132738113403"
        },
        {
            "gameTime": "1 - 0:1",
            "label": "Kick-off",
            "position": "1500",
            "half": "1",
            "confidence": "0.899859607219696"
        },
        {
            "gameTime": "1 - 0:11",
            "label": "Kick-off",
            "position": "11500",
            "half": "1",
            "confidence": "0.8345293998718262"
        },
        {
            "gameTime": "1 - 16:49",
            "label": "Kick-off",
            "position": "1009500",
            "half": "1",
            "confidence": "0.7934434413909912"
        },
        {
            "gameTime": "1 - 46:9",
            "label": "Kick-off",
            "position": "2769000",
            "half": "1",
            "confidence": "0.7241583466529846"
        },
        {
            "gameTime": "1 - 45:58",
            "label": "Kick-off",
            "position": "2758500",
            "half": "1",
            "confidence": "0.6081616878509521"
        },
        {
            "gameTime": "1 - 1:54",
            "label": "Kick-off",
            "position": "114500",
            "half": "1",
            "confidence": "0.5563799142837524"
        },
        {
            "gameTime": "1 - 1:12",
            "label": "Goal",
            "position": "72000",
            "half": "1",
            "confidence": "0.8494627475738525"
        },
        {
            "gameTime": "1 - 28:24",
            "label": "Goal",
            "position": "1704000",
            "half": "1",
            "confidence": "0.7634507417678833"
        },
        {
            "gameTime": "1 - 3:37",
            "label": "Goal",
            "position": "217000",
            "half": "1",
            "confidence": "0.6270266771316528"
        },
        {
            "gameTime": "1 - 2:0",
            "label": "Substitution",
            "position": "120500",
            "half": "1",
            "confidence": "0.7120837569236755"
        },
        {
            "gameTime": "1 - 43:20",
            "label": "Substitution",
            "position": "2600500",
            "half": "1",
            "confidence": "0.6053442358970642"
        },
        {
            "gameTime": "1 - 27:25",
            "label": "Shots on target",
            "position": "1645500",
            "half": "1",
            "confidence": "0.7514387369155884"
        },
        {
            "gameTime": "1 - 3:49",
            "label": "Shots on target",
            "position": "229500",
            "half": "1",
            "confidence": "0.7199378609657288"
        },
        {
            "gameTime": "1 - 5:9",
            "label": "Shots on target",
            "position": "309500",
            "half": "1",
            "confidence": "0.6939823031425476"
        },
        {
            "gameTime": "1 - 13:9",
            "label": "Shots on target",
            "position": "789000",
            "half": "1",
            "confidence": "0.5637916922569275"
        },
        {
            "gameTime": "1 - 2:23",
            "label": "Shots on target",
            "position": "143500",
            "half": "1",
            "confidence": "0.5634511709213257"
        },
        {
            "gameTime": "1 - 22:15",
            "label": "Shots on target",
            "position": "1335000",
            "half": "1",
            "confidence": "0.5394554138183594"
        },
        {
            "gameTime": "1 - 3:37",
            "label": "Shots on target",
            "position": "217000",
            "half": "1",
            "confidence": "0.5107380151748657"
        },
        {
            "gameTime": "1 - 30:9",
            "label": "Shots on target",
            "position": "1809500",
            "half": "1",
            "confidence": "0.5084961652755737"
        },
        {
            "gameTime": "1 - 12:6",
            "label": "Shots off target",
            "position": "726000",
            "half": "1",
            "confidence": "0.7903029918670654"
        },
        {
            "gameTime": "1 - 26:31",
            "label": "Shots off target",
            "position": "1591000",
            "half": "1",
            "confidence": "0.7032977938652039"
        },
        {
            "gameTime": "1 - 12:16",
            "label": "Shots off target",
            "position": "736000",
            "half": "1",
            "confidence": "0.632491409778595"
        },
        {
            "gameTime": "1 - 32:13",
            "label": "Shots off target",
            "position": "1933000",
            "half": "1",
            "confidence": "0.5723501443862915"
        },
        {
            "gameTime": "1 - 20:46",
            "label": "Shots off target",
            "position": "1246000",
            "half": "1",
            "confidence": "0.5612235069274902"
        },
        {
            "gameTime": "1 - 3:44",
            "label": "Shots off target",
            "position": "224500",
            "half": "1",
            "confidence": "0.5460164546966553"
        },
        {
            "gameTime": "1 - 6:55",
            "label": "Shots off target",
            "position": "415000",
            "half": "1",
            "confidence": "0.5248432755470276"
        },
        {
            "gameTime": "1 - 32:24",
            "label": "Shots off target",
            "position": "1944000",
            "half": "1",
            "confidence": "0.5142883658409119"
        },
        {
            "gameTime": "1 - 45:47",
            "label": "Clearance",
            "position": "2747000",
            "half": "1",
            "confidence": "0.9392850995063782"
        },
        {
            "gameTime": "1 - 24:16",
            "label": "Clearance",
            "position": "1456500",
            "half": "1",
            "confidence": "0.8269349336624146"
        },
        {
            "gameTime": "1 - 26:53",
            "label": "Clearance",
            "position": "1613500",
            "half": "1",
            "confidence": "0.7908362150192261"
        },
        {
            "gameTime": "1 - 44:50",
            "label": "Clearance",
            "position": "2690500",
            "half": "1",
            "confidence": "0.783292293548584"
        },
        {
            "gameTime": "1 - 0:7",
            "label": "Clearance",
            "position": "7500",
            "half": "1",
            "confidence": "0.7349486351013184"
        },
        {
            "gameTime": "1 - 32:42",
            "label": "Clearance",
            "position": "1962000",
            "half": "1",
            "confidence": "0.7265416979789734"
        },
        {
            "gameTime": "1 - 45:58",
            "label": "Clearance",
            "position": "2758500",
            "half": "1",
            "confidence": "0.7084187269210815"
        },
        {
            "gameTime": "1 - 12:25",
            "label": "Clearance",
            "position": "745500",
            "half": "1",
            "confidence": "0.6608259677886963"
        },
        {
            "gameTime": "1 - 28:59",
            "label": "Clearance",
            "position": "1739000",
            "half": "1",
            "confidence": "0.580866277217865"
        },
        {
            "gameTime": "1 - 46:9",
            "label": "Clearance",
            "position": "2769000",
            "half": "1",
            "confidence": "0.5395075082778931"
        },
        {
            "gameTime": "1 - 1:36",
            "label": "Clearance",
            "position": "96000",
            "half": "1",
            "confidence": "0.5233277678489685"
        },
        {
            "gameTime": "1 - 22:35",
            "label": "Clearance",
            "position": "1355000",
            "half": "1",
            "confidence": "0.5077052712440491"
        },
        {
            "gameTime": "1 - 14:30",
            "label": "Ball out of play",
            "position": "870500",
            "half": "1",
            "confidence": "0.9334059357643127"
        },
        {
            "gameTime": "1 - 44:17",
            "label": "Ball out of play",
            "position": "2657500",
            "half": "1",
            "confidence": "0.8915590643882751"
        },
        {
            "gameTime": "1 - 41:31",
            "label": "Ball out of play",
            "position": "2491500",
            "half": "1",
            "confidence": "0.8903732299804688"
        },
        {
            "gameTime": "1 - 4:41",
            "label": "Ball out of play",
            "position": "281000",
            "half": "1",
            "confidence": "0.875950276851654"
        },
        {
            "gameTime": "1 - 32:18",
            "label": "Ball out of play",
            "position": "1938000",
            "half": "1",
            "confidence": "0.8728010654449463"
        },
        {
            "gameTime": "1 - 14:40",
            "label": "Ball out of play",
            "position": "880500",
            "half": "1",
            "confidence": "0.8671345710754395"
        },
        {
            "gameTime": "1 - 3:41",
            "label": "Ball out of play",
            "position": "221500",
            "half": "1",
            "confidence": "0.8633825182914734"
        },
        {
            "gameTime": "1 - 41:43",
            "label": "Ball out of play",
            "position": "2503000",
            "half": "1",
            "confidence": "0.8517422080039978"
        },
        {
            "gameTime": "1 - 26:33",
            "label": "Ball out of play",
            "position": "1593500",
            "half": "1",
            "confidence": "0.8511837124824524"
        },
        {
            "gameTime": "1 - 23:6",
            "label": "Ball out of play",
            "position": "1386500",
            "half": "1",
            "confidence": "0.8460925221443176"
        },
        {
            "gameTime": "1 - 4:51",
            "label": "Ball out of play",
            "position": "291000",
            "half": "1",
            "confidence": "0.8343100547790527"
        },
        {
            "gameTime": "1 - 36:7",
            "label": "Ball out of play",
            "position": "2167500",
            "half": "1",
            "confidence": "0.8269203901290894"
        },
        {
            "gameTime": "1 - 20:48",
            "label": "Ball out of play",
            "position": "1248500",
            "half": "1",
            "confidence": "0.8241608142852783"
        },
        {
            "gameTime": "1 - 44:28",
            "label": "Ball out of play",
            "position": "2668000",
            "half": "1",
            "confidence": "0.8234534859657288"
        },
        {
            "gameTime": "1 - 45:21",
            "label": "Ball out of play",
            "position": "2721000",
            "half": "1",
            "confidence": "0.807880699634552"
        },
        {
            "gameTime": "1 - 21:0",
            "label": "Ball out of play",
            "position": "1260500",
            "half": "1",
            "confidence": "0.8022926449775696"
        },
        {
            "gameTime": "1 - 45:32",
            "label": "Ball out of play",
            "position": "2732000",
            "half": "1",
            "confidence": "0.7777926325798035"
        },
        {
            "gameTime": "1 - 31:35",
            "label": "Ball out of play",
            "position": "1895500",
            "half": "1",
            "confidence": "0.7647615671157837"
        },
        {
            "gameTime": "1 - 34:54",
            "label": "Ball out of play",
            "position": "2094000",
            "half": "1",
            "confidence": "0.7278040647506714"
        },
        {
            "gameTime": "1 - 12:5",
            "label": "Ball out of play",
            "position": "725500",
            "half": "1",
            "confidence": "0.7274618744850159"
        },
        {
            "gameTime": "1 - 23:16",
            "label": "Ball out of play",
            "position": "1396500",
            "half": "1",
            "confidence": "0.7177107930183411"
        },
        {
            "gameTime": "1 - 5:49",
            "label": "Ball out of play",
            "position": "349000",
            "half": "1",
            "confidence": "0.7169629335403442"
        },
        {
            "gameTime": "1 - 3:53",
            "label": "Ball out of play",
            "position": "233000",
            "half": "1",
            "confidence": "0.6989896297454834"
        },
        {
            "gameTime": "1 - 36:17",
            "label": "Ball out of play",
            "position": "2177500",
            "half": "1",
            "confidence": "0.6935029029846191"
        },
        {
            "gameTime": "1 - 0:55",
            "label": "Ball out of play",
            "position": "55000",
            "half": "1",
            "confidence": "0.640783965587616"
        },
        {
            "gameTime": "1 - 2:27",
            "label": "Ball out of play",
            "position": "147500",
            "half": "1",
            "confidence": "0.6258355975151062"
        },
        {
            "gameTime": "1 - 34:13",
            "label": "Ball out of play",
            "position": "2053000",
            "half": "1",
            "confidence": "0.6119527220726013"
        },
        {
            "gameTime": "1 - 12:15",
            "label": "Ball out of play",
            "position": "735500",
            "half": "1",
            "confidence": "0.5934768915176392"
        },
        {
            "gameTime": "1 - 7:10",
            "label": "Ball out of play",
            "position": "430000",
            "half": "1",
            "confidence": "0.582061767578125"
        },
        {
            "gameTime": "1 - 16:5",
            "label": "Ball out of play",
            "position": "965500",
            "half": "1",
            "confidence": "0.5815795063972473"
        },
        {
            "gameTime": "1 - 18:9",
            "label": "Ball out of play",
            "position": "1089000",
            "half": "1",
            "confidence": "0.562173068523407"
        },
        {
            "gameTime": "1 - 6:54",
            "label": "Ball out of play",
            "position": "414500",
            "half": "1",
            "confidence": "0.5617881417274475"
        },
        {
            "gameTime": "1 - 35:4",
            "label": "Ball out of play",
            "position": "2104000",
            "half": "1",
            "confidence": "0.542557954788208"
        },
        {
            "gameTime": "1 - 21:37",
            "label": "Ball out of play",
            "position": "1297500",
            "half": "1",
            "confidence": "0.5359652638435364"
        },
        {
            "gameTime": "1 - 23:59",
            "label": "Ball out of play",
            "position": "1439500",
            "half": "1",
            "confidence": "0.5236562490463257"
        },
        {
            "gameTime": "1 - 1:6",
            "label": "Ball out of play",
            "position": "66500",
            "half": "1",
            "confidence": "0.5153484344482422"
        },
        {
            "gameTime": "1 - 21:23",
            "label": "Ball out of play",
            "position": "1283500",
            "half": "1",
            "confidence": "0.5121131539344788"
        },
        {
            "gameTime": "1 - 44:7",
            "label": "Ball out of play",
            "position": "2647000",
            "half": "1",
            "confidence": "0.5107811093330383"
        },
        {
            "gameTime": "1 - 4:44",
            "label": "Throw-in",
            "position": "284000",
            "half": "1",
            "confidence": "0.9914856553077698"
        },
        {
            "gameTime": "1 - 4:54",
            "label": "Throw-in",
            "position": "294500",
            "half": "1",
            "confidence": "0.9386512637138367"
        },
        {
            "gameTime": "1 - 34:23",
            "label": "Throw-in",
            "position": "2063000",
            "half": "1",
            "confidence": "0.8941511511802673"
        },
        {
            "gameTime": "1 - 8:19",
            "label": "Throw-in",
            "position": "499000",
            "half": "1",
            "confidence": "0.8834037780761719"
        },
        {
            "gameTime": "1 - 34:34",
            "label": "Throw-in",
            "position": "2074500",
            "half": "1",
            "confidence": "0.8631296157836914"
        },
        {
            "gameTime": "1 - 18:15",
            "label": "Throw-in",
            "position": "1095500",
            "half": "1",
            "confidence": "0.837637186050415"
        },
        {
            "gameTime": "1 - 41:31",
            "label": "Throw-in",
            "position": "2491500",
            "half": "1",
            "confidence": "0.8244531750679016"
        },
        {
            "gameTime": "1 - 34:52",
            "label": "Throw-in",
            "position": "2092500",
            "half": "1",
            "confidence": "0.819282591342926"
        },
        {
            "gameTime": "1 - 35:3",
            "label": "Throw-in",
            "position": "2103500",
            "half": "1",
            "confidence": "0.813395082950592"
        },
        {
            "gameTime": "1 - 41:41",
            "label": "Throw-in",
            "position": "2501500",
            "half": "1",
            "confidence": "0.7657642364501953"
        },
        {
            "gameTime": "1 - 14:35",
            "label": "Throw-in",
            "position": "875500",
            "half": "1",
            "confidence": "0.7324146628379822"
        },
        {
            "gameTime": "1 - 8:8",
            "label": "Throw-in",
            "position": "488500",
            "half": "1",
            "confidence": "0.6666432023048401"
        },
        {
            "gameTime": "1 - 31:35",
            "label": "Throw-in",
            "position": "1895500",
            "half": "1",
            "confidence": "0.6172594428062439"
        },
        {
            "gameTime": "1 - 7:33",
            "label": "Throw-in",
            "position": "453500",
            "half": "1",
            "confidence": "0.5340345501899719"
        },
        {
            "gameTime": "1 - 44:15",
            "label": "Throw-in",
            "position": "2655000",
            "half": "1",
            "confidence": "0.532152533531189"
        },
        {
            "gameTime": "1 - 38:34",
            "label": "Foul",
            "position": "2314000",
            "half": "1",
            "confidence": "0.8299888968467712"
        },
        {
            "gameTime": "1 - 5:28",
            "label": "Foul",
            "position": "328000",
            "half": "1",
            "confidence": "0.8266106247901917"
        },
        {
            "gameTime": "1 - 33:19",
            "label": "Foul",
            "position": "1999000",
            "half": "1",
            "confidence": "0.7999607920646667"
        },
        {
            "gameTime": "1 - 5:38",
            "label": "Foul",
            "position": "338000",
            "half": "1",
            "confidence": "0.7768616676330566"
        },
        {
            "gameTime": "1 - 19:7",
            "label": "Foul",
            "position": "1147500",
            "half": "1",
            "confidence": "0.7064322233200073"
        },
        {
            "gameTime": "1 - 32:56",
            "label": "Foul",
            "position": "1976000",
            "half": "1",
            "confidence": "0.6985633969306946"
        },
        {
            "gameTime": "1 - 17:48",
            "label": "Foul",
            "position": "1068000",
            "half": "1",
            "confidence": "0.64679354429245"
        },
        {
            "gameTime": "1 - 33:8",
            "label": "Foul",
            "position": "1988500",
            "half": "1",
            "confidence": "0.6386378407478333"
        },
        {
            "gameTime": "1 - 19:20",
            "label": "Foul",
            "position": "1160500",
            "half": "1",
            "confidence": "0.6335935592651367"
        },
        {
            "gameTime": "1 - 5:17",
            "label": "Foul",
            "position": "317500",
            "half": "1",
            "confidence": "0.596114993095398"
        },
        {
            "gameTime": "1 - 10:12",
            "label": "Foul",
            "position": "612000",
            "half": "1",
            "confidence": "0.555658757686615"
        },
        {
            "gameTime": "1 - 14:42",
            "label": "Foul",
            "position": "882500",
            "half": "1",
            "confidence": "0.5512184500694275"
        },
        {
            "gameTime": "1 - 5:37",
            "label": "Indirect free-kick",
            "position": "337000",
            "half": "1",
            "confidence": "0.5130988955497742"
        },
        {
            "gameTime": "1 - 1:30",
            "label": "Indirect free-kick",
            "position": "90500",
            "half": "1",
            "confidence": "0.5053009390830994"
        },
        {
            "gameTime": "1 - 6:52",
            "label": "Direct free-kick",
            "position": "412000",
            "half": "1",
            "confidence": "0.9017109274864197"
        },
        {
            "gameTime": "1 - 24:4",
            "label": "Direct free-kick",
            "position": "1444000",
            "half": "1",
            "confidence": "0.7641429305076599"
        },
        {
            "gameTime": "1 - 23:56",
            "label": "Corner",
            "position": "1436500",
            "half": "1",
            "confidence": "0.9982873797416687"
        },
        {
            "gameTime": "1 - 23:46",
            "label": "Corner",
            "position": "1426000",
            "half": "1",
            "confidence": "0.9941508173942566"
        },
        {
            "gameTime": "1 - 2:56",
            "label": "Corner",
            "position": "176500",
            "half": "1",
            "confidence": "0.973021924495697"
        },
        {
            "gameTime": "1 - 3:6",
            "label": "Corner",
            "position": "186500",
            "half": "1",
            "confidence": "0.7490939497947693"
        },
        {
            "gameTime": "1 - 1:12",
            "label": "Corner",
            "position": "72500",
            "half": "1",
            "confidence": "0.7166703939437866"
        },
        {
            "gameTime": "1 - 27:55",
            "label": "Yellow card",
            "position": "1675500",
            "half": "1",
            "confidence": "0.9083147048950195"
        },
        {
            "gameTime": "1 - 27:45",
            "label": "Yellow card",
            "position": "1665000",
            "half": "1",
            "confidence": "0.8255425095558167"
        },
        {
            "gameTime": "1 - 38:35",
            "label": "Yellow card",
            "position": "2315000",
            "half": "1",
            "confidence": "0.5302363038063049"
        },
        {
            "gameTime": "2 - 0:3",
            "label": "Kick-off",
            "position": "3500",
            "half": "2",
            "confidence": "0.975107729434967"
        },
        {
            "gameTime": "2 - 56:43",
            "label": "Kick-off",
            "position": "3403000",
            "half": "2",
            "confidence": "0.8579543828964233"
        },
        {
            "gameTime": "2 - 56:32",
            "label": "Kick-off",
            "position": "3392500",
            "half": "2",
            "confidence": "0.7569711208343506"
        },
        {
            "gameTime": "2 - 57:15",
            "label": "Kick-off",
            "position": "3435500",
            "half": "2",
            "confidence": "0.7083042860031128"
        },
        {
            "gameTime": "2 - 51:5",
            "label": "Kick-off",
            "position": "3065000",
            "half": "2",
            "confidence": "0.6625789403915405"
        },
        {
            "gameTime": "2 - 20:37",
            "label": "Kick-off",
            "position": "1237000",
            "half": "2",
            "confidence": "0.636033833026886"
        },
        {
            "gameTime": "2 - 39:0",
            "label": "Kick-off",
            "position": "2340500",
            "half": "2",
            "confidence": "0.5519535541534424"
        },
        {
            "gameTime": "2 - 19:47",
            "label": "Goal",
            "position": "1187000",
            "half": "2",
            "confidence": "0.913434624671936"
        },
        {
            "gameTime": "2 - 45:27",
            "label": "Goal",
            "position": "2727000",
            "half": "2",
            "confidence": "0.8669139742851257"
        },
        {
            "gameTime": "2 - 49:37",
            "label": "Goal",
            "position": "2977500",
            "half": "2",
            "confidence": "0.7533424496650696"
        },
        {
            "gameTime": "2 - 6:44",
            "label": "Goal",
            "position": "404500",
            "half": "2",
            "confidence": "0.6960540413856506"
        },
        {
            "gameTime": "2 - 39:55",
            "label": "Goal",
            "position": "2395000",
            "half": "2",
            "confidence": "0.6147155165672302"
        },
        {
            "gameTime": "2 - 34:20",
            "label": "Substitution",
            "position": "2060500",
            "half": "2",
            "confidence": "0.9523760080337524"
        },
        {
            "gameTime": "2 - 51:24",
            "label": "Substitution",
            "position": "3084000",
            "half": "2",
            "confidence": "0.9351804852485657"
        },
        {
            "gameTime": "2 - 30:33",
            "label": "Substitution",
            "position": "1833000",
            "half": "2",
            "confidence": "0.8374219536781311"
        },
        {
            "gameTime": "2 - 51:11",
            "label": "Substitution",
            "position": "3071500",
            "half": "2",
            "confidence": "0.6037675738334656"
        },
        {
            "gameTime": "2 - 23:9",
            "label": "Substitution",
            "position": "1389500",
            "half": "2",
            "confidence": "0.5659040212631226"
        },
        {
            "gameTime": "2 - 39:55",
            "label": "Shots on target",
            "position": "2395000",
            "half": "2",
            "confidence": "0.7544575333595276"
        },
        {
            "gameTime": "2 - 19:47",
            "label": "Shots on target",
            "position": "1187000",
            "half": "2",
            "confidence": "0.7345629930496216"
        },
        {
            "gameTime": "2 - 46:48",
            "label": "Shots on target",
            "position": "2808000",
            "half": "2",
            "confidence": "0.5932491421699524"
        },
        {
            "gameTime": "2 - 14:32",
            "label": "Shots on target",
            "position": "872500",
            "half": "2",
            "confidence": "0.5447763800621033"
        },
        {
            "gameTime": "2 - 39:55",
            "label": "Shots off target",
            "position": "2395500",
            "half": "2",
            "confidence": "0.8806049227714539"
        },
        {
            "gameTime": "2 - 17:25",
            "label": "Shots off target",
            "position": "1045500",
            "half": "2",
            "confidence": "0.7538363933563232"
        },
        {
            "gameTime": "2 - 39:45",
            "label": "Shots off target",
            "position": "2385000",
            "half": "2",
            "confidence": "0.7055987119674683"
        },
        {
            "gameTime": "2 - 40:11",
            "label": "Clearance",
            "position": "2411500",
            "half": "2",
            "confidence": "0.9658154845237732"
        },
        {
            "gameTime": "2 - 40:21",
            "label": "Clearance",
            "position": "2421500",
            "half": "2",
            "confidence": "0.7215816378593445"
        },
        {
            "gameTime": "2 - 33:20",
            "label": "Clearance",
            "position": "2000000",
            "half": "2",
            "confidence": "0.6835860013961792"
        },
        {
            "gameTime": "2 - 46:7",
            "label": "Clearance",
            "position": "2767000",
            "half": "2",
            "confidence": "0.6712247133255005"
        },
        {
            "gameTime": "2 - 36:40",
            "label": "Clearance",
            "position": "2200000",
            "half": "2",
            "confidence": "0.6133072376251221"
        },
        {
            "gameTime": "2 - 27:6",
            "label": "Clearance",
            "position": "1626000",
            "half": "2",
            "confidence": "0.5728339552879333"
        },
        {
            "gameTime": "2 - 20:10",
            "label": "Clearance",
            "position": "1210000",
            "half": "2",
            "confidence": "0.5336883664131165"
        },
        {
            "gameTime": "2 - 47:52",
            "label": "Ball out of play",
            "position": "2872500",
            "half": "2",
            "confidence": "0.9421206116676331"
        },
        {
            "gameTime": "2 - 35:17",
            "label": "Ball out of play",
            "position": "2117000",
            "half": "2",
            "confidence": "0.90087890625"
        },
        {
            "gameTime": "2 - 32:28",
            "label": "Ball out of play",
            "position": "1948000",
            "half": "2",
            "confidence": "0.88670414686203"
        },
        {
            "gameTime": "2 - 9:18",
            "label": "Ball out of play",
            "position": "558500",
            "half": "2",
            "confidence": "0.8627457618713379"
        },
        {
            "gameTime": "2 - 10:12",
            "label": "Ball out of play",
            "position": "612500",
            "half": "2",
            "confidence": "0.8612956404685974"
        },
        {
            "gameTime": "2 - 48:2",
            "label": "Ball out of play",
            "position": "2882500",
            "half": "2",
            "confidence": "0.8582962155342102"
        },
        {
            "gameTime": "2 - 19:45",
            "label": "Ball out of play",
            "position": "1185500",
            "half": "2",
            "confidence": "0.84025639295578"
        },
        {
            "gameTime": "2 - 9:28",
            "label": "Ball out of play",
            "position": "568500",
            "half": "2",
            "confidence": "0.7888119220733643"
        },
        {
            "gameTime": "2 - 47:42",
            "label": "Ball out of play",
            "position": "2862000",
            "half": "2",
            "confidence": "0.7887988090515137"
        },
        {
            "gameTime": "2 - 25:24",
            "label": "Ball out of play",
            "position": "1524000",
            "half": "2",
            "confidence": "0.7559425830841064"
        },
        {
            "gameTime": "2 - 17:1",
            "label": "Ball out of play",
            "position": "1021000",
            "half": "2",
            "confidence": "0.7400504350662231"
        },
        {
            "gameTime": "2 - 17:26",
            "label": "Ball out of play",
            "position": "1046000",
            "half": "2",
            "confidence": "0.7352344393730164"
        },
        {
            "gameTime": "2 - 21:22",
            "label": "Ball out of play",
            "position": "1282000",
            "half": "2",
            "confidence": "0.7227194905281067"
        },
        {
            "gameTime": "2 - 29:31",
            "label": "Ball out of play",
            "position": "1771000",
            "half": "2",
            "confidence": "0.7143767476081848"
        },
        {
            "gameTime": "2 - 33:50",
            "label": "Ball out of play",
            "position": "2030000",
            "half": "2",
            "confidence": "0.7109822034835815"
        },
        {
            "gameTime": "2 - 14:6",
            "label": "Ball out of play",
            "position": "846000",
            "half": "2",
            "confidence": "0.7085899710655212"
        },
        {
            "gameTime": "2 - 43:16",
            "label": "Ball out of play",
            "position": "2596500",
            "half": "2",
            "confidence": "0.7008894085884094"
        },
        {
            "gameTime": "2 - 39:28",
            "label": "Ball out of play",
            "position": "2368000",
            "half": "2",
            "confidence": "0.6837922930717468"
        },
        {
            "gameTime": "2 - 16:33",
            "label": "Ball out of play",
            "position": "993000",
            "half": "2",
            "confidence": "0.6819719672203064"
        },
        {
            "gameTime": "2 - 35:27",
            "label": "Ball out of play",
            "position": "2127000",
            "half": "2",
            "confidence": "0.6694355607032776"
        },
        {
            "gameTime": "2 - 30:13",
            "label": "Ball out of play",
            "position": "1813000",
            "half": "2",
            "confidence": "0.6683205366134644"
        },
        {
            "gameTime": "2 - 19:33",
            "label": "Ball out of play",
            "position": "1173500",
            "half": "2",
            "confidence": "0.6204609274864197"
        },
        {
            "gameTime": "2 - 32:38",
            "label": "Ball out of play",
            "position": "1958000",
            "half": "2",
            "confidence": "0.6141963601112366"
        },
        {
            "gameTime": "2 - 22:4",
            "label": "Ball out of play",
            "position": "1324500",
            "half": "2",
            "confidence": "0.6038752198219299"
        },
        {
            "gameTime": "2 - 47:22",
            "label": "Ball out of play",
            "position": "2842500",
            "half": "2",
            "confidence": "0.6019832491874695"
        },
        {
            "gameTime": "2 - 49:32",
            "label": "Ball out of play",
            "position": "2972500",
            "half": "2",
            "confidence": "0.6000586748123169"
        },
        {
            "gameTime": "2 - 26:31",
            "label": "Ball out of play",
            "position": "1591000",
            "half": "2",
            "confidence": "0.5992093086242676"
        },
        {
            "gameTime": "2 - 6:36",
            "label": "Ball out of play",
            "position": "396000",
            "half": "2",
            "confidence": "0.5900469422340393"
        },
        {
            "gameTime": "2 - 31:28",
            "label": "Ball out of play",
            "position": "1888500",
            "half": "2",
            "confidence": "0.5897027850151062"
        },
        {
            "gameTime": "2 - 48:32",
            "label": "Ball out of play",
            "position": "2912000",
            "half": "2",
            "confidence": "0.5832141637802124"
        },
        {
            "gameTime": "2 - 3:22",
            "label": "Ball out of play",
            "position": "202500",
            "half": "2",
            "confidence": "0.5827463269233704"
        },
        {
            "gameTime": "2 - 39:44",
            "label": "Ball out of play",
            "position": "2384500",
            "half": "2",
            "confidence": "0.5757428407669067"
        },
        {
            "gameTime": "2 - 9:43",
            "label": "Ball out of play",
            "position": "583000",
            "half": "2",
            "confidence": "0.5596421360969543"
        },
        {
            "gameTime": "2 - 16:43",
            "label": "Ball out of play",
            "position": "1003000",
            "half": "2",
            "confidence": "0.5587041974067688"
        },
        {
            "gameTime": "2 - 61:23",
            "label": "Ball out of play",
            "position": "3683500",
            "half": "2",
            "confidence": "0.5491167902946472"
        },
        {
            "gameTime": "2 - 17:36",
            "label": "Ball out of play",
            "position": "1056000",
            "half": "2",
            "confidence": "0.5459434390068054"
        },
        {
            "gameTime": "2 - 0:30",
            "label": "Ball out of play",
            "position": "30000",
            "half": "2",
            "confidence": "0.5416955351829529"
        },
        {
            "gameTime": "2 - 14:18",
            "label": "Ball out of play",
            "position": "858000",
            "half": "2",
            "confidence": "0.5407803654670715"
        },
        {
            "gameTime": "2 - 21:34",
            "label": "Ball out of play",
            "position": "1294000",
            "half": "2",
            "confidence": "0.5353794693946838"
        },
        {
            "gameTime": "2 - 10:0",
            "label": "Ball out of play",
            "position": "600000",
            "half": "2",
            "confidence": "0.5220432281494141"
        },
        {
            "gameTime": "2 - 0:19",
            "label": "Ball out of play",
            "position": "19500",
            "half": "2",
            "confidence": "0.5076959729194641"
        },
        {
            "gameTime": "2 - 32:32",
            "label": "Throw-in",
            "position": "1952500",
            "half": "2",
            "confidence": "0.9812095761299133"
        },
        {
            "gameTime": "2 - 6:39",
            "label": "Throw-in",
            "position": "399000",
            "half": "2",
            "confidence": "0.9576694369316101"
        },
        {
            "gameTime": "2 - 47:23",
            "label": "Throw-in",
            "position": "2843000",
            "half": "2",
            "confidence": "0.9568054676055908"
        },
        {
            "gameTime": "2 - 9:56",
            "label": "Throw-in",
            "position": "596500",
            "half": "2",
            "confidence": "0.9458370804786682"
        },
        {
            "gameTime": "2 - 47:35",
            "label": "Throw-in",
            "position": "2855500",
            "half": "2",
            "confidence": "0.9424494504928589"
        },
        {
            "gameTime": "2 - 10:12",
            "label": "Throw-in",
            "position": "612500",
            "half": "2",
            "confidence": "0.9367135763168335"
        },
        {
            "gameTime": "2 - 47:57",
            "label": "Throw-in",
            "position": "2877000",
            "half": "2",
            "confidence": "0.887482762336731"
        },
        {
            "gameTime": "2 - 35:20",
            "label": "Throw-in",
            "position": "2120500",
            "half": "2",
            "confidence": "0.8861919641494751"
        },
        {
            "gameTime": "2 - 23:31",
            "label": "Throw-in",
            "position": "1411000",
            "half": "2",
            "confidence": "0.8715226650238037"
        },
        {
            "gameTime": "2 - 9:45",
            "label": "Throw-in",
            "position": "585000",
            "half": "2",
            "confidence": "0.8349245190620422"
        },
        {
            "gameTime": "2 - 34:23",
            "label": "Throw-in",
            "position": "2063500",
            "half": "2",
            "confidence": "0.8208163976669312"
        },
        {
            "gameTime": "2 - 48:7",
            "label": "Throw-in",
            "position": "2887500",
            "half": "2",
            "confidence": "0.813317596912384"
        },
        {
            "gameTime": "2 - 9:18",
            "label": "Throw-in",
            "position": "558500",
            "half": "2",
            "confidence": "0.8103082180023193"
        },
        {
            "gameTime": "2 - 6:28",
            "label": "Throw-in",
            "position": "388000",
            "half": "2",
            "confidence": "0.7989422082901001"
        },
        {
            "gameTime": "2 - 30:42",
            "label": "Throw-in",
            "position": "1842000",
            "half": "2",
            "confidence": "0.7873618006706238"
        },
        {
            "gameTime": "2 - 6:10",
            "label": "Throw-in",
            "position": "370500",
            "half": "2",
            "confidence": "0.7728138566017151"
        },
        {
            "gameTime": "2 - 33:52",
            "label": "Throw-in",
            "position": "2032000",
            "half": "2",
            "confidence": "0.7172861099243164"
        },
        {
            "gameTime": "2 - 23:20",
            "label": "Throw-in",
            "position": "1400500",
            "half": "2",
            "confidence": "0.7126960754394531"
        },
        {
            "gameTime": "2 - 22:52",
            "label": "Throw-in",
            "position": "1372000",
            "half": "2",
            "confidence": "0.6984774470329285"
        },
        {
            "gameTime": "2 - 9:28",
            "label": "Throw-in",
            "position": "568500",
            "half": "2",
            "confidence": "0.6884618401527405"
        },
        {
            "gameTime": "2 - 32:42",
            "label": "Throw-in",
            "position": "1962500",
            "half": "2",
            "confidence": "0.6834542751312256"
        },
        {
            "gameTime": "2 - 61:15",
            "label": "Throw-in",
            "position": "3675500",
            "half": "2",
            "confidence": "0.6784335374832153"
        },
        {
            "gameTime": "2 - 10:22",
            "label": "Throw-in",
            "position": "622500",
            "half": "2",
            "confidence": "0.6663954257965088"
        },
        {
            "gameTime": "2 - 35:32",
            "label": "Throw-in",
            "position": "2132000",
            "half": "2",
            "confidence": "0.6372707486152649"
        },
        {
            "gameTime": "2 - 39:29",
            "label": "Throw-in",
            "position": "2369500",
            "half": "2",
            "confidence": "0.6133698225021362"
        },
        {
            "gameTime": "2 - 30:12",
            "label": "Throw-in",
            "position": "1812500",
            "half": "2",
            "confidence": "0.5904089212417603"
        },
        {
            "gameTime": "2 - 61:25",
            "label": "Throw-in",
            "position": "3685500",
            "half": "2",
            "confidence": "0.5894777774810791"
        },
        {
            "gameTime": "2 - 16:45",
            "label": "Throw-in",
            "position": "1005000",
            "half": "2",
            "confidence": "0.5141061544418335"
        },
        {
            "gameTime": "2 - 13:16",
            "label": "Throw-in",
            "position": "796500",
            "half": "2",
            "confidence": "0.5009653568267822"
        },
        {
            "gameTime": "2 - 11:32",
            "label": "Foul",
            "position": "692500",
            "half": "2",
            "confidence": "0.9561796188354492"
        },
        {
            "gameTime": "2 - 18:15",
            "label": "Foul",
            "position": "1095500",
            "half": "2",
            "confidence": "0.875052809715271"
        },
        {
            "gameTime": "2 - 36:14",
            "label": "Foul",
            "position": "2174000",
            "half": "2",
            "confidence": "0.8432751893997192"
        },
        {
            "gameTime": "2 - 27:51",
            "label": "Foul",
            "position": "1671500",
            "half": "2",
            "confidence": "0.821452796459198"
        },
        {
            "gameTime": "2 - 44:4",
            "label": "Foul",
            "position": "2644000",
            "half": "2",
            "confidence": "0.8056648373603821"
        },
        {
            "gameTime": "2 - 25:47",
            "label": "Foul",
            "position": "1547000",
            "half": "2",
            "confidence": "0.7638267278671265"
        },
        {
            "gameTime": "2 - 11:42",
            "label": "Foul",
            "position": "702500",
            "half": "2",
            "confidence": "0.7580775022506714"
        },
        {
            "gameTime": "2 - 25:35",
            "label": "Foul",
            "position": "1535000",
            "half": "2",
            "confidence": "0.7573202848434448"
        },
        {
            "gameTime": "2 - 18:25",
            "label": "Foul",
            "position": "1105500",
            "half": "2",
            "confidence": "0.7323010563850403"
        },
        {
            "gameTime": "2 - 28:1",
            "label": "Foul",
            "position": "1681500",
            "half": "2",
            "confidence": "0.6533188819885254"
        },
        {
            "gameTime": "2 - 44:14",
            "label": "Foul",
            "position": "2654000",
            "half": "2",
            "confidence": "0.6023308038711548"
        },
        {
            "gameTime": "2 - 42:31",
            "label": "Foul",
            "position": "2551000",
            "half": "2",
            "confidence": "0.5015662908554077"
        },
        {
            "gameTime": "2 - 19:27",
            "label": "Indirect free-kick",
            "position": "1167000",
            "half": "2",
            "confidence": "0.7381147742271423"
        },
        {
            "gameTime": "2 - 25:22",
            "label": "Indirect free-kick",
            "position": "1522000",
            "half": "2",
            "confidence": "0.6064869165420532"
        },
        {
            "gameTime": "2 - 40:52",
            "label": "Indirect free-kick",
            "position": "2452000",
            "half": "2",
            "confidence": "0.5775339603424072"
        },
        {
            "gameTime": "2 - 20:48",
            "label": "Indirect free-kick",
            "position": "1248000",
            "half": "2",
            "confidence": "0.5675420165061951"
        },
        {
            "gameTime": "2 - 36:43",
            "label": "Indirect free-kick",
            "position": "2203000",
            "half": "2",
            "confidence": "0.5094510316848755"
        },
        {
            "gameTime": "2 - 45:14",
            "label": "Direct free-kick",
            "position": "2714500",
            "half": "2",
            "confidence": "0.9025843143463135"
        },
        {
            "gameTime": "2 - 38:17",
            "label": "Direct free-kick",
            "position": "2297000",
            "half": "2",
            "confidence": "0.8488680124282837"
        },
        {
            "gameTime": "2 - 41:26",
            "label": "Direct free-kick",
            "position": "2486000",
            "half": "2",
            "confidence": "0.8449623584747314"
        },
        {
            "gameTime": "2 - 38:27",
            "label": "Direct free-kick",
            "position": "2307500",
            "half": "2",
            "confidence": "0.5356798768043518"
        },
        {
            "gameTime": "2 - 29:10",
            "label": "Corner",
            "position": "1750500",
            "half": "2",
            "confidence": "0.9982695579528809"
        },
        {
            "gameTime": "2 - 29:25",
            "label": "Corner",
            "position": "1765500",
            "half": "2",
            "confidence": "0.9980510473251343"
        },
        {
            "gameTime": "2 - 29:40",
            "label": "Corner",
            "position": "1780000",
            "half": "2",
            "confidence": "0.994749128818512"
        },
        {
            "gameTime": "2 - 29:50",
            "label": "Corner",
            "position": "1790000",
            "half": "2",
            "confidence": "0.9808397889137268"
        },
        {
            "gameTime": "2 - 14:21",
            "label": "Corner",
            "position": "861500",
            "half": "2",
            "confidence": "0.9666010737419128"
        },
        {
            "gameTime": "2 - 21:51",
            "label": "Corner",
            "position": "1311500",
            "half": "2",
            "confidence": "0.9614505767822266"
        },
        {
            "gameTime": "2 - 14:10",
            "label": "Corner",
            "position": "850500",
            "half": "2",
            "confidence": "0.9605664014816284"
        },
        {
            "gameTime": "2 - 3:41",
            "label": "Corner",
            "position": "221500",
            "half": "2",
            "confidence": "0.9605357050895691"
        },
        {
            "gameTime": "2 - 3:51",
            "label": "Corner",
            "position": "231500",
            "half": "2",
            "confidence": "0.8774285912513733"
        },
        {
            "gameTime": "2 - 41:25",
            "label": "Corner",
            "position": "2485500",
            "half": "2",
            "confidence": "0.8675626516342163"
        },
        {
            "gameTime": "2 - 16:27",
            "label": "Corner",
            "position": "987500",
            "half": "2",
            "confidence": "0.5917567610740662"
        },
        {
            "gameTime": "2 - 18:36",
            "label": "Yellow card",
            "position": "1116500",
            "half": "2",
            "confidence": "0.8954540491104126"
        },
        {
            "gameTime": "2 - 11:31",
            "label": "Yellow card",
            "position": "691500",
            "half": "2",
            "confidence": "0.6593877077102661"
        },
        {
            "gameTime": "2 - 11:45",
            "label": "Yellow card",
            "position": "705000",
            "half": "2",
            "confidence": "0.5068151354789734"
        },
        {
            "gameTime": "2 - 18:25",
            "label": "Yellow card",
            "position": "1105500",
            "half": "2",
            "confidence": "0.5007656216621399"
        }
    ]
}