{
    "UrlLocal": "france_ligue-1/2016-2017/2016-12-04 - 18-00 Nice 3 - 0 Toulouse",
    "UrlYoutube": "",
    "annotations": [
        {
            "change_type": "",
            "gameTime": "1 - 02:33",
            "label": "",
            "position": "153878",
            "replay": "real-time"
        },
        {
            "change_type": "",
            "gameTime": "1 - 02:42",
            "label": "",
            "link": "",
            "position": "162156",
            "replay": "replay"
        },
        {
            "change_type": "",
            "gameTime": "1 - 07:39",
            "label": "",
            "position": "459917",
            "replay": "real-time"
        },
        {
            "change_type": "",
            "gameTime": "1 - 07:50",
            "label": "",
            "link": "",
            "position": "470613",
            "replay": "replay"
        },
        {
            "change_type": "",
            "gameTime": "1 - 11:21",
            "label": "",
            "position": "681030",
            "replay": "real-time"
        },
        {
            "change_type": "",
            "gameTime": "1 - 11:26",
            "label": "",
            "link": "",
            "position": "686359",
            "replay": "replay"
        },
        {
            "change_type": "",
            "gameTime": "1 - 12:50",
            "label": "",
            "position": "770825",
            "replay": "real-time"
        },
        {
            "change_type": "",
            "gameTime": "1 - 13:03",
            "label": "",
            "position": "783502",
            "replay": "other"
        },
        {
            "change_type": "",
            "gameTime": "1 - 13:11",
            "label": "",
            "position": "791326",
            "replay": "other"
        },
        {
            "change_type": "",
            "gameTime": "1 - 13:16",
            "label": "",
            "position": "796264",
            "replay": "other"
        },
        {
            "change_type": "",
            "gameTime": "1 - 13:42",
            "label": "",
            "position": "822115",
            "replay": "real-time"
        },
        {
            "change_type": "",
            "gameTime": "1 - 13:49",
            "label": "",
            "link": "",
            "position": "829983",
            "replay": "replay"
        },
        {
            "change_type": "",
            "gameTime": "1 - 13:53",
            "label": "",
            "position": "833159",
            "replay": "other"
        },
        {
            "change_type": "",
            "gameTime": "1 - 13:56",
            "label": "",
            "position": "836076",
            "replay": "other"
        },
        {
            "change_type": "",
            "gameTime": "1 - 15:16",
            "label": "",
            "position": "916508",
            "replay": "real-time"
        },
        {
            "change_type": "",
            "gameTime": "1 - 15:25",
            "label": "",
            "link": "",
            "position": "925847",
            "replay": "replay"
        },
        {
            "change_type": "",
            "gameTime": "1 - 15:34",
            "label": "",
            "link": "",
            "position": "934696",
            "replay": "replay"
        },
        {
            "change_type": "",
            "gameTime": "1 - 16:57",
            "label": "",
            "position": "1017543",
            "replay": "real-time"
        },
        {
            "change_type": "",
            "gameTime": "1 - 17:05",
            "label": "",
            "link": "",
            "position": "1025400",
            "replay": "replay"
        },
        {
            "change_type": "",
            "gameTime": "1 - 17:49",
            "label": "",
            "position": "1069525",
            "replay": "real-time"
        },
        {
            "change_type": "",
            "gameTime": "1 - 17:58",
            "label": "",
            "link": "",
            "position": "1078157",
            "replay": "replay"
        },
        {
            "change_type": "",
            "gameTime": "1 - 18:55",
            "label": "",
            "position": "1135131",
            "replay": "real-time"
        },
        {
            "change_type": "",
            "gameTime": "1 - 19:06",
            "label": "",
            "link": "",
            "position": "1146470",
            "replay": "replay"
        },
        {
            "change_type": "",
            "gameTime": "1 - 19:45",
            "label": "",
            "position": "1185754",
            "replay": "real-time"
        },
        {
            "change_type": "",
            "gameTime": "1 - 19:55",
            "label": "",
            "position": "1195066",
            "replay": "other"
        },
        {
            "change_type": "",
            "gameTime": "1 - 23:05",
            "label": "",
            "position": "1385895",
            "replay": "real-time"
        },
        {
            "change_type": "",
            "gameTime": "1 - 23:17",
            "label": "",
            "link": "",
            "position": "1397884",
            "replay": "replay"
        },
        {
            "change_type": "",
            "gameTime": "1 - 23:26",
            "label": "",
            "link": "",
            "position": "1406710",
            "replay": "replay"
        },
        {
            "change_type": "",
            "gameTime": "1 - 23:33",
            "label": "",
            "link": "",
            "position": "1413432",
            "replay": "replay"
        },
        {
            "change_type": "",
            "gameTime": "1 - 23:47",
            "label": "",
            "link": "",
            "position": "1427617",
            "replay": "replay"
        },
        {
            "change_type": "",
            "gameTime": "1 - 24:52",
            "label": "",
            "position": "1492245",
            "replay": "real-time"
        },
        {
            "change_type": "",
            "gameTime": "1 - 24:58",
            "label": "",
            "link": "",
            "position": "1498973",
            "replay": "replay"
        },
        {
            "change_type": "",
            "gameTime": "1 - 26:14",
            "label": "",
            "position": "1574903",
            "replay": "real-time"
        },
        {
            "change_type": "",
            "gameTime": "1 - 26:23",
            "label": "",
            "link": "",
            "position": "1583781",
            "replay": "replay"
        },
        {
            "change_type": "",
            "gameTime": "1 - 26:29",
            "label": "",
            "link": "",
            "position": "1589270",
            "replay": "replay"
        },
        {
            "change_type": "",
            "gameTime": "1 - 26:37",
            "label": "",
            "link": "",
            "position": "1597022",
            "replay": "replay"
        },
        {
            "change_type": "",
            "gameTime": "1 - 26:44",
            "label": "",
            "position": "1604570",
            "replay": "other"
        },
        {
            "change_type": "",
            "gameTime": "1 - 30:05",
            "label": "",
            "position": "1805357",
            "replay": "real-time"
        },
        {
            "change_type": "",
            "gameTime": "1 - 30:12",
            "label": "",
            "link": "",
            "position": "1812326",
            "replay": "replay"
        },
        {
            "change_type": "",
            "gameTime": "1 - 30:19",
            "label": "",
            "position": "1819754",
            "replay": "real-time"
        },
        {
            "change_type": "",
            "gameTime": "1 - 30:29",
            "label": "",
            "link": "",
            "position": "1829342",
            "replay": "replay"
        },
        {
            "change_type": "",
            "gameTime": "1 - 30:33",
            "label": "",
            "link": "",
            "position": "1833744",
            "replay": "replay"
        },
        {
            "change_type": "",
            "gameTime": "1 - 30:37",
            "label": "",
            "link": "",
            "position": "1837836",
            "replay": "replay"
        },
        {
            "change_type": "",
            "gameTime": "1 - 30:45",
            "label": "",
            "position": "1845783",
            "replay": "other"
        },
        {
            "change_type": "",
            "gameTime": "1 - 30:50",
            "label": "",
            "position": "1850951",
            "replay": "other"
        },
        {
            "change_type": "",
            "gameTime": "1 - 36:03",
            "label": "",
            "position": "2163912",
            "replay": "real-time"
        },
        {
            "change_type": "",
            "gameTime": "1 - 36:09",
            "label": "",
            "link": "",
            "position": "2169136",
            "replay": "replay"
        },
        {
            "change_type": "",
            "gameTime": "1 - 36:15",
            "label": "",
            "link": "",
            "position": "2175750",
            "replay": "replay"
        },
        {
            "change_type": "",
            "gameTime": "1 - 37:35",
            "label": "",
            "position": "2255397",
            "replay": "real-time"
        },
        {
            "change_type": "",
            "gameTime": "1 - 37:39",
            "label": "",
            "link": "",
            "position": "2259372",
            "replay": "replay"
        },
        {
            "change_type": "",
            "gameTime": "1 - 37:45",
            "label": "",
            "link": "",
            "position": "2265711",
            "replay": "replay"
        },
        {
            "change_type": "",
            "gameTime": "1 - 37:51",
            "label": "",
            "link": "",
            "position": "2271734",
            "replay": "replay"
        },
        {
            "change_type": "",
            "gameTime": "1 - 41:33",
            "label": "",
            "position": "2493357",
            "replay": "real-time"
        },
        {
            "change_type": "",
            "gameTime": "1 - 41:41",
            "label": "",
            "link": "",
            "position": "2501753",
            "replay": "replay"
        },
        {
            "change_type": "",
            "gameTime": "1 - 44:36",
            "label": "",
            "position": "2676027",
            "replay": "real-time"
        },
        {
            "change_type": "",
            "gameTime": "1 - 44:46",
            "label": "",
            "position": "2686998",
            "replay": "other"
        },
        {
            "change_type": "",
            "gameTime": "2 - 05:12",
            "label": "",
            "position": "312055",
            "replay": "real-time"
        },
        {
            "change_type": "",
            "gameTime": "2 - 05:18",
            "label": "",
            "link": "",
            "position": "318923",
            "replay": "replay"
        },
        {
            "change_type": "",
            "gameTime": "2 - 05:25",
            "label": "",
            "link": "",
            "position": "325081",
            "replay": "replay"
        },
        {
            "change_type": "",
            "gameTime": "2 - 06:07",
            "label": "",
            "position": "367660",
            "replay": "real-time"
        },
        {
            "change_type": "",
            "gameTime": "2 - 06:15",
            "label": "",
            "link": "",
            "position": "375667",
            "replay": "replay"
        },
        {
            "change_type": "",
            "gameTime": "2 - 07:52",
            "label": "",
            "position": "472932",
            "replay": "real-time"
        },
        {
            "change_type": "",
            "gameTime": "2 - 07:59",
            "label": "",
            "position": "479052",
            "replay": "other"
        },
        {
            "change_type": "",
            "gameTime": "2 - 08:04",
            "label": "",
            "position": "484627",
            "replay": "other"
        },
        {
            "change_type": "",
            "gameTime": "2 - 08:09",
            "label": "",
            "link": "",
            "position": "489534",
            "replay": "replay"
        },
        {
            "change_type": "",
            "gameTime": "2 - 09:31",
            "label": "",
            "position": "571270",
            "replay": "real-time"
        },
        {
            "change_type": "",
            "gameTime": "2 - 09:34",
            "label": "",
            "link": "",
            "position": "574194",
            "replay": "replay"
        },
        {
            "change_type": "",
            "gameTime": "2 - 09:38",
            "label": "",
            "link": "",
            "position": "578816",
            "replay": "replay"
        },
        {
            "change_type": "",
            "gameTime": "2 - 09:41",
            "label": "",
            "link": "",
            "position": "581654",
            "replay": "replay"
        },
        {
            "change_type": "",
            "gameTime": "2 - 12:56",
            "label": "",
            "position": "776417",
            "replay": "real-time"
        },
        {
            "change_type": "",
            "gameTime": "2 - 13:01",
            "label": "",
            "link": "",
            "position": "781537",
            "replay": "replay"
        },
        {
            "change_type": "",
            "gameTime": "2 - 14:46",
            "label": "",
            "position": "886320",
            "replay": "real-time"
        },
        {
            "change_type": "",
            "gameTime": "2 - 14:52",
            "label": "",
            "link": "",
            "position": "892717",
            "replay": "replay"
        },
        {
            "change_type": "",
            "gameTime": "2 - 14:59",
            "label": "",
            "position": "899456",
            "replay": "other"
        },
        {
            "change_type": "",
            "gameTime": "2 - 20:18",
            "label": "",
            "position": "1218307",
            "replay": "real-time"
        },
        {
            "change_type": "",
            "gameTime": "2 - 20:34",
            "label": "",
            "link": "",
            "position": "1234079",
            "replay": "replay"
        },
        {
            "change_type": "",
            "gameTime": "2 - 20:43",
            "label": "",
            "link": "",
            "position": "1243604",
            "replay": "replay"
        },
        {
            "change_type": "",
            "gameTime": "2 - 20:49",
            "label": "",
            "link": "",
            "position": "1249637",
            "replay": "replay"
        },
        {
            "change_type": "",
            "gameTime": "2 - 20:55",
            "label": "",
            "link": "",
            "position": "1255505",
            "replay": "replay"
        },
        {
            "change_type": "",
            "gameTime": "2 - 21:06",
            "label": "",
            "position": "1266002",
            "replay": "other"
        },
        {
            "change_type": "",
            "gameTime": "2 - 21:10",
            "label": "",
            "position": "1270547",
            "replay": "other"
        },
        {
            "change_type": "",
            "gameTime": "2 - 24:05",
            "label": "",
            "position": "1445408",
            "replay": "real-time"
        },
        {
            "change_type": "",
            "gameTime": "2 - 24:10",
            "label": "",
            "link": "",
            "position": "1450740",
            "replay": "replay"
        },
        {
            "change_type": "",
            "gameTime": "2 - 24:15",
            "label": "",
            "link": "",
            "position": "1455183",
            "replay": "replay"
        },
        {
            "change_type": "",
            "gameTime": "2 - 24:19",
            "label": "",
            "link": "",
            "position": "1459203",
            "replay": "replay"
        },
        {
            "change_type": "",
            "gameTime": "2 - 24:43",
            "label": "",
            "position": "1483371",
            "replay": "real-time"
        },
        {
            "change_type": "",
            "gameTime": "2 - 24:51",
            "label": "",
            "position": "1491327",
            "replay": "other"
        },
        {
            "change_type": "",
            "gameTime": "2 - 24:57",
            "label": "",
            "link": "",
            "position": "1497939",
            "replay": "replay"
        },
        {
            "change_type": "",
            "gameTime": "2 - 25:03",
            "label": "",
            "link": "",
            "position": "1503684",
            "replay": "replay"
        },
        {
            "change_type": "",
            "gameTime": "2 - 25:07",
            "label": "",
            "position": "1507747",
            "replay": "other"
        },
        {
            "change_type": "",
            "gameTime": "2 - 25:58",
            "label": "",
            "position": "1558554",
            "replay": "real-time"
        },
        {
            "change_type": "",
            "gameTime": "2 - 26:04",
            "label": "",
            "link": "",
            "position": "1564533",
            "replay": "replay"
        },
        {
            "change_type": "",
            "gameTime": "2 - 26:10",
            "label": "",
            "link": "",
            "position": "1570117",
            "replay": "replay"
        },
        {
            "change_type": "",
            "gameTime": "2 - 32:40",
            "label": "",
            "position": "1960528",
            "replay": "real-time"
        },
        {
            "change_type": "",
            "gameTime": "2 - 32:46",
            "label": "",
            "link": "",
            "position": "1966728",
            "replay": "replay"
        },
        {
            "change_type": "",
            "gameTime": "2 - 33:33",
            "label": "",
            "position": "2013141",
            "replay": "real-time"
        },
        {
            "change_type": "",
            "gameTime": "2 - 33:38",
            "label": "",
            "position": "2018764",
            "replay": "other"
        },
        {
            "change_type": "",
            "gameTime": "2 - 33:44",
            "label": "",
            "position": "2024451",
            "replay": "other"
        },
        {
            "change_type": "",
            "gameTime": "2 - 37:15",
            "label": "",
            "position": "2235332",
            "replay": "real-time"
        },
        {
            "change_type": "",
            "gameTime": "2 - 37:22",
            "label": "",
            "link": "",
            "position": "2242232",
            "replay": "replay"
        },
        {
            "change_type": "",
            "gameTime": "2 - 37:39",
            "label": "",
            "position": "2259582",
            "replay": "real-time"
        },
        {
            "change_type": "",
            "gameTime": "2 - 37:49",
            "label": "",
            "link": "",
            "position": "2269121",
            "replay": "replay"
        },
        {
            "change_type": "",
            "gameTime": "2 - 41:23",
            "label": "",
            "position": "2483672",
            "replay": "real-time"
        },
        {
            "change_type": "",
            "gameTime": "2 - 41:27",
            "label": "",
            "link": "",
            "position": "2487950",
            "replay": "replay"
        },
        {
            "change_type": "",
            "gameTime": "2 - 41:33",
            "label": "",
            "link": "",
            "position": "2493100",
            "replay": "replay"
        }
    ],
    "gameAwayTeam": "Toulouse",
    "gameDate": "2016-12-04 - 18-00",
    "gameHomeTeam": "Nice",
    "gameScore": "3 - 0"
}