{
    "UrlLocal": "italy_serie-a/2016-2017/2016-11-06 - 18-00 Internazionale 3 - 0 Crotone",
    "predictions": [
        {
            "gameTime": "1 - 10:37",
            "label": "card",
            "position": "637500",
            "half": "1",
            "confidence": "0.9850043058395386"
        },
        {
            "gameTime": "1 - 10:27",
            "label": "card",
            "position": "627000",
            "half": "1",
            "confidence": "0.9732522368431091"
        },
        {
            "gameTime": "1 - 13:8",
            "label": "card",
            "position": "788500",
            "half": "1",
            "confidence": "0.9369753003120422"
        },
        {
            "gameTime": "1 - 13:20",
            "label": "card",
            "position": "800500",
            "half": "1",
            "confidence": "0.9101821184158325"
        },
        {
            "gameTime": "1 - 38:32",
            "label": "card",
            "position": "2312000",
            "half": "1",
            "confidence": "0.8047343492507935"
        },
        {
            "gameTime": "1 - 6:20",
            "label": "card",
            "position": "380500",
            "half": "1",
            "confidence": "0.5941861271858215"
        },
        {
            "gameTime": "1 - 38:42",
            "label": "card",
            "position": "2322000",
            "half": "1",
            "confidence": "0.5157989263534546"
        },
        {
            "gameTime": "1 - 47:20",
            "label": "subs",
            "position": "2840000",
            "half": "1",
            "confidence": "0.5870846509933472"
        },
        {
            "gameTime": "1 - 29:3",
            "label": "soccer",
            "position": "1743500",
            "half": "1",
            "confidence": "0.6700735688209534"
        },
        {
            "gameTime": "2 - 24:47",
            "label": "card",
            "position": "1487000",
            "half": "2",
            "confidence": "0.9406274557113647"
        },
        {
            "gameTime": "2 - 24:36",
            "label": "card",
            "position": "1476500",
            "half": "2",
            "confidence": "0.8514120578765869"
        },
        {
            "gameTime": "2 - 40:30",
            "label": "subs",
            "position": "2430500",
            "half": "2",
            "confidence": "0.7203192114830017"
        },
        {
            "gameTime": "2 - 26:5",
            "label": "subs",
            "position": "1565000",
            "half": "2",
            "confidence": "0.6988533735275269"
        },
        {
            "gameTime": "2 - 40:41",
            "label": "subs",
            "position": "2441500",
            "half": "2",
            "confidence": "0.6520501375198364"
        },
        {
            "gameTime": "2 - 49:5",
            "label": "subs",
            "position": "2945000",
            "half": "2",
            "confidence": "0.6492149829864502"
        },
        {
            "gameTime": "2 - 40:20",
            "label": "subs",
            "position": "2420000",
            "half": "2",
            "confidence": "0.6169208288192749"
        },
        {
            "gameTime": "2 - 38:14",
            "label": "soccer",
            "position": "2294500",
            "half": "2",
            "confidence": "0.9951153993606567"
        },
        {
            "gameTime": "2 - 42:57",
            "label": "soccer",
            "position": "2577000",
            "half": "2",
            "confidence": "0.9549025893211365"
        },
        {
            "gameTime": "2 - 47:44",
            "label": "soccer",
            "position": "2864000",
            "half": "2",
            "confidence": "0.9381452798843384"
        },
        {
            "gameTime": "2 - 38:24",
            "label": "soccer",
            "position": "2304500",
            "half": "2",
            "confidence": "0.9364324808120728"
        },
        {
            "gameTime": "2 - 47:33",
            "label": "soccer",
            "position": "2853500",
            "half": "2",
            "confidence": "0.8903458714485168"
        },
        {
            "gameTime": "2 - 41:9",
            "label": "soccer",
            "position": "2469500",
            "half": "2",
            "confidence": "0.8635715842247009"
        },
        {
            "gameTime": "2 - 41:19",
            "label": "soccer",
            "position": "2479500",
            "half": "2",
            "confidence": "0.7692387700080872"
        }
    ]
}