{
    "UrlLocal": "england_epl/2016-2017/2017-02-04 - 18-00 Chelsea 3 - 1 Arsenal",
    "predictions": [
        {
            "gameTime": "1 - 22:59",
            "label": "card",
            "position": "1379000",
            "half": "1",
            "confidence": "0.8044956922531128"
        },
        {
            "gameTime": "1 - 12:39",
            "label": "soccer",
            "position": "759500",
            "half": "1",
            "confidence": "0.8635717034339905"
        },
        {
            "gameTime": "2 - 12:33",
            "label": "card",
            "position": "753500",
            "half": "2",
            "confidence": "0.553162693977356"
        },
        {
            "gameTime": "2 - 17:50",
            "label": "card",
            "position": "1070500",
            "half": "2",
            "confidence": "0.5005444288253784"
        },
        {
            "gameTime": "2 - 24:8",
            "label": "subs",
            "position": "1448500",
            "half": "2",
            "confidence": "0.996265709400177"
        },
        {
            "gameTime": "2 - 24:18",
            "label": "subs",
            "position": "1458500",
            "half": "2",
            "confidence": "0.9923915266990662"
        },
        {
            "gameTime": "2 - 19:25",
            "label": "subs",
            "position": "1165500",
            "half": "2",
            "confidence": "0.9080750942230225"
        },
        {
            "gameTime": "2 - 42:11",
            "label": "subs",
            "position": "2531500",
            "half": "2",
            "confidence": "0.8907298445701599"
        },
        {
            "gameTime": "2 - 41:58",
            "label": "subs",
            "position": "2518500",
            "half": "2",
            "confidence": "0.7720223665237427"
        },
        {
            "gameTime": "2 - 23:58",
            "label": "subs",
            "position": "1438000",
            "half": "2",
            "confidence": "0.6591496467590332"
        },
        {
            "gameTime": "2 - 41:48",
            "label": "subs",
            "position": "2508000",
            "half": "2",
            "confidence": "0.6262032389640808"
        },
        {
            "gameTime": "2 - 49:37",
            "label": "subs",
            "position": "2977500",
            "half": "2",
            "confidence": "0.5603496432304382"
        },
        {
            "gameTime": "2 - 37:53",
            "label": "subs",
            "position": "2273000",
            "half": "2",
            "confidence": "0.5480961203575134"
        },
        {
            "gameTime": "2 - 7:49",
            "label": "soccer",
            "position": "469000",
            "half": "2",
            "confidence": "0.9485952258110046"
        },
        {
            "gameTime": "2 - 39:52",
            "label": "soccer",
            "position": "2392500",
            "half": "2",
            "confidence": "0.8582431674003601"
        }
    ]
}