{
    "UrlLocal": "spain_laliga/2014-2015/2015-04-18 - 21-00 Real Madrid 3 - 1 Malaga",
    "predictions": [
        {
            "gameTime": "1 - 0:1",
            "label": "Kick-off",
            "position": "1000",
            "half": "1",
            "confidence": "0.8610374927520752"
        },
        {
            "gameTime": "1 - 24:35",
            "label": "Kick-off",
            "position": "1475500",
            "half": "1",
            "confidence": "0.7776818871498108"
        },
        {
            "gameTime": "1 - 24:45",
            "label": "Kick-off",
            "position": "1485500",
            "half": "1",
            "confidence": "0.5675087571144104"
        },
        {
            "gameTime": "1 - 23:52",
            "label": "Goal",
            "position": "1432000",
            "half": "1",
            "confidence": "0.9798007011413574"
        },
        {
            "gameTime": "1 - 23:40",
            "label": "Goal",
            "position": "1420500",
            "half": "1",
            "confidence": "0.6259563565254211"
        },
        {
            "gameTime": "1 - 6:0",
            "label": "Goal",
            "position": "360500",
            "half": "1",
            "confidence": "0.5752445459365845"
        },
        {
            "gameTime": "1 - 13:28",
            "label": "Shots off target",
            "position": "808000",
            "half": "1",
            "confidence": "0.6125667691230774"
        },
        {
            "gameTime": "1 - 12:38",
            "label": "Shots off target",
            "position": "758000",
            "half": "1",
            "confidence": "0.5723792910575867"
        },
        {
            "gameTime": "1 - 15:45",
            "label": "Shots off target",
            "position": "945500",
            "half": "1",
            "confidence": "0.5530944466590881"
        },
        {
            "gameTime": "1 - 30:28",
            "label": "Shots off target",
            "position": "1828000",
            "half": "1",
            "confidence": "0.549224317073822"
        },
        {
            "gameTime": "1 - 35:51",
            "label": "Shots off target",
            "position": "2151000",
            "half": "1",
            "confidence": "0.5315406322479248"
        },
        {
            "gameTime": "1 - 30:50",
            "label": "Clearance",
            "position": "1850000",
            "half": "1",
            "confidence": "0.6554437279701233"
        },
        {
            "gameTime": "1 - 41:51",
            "label": "Clearance",
            "position": "2511000",
            "half": "1",
            "confidence": "0.6471710801124573"
        },
        {
            "gameTime": "1 - 11:38",
            "label": "Clearance",
            "position": "698500",
            "half": "1",
            "confidence": "0.5874785780906677"
        },
        {
            "gameTime": "1 - 36:17",
            "label": "Clearance",
            "position": "2177000",
            "half": "1",
            "confidence": "0.5332970023155212"
        },
        {
            "gameTime": "1 - 19:36",
            "label": "Clearance",
            "position": "1176000",
            "half": "1",
            "confidence": "0.5102535486221313"
        },
        {
            "gameTime": "1 - 30:27",
            "label": "Ball out of play",
            "position": "1827000",
            "half": "1",
            "confidence": "0.9233353734016418"
        },
        {
            "gameTime": "1 - 14:3",
            "label": "Ball out of play",
            "position": "843000",
            "half": "1",
            "confidence": "0.9233177900314331"
        },
        {
            "gameTime": "1 - 35:13",
            "label": "Ball out of play",
            "position": "2113500",
            "half": "1",
            "confidence": "0.9050935506820679"
        },
        {
            "gameTime": "1 - 39:25",
            "label": "Ball out of play",
            "position": "2365000",
            "half": "1",
            "confidence": "0.8909479379653931"
        },
        {
            "gameTime": "1 - 39:59",
            "label": "Ball out of play",
            "position": "2399500",
            "half": "1",
            "confidence": "0.8887411952018738"
        },
        {
            "gameTime": "1 - 17:59",
            "label": "Ball out of play",
            "position": "1079500",
            "half": "1",
            "confidence": "0.870076060295105"
        },
        {
            "gameTime": "1 - 39:49",
            "label": "Ball out of play",
            "position": "2389000",
            "half": "1",
            "confidence": "0.8696470260620117"
        },
        {
            "gameTime": "1 - 10:28",
            "label": "Ball out of play",
            "position": "628500",
            "half": "1",
            "confidence": "0.8611243963241577"
        },
        {
            "gameTime": "1 - 33:6",
            "label": "Ball out of play",
            "position": "1986000",
            "half": "1",
            "confidence": "0.8544795513153076"
        },
        {
            "gameTime": "1 - 18:11",
            "label": "Ball out of play",
            "position": "1091000",
            "half": "1",
            "confidence": "0.8435089588165283"
        },
        {
            "gameTime": "1 - 13:26",
            "label": "Ball out of play",
            "position": "806500",
            "half": "1",
            "confidence": "0.8389948606491089"
        },
        {
            "gameTime": "1 - 12:32",
            "label": "Ball out of play",
            "position": "752500",
            "half": "1",
            "confidence": "0.8315578103065491"
        },
        {
            "gameTime": "1 - 32:4",
            "label": "Ball out of play",
            "position": "1924500",
            "half": "1",
            "confidence": "0.8261104226112366"
        },
        {
            "gameTime": "1 - 39:36",
            "label": "Ball out of play",
            "position": "2376000",
            "half": "1",
            "confidence": "0.8190248608589172"
        },
        {
            "gameTime": "1 - 23:38",
            "label": "Ball out of play",
            "position": "1418500",
            "half": "1",
            "confidence": "0.8163305521011353"
        },
        {
            "gameTime": "1 - 35:3",
            "label": "Ball out of play",
            "position": "2103000",
            "half": "1",
            "confidence": "0.8160237073898315"
        },
        {
            "gameTime": "1 - 37:4",
            "label": "Ball out of play",
            "position": "2224500",
            "half": "1",
            "confidence": "0.815263569355011"
        },
        {
            "gameTime": "1 - 0:35",
            "label": "Ball out of play",
            "position": "35500",
            "half": "1",
            "confidence": "0.8048442006111145"
        },
        {
            "gameTime": "1 - 40:26",
            "label": "Ball out of play",
            "position": "2426000",
            "half": "1",
            "confidence": "0.8025267124176025"
        },
        {
            "gameTime": "1 - 40:15",
            "label": "Ball out of play",
            "position": "2415000",
            "half": "1",
            "confidence": "0.8023231029510498"
        },
        {
            "gameTime": "1 - 35:54",
            "label": "Ball out of play",
            "position": "2154500",
            "half": "1",
            "confidence": "0.7871896624565125"
        },
        {
            "gameTime": "1 - 21:30",
            "label": "Ball out of play",
            "position": "1290000",
            "half": "1",
            "confidence": "0.7828375101089478"
        },
        {
            "gameTime": "1 - 34:31",
            "label": "Ball out of play",
            "position": "2071000",
            "half": "1",
            "confidence": "0.7823651432991028"
        },
        {
            "gameTime": "1 - 20:6",
            "label": "Ball out of play",
            "position": "1206500",
            "half": "1",
            "confidence": "0.7588601112365723"
        },
        {
            "gameTime": "1 - 32:55",
            "label": "Ball out of play",
            "position": "1975000",
            "half": "1",
            "confidence": "0.7540848851203918"
        },
        {
            "gameTime": "1 - 26:53",
            "label": "Ball out of play",
            "position": "1613000",
            "half": "1",
            "confidence": "0.7328091263771057"
        },
        {
            "gameTime": "1 - 15:54",
            "label": "Ball out of play",
            "position": "954000",
            "half": "1",
            "confidence": "0.7225793600082397"
        },
        {
            "gameTime": "1 - 15:41",
            "label": "Ball out of play",
            "position": "941000",
            "half": "1",
            "confidence": "0.7215778827667236"
        },
        {
            "gameTime": "1 - 2:18",
            "label": "Ball out of play",
            "position": "138500",
            "half": "1",
            "confidence": "0.6998662948608398"
        },
        {
            "gameTime": "1 - 14:30",
            "label": "Ball out of play",
            "position": "870000",
            "half": "1",
            "confidence": "0.6994456648826599"
        },
        {
            "gameTime": "1 - 11:7",
            "label": "Ball out of play",
            "position": "667500",
            "half": "1",
            "confidence": "0.6973381042480469"
        },
        {
            "gameTime": "1 - 7:22",
            "label": "Ball out of play",
            "position": "442000",
            "half": "1",
            "confidence": "0.6883631348609924"
        },
        {
            "gameTime": "1 - 29:0",
            "label": "Ball out of play",
            "position": "1740000",
            "half": "1",
            "confidence": "0.6828774213790894"
        },
        {
            "gameTime": "1 - 1:7",
            "label": "Ball out of play",
            "position": "67000",
            "half": "1",
            "confidence": "0.6817737221717834"
        },
        {
            "gameTime": "1 - 9:41",
            "label": "Ball out of play",
            "position": "581000",
            "half": "1",
            "confidence": "0.6803340315818787"
        },
        {
            "gameTime": "1 - 19:7",
            "label": "Ball out of play",
            "position": "1147000",
            "half": "1",
            "confidence": "0.6666300892829895"
        },
        {
            "gameTime": "1 - 36:54",
            "label": "Ball out of play",
            "position": "2214000",
            "half": "1",
            "confidence": "0.6647096872329712"
        },
        {
            "gameTime": "1 - 0:25",
            "label": "Ball out of play",
            "position": "25000",
            "half": "1",
            "confidence": "0.6583917737007141"
        },
        {
            "gameTime": "1 - 37:51",
            "label": "Ball out of play",
            "position": "2271500",
            "half": "1",
            "confidence": "0.6502470374107361"
        },
        {
            "gameTime": "1 - 38:50",
            "label": "Ball out of play",
            "position": "2330500",
            "half": "1",
            "confidence": "0.6439887285232544"
        },
        {
            "gameTime": "1 - 33:40",
            "label": "Ball out of play",
            "position": "2020500",
            "half": "1",
            "confidence": "0.6418735980987549"
        },
        {
            "gameTime": "1 - 20:47",
            "label": "Ball out of play",
            "position": "1247500",
            "half": "1",
            "confidence": "0.6293584704399109"
        },
        {
            "gameTime": "1 - 34:42",
            "label": "Ball out of play",
            "position": "2082500",
            "half": "1",
            "confidence": "0.6224315166473389"
        },
        {
            "gameTime": "1 - 24:56",
            "label": "Ball out of play",
            "position": "1496500",
            "half": "1",
            "confidence": "0.6043249368667603"
        },
        {
            "gameTime": "1 - 14:13",
            "label": "Ball out of play",
            "position": "853000",
            "half": "1",
            "confidence": "0.5975694060325623"
        },
        {
            "gameTime": "1 - 17:22",
            "label": "Ball out of play",
            "position": "1042500",
            "half": "1",
            "confidence": "0.5906111001968384"
        },
        {
            "gameTime": "1 - 30:16",
            "label": "Ball out of play",
            "position": "1816500",
            "half": "1",
            "confidence": "0.5765782594680786"
        },
        {
            "gameTime": "1 - 14:40",
            "label": "Ball out of play",
            "position": "880000",
            "half": "1",
            "confidence": "0.5739162564277649"
        },
        {
            "gameTime": "1 - 22:12",
            "label": "Ball out of play",
            "position": "1332500",
            "half": "1",
            "confidence": "0.5619848370552063"
        },
        {
            "gameTime": "1 - 44:25",
            "label": "Ball out of play",
            "position": "2665500",
            "half": "1",
            "confidence": "0.56194007396698"
        },
        {
            "gameTime": "1 - 9:8",
            "label": "Ball out of play",
            "position": "548500",
            "half": "1",
            "confidence": "0.5586221218109131"
        },
        {
            "gameTime": "1 - 26:5",
            "label": "Ball out of play",
            "position": "1565500",
            "half": "1",
            "confidence": "0.5584351420402527"
        },
        {
            "gameTime": "1 - 16:9",
            "label": "Ball out of play",
            "position": "969000",
            "half": "1",
            "confidence": "0.5560637712478638"
        },
        {
            "gameTime": "1 - 43:32",
            "label": "Ball out of play",
            "position": "2612000",
            "half": "1",
            "confidence": "0.5551537275314331"
        },
        {
            "gameTime": "1 - 17:11",
            "label": "Ball out of play",
            "position": "1031500",
            "half": "1",
            "confidence": "0.5458217859268188"
        },
        {
            "gameTime": "1 - 43:45",
            "label": "Ball out of play",
            "position": "2625000",
            "half": "1",
            "confidence": "0.5444372892379761"
        },
        {
            "gameTime": "1 - 33:29",
            "label": "Ball out of play",
            "position": "2009500",
            "half": "1",
            "confidence": "0.5380659103393555"
        },
        {
            "gameTime": "1 - 6:0",
            "label": "Ball out of play",
            "position": "360500",
            "half": "1",
            "confidence": "0.5324745774269104"
        },
        {
            "gameTime": "1 - 10:38",
            "label": "Ball out of play",
            "position": "638500",
            "half": "1",
            "confidence": "0.5182713270187378"
        },
        {
            "gameTime": "1 - 23:48",
            "label": "Ball out of play",
            "position": "1428500",
            "half": "1",
            "confidence": "0.5170304179191589"
        },
        {
            "gameTime": "1 - 33:50",
            "label": "Ball out of play",
            "position": "2030500",
            "half": "1",
            "confidence": "0.5115698575973511"
        },
        {
            "gameTime": "1 - 33:17",
            "label": "Ball out of play",
            "position": "1997000",
            "half": "1",
            "confidence": "0.5108729004859924"
        },
        {
            "gameTime": "1 - 18:7",
            "label": "Throw-in",
            "position": "1087000",
            "half": "1",
            "confidence": "0.9661272168159485"
        },
        {
            "gameTime": "1 - 37:6",
            "label": "Throw-in",
            "position": "2226000",
            "half": "1",
            "confidence": "0.9532132148742676"
        },
        {
            "gameTime": "1 - 39:57",
            "label": "Throw-in",
            "position": "2397000",
            "half": "1",
            "confidence": "0.941412627696991"
        },
        {
            "gameTime": "1 - 40:7",
            "label": "Throw-in",
            "position": "2407000",
            "half": "1",
            "confidence": "0.8310302495956421"
        },
        {
            "gameTime": "1 - 39:41",
            "label": "Throw-in",
            "position": "2381000",
            "half": "1",
            "confidence": "0.8259195685386658"
        },
        {
            "gameTime": "1 - 36:55",
            "label": "Throw-in",
            "position": "2215500",
            "half": "1",
            "confidence": "0.8213579654693604"
        },
        {
            "gameTime": "1 - 6:35",
            "label": "Throw-in",
            "position": "395500",
            "half": "1",
            "confidence": "0.8050730228424072"
        },
        {
            "gameTime": "1 - 10:28",
            "label": "Throw-in",
            "position": "628500",
            "half": "1",
            "confidence": "0.7612102031707764"
        },
        {
            "gameTime": "1 - 21:29",
            "label": "Throw-in",
            "position": "1289000",
            "half": "1",
            "confidence": "0.7392240166664124"
        },
        {
            "gameTime": "1 - 1:6",
            "label": "Throw-in",
            "position": "66500",
            "half": "1",
            "confidence": "0.7374044060707092"
        },
        {
            "gameTime": "1 - 22:17",
            "label": "Throw-in",
            "position": "1337000",
            "half": "1",
            "confidence": "0.7034493684768677"
        },
        {
            "gameTime": "1 - 0:36",
            "label": "Throw-in",
            "position": "36000",
            "half": "1",
            "confidence": "0.6942616105079651"
        },
        {
            "gameTime": "1 - 27:20",
            "label": "Throw-in",
            "position": "1640500",
            "half": "1",
            "confidence": "0.6941611170768738"
        },
        {
            "gameTime": "1 - 17:56",
            "label": "Throw-in",
            "position": "1076500",
            "half": "1",
            "confidence": "0.6929869055747986"
        },
        {
            "gameTime": "1 - 1:18",
            "label": "Throw-in",
            "position": "78000",
            "half": "1",
            "confidence": "0.6379036903381348"
        },
        {
            "gameTime": "1 - 22:28",
            "label": "Throw-in",
            "position": "1348000",
            "half": "1",
            "confidence": "0.618768036365509"
        },
        {
            "gameTime": "1 - 33:48",
            "label": "Throw-in",
            "position": "2028000",
            "half": "1",
            "confidence": "0.601564347743988"
        },
        {
            "gameTime": "1 - 24:56",
            "label": "Throw-in",
            "position": "1496500",
            "half": "1",
            "confidence": "0.5946921706199646"
        },
        {
            "gameTime": "1 - 9:48",
            "label": "Throw-in",
            "position": "588000",
            "half": "1",
            "confidence": "0.5923111438751221"
        },
        {
            "gameTime": "1 - 17:28",
            "label": "Throw-in",
            "position": "1048000",
            "half": "1",
            "confidence": "0.5799186825752258"
        },
        {
            "gameTime": "1 - 40:33",
            "label": "Throw-in",
            "position": "2433500",
            "half": "1",
            "confidence": "0.5490237474441528"
        },
        {
            "gameTime": "1 - 44:25",
            "label": "Throw-in",
            "position": "2665000",
            "half": "1",
            "confidence": "0.5464357137680054"
        },
        {
            "gameTime": "1 - 14:33",
            "label": "Throw-in",
            "position": "873500",
            "half": "1",
            "confidence": "0.5092460513114929"
        },
        {
            "gameTime": "1 - 18:17",
            "label": "Throw-in",
            "position": "1097000",
            "half": "1",
            "confidence": "0.5059608221054077"
        },
        {
            "gameTime": "1 - 40:53",
            "label": "Foul",
            "position": "2453500",
            "half": "1",
            "confidence": "0.9123857021331787"
        },
        {
            "gameTime": "1 - 26:12",
            "label": "Foul",
            "position": "1572000",
            "half": "1",
            "confidence": "0.7537279725074768"
        },
        {
            "gameTime": "1 - 42:15",
            "label": "Foul",
            "position": "2535500",
            "half": "1",
            "confidence": "0.7288264036178589"
        },
        {
            "gameTime": "1 - 34:52",
            "label": "Foul",
            "position": "2092500",
            "half": "1",
            "confidence": "0.6845089793205261"
        },
        {
            "gameTime": "1 - 4:14",
            "label": "Foul",
            "position": "254500",
            "half": "1",
            "confidence": "0.667165994644165"
        },
        {
            "gameTime": "1 - 10:47",
            "label": "Foul",
            "position": "647000",
            "half": "1",
            "confidence": "0.6416395306587219"
        },
        {
            "gameTime": "1 - 43:42",
            "label": "Foul",
            "position": "2622500",
            "half": "1",
            "confidence": "0.6225671768188477"
        },
        {
            "gameTime": "1 - 19:10",
            "label": "Foul",
            "position": "1150500",
            "half": "1",
            "confidence": "0.6211360096931458"
        },
        {
            "gameTime": "1 - 20:23",
            "label": "Foul",
            "position": "1223000",
            "half": "1",
            "confidence": "0.6155554056167603"
        },
        {
            "gameTime": "1 - 22:44",
            "label": "Foul",
            "position": "1364000",
            "half": "1",
            "confidence": "0.5642920136451721"
        },
        {
            "gameTime": "1 - 43:26",
            "label": "Foul",
            "position": "2606500",
            "half": "1",
            "confidence": "0.5509442090988159"
        },
        {
            "gameTime": "1 - 39:1",
            "label": "Foul",
            "position": "2341500",
            "half": "1",
            "confidence": "0.5385075807571411"
        },
        {
            "gameTime": "1 - 37:59",
            "label": "Foul",
            "position": "2279500",
            "half": "1",
            "confidence": "0.5205631256103516"
        },
        {
            "gameTime": "1 - 20:58",
            "label": "Foul",
            "position": "1258000",
            "half": "1",
            "confidence": "0.5101569294929504"
        },
        {
            "gameTime": "1 - 42:18",
            "label": "Indirect free-kick",
            "position": "2538500",
            "half": "1",
            "confidence": "0.7502338886260986"
        },
        {
            "gameTime": "1 - 38:10",
            "label": "Indirect free-kick",
            "position": "2290000",
            "half": "1",
            "confidence": "0.7442337870597839"
        },
        {
            "gameTime": "1 - 41:21",
            "label": "Indirect free-kick",
            "position": "2481500",
            "half": "1",
            "confidence": "0.7434481382369995"
        },
        {
            "gameTime": "1 - 20:28",
            "label": "Indirect free-kick",
            "position": "1228000",
            "half": "1",
            "confidence": "0.6876954436302185"
        },
        {
            "gameTime": "1 - 39:5",
            "label": "Indirect free-kick",
            "position": "2345500",
            "half": "1",
            "confidence": "0.647416353225708"
        },
        {
            "gameTime": "1 - 34:50",
            "label": "Indirect free-kick",
            "position": "2090500",
            "half": "1",
            "confidence": "0.630739688873291"
        },
        {
            "gameTime": "1 - 42:30",
            "label": "Indirect free-kick",
            "position": "2550000",
            "half": "1",
            "confidence": "0.6176891922950745"
        },
        {
            "gameTime": "1 - 19:31",
            "label": "Indirect free-kick",
            "position": "1171500",
            "half": "1",
            "confidence": "0.6093146800994873"
        },
        {
            "gameTime": "1 - 37:59",
            "label": "Indirect free-kick",
            "position": "2279500",
            "half": "1",
            "confidence": "0.527898371219635"
        },
        {
            "gameTime": "1 - 32:46",
            "label": "Direct free-kick",
            "position": "1966500",
            "half": "1",
            "confidence": "0.8455120921134949"
        },
        {
            "gameTime": "1 - 26:40",
            "label": "Direct free-kick",
            "position": "1600500",
            "half": "1",
            "confidence": "0.8389155268669128"
        },
        {
            "gameTime": "1 - 26:51",
            "label": "Direct free-kick",
            "position": "1611000",
            "half": "1",
            "confidence": "0.5573614835739136"
        },
        {
            "gameTime": "1 - 13:10",
            "label": "Corner",
            "position": "790500",
            "half": "1",
            "confidence": "0.8948122262954712"
        },
        {
            "gameTime": "1 - 13:48",
            "label": "Corner",
            "position": "828500",
            "half": "1",
            "confidence": "0.8583497405052185"
        },
        {
            "gameTime": "1 - 23:35",
            "label": "Corner",
            "position": "1415000",
            "half": "1",
            "confidence": "0.7309182286262512"
        },
        {
            "gameTime": "1 - 16:12",
            "label": "Corner",
            "position": "972000",
            "half": "1",
            "confidence": "0.6938939690589905"
        },
        {
            "gameTime": "1 - 13:20",
            "label": "Corner",
            "position": "800500",
            "half": "1",
            "confidence": "0.6605519652366638"
        },
        {
            "gameTime": "1 - 27:47",
            "label": "Corner",
            "position": "1667500",
            "half": "1",
            "confidence": "0.6026023626327515"
        },
        {
            "gameTime": "1 - 41:7",
            "label": "Yellow card",
            "position": "2467500",
            "half": "1",
            "confidence": "0.5832635164260864"
        },
        {
            "gameTime": "2 - 21:15",
            "label": "Penalty",
            "position": "1275500",
            "half": "2",
            "confidence": "0.9586602449417114"
        },
        {
            "gameTime": "2 - 23:29",
            "label": "Penalty",
            "position": "1409000",
            "half": "2",
            "confidence": "0.5197257995605469"
        },
        {
            "gameTime": "2 - 0:0",
            "label": "Kick-off",
            "position": "0",
            "half": "2",
            "confidence": "0.9939329028129578"
        },
        {
            "gameTime": "2 - 0:10",
            "label": "Kick-off",
            "position": "10000",
            "half": "2",
            "confidence": "0.9087643027305603"
        },
        {
            "gameTime": "2 - 24:13",
            "label": "Kick-off",
            "position": "1453500",
            "half": "2",
            "confidence": "0.8647497892379761"
        },
        {
            "gameTime": "2 - 25:55",
            "label": "Kick-off",
            "position": "1555000",
            "half": "2",
            "confidence": "0.7653259634971619"
        },
        {
            "gameTime": "2 - 7:12",
            "label": "Kick-off",
            "position": "432000",
            "half": "2",
            "confidence": "0.6780943870544434"
        },
        {
            "gameTime": "2 - 24:2",
            "label": "Kick-off",
            "position": "1442000",
            "half": "2",
            "confidence": "0.637912392616272"
        },
        {
            "gameTime": "2 - 26:46",
            "label": "Kick-off",
            "position": "1606000",
            "half": "2",
            "confidence": "0.6012915968894958"
        },
        {
            "gameTime": "2 - 44:50",
            "label": "Kick-off",
            "position": "2690000",
            "half": "2",
            "confidence": "0.5552814602851868"
        },
        {
            "gameTime": "2 - 46:49",
            "label": "Kick-off",
            "position": "2809000",
            "half": "2",
            "confidence": "0.5403608083724976"
        },
        {
            "gameTime": "2 - 24:27",
            "label": "Kick-off",
            "position": "1467000",
            "half": "2",
            "confidence": "0.5050750970840454"
        },
        {
            "gameTime": "2 - 23:28",
            "label": "Goal",
            "position": "1408500",
            "half": "2",
            "confidence": "0.9649795889854431"
        },
        {
            "gameTime": "2 - 25:12",
            "label": "Goal",
            "position": "1512500",
            "half": "2",
            "confidence": "0.9152202010154724"
        },
        {
            "gameTime": "2 - 23:18",
            "label": "Goal",
            "position": "1398000",
            "half": "2",
            "confidence": "0.7741749286651611"
        },
        {
            "gameTime": "2 - 25:25",
            "label": "Goal",
            "position": "1525500",
            "half": "2",
            "confidence": "0.7477229833602905"
        },
        {
            "gameTime": "2 - 46:11",
            "label": "Goal",
            "position": "2771000",
            "half": "2",
            "confidence": "0.698133111000061"
        },
        {
            "gameTime": "2 - 45:57",
            "label": "Goal",
            "position": "2757000",
            "half": "2",
            "confidence": "0.5089821219444275"
        },
        {
            "gameTime": "2 - 30:47",
            "label": "Substitution",
            "position": "1847000",
            "half": "2",
            "confidence": "0.9344515204429626"
        },
        {
            "gameTime": "2 - 14:56",
            "label": "Substitution",
            "position": "896500",
            "half": "2",
            "confidence": "0.9249922633171082"
        },
        {
            "gameTime": "2 - 41:44",
            "label": "Substitution",
            "position": "2504000",
            "half": "2",
            "confidence": "0.7962186932563782"
        },
        {
            "gameTime": "2 - 29:29",
            "label": "Substitution",
            "position": "1769000",
            "half": "2",
            "confidence": "0.7351719737052917"
        },
        {
            "gameTime": "2 - 30:57",
            "label": "Substitution",
            "position": "1857500",
            "half": "2",
            "confidence": "0.5231210589408875"
        },
        {
            "gameTime": "2 - 23:24",
            "label": "Shots on target",
            "position": "1404000",
            "half": "2",
            "confidence": "0.7411136627197266"
        },
        {
            "gameTime": "2 - 11:24",
            "label": "Shots on target",
            "position": "684500",
            "half": "2",
            "confidence": "0.6343202590942383"
        },
        {
            "gameTime": "2 - 25:12",
            "label": "Shots on target",
            "position": "1512500",
            "half": "2",
            "confidence": "0.6279217600822449"
        },
        {
            "gameTime": "2 - 25:23",
            "label": "Shots on target",
            "position": "1523500",
            "half": "2",
            "confidence": "0.5521439909934998"
        },
        {
            "gameTime": "2 - 21:26",
            "label": "Shots off target",
            "position": "1286500",
            "half": "2",
            "confidence": "0.509441077709198"
        },
        {
            "gameTime": "2 - 19:31",
            "label": "Clearance",
            "position": "1171500",
            "half": "2",
            "confidence": "0.8469864726066589"
        },
        {
            "gameTime": "2 - 10:16",
            "label": "Clearance",
            "position": "616000",
            "half": "2",
            "confidence": "0.8413149118423462"
        },
        {
            "gameTime": "2 - 15:4",
            "label": "Clearance",
            "position": "904000",
            "half": "2",
            "confidence": "0.7491507530212402"
        },
        {
            "gameTime": "2 - 15:14",
            "label": "Clearance",
            "position": "914000",
            "half": "2",
            "confidence": "0.7393236756324768"
        },
        {
            "gameTime": "2 - 16:58",
            "label": "Clearance",
            "position": "1018000",
            "half": "2",
            "confidence": "0.7014983892440796"
        },
        {
            "gameTime": "2 - 26:36",
            "label": "Clearance",
            "position": "1596000",
            "half": "2",
            "confidence": "0.6991708874702454"
        },
        {
            "gameTime": "2 - 26:47",
            "label": "Clearance",
            "position": "1607000",
            "half": "2",
            "confidence": "0.6647547483444214"
        },
        {
            "gameTime": "2 - 10:26",
            "label": "Clearance",
            "position": "626000",
            "half": "2",
            "confidence": "0.6193861365318298"
        },
        {
            "gameTime": "2 - 22:26",
            "label": "Clearance",
            "position": "1346500",
            "half": "2",
            "confidence": "0.6109327673912048"
        },
        {
            "gameTime": "2 - 7:12",
            "label": "Clearance",
            "position": "432000",
            "half": "2",
            "confidence": "0.558925986289978"
        },
        {
            "gameTime": "2 - 19:43",
            "label": "Clearance",
            "position": "1183000",
            "half": "2",
            "confidence": "0.5583184361457825"
        },
        {
            "gameTime": "2 - 25:49",
            "label": "Clearance",
            "position": "1549500",
            "half": "2",
            "confidence": "0.5441907644271851"
        },
        {
            "gameTime": "2 - 20:0",
            "label": "Clearance",
            "position": "1200500",
            "half": "2",
            "confidence": "0.5325304269790649"
        },
        {
            "gameTime": "2 - 29:35",
            "label": "Clearance",
            "position": "1775500",
            "half": "2",
            "confidence": "0.505893349647522"
        },
        {
            "gameTime": "2 - 10:52",
            "label": "Ball out of play",
            "position": "652000",
            "half": "2",
            "confidence": "0.9324033260345459"
        },
        {
            "gameTime": "2 - 34:28",
            "label": "Ball out of play",
            "position": "2068500",
            "half": "2",
            "confidence": "0.928402841091156"
        },
        {
            "gameTime": "2 - 44:13",
            "label": "Ball out of play",
            "position": "2653500",
            "half": "2",
            "confidence": "0.8864374756813049"
        },
        {
            "gameTime": "2 - 14:42",
            "label": "Ball out of play",
            "position": "882000",
            "half": "2",
            "confidence": "0.8750160932540894"
        },
        {
            "gameTime": "2 - 6:56",
            "label": "Ball out of play",
            "position": "416000",
            "half": "2",
            "confidence": "0.8696013689041138"
        },
        {
            "gameTime": "2 - 19:49",
            "label": "Ball out of play",
            "position": "1189000",
            "half": "2",
            "confidence": "0.8589947819709778"
        },
        {
            "gameTime": "2 - 21:18",
            "label": "Ball out of play",
            "position": "1278500",
            "half": "2",
            "confidence": "0.8557193875312805"
        },
        {
            "gameTime": "2 - 34:38",
            "label": "Ball out of play",
            "position": "2078500",
            "half": "2",
            "confidence": "0.8552065491676331"
        },
        {
            "gameTime": "2 - 19:20",
            "label": "Ball out of play",
            "position": "1160500",
            "half": "2",
            "confidence": "0.8523417711257935"
        },
        {
            "gameTime": "2 - 46:1",
            "label": "Ball out of play",
            "position": "2761000",
            "half": "2",
            "confidence": "0.8487441539764404"
        },
        {
            "gameTime": "2 - 44:27",
            "label": "Ball out of play",
            "position": "2667500",
            "half": "2",
            "confidence": "0.8384181261062622"
        },
        {
            "gameTime": "2 - 26:23",
            "label": "Ball out of play",
            "position": "1583500",
            "half": "2",
            "confidence": "0.8355141282081604"
        },
        {
            "gameTime": "2 - 3:44",
            "label": "Ball out of play",
            "position": "224000",
            "half": "2",
            "confidence": "0.8307343125343323"
        },
        {
            "gameTime": "2 - 24:56",
            "label": "Ball out of play",
            "position": "1496500",
            "half": "2",
            "confidence": "0.8164510130882263"
        },
        {
            "gameTime": "2 - 22:4",
            "label": "Ball out of play",
            "position": "1324000",
            "half": "2",
            "confidence": "0.8133051991462708"
        },
        {
            "gameTime": "2 - 43:32",
            "label": "Ball out of play",
            "position": "2612500",
            "half": "2",
            "confidence": "0.7875074148178101"
        },
        {
            "gameTime": "2 - 1:38",
            "label": "Ball out of play",
            "position": "98000",
            "half": "2",
            "confidence": "0.767400324344635"
        },
        {
            "gameTime": "2 - 26:34",
            "label": "Ball out of play",
            "position": "1594500",
            "half": "2",
            "confidence": "0.7478234767913818"
        },
        {
            "gameTime": "2 - 19:10",
            "label": "Ball out of play",
            "position": "1150000",
            "half": "2",
            "confidence": "0.7309377193450928"
        },
        {
            "gameTime": "2 - 21:53",
            "label": "Ball out of play",
            "position": "1313500",
            "half": "2",
            "confidence": "0.7293727993965149"
        },
        {
            "gameTime": "2 - 21:1",
            "label": "Ball out of play",
            "position": "1261500",
            "half": "2",
            "confidence": "0.7276316285133362"
        },
        {
            "gameTime": "2 - 37:17",
            "label": "Ball out of play",
            "position": "2237000",
            "half": "2",
            "confidence": "0.717863917350769"
        },
        {
            "gameTime": "2 - 14:52",
            "label": "Ball out of play",
            "position": "892000",
            "half": "2",
            "confidence": "0.7091652750968933"
        },
        {
            "gameTime": "2 - 21:28",
            "label": "Ball out of play",
            "position": "1288500",
            "half": "2",
            "confidence": "0.707482635974884"
        },
        {
            "gameTime": "2 - 43:17",
            "label": "Ball out of play",
            "position": "2597000",
            "half": "2",
            "confidence": "0.7071962952613831"
        },
        {
            "gameTime": "2 - 43:42",
            "label": "Ball out of play",
            "position": "2622500",
            "half": "2",
            "confidence": "0.6779981255531311"
        },
        {
            "gameTime": "2 - 23:16",
            "label": "Ball out of play",
            "position": "1396000",
            "half": "2",
            "confidence": "0.6709285974502563"
        },
        {
            "gameTime": "2 - 19:30",
            "label": "Ball out of play",
            "position": "1170500",
            "half": "2",
            "confidence": "0.6482575535774231"
        },
        {
            "gameTime": "2 - 9:50",
            "label": "Ball out of play",
            "position": "590500",
            "half": "2",
            "confidence": "0.6448654532432556"
        },
        {
            "gameTime": "2 - 2:6",
            "label": "Ball out of play",
            "position": "126500",
            "half": "2",
            "confidence": "0.6346229314804077"
        },
        {
            "gameTime": "2 - 42:47",
            "label": "Ball out of play",
            "position": "2567500",
            "half": "2",
            "confidence": "0.6206660270690918"
        },
        {
            "gameTime": "2 - 11:2",
            "label": "Ball out of play",
            "position": "662500",
            "half": "2",
            "confidence": "0.6205573678016663"
        },
        {
            "gameTime": "2 - 8:3",
            "label": "Ball out of play",
            "position": "483000",
            "half": "2",
            "confidence": "0.6199701428413391"
        },
        {
            "gameTime": "2 - 5:55",
            "label": "Ball out of play",
            "position": "355500",
            "half": "2",
            "confidence": "0.6193320751190186"
        },
        {
            "gameTime": "2 - 4:3",
            "label": "Ball out of play",
            "position": "243000",
            "half": "2",
            "confidence": "0.6133803725242615"
        },
        {
            "gameTime": "2 - 10:41",
            "label": "Ball out of play",
            "position": "641500",
            "half": "2",
            "confidence": "0.6063362956047058"
        },
        {
            "gameTime": "2 - 16:50",
            "label": "Ball out of play",
            "position": "1010500",
            "half": "2",
            "confidence": "0.6058767437934875"
        },
        {
            "gameTime": "2 - 6:45",
            "label": "Ball out of play",
            "position": "405500",
            "half": "2",
            "confidence": "0.6044876575469971"
        },
        {
            "gameTime": "2 - 11:30",
            "label": "Ball out of play",
            "position": "690500",
            "half": "2",
            "confidence": "0.6013063192367554"
        },
        {
            "gameTime": "2 - 37:50",
            "label": "Ball out of play",
            "position": "2270000",
            "half": "2",
            "confidence": "0.5913649797439575"
        },
        {
            "gameTime": "2 - 5:33",
            "label": "Ball out of play",
            "position": "333000",
            "half": "2",
            "confidence": "0.5856202840805054"
        },
        {
            "gameTime": "2 - 2:29",
            "label": "Ball out of play",
            "position": "149000",
            "half": "2",
            "confidence": "0.5722094178199768"
        },
        {
            "gameTime": "2 - 18:40",
            "label": "Ball out of play",
            "position": "1120500",
            "half": "2",
            "confidence": "0.5567483305931091"
        },
        {
            "gameTime": "2 - 9:7",
            "label": "Ball out of play",
            "position": "547000",
            "half": "2",
            "confidence": "0.5528636574745178"
        },
        {
            "gameTime": "2 - 31:0",
            "label": "Ball out of play",
            "position": "1860000",
            "half": "2",
            "confidence": "0.5346042513847351"
        },
        {
            "gameTime": "2 - 0:16",
            "label": "Ball out of play",
            "position": "16500",
            "half": "2",
            "confidence": "0.5322480797767639"
        },
        {
            "gameTime": "2 - 5:44",
            "label": "Ball out of play",
            "position": "344500",
            "half": "2",
            "confidence": "0.5234003663063049"
        },
        {
            "gameTime": "2 - 32:24",
            "label": "Ball out of play",
            "position": "1944500",
            "half": "2",
            "confidence": "0.5176785588264465"
        },
        {
            "gameTime": "2 - 11:20",
            "label": "Ball out of play",
            "position": "680000",
            "half": "2",
            "confidence": "0.5096043944358826"
        },
        {
            "gameTime": "2 - 2:16",
            "label": "Ball out of play",
            "position": "136500",
            "half": "2",
            "confidence": "0.5052986145019531"
        },
        {
            "gameTime": "2 - 2:39",
            "label": "Ball out of play",
            "position": "159500",
            "half": "2",
            "confidence": "0.5043998956680298"
        },
        {
            "gameTime": "2 - 5:55",
            "label": "Throw-in",
            "position": "355500",
            "half": "2",
            "confidence": "0.9805606603622437"
        },
        {
            "gameTime": "2 - 43:17",
            "label": "Throw-in",
            "position": "2597500",
            "half": "2",
            "confidence": "0.969711184501648"
        },
        {
            "gameTime": "2 - 5:45",
            "label": "Throw-in",
            "position": "345000",
            "half": "2",
            "confidence": "0.9572392106056213"
        },
        {
            "gameTime": "2 - 43:32",
            "label": "Throw-in",
            "position": "2612500",
            "half": "2",
            "confidence": "0.95109623670578"
        },
        {
            "gameTime": "2 - 4:9",
            "label": "Throw-in",
            "position": "249000",
            "half": "2",
            "confidence": "0.8295868635177612"
        },
        {
            "gameTime": "2 - 10:55",
            "label": "Throw-in",
            "position": "655000",
            "half": "2",
            "confidence": "0.7979092001914978"
        },
        {
            "gameTime": "2 - 4:19",
            "label": "Throw-in",
            "position": "259500",
            "half": "2",
            "confidence": "0.7873808741569519"
        },
        {
            "gameTime": "2 - 3:50",
            "label": "Throw-in",
            "position": "230500",
            "half": "2",
            "confidence": "0.7529116868972778"
        },
        {
            "gameTime": "2 - 42:52",
            "label": "Throw-in",
            "position": "2572000",
            "half": "2",
            "confidence": "0.69715815782547"
        },
        {
            "gameTime": "2 - 26:16",
            "label": "Throw-in",
            "position": "1576500",
            "half": "2",
            "confidence": "0.6700549125671387"
        },
        {
            "gameTime": "2 - 44:27",
            "label": "Throw-in",
            "position": "2667500",
            "half": "2",
            "confidence": "0.6672477126121521"
        },
        {
            "gameTime": "2 - 44:13",
            "label": "Throw-in",
            "position": "2653500",
            "half": "2",
            "confidence": "0.6235417723655701"
        },
        {
            "gameTime": "2 - 5:34",
            "label": "Throw-in",
            "position": "334500",
            "half": "2",
            "confidence": "0.5680127739906311"
        },
        {
            "gameTime": "2 - 43:2",
            "label": "Throw-in",
            "position": "2582500",
            "half": "2",
            "confidence": "0.5679124593734741"
        },
        {
            "gameTime": "2 - 24:57",
            "label": "Throw-in",
            "position": "1497500",
            "half": "2",
            "confidence": "0.5459403991699219"
        },
        {
            "gameTime": "2 - 0:17",
            "label": "Throw-in",
            "position": "17000",
            "half": "2",
            "confidence": "0.5162883400917053"
        },
        {
            "gameTime": "2 - 35:15",
            "label": "Foul",
            "position": "2115000",
            "half": "2",
            "confidence": "0.8230819702148438"
        },
        {
            "gameTime": "2 - 30:14",
            "label": "Foul",
            "position": "1814500",
            "half": "2",
            "confidence": "0.8142356872558594"
        },
        {
            "gameTime": "2 - 41:11",
            "label": "Foul",
            "position": "2471500",
            "half": "2",
            "confidence": "0.772333025932312"
        },
        {
            "gameTime": "2 - 4:36",
            "label": "Foul",
            "position": "276000",
            "half": "2",
            "confidence": "0.7106847167015076"
        },
        {
            "gameTime": "2 - 42:20",
            "label": "Foul",
            "position": "2540500",
            "half": "2",
            "confidence": "0.6821572184562683"
        },
        {
            "gameTime": "2 - 20:23",
            "label": "Foul",
            "position": "1223500",
            "half": "2",
            "confidence": "0.6266940236091614"
        },
        {
            "gameTime": "2 - 0:14",
            "label": "Foul",
            "position": "14500",
            "half": "2",
            "confidence": "0.5633891820907593"
        },
        {
            "gameTime": "2 - 18:28",
            "label": "Foul",
            "position": "1108500",
            "half": "2",
            "confidence": "0.5444666743278503"
        },
        {
            "gameTime": "2 - 42:32",
            "label": "Foul",
            "position": "2552000",
            "half": "2",
            "confidence": "0.5369997024536133"
        },
        {
            "gameTime": "2 - 6:5",
            "label": "Foul",
            "position": "365500",
            "half": "2",
            "confidence": "0.5156617164611816"
        },
        {
            "gameTime": "2 - 7:33",
            "label": "Foul",
            "position": "453500",
            "half": "2",
            "confidence": "0.5090890526771545"
        },
        {
            "gameTime": "2 - 37:48",
            "label": "Foul",
            "position": "2268500",
            "half": "2",
            "confidence": "0.506567120552063"
        },
        {
            "gameTime": "2 - 30:25",
            "label": "Foul",
            "position": "1825000",
            "half": "2",
            "confidence": "0.5026324391365051"
        },
        {
            "gameTime": "2 - 39:35",
            "label": "Foul",
            "position": "2375500",
            "half": "2",
            "confidence": "0.5025530457496643"
        },
        {
            "gameTime": "2 - 41:18",
            "label": "Indirect free-kick",
            "position": "2478500",
            "half": "2",
            "confidence": "0.7359235882759094"
        },
        {
            "gameTime": "2 - 4:50",
            "label": "Indirect free-kick",
            "position": "290500",
            "half": "2",
            "confidence": "0.6519930958747864"
        },
        {
            "gameTime": "2 - 42:6",
            "label": "Indirect free-kick",
            "position": "2526500",
            "half": "2",
            "confidence": "0.6473617553710938"
        },
        {
            "gameTime": "2 - 35:12",
            "label": "Indirect free-kick",
            "position": "2112000",
            "half": "2",
            "confidence": "0.6249726414680481"
        },
        {
            "gameTime": "2 - 30:15",
            "label": "Indirect free-kick",
            "position": "1815000",
            "half": "2",
            "confidence": "0.6085329651832581"
        },
        {
            "gameTime": "2 - 39:36",
            "label": "Indirect free-kick",
            "position": "2376500",
            "half": "2",
            "confidence": "0.5790795087814331"
        },
        {
            "gameTime": "2 - 14:10",
            "label": "Indirect free-kick",
            "position": "850000",
            "half": "2",
            "confidence": "0.5697010159492493"
        },
        {
            "gameTime": "2 - 14:24",
            "label": "Indirect free-kick",
            "position": "864500",
            "half": "2",
            "confidence": "0.5633971095085144"
        },
        {
            "gameTime": "2 - 38:0",
            "label": "Indirect free-kick",
            "position": "2280500",
            "half": "2",
            "confidence": "0.5504224896430969"
        },
        {
            "gameTime": "2 - 7:29",
            "label": "Indirect free-kick",
            "position": "449500",
            "half": "2",
            "confidence": "0.5424083471298218"
        },
        {
            "gameTime": "2 - 41:37",
            "label": "Indirect free-kick",
            "position": "2497500",
            "half": "2",
            "confidence": "0.5219162702560425"
        },
        {
            "gameTime": "2 - 32:23",
            "label": "Direct free-kick",
            "position": "1943000",
            "half": "2",
            "confidence": "0.910197913646698"
        },
        {
            "gameTime": "2 - 6:47",
            "label": "Direct free-kick",
            "position": "407500",
            "half": "2",
            "confidence": "0.9035878777503967"
        },
        {
            "gameTime": "2 - 36:18",
            "label": "Direct free-kick",
            "position": "2178000",
            "half": "2",
            "confidence": "0.7433962225914001"
        },
        {
            "gameTime": "2 - 32:12",
            "label": "Direct free-kick",
            "position": "1932500",
            "half": "2",
            "confidence": "0.7007049322128296"
        },
        {
            "gameTime": "2 - 34:43",
            "label": "Corner",
            "position": "2083500",
            "half": "2",
            "confidence": "0.8999289870262146"
        },
        {
            "gameTime": "2 - 37:21",
            "label": "Corner",
            "position": "2241000",
            "half": "2",
            "confidence": "0.8991186618804932"
        },
        {
            "gameTime": "2 - 19:7",
            "label": "Corner",
            "position": "1147000",
            "half": "2",
            "confidence": "0.8208656907081604"
        },
        {
            "gameTime": "2 - 3:15",
            "label": "Corner",
            "position": "195500",
            "half": "2",
            "confidence": "0.7176095247268677"
        },
        {
            "gameTime": "2 - 37:32",
            "label": "Corner",
            "position": "2252000",
            "half": "2",
            "confidence": "0.6082147359848022"
        },
        {
            "gameTime": "2 - 31:14",
            "label": "Yellow card",
            "position": "1874500",
            "half": "2",
            "confidence": "0.532983124256134"
        },
        {
            "gameTime": "2 - 30:30",
            "label": "Yellow card",
            "position": "1830500",
            "half": "2",
            "confidence": "0.5317432284355164"
        }
    ]
}