{
    "UrlLocal": "france_ligue-1/2016-2017/2017-02-24 - 18-00 Nice 2 - 1 Montpellier",
    "predictions": [
        {
            "gameTime": "1 - 8:34",
            "label": "subs",
            "position": "514000",
            "half": "1",
            "confidence": "0.6598452925682068"
        },
        {
            "gameTime": "1 - 10:24",
            "label": "subs",
            "position": "624000",
            "half": "1",
            "confidence": "0.563080906867981"
        },
        {
            "gameTime": "1 - 47:46",
            "label": "subs",
            "position": "2866500",
            "half": "1",
            "confidence": "0.5119275450706482"
        },
        {
            "gameTime": "1 - 8:23",
            "label": "soccer",
            "position": "503000",
            "half": "1",
            "confidence": "0.9215748310089111"
        },
        {
            "gameTime": "2 - 25:29",
            "label": "card",
            "position": "1529500",
            "half": "2",
            "confidence": "0.9723296761512756"
        },
        {
            "gameTime": "2 - 25:42",
            "label": "card",
            "position": "1542500",
            "half": "2",
            "confidence": "0.960168719291687"
        },
        {
            "gameTime": "2 - 3:35",
            "label": "card",
            "position": "215000",
            "half": "2",
            "confidence": "0.5451129674911499"
        },
        {
            "gameTime": "2 - 42:12",
            "label": "subs",
            "position": "2532500",
            "half": "2",
            "confidence": "0.9773364663124084"
        },
        {
            "gameTime": "2 - 42:23",
            "label": "subs",
            "position": "2543000",
            "half": "2",
            "confidence": "0.9661349654197693"
        },
        {
            "gameTime": "2 - 24:21",
            "label": "subs",
            "position": "1461500",
            "half": "2",
            "confidence": "0.9559216499328613"
        },
        {
            "gameTime": "2 - 14:10",
            "label": "subs",
            "position": "850000",
            "half": "2",
            "confidence": "0.9354221820831299"
        },
        {
            "gameTime": "2 - 42:2",
            "label": "subs",
            "position": "2522000",
            "half": "2",
            "confidence": "0.9334551692008972"
        },
        {
            "gameTime": "2 - 31:53",
            "label": "subs",
            "position": "1913500",
            "half": "2",
            "confidence": "0.9297546148300171"
        },
        {
            "gameTime": "2 - 41:24",
            "label": "subs",
            "position": "2484000",
            "half": "2",
            "confidence": "0.9143082499504089"
        },
        {
            "gameTime": "2 - 41:34",
            "label": "subs",
            "position": "2494000",
            "half": "2",
            "confidence": "0.912599503993988"
        },
        {
            "gameTime": "2 - 24:31",
            "label": "subs",
            "position": "1471500",
            "half": "2",
            "confidence": "0.9083062410354614"
        },
        {
            "gameTime": "2 - 13:59",
            "label": "subs",
            "position": "839500",
            "half": "2",
            "confidence": "0.8992081880569458"
        },
        {
            "gameTime": "2 - 32:12",
            "label": "subs",
            "position": "1932000",
            "half": "2",
            "confidence": "0.7679082155227661"
        },
        {
            "gameTime": "2 - 31:43",
            "label": "subs",
            "position": "1903000",
            "half": "2",
            "confidence": "0.6794974207878113"
        },
        {
            "gameTime": "2 - 25:48",
            "label": "subs",
            "position": "1548000",
            "half": "2",
            "confidence": "0.5216561555862427"
        },
        {
            "gameTime": "2 - 39:53",
            "label": "soccer",
            "position": "2393000",
            "half": "2",
            "confidence": "0.5121603012084961"
        }
    ]
}