{
    "UrlLocal": "europe_uefa-champions-league/2015-2016/2015-11-03 - 22-45 Real Madrid 1 - 0 Paris SG",
    "predictions": [
        {
            "gameTime": "1 - 0:35",
            "label": "Kick-off",
            "position": "35500",
            "half": "1",
            "confidence": "0.995960533618927"
        },
        {
            "gameTime": "1 - 0:0",
            "label": "Kick-off",
            "position": "0",
            "half": "1",
            "confidence": "0.967287003993988"
        },
        {
            "gameTime": "1 - 0:45",
            "label": "Kick-off",
            "position": "45500",
            "half": "1",
            "confidence": "0.8239125609397888"
        },
        {
            "gameTime": "1 - 0:16",
            "label": "Kick-off",
            "position": "16000",
            "half": "1",
            "confidence": "0.7990561127662659"
        },
        {
            "gameTime": "1 - 35:35",
            "label": "Kick-off",
            "position": "2135000",
            "half": "1",
            "confidence": "0.7470506429672241"
        },
        {
            "gameTime": "1 - 34:37",
            "label": "Goal",
            "position": "2077000",
            "half": "1",
            "confidence": "0.9969534873962402"
        },
        {
            "gameTime": "1 - 34:26",
            "label": "Goal",
            "position": "2066000",
            "half": "1",
            "confidence": "0.934683620929718"
        },
        {
            "gameTime": "1 - 16:28",
            "label": "Substitution",
            "position": "988500",
            "half": "1",
            "confidence": "0.9012458324432373"
        },
        {
            "gameTime": "1 - 32:5",
            "label": "Substitution",
            "position": "1925000",
            "half": "1",
            "confidence": "0.7226284146308899"
        },
        {
            "gameTime": "1 - 16:38",
            "label": "Substitution",
            "position": "998500",
            "half": "1",
            "confidence": "0.7201259136199951"
        },
        {
            "gameTime": "1 - 16:18",
            "label": "Substitution",
            "position": "978000",
            "half": "1",
            "confidence": "0.5077078342437744"
        },
        {
            "gameTime": "1 - 34:36",
            "label": "Shots on target",
            "position": "2076000",
            "half": "1",
            "confidence": "0.7937724590301514"
        },
        {
            "gameTime": "1 - 15:25",
            "label": "Shots on target",
            "position": "925500",
            "half": "1",
            "confidence": "0.5072502493858337"
        },
        {
            "gameTime": "1 - 34:25",
            "label": "Shots on target",
            "position": "2065500",
            "half": "1",
            "confidence": "0.5071241855621338"
        },
        {
            "gameTime": "1 - 38:52",
            "label": "Shots off target",
            "position": "2332500",
            "half": "1",
            "confidence": "0.7628308534622192"
        },
        {
            "gameTime": "1 - 28:43",
            "label": "Shots off target",
            "position": "1723500",
            "half": "1",
            "confidence": "0.6282998323440552"
        },
        {
            "gameTime": "1 - 15:26",
            "label": "Shots off target",
            "position": "926000",
            "half": "1",
            "confidence": "0.5320621132850647"
        },
        {
            "gameTime": "1 - 38:42",
            "label": "Shots off target",
            "position": "2322000",
            "half": "1",
            "confidence": "0.5127653479576111"
        },
        {
            "gameTime": "1 - 17:23",
            "label": "Clearance",
            "position": "1043500",
            "half": "1",
            "confidence": "0.9067896604537964"
        },
        {
            "gameTime": "1 - 40:3",
            "label": "Clearance",
            "position": "2403000",
            "half": "1",
            "confidence": "0.8851490616798401"
        },
        {
            "gameTime": "1 - 28:47",
            "label": "Clearance",
            "position": "1727500",
            "half": "1",
            "confidence": "0.8327370882034302"
        },
        {
            "gameTime": "1 - 25:51",
            "label": "Clearance",
            "position": "1551500",
            "half": "1",
            "confidence": "0.7604054808616638"
        },
        {
            "gameTime": "1 - 35:39",
            "label": "Clearance",
            "position": "2139500",
            "half": "1",
            "confidence": "0.7049572467803955"
        },
        {
            "gameTime": "1 - 17:33",
            "label": "Clearance",
            "position": "1053500",
            "half": "1",
            "confidence": "0.6584360003471375"
        },
        {
            "gameTime": "1 - 37:22",
            "label": "Clearance",
            "position": "2242000",
            "half": "1",
            "confidence": "0.6302359104156494"
        },
        {
            "gameTime": "1 - 1:0",
            "label": "Clearance",
            "position": "60000",
            "half": "1",
            "confidence": "0.552033543586731"
        },
        {
            "gameTime": "1 - 43:40",
            "label": "Clearance",
            "position": "2620500",
            "half": "1",
            "confidence": "0.5519402027130127"
        },
        {
            "gameTime": "1 - 17:13",
            "label": "Clearance",
            "position": "1033000",
            "half": "1",
            "confidence": "0.5496074557304382"
        },
        {
            "gameTime": "1 - 2:12",
            "label": "Clearance",
            "position": "132500",
            "half": "1",
            "confidence": "0.5379899144172668"
        },
        {
            "gameTime": "1 - 35:28",
            "label": "Clearance",
            "position": "2128500",
            "half": "1",
            "confidence": "0.5274344086647034"
        },
        {
            "gameTime": "1 - 20:36",
            "label": "Clearance",
            "position": "1236000",
            "half": "1",
            "confidence": "0.5164361596107483"
        },
        {
            "gameTime": "1 - 22:19",
            "label": "Clearance",
            "position": "1339500",
            "half": "1",
            "confidence": "0.5051332712173462"
        },
        {
            "gameTime": "1 - 42:40",
            "label": "Ball out of play",
            "position": "2560500",
            "half": "1",
            "confidence": "0.9461685419082642"
        },
        {
            "gameTime": "1 - 3:29",
            "label": "Ball out of play",
            "position": "209500",
            "half": "1",
            "confidence": "0.9353917241096497"
        },
        {
            "gameTime": "1 - 38:59",
            "label": "Ball out of play",
            "position": "2339000",
            "half": "1",
            "confidence": "0.918300986289978"
        },
        {
            "gameTime": "1 - 32:50",
            "label": "Ball out of play",
            "position": "1970000",
            "half": "1",
            "confidence": "0.9113947749137878"
        },
        {
            "gameTime": "1 - 3:44",
            "label": "Ball out of play",
            "position": "224500",
            "half": "1",
            "confidence": "0.9021804332733154"
        },
        {
            "gameTime": "1 - 42:52",
            "label": "Ball out of play",
            "position": "2572000",
            "half": "1",
            "confidence": "0.8921987414360046"
        },
        {
            "gameTime": "1 - 39:25",
            "label": "Ball out of play",
            "position": "2365000",
            "half": "1",
            "confidence": "0.8693564534187317"
        },
        {
            "gameTime": "1 - 41:2",
            "label": "Ball out of play",
            "position": "2462500",
            "half": "1",
            "confidence": "0.8608064651489258"
        },
        {
            "gameTime": "1 - 38:46",
            "label": "Ball out of play",
            "position": "2326500",
            "half": "1",
            "confidence": "0.8578802347183228"
        },
        {
            "gameTime": "1 - 1:56",
            "label": "Ball out of play",
            "position": "116500",
            "half": "1",
            "confidence": "0.848861575126648"
        },
        {
            "gameTime": "1 - 18:6",
            "label": "Ball out of play",
            "position": "1086500",
            "half": "1",
            "confidence": "0.8345269560813904"
        },
        {
            "gameTime": "1 - 43:13",
            "label": "Ball out of play",
            "position": "2593000",
            "half": "1",
            "confidence": "0.8298379778862"
        },
        {
            "gameTime": "1 - 43:57",
            "label": "Ball out of play",
            "position": "2637500",
            "half": "1",
            "confidence": "0.8217196464538574"
        },
        {
            "gameTime": "1 - 8:9",
            "label": "Ball out of play",
            "position": "489500",
            "half": "1",
            "confidence": "0.8198293447494507"
        },
        {
            "gameTime": "1 - 3:19",
            "label": "Ball out of play",
            "position": "199000",
            "half": "1",
            "confidence": "0.8117296099662781"
        },
        {
            "gameTime": "1 - 39:35",
            "label": "Ball out of play",
            "position": "2375000",
            "half": "1",
            "confidence": "0.8110026121139526"
        },
        {
            "gameTime": "1 - 39:14",
            "label": "Ball out of play",
            "position": "2354000",
            "half": "1",
            "confidence": "0.8004792332649231"
        },
        {
            "gameTime": "1 - 5:13",
            "label": "Ball out of play",
            "position": "313000",
            "half": "1",
            "confidence": "0.7963707447052002"
        },
        {
            "gameTime": "1 - 19:34",
            "label": "Ball out of play",
            "position": "1174000",
            "half": "1",
            "confidence": "0.786949098110199"
        },
        {
            "gameTime": "1 - 17:55",
            "label": "Ball out of play",
            "position": "1075500",
            "half": "1",
            "confidence": "0.7847200036048889"
        },
        {
            "gameTime": "1 - 23:49",
            "label": "Ball out of play",
            "position": "1429500",
            "half": "1",
            "confidence": "0.7815641760826111"
        },
        {
            "gameTime": "1 - 8:43",
            "label": "Ball out of play",
            "position": "523500",
            "half": "1",
            "confidence": "0.7774613499641418"
        },
        {
            "gameTime": "1 - 33:0",
            "label": "Ball out of play",
            "position": "1980000",
            "half": "1",
            "confidence": "0.7752693891525269"
        },
        {
            "gameTime": "1 - 32:26",
            "label": "Ball out of play",
            "position": "1946500",
            "half": "1",
            "confidence": "0.7685326933860779"
        },
        {
            "gameTime": "1 - 41:12",
            "label": "Ball out of play",
            "position": "2472500",
            "half": "1",
            "confidence": "0.7604365348815918"
        },
        {
            "gameTime": "1 - 34:32",
            "label": "Ball out of play",
            "position": "2072500",
            "half": "1",
            "confidence": "0.7440336346626282"
        },
        {
            "gameTime": "1 - 21:42",
            "label": "Ball out of play",
            "position": "1302000",
            "half": "1",
            "confidence": "0.7167417407035828"
        },
        {
            "gameTime": "1 - 2:48",
            "label": "Ball out of play",
            "position": "168500",
            "half": "1",
            "confidence": "0.7054134011268616"
        },
        {
            "gameTime": "1 - 22:24",
            "label": "Ball out of play",
            "position": "1344000",
            "half": "1",
            "confidence": "0.7053910493850708"
        },
        {
            "gameTime": "1 - 39:45",
            "label": "Ball out of play",
            "position": "2385000",
            "half": "1",
            "confidence": "0.694678544998169"
        },
        {
            "gameTime": "1 - 44:54",
            "label": "Ball out of play",
            "position": "2694000",
            "half": "1",
            "confidence": "0.6756525039672852"
        },
        {
            "gameTime": "1 - 25:37",
            "label": "Ball out of play",
            "position": "1537000",
            "half": "1",
            "confidence": "0.663748025894165"
        },
        {
            "gameTime": "1 - 20:14",
            "label": "Ball out of play",
            "position": "1214000",
            "half": "1",
            "confidence": "0.6614751219749451"
        },
        {
            "gameTime": "1 - 19:22",
            "label": "Ball out of play",
            "position": "1162500",
            "half": "1",
            "confidence": "0.6389703154563904"
        },
        {
            "gameTime": "1 - 31:46",
            "label": "Ball out of play",
            "position": "1906500",
            "half": "1",
            "confidence": "0.6375282406806946"
        },
        {
            "gameTime": "1 - 23:30",
            "label": "Ball out of play",
            "position": "1410500",
            "half": "1",
            "confidence": "0.6266567707061768"
        },
        {
            "gameTime": "1 - 22:12",
            "label": "Ball out of play",
            "position": "1332000",
            "half": "1",
            "confidence": "0.6128430366516113"
        },
        {
            "gameTime": "1 - 3:54",
            "label": "Ball out of play",
            "position": "234500",
            "half": "1",
            "confidence": "0.6122511029243469"
        },
        {
            "gameTime": "1 - 33:24",
            "label": "Ball out of play",
            "position": "2004500",
            "half": "1",
            "confidence": "0.6107691526412964"
        },
        {
            "gameTime": "1 - 23:18",
            "label": "Ball out of play",
            "position": "1398500",
            "half": "1",
            "confidence": "0.6075474619865417"
        },
        {
            "gameTime": "1 - 29:59",
            "label": "Ball out of play",
            "position": "1799500",
            "half": "1",
            "confidence": "0.6027927994728088"
        },
        {
            "gameTime": "1 - 28:33",
            "label": "Ball out of play",
            "position": "1713000",
            "half": "1",
            "confidence": "0.5956920981407166"
        },
        {
            "gameTime": "1 - 22:42",
            "label": "Ball out of play",
            "position": "1362000",
            "half": "1",
            "confidence": "0.5938606262207031"
        },
        {
            "gameTime": "1 - 17:2",
            "label": "Ball out of play",
            "position": "1022000",
            "half": "1",
            "confidence": "0.5806028842926025"
        },
        {
            "gameTime": "1 - 2:6",
            "label": "Ball out of play",
            "position": "126500",
            "half": "1",
            "confidence": "0.5771519541740417"
        },
        {
            "gameTime": "1 - 26:55",
            "label": "Ball out of play",
            "position": "1615500",
            "half": "1",
            "confidence": "0.5737469792366028"
        },
        {
            "gameTime": "1 - 25:26",
            "label": "Ball out of play",
            "position": "1526500",
            "half": "1",
            "confidence": "0.5571567416191101"
        },
        {
            "gameTime": "1 - 43:23",
            "label": "Ball out of play",
            "position": "2603000",
            "half": "1",
            "confidence": "0.5532158017158508"
        },
        {
            "gameTime": "1 - 4:10",
            "label": "Ball out of play",
            "position": "250000",
            "half": "1",
            "confidence": "0.5506346225738525"
        },
        {
            "gameTime": "1 - 15:12",
            "label": "Ball out of play",
            "position": "912500",
            "half": "1",
            "confidence": "0.5496218800544739"
        },
        {
            "gameTime": "1 - 30:9",
            "label": "Ball out of play",
            "position": "1809500",
            "half": "1",
            "confidence": "0.5341083407402039"
        },
        {
            "gameTime": "1 - 31:0",
            "label": "Ball out of play",
            "position": "1860000",
            "half": "1",
            "confidence": "0.5199668407440186"
        },
        {
            "gameTime": "1 - 36:56",
            "label": "Ball out of play",
            "position": "2216500",
            "half": "1",
            "confidence": "0.5113592147827148"
        },
        {
            "gameTime": "1 - 41:15",
            "label": "Throw-in",
            "position": "2475500",
            "half": "1",
            "confidence": "0.948091447353363"
        },
        {
            "gameTime": "1 - 39:20",
            "label": "Throw-in",
            "position": "2360500",
            "half": "1",
            "confidence": "0.9448997974395752"
        },
        {
            "gameTime": "1 - 32:26",
            "label": "Throw-in",
            "position": "1946000",
            "half": "1",
            "confidence": "0.9412282109260559"
        },
        {
            "gameTime": "1 - 3:37",
            "label": "Throw-in",
            "position": "217500",
            "half": "1",
            "confidence": "0.937561571598053"
        },
        {
            "gameTime": "1 - 3:27",
            "label": "Throw-in",
            "position": "207000",
            "half": "1",
            "confidence": "0.9262303709983826"
        },
        {
            "gameTime": "1 - 18:1",
            "label": "Throw-in",
            "position": "1081000",
            "half": "1",
            "confidence": "0.9016703367233276"
        },
        {
            "gameTime": "1 - 19:31",
            "label": "Throw-in",
            "position": "1171500",
            "half": "1",
            "confidence": "0.8705195188522339"
        },
        {
            "gameTime": "1 - 3:49",
            "label": "Throw-in",
            "position": "229500",
            "half": "1",
            "confidence": "0.8465192317962646"
        },
        {
            "gameTime": "1 - 32:49",
            "label": "Throw-in",
            "position": "1969500",
            "half": "1",
            "confidence": "0.843542218208313"
        },
        {
            "gameTime": "1 - 22:40",
            "label": "Throw-in",
            "position": "1360500",
            "half": "1",
            "confidence": "0.7817482948303223"
        },
        {
            "gameTime": "1 - 43:57",
            "label": "Throw-in",
            "position": "2637500",
            "half": "1",
            "confidence": "0.7723613977432251"
        },
        {
            "gameTime": "1 - 32:15",
            "label": "Throw-in",
            "position": "1935500",
            "half": "1",
            "confidence": "0.7668206095695496"
        },
        {
            "gameTime": "1 - 29:9",
            "label": "Throw-in",
            "position": "1749500",
            "half": "1",
            "confidence": "0.7543621063232422"
        },
        {
            "gameTime": "1 - 3:16",
            "label": "Throw-in",
            "position": "196500",
            "half": "1",
            "confidence": "0.7193922400474548"
        },
        {
            "gameTime": "1 - 41:5",
            "label": "Throw-in",
            "position": "2465000",
            "half": "1",
            "confidence": "0.711848258972168"
        },
        {
            "gameTime": "1 - 33:24",
            "label": "Throw-in",
            "position": "2004500",
            "half": "1",
            "confidence": "0.7076719403266907"
        },
        {
            "gameTime": "1 - 20:22",
            "label": "Throw-in",
            "position": "1222000",
            "half": "1",
            "confidence": "0.7036596536636353"
        },
        {
            "gameTime": "1 - 5:10",
            "label": "Throw-in",
            "position": "310500",
            "half": "1",
            "confidence": "0.6972320079803467"
        },
        {
            "gameTime": "1 - 39:10",
            "label": "Throw-in",
            "position": "2350000",
            "half": "1",
            "confidence": "0.6687934398651123"
        },
        {
            "gameTime": "1 - 4:59",
            "label": "Throw-in",
            "position": "299500",
            "half": "1",
            "confidence": "0.6438918113708496"
        },
        {
            "gameTime": "1 - 29:19",
            "label": "Throw-in",
            "position": "1759500",
            "half": "1",
            "confidence": "0.6347455382347107"
        },
        {
            "gameTime": "1 - 1:7",
            "label": "Throw-in",
            "position": "67500",
            "half": "1",
            "confidence": "0.6199992299079895"
        },
        {
            "gameTime": "1 - 26:20",
            "label": "Throw-in",
            "position": "1580500",
            "half": "1",
            "confidence": "0.5611720681190491"
        },
        {
            "gameTime": "1 - 31:1",
            "label": "Throw-in",
            "position": "1861000",
            "half": "1",
            "confidence": "0.5515466928482056"
        },
        {
            "gameTime": "1 - 1:54",
            "label": "Throw-in",
            "position": "114000",
            "half": "1",
            "confidence": "0.5404332876205444"
        },
        {
            "gameTime": "1 - 8:40",
            "label": "Throw-in",
            "position": "520500",
            "half": "1",
            "confidence": "0.5144485831260681"
        },
        {
            "gameTime": "1 - 18:11",
            "label": "Throw-in",
            "position": "1091500",
            "half": "1",
            "confidence": "0.5013659596443176"
        },
        {
            "gameTime": "1 - 24:40",
            "label": "Foul",
            "position": "1480500",
            "half": "1",
            "confidence": "0.9427058696746826"
        },
        {
            "gameTime": "1 - 33:35",
            "label": "Foul",
            "position": "2015500",
            "half": "1",
            "confidence": "0.9295825958251953"
        },
        {
            "gameTime": "1 - 24:50",
            "label": "Foul",
            "position": "1490500",
            "half": "1",
            "confidence": "0.8999146223068237"
        },
        {
            "gameTime": "1 - 37:58",
            "label": "Foul",
            "position": "2278500",
            "half": "1",
            "confidence": "0.8950870633125305"
        },
        {
            "gameTime": "1 - 33:45",
            "label": "Foul",
            "position": "2025500",
            "half": "1",
            "confidence": "0.8363264203071594"
        },
        {
            "gameTime": "1 - 19:50",
            "label": "Foul",
            "position": "1190000",
            "half": "1",
            "confidence": "0.833238422870636"
        },
        {
            "gameTime": "1 - 27:46",
            "label": "Foul",
            "position": "1666500",
            "half": "1",
            "confidence": "0.8310389518737793"
        },
        {
            "gameTime": "1 - 33:56",
            "label": "Foul",
            "position": "2036500",
            "half": "1",
            "confidence": "0.7865599989891052"
        },
        {
            "gameTime": "1 - 19:39",
            "label": "Foul",
            "position": "1179500",
            "half": "1",
            "confidence": "0.6666462421417236"
        },
        {
            "gameTime": "1 - 2:57",
            "label": "Foul",
            "position": "177500",
            "half": "1",
            "confidence": "0.6473830342292786"
        },
        {
            "gameTime": "1 - 12:35",
            "label": "Foul",
            "position": "755000",
            "half": "1",
            "confidence": "0.6205788850784302"
        },
        {
            "gameTime": "1 - 15:47",
            "label": "Foul",
            "position": "947500",
            "half": "1",
            "confidence": "0.5715874433517456"
        },
        {
            "gameTime": "1 - 26:39",
            "label": "Foul",
            "position": "1599000",
            "half": "1",
            "confidence": "0.5352762341499329"
        },
        {
            "gameTime": "1 - 4:35",
            "label": "Foul",
            "position": "275500",
            "half": "1",
            "confidence": "0.5230457782745361"
        },
        {
            "gameTime": "1 - 12:35",
            "label": "Indirect free-kick",
            "position": "755500",
            "half": "1",
            "confidence": "0.7001292109489441"
        },
        {
            "gameTime": "1 - 19:56",
            "label": "Indirect free-kick",
            "position": "1196000",
            "half": "1",
            "confidence": "0.672235906124115"
        },
        {
            "gameTime": "1 - 25:50",
            "label": "Indirect free-kick",
            "position": "1550500",
            "half": "1",
            "confidence": "0.6283074617385864"
        },
        {
            "gameTime": "1 - 24:48",
            "label": "Indirect free-kick",
            "position": "1488000",
            "half": "1",
            "confidence": "0.5940802693367004"
        },
        {
            "gameTime": "1 - 12:45",
            "label": "Indirect free-kick",
            "position": "765500",
            "half": "1",
            "confidence": "0.5330297946929932"
        },
        {
            "gameTime": "1 - 4:58",
            "label": "Indirect free-kick",
            "position": "298000",
            "half": "1",
            "confidence": "0.5276461839675903"
        },
        {
            "gameTime": "1 - 2:56",
            "label": "Indirect free-kick",
            "position": "176000",
            "half": "1",
            "confidence": "0.522980809211731"
        },
        {
            "gameTime": "1 - 28:33",
            "label": "Direct free-kick",
            "position": "1713500",
            "half": "1",
            "confidence": "0.7090902924537659"
        },
        {
            "gameTime": "1 - 38:41",
            "label": "Direct free-kick",
            "position": "2321500",
            "half": "1",
            "confidence": "0.5272989869117737"
        },
        {
            "gameTime": "1 - 8:29",
            "label": "Corner",
            "position": "509000",
            "half": "1",
            "confidence": "0.9654549360275269"
        },
        {
            "gameTime": "1 - 43:4",
            "label": "Corner",
            "position": "2584500",
            "half": "1",
            "confidence": "0.9476922750473022"
        },
        {
            "gameTime": "1 - 31:49",
            "label": "Corner",
            "position": "1909000",
            "half": "1",
            "confidence": "0.7251455783843994"
        },
        {
            "gameTime": "1 - 8:39",
            "label": "Corner",
            "position": "519000",
            "half": "1",
            "confidence": "0.5371230840682983"
        },
        {
            "gameTime": "1 - 44:48",
            "label": "Corner",
            "position": "2688500",
            "half": "1",
            "confidence": "0.5313143730163574"
        },
        {
            "gameTime": "1 - 43:17",
            "label": "Corner",
            "position": "2597500",
            "half": "1",
            "confidence": "0.5110287666320801"
        },
        {
            "gameTime": "1 - 33:41",
            "label": "Yellow card",
            "position": "2021000",
            "half": "1",
            "confidence": "0.686039388179779"
        },
        {
            "gameTime": "1 - 33:52",
            "label": "Yellow card",
            "position": "2032500",
            "half": "1",
            "confidence": "0.6650042533874512"
        },
        {
            "gameTime": "2 - 10:24",
            "label": "Penalty",
            "position": "624000",
            "half": "2",
            "confidence": "0.5651524662971497"
        },
        {
            "gameTime": "2 - 0:2",
            "label": "Kick-off",
            "position": "2000",
            "half": "2",
            "confidence": "0.983944833278656"
        },
        {
            "gameTime": "2 - 36:3",
            "label": "Substitution",
            "position": "2163500",
            "half": "2",
            "confidence": "0.9866784811019897"
        },
        {
            "gameTime": "2 - 29:13",
            "label": "Substitution",
            "position": "1753000",
            "half": "2",
            "confidence": "0.9702445268630981"
        },
        {
            "gameTime": "2 - 36:13",
            "label": "Substitution",
            "position": "2173500",
            "half": "2",
            "confidence": "0.9320791363716125"
        },
        {
            "gameTime": "2 - 17:19",
            "label": "Substitution",
            "position": "1039500",
            "half": "2",
            "confidence": "0.9294689893722534"
        },
        {
            "gameTime": "2 - 23:32",
            "label": "Offside",
            "position": "1412500",
            "half": "2",
            "confidence": "0.792561411857605"
        },
        {
            "gameTime": "2 - 30:58",
            "label": "Offside",
            "position": "1858500",
            "half": "2",
            "confidence": "0.7266128063201904"
        },
        {
            "gameTime": "2 - 28:0",
            "label": "Shots on target",
            "position": "1680000",
            "half": "2",
            "confidence": "0.5279152393341064"
        },
        {
            "gameTime": "2 - 9:1",
            "label": "Shots off target",
            "position": "541000",
            "half": "2",
            "confidence": "0.726008951663971"
        },
        {
            "gameTime": "2 - 43:28",
            "label": "Shots off target",
            "position": "2608500",
            "half": "2",
            "confidence": "0.5351308584213257"
        },
        {
            "gameTime": "2 - 3:41",
            "label": "Clearance",
            "position": "221000",
            "half": "2",
            "confidence": "0.945438802242279"
        },
        {
            "gameTime": "2 - 43:43",
            "label": "Clearance",
            "position": "2623000",
            "half": "2",
            "confidence": "0.917521595954895"
        },
        {
            "gameTime": "2 - 19:5",
            "label": "Clearance",
            "position": "1145500",
            "half": "2",
            "confidence": "0.8875547051429749"
        },
        {
            "gameTime": "2 - 36:18",
            "label": "Clearance",
            "position": "2178000",
            "half": "2",
            "confidence": "0.868537425994873"
        },
        {
            "gameTime": "2 - 31:1",
            "label": "Clearance",
            "position": "1861500",
            "half": "2",
            "confidence": "0.680008590221405"
        },
        {
            "gameTime": "2 - 22:14",
            "label": "Clearance",
            "position": "1334500",
            "half": "2",
            "confidence": "0.6515218019485474"
        },
        {
            "gameTime": "2 - 26:49",
            "label": "Clearance",
            "position": "1609500",
            "half": "2",
            "confidence": "0.6492499709129333"
        },
        {
            "gameTime": "2 - 40:39",
            "label": "Clearance",
            "position": "2439500",
            "half": "2",
            "confidence": "0.6249478459358215"
        },
        {
            "gameTime": "2 - 16:1",
            "label": "Clearance",
            "position": "961000",
            "half": "2",
            "confidence": "0.5863074064254761"
        },
        {
            "gameTime": "2 - 9:0",
            "label": "Clearance",
            "position": "540000",
            "half": "2",
            "confidence": "0.54659503698349"
        },
        {
            "gameTime": "2 - 16:11",
            "label": "Clearance",
            "position": "971000",
            "half": "2",
            "confidence": "0.518742024898529"
        },
        {
            "gameTime": "2 - 22:4",
            "label": "Clearance",
            "position": "1324000",
            "half": "2",
            "confidence": "0.5033760666847229"
        },
        {
            "gameTime": "2 - 34:18",
            "label": "Ball out of play",
            "position": "2058000",
            "half": "2",
            "confidence": "0.9367634654045105"
        },
        {
            "gameTime": "2 - 32:3",
            "label": "Ball out of play",
            "position": "1923500",
            "half": "2",
            "confidence": "0.9295961856842041"
        },
        {
            "gameTime": "2 - 45:52",
            "label": "Ball out of play",
            "position": "2752500",
            "half": "2",
            "confidence": "0.9202370047569275"
        },
        {
            "gameTime": "2 - 11:44",
            "label": "Ball out of play",
            "position": "704000",
            "half": "2",
            "confidence": "0.8905116319656372"
        },
        {
            "gameTime": "2 - 0:23",
            "label": "Ball out of play",
            "position": "23000",
            "half": "2",
            "confidence": "0.8806852698326111"
        },
        {
            "gameTime": "2 - 35:35",
            "label": "Ball out of play",
            "position": "2135500",
            "half": "2",
            "confidence": "0.8767474889755249"
        },
        {
            "gameTime": "2 - 10:25",
            "label": "Ball out of play",
            "position": "625000",
            "half": "2",
            "confidence": "0.8696033954620361"
        },
        {
            "gameTime": "2 - 7:0",
            "label": "Ball out of play",
            "position": "420500",
            "half": "2",
            "confidence": "0.8686754107475281"
        },
        {
            "gameTime": "2 - 16:52",
            "label": "Ball out of play",
            "position": "1012000",
            "half": "2",
            "confidence": "0.8669020533561707"
        },
        {
            "gameTime": "2 - 4:16",
            "label": "Ball out of play",
            "position": "256000",
            "half": "2",
            "confidence": "0.8658992052078247"
        },
        {
            "gameTime": "2 - 20:41",
            "label": "Ball out of play",
            "position": "1241500",
            "half": "2",
            "confidence": "0.863889753818512"
        },
        {
            "gameTime": "2 - 27:28",
            "label": "Ball out of play",
            "position": "1648500",
            "half": "2",
            "confidence": "0.8500932455062866"
        },
        {
            "gameTime": "2 - 23:21",
            "label": "Ball out of play",
            "position": "1401000",
            "half": "2",
            "confidence": "0.8448111414909363"
        },
        {
            "gameTime": "2 - 14:10",
            "label": "Ball out of play",
            "position": "850000",
            "half": "2",
            "confidence": "0.8418111205101013"
        },
        {
            "gameTime": "2 - 7:11",
            "label": "Ball out of play",
            "position": "431000",
            "half": "2",
            "confidence": "0.8378488421440125"
        },
        {
            "gameTime": "2 - 40:18",
            "label": "Ball out of play",
            "position": "2418500",
            "half": "2",
            "confidence": "0.8327478766441345"
        },
        {
            "gameTime": "2 - 9:5",
            "label": "Ball out of play",
            "position": "545000",
            "half": "2",
            "confidence": "0.8255047798156738"
        },
        {
            "gameTime": "2 - 13:16",
            "label": "Ball out of play",
            "position": "796500",
            "half": "2",
            "confidence": "0.8199586272239685"
        },
        {
            "gameTime": "2 - 20:11",
            "label": "Ball out of play",
            "position": "1211500",
            "half": "2",
            "confidence": "0.8155125379562378"
        },
        {
            "gameTime": "2 - 34:42",
            "label": "Ball out of play",
            "position": "2082500",
            "half": "2",
            "confidence": "0.8144343495368958"
        },
        {
            "gameTime": "2 - 31:53",
            "label": "Ball out of play",
            "position": "1913000",
            "half": "2",
            "confidence": "0.8006179332733154"
        },
        {
            "gameTime": "2 - 24:24",
            "label": "Ball out of play",
            "position": "1464500",
            "half": "2",
            "confidence": "0.793152391910553"
        },
        {
            "gameTime": "2 - 1:8",
            "label": "Ball out of play",
            "position": "68500",
            "half": "2",
            "confidence": "0.7911959290504456"
        },
        {
            "gameTime": "2 - 20:23",
            "label": "Ball out of play",
            "position": "1223000",
            "half": "2",
            "confidence": "0.785278856754303"
        },
        {
            "gameTime": "2 - 4:26",
            "label": "Ball out of play",
            "position": "266500",
            "half": "2",
            "confidence": "0.7828022241592407"
        },
        {
            "gameTime": "2 - 26:22",
            "label": "Ball out of play",
            "position": "1582000",
            "half": "2",
            "confidence": "0.7730922102928162"
        },
        {
            "gameTime": "2 - 24:13",
            "label": "Ball out of play",
            "position": "1453000",
            "half": "2",
            "confidence": "0.7695120573043823"
        },
        {
            "gameTime": "2 - 28:4",
            "label": "Ball out of play",
            "position": "1684500",
            "half": "2",
            "confidence": "0.7586395740509033"
        },
        {
            "gameTime": "2 - 3:20",
            "label": "Ball out of play",
            "position": "200000",
            "half": "2",
            "confidence": "0.7495028376579285"
        },
        {
            "gameTime": "2 - 43:20",
            "label": "Ball out of play",
            "position": "2600500",
            "half": "2",
            "confidence": "0.7419677972793579"
        },
        {
            "gameTime": "2 - 1:23",
            "label": "Ball out of play",
            "position": "83500",
            "half": "2",
            "confidence": "0.7373315095901489"
        },
        {
            "gameTime": "2 - 35:45",
            "label": "Ball out of play",
            "position": "2145500",
            "half": "2",
            "confidence": "0.7204033136367798"
        },
        {
            "gameTime": "2 - 20:52",
            "label": "Ball out of play",
            "position": "1252000",
            "half": "2",
            "confidence": "0.7111552953720093"
        },
        {
            "gameTime": "2 - 4:40",
            "label": "Ball out of play",
            "position": "280000",
            "half": "2",
            "confidence": "0.706670343875885"
        },
        {
            "gameTime": "2 - 8:5",
            "label": "Ball out of play",
            "position": "485500",
            "half": "2",
            "confidence": "0.7062171101570129"
        },
        {
            "gameTime": "2 - 16:22",
            "label": "Ball out of play",
            "position": "982500",
            "half": "2",
            "confidence": "0.7015379071235657"
        },
        {
            "gameTime": "2 - 3:49",
            "label": "Ball out of play",
            "position": "229500",
            "half": "2",
            "confidence": "0.6926959753036499"
        },
        {
            "gameTime": "2 - 43:30",
            "label": "Ball out of play",
            "position": "2610500",
            "half": "2",
            "confidence": "0.6778221130371094"
        },
        {
            "gameTime": "2 - 8:54",
            "label": "Ball out of play",
            "position": "534500",
            "half": "2",
            "confidence": "0.676688015460968"
        },
        {
            "gameTime": "2 - 28:47",
            "label": "Ball out of play",
            "position": "1727000",
            "half": "2",
            "confidence": "0.6596052050590515"
        },
        {
            "gameTime": "2 - 10:14",
            "label": "Ball out of play",
            "position": "614500",
            "half": "2",
            "confidence": "0.658013105392456"
        },
        {
            "gameTime": "2 - 27:39",
            "label": "Ball out of play",
            "position": "1659500",
            "half": "2",
            "confidence": "0.6512963175773621"
        },
        {
            "gameTime": "2 - 20:1",
            "label": "Ball out of play",
            "position": "1201000",
            "half": "2",
            "confidence": "0.6476269960403442"
        },
        {
            "gameTime": "2 - 10:58",
            "label": "Ball out of play",
            "position": "658000",
            "half": "2",
            "confidence": "0.6394202709197998"
        },
        {
            "gameTime": "2 - 15:32",
            "label": "Ball out of play",
            "position": "932500",
            "half": "2",
            "confidence": "0.6069789528846741"
        },
        {
            "gameTime": "2 - 27:54",
            "label": "Ball out of play",
            "position": "1674000",
            "half": "2",
            "confidence": "0.6064810156822205"
        },
        {
            "gameTime": "2 - 0:34",
            "label": "Ball out of play",
            "position": "34000",
            "half": "2",
            "confidence": "0.605661153793335"
        },
        {
            "gameTime": "2 - 7:29",
            "label": "Ball out of play",
            "position": "449000",
            "half": "2",
            "confidence": "0.601563572883606"
        },
        {
            "gameTime": "2 - 16:12",
            "label": "Ball out of play",
            "position": "972000",
            "half": "2",
            "confidence": "0.5868639945983887"
        },
        {
            "gameTime": "2 - 18:46",
            "label": "Ball out of play",
            "position": "1126500",
            "half": "2",
            "confidence": "0.5862242579460144"
        },
        {
            "gameTime": "2 - 1:50",
            "label": "Ball out of play",
            "position": "110000",
            "half": "2",
            "confidence": "0.5858471989631653"
        },
        {
            "gameTime": "2 - 25:14",
            "label": "Ball out of play",
            "position": "1514000",
            "half": "2",
            "confidence": "0.5840960144996643"
        },
        {
            "gameTime": "2 - 17:59",
            "label": "Ball out of play",
            "position": "1079000",
            "half": "2",
            "confidence": "0.5720805525779724"
        },
        {
            "gameTime": "2 - 45:42",
            "label": "Ball out of play",
            "position": "2742000",
            "half": "2",
            "confidence": "0.5718340873718262"
        },
        {
            "gameTime": "2 - 30:57",
            "label": "Ball out of play",
            "position": "1857000",
            "half": "2",
            "confidence": "0.5626036524772644"
        },
        {
            "gameTime": "2 - 21:36",
            "label": "Ball out of play",
            "position": "1296500",
            "half": "2",
            "confidence": "0.559117317199707"
        },
        {
            "gameTime": "2 - 37:49",
            "label": "Ball out of play",
            "position": "2269000",
            "half": "2",
            "confidence": "0.5291683077812195"
        },
        {
            "gameTime": "2 - 9:31",
            "label": "Ball out of play",
            "position": "571000",
            "half": "2",
            "confidence": "0.527293860912323"
        },
        {
            "gameTime": "2 - 4:0",
            "label": "Ball out of play",
            "position": "240000",
            "half": "2",
            "confidence": "0.5264685153961182"
        },
        {
            "gameTime": "2 - 27:17",
            "label": "Ball out of play",
            "position": "1637000",
            "half": "2",
            "confidence": "0.5258556008338928"
        },
        {
            "gameTime": "2 - 8:10",
            "label": "Throw-in",
            "position": "490000",
            "half": "2",
            "confidence": "0.9612371325492859"
        },
        {
            "gameTime": "2 - 8:20",
            "label": "Throw-in",
            "position": "500000",
            "half": "2",
            "confidence": "0.9259778261184692"
        },
        {
            "gameTime": "2 - 17:35",
            "label": "Throw-in",
            "position": "1055000",
            "half": "2",
            "confidence": "0.9134296178817749"
        },
        {
            "gameTime": "2 - 24:18",
            "label": "Throw-in",
            "position": "1458500",
            "half": "2",
            "confidence": "0.8765072226524353"
        },
        {
            "gameTime": "2 - 16:52",
            "label": "Throw-in",
            "position": "1012000",
            "half": "2",
            "confidence": "0.8528125286102295"
        },
        {
            "gameTime": "2 - 20:52",
            "label": "Throw-in",
            "position": "1252000",
            "half": "2",
            "confidence": "0.7747267484664917"
        },
        {
            "gameTime": "2 - 1:51",
            "label": "Throw-in",
            "position": "111000",
            "half": "2",
            "confidence": "0.763277530670166"
        },
        {
            "gameTime": "2 - 17:55",
            "label": "Throw-in",
            "position": "1075500",
            "half": "2",
            "confidence": "0.7579011917114258"
        },
        {
            "gameTime": "2 - 16:25",
            "label": "Throw-in",
            "position": "985000",
            "half": "2",
            "confidence": "0.7432267665863037"
        },
        {
            "gameTime": "2 - 4:6",
            "label": "Throw-in",
            "position": "246500",
            "half": "2",
            "confidence": "0.7425016164779663"
        },
        {
            "gameTime": "2 - 4:41",
            "label": "Throw-in",
            "position": "281000",
            "half": "2",
            "confidence": "0.7421301007270813"
        },
        {
            "gameTime": "2 - 14:4",
            "label": "Throw-in",
            "position": "844000",
            "half": "2",
            "confidence": "0.7398001551628113"
        },
        {
            "gameTime": "2 - 24:28",
            "label": "Throw-in",
            "position": "1468500",
            "half": "2",
            "confidence": "0.7387109994888306"
        },
        {
            "gameTime": "2 - 1:23",
            "label": "Throw-in",
            "position": "83500",
            "half": "2",
            "confidence": "0.7373836040496826"
        },
        {
            "gameTime": "2 - 25:15",
            "label": "Throw-in",
            "position": "1515000",
            "half": "2",
            "confidence": "0.7360482811927795"
        },
        {
            "gameTime": "2 - 17:24",
            "label": "Throw-in",
            "position": "1044500",
            "half": "2",
            "confidence": "0.7185921669006348"
        },
        {
            "gameTime": "2 - 41:4",
            "label": "Throw-in",
            "position": "2464000",
            "half": "2",
            "confidence": "0.678970992565155"
        },
        {
            "gameTime": "2 - 1:34",
            "label": "Throw-in",
            "position": "94500",
            "half": "2",
            "confidence": "0.6628590226173401"
        },
        {
            "gameTime": "2 - 27:17",
            "label": "Throw-in",
            "position": "1637000",
            "half": "2",
            "confidence": "0.6578503847122192"
        },
        {
            "gameTime": "2 - 9:31",
            "label": "Throw-in",
            "position": "571000",
            "half": "2",
            "confidence": "0.6566255688667297"
        },
        {
            "gameTime": "2 - 0:31",
            "label": "Throw-in",
            "position": "31500",
            "half": "2",
            "confidence": "0.6492615342140198"
        },
        {
            "gameTime": "2 - 6:58",
            "label": "Throw-in",
            "position": "418000",
            "half": "2",
            "confidence": "0.6481713056564331"
        },
        {
            "gameTime": "2 - 25:4",
            "label": "Throw-in",
            "position": "1504500",
            "half": "2",
            "confidence": "0.589486300945282"
        },
        {
            "gameTime": "2 - 38:44",
            "label": "Throw-in",
            "position": "2324500",
            "half": "2",
            "confidence": "0.5877704620361328"
        },
        {
            "gameTime": "2 - 1:8",
            "label": "Throw-in",
            "position": "68500",
            "half": "2",
            "confidence": "0.5705002546310425"
        },
        {
            "gameTime": "2 - 20:23",
            "label": "Throw-in",
            "position": "1223000",
            "half": "2",
            "confidence": "0.5701404809951782"
        },
        {
            "gameTime": "2 - 16:41",
            "label": "Throw-in",
            "position": "1001000",
            "half": "2",
            "confidence": "0.562630295753479"
        },
        {
            "gameTime": "2 - 2:58",
            "label": "Throw-in",
            "position": "178000",
            "half": "2",
            "confidence": "0.5624555349349976"
        },
        {
            "gameTime": "2 - 45:31",
            "label": "Throw-in",
            "position": "2731000",
            "half": "2",
            "confidence": "0.560255229473114"
        },
        {
            "gameTime": "2 - 20:35",
            "label": "Throw-in",
            "position": "1235000",
            "half": "2",
            "confidence": "0.5451775193214417"
        },
        {
            "gameTime": "2 - 23:21",
            "label": "Throw-in",
            "position": "1401500",
            "half": "2",
            "confidence": "0.5372664928436279"
        },
        {
            "gameTime": "2 - 24:8",
            "label": "Throw-in",
            "position": "1448000",
            "half": "2",
            "confidence": "0.5335997939109802"
        },
        {
            "gameTime": "2 - 32:55",
            "label": "Throw-in",
            "position": "1975500",
            "half": "2",
            "confidence": "0.5307714939117432"
        },
        {
            "gameTime": "2 - 27:6",
            "label": "Throw-in",
            "position": "1626500",
            "half": "2",
            "confidence": "0.5210224986076355"
        },
        {
            "gameTime": "2 - 12:33",
            "label": "Foul",
            "position": "753500",
            "half": "2",
            "confidence": "0.8065723180770874"
        },
        {
            "gameTime": "2 - 29:56",
            "label": "Foul",
            "position": "1796500",
            "half": "2",
            "confidence": "0.8063622117042542"
        },
        {
            "gameTime": "2 - 21:1",
            "label": "Foul",
            "position": "1261500",
            "half": "2",
            "confidence": "0.7841057777404785"
        },
        {
            "gameTime": "2 - 30:8",
            "label": "Foul",
            "position": "1808000",
            "half": "2",
            "confidence": "0.7276630997657776"
        },
        {
            "gameTime": "2 - 19:9",
            "label": "Foul",
            "position": "1149500",
            "half": "2",
            "confidence": "0.7239806652069092"
        },
        {
            "gameTime": "2 - 12:21",
            "label": "Foul",
            "position": "741500",
            "half": "2",
            "confidence": "0.7230827808380127"
        },
        {
            "gameTime": "2 - 2:5",
            "label": "Foul",
            "position": "125500",
            "half": "2",
            "confidence": "0.6364926695823669"
        },
        {
            "gameTime": "2 - 42:13",
            "label": "Foul",
            "position": "2533000",
            "half": "2",
            "confidence": "0.5800203680992126"
        },
        {
            "gameTime": "2 - 38:50",
            "label": "Foul",
            "position": "2330000",
            "half": "2",
            "confidence": "0.5697827339172363"
        },
        {
            "gameTime": "2 - 7:42",
            "label": "Foul",
            "position": "462500",
            "half": "2",
            "confidence": "0.5287328958511353"
        },
        {
            "gameTime": "2 - 18:2",
            "label": "Foul",
            "position": "1082000",
            "half": "2",
            "confidence": "0.5238604545593262"
        },
        {
            "gameTime": "2 - 46:32",
            "label": "Foul",
            "position": "2792500",
            "half": "2",
            "confidence": "0.5096355676651001"
        },
        {
            "gameTime": "2 - 22:14",
            "label": "Indirect free-kick",
            "position": "1334000",
            "half": "2",
            "confidence": "0.7115806937217712"
        },
        {
            "gameTime": "2 - 39:12",
            "label": "Indirect free-kick",
            "position": "2352500",
            "half": "2",
            "confidence": "0.6725413203239441"
        },
        {
            "gameTime": "2 - 12:34",
            "label": "Indirect free-kick",
            "position": "754500",
            "half": "2",
            "confidence": "0.5731365084648132"
        },
        {
            "gameTime": "2 - 31:5",
            "label": "Indirect free-kick",
            "position": "1865500",
            "half": "2",
            "confidence": "0.5430222749710083"
        },
        {
            "gameTime": "2 - 19:20",
            "label": "Indirect free-kick",
            "position": "1160500",
            "half": "2",
            "confidence": "0.5420759320259094"
        },
        {
            "gameTime": "2 - 22:24",
            "label": "Indirect free-kick",
            "position": "1344000",
            "half": "2",
            "confidence": "0.5376274585723877"
        },
        {
            "gameTime": "2 - 31:17",
            "label": "Indirect free-kick",
            "position": "1877000",
            "half": "2",
            "confidence": "0.519835889339447"
        },
        {
            "gameTime": "2 - 43:11",
            "label": "Direct free-kick",
            "position": "2591000",
            "half": "2",
            "confidence": "0.7751146554946899"
        },
        {
            "gameTime": "2 - 32:23",
            "label": "Corner",
            "position": "1943500",
            "half": "2",
            "confidence": "0.9787053465843201"
        },
        {
            "gameTime": "2 - 28:29",
            "label": "Corner",
            "position": "1709000",
            "half": "2",
            "confidence": "0.9735134840011597"
        },
        {
            "gameTime": "2 - 10:51",
            "label": "Corner",
            "position": "651000",
            "half": "2",
            "confidence": "0.9300643801689148"
        },
        {
            "gameTime": "2 - 34:46",
            "label": "Corner",
            "position": "2086000",
            "half": "2",
            "confidence": "0.9225176572799683"
        },
        {
            "gameTime": "2 - 28:39",
            "label": "Corner",
            "position": "1719000",
            "half": "2",
            "confidence": "0.8879721164703369"
        },
        {
            "gameTime": "2 - 20:2",
            "label": "Corner",
            "position": "1202500",
            "half": "2",
            "confidence": "0.8041300177574158"
        },
        {
            "gameTime": "2 - 32:13",
            "label": "Corner",
            "position": "1933000",
            "half": "2",
            "confidence": "0.7932893633842468"
        },
        {
            "gameTime": "2 - 20:13",
            "label": "Corner",
            "position": "1213500",
            "half": "2",
            "confidence": "0.6419935822486877"
        },
        {
            "gameTime": "2 - 21:7",
            "label": "Yellow card",
            "position": "1267500",
            "half": "2",
            "confidence": "0.9708117842674255"
        },
        {
            "gameTime": "2 - 2:10",
            "label": "Yellow card",
            "position": "130500",
            "half": "2",
            "confidence": "0.9032922983169556"
        },
        {
            "gameTime": "2 - 20:57",
            "label": "Yellow card",
            "position": "1257000",
            "half": "2",
            "confidence": "0.8893936276435852"
        },
        {
            "gameTime": "2 - 43:1",
            "label": "Yellow card",
            "position": "2581500",
            "half": "2",
            "confidence": "0.6540602445602417"
        },
        {
            "gameTime": "2 - 2:20",
            "label": "Yellow card",
            "position": "140500",
            "half": "2",
            "confidence": "0.6320679187774658"
        },
        {
            "gameTime": "2 - 46:25",
            "label": "Yellow card",
            "position": "2785000",
            "half": "2",
            "confidence": "0.617569625377655"
        }
    ]
}