{
    "UrlLocal": "spain_laliga/2015-2016/2015-08-29 - 23-30 Real Madrid 5 - 0 Betis",
    "predictions": [
        {
            "gameTime": "1 - 37:14",
            "label": "card",
            "position": "2234500",
            "half": "1",
            "confidence": "0.7712506055831909"
        },
        {
            "gameTime": "1 - 37:24",
            "label": "card",
            "position": "2244500",
            "half": "1",
            "confidence": "0.5994026064872742"
        },
        {
            "gameTime": "1 - 34:53",
            "label": "soccer",
            "position": "2093000",
            "half": "1",
            "confidence": "0.9128337502479553"
        },
        {
            "gameTime": "1 - 1:36",
            "label": "soccer",
            "position": "96500",
            "half": "1",
            "confidence": "0.8005379438400269"
        },
        {
            "gameTime": "2 - 46:9",
            "label": "card",
            "position": "2769000",
            "half": "2",
            "confidence": "0.8004297614097595"
        },
        {
            "gameTime": "2 - 45:58",
            "label": "card",
            "position": "2758500",
            "half": "2",
            "confidence": "0.6890575885772705"
        },
        {
            "gameTime": "2 - 40:34",
            "label": "card",
            "position": "2434500",
            "half": "2",
            "confidence": "0.6384348273277283"
        },
        {
            "gameTime": "2 - 7:9",
            "label": "subs",
            "position": "429500",
            "half": "2",
            "confidence": "0.9383258819580078"
        },
        {
            "gameTime": "2 - 35:9",
            "label": "subs",
            "position": "2109000",
            "half": "2",
            "confidence": "0.8873299360275269"
        },
        {
            "gameTime": "2 - 29:6",
            "label": "subs",
            "position": "1746000",
            "half": "2",
            "confidence": "0.7883262634277344"
        },
        {
            "gameTime": "2 - 29:16",
            "label": "subs",
            "position": "1756000",
            "half": "2",
            "confidence": "0.777242124080658"
        },
        {
            "gameTime": "2 - 17:52",
            "label": "subs",
            "position": "1072500",
            "half": "2",
            "confidence": "0.6108636260032654"
        },
        {
            "gameTime": "2 - 1:43",
            "label": "soccer",
            "position": "103000",
            "half": "2",
            "confidence": "0.827284038066864"
        }
    ]
}