{
    "UrlLocal": "italy_serie-a/2016-2017/2017-02-07 - 22-45 AS Roma 4 - 0 Fiorentina",
    "predictions": [
        {
            "gameTime": "1 - 34:47",
            "label": "card",
            "position": "2087000",
            "half": "1",
            "confidence": "0.9905057549476624"
        },
        {
            "gameTime": "1 - 34:36",
            "label": "card",
            "position": "2076500",
            "half": "1",
            "confidence": "0.946175217628479"
        },
        {
            "gameTime": "1 - 38:31",
            "label": "soccer",
            "position": "2311000",
            "half": "1",
            "confidence": "0.8667982220649719"
        },
        {
            "gameTime": "2 - 11:41",
            "label": "card",
            "position": "701000",
            "half": "2",
            "confidence": "0.9943706393241882"
        },
        {
            "gameTime": "2 - 11:30",
            "label": "card",
            "position": "690500",
            "half": "2",
            "confidence": "0.9152477383613586"
        },
        {
            "gameTime": "2 - 10:31",
            "label": "card",
            "position": "631000",
            "half": "2",
            "confidence": "0.6933414340019226"
        },
        {
            "gameTime": "2 - 39:16",
            "label": "subs",
            "position": "2356000",
            "half": "2",
            "confidence": "0.914198637008667"
        },
        {
            "gameTime": "2 - 35:4",
            "label": "subs",
            "position": "2104500",
            "half": "2",
            "confidence": "0.8673912882804871"
        },
        {
            "gameTime": "2 - 17:16",
            "label": "subs",
            "position": "1036000",
            "half": "2",
            "confidence": "0.7960495948791504"
        },
        {
            "gameTime": "2 - 32:20",
            "label": "subs",
            "position": "1940000",
            "half": "2",
            "confidence": "0.7942278385162354"
        },
        {
            "gameTime": "2 - 39:0",
            "label": "subs",
            "position": "2340000",
            "half": "2",
            "confidence": "0.6193403601646423"
        },
        {
            "gameTime": "2 - 43:35",
            "label": "subs",
            "position": "2615500",
            "half": "2",
            "confidence": "0.6188381314277649"
        },
        {
            "gameTime": "2 - 12:31",
            "label": "soccer",
            "position": "751000",
            "half": "2",
            "confidence": "0.9978007674217224"
        },
        {
            "gameTime": "2 - 29:55",
            "label": "soccer",
            "position": "1795000",
            "half": "2",
            "confidence": "0.9967959523200989"
        },
        {
            "gameTime": "2 - 12:41",
            "label": "soccer",
            "position": "761000",
            "half": "2",
            "confidence": "0.94710773229599"
        },
        {
            "gameTime": "2 - 29:44",
            "label": "soccer",
            "position": "1784500",
            "half": "2",
            "confidence": "0.5657274723052979"
        }
    ]
}