{
    "UrlLocal": "france_ligue-1/2016-2017/2017-05-07 - 18-00 Marseille 2 - 1 Nice",
    "predictions": [
        {
            "gameTime": "1 - 16:52",
            "label": "subs",
            "position": "1012000",
            "half": "1",
            "confidence": "0.9652247428894043"
        },
        {
            "gameTime": "1 - 17:2",
            "label": "subs",
            "position": "1022000",
            "half": "1",
            "confidence": "0.9440851211547852"
        },
        {
            "gameTime": "1 - 20:29",
            "label": "soccer",
            "position": "1229500",
            "half": "1",
            "confidence": "0.9759395122528076"
        },
        {
            "gameTime": "1 - 49:50",
            "label": "soccer",
            "position": "2990500",
            "half": "1",
            "confidence": "0.5861899256706238"
        },
        {
            "gameTime": "1 - 19:47",
            "label": "soccer",
            "position": "1187500",
            "half": "1",
            "confidence": "0.5159103274345398"
        },
        {
            "gameTime": "2 - 16:45",
            "label": "card",
            "position": "1005500",
            "half": "2",
            "confidence": "0.9781283736228943"
        },
        {
            "gameTime": "2 - 16:55",
            "label": "card",
            "position": "1015500",
            "half": "2",
            "confidence": "0.9252282977104187"
        },
        {
            "gameTime": "2 - 1:38",
            "label": "card",
            "position": "98000",
            "half": "2",
            "confidence": "0.8554374575614929"
        },
        {
            "gameTime": "2 - 47:50",
            "label": "card",
            "position": "2870000",
            "half": "2",
            "confidence": "0.8461715579032898"
        },
        {
            "gameTime": "2 - 1:27",
            "label": "card",
            "position": "87500",
            "half": "2",
            "confidence": "0.6960397362709045"
        },
        {
            "gameTime": "2 - 21:57",
            "label": "card",
            "position": "1317500",
            "half": "2",
            "confidence": "0.6142106652259827"
        },
        {
            "gameTime": "2 - 13:6",
            "label": "card",
            "position": "786000",
            "half": "2",
            "confidence": "0.6028728485107422"
        },
        {
            "gameTime": "2 - 21:42",
            "label": "card",
            "position": "1302000",
            "half": "2",
            "confidence": "0.5145275592803955"
        },
        {
            "gameTime": "2 - 37:7",
            "label": "subs",
            "position": "2227000",
            "half": "2",
            "confidence": "0.9526018500328064"
        },
        {
            "gameTime": "2 - 24:57",
            "label": "subs",
            "position": "1497000",
            "half": "2",
            "confidence": "0.9055534601211548"
        },
        {
            "gameTime": "2 - 42:21",
            "label": "subs",
            "position": "2541500",
            "half": "2",
            "confidence": "0.8871606588363647"
        },
        {
            "gameTime": "2 - 24:46",
            "label": "subs",
            "position": "1486500",
            "half": "2",
            "confidence": "0.8698186874389648"
        },
        {
            "gameTime": "2 - 29:18",
            "label": "subs",
            "position": "1758000",
            "half": "2",
            "confidence": "0.8352403044700623"
        },
        {
            "gameTime": "2 - 42:31",
            "label": "subs",
            "position": "2551500",
            "half": "2",
            "confidence": "0.8114413619041443"
        },
        {
            "gameTime": "2 - 12:42",
            "label": "subs",
            "position": "762500",
            "half": "2",
            "confidence": "0.7602194547653198"
        },
        {
            "gameTime": "2 - 22:2",
            "label": "subs",
            "position": "1322000",
            "half": "2",
            "confidence": "0.7533217668533325"
        },
        {
            "gameTime": "2 - 13:9",
            "label": "subs",
            "position": "789000",
            "half": "2",
            "confidence": "0.7036941647529602"
        },
        {
            "gameTime": "2 - 13:20",
            "label": "subs",
            "position": "800500",
            "half": "2",
            "confidence": "0.5683113932609558"
        },
        {
            "gameTime": "2 - 12:56",
            "label": "subs",
            "position": "776500",
            "half": "2",
            "confidence": "0.5546835660934448"
        },
        {
            "gameTime": "2 - 4:20",
            "label": "subs",
            "position": "260000",
            "half": "2",
            "confidence": "0.5463764071464539"
        },
        {
            "gameTime": "2 - 42:11",
            "label": "subs",
            "position": "2531000",
            "half": "2",
            "confidence": "0.5226064324378967"
        },
        {
            "gameTime": "2 - 4:12",
            "label": "soccer",
            "position": "252500",
            "half": "2",
            "confidence": "0.9788604378700256"
        },
        {
            "gameTime": "2 - 20:7",
            "label": "soccer",
            "position": "1207000",
            "half": "2",
            "confidence": "0.8864641189575195"
        }
    ]
}