{
    "UrlLocal": "europe_uefa-champions-league/2014-2015/2015-03-10 - 22-45 Real Madrid 3 - 4 Schalke",
    "predictions": [
        {
            "gameTime": "1 - 21:2",
            "label": "Kick-off",
            "position": "1262500",
            "half": "1",
            "confidence": "0.9803537726402283"
        },
        {
            "gameTime": "1 - 0:0",
            "label": "Kick-off",
            "position": "0",
            "half": "1",
            "confidence": "0.9519183039665222"
        },
        {
            "gameTime": "1 - 25:32",
            "label": "Kick-off",
            "position": "1532500",
            "half": "1",
            "confidence": "0.8981916308403015"
        },
        {
            "gameTime": "1 - 40:34",
            "label": "Kick-off",
            "position": "2434000",
            "half": "1",
            "confidence": "0.8727613687515259"
        },
        {
            "gameTime": "1 - 45:48",
            "label": "Kick-off",
            "position": "2748000",
            "half": "1",
            "confidence": "0.7549420595169067"
        },
        {
            "gameTime": "1 - 25:16",
            "label": "Kick-off",
            "position": "1516500",
            "half": "1",
            "confidence": "0.6790277361869812"
        },
        {
            "gameTime": "1 - 1:22",
            "label": "Kick-off",
            "position": "82500",
            "half": "1",
            "confidence": "0.5932859182357788"
        },
        {
            "gameTime": "1 - 30:8",
            "label": "Kick-off",
            "position": "1808500",
            "half": "1",
            "confidence": "0.543089747428894"
        },
        {
            "gameTime": "1 - 20:52",
            "label": "Kick-off",
            "position": "1252000",
            "half": "1",
            "confidence": "0.5365793704986572"
        },
        {
            "gameTime": "1 - 10:4",
            "label": "Kick-off",
            "position": "604500",
            "half": "1",
            "confidence": "0.5060176253318787"
        },
        {
            "gameTime": "1 - 19:58",
            "label": "Goal",
            "position": "1198500",
            "half": "1",
            "confidence": "0.8822275996208191"
        },
        {
            "gameTime": "1 - 28:53",
            "label": "Substitution",
            "position": "1733500",
            "half": "1",
            "confidence": "0.8980234861373901"
        },
        {
            "gameTime": "1 - 29:4",
            "label": "Substitution",
            "position": "1744500",
            "half": "1",
            "confidence": "0.708363950252533"
        },
        {
            "gameTime": "1 - 11:10",
            "label": "Offside",
            "position": "670000",
            "half": "1",
            "confidence": "0.7062487602233887"
        },
        {
            "gameTime": "1 - 11:22",
            "label": "Offside",
            "position": "682000",
            "half": "1",
            "confidence": "0.5319247245788574"
        },
        {
            "gameTime": "1 - 19:57",
            "label": "Shots on target",
            "position": "1197500",
            "half": "1",
            "confidence": "0.8406059145927429"
        },
        {
            "gameTime": "1 - 8:12",
            "label": "Shots on target",
            "position": "492000",
            "half": "1",
            "confidence": "0.59031081199646"
        },
        {
            "gameTime": "1 - 19:44",
            "label": "Shots on target",
            "position": "1184500",
            "half": "1",
            "confidence": "0.5882388353347778"
        },
        {
            "gameTime": "1 - 39:32",
            "label": "Shots on target",
            "position": "2372000",
            "half": "1",
            "confidence": "0.525978147983551"
        },
        {
            "gameTime": "1 - 24:33",
            "label": "Shots off target",
            "position": "1473000",
            "half": "1",
            "confidence": "0.7258743643760681"
        },
        {
            "gameTime": "1 - 5:43",
            "label": "Shots off target",
            "position": "343000",
            "half": "1",
            "confidence": "0.7102409601211548"
        },
        {
            "gameTime": "1 - 17:7",
            "label": "Shots off target",
            "position": "1027500",
            "half": "1",
            "confidence": "0.6636241674423218"
        },
        {
            "gameTime": "1 - 35:7",
            "label": "Shots off target",
            "position": "2107500",
            "half": "1",
            "confidence": "0.570059061050415"
        },
        {
            "gameTime": "1 - 19:47",
            "label": "Shots off target",
            "position": "1187500",
            "half": "1",
            "confidence": "0.5142832398414612"
        },
        {
            "gameTime": "1 - 24:22",
            "label": "Shots off target",
            "position": "1462500",
            "half": "1",
            "confidence": "0.5026876330375671"
        },
        {
            "gameTime": "1 - 37:46",
            "label": "Clearance",
            "position": "2266500",
            "half": "1",
            "confidence": "0.8825236558914185"
        },
        {
            "gameTime": "1 - 18:29",
            "label": "Clearance",
            "position": "1109500",
            "half": "1",
            "confidence": "0.8167504072189331"
        },
        {
            "gameTime": "1 - 29:9",
            "label": "Clearance",
            "position": "1749000",
            "half": "1",
            "confidence": "0.7383697032928467"
        },
        {
            "gameTime": "1 - 17:32",
            "label": "Clearance",
            "position": "1052500",
            "half": "1",
            "confidence": "0.6658819913864136"
        },
        {
            "gameTime": "1 - 6:0",
            "label": "Clearance",
            "position": "360500",
            "half": "1",
            "confidence": "0.5793503522872925"
        },
        {
            "gameTime": "1 - 25:42",
            "label": "Clearance",
            "position": "1542500",
            "half": "1",
            "confidence": "0.5427206754684448"
        },
        {
            "gameTime": "1 - 25:21",
            "label": "Clearance",
            "position": "1521000",
            "half": "1",
            "confidence": "0.5400679707527161"
        },
        {
            "gameTime": "1 - 18:39",
            "label": "Clearance",
            "position": "1119500",
            "half": "1",
            "confidence": "0.5272849798202515"
        },
        {
            "gameTime": "1 - 9:37",
            "label": "Clearance",
            "position": "577000",
            "half": "1",
            "confidence": "0.5163353681564331"
        },
        {
            "gameTime": "1 - 14:6",
            "label": "Ball out of play",
            "position": "846500",
            "half": "1",
            "confidence": "0.9283687472343445"
        },
        {
            "gameTime": "1 - 12:27",
            "label": "Ball out of play",
            "position": "747000",
            "half": "1",
            "confidence": "0.9264267683029175"
        },
        {
            "gameTime": "1 - 35:8",
            "label": "Ball out of play",
            "position": "2108500",
            "half": "1",
            "confidence": "0.9218764305114746"
        },
        {
            "gameTime": "1 - 9:25",
            "label": "Ball out of play",
            "position": "565500",
            "half": "1",
            "confidence": "0.9201115965843201"
        },
        {
            "gameTime": "1 - 44:51",
            "label": "Ball out of play",
            "position": "2691500",
            "half": "1",
            "confidence": "0.9138959646224976"
        },
        {
            "gameTime": "1 - 4:47",
            "label": "Ball out of play",
            "position": "287500",
            "half": "1",
            "confidence": "0.9137359857559204"
        },
        {
            "gameTime": "1 - 8:14",
            "label": "Ball out of play",
            "position": "494000",
            "half": "1",
            "confidence": "0.9115896821022034"
        },
        {
            "gameTime": "1 - 5:43",
            "label": "Ball out of play",
            "position": "343500",
            "half": "1",
            "confidence": "0.9111849069595337"
        },
        {
            "gameTime": "1 - 43:47",
            "label": "Ball out of play",
            "position": "2627000",
            "half": "1",
            "confidence": "0.9097641110420227"
        },
        {
            "gameTime": "1 - 37:31",
            "label": "Ball out of play",
            "position": "2251500",
            "half": "1",
            "confidence": "0.9078854322433472"
        },
        {
            "gameTime": "1 - 8:24",
            "label": "Ball out of play",
            "position": "504500",
            "half": "1",
            "confidence": "0.8933919072151184"
        },
        {
            "gameTime": "1 - 34:58",
            "label": "Ball out of play",
            "position": "2098000",
            "half": "1",
            "confidence": "0.8920263648033142"
        },
        {
            "gameTime": "1 - 14:56",
            "label": "Ball out of play",
            "position": "896500",
            "half": "1",
            "confidence": "0.8896257877349854"
        },
        {
            "gameTime": "1 - 21:50",
            "label": "Ball out of play",
            "position": "1310500",
            "half": "1",
            "confidence": "0.8867397904396057"
        },
        {
            "gameTime": "1 - 41:25",
            "label": "Ball out of play",
            "position": "2485000",
            "half": "1",
            "confidence": "0.8757333159446716"
        },
        {
            "gameTime": "1 - 41:37",
            "label": "Ball out of play",
            "position": "2497000",
            "half": "1",
            "confidence": "0.8628566861152649"
        },
        {
            "gameTime": "1 - 43:36",
            "label": "Ball out of play",
            "position": "2616500",
            "half": "1",
            "confidence": "0.8599595427513123"
        },
        {
            "gameTime": "1 - 12:16",
            "label": "Ball out of play",
            "position": "736500",
            "half": "1",
            "confidence": "0.8540683388710022"
        },
        {
            "gameTime": "1 - 13:56",
            "label": "Ball out of play",
            "position": "836000",
            "half": "1",
            "confidence": "0.8535094261169434"
        },
        {
            "gameTime": "1 - 9:13",
            "label": "Ball out of play",
            "position": "553500",
            "half": "1",
            "confidence": "0.8404291272163391"
        },
        {
            "gameTime": "1 - 15:19",
            "label": "Ball out of play",
            "position": "919500",
            "half": "1",
            "confidence": "0.8270591497421265"
        },
        {
            "gameTime": "1 - 28:35",
            "label": "Ball out of play",
            "position": "1715500",
            "half": "1",
            "confidence": "0.8267122507095337"
        },
        {
            "gameTime": "1 - 14:19",
            "label": "Ball out of play",
            "position": "859000",
            "half": "1",
            "confidence": "0.8236238360404968"
        },
        {
            "gameTime": "1 - 37:21",
            "label": "Ball out of play",
            "position": "2241000",
            "half": "1",
            "confidence": "0.8184034824371338"
        },
        {
            "gameTime": "1 - 27:12",
            "label": "Ball out of play",
            "position": "1632500",
            "half": "1",
            "confidence": "0.8096392750740051"
        },
        {
            "gameTime": "1 - 44:35",
            "label": "Ball out of play",
            "position": "2675500",
            "half": "1",
            "confidence": "0.8078544735908508"
        },
        {
            "gameTime": "1 - 44:23",
            "label": "Ball out of play",
            "position": "2663000",
            "half": "1",
            "confidence": "0.8077380061149597"
        },
        {
            "gameTime": "1 - 23:51",
            "label": "Ball out of play",
            "position": "1431000",
            "half": "1",
            "confidence": "0.8025813698768616"
        },
        {
            "gameTime": "1 - 24:32",
            "label": "Ball out of play",
            "position": "1472000",
            "half": "1",
            "confidence": "0.8011171817779541"
        },
        {
            "gameTime": "1 - 31:18",
            "label": "Ball out of play",
            "position": "1878000",
            "half": "1",
            "confidence": "0.7877116799354553"
        },
        {
            "gameTime": "1 - 17:14",
            "label": "Ball out of play",
            "position": "1034500",
            "half": "1",
            "confidence": "0.7840783596038818"
        },
        {
            "gameTime": "1 - 19:48",
            "label": "Ball out of play",
            "position": "1188500",
            "half": "1",
            "confidence": "0.7795020341873169"
        },
        {
            "gameTime": "1 - 4:17",
            "label": "Ball out of play",
            "position": "257500",
            "half": "1",
            "confidence": "0.7697417736053467"
        },
        {
            "gameTime": "1 - 32:8",
            "label": "Ball out of play",
            "position": "1928000",
            "half": "1",
            "confidence": "0.7683352828025818"
        },
        {
            "gameTime": "1 - 31:1",
            "label": "Ball out of play",
            "position": "1861500",
            "half": "1",
            "confidence": "0.7643571496009827"
        },
        {
            "gameTime": "1 - 22:28",
            "label": "Ball out of play",
            "position": "1348500",
            "half": "1",
            "confidence": "0.7570705413818359"
        },
        {
            "gameTime": "1 - 34:11",
            "label": "Ball out of play",
            "position": "2051500",
            "half": "1",
            "confidence": "0.7547319531440735"
        },
        {
            "gameTime": "1 - 15:6",
            "label": "Ball out of play",
            "position": "906500",
            "half": "1",
            "confidence": "0.7478774189949036"
        },
        {
            "gameTime": "1 - 33:38",
            "label": "Ball out of play",
            "position": "2018000",
            "half": "1",
            "confidence": "0.7431284189224243"
        },
        {
            "gameTime": "1 - 11:15",
            "label": "Ball out of play",
            "position": "675000",
            "half": "1",
            "confidence": "0.742059588432312"
        },
        {
            "gameTime": "1 - 7:9",
            "label": "Ball out of play",
            "position": "429000",
            "half": "1",
            "confidence": "0.7353288531303406"
        },
        {
            "gameTime": "1 - 24:21",
            "label": "Ball out of play",
            "position": "1461500",
            "half": "1",
            "confidence": "0.7292404174804688"
        },
        {
            "gameTime": "1 - 45:1",
            "label": "Ball out of play",
            "position": "2701500",
            "half": "1",
            "confidence": "0.7088727951049805"
        },
        {
            "gameTime": "1 - 15:29",
            "label": "Ball out of play",
            "position": "929500",
            "half": "1",
            "confidence": "0.7050160765647888"
        },
        {
            "gameTime": "1 - 23:40",
            "label": "Ball out of play",
            "position": "1420000",
            "half": "1",
            "confidence": "0.7047119736671448"
        },
        {
            "gameTime": "1 - 4:57",
            "label": "Ball out of play",
            "position": "297500",
            "half": "1",
            "confidence": "0.7040282487869263"
        },
        {
            "gameTime": "1 - 3:25",
            "label": "Ball out of play",
            "position": "205500",
            "half": "1",
            "confidence": "0.7030473351478577"
        },
        {
            "gameTime": "1 - 19:22",
            "label": "Ball out of play",
            "position": "1162000",
            "half": "1",
            "confidence": "0.697274923324585"
        },
        {
            "gameTime": "1 - 32:35",
            "label": "Ball out of play",
            "position": "1955000",
            "half": "1",
            "confidence": "0.686873197555542"
        },
        {
            "gameTime": "1 - 14:46",
            "label": "Ball out of play",
            "position": "886000",
            "half": "1",
            "confidence": "0.6564841270446777"
        },
        {
            "gameTime": "1 - 22:1",
            "label": "Ball out of play",
            "position": "1321000",
            "half": "1",
            "confidence": "0.6448442935943604"
        },
        {
            "gameTime": "1 - 17:4",
            "label": "Ball out of play",
            "position": "1024000",
            "half": "1",
            "confidence": "0.634986162185669"
        },
        {
            "gameTime": "1 - 4:1",
            "label": "Ball out of play",
            "position": "241000",
            "half": "1",
            "confidence": "0.6321645379066467"
        },
        {
            "gameTime": "1 - 7:19",
            "label": "Ball out of play",
            "position": "439000",
            "half": "1",
            "confidence": "0.6263435482978821"
        },
        {
            "gameTime": "1 - 36:23",
            "label": "Ball out of play",
            "position": "2183500",
            "half": "1",
            "confidence": "0.6248313784599304"
        },
        {
            "gameTime": "1 - 42:38",
            "label": "Ball out of play",
            "position": "2558000",
            "half": "1",
            "confidence": "0.618878185749054"
        },
        {
            "gameTime": "1 - 13:30",
            "label": "Ball out of play",
            "position": "810000",
            "half": "1",
            "confidence": "0.5812301635742188"
        },
        {
            "gameTime": "1 - 3:15",
            "label": "Ball out of play",
            "position": "195000",
            "half": "1",
            "confidence": "0.5732704401016235"
        },
        {
            "gameTime": "1 - 21:40",
            "label": "Ball out of play",
            "position": "1300000",
            "half": "1",
            "confidence": "0.5664079189300537"
        },
        {
            "gameTime": "1 - 26:40",
            "label": "Ball out of play",
            "position": "1600500",
            "half": "1",
            "confidence": "0.5542998313903809"
        },
        {
            "gameTime": "1 - 43:13",
            "label": "Ball out of play",
            "position": "2593500",
            "half": "1",
            "confidence": "0.5434388518333435"
        },
        {
            "gameTime": "1 - 38:15",
            "label": "Ball out of play",
            "position": "2295500",
            "half": "1",
            "confidence": "0.5340544581413269"
        },
        {
            "gameTime": "1 - 30:18",
            "label": "Ball out of play",
            "position": "1818500",
            "half": "1",
            "confidence": "0.5297785401344299"
        },
        {
            "gameTime": "1 - 6:52",
            "label": "Ball out of play",
            "position": "412500",
            "half": "1",
            "confidence": "0.5267850756645203"
        },
        {
            "gameTime": "1 - 22:57",
            "label": "Ball out of play",
            "position": "1377500",
            "half": "1",
            "confidence": "0.5246499180793762"
        },
        {
            "gameTime": "1 - 36:33",
            "label": "Ball out of play",
            "position": "2193500",
            "half": "1",
            "confidence": "0.5227002501487732"
        },
        {
            "gameTime": "1 - 31:28",
            "label": "Ball out of play",
            "position": "1888000",
            "half": "1",
            "confidence": "0.5093606114387512"
        },
        {
            "gameTime": "1 - 15:4",
            "label": "Throw-in",
            "position": "904000",
            "half": "1",
            "confidence": "0.9636633992195129"
        },
        {
            "gameTime": "1 - 21:53",
            "label": "Throw-in",
            "position": "1313000",
            "half": "1",
            "confidence": "0.9450235366821289"
        },
        {
            "gameTime": "1 - 32:36",
            "label": "Throw-in",
            "position": "1956000",
            "half": "1",
            "confidence": "0.9183034896850586"
        },
        {
            "gameTime": "1 - 15:16",
            "label": "Throw-in",
            "position": "916500",
            "half": "1",
            "confidence": "0.9107893109321594"
        },
        {
            "gameTime": "1 - 32:5",
            "label": "Throw-in",
            "position": "1925000",
            "half": "1",
            "confidence": "0.8356717228889465"
        },
        {
            "gameTime": "1 - 36:24",
            "label": "Throw-in",
            "position": "2184000",
            "half": "1",
            "confidence": "0.8077967166900635"
        },
        {
            "gameTime": "1 - 19:18",
            "label": "Throw-in",
            "position": "1158500",
            "half": "1",
            "confidence": "0.7812476754188538"
        },
        {
            "gameTime": "1 - 22:3",
            "label": "Throw-in",
            "position": "1323000",
            "half": "1",
            "confidence": "0.7747470736503601"
        },
        {
            "gameTime": "1 - 13:38",
            "label": "Throw-in",
            "position": "818500",
            "half": "1",
            "confidence": "0.7717013955116272"
        },
        {
            "gameTime": "1 - 18:16",
            "label": "Throw-in",
            "position": "1096500",
            "half": "1",
            "confidence": "0.7622055411338806"
        },
        {
            "gameTime": "1 - 36:42",
            "label": "Throw-in",
            "position": "2202500",
            "half": "1",
            "confidence": "0.7456418871879578"
        },
        {
            "gameTime": "1 - 44:38",
            "label": "Throw-in",
            "position": "2678500",
            "half": "1",
            "confidence": "0.7165173888206482"
        },
        {
            "gameTime": "1 - 18:5",
            "label": "Throw-in",
            "position": "1085500",
            "half": "1",
            "confidence": "0.705916166305542"
        },
        {
            "gameTime": "1 - 0:23",
            "label": "Throw-in",
            "position": "23500",
            "half": "1",
            "confidence": "0.6994268298149109"
        },
        {
            "gameTime": "1 - 21:42",
            "label": "Throw-in",
            "position": "1302500",
            "half": "1",
            "confidence": "0.6632125377655029"
        },
        {
            "gameTime": "1 - 32:46",
            "label": "Throw-in",
            "position": "1966000",
            "half": "1",
            "confidence": "0.5722793340682983"
        },
        {
            "gameTime": "1 - 33:38",
            "label": "Throw-in",
            "position": "2018000",
            "half": "1",
            "confidence": "0.565208911895752"
        },
        {
            "gameTime": "1 - 44:28",
            "label": "Throw-in",
            "position": "2668000",
            "half": "1",
            "confidence": "0.5529299378395081"
        },
        {
            "gameTime": "1 - 15:33",
            "label": "Throw-in",
            "position": "933000",
            "half": "1",
            "confidence": "0.5270380973815918"
        },
        {
            "gameTime": "1 - 29:13",
            "label": "Foul",
            "position": "1753500",
            "half": "1",
            "confidence": "0.5665991902351379"
        },
        {
            "gameTime": "1 - 4:35",
            "label": "Indirect free-kick",
            "position": "275500",
            "half": "1",
            "confidence": "0.680130660533905"
        },
        {
            "gameTime": "1 - 11:26",
            "label": "Indirect free-kick",
            "position": "686500",
            "half": "1",
            "confidence": "0.6796603202819824"
        },
        {
            "gameTime": "1 - 23:8",
            "label": "Indirect free-kick",
            "position": "1388500",
            "half": "1",
            "confidence": "0.6711317896842957"
        },
        {
            "gameTime": "1 - 17:31",
            "label": "Indirect free-kick",
            "position": "1051000",
            "half": "1",
            "confidence": "0.5906950235366821"
        },
        {
            "gameTime": "1 - 43:57",
            "label": "Indirect free-kick",
            "position": "2637500",
            "half": "1",
            "confidence": "0.5697747468948364"
        },
        {
            "gameTime": "1 - 6:6",
            "label": "Indirect free-kick",
            "position": "366500",
            "half": "1",
            "confidence": "0.5561715960502625"
        },
        {
            "gameTime": "1 - 4:21",
            "label": "Indirect free-kick",
            "position": "261500",
            "half": "1",
            "confidence": "0.5502373576164246"
        },
        {
            "gameTime": "1 - 42:26",
            "label": "Corner",
            "position": "2546500",
            "half": "1",
            "confidence": "0.9201083779335022"
        },
        {
            "gameTime": "1 - 31:12",
            "label": "Corner",
            "position": "1872500",
            "half": "1",
            "confidence": "0.9125573635101318"
        },
        {
            "gameTime": "1 - 14:19",
            "label": "Corner",
            "position": "859500",
            "half": "1",
            "confidence": "0.8920741677284241"
        },
        {
            "gameTime": "1 - 42:16",
            "label": "Corner",
            "position": "2536000",
            "half": "1",
            "confidence": "0.7867636680603027"
        },
        {
            "gameTime": "1 - 5:16",
            "label": "Corner",
            "position": "316000",
            "half": "1",
            "confidence": "0.7637105584144592"
        },
        {
            "gameTime": "1 - 24:17",
            "label": "Corner",
            "position": "1457500",
            "half": "1",
            "confidence": "0.7570167183876038"
        },
        {
            "gameTime": "1 - 43:1",
            "label": "Corner",
            "position": "2581000",
            "half": "1",
            "confidence": "0.6587170958518982"
        },
        {
            "gameTime": "1 - 31:2",
            "label": "Corner",
            "position": "1862000",
            "half": "1",
            "confidence": "0.6518371105194092"
        },
        {
            "gameTime": "2 - 7:11",
            "label": "Penalty",
            "position": "431000",
            "half": "2",
            "confidence": "0.6846103072166443"
        },
        {
            "gameTime": "2 - 0:9",
            "label": "Kick-off",
            "position": "9500",
            "half": "2",
            "confidence": "0.9980350136756897"
        },
        {
            "gameTime": "2 - 0:19",
            "label": "Kick-off",
            "position": "19500",
            "half": "2",
            "confidence": "0.9041170477867126"
        },
        {
            "gameTime": "2 - 40:5",
            "label": "Kick-off",
            "position": "2405500",
            "half": "2",
            "confidence": "0.8585272431373596"
        },
        {
            "gameTime": "2 - 12:4",
            "label": "Kick-off",
            "position": "724500",
            "half": "2",
            "confidence": "0.8344506621360779"
        },
        {
            "gameTime": "2 - 20:0",
            "label": "Kick-off",
            "position": "1200000",
            "half": "2",
            "confidence": "0.8027651906013489"
        },
        {
            "gameTime": "2 - 10:2",
            "label": "Kick-off",
            "position": "602000",
            "half": "2",
            "confidence": "0.7335155010223389"
        },
        {
            "gameTime": "2 - 12:49",
            "label": "Kick-off",
            "position": "769000",
            "half": "2",
            "confidence": "0.72091144323349"
        },
        {
            "gameTime": "2 - 12:14",
            "label": "Kick-off",
            "position": "734500",
            "half": "2",
            "confidence": "0.5939846634864807"
        },
        {
            "gameTime": "2 - 13:0",
            "label": "Kick-off",
            "position": "780000",
            "half": "2",
            "confidence": "0.5685184001922607"
        },
        {
            "gameTime": "2 - 7:6",
            "label": "Goal",
            "position": "426500",
            "half": "2",
            "confidence": "0.8956500291824341"
        },
        {
            "gameTime": "2 - 6:56",
            "label": "Goal",
            "position": "416000",
            "half": "2",
            "confidence": "0.6374779343605042"
        },
        {
            "gameTime": "2 - 38:55",
            "label": "Goal",
            "position": "2335500",
            "half": "2",
            "confidence": "0.5600912570953369"
        },
        {
            "gameTime": "2 - 12:0",
            "label": "Substitution",
            "position": "720500",
            "half": "2",
            "confidence": "0.961287260055542"
        },
        {
            "gameTime": "2 - 37:9",
            "label": "Substitution",
            "position": "2229500",
            "half": "2",
            "confidence": "0.957344114780426"
        },
        {
            "gameTime": "2 - 35:10",
            "label": "Substitution",
            "position": "2110000",
            "half": "2",
            "confidence": "0.9572070240974426"
        },
        {
            "gameTime": "2 - 12:13",
            "label": "Substitution",
            "position": "733000",
            "half": "2",
            "confidence": "0.9305664300918579"
        },
        {
            "gameTime": "2 - 12:25",
            "label": "Substitution",
            "position": "745000",
            "half": "2",
            "confidence": "0.8488467931747437"
        },
        {
            "gameTime": "2 - 35:20",
            "label": "Substitution",
            "position": "2120000",
            "half": "2",
            "confidence": "0.7149247527122498"
        },
        {
            "gameTime": "2 - 11:50",
            "label": "Substitution",
            "position": "710000",
            "half": "2",
            "confidence": "0.6563969254493713"
        },
        {
            "gameTime": "2 - 37:19",
            "label": "Substitution",
            "position": "2239500",
            "half": "2",
            "confidence": "0.5987765192985535"
        },
        {
            "gameTime": "2 - 32:51",
            "label": "Offside",
            "position": "1971000",
            "half": "2",
            "confidence": "0.6912981271743774"
        },
        {
            "gameTime": "2 - 38:49",
            "label": "Shots on target",
            "position": "2329500",
            "half": "2",
            "confidence": "0.574651837348938"
        },
        {
            "gameTime": "2 - 7:2",
            "label": "Shots on target",
            "position": "422000",
            "half": "2",
            "confidence": "0.5714115500450134"
        },
        {
            "gameTime": "2 - 24:52",
            "label": "Shots off target",
            "position": "1492500",
            "half": "2",
            "confidence": "0.7637149095535278"
        },
        {
            "gameTime": "2 - 39:3",
            "label": "Shots off target",
            "position": "2343000",
            "half": "2",
            "confidence": "0.705944836139679"
        },
        {
            "gameTime": "2 - 18:36",
            "label": "Shots off target",
            "position": "1116500",
            "half": "2",
            "confidence": "0.6202571988105774"
        },
        {
            "gameTime": "2 - 44:44",
            "label": "Shots off target",
            "position": "2684000",
            "half": "2",
            "confidence": "0.581581711769104"
        },
        {
            "gameTime": "2 - 11:21",
            "label": "Shots off target",
            "position": "681000",
            "half": "2",
            "confidence": "0.544433057308197"
        },
        {
            "gameTime": "2 - 37:47",
            "label": "Shots off target",
            "position": "2267500",
            "half": "2",
            "confidence": "0.5299708247184753"
        },
        {
            "gameTime": "2 - 16:33",
            "label": "Shots off target",
            "position": "993500",
            "half": "2",
            "confidence": "0.5237730145454407"
        },
        {
            "gameTime": "2 - 42:17",
            "label": "Clearance",
            "position": "2537500",
            "half": "2",
            "confidence": "0.8312053084373474"
        },
        {
            "gameTime": "2 - 14:21",
            "label": "Clearance",
            "position": "861000",
            "half": "2",
            "confidence": "0.8242529630661011"
        },
        {
            "gameTime": "2 - 40:51",
            "label": "Clearance",
            "position": "2451000",
            "half": "2",
            "confidence": "0.7055776119232178"
        },
        {
            "gameTime": "2 - 47:29",
            "label": "Clearance",
            "position": "2849500",
            "half": "2",
            "confidence": "0.6844877600669861"
        },
        {
            "gameTime": "2 - 42:27",
            "label": "Clearance",
            "position": "2547500",
            "half": "2",
            "confidence": "0.6722158789634705"
        },
        {
            "gameTime": "2 - 25:20",
            "label": "Clearance",
            "position": "1520500",
            "half": "2",
            "confidence": "0.656096339225769"
        },
        {
            "gameTime": "2 - 38:6",
            "label": "Clearance",
            "position": "2286000",
            "half": "2",
            "confidence": "0.6411134004592896"
        },
        {
            "gameTime": "2 - 4:2",
            "label": "Clearance",
            "position": "242000",
            "half": "2",
            "confidence": "0.634164571762085"
        },
        {
            "gameTime": "2 - 8:7",
            "label": "Clearance",
            "position": "487000",
            "half": "2",
            "confidence": "0.6017856597900391"
        },
        {
            "gameTime": "2 - 39:39",
            "label": "Clearance",
            "position": "2379000",
            "half": "2",
            "confidence": "0.5273686051368713"
        },
        {
            "gameTime": "2 - 20:23",
            "label": "Clearance",
            "position": "1223500",
            "half": "2",
            "confidence": "0.5260955691337585"
        },
        {
            "gameTime": "2 - 25:56",
            "label": "Clearance",
            "position": "1556000",
            "half": "2",
            "confidence": "0.5154966115951538"
        },
        {
            "gameTime": "2 - 15:52",
            "label": "Ball out of play",
            "position": "952000",
            "half": "2",
            "confidence": "0.9517620801925659"
        },
        {
            "gameTime": "2 - 10:20",
            "label": "Ball out of play",
            "position": "620000",
            "half": "2",
            "confidence": "0.9297882318496704"
        },
        {
            "gameTime": "2 - 15:41",
            "label": "Ball out of play",
            "position": "941000",
            "half": "2",
            "confidence": "0.9218971729278564"
        },
        {
            "gameTime": "2 - 7:0",
            "label": "Ball out of play",
            "position": "420500",
            "half": "2",
            "confidence": "0.9038712978363037"
        },
        {
            "gameTime": "2 - 14:2",
            "label": "Ball out of play",
            "position": "842500",
            "half": "2",
            "confidence": "0.88663649559021"
        },
        {
            "gameTime": "2 - 5:33",
            "label": "Ball out of play",
            "position": "333000",
            "half": "2",
            "confidence": "0.8777093291282654"
        },
        {
            "gameTime": "2 - 41:39",
            "label": "Ball out of play",
            "position": "2499000",
            "half": "2",
            "confidence": "0.8439525961875916"
        },
        {
            "gameTime": "2 - 22:46",
            "label": "Ball out of play",
            "position": "1366000",
            "half": "2",
            "confidence": "0.8417584896087646"
        },
        {
            "gameTime": "2 - 4:18",
            "label": "Ball out of play",
            "position": "258000",
            "half": "2",
            "confidence": "0.8395721912384033"
        },
        {
            "gameTime": "2 - 24:57",
            "label": "Ball out of play",
            "position": "1497500",
            "half": "2",
            "confidence": "0.8353092074394226"
        },
        {
            "gameTime": "2 - 48:45",
            "label": "Ball out of play",
            "position": "2925000",
            "half": "2",
            "confidence": "0.8314005732536316"
        },
        {
            "gameTime": "2 - 25:46",
            "label": "Ball out of play",
            "position": "1546000",
            "half": "2",
            "confidence": "0.8231133222579956"
        },
        {
            "gameTime": "2 - 43:44",
            "label": "Ball out of play",
            "position": "2624000",
            "half": "2",
            "confidence": "0.8189312815666199"
        },
        {
            "gameTime": "2 - 16:2",
            "label": "Ball out of play",
            "position": "962000",
            "half": "2",
            "confidence": "0.7962185144424438"
        },
        {
            "gameTime": "2 - 46:41",
            "label": "Ball out of play",
            "position": "2801500",
            "half": "2",
            "confidence": "0.7892886400222778"
        },
        {
            "gameTime": "2 - 2:7",
            "label": "Ball out of play",
            "position": "127000",
            "half": "2",
            "confidence": "0.7881899476051331"
        },
        {
            "gameTime": "2 - 39:3",
            "label": "Ball out of play",
            "position": "2343000",
            "half": "2",
            "confidence": "0.777727484703064"
        },
        {
            "gameTime": "2 - 41:49",
            "label": "Ball out of play",
            "position": "2509000",
            "half": "2",
            "confidence": "0.776660680770874"
        },
        {
            "gameTime": "2 - 36:15",
            "label": "Ball out of play",
            "position": "2175500",
            "half": "2",
            "confidence": "0.7729091644287109"
        },
        {
            "gameTime": "2 - 47:27",
            "label": "Ball out of play",
            "position": "2847000",
            "half": "2",
            "confidence": "0.7692290544509888"
        },
        {
            "gameTime": "2 - 20:40",
            "label": "Ball out of play",
            "position": "1240500",
            "half": "2",
            "confidence": "0.7631848454475403"
        },
        {
            "gameTime": "2 - 10:30",
            "label": "Ball out of play",
            "position": "630000",
            "half": "2",
            "confidence": "0.7590322494506836"
        },
        {
            "gameTime": "2 - 40:27",
            "label": "Ball out of play",
            "position": "2427500",
            "half": "2",
            "confidence": "0.7377311587333679"
        },
        {
            "gameTime": "2 - 3:17",
            "label": "Ball out of play",
            "position": "197500",
            "half": "2",
            "confidence": "0.7364838719367981"
        },
        {
            "gameTime": "2 - 20:52",
            "label": "Ball out of play",
            "position": "1252500",
            "half": "2",
            "confidence": "0.7349053025245667"
        },
        {
            "gameTime": "2 - 37:46",
            "label": "Ball out of play",
            "position": "2266500",
            "half": "2",
            "confidence": "0.731203019618988"
        },
        {
            "gameTime": "2 - 22:35",
            "label": "Ball out of play",
            "position": "1355500",
            "half": "2",
            "confidence": "0.7292371988296509"
        },
        {
            "gameTime": "2 - 44:37",
            "label": "Ball out of play",
            "position": "2677500",
            "half": "2",
            "confidence": "0.7276284098625183"
        },
        {
            "gameTime": "2 - 16:27",
            "label": "Ball out of play",
            "position": "987000",
            "half": "2",
            "confidence": "0.7046691179275513"
        },
        {
            "gameTime": "2 - 35:2",
            "label": "Ball out of play",
            "position": "2102500",
            "half": "2",
            "confidence": "0.7003439664840698"
        },
        {
            "gameTime": "2 - 43:22",
            "label": "Ball out of play",
            "position": "2602500",
            "half": "2",
            "confidence": "0.6843993663787842"
        },
        {
            "gameTime": "2 - 35:59",
            "label": "Ball out of play",
            "position": "2159500",
            "half": "2",
            "confidence": "0.6791844367980957"
        },
        {
            "gameTime": "2 - 0:49",
            "label": "Ball out of play",
            "position": "49500",
            "half": "2",
            "confidence": "0.6696010231971741"
        },
        {
            "gameTime": "2 - 28:23",
            "label": "Ball out of play",
            "position": "1703000",
            "half": "2",
            "confidence": "0.6671012043952942"
        },
        {
            "gameTime": "2 - 1:46",
            "label": "Ball out of play",
            "position": "106000",
            "half": "2",
            "confidence": "0.6660176515579224"
        },
        {
            "gameTime": "2 - 6:21",
            "label": "Ball out of play",
            "position": "381500",
            "half": "2",
            "confidence": "0.6652067303657532"
        },
        {
            "gameTime": "2 - 48:34",
            "label": "Ball out of play",
            "position": "2914500",
            "half": "2",
            "confidence": "0.6530068516731262"
        },
        {
            "gameTime": "2 - 43:54",
            "label": "Ball out of play",
            "position": "2634000",
            "half": "2",
            "confidence": "0.6529030799865723"
        },
        {
            "gameTime": "2 - 17:19",
            "label": "Ball out of play",
            "position": "1039000",
            "half": "2",
            "confidence": "0.6474385857582092"
        },
        {
            "gameTime": "2 - 11:11",
            "label": "Ball out of play",
            "position": "671000",
            "half": "2",
            "confidence": "0.6433390974998474"
        },
        {
            "gameTime": "2 - 18:38",
            "label": "Ball out of play",
            "position": "1118000",
            "half": "2",
            "confidence": "0.6403831839561462"
        },
        {
            "gameTime": "2 - 34:51",
            "label": "Ball out of play",
            "position": "2091500",
            "half": "2",
            "confidence": "0.6387335658073425"
        },
        {
            "gameTime": "2 - 35:49",
            "label": "Ball out of play",
            "position": "2149000",
            "half": "2",
            "confidence": "0.6387221813201904"
        },
        {
            "gameTime": "2 - 24:20",
            "label": "Ball out of play",
            "position": "1460000",
            "half": "2",
            "confidence": "0.638698935508728"
        },
        {
            "gameTime": "2 - 24:46",
            "label": "Ball out of play",
            "position": "1486000",
            "half": "2",
            "confidence": "0.6362218260765076"
        },
        {
            "gameTime": "2 - 4:58",
            "label": "Ball out of play",
            "position": "298500",
            "half": "2",
            "confidence": "0.6341835260391235"
        },
        {
            "gameTime": "2 - 43:33",
            "label": "Ball out of play",
            "position": "2613000",
            "half": "2",
            "confidence": "0.6230405569076538"
        },
        {
            "gameTime": "2 - 16:37",
            "label": "Ball out of play",
            "position": "997000",
            "half": "2",
            "confidence": "0.6166207194328308"
        },
        {
            "gameTime": "2 - 33:50",
            "label": "Ball out of play",
            "position": "2030500",
            "half": "2",
            "confidence": "0.6151549816131592"
        },
        {
            "gameTime": "2 - 11:22",
            "label": "Ball out of play",
            "position": "682000",
            "half": "2",
            "confidence": "0.6104642748832703"
        },
        {
            "gameTime": "2 - 2:53",
            "label": "Ball out of play",
            "position": "173000",
            "half": "2",
            "confidence": "0.6092121005058289"
        },
        {
            "gameTime": "2 - 4:28",
            "label": "Ball out of play",
            "position": "268500",
            "half": "2",
            "confidence": "0.6081044673919678"
        },
        {
            "gameTime": "2 - 33:36",
            "label": "Ball out of play",
            "position": "2016500",
            "half": "2",
            "confidence": "0.6055799126625061"
        },
        {
            "gameTime": "2 - 3:29",
            "label": "Ball out of play",
            "position": "209000",
            "half": "2",
            "confidence": "0.6040745377540588"
        },
        {
            "gameTime": "2 - 37:35",
            "label": "Ball out of play",
            "position": "2255500",
            "half": "2",
            "confidence": "0.5982112884521484"
        },
        {
            "gameTime": "2 - 41:59",
            "label": "Ball out of play",
            "position": "2519500",
            "half": "2",
            "confidence": "0.5928512811660767"
        },
        {
            "gameTime": "2 - 17:29",
            "label": "Ball out of play",
            "position": "1049000",
            "half": "2",
            "confidence": "0.5857884883880615"
        },
        {
            "gameTime": "2 - 19:22",
            "label": "Ball out of play",
            "position": "1162000",
            "half": "2",
            "confidence": "0.579083263874054"
        },
        {
            "gameTime": "2 - 8:46",
            "label": "Ball out of play",
            "position": "526500",
            "half": "2",
            "confidence": "0.5686404705047607"
        },
        {
            "gameTime": "2 - 39:50",
            "label": "Ball out of play",
            "position": "2390000",
            "half": "2",
            "confidence": "0.5608346462249756"
        },
        {
            "gameTime": "2 - 48:22",
            "label": "Ball out of play",
            "position": "2902500",
            "half": "2",
            "confidence": "0.540756106376648"
        },
        {
            "gameTime": "2 - 6:40",
            "label": "Ball out of play",
            "position": "400000",
            "half": "2",
            "confidence": "0.5360681414604187"
        },
        {
            "gameTime": "2 - 22:56",
            "label": "Ball out of play",
            "position": "1376000",
            "half": "2",
            "confidence": "0.5310074090957642"
        },
        {
            "gameTime": "2 - 41:28",
            "label": "Ball out of play",
            "position": "2488500",
            "half": "2",
            "confidence": "0.5274936556816101"
        },
        {
            "gameTime": "2 - 43:6",
            "label": "Ball out of play",
            "position": "2586500",
            "half": "2",
            "confidence": "0.5245482921600342"
        },
        {
            "gameTime": "2 - 2:42",
            "label": "Ball out of play",
            "position": "162500",
            "half": "2",
            "confidence": "0.521685004234314"
        },
        {
            "gameTime": "2 - 21:2",
            "label": "Ball out of play",
            "position": "1262500",
            "half": "2",
            "confidence": "0.5209663510322571"
        },
        {
            "gameTime": "2 - 32:44",
            "label": "Ball out of play",
            "position": "1964000",
            "half": "2",
            "confidence": "0.5181685090065002"
        },
        {
            "gameTime": "2 - 28:34",
            "label": "Ball out of play",
            "position": "1714000",
            "half": "2",
            "confidence": "0.5154843926429749"
        },
        {
            "gameTime": "2 - 4:14",
            "label": "Throw-in",
            "position": "254500",
            "half": "2",
            "confidence": "0.9669033885002136"
        },
        {
            "gameTime": "2 - 43:35",
            "label": "Throw-in",
            "position": "2615000",
            "half": "2",
            "confidence": "0.9207078814506531"
        },
        {
            "gameTime": "2 - 48:45",
            "label": "Throw-in",
            "position": "2925000",
            "half": "2",
            "confidence": "0.9129207730293274"
        },
        {
            "gameTime": "2 - 36:12",
            "label": "Throw-in",
            "position": "2172000",
            "half": "2",
            "confidence": "0.8980685472488403"
        },
        {
            "gameTime": "2 - 15:41",
            "label": "Throw-in",
            "position": "941500",
            "half": "2",
            "confidence": "0.8929368853569031"
        },
        {
            "gameTime": "2 - 43:45",
            "label": "Throw-in",
            "position": "2625000",
            "half": "2",
            "confidence": "0.892529308795929"
        },
        {
            "gameTime": "2 - 22:47",
            "label": "Throw-in",
            "position": "1367500",
            "half": "2",
            "confidence": "0.8352011442184448"
        },
        {
            "gameTime": "2 - 36:0",
            "label": "Throw-in",
            "position": "2160000",
            "half": "2",
            "confidence": "0.8345069289207458"
        },
        {
            "gameTime": "2 - 37:18",
            "label": "Throw-in",
            "position": "2238500",
            "half": "2",
            "confidence": "0.8287919163703918"
        },
        {
            "gameTime": "2 - 15:53",
            "label": "Throw-in",
            "position": "953000",
            "half": "2",
            "confidence": "0.806939959526062"
        },
        {
            "gameTime": "2 - 17:33",
            "label": "Throw-in",
            "position": "1053500",
            "half": "2",
            "confidence": "0.7387770414352417"
        },
        {
            "gameTime": "2 - 4:24",
            "label": "Throw-in",
            "position": "264500",
            "half": "2",
            "confidence": "0.7355058789253235"
        },
        {
            "gameTime": "2 - 0:38",
            "label": "Throw-in",
            "position": "38500",
            "half": "2",
            "confidence": "0.7264875769615173"
        },
        {
            "gameTime": "2 - 48:34",
            "label": "Throw-in",
            "position": "2914500",
            "half": "2",
            "confidence": "0.6922284960746765"
        },
        {
            "gameTime": "2 - 41:48",
            "label": "Throw-in",
            "position": "2508000",
            "half": "2",
            "confidence": "0.6916857361793518"
        },
        {
            "gameTime": "2 - 36:22",
            "label": "Throw-in",
            "position": "2182000",
            "half": "2",
            "confidence": "0.6835184097290039"
        },
        {
            "gameTime": "2 - 5:33",
            "label": "Throw-in",
            "position": "333000",
            "half": "2",
            "confidence": "0.6605413556098938"
        },
        {
            "gameTime": "2 - 47:27",
            "label": "Throw-in",
            "position": "2847000",
            "half": "2",
            "confidence": "0.6503312587738037"
        },
        {
            "gameTime": "2 - 1:42",
            "label": "Throw-in",
            "position": "102500",
            "half": "2",
            "confidence": "0.6288340091705322"
        },
        {
            "gameTime": "2 - 43:17",
            "label": "Throw-in",
            "position": "2597000",
            "half": "2",
            "confidence": "0.6214979290962219"
        },
        {
            "gameTime": "2 - 40:18",
            "label": "Throw-in",
            "position": "2418500",
            "half": "2",
            "confidence": "0.6188525557518005"
        },
        {
            "gameTime": "2 - 17:23",
            "label": "Throw-in",
            "position": "1043000",
            "half": "2",
            "confidence": "0.6038362979888916"
        },
        {
            "gameTime": "2 - 13:58",
            "label": "Throw-in",
            "position": "838000",
            "half": "2",
            "confidence": "0.57777339220047"
        },
        {
            "gameTime": "2 - 35:44",
            "label": "Throw-in",
            "position": "2144000",
            "half": "2",
            "confidence": "0.5646321773529053"
        },
        {
            "gameTime": "2 - 22:35",
            "label": "Throw-in",
            "position": "1355500",
            "half": "2",
            "confidence": "0.5396409034729004"
        },
        {
            "gameTime": "2 - 0:48",
            "label": "Throw-in",
            "position": "48500",
            "half": "2",
            "confidence": "0.5007355213165283"
        },
        {
            "gameTime": "2 - 9:3",
            "label": "Foul",
            "position": "543500",
            "half": "2",
            "confidence": "0.8171051144599915"
        },
        {
            "gameTime": "2 - 18:16",
            "label": "Foul",
            "position": "1096500",
            "half": "2",
            "confidence": "0.7700487375259399"
        },
        {
            "gameTime": "2 - 18:6",
            "label": "Foul",
            "position": "1086000",
            "half": "2",
            "confidence": "0.6818938255310059"
        },
        {
            "gameTime": "2 - 36:44",
            "label": "Foul",
            "position": "2204000",
            "half": "2",
            "confidence": "0.5160560607910156"
        },
        {
            "gameTime": "2 - 1:6",
            "label": "Foul",
            "position": "66500",
            "half": "2",
            "confidence": "0.5036538243293762"
        },
        {
            "gameTime": "2 - 8:13",
            "label": "Foul",
            "position": "493000",
            "half": "2",
            "confidence": "0.5012940168380737"
        },
        {
            "gameTime": "2 - 48:19",
            "label": "Indirect free-kick",
            "position": "2899000",
            "half": "2",
            "confidence": "0.7340589165687561"
        },
        {
            "gameTime": "2 - 8:41",
            "label": "Indirect free-kick",
            "position": "521000",
            "half": "2",
            "confidence": "0.669502854347229"
        },
        {
            "gameTime": "2 - 6:39",
            "label": "Indirect free-kick",
            "position": "399500",
            "half": "2",
            "confidence": "0.6320624947547913"
        },
        {
            "gameTime": "2 - 36:37",
            "label": "Indirect free-kick",
            "position": "2197500",
            "half": "2",
            "confidence": "0.618349552154541"
        },
        {
            "gameTime": "2 - 42:28",
            "label": "Indirect free-kick",
            "position": "2548500",
            "half": "2",
            "confidence": "0.535444438457489"
        },
        {
            "gameTime": "2 - 14:28",
            "label": "Indirect free-kick",
            "position": "868500",
            "half": "2",
            "confidence": "0.5145972967147827"
        },
        {
            "gameTime": "2 - 9:32",
            "label": "Indirect free-kick",
            "position": "572000",
            "half": "2",
            "confidence": "0.502743124961853"
        },
        {
            "gameTime": "2 - 47:7",
            "label": "Corner",
            "position": "2827500",
            "half": "2",
            "confidence": "0.9656949639320374"
        },
        {
            "gameTime": "2 - 10:46",
            "label": "Corner",
            "position": "646000",
            "half": "2",
            "confidence": "0.9648075699806213"
        },
        {
            "gameTime": "2 - 16:23",
            "label": "Corner",
            "position": "983500",
            "half": "2",
            "confidence": "0.9449149370193481"
        },
        {
            "gameTime": "2 - 2:29",
            "label": "Corner",
            "position": "149500",
            "half": "2",
            "confidence": "0.8362748622894287"
        },
        {
            "gameTime": "2 - 24:40",
            "label": "Corner",
            "position": "1480000",
            "half": "2",
            "confidence": "0.8285881280899048"
        },
        {
            "gameTime": "2 - 24:52",
            "label": "Corner",
            "position": "1492500",
            "half": "2",
            "confidence": "0.7888158559799194"
        },
        {
            "gameTime": "2 - 10:58",
            "label": "Corner",
            "position": "658500",
            "half": "2",
            "confidence": "0.7399337887763977"
        },
        {
            "gameTime": "2 - 3:33",
            "label": "Corner",
            "position": "213500",
            "half": "2",
            "confidence": "0.6943746209144592"
        },
        {
            "gameTime": "2 - 2:42",
            "label": "Corner",
            "position": "162000",
            "half": "2",
            "confidence": "0.6562302112579346"
        },
        {
            "gameTime": "2 - 3:44",
            "label": "Corner",
            "position": "224000",
            "half": "2",
            "confidence": "0.6100617051124573"
        },
        {
            "gameTime": "2 - 16:33",
            "label": "Corner",
            "position": "993500",
            "half": "2",
            "confidence": "0.5745035409927368"
        },
        {
            "gameTime": "2 - 9:4",
            "label": "Yellow card",
            "position": "544000",
            "half": "2",
            "confidence": "0.8799340724945068"
        },
        {
            "gameTime": "2 - 8:21",
            "label": "Yellow card",
            "position": "501000",
            "half": "2",
            "confidence": "0.6669842600822449"
        },
        {
            "gameTime": "2 - 48:4",
            "label": "Yellow card",
            "position": "2884500",
            "half": "2",
            "confidence": "0.5010570287704468"
        }
    ]
}