{
    "UrlLocal": "spain_laliga/2019-2020/2019-08-17 - 18-00 Celta Vigo 1 - 3 Real Madrid",
    "predictions": [
        {
            "gameTime": "1 - 0:0",
            "label": "Kick-off",
            "position": "0",
            "half": "1",
            "confidence": "0.9844521284103394"
        },
        {
            "gameTime": "1 - 12:42",
            "label": "Kick-off",
            "position": "762500",
            "half": "1",
            "confidence": "0.9337865710258484"
        },
        {
            "gameTime": "1 - 12:29",
            "label": "Kick-off",
            "position": "749000",
            "half": "1",
            "confidence": "0.921233057975769"
        },
        {
            "gameTime": "1 - 0:10",
            "label": "Kick-off",
            "position": "10000",
            "half": "1",
            "confidence": "0.8908284306526184"
        },
        {
            "gameTime": "1 - 31:47",
            "label": "Kick-off",
            "position": "1907500",
            "half": "1",
            "confidence": "0.7882858514785767"
        },
        {
            "gameTime": "1 - 20:25",
            "label": "Kick-off",
            "position": "1225500",
            "half": "1",
            "confidence": "0.573634922504425"
        },
        {
            "gameTime": "1 - 3:19",
            "label": "Goal",
            "position": "199500",
            "half": "1",
            "confidence": "0.7010637521743774"
        },
        {
            "gameTime": "1 - 11:36",
            "label": "Goal",
            "position": "696500",
            "half": "1",
            "confidence": "0.6695705652236938"
        },
        {
            "gameTime": "1 - 44:9",
            "label": "Clearance",
            "position": "2649500",
            "half": "1",
            "confidence": "0.6462896466255188"
        },
        {
            "gameTime": "1 - 31:32",
            "label": "Clearance",
            "position": "1892500",
            "half": "1",
            "confidence": "0.5701996088027954"
        },
        {
            "gameTime": "1 - 6:42",
            "label": "Clearance",
            "position": "402000",
            "half": "1",
            "confidence": "0.5443946123123169"
        },
        {
            "gameTime": "1 - 48:58",
            "label": "Clearance",
            "position": "2938500",
            "half": "1",
            "confidence": "0.5051394701004028"
        },
        {
            "gameTime": "1 - 0:55",
            "label": "Ball out of play",
            "position": "55500",
            "half": "1",
            "confidence": "0.9370925426483154"
        },
        {
            "gameTime": "1 - 15:23",
            "label": "Ball out of play",
            "position": "923000",
            "half": "1",
            "confidence": "0.9356042146682739"
        },
        {
            "gameTime": "1 - 0:43",
            "label": "Ball out of play",
            "position": "43500",
            "half": "1",
            "confidence": "0.8803282976150513"
        },
        {
            "gameTime": "1 - 3:54",
            "label": "Ball out of play",
            "position": "234000",
            "half": "1",
            "confidence": "0.8476405143737793"
        },
        {
            "gameTime": "1 - 6:23",
            "label": "Ball out of play",
            "position": "383000",
            "half": "1",
            "confidence": "0.8420066237449646"
        },
        {
            "gameTime": "1 - 43:50",
            "label": "Ball out of play",
            "position": "2630500",
            "half": "1",
            "confidence": "0.8416681885719299"
        },
        {
            "gameTime": "1 - 32:50",
            "label": "Ball out of play",
            "position": "1970500",
            "half": "1",
            "confidence": "0.8367982506752014"
        },
        {
            "gameTime": "1 - 6:35",
            "label": "Ball out of play",
            "position": "395000",
            "half": "1",
            "confidence": "0.8177657127380371"
        },
        {
            "gameTime": "1 - 15:34",
            "label": "Ball out of play",
            "position": "934000",
            "half": "1",
            "confidence": "0.8161388635635376"
        },
        {
            "gameTime": "1 - 19:8",
            "label": "Ball out of play",
            "position": "1148000",
            "half": "1",
            "confidence": "0.8006489276885986"
        },
        {
            "gameTime": "1 - 15:12",
            "label": "Ball out of play",
            "position": "912500",
            "half": "1",
            "confidence": "0.7750682830810547"
        },
        {
            "gameTime": "1 - 9:51",
            "label": "Ball out of play",
            "position": "591000",
            "half": "1",
            "confidence": "0.7735061645507812"
        },
        {
            "gameTime": "1 - 26:33",
            "label": "Ball out of play",
            "position": "1593500",
            "half": "1",
            "confidence": "0.7658870816230774"
        },
        {
            "gameTime": "1 - 33:49",
            "label": "Ball out of play",
            "position": "2029000",
            "half": "1",
            "confidence": "0.7583121061325073"
        },
        {
            "gameTime": "1 - 28:1",
            "label": "Ball out of play",
            "position": "1681500",
            "half": "1",
            "confidence": "0.7574579119682312"
        },
        {
            "gameTime": "1 - 32:40",
            "label": "Ball out of play",
            "position": "1960000",
            "half": "1",
            "confidence": "0.7570217251777649"
        },
        {
            "gameTime": "1 - 34:44",
            "label": "Ball out of play",
            "position": "2084000",
            "half": "1",
            "confidence": "0.7530286312103271"
        },
        {
            "gameTime": "1 - 8:5",
            "label": "Ball out of play",
            "position": "485000",
            "half": "1",
            "confidence": "0.7378056049346924"
        },
        {
            "gameTime": "1 - 38:44",
            "label": "Ball out of play",
            "position": "2324000",
            "half": "1",
            "confidence": "0.735743522644043"
        },
        {
            "gameTime": "1 - 4:15",
            "label": "Ball out of play",
            "position": "255000",
            "half": "1",
            "confidence": "0.7235942482948303"
        },
        {
            "gameTime": "1 - 34:54",
            "label": "Ball out of play",
            "position": "2094500",
            "half": "1",
            "confidence": "0.7234972715377808"
        },
        {
            "gameTime": "1 - 30:32",
            "label": "Ball out of play",
            "position": "1832000",
            "half": "1",
            "confidence": "0.7112642526626587"
        },
        {
            "gameTime": "1 - 16:50",
            "label": "Ball out of play",
            "position": "1010000",
            "half": "1",
            "confidence": "0.7053289413452148"
        },
        {
            "gameTime": "1 - 19:21",
            "label": "Ball out of play",
            "position": "1161000",
            "half": "1",
            "confidence": "0.703941822052002"
        },
        {
            "gameTime": "1 - 21:6",
            "label": "Ball out of play",
            "position": "1266000",
            "half": "1",
            "confidence": "0.69151771068573"
        },
        {
            "gameTime": "1 - 3:43",
            "label": "Ball out of play",
            "position": "223500",
            "half": "1",
            "confidence": "0.678326427936554"
        },
        {
            "gameTime": "1 - 6:53",
            "label": "Ball out of play",
            "position": "413000",
            "half": "1",
            "confidence": "0.6767293214797974"
        },
        {
            "gameTime": "1 - 2:36",
            "label": "Ball out of play",
            "position": "156000",
            "half": "1",
            "confidence": "0.6755582690238953"
        },
        {
            "gameTime": "1 - 3:21",
            "label": "Ball out of play",
            "position": "201000",
            "half": "1",
            "confidence": "0.6691564917564392"
        },
        {
            "gameTime": "1 - 8:59",
            "label": "Ball out of play",
            "position": "539000",
            "half": "1",
            "confidence": "0.6572117209434509"
        },
        {
            "gameTime": "1 - 44:0",
            "label": "Ball out of play",
            "position": "2640500",
            "half": "1",
            "confidence": "0.6570158004760742"
        },
        {
            "gameTime": "1 - 27:49",
            "label": "Ball out of play",
            "position": "1669000",
            "half": "1",
            "confidence": "0.6510183811187744"
        },
        {
            "gameTime": "1 - 19:34",
            "label": "Ball out of play",
            "position": "1174500",
            "half": "1",
            "confidence": "0.6486473083496094"
        },
        {
            "gameTime": "1 - 20:6",
            "label": "Ball out of play",
            "position": "1206000",
            "half": "1",
            "confidence": "0.64837646484375"
        },
        {
            "gameTime": "1 - 4:46",
            "label": "Ball out of play",
            "position": "286500",
            "half": "1",
            "confidence": "0.64708012342453"
        },
        {
            "gameTime": "1 - 37:51",
            "label": "Ball out of play",
            "position": "2271000",
            "half": "1",
            "confidence": "0.6423922181129456"
        },
        {
            "gameTime": "1 - 1:5",
            "label": "Ball out of play",
            "position": "65500",
            "half": "1",
            "confidence": "0.6388294100761414"
        },
        {
            "gameTime": "1 - 10:1",
            "label": "Ball out of play",
            "position": "601000",
            "half": "1",
            "confidence": "0.6280467510223389"
        },
        {
            "gameTime": "1 - 25:25",
            "label": "Ball out of play",
            "position": "1525500",
            "half": "1",
            "confidence": "0.6154537200927734"
        },
        {
            "gameTime": "1 - 38:2",
            "label": "Ball out of play",
            "position": "2282500",
            "half": "1",
            "confidence": "0.6073639988899231"
        },
        {
            "gameTime": "1 - 4:25",
            "label": "Ball out of play",
            "position": "265000",
            "half": "1",
            "confidence": "0.5965240001678467"
        },
        {
            "gameTime": "1 - 29:58",
            "label": "Ball out of play",
            "position": "1798000",
            "half": "1",
            "confidence": "0.5948196053504944"
        },
        {
            "gameTime": "1 - 19:53",
            "label": "Ball out of play",
            "position": "1193000",
            "half": "1",
            "confidence": "0.59382563829422"
        },
        {
            "gameTime": "1 - 30:21",
            "label": "Ball out of play",
            "position": "1821500",
            "half": "1",
            "confidence": "0.5926862955093384"
        },
        {
            "gameTime": "1 - 46:12",
            "label": "Ball out of play",
            "position": "2772000",
            "half": "1",
            "confidence": "0.5814504027366638"
        },
        {
            "gameTime": "1 - 34:2",
            "label": "Ball out of play",
            "position": "2042500",
            "half": "1",
            "confidence": "0.5723876953125"
        },
        {
            "gameTime": "1 - 14:37",
            "label": "Ball out of play",
            "position": "877500",
            "half": "1",
            "confidence": "0.5700333118438721"
        },
        {
            "gameTime": "1 - 6:5",
            "label": "Ball out of play",
            "position": "365500",
            "half": "1",
            "confidence": "0.566222071647644"
        },
        {
            "gameTime": "1 - 1:35",
            "label": "Ball out of play",
            "position": "95500",
            "half": "1",
            "confidence": "0.5541176199913025"
        },
        {
            "gameTime": "1 - 3:32",
            "label": "Ball out of play",
            "position": "212500",
            "half": "1",
            "confidence": "0.5432584285736084"
        },
        {
            "gameTime": "1 - 4:4",
            "label": "Ball out of play",
            "position": "244500",
            "half": "1",
            "confidence": "0.5314331650733948"
        },
        {
            "gameTime": "1 - 45:15",
            "label": "Ball out of play",
            "position": "2715500",
            "half": "1",
            "confidence": "0.530872642993927"
        },
        {
            "gameTime": "1 - 10:22",
            "label": "Ball out of play",
            "position": "622000",
            "half": "1",
            "confidence": "0.5224534273147583"
        },
        {
            "gameTime": "1 - 22:50",
            "label": "Ball out of play",
            "position": "1370500",
            "half": "1",
            "confidence": "0.5216376185417175"
        },
        {
            "gameTime": "1 - 44:59",
            "label": "Ball out of play",
            "position": "2699500",
            "half": "1",
            "confidence": "0.5198490619659424"
        },
        {
            "gameTime": "1 - 23:52",
            "label": "Ball out of play",
            "position": "1432000",
            "half": "1",
            "confidence": "0.518642783164978"
        },
        {
            "gameTime": "1 - 25:35",
            "label": "Ball out of play",
            "position": "1535500",
            "half": "1",
            "confidence": "0.5173882246017456"
        },
        {
            "gameTime": "1 - 2:25",
            "label": "Ball out of play",
            "position": "145500",
            "half": "1",
            "confidence": "0.5053017735481262"
        },
        {
            "gameTime": "1 - 0:55",
            "label": "Throw-in",
            "position": "55000",
            "half": "1",
            "confidence": "0.9729889631271362"
        },
        {
            "gameTime": "1 - 4:10",
            "label": "Throw-in",
            "position": "250500",
            "half": "1",
            "confidence": "0.9656273126602173"
        },
        {
            "gameTime": "1 - 3:58",
            "label": "Throw-in",
            "position": "238500",
            "half": "1",
            "confidence": "0.9595643877983093"
        },
        {
            "gameTime": "1 - 0:43",
            "label": "Throw-in",
            "position": "43500",
            "half": "1",
            "confidence": "0.9434170722961426"
        },
        {
            "gameTime": "1 - 7:59",
            "label": "Throw-in",
            "position": "479000",
            "half": "1",
            "confidence": "0.9371886849403381"
        },
        {
            "gameTime": "1 - 4:24",
            "label": "Throw-in",
            "position": "264000",
            "half": "1",
            "confidence": "0.9313414096832275"
        },
        {
            "gameTime": "1 - 15:22",
            "label": "Throw-in",
            "position": "922500",
            "half": "1",
            "confidence": "0.9243025779724121"
        },
        {
            "gameTime": "1 - 19:20",
            "label": "Throw-in",
            "position": "1160000",
            "half": "1",
            "confidence": "0.9203187823295593"
        },
        {
            "gameTime": "1 - 8:9",
            "label": "Throw-in",
            "position": "489500",
            "half": "1",
            "confidence": "0.8392808437347412"
        },
        {
            "gameTime": "1 - 2:27",
            "label": "Throw-in",
            "position": "147500",
            "half": "1",
            "confidence": "0.8217853903770447"
        },
        {
            "gameTime": "1 - 9:11",
            "label": "Throw-in",
            "position": "551500",
            "half": "1",
            "confidence": "0.8211484551429749"
        },
        {
            "gameTime": "1 - 33:44",
            "label": "Throw-in",
            "position": "2024500",
            "half": "1",
            "confidence": "0.8190968632698059"
        },
        {
            "gameTime": "1 - 6:49",
            "label": "Throw-in",
            "position": "409000",
            "half": "1",
            "confidence": "0.8148961663246155"
        },
        {
            "gameTime": "1 - 1:5",
            "label": "Throw-in",
            "position": "65000",
            "half": "1",
            "confidence": "0.8087818622589111"
        },
        {
            "gameTime": "1 - 19:7",
            "label": "Throw-in",
            "position": "1147000",
            "half": "1",
            "confidence": "0.7933239340782166"
        },
        {
            "gameTime": "1 - 6:21",
            "label": "Throw-in",
            "position": "381000",
            "half": "1",
            "confidence": "0.7931997179985046"
        },
        {
            "gameTime": "1 - 16:50",
            "label": "Throw-in",
            "position": "1010000",
            "half": "1",
            "confidence": "0.7726476192474365"
        },
        {
            "gameTime": "1 - 19:30",
            "label": "Throw-in",
            "position": "1170000",
            "half": "1",
            "confidence": "0.7551606893539429"
        },
        {
            "gameTime": "1 - 27:47",
            "label": "Throw-in",
            "position": "1667500",
            "half": "1",
            "confidence": "0.7519545555114746"
        },
        {
            "gameTime": "1 - 20:6",
            "label": "Throw-in",
            "position": "1206000",
            "half": "1",
            "confidence": "0.739514946937561"
        },
        {
            "gameTime": "1 - 1:35",
            "label": "Throw-in",
            "position": "95500",
            "half": "1",
            "confidence": "0.7337365746498108"
        },
        {
            "gameTime": "1 - 6:59",
            "label": "Throw-in",
            "position": "419000",
            "half": "1",
            "confidence": "0.7284443974494934"
        },
        {
            "gameTime": "1 - 26:34",
            "label": "Throw-in",
            "position": "1594000",
            "half": "1",
            "confidence": "0.7203529477119446"
        },
        {
            "gameTime": "1 - 21:4",
            "label": "Throw-in",
            "position": "1264000",
            "half": "1",
            "confidence": "0.7152795791625977"
        },
        {
            "gameTime": "1 - 4:50",
            "label": "Throw-in",
            "position": "290500",
            "half": "1",
            "confidence": "0.7119503617286682"
        },
        {
            "gameTime": "1 - 38:5",
            "label": "Throw-in",
            "position": "2285500",
            "half": "1",
            "confidence": "0.6762843728065491"
        },
        {
            "gameTime": "1 - 7:45",
            "label": "Throw-in",
            "position": "465000",
            "half": "1",
            "confidence": "0.6694706082344055"
        },
        {
            "gameTime": "1 - 40:5",
            "label": "Throw-in",
            "position": "2405500",
            "half": "1",
            "confidence": "0.6683175563812256"
        },
        {
            "gameTime": "1 - 33:54",
            "label": "Throw-in",
            "position": "2034500",
            "half": "1",
            "confidence": "0.6369470357894897"
        },
        {
            "gameTime": "1 - 15:12",
            "label": "Throw-in",
            "position": "912000",
            "half": "1",
            "confidence": "0.631303608417511"
        },
        {
            "gameTime": "1 - 4:35",
            "label": "Throw-in",
            "position": "275000",
            "half": "1",
            "confidence": "0.6215599775314331"
        },
        {
            "gameTime": "1 - 30:1",
            "label": "Throw-in",
            "position": "1801500",
            "half": "1",
            "confidence": "0.6190030574798584"
        },
        {
            "gameTime": "1 - 2:4",
            "label": "Throw-in",
            "position": "124000",
            "half": "1",
            "confidence": "0.6134113669395447"
        },
        {
            "gameTime": "1 - 37:46",
            "label": "Throw-in",
            "position": "2266500",
            "half": "1",
            "confidence": "0.6112775206565857"
        },
        {
            "gameTime": "1 - 16:39",
            "label": "Throw-in",
            "position": "999500",
            "half": "1",
            "confidence": "0.6085310578346252"
        },
        {
            "gameTime": "1 - 15:34",
            "label": "Throw-in",
            "position": "934000",
            "half": "1",
            "confidence": "0.6027549505233765"
        },
        {
            "gameTime": "1 - 3:48",
            "label": "Throw-in",
            "position": "228000",
            "half": "1",
            "confidence": "0.589187502861023"
        },
        {
            "gameTime": "1 - 38:58",
            "label": "Throw-in",
            "position": "2338500",
            "half": "1",
            "confidence": "0.5763339400291443"
        },
        {
            "gameTime": "1 - 47:23",
            "label": "Throw-in",
            "position": "2843000",
            "half": "1",
            "confidence": "0.5752851366996765"
        },
        {
            "gameTime": "1 - 40:16",
            "label": "Throw-in",
            "position": "2416000",
            "half": "1",
            "confidence": "0.5667595267295837"
        },
        {
            "gameTime": "1 - 38:44",
            "label": "Throw-in",
            "position": "2324000",
            "half": "1",
            "confidence": "0.5632947683334351"
        },
        {
            "gameTime": "1 - 8:58",
            "label": "Throw-in",
            "position": "538000",
            "half": "1",
            "confidence": "0.5498893857002258"
        },
        {
            "gameTime": "1 - 39:30",
            "label": "Throw-in",
            "position": "2370000",
            "half": "1",
            "confidence": "0.5380886793136597"
        },
        {
            "gameTime": "1 - 31:37",
            "label": "Throw-in",
            "position": "1897000",
            "half": "1",
            "confidence": "0.5261654853820801"
        },
        {
            "gameTime": "1 - 3:19",
            "label": "Throw-in",
            "position": "199500",
            "half": "1",
            "confidence": "0.5253454446792603"
        },
        {
            "gameTime": "1 - 22:3",
            "label": "Throw-in",
            "position": "1323000",
            "half": "1",
            "confidence": "0.5239945650100708"
        },
        {
            "gameTime": "1 - 24:23",
            "label": "Throw-in",
            "position": "1463500",
            "half": "1",
            "confidence": "0.5231361389160156"
        },
        {
            "gameTime": "1 - 6:8",
            "label": "Throw-in",
            "position": "368500",
            "half": "1",
            "confidence": "0.5212249159812927"
        },
        {
            "gameTime": "1 - 18:48",
            "label": "Throw-in",
            "position": "1128500",
            "half": "1",
            "confidence": "0.5181443095207214"
        },
        {
            "gameTime": "1 - 32:40",
            "label": "Throw-in",
            "position": "1960000",
            "half": "1",
            "confidence": "0.5171438455581665"
        },
        {
            "gameTime": "1 - 34:5",
            "label": "Throw-in",
            "position": "2045000",
            "half": "1",
            "confidence": "0.5145838260650635"
        },
        {
            "gameTime": "1 - 32:50",
            "label": "Throw-in",
            "position": "1970500",
            "half": "1",
            "confidence": "0.5077543258666992"
        },
        {
            "gameTime": "1 - 45:15",
            "label": "Throw-in",
            "position": "2715500",
            "half": "1",
            "confidence": "0.5073555111885071"
        },
        {
            "gameTime": "1 - 3:25",
            "label": "Foul",
            "position": "205000",
            "half": "1",
            "confidence": "0.5883278846740723"
        },
        {
            "gameTime": "1 - 40:41",
            "label": "Foul",
            "position": "2441000",
            "half": "1",
            "confidence": "0.536151647567749"
        },
        {
            "gameTime": "1 - 40:22",
            "label": "Foul",
            "position": "2422000",
            "half": "1",
            "confidence": "0.5239784717559814"
        },
        {
            "gameTime": "1 - 35:41",
            "label": "Foul",
            "position": "2141500",
            "half": "1",
            "confidence": "0.5189752578735352"
        },
        {
            "gameTime": "1 - 14:53",
            "label": "Corner",
            "position": "893000",
            "half": "1",
            "confidence": "0.8893360495567322"
        },
        {
            "gameTime": "1 - 15:6",
            "label": "Corner",
            "position": "906000",
            "half": "1",
            "confidence": "0.8746386170387268"
        },
        {
            "gameTime": "1 - 35:24",
            "label": "Corner",
            "position": "2124500",
            "half": "1",
            "confidence": "0.6298567056655884"
        },
        {
            "gameTime": "1 - 8:53",
            "label": "Corner",
            "position": "533500",
            "half": "1",
            "confidence": "0.5398092269897461"
        },
        {
            "gameTime": "1 - 30:52",
            "label": "Corner",
            "position": "1852500",
            "half": "1",
            "confidence": "0.5049042105674744"
        },
        {
            "gameTime": "1 - 46:55",
            "label": "Yellow card",
            "position": "2815500",
            "half": "1",
            "confidence": "0.72224360704422"
        },
        {
            "gameTime": "2 - 0:0",
            "label": "Kick-off",
            "position": "0",
            "half": "2",
            "confidence": "0.9767458438873291"
        },
        {
            "gameTime": "2 - 36:7",
            "label": "Kick-off",
            "position": "2167500",
            "half": "2",
            "confidence": "0.8960744142532349"
        },
        {
            "gameTime": "2 - 46:26",
            "label": "Kick-off",
            "position": "2786000",
            "half": "2",
            "confidence": "0.7891706228256226"
        },
        {
            "gameTime": "2 - 30:17",
            "label": "Kick-off",
            "position": "1817000",
            "half": "2",
            "confidence": "0.7431265115737915"
        },
        {
            "gameTime": "2 - 16:51",
            "label": "Kick-off",
            "position": "1011500",
            "half": "2",
            "confidence": "0.6747461557388306"
        },
        {
            "gameTime": "2 - 46:42",
            "label": "Kick-off",
            "position": "2802000",
            "half": "2",
            "confidence": "0.6647213697433472"
        },
        {
            "gameTime": "2 - 0:10",
            "label": "Kick-off",
            "position": "10000",
            "half": "2",
            "confidence": "0.6228847503662109"
        },
        {
            "gameTime": "2 - 16:41",
            "label": "Kick-off",
            "position": "1001000",
            "half": "2",
            "confidence": "0.5436589121818542"
        },
        {
            "gameTime": "2 - 57:49",
            "label": "Goal",
            "position": "3469000",
            "half": "2",
            "confidence": "0.9029855728149414"
        },
        {
            "gameTime": "2 - 34:22",
            "label": "Goal",
            "position": "2062500",
            "half": "2",
            "confidence": "0.8811658620834351"
        },
        {
            "gameTime": "2 - 58:0",
            "label": "Goal",
            "position": "3480000",
            "half": "2",
            "confidence": "0.823377251625061"
        },
        {
            "gameTime": "2 - 19:49",
            "label": "Goal",
            "position": "1189500",
            "half": "2",
            "confidence": "0.7469679117202759"
        },
        {
            "gameTime": "2 - 34:34",
            "label": "Goal",
            "position": "2074500",
            "half": "2",
            "confidence": "0.7459057569503784"
        },
        {
            "gameTime": "2 - 45:46",
            "label": "Goal",
            "position": "2746000",
            "half": "2",
            "confidence": "0.7338545322418213"
        },
        {
            "gameTime": "2 - 58:19",
            "label": "Goal",
            "position": "3499000",
            "half": "2",
            "confidence": "0.5096638202667236"
        },
        {
            "gameTime": "2 - 23:16",
            "label": "Substitution",
            "position": "1396500",
            "half": "2",
            "confidence": "0.8514358997344971"
        },
        {
            "gameTime": "2 - 35:52",
            "label": "Substitution",
            "position": "2152500",
            "half": "2",
            "confidence": "0.7534871697425842"
        },
        {
            "gameTime": "2 - 45:45",
            "label": "Shots on target",
            "position": "2745000",
            "half": "2",
            "confidence": "0.837575376033783"
        },
        {
            "gameTime": "2 - 58:24",
            "label": "Shots on target",
            "position": "3504000",
            "half": "2",
            "confidence": "0.8078984022140503"
        },
        {
            "gameTime": "2 - 57:54",
            "label": "Shots on target",
            "position": "3474500",
            "half": "2",
            "confidence": "0.749901533126831"
        },
        {
            "gameTime": "2 - 19:50",
            "label": "Shots on target",
            "position": "1190000",
            "half": "2",
            "confidence": "0.7087013721466064"
        },
        {
            "gameTime": "2 - 58:13",
            "label": "Shots on target",
            "position": "3493500",
            "half": "2",
            "confidence": "0.5903857350349426"
        },
        {
            "gameTime": "2 - 34:22",
            "label": "Shots on target",
            "position": "2062500",
            "half": "2",
            "confidence": "0.5082398056983948"
        },
        {
            "gameTime": "2 - 39:48",
            "label": "Clearance",
            "position": "2388500",
            "half": "2",
            "confidence": "0.7692161202430725"
        },
        {
            "gameTime": "2 - 59:1",
            "label": "Clearance",
            "position": "3541000",
            "half": "2",
            "confidence": "0.6876450777053833"
        },
        {
            "gameTime": "2 - 27:30",
            "label": "Clearance",
            "position": "1650000",
            "half": "2",
            "confidence": "0.6662594676017761"
        },
        {
            "gameTime": "2 - 27:19",
            "label": "Clearance",
            "position": "1639500",
            "half": "2",
            "confidence": "0.5699068307876587"
        },
        {
            "gameTime": "2 - 23:20",
            "label": "Clearance",
            "position": "1400500",
            "half": "2",
            "confidence": "0.5053057074546814"
        },
        {
            "gameTime": "2 - 46:31",
            "label": "Clearance",
            "position": "2791500",
            "half": "2",
            "confidence": "0.5042773485183716"
        },
        {
            "gameTime": "2 - 44:29",
            "label": "Ball out of play",
            "position": "2669500",
            "half": "2",
            "confidence": "0.8556856513023376"
        },
        {
            "gameTime": "2 - 19:38",
            "label": "Ball out of play",
            "position": "1178500",
            "half": "2",
            "confidence": "0.8173772096633911"
        },
        {
            "gameTime": "2 - 47:21",
            "label": "Ball out of play",
            "position": "2841500",
            "half": "2",
            "confidence": "0.7925894260406494"
        },
        {
            "gameTime": "2 - 7:50",
            "label": "Ball out of play",
            "position": "470000",
            "half": "2",
            "confidence": "0.7448360919952393"
        },
        {
            "gameTime": "2 - 44:19",
            "label": "Ball out of play",
            "position": "2659000",
            "half": "2",
            "confidence": "0.7436501383781433"
        },
        {
            "gameTime": "2 - 12:26",
            "label": "Ball out of play",
            "position": "746000",
            "half": "2",
            "confidence": "0.7421351075172424"
        },
        {
            "gameTime": "2 - 43:6",
            "label": "Ball out of play",
            "position": "2586500",
            "half": "2",
            "confidence": "0.7334508299827576"
        },
        {
            "gameTime": "2 - 2:53",
            "label": "Ball out of play",
            "position": "173000",
            "half": "2",
            "confidence": "0.7187490463256836"
        },
        {
            "gameTime": "2 - 7:29",
            "label": "Ball out of play",
            "position": "449000",
            "half": "2",
            "confidence": "0.711800217628479"
        },
        {
            "gameTime": "2 - 22:54",
            "label": "Ball out of play",
            "position": "1374000",
            "half": "2",
            "confidence": "0.6874037384986877"
        },
        {
            "gameTime": "2 - 49:28",
            "label": "Ball out of play",
            "position": "2968000",
            "half": "2",
            "confidence": "0.6791868209838867"
        },
        {
            "gameTime": "2 - 13:38",
            "label": "Ball out of play",
            "position": "818000",
            "half": "2",
            "confidence": "0.6599406003952026"
        },
        {
            "gameTime": "2 - 12:2",
            "label": "Ball out of play",
            "position": "722500",
            "half": "2",
            "confidence": "0.6549903750419617"
        },
        {
            "gameTime": "2 - 15:12",
            "label": "Ball out of play",
            "position": "912000",
            "half": "2",
            "confidence": "0.6464464068412781"
        },
        {
            "gameTime": "2 - 29:30",
            "label": "Ball out of play",
            "position": "1770000",
            "half": "2",
            "confidence": "0.6119575500488281"
        },
        {
            "gameTime": "2 - 17:31",
            "label": "Ball out of play",
            "position": "1051500",
            "half": "2",
            "confidence": "0.6053073406219482"
        },
        {
            "gameTime": "2 - 47:31",
            "label": "Ball out of play",
            "position": "2851500",
            "half": "2",
            "confidence": "0.5978547930717468"
        },
        {
            "gameTime": "2 - 45:41",
            "label": "Ball out of play",
            "position": "2741500",
            "half": "2",
            "confidence": "0.5881285667419434"
        },
        {
            "gameTime": "2 - 7:39",
            "label": "Ball out of play",
            "position": "459000",
            "half": "2",
            "confidence": "0.5875086784362793"
        },
        {
            "gameTime": "2 - 12:15",
            "label": "Ball out of play",
            "position": "735500",
            "half": "2",
            "confidence": "0.5867149829864502"
        },
        {
            "gameTime": "2 - 3:6",
            "label": "Ball out of play",
            "position": "186500",
            "half": "2",
            "confidence": "0.5715001225471497"
        },
        {
            "gameTime": "2 - 34:28",
            "label": "Ball out of play",
            "position": "2068500",
            "half": "2",
            "confidence": "0.5648841857910156"
        },
        {
            "gameTime": "2 - 0:21",
            "label": "Ball out of play",
            "position": "21500",
            "half": "2",
            "confidence": "0.5584022402763367"
        },
        {
            "gameTime": "2 - 37:9",
            "label": "Ball out of play",
            "position": "2229500",
            "half": "2",
            "confidence": "0.5513349771499634"
        },
        {
            "gameTime": "2 - 8:21",
            "label": "Ball out of play",
            "position": "501500",
            "half": "2",
            "confidence": "0.5442273616790771"
        },
        {
            "gameTime": "2 - 1:6",
            "label": "Ball out of play",
            "position": "66000",
            "half": "2",
            "confidence": "0.5438498258590698"
        },
        {
            "gameTime": "2 - 14:42",
            "label": "Ball out of play",
            "position": "882500",
            "half": "2",
            "confidence": "0.5411765575408936"
        },
        {
            "gameTime": "2 - 43:20",
            "label": "Ball out of play",
            "position": "2600000",
            "half": "2",
            "confidence": "0.5284526944160461"
        },
        {
            "gameTime": "2 - 32:10",
            "label": "Ball out of play",
            "position": "1930000",
            "half": "2",
            "confidence": "0.5258078575134277"
        },
        {
            "gameTime": "2 - 23:29",
            "label": "Ball out of play",
            "position": "1409000",
            "half": "2",
            "confidence": "0.516523540019989"
        },
        {
            "gameTime": "2 - 29:19",
            "label": "Ball out of play",
            "position": "1759500",
            "half": "2",
            "confidence": "0.5106506943702698"
        },
        {
            "gameTime": "2 - 48:7",
            "label": "Ball out of play",
            "position": "2887500",
            "half": "2",
            "confidence": "0.5045362710952759"
        },
        {
            "gameTime": "2 - 1:48",
            "label": "Ball out of play",
            "position": "108000",
            "half": "2",
            "confidence": "0.5001919865608215"
        },
        {
            "gameTime": "2 - 15:11",
            "label": "Throw-in",
            "position": "911500",
            "half": "2",
            "confidence": "0.9844723343849182"
        },
        {
            "gameTime": "2 - 44:35",
            "label": "Throw-in",
            "position": "2675000",
            "half": "2",
            "confidence": "0.9238277077674866"
        },
        {
            "gameTime": "2 - 15:1",
            "label": "Throw-in",
            "position": "901000",
            "half": "2",
            "confidence": "0.922516942024231"
        },
        {
            "gameTime": "2 - 30:46",
            "label": "Throw-in",
            "position": "1846500",
            "half": "2",
            "confidence": "0.8534297943115234"
        },
        {
            "gameTime": "2 - 44:16",
            "label": "Throw-in",
            "position": "2656500",
            "half": "2",
            "confidence": "0.7886657118797302"
        },
        {
            "gameTime": "2 - 7:50",
            "label": "Throw-in",
            "position": "470500",
            "half": "2",
            "confidence": "0.7825064659118652"
        },
        {
            "gameTime": "2 - 28:26",
            "label": "Throw-in",
            "position": "1706000",
            "half": "2",
            "confidence": "0.7676689028739929"
        },
        {
            "gameTime": "2 - 14:35",
            "label": "Throw-in",
            "position": "875500",
            "half": "2",
            "confidence": "0.748996913433075"
        },
        {
            "gameTime": "2 - 8:21",
            "label": "Throw-in",
            "position": "501500",
            "half": "2",
            "confidence": "0.7361986637115479"
        },
        {
            "gameTime": "2 - 23:40",
            "label": "Throw-in",
            "position": "1420500",
            "half": "2",
            "confidence": "0.7314234972000122"
        },
        {
            "gameTime": "2 - 32:10",
            "label": "Throw-in",
            "position": "1930500",
            "half": "2",
            "confidence": "0.7265449166297913"
        },
        {
            "gameTime": "2 - 0:21",
            "label": "Throw-in",
            "position": "21500",
            "half": "2",
            "confidence": "0.6957771182060242"
        },
        {
            "gameTime": "2 - 8:0",
            "label": "Throw-in",
            "position": "480500",
            "half": "2",
            "confidence": "0.6670448780059814"
        },
        {
            "gameTime": "2 - 37:45",
            "label": "Throw-in",
            "position": "2265000",
            "half": "2",
            "confidence": "0.6656214594841003"
        },
        {
            "gameTime": "2 - 47:20",
            "label": "Throw-in",
            "position": "2840500",
            "half": "2",
            "confidence": "0.6487594842910767"
        },
        {
            "gameTime": "2 - 41:39",
            "label": "Throw-in",
            "position": "2499000",
            "half": "2",
            "confidence": "0.6241502165794373"
        },
        {
            "gameTime": "2 - 49:29",
            "label": "Throw-in",
            "position": "2969500",
            "half": "2",
            "confidence": "0.6185243725776672"
        },
        {
            "gameTime": "2 - 14:47",
            "label": "Throw-in",
            "position": "887500",
            "half": "2",
            "confidence": "0.6174723505973816"
        },
        {
            "gameTime": "2 - 30:23",
            "label": "Throw-in",
            "position": "1823500",
            "half": "2",
            "confidence": "0.6041170954704285"
        },
        {
            "gameTime": "2 - 12:18",
            "label": "Throw-in",
            "position": "738000",
            "half": "2",
            "confidence": "0.5977425575256348"
        },
        {
            "gameTime": "2 - 13:38",
            "label": "Throw-in",
            "position": "818500",
            "half": "2",
            "confidence": "0.5909507274627686"
        },
        {
            "gameTime": "2 - 9:59",
            "label": "Throw-in",
            "position": "599500",
            "half": "2",
            "confidence": "0.587349534034729"
        },
        {
            "gameTime": "2 - 13:49",
            "label": "Throw-in",
            "position": "829500",
            "half": "2",
            "confidence": "0.5731055736541748"
        },
        {
            "gameTime": "2 - 44:4",
            "label": "Throw-in",
            "position": "2644500",
            "half": "2",
            "confidence": "0.5467290282249451"
        },
        {
            "gameTime": "2 - 17:31",
            "label": "Throw-in",
            "position": "1051500",
            "half": "2",
            "confidence": "0.5361204147338867"
        },
        {
            "gameTime": "2 - 20:11",
            "label": "Throw-in",
            "position": "1211000",
            "half": "2",
            "confidence": "0.53336101770401"
        },
        {
            "gameTime": "2 - 23:30",
            "label": "Throw-in",
            "position": "1410000",
            "half": "2",
            "confidence": "0.5224782228469849"
        },
        {
            "gameTime": "2 - 49:42",
            "label": "Throw-in",
            "position": "2982000",
            "half": "2",
            "confidence": "0.5138659477233887"
        },
        {
            "gameTime": "2 - 34:24",
            "label": "Throw-in",
            "position": "2064000",
            "half": "2",
            "confidence": "0.5057047605514526"
        },
        {
            "gameTime": "2 - 0:31",
            "label": "Throw-in",
            "position": "31500",
            "half": "2",
            "confidence": "0.505143940448761"
        },
        {
            "gameTime": "2 - 3:6",
            "label": "Foul",
            "position": "186000",
            "half": "2",
            "confidence": "0.6367361545562744"
        },
        {
            "gameTime": "2 - 57:21",
            "label": "Foul",
            "position": "3441500",
            "half": "2",
            "confidence": "0.589773952960968"
        },
        {
            "gameTime": "2 - 18:28",
            "label": "Foul",
            "position": "1108500",
            "half": "2",
            "confidence": "0.5686678290367126"
        },
        {
            "gameTime": "2 - 37:10",
            "label": "Indirect free-kick",
            "position": "2230000",
            "half": "2",
            "confidence": "0.5715854167938232"
        },
        {
            "gameTime": "2 - 47:54",
            "label": "Indirect free-kick",
            "position": "2874500",
            "half": "2",
            "confidence": "0.5147659182548523"
        },
        {
            "gameTime": "2 - 43:25",
            "label": "Corner",
            "position": "2605000",
            "half": "2",
            "confidence": "0.9452418088912964"
        },
        {
            "gameTime": "2 - 26:29",
            "label": "Corner",
            "position": "1589000",
            "half": "2",
            "confidence": "0.9103743433952332"
        },
        {
            "gameTime": "2 - 4:41",
            "label": "Corner",
            "position": "281500",
            "half": "2",
            "confidence": "0.7864400148391724"
        },
        {
            "gameTime": "2 - 4:53",
            "label": "Corner",
            "position": "293000",
            "half": "2",
            "confidence": "0.709218442440033"
        },
        {
            "gameTime": "2 - 12:44",
            "label": "Corner",
            "position": "764500",
            "half": "2",
            "confidence": "0.6844714283943176"
        },
        {
            "gameTime": "2 - 24:15",
            "label": "Corner",
            "position": "1455500",
            "half": "2",
            "confidence": "0.6566067337989807"
        },
        {
            "gameTime": "2 - 26:40",
            "label": "Corner",
            "position": "1600000",
            "half": "2",
            "confidence": "0.5522962808609009"
        },
        {
            "gameTime": "2 - 43:36",
            "label": "Corner",
            "position": "2616500",
            "half": "2",
            "confidence": "0.5288203358650208"
        },
        {
            "gameTime": "2 - 3:12",
            "label": "Yellow card",
            "position": "192000",
            "half": "2",
            "confidence": "0.9582841992378235"
        },
        {
            "gameTime": "2 - 28:45",
            "label": "Yellow card",
            "position": "1725500",
            "half": "2",
            "confidence": "0.9482523202896118"
        },
        {
            "gameTime": "2 - 28:28",
            "label": "Yellow card",
            "position": "1708000",
            "half": "2",
            "confidence": "0.8880380392074585"
        },
        {
            "gameTime": "2 - 2:58",
            "label": "Yellow card",
            "position": "178500",
            "half": "2",
            "confidence": "0.8855348825454712"
        },
        {
            "gameTime": "2 - 10:35",
            "label": "Yellow card",
            "position": "635500",
            "half": "2",
            "confidence": "0.8206561207771301"
        },
        {
            "gameTime": "2 - 18:40",
            "label": "Yellow card",
            "position": "1120000",
            "half": "2",
            "confidence": "0.657736599445343"
        },
        {
            "gameTime": "2 - 10:25",
            "label": "Yellow card",
            "position": "625000",
            "half": "2",
            "confidence": "0.5258767008781433"
        },
        {
            "gameTime": "2 - 18:28",
            "label": "Yellow card",
            "position": "1108500",
            "half": "2",
            "confidence": "0.5139390826225281"
        }
    ]
}