{
    "UrlLocal": "germany_bundesliga/2016-2017/2017-05-13 - 18-00 Leipzig 4 - 5 Bayern",
    "predictions": [
        {
            "gameTime": "1 - 27:43",
            "label": "card",
            "position": "1663500",
            "half": "1",
            "confidence": "0.8293116092681885"
        },
        {
            "gameTime": "1 - 27:53",
            "label": "card",
            "position": "1673500",
            "half": "1",
            "confidence": "0.716308057308197"
        },
        {
            "gameTime": "1 - 43:20",
            "label": "subs",
            "position": "2600500",
            "half": "1",
            "confidence": "0.6843656301498413"
        },
        {
            "gameTime": "1 - 28:22",
            "label": "soccer",
            "position": "1702500",
            "half": "1",
            "confidence": "0.9042375087738037"
        },
        {
            "gameTime": "1 - 3:48",
            "label": "soccer",
            "position": "228500",
            "half": "1",
            "confidence": "0.763728141784668"
        },
        {
            "gameTime": "1 - 16:12",
            "label": "soccer",
            "position": "972000",
            "half": "1",
            "confidence": "0.7420551776885986"
        },
        {
            "gameTime": "1 - 28:12",
            "label": "soccer",
            "position": "1692000",
            "half": "1",
            "confidence": "0.7114151120185852"
        },
        {
            "gameTime": "1 - 1:11",
            "label": "soccer",
            "position": "71500",
            "half": "1",
            "confidence": "0.5949169993400574"
        },
        {
            "gameTime": "2 - 18:39",
            "label": "card",
            "position": "1119000",
            "half": "2",
            "confidence": "0.7866957783699036"
        },
        {
            "gameTime": "2 - 11:41",
            "label": "card",
            "position": "701000",
            "half": "2",
            "confidence": "0.7012560963630676"
        },
        {
            "gameTime": "2 - 18:28",
            "label": "card",
            "position": "1108500",
            "half": "2",
            "confidence": "0.5656007528305054"
        },
        {
            "gameTime": "2 - 51:23",
            "label": "subs",
            "position": "3083500",
            "half": "2",
            "confidence": "0.936676025390625"
        },
        {
            "gameTime": "2 - 34:22",
            "label": "subs",
            "position": "2062000",
            "half": "2",
            "confidence": "0.8957954049110413"
        },
        {
            "gameTime": "2 - 30:39",
            "label": "subs",
            "position": "1839000",
            "half": "2",
            "confidence": "0.8769651055335999"
        },
        {
            "gameTime": "2 - 51:11",
            "label": "subs",
            "position": "3071000",
            "half": "2",
            "confidence": "0.8009052872657776"
        },
        {
            "gameTime": "2 - 23:9",
            "label": "subs",
            "position": "1389500",
            "half": "2",
            "confidence": "0.7861897349357605"
        },
        {
            "gameTime": "2 - 15:51",
            "label": "subs",
            "position": "951000",
            "half": "2",
            "confidence": "0.7048158049583435"
        },
        {
            "gameTime": "2 - 30:28",
            "label": "subs",
            "position": "1828500",
            "half": "2",
            "confidence": "0.6780076026916504"
        },
        {
            "gameTime": "2 - 23:19",
            "label": "subs",
            "position": "1399500",
            "half": "2",
            "confidence": "0.5462312698364258"
        },
        {
            "gameTime": "2 - 19:47",
            "label": "soccer",
            "position": "1187500",
            "half": "2",
            "confidence": "0.8965771198272705"
        },
        {
            "gameTime": "2 - 45:26",
            "label": "soccer",
            "position": "2726000",
            "half": "2",
            "confidence": "0.7861533164978027"
        },
        {
            "gameTime": "2 - 49:39",
            "label": "soccer",
            "position": "2979500",
            "half": "2",
            "confidence": "0.7763227224349976"
        },
        {
            "gameTime": "2 - 39:55",
            "label": "soccer",
            "position": "2395000",
            "half": "2",
            "confidence": "0.7410514950752258"
        },
        {
            "gameTime": "2 - 14:29",
            "label": "soccer",
            "position": "869000",
            "half": "2",
            "confidence": "0.6763892769813538"
        }
    ]
}