{
    "UrlLocal": "spain_laliga/2019-2020/2019-09-14 - 18-00 Barcelona 5 - 2 Valencia",
    "predictions": [
        {
            "gameTime": "1 - 30:3",
            "label": "card",
            "position": "1803500",
            "half": "1",
            "confidence": "0.9911208748817444"
        },
        {
            "gameTime": "1 - 29:53",
            "label": "card",
            "position": "1793000",
            "half": "1",
            "confidence": "0.8967857360839844"
        },
        {
            "gameTime": "1 - 27:2",
            "label": "card",
            "position": "1622500",
            "half": "1",
            "confidence": "0.7632126808166504"
        },
        {
            "gameTime": "1 - 26:29",
            "label": "card",
            "position": "1589000",
            "half": "1",
            "confidence": "0.5186774134635925"
        },
        {
            "gameTime": "1 - 34:24",
            "label": "subs",
            "position": "2064500",
            "half": "1",
            "confidence": "0.6499171257019043"
        },
        {
            "gameTime": "1 - 6:24",
            "label": "soccer",
            "position": "384000",
            "half": "1",
            "confidence": "0.9032173156738281"
        },
        {
            "gameTime": "1 - 1:56",
            "label": "soccer",
            "position": "116500",
            "half": "1",
            "confidence": "0.5398032665252686"
        },
        {
            "gameTime": "2 - 23:23",
            "label": "card",
            "position": "1403000",
            "half": "2",
            "confidence": "0.9265950918197632"
        },
        {
            "gameTime": "2 - 23:33",
            "label": "card",
            "position": "1413000",
            "half": "2",
            "confidence": "0.9007111191749573"
        },
        {
            "gameTime": "2 - 32:56",
            "label": "card",
            "position": "1976000",
            "half": "2",
            "confidence": "0.8780416250228882"
        },
        {
            "gameTime": "2 - 32:45",
            "label": "card",
            "position": "1965500",
            "half": "2",
            "confidence": "0.7887374758720398"
        },
        {
            "gameTime": "2 - 8:10",
            "label": "card",
            "position": "490000",
            "half": "2",
            "confidence": "0.6732978224754333"
        },
        {
            "gameTime": "2 - 26:44",
            "label": "subs",
            "position": "1604500",
            "half": "2",
            "confidence": "0.8884550929069519"
        },
        {
            "gameTime": "2 - 24:31",
            "label": "subs",
            "position": "1471000",
            "half": "2",
            "confidence": "0.8794696927070618"
        },
        {
            "gameTime": "2 - 26:56",
            "label": "subs",
            "position": "1616000",
            "half": "2",
            "confidence": "0.8662469387054443"
        },
        {
            "gameTime": "2 - 24:41",
            "label": "subs",
            "position": "1481000",
            "half": "2",
            "confidence": "0.8101576566696167"
        },
        {
            "gameTime": "2 - 47:49",
            "label": "subs",
            "position": "2869000",
            "half": "2",
            "confidence": "0.7014332413673401"
        },
        {
            "gameTime": "2 - 27:9",
            "label": "subs",
            "position": "1629000",
            "half": "2",
            "confidence": "0.6823596358299255"
        },
        {
            "gameTime": "2 - 6:2",
            "label": "soccer",
            "position": "362500",
            "half": "2",
            "confidence": "0.8178528547286987"
        },
        {
            "gameTime": "2 - 36:42",
            "label": "soccer",
            "position": "2202000",
            "half": "2",
            "confidence": "0.7135899662971497"
        },
        {
            "gameTime": "2 - 43:56",
            "label": "soccer",
            "position": "2636500",
            "half": "2",
            "confidence": "0.528076708316803"
        }
    ]
}