{
    "UrlLocal": "france_ligue-1/2016-2017/2017-04-02 - 18-00 Nice 2 - 1 Bordeaux",
    "predictions": [
        {
            "gameTime": "1 - 0:2",
            "label": "Kick-off",
            "position": "2000",
            "half": "1",
            "confidence": "0.9972904920578003"
        },
        {
            "gameTime": "1 - 16:9",
            "label": "Kick-off",
            "position": "969500",
            "half": "1",
            "confidence": "0.9777936339378357"
        },
        {
            "gameTime": "1 - 0:12",
            "label": "Kick-off",
            "position": "12000",
            "half": "1",
            "confidence": "0.9765830039978027"
        },
        {
            "gameTime": "1 - 46:3",
            "label": "Kick-off",
            "position": "2763500",
            "half": "1",
            "confidence": "0.7852364778518677"
        },
        {
            "gameTime": "1 - 16:19",
            "label": "Kick-off",
            "position": "979500",
            "half": "1",
            "confidence": "0.7660294771194458"
        },
        {
            "gameTime": "1 - 9:25",
            "label": "Kick-off",
            "position": "565000",
            "half": "1",
            "confidence": "0.7635622024536133"
        },
        {
            "gameTime": "1 - 26:49",
            "label": "Kick-off",
            "position": "1609000",
            "half": "1",
            "confidence": "0.6387667655944824"
        },
        {
            "gameTime": "1 - 46:13",
            "label": "Kick-off",
            "position": "2773500",
            "half": "1",
            "confidence": "0.6266933679580688"
        },
        {
            "gameTime": "1 - 27:0",
            "label": "Kick-off",
            "position": "1620000",
            "half": "1",
            "confidence": "0.5395955443382263"
        },
        {
            "gameTime": "1 - 9:35",
            "label": "Kick-off",
            "position": "575000",
            "half": "1",
            "confidence": "0.5070675611495972"
        },
        {
            "gameTime": "1 - 8:34",
            "label": "Goal",
            "position": "514500",
            "half": "1",
            "confidence": "0.9913262724876404"
        },
        {
            "gameTime": "1 - 26:15",
            "label": "Goal",
            "position": "1575000",
            "half": "1",
            "confidence": "0.913673996925354"
        },
        {
            "gameTime": "1 - 26:3",
            "label": "Goal",
            "position": "1563500",
            "half": "1",
            "confidence": "0.5506717562675476"
        },
        {
            "gameTime": "1 - 15:43",
            "label": "Goal",
            "position": "943000",
            "half": "1",
            "confidence": "0.5459471344947815"
        },
        {
            "gameTime": "1 - 46:15",
            "label": "Substitution",
            "position": "2775500",
            "half": "1",
            "confidence": "0.9516458511352539"
        },
        {
            "gameTime": "1 - 29:50",
            "label": "Substitution",
            "position": "1790000",
            "half": "1",
            "confidence": "0.8241441249847412"
        },
        {
            "gameTime": "1 - 46:4",
            "label": "Substitution",
            "position": "2764500",
            "half": "1",
            "confidence": "0.7819136381149292"
        },
        {
            "gameTime": "1 - 3:55",
            "label": "Offside",
            "position": "235000",
            "half": "1",
            "confidence": "0.8367489576339722"
        },
        {
            "gameTime": "1 - 4:6",
            "label": "Offside",
            "position": "246000",
            "half": "1",
            "confidence": "0.6762439012527466"
        },
        {
            "gameTime": "1 - 28:22",
            "label": "Offside",
            "position": "1702000",
            "half": "1",
            "confidence": "0.6437868475914001"
        },
        {
            "gameTime": "1 - 26:10",
            "label": "Shots on target",
            "position": "1570000",
            "half": "1",
            "confidence": "0.9210543036460876"
        },
        {
            "gameTime": "1 - 51:48",
            "label": "Shots on target",
            "position": "3108500",
            "half": "1",
            "confidence": "0.7487099170684814"
        },
        {
            "gameTime": "1 - 8:34",
            "label": "Shots on target",
            "position": "514500",
            "half": "1",
            "confidence": "0.7413631081581116"
        },
        {
            "gameTime": "1 - 34:47",
            "label": "Shots on target",
            "position": "2087500",
            "half": "1",
            "confidence": "0.5259110927581787"
        },
        {
            "gameTime": "1 - 25:59",
            "label": "Shots on target",
            "position": "1559500",
            "half": "1",
            "confidence": "0.5150730013847351"
        },
        {
            "gameTime": "1 - 34:33",
            "label": "Shots on target",
            "position": "2073000",
            "half": "1",
            "confidence": "0.5126391649246216"
        },
        {
            "gameTime": "1 - 51:39",
            "label": "Shots off target",
            "position": "3099000",
            "half": "1",
            "confidence": "0.8315335512161255"
        },
        {
            "gameTime": "1 - 25:58",
            "label": "Shots off target",
            "position": "1558500",
            "half": "1",
            "confidence": "0.7514376044273376"
        },
        {
            "gameTime": "1 - 51:49",
            "label": "Shots off target",
            "position": "3109500",
            "half": "1",
            "confidence": "0.6799513697624207"
        },
        {
            "gameTime": "1 - 36:23",
            "label": "Shots off target",
            "position": "2183000",
            "half": "1",
            "confidence": "0.6047614812850952"
        },
        {
            "gameTime": "1 - 26:8",
            "label": "Shots off target",
            "position": "1568500",
            "half": "1",
            "confidence": "0.5971204042434692"
        },
        {
            "gameTime": "1 - 49:50",
            "label": "Shots off target",
            "position": "2990500",
            "half": "1",
            "confidence": "0.5764310359954834"
        },
        {
            "gameTime": "1 - 33:21",
            "label": "Shots off target",
            "position": "2001000",
            "half": "1",
            "confidence": "0.5748862028121948"
        },
        {
            "gameTime": "1 - 6:59",
            "label": "Clearance",
            "position": "419500",
            "half": "1",
            "confidence": "0.8506561517715454"
        },
        {
            "gameTime": "1 - 16:13",
            "label": "Clearance",
            "position": "973000",
            "half": "1",
            "confidence": "0.8441791534423828"
        },
        {
            "gameTime": "1 - 30:14",
            "label": "Clearance",
            "position": "1814000",
            "half": "1",
            "confidence": "0.8297568559646606"
        },
        {
            "gameTime": "1 - 4:23",
            "label": "Clearance",
            "position": "263000",
            "half": "1",
            "confidence": "0.7914847135543823"
        },
        {
            "gameTime": "1 - 34:2",
            "label": "Clearance",
            "position": "2042000",
            "half": "1",
            "confidence": "0.7651315927505493"
        },
        {
            "gameTime": "1 - 30:1",
            "label": "Clearance",
            "position": "1801500",
            "half": "1",
            "confidence": "0.7380833625793457"
        },
        {
            "gameTime": "1 - 12:27",
            "label": "Clearance",
            "position": "747500",
            "half": "1",
            "confidence": "0.7299296259880066"
        },
        {
            "gameTime": "1 - 1:24",
            "label": "Clearance",
            "position": "84000",
            "half": "1",
            "confidence": "0.5818104147911072"
        },
        {
            "gameTime": "1 - 16:28",
            "label": "Clearance",
            "position": "988500",
            "half": "1",
            "confidence": "0.5560495257377625"
        },
        {
            "gameTime": "1 - 4:33",
            "label": "Clearance",
            "position": "273500",
            "half": "1",
            "confidence": "0.516614556312561"
        },
        {
            "gameTime": "1 - 18:14",
            "label": "Ball out of play",
            "position": "1094500",
            "half": "1",
            "confidence": "0.9731898903846741"
        },
        {
            "gameTime": "1 - 45:1",
            "label": "Ball out of play",
            "position": "2701500",
            "half": "1",
            "confidence": "0.9516225457191467"
        },
        {
            "gameTime": "1 - 18:4",
            "label": "Ball out of play",
            "position": "1084000",
            "half": "1",
            "confidence": "0.9279042482376099"
        },
        {
            "gameTime": "1 - 18:48",
            "label": "Ball out of play",
            "position": "1128500",
            "half": "1",
            "confidence": "0.9153319597244263"
        },
        {
            "gameTime": "1 - 44:50",
            "label": "Ball out of play",
            "position": "2690500",
            "half": "1",
            "confidence": "0.89761883020401"
        },
        {
            "gameTime": "1 - 18:58",
            "label": "Ball out of play",
            "position": "1138500",
            "half": "1",
            "confidence": "0.821796178817749"
        },
        {
            "gameTime": "1 - 29:32",
            "label": "Ball out of play",
            "position": "1772500",
            "half": "1",
            "confidence": "0.8100420832633972"
        },
        {
            "gameTime": "1 - 25:12",
            "label": "Ball out of play",
            "position": "1512500",
            "half": "1",
            "confidence": "0.809338390827179"
        },
        {
            "gameTime": "1 - 15:36",
            "label": "Ball out of play",
            "position": "936000",
            "half": "1",
            "confidence": "0.8065720796585083"
        },
        {
            "gameTime": "1 - 2:38",
            "label": "Ball out of play",
            "position": "158500",
            "half": "1",
            "confidence": "0.8058412075042725"
        },
        {
            "gameTime": "1 - 7:18",
            "label": "Ball out of play",
            "position": "438000",
            "half": "1",
            "confidence": "0.7420167326927185"
        },
        {
            "gameTime": "1 - 25:22",
            "label": "Ball out of play",
            "position": "1522500",
            "half": "1",
            "confidence": "0.7318233847618103"
        },
        {
            "gameTime": "1 - 10:20",
            "label": "Ball out of play",
            "position": "620000",
            "half": "1",
            "confidence": "0.7265929579734802"
        },
        {
            "gameTime": "1 - 22:52",
            "label": "Ball out of play",
            "position": "1372500",
            "half": "1",
            "confidence": "0.7106949090957642"
        },
        {
            "gameTime": "1 - 1:54",
            "label": "Ball out of play",
            "position": "114500",
            "half": "1",
            "confidence": "0.7067419290542603"
        },
        {
            "gameTime": "1 - 15:24",
            "label": "Ball out of play",
            "position": "924500",
            "half": "1",
            "confidence": "0.6837215423583984"
        },
        {
            "gameTime": "1 - 2:28",
            "label": "Ball out of play",
            "position": "148000",
            "half": "1",
            "confidence": "0.6708874702453613"
        },
        {
            "gameTime": "1 - 34:41",
            "label": "Ball out of play",
            "position": "2081000",
            "half": "1",
            "confidence": "0.6657299995422363"
        },
        {
            "gameTime": "1 - 45:14",
            "label": "Ball out of play",
            "position": "2714500",
            "half": "1",
            "confidence": "0.6431779861450195"
        },
        {
            "gameTime": "1 - 17:12",
            "label": "Ball out of play",
            "position": "1032500",
            "half": "1",
            "confidence": "0.6423754096031189"
        },
        {
            "gameTime": "1 - 12:50",
            "label": "Ball out of play",
            "position": "770500",
            "half": "1",
            "confidence": "0.6355918645858765"
        },
        {
            "gameTime": "1 - 19:8",
            "label": "Ball out of play",
            "position": "1148500",
            "half": "1",
            "confidence": "0.6314591765403748"
        },
        {
            "gameTime": "1 - 35:39",
            "label": "Ball out of play",
            "position": "2139000",
            "half": "1",
            "confidence": "0.630731999874115"
        },
        {
            "gameTime": "1 - 31:36",
            "label": "Ball out of play",
            "position": "1896000",
            "half": "1",
            "confidence": "0.629252016544342"
        },
        {
            "gameTime": "1 - 50:27",
            "label": "Ball out of play",
            "position": "3027000",
            "half": "1",
            "confidence": "0.6232483983039856"
        },
        {
            "gameTime": "1 - 51:41",
            "label": "Ball out of play",
            "position": "3101500",
            "half": "1",
            "confidence": "0.6220970153808594"
        },
        {
            "gameTime": "1 - 8:6",
            "label": "Ball out of play",
            "position": "486500",
            "half": "1",
            "confidence": "0.6048014163970947"
        },
        {
            "gameTime": "1 - 40:50",
            "label": "Ball out of play",
            "position": "2450500",
            "half": "1",
            "confidence": "0.5950955748558044"
        },
        {
            "gameTime": "1 - 36:24",
            "label": "Ball out of play",
            "position": "2184000",
            "half": "1",
            "confidence": "0.593254566192627"
        },
        {
            "gameTime": "1 - 29:43",
            "label": "Ball out of play",
            "position": "1783000",
            "half": "1",
            "confidence": "0.5903911590576172"
        },
        {
            "gameTime": "1 - 49:55",
            "label": "Ball out of play",
            "position": "2995000",
            "half": "1",
            "confidence": "0.5896058082580566"
        },
        {
            "gameTime": "1 - 27:10",
            "label": "Ball out of play",
            "position": "1630500",
            "half": "1",
            "confidence": "0.580126166343689"
        },
        {
            "gameTime": "1 - 10:51",
            "label": "Ball out of play",
            "position": "651500",
            "half": "1",
            "confidence": "0.5658980011940002"
        },
        {
            "gameTime": "1 - 35:4",
            "label": "Ball out of play",
            "position": "2104500",
            "half": "1",
            "confidence": "0.5635714530944824"
        },
        {
            "gameTime": "1 - 33:20",
            "label": "Ball out of play",
            "position": "2000000",
            "half": "1",
            "confidence": "0.5587411522865295"
        },
        {
            "gameTime": "1 - 12:37",
            "label": "Ball out of play",
            "position": "757000",
            "half": "1",
            "confidence": "0.5573776364326477"
        },
        {
            "gameTime": "1 - 50:37",
            "label": "Ball out of play",
            "position": "3037000",
            "half": "1",
            "confidence": "0.5495728850364685"
        },
        {
            "gameTime": "1 - 26:6",
            "label": "Ball out of play",
            "position": "1566000",
            "half": "1",
            "confidence": "0.5319160223007202"
        },
        {
            "gameTime": "1 - 1:43",
            "label": "Ball out of play",
            "position": "103500",
            "half": "1",
            "confidence": "0.5308222770690918"
        },
        {
            "gameTime": "1 - 30:25",
            "label": "Ball out of play",
            "position": "1825500",
            "half": "1",
            "confidence": "0.5004737377166748"
        },
        {
            "gameTime": "1 - 1:53",
            "label": "Throw-in",
            "position": "113500",
            "half": "1",
            "confidence": "0.9924499988555908"
        },
        {
            "gameTime": "1 - 22:52",
            "label": "Throw-in",
            "position": "1372500",
            "half": "1",
            "confidence": "0.980859637260437"
        },
        {
            "gameTime": "1 - 12:48",
            "label": "Throw-in",
            "position": "768500",
            "half": "1",
            "confidence": "0.9706520438194275"
        },
        {
            "gameTime": "1 - 22:5",
            "label": "Throw-in",
            "position": "1325000",
            "half": "1",
            "confidence": "0.9635705351829529"
        },
        {
            "gameTime": "1 - 18:52",
            "label": "Throw-in",
            "position": "1132000",
            "half": "1",
            "confidence": "0.9607571363449097"
        },
        {
            "gameTime": "1 - 2:4",
            "label": "Throw-in",
            "position": "124500",
            "half": "1",
            "confidence": "0.9516627192497253"
        },
        {
            "gameTime": "1 - 12:37",
            "label": "Throw-in",
            "position": "757000",
            "half": "1",
            "confidence": "0.9282216429710388"
        },
        {
            "gameTime": "1 - 19:2",
            "label": "Throw-in",
            "position": "1142000",
            "half": "1",
            "confidence": "0.9142441749572754"
        },
        {
            "gameTime": "1 - 8:6",
            "label": "Throw-in",
            "position": "486500",
            "half": "1",
            "confidence": "0.8885637521743774"
        },
        {
            "gameTime": "1 - 21:54",
            "label": "Throw-in",
            "position": "1314500",
            "half": "1",
            "confidence": "0.8676214218139648"
        },
        {
            "gameTime": "1 - 7:18",
            "label": "Throw-in",
            "position": "438500",
            "half": "1",
            "confidence": "0.8478967547416687"
        },
        {
            "gameTime": "1 - 25:10",
            "label": "Throw-in",
            "position": "1510000",
            "half": "1",
            "confidence": "0.765790581703186"
        },
        {
            "gameTime": "1 - 7:28",
            "label": "Throw-in",
            "position": "448500",
            "half": "1",
            "confidence": "0.7464298605918884"
        },
        {
            "gameTime": "1 - 40:51",
            "label": "Throw-in",
            "position": "2451500",
            "half": "1",
            "confidence": "0.7453638315200806"
        },
        {
            "gameTime": "1 - 31:0",
            "label": "Throw-in",
            "position": "1860000",
            "half": "1",
            "confidence": "0.6889431476593018"
        },
        {
            "gameTime": "1 - 25:20",
            "label": "Throw-in",
            "position": "1520000",
            "half": "1",
            "confidence": "0.6858444213867188"
        },
        {
            "gameTime": "1 - 30:49",
            "label": "Throw-in",
            "position": "1849500",
            "half": "1",
            "confidence": "0.683218240737915"
        },
        {
            "gameTime": "1 - 22:42",
            "label": "Throw-in",
            "position": "1362000",
            "half": "1",
            "confidence": "0.6713113784790039"
        },
        {
            "gameTime": "1 - 31:41",
            "label": "Throw-in",
            "position": "1901000",
            "half": "1",
            "confidence": "0.6498641967773438"
        },
        {
            "gameTime": "1 - 2:30",
            "label": "Throw-in",
            "position": "150000",
            "half": "1",
            "confidence": "0.6391847133636475"
        },
        {
            "gameTime": "1 - 19:12",
            "label": "Throw-in",
            "position": "1152000",
            "half": "1",
            "confidence": "0.6321832537651062"
        },
        {
            "gameTime": "1 - 16:47",
            "label": "Throw-in",
            "position": "1007000",
            "half": "1",
            "confidence": "0.6135798096656799"
        },
        {
            "gameTime": "1 - 48:59",
            "label": "Throw-in",
            "position": "2939000",
            "half": "1",
            "confidence": "0.5805847644805908"
        },
        {
            "gameTime": "1 - 8:16",
            "label": "Throw-in",
            "position": "496500",
            "half": "1",
            "confidence": "0.5725501775741577"
        },
        {
            "gameTime": "1 - 19:55",
            "label": "Throw-in",
            "position": "1195500",
            "half": "1",
            "confidence": "0.5418415069580078"
        },
        {
            "gameTime": "1 - 10:13",
            "label": "Throw-in",
            "position": "613500",
            "half": "1",
            "confidence": "0.5404389500617981"
        },
        {
            "gameTime": "1 - 23:2",
            "label": "Throw-in",
            "position": "1382500",
            "half": "1",
            "confidence": "0.5271090269088745"
        },
        {
            "gameTime": "1 - 2:40",
            "label": "Throw-in",
            "position": "160000",
            "half": "1",
            "confidence": "0.5108270645141602"
        },
        {
            "gameTime": "1 - 8:26",
            "label": "Throw-in",
            "position": "506500",
            "half": "1",
            "confidence": "0.5026699304580688"
        },
        {
            "gameTime": "1 - 31:58",
            "label": "Foul",
            "position": "1918500",
            "half": "1",
            "confidence": "0.963257372379303"
        },
        {
            "gameTime": "1 - 14:16",
            "label": "Foul",
            "position": "856500",
            "half": "1",
            "confidence": "0.9012927412986755"
        },
        {
            "gameTime": "1 - 20:28",
            "label": "Foul",
            "position": "1228000",
            "half": "1",
            "confidence": "0.8552970290184021"
        },
        {
            "gameTime": "1 - 31:48",
            "label": "Foul",
            "position": "1908000",
            "half": "1",
            "confidence": "0.8445061445236206"
        },
        {
            "gameTime": "1 - 23:7",
            "label": "Foul",
            "position": "1387500",
            "half": "1",
            "confidence": "0.8219404816627502"
        },
        {
            "gameTime": "1 - 38:43",
            "label": "Foul",
            "position": "2323000",
            "half": "1",
            "confidence": "0.8070576190948486"
        },
        {
            "gameTime": "1 - 20:17",
            "label": "Foul",
            "position": "1217500",
            "half": "1",
            "confidence": "0.7320096492767334"
        },
        {
            "gameTime": "1 - 0:59",
            "label": "Foul",
            "position": "59000",
            "half": "1",
            "confidence": "0.7274141311645508"
        },
        {
            "gameTime": "1 - 17:14",
            "label": "Foul",
            "position": "1034500",
            "half": "1",
            "confidence": "0.7138158082962036"
        },
        {
            "gameTime": "1 - 2:19",
            "label": "Foul",
            "position": "139000",
            "half": "1",
            "confidence": "0.6970693469047546"
        },
        {
            "gameTime": "1 - 22:57",
            "label": "Foul",
            "position": "1377000",
            "half": "1",
            "confidence": "0.6679691672325134"
        },
        {
            "gameTime": "1 - 17:3",
            "label": "Foul",
            "position": "1023000",
            "half": "1",
            "confidence": "0.6378292441368103"
        },
        {
            "gameTime": "1 - 50:2",
            "label": "Foul",
            "position": "3002500",
            "half": "1",
            "confidence": "0.6177717447280884"
        },
        {
            "gameTime": "1 - 37:22",
            "label": "Foul",
            "position": "2242000",
            "half": "1",
            "confidence": "0.5901967287063599"
        },
        {
            "gameTime": "1 - 17:38",
            "label": "Foul",
            "position": "1058500",
            "half": "1",
            "confidence": "0.5033152103424072"
        },
        {
            "gameTime": "1 - 6:46",
            "label": "Indirect free-kick",
            "position": "406000",
            "half": "1",
            "confidence": "0.6585617661476135"
        },
        {
            "gameTime": "1 - 38:7",
            "label": "Indirect free-kick",
            "position": "2287000",
            "half": "1",
            "confidence": "0.5385084748268127"
        },
        {
            "gameTime": "1 - 32:32",
            "label": "Direct free-kick",
            "position": "1952000",
            "half": "1",
            "confidence": "0.9884032607078552"
        },
        {
            "gameTime": "1 - 41:36",
            "label": "Direct free-kick",
            "position": "2496500",
            "half": "1",
            "confidence": "0.9799504280090332"
        },
        {
            "gameTime": "1 - 32:42",
            "label": "Direct free-kick",
            "position": "1962000",
            "half": "1",
            "confidence": "0.8629860877990723"
        },
        {
            "gameTime": "1 - 36:18",
            "label": "Direct free-kick",
            "position": "2178000",
            "half": "1",
            "confidence": "0.8112257719039917"
        },
        {
            "gameTime": "1 - 41:26",
            "label": "Direct free-kick",
            "position": "2486000",
            "half": "1",
            "confidence": "0.766441285610199"
        },
        {
            "gameTime": "1 - 41:46",
            "label": "Direct free-kick",
            "position": "2506500",
            "half": "1",
            "confidence": "0.7036783695220947"
        },
        {
            "gameTime": "1 - 29:8",
            "label": "Direct free-kick",
            "position": "1748000",
            "half": "1",
            "confidence": "0.6686176657676697"
        },
        {
            "gameTime": "1 - 32:21",
            "label": "Direct free-kick",
            "position": "1941500",
            "half": "1",
            "confidence": "0.6199362874031067"
        },
        {
            "gameTime": "1 - 29:19",
            "label": "Direct free-kick",
            "position": "1759000",
            "half": "1",
            "confidence": "0.6020636558532715"
        },
        {
            "gameTime": "1 - 40:13",
            "label": "Direct free-kick",
            "position": "2413000",
            "half": "1",
            "confidence": "0.5864276885986328"
        },
        {
            "gameTime": "1 - 35:45",
            "label": "Direct free-kick",
            "position": "2145000",
            "half": "1",
            "confidence": "0.5622396469116211"
        },
        {
            "gameTime": "1 - 18:29",
            "label": "Corner",
            "position": "1109000",
            "half": "1",
            "confidence": "0.9992766976356506"
        },
        {
            "gameTime": "1 - 33:44",
            "label": "Corner",
            "position": "2024500",
            "half": "1",
            "confidence": "0.9975054860115051"
        },
        {
            "gameTime": "1 - 18:39",
            "label": "Corner",
            "position": "1119500",
            "half": "1",
            "confidence": "0.9953421354293823"
        },
        {
            "gameTime": "1 - 5:36",
            "label": "Corner",
            "position": "336000",
            "half": "1",
            "confidence": "0.990641176700592"
        },
        {
            "gameTime": "1 - 21:35",
            "label": "Corner",
            "position": "1295500",
            "half": "1",
            "confidence": "0.9826295375823975"
        },
        {
            "gameTime": "1 - 45:16",
            "label": "Corner",
            "position": "2716500",
            "half": "1",
            "confidence": "0.9772636294364929"
        },
        {
            "gameTime": "1 - 5:23",
            "label": "Corner",
            "position": "323000",
            "half": "1",
            "confidence": "0.9326954483985901"
        },
        {
            "gameTime": "1 - 21:24",
            "label": "Corner",
            "position": "1284500",
            "half": "1",
            "confidence": "0.9211688041687012"
        },
        {
            "gameTime": "1 - 33:34",
            "label": "Corner",
            "position": "2014000",
            "half": "1",
            "confidence": "0.8517617583274841"
        },
        {
            "gameTime": "1 - 36:25",
            "label": "Corner",
            "position": "2185000",
            "half": "1",
            "confidence": "0.8087862730026245"
        },
        {
            "gameTime": "1 - 23:11",
            "label": "Yellow card",
            "position": "1391500",
            "half": "1",
            "confidence": "0.9722947478294373"
        },
        {
            "gameTime": "1 - 22:58",
            "label": "Yellow card",
            "position": "1378000",
            "half": "1",
            "confidence": "0.6917855739593506"
        },
        {
            "gameTime": "1 - 39:18",
            "label": "Yellow card",
            "position": "2358500",
            "half": "1",
            "confidence": "0.6232272982597351"
        },
        {
            "gameTime": "2 - 49:0",
            "label": "Kick-off",
            "position": "2940000",
            "half": "2",
            "confidence": "0.9773353338241577"
        },
        {
            "gameTime": "2 - 0:0",
            "label": "Kick-off",
            "position": "0",
            "half": "2",
            "confidence": "0.9256535768508911"
        },
        {
            "gameTime": "2 - 49:10",
            "label": "Kick-off",
            "position": "2950000",
            "half": "2",
            "confidence": "0.8733431696891785"
        },
        {
            "gameTime": "2 - 19:13",
            "label": "Kick-off",
            "position": "1153500",
            "half": "2",
            "confidence": "0.8258662819862366"
        },
        {
            "gameTime": "2 - 0:10",
            "label": "Kick-off",
            "position": "10000",
            "half": "2",
            "confidence": "0.7956868410110474"
        },
        {
            "gameTime": "2 - 0:21",
            "label": "Kick-off",
            "position": "21000",
            "half": "2",
            "confidence": "0.5153661370277405"
        },
        {
            "gameTime": "2 - 29:9",
            "label": "Goal",
            "position": "1749500",
            "half": "2",
            "confidence": "0.6272554993629456"
        },
        {
            "gameTime": "2 - 25:42",
            "label": "Substitution",
            "position": "1542500",
            "half": "2",
            "confidence": "0.9978068470954895"
        },
        {
            "gameTime": "2 - 25:52",
            "label": "Substitution",
            "position": "1552500",
            "half": "2",
            "confidence": "0.9959573149681091"
        },
        {
            "gameTime": "2 - 32:19",
            "label": "Substitution",
            "position": "1939000",
            "half": "2",
            "confidence": "0.9947827458381653"
        },
        {
            "gameTime": "2 - 32:32",
            "label": "Substitution",
            "position": "1952500",
            "half": "2",
            "confidence": "0.9708640575408936"
        },
        {
            "gameTime": "2 - 32:8",
            "label": "Substitution",
            "position": "1928500",
            "half": "2",
            "confidence": "0.8472991585731506"
        },
        {
            "gameTime": "2 - 43:46",
            "label": "Substitution",
            "position": "2626000",
            "half": "2",
            "confidence": "0.7835574150085449"
        },
        {
            "gameTime": "2 - 43:56",
            "label": "Substitution",
            "position": "2636500",
            "half": "2",
            "confidence": "0.6574011445045471"
        },
        {
            "gameTime": "2 - 32:45",
            "label": "Substitution",
            "position": "1965000",
            "half": "2",
            "confidence": "0.6410185098648071"
        },
        {
            "gameTime": "2 - 18:42",
            "label": "Offside",
            "position": "1122000",
            "half": "2",
            "confidence": "0.7920675277709961"
        },
        {
            "gameTime": "2 - 10:2",
            "label": "Shots on target",
            "position": "602500",
            "half": "2",
            "confidence": "0.5812942385673523"
        },
        {
            "gameTime": "2 - 29:22",
            "label": "Shots on target",
            "position": "1762000",
            "half": "2",
            "confidence": "0.5808647274971008"
        },
        {
            "gameTime": "2 - 29:9",
            "label": "Shots on target",
            "position": "1749500",
            "half": "2",
            "confidence": "0.5198482275009155"
        },
        {
            "gameTime": "2 - 34:36",
            "label": "Shots off target",
            "position": "2076500",
            "half": "2",
            "confidence": "0.8772887587547302"
        },
        {
            "gameTime": "2 - 3:21",
            "label": "Shots off target",
            "position": "201000",
            "half": "2",
            "confidence": "0.8445475697517395"
        },
        {
            "gameTime": "2 - 34:26",
            "label": "Shots off target",
            "position": "2066000",
            "half": "2",
            "confidence": "0.8230387568473816"
        },
        {
            "gameTime": "2 - 14:54",
            "label": "Shots off target",
            "position": "894500",
            "half": "2",
            "confidence": "0.7774569988250732"
        },
        {
            "gameTime": "2 - 9:57",
            "label": "Shots off target",
            "position": "597000",
            "half": "2",
            "confidence": "0.6120395660400391"
        },
        {
            "gameTime": "2 - 43:11",
            "label": "Shots off target",
            "position": "2591000",
            "half": "2",
            "confidence": "0.6033068895339966"
        },
        {
            "gameTime": "2 - 10:8",
            "label": "Shots off target",
            "position": "608500",
            "half": "2",
            "confidence": "0.5083725452423096"
        },
        {
            "gameTime": "2 - 34:55",
            "label": "Clearance",
            "position": "2095000",
            "half": "2",
            "confidence": "0.9296532273292542"
        },
        {
            "gameTime": "2 - 37:8",
            "label": "Clearance",
            "position": "2228000",
            "half": "2",
            "confidence": "0.9032162427902222"
        },
        {
            "gameTime": "2 - 29:46",
            "label": "Clearance",
            "position": "1786500",
            "half": "2",
            "confidence": "0.8863651752471924"
        },
        {
            "gameTime": "2 - 19:13",
            "label": "Clearance",
            "position": "1153000",
            "half": "2",
            "confidence": "0.7759174704551697"
        },
        {
            "gameTime": "2 - 12:53",
            "label": "Clearance",
            "position": "773500",
            "half": "2",
            "confidence": "0.7527377605438232"
        },
        {
            "gameTime": "2 - 29:34",
            "label": "Clearance",
            "position": "1774500",
            "half": "2",
            "confidence": "0.7353330850601196"
        },
        {
            "gameTime": "2 - 21:20",
            "label": "Clearance",
            "position": "1280500",
            "half": "2",
            "confidence": "0.7186099290847778"
        },
        {
            "gameTime": "2 - 45:50",
            "label": "Clearance",
            "position": "2750500",
            "half": "2",
            "confidence": "0.6790626645088196"
        },
        {
            "gameTime": "2 - 10:55",
            "label": "Clearance",
            "position": "655500",
            "half": "2",
            "confidence": "0.6559828519821167"
        },
        {
            "gameTime": "2 - 13:3",
            "label": "Clearance",
            "position": "783500",
            "half": "2",
            "confidence": "0.6128617525100708"
        },
        {
            "gameTime": "2 - 41:36",
            "label": "Clearance",
            "position": "2496000",
            "half": "2",
            "confidence": "0.5324970483779907"
        },
        {
            "gameTime": "2 - 42:19",
            "label": "Ball out of play",
            "position": "2539500",
            "half": "2",
            "confidence": "0.9703449606895447"
        },
        {
            "gameTime": "2 - 42:31",
            "label": "Ball out of play",
            "position": "2551000",
            "half": "2",
            "confidence": "0.9518283605575562"
        },
        {
            "gameTime": "2 - 25:17",
            "label": "Ball out of play",
            "position": "1517500",
            "half": "2",
            "confidence": "0.9066438674926758"
        },
        {
            "gameTime": "2 - 41:39",
            "label": "Ball out of play",
            "position": "2499500",
            "half": "2",
            "confidence": "0.8817700147628784"
        },
        {
            "gameTime": "2 - 34:34",
            "label": "Ball out of play",
            "position": "2074500",
            "half": "2",
            "confidence": "0.8583295345306396"
        },
        {
            "gameTime": "2 - 42:9",
            "label": "Ball out of play",
            "position": "2529000",
            "half": "2",
            "confidence": "0.852368950843811"
        },
        {
            "gameTime": "2 - 40:55",
            "label": "Ball out of play",
            "position": "2455500",
            "half": "2",
            "confidence": "0.8436406850814819"
        },
        {
            "gameTime": "2 - 30:6",
            "label": "Ball out of play",
            "position": "1806500",
            "half": "2",
            "confidence": "0.8386104106903076"
        },
        {
            "gameTime": "2 - 27:56",
            "label": "Ball out of play",
            "position": "1676000",
            "half": "2",
            "confidence": "0.8374367952346802"
        },
        {
            "gameTime": "2 - 41:50",
            "label": "Ball out of play",
            "position": "2510500",
            "half": "2",
            "confidence": "0.818105161190033"
        },
        {
            "gameTime": "2 - 15:37",
            "label": "Ball out of play",
            "position": "937500",
            "half": "2",
            "confidence": "0.8133198618888855"
        },
        {
            "gameTime": "2 - 24:7",
            "label": "Ball out of play",
            "position": "1447000",
            "half": "2",
            "confidence": "0.8038070201873779"
        },
        {
            "gameTime": "2 - 14:47",
            "label": "Ball out of play",
            "position": "887000",
            "half": "2",
            "confidence": "0.7837971448898315"
        },
        {
            "gameTime": "2 - 34:23",
            "label": "Ball out of play",
            "position": "2063500",
            "half": "2",
            "confidence": "0.7685891389846802"
        },
        {
            "gameTime": "2 - 15:47",
            "label": "Ball out of play",
            "position": "947500",
            "half": "2",
            "confidence": "0.7631415724754333"
        },
        {
            "gameTime": "2 - 14:36",
            "label": "Ball out of play",
            "position": "876500",
            "half": "2",
            "confidence": "0.7611439228057861"
        },
        {
            "gameTime": "2 - 3:25",
            "label": "Ball out of play",
            "position": "205000",
            "half": "2",
            "confidence": "0.7585297226905823"
        },
        {
            "gameTime": "2 - 41:6",
            "label": "Ball out of play",
            "position": "2466000",
            "half": "2",
            "confidence": "0.7563626766204834"
        },
        {
            "gameTime": "2 - 3:14",
            "label": "Ball out of play",
            "position": "194500",
            "half": "2",
            "confidence": "0.7536540031433105"
        },
        {
            "gameTime": "2 - 44:23",
            "label": "Ball out of play",
            "position": "2663000",
            "half": "2",
            "confidence": "0.7261906266212463"
        },
        {
            "gameTime": "2 - 24:17",
            "label": "Ball out of play",
            "position": "1457000",
            "half": "2",
            "confidence": "0.7230051159858704"
        },
        {
            "gameTime": "2 - 14:24",
            "label": "Ball out of play",
            "position": "864000",
            "half": "2",
            "confidence": "0.7177116870880127"
        },
        {
            "gameTime": "2 - 36:38",
            "label": "Ball out of play",
            "position": "2198500",
            "half": "2",
            "confidence": "0.7127645611763"
        },
        {
            "gameTime": "2 - 2:17",
            "label": "Ball out of play",
            "position": "137000",
            "half": "2",
            "confidence": "0.7113651633262634"
        },
        {
            "gameTime": "2 - 4:22",
            "label": "Ball out of play",
            "position": "262000",
            "half": "2",
            "confidence": "0.7013387680053711"
        },
        {
            "gameTime": "2 - 20:37",
            "label": "Ball out of play",
            "position": "1237500",
            "half": "2",
            "confidence": "0.6937863826751709"
        },
        {
            "gameTime": "2 - 12:45",
            "label": "Ball out of play",
            "position": "765000",
            "half": "2",
            "confidence": "0.6836242079734802"
        },
        {
            "gameTime": "2 - 4:33",
            "label": "Ball out of play",
            "position": "273000",
            "half": "2",
            "confidence": "0.6650611758232117"
        },
        {
            "gameTime": "2 - 27:7",
            "label": "Ball out of play",
            "position": "1627000",
            "half": "2",
            "confidence": "0.6600638031959534"
        },
        {
            "gameTime": "2 - 43:6",
            "label": "Ball out of play",
            "position": "2586500",
            "half": "2",
            "confidence": "0.6198582649230957"
        },
        {
            "gameTime": "2 - 44:8",
            "label": "Ball out of play",
            "position": "2648500",
            "half": "2",
            "confidence": "0.5935380458831787"
        },
        {
            "gameTime": "2 - 30:16",
            "label": "Ball out of play",
            "position": "1816500",
            "half": "2",
            "confidence": "0.5894518494606018"
        },
        {
            "gameTime": "2 - 28:6",
            "label": "Ball out of play",
            "position": "1686000",
            "half": "2",
            "confidence": "0.5861162543296814"
        },
        {
            "gameTime": "2 - 36:20",
            "label": "Ball out of play",
            "position": "2180500",
            "half": "2",
            "confidence": "0.5813491940498352"
        },
        {
            "gameTime": "2 - 42:42",
            "label": "Ball out of play",
            "position": "2562000",
            "half": "2",
            "confidence": "0.580620527267456"
        },
        {
            "gameTime": "2 - 26:11",
            "label": "Ball out of play",
            "position": "1571500",
            "half": "2",
            "confidence": "0.5747457146644592"
        },
        {
            "gameTime": "2 - 38:22",
            "label": "Ball out of play",
            "position": "2302500",
            "half": "2",
            "confidence": "0.5732765197753906"
        },
        {
            "gameTime": "2 - 27:17",
            "label": "Ball out of play",
            "position": "1637500",
            "half": "2",
            "confidence": "0.5660346746444702"
        },
        {
            "gameTime": "2 - 18:8",
            "label": "Ball out of play",
            "position": "1088000",
            "half": "2",
            "confidence": "0.5379530191421509"
        },
        {
            "gameTime": "2 - 10:6",
            "label": "Ball out of play",
            "position": "606000",
            "half": "2",
            "confidence": "0.5359922647476196"
        },
        {
            "gameTime": "2 - 29:14",
            "label": "Ball out of play",
            "position": "1754500",
            "half": "2",
            "confidence": "0.5348516702651978"
        },
        {
            "gameTime": "2 - 14:57",
            "label": "Ball out of play",
            "position": "897000",
            "half": "2",
            "confidence": "0.5206301212310791"
        },
        {
            "gameTime": "2 - 37:24",
            "label": "Ball out of play",
            "position": "2244000",
            "half": "2",
            "confidence": "0.5118226408958435"
        },
        {
            "gameTime": "2 - 15:58",
            "label": "Ball out of play",
            "position": "958500",
            "half": "2",
            "confidence": "0.5116851329803467"
        },
        {
            "gameTime": "2 - 26:23",
            "label": "Throw-in",
            "position": "1583000",
            "half": "2",
            "confidence": "0.9801357984542847"
        },
        {
            "gameTime": "2 - 42:25",
            "label": "Throw-in",
            "position": "2545500",
            "half": "2",
            "confidence": "0.9703620076179504"
        },
        {
            "gameTime": "2 - 12:21",
            "label": "Throw-in",
            "position": "741000",
            "half": "2",
            "confidence": "0.9010050892829895"
        },
        {
            "gameTime": "2 - 27:56",
            "label": "Throw-in",
            "position": "1676500",
            "half": "2",
            "confidence": "0.8747367262840271"
        },
        {
            "gameTime": "2 - 2:17",
            "label": "Throw-in",
            "position": "137000",
            "half": "2",
            "confidence": "0.872506856918335"
        },
        {
            "gameTime": "2 - 12:32",
            "label": "Throw-in",
            "position": "752500",
            "half": "2",
            "confidence": "0.8712291121482849"
        },
        {
            "gameTime": "2 - 15:35",
            "label": "Throw-in",
            "position": "935500",
            "half": "2",
            "confidence": "0.8669056296348572"
        },
        {
            "gameTime": "2 - 26:10",
            "label": "Throw-in",
            "position": "1570000",
            "half": "2",
            "confidence": "0.8523796200752258"
        },
        {
            "gameTime": "2 - 42:35",
            "label": "Throw-in",
            "position": "2555500",
            "half": "2",
            "confidence": "0.8312404751777649"
        },
        {
            "gameTime": "2 - 15:48",
            "label": "Throw-in",
            "position": "948000",
            "half": "2",
            "confidence": "0.795842170715332"
        },
        {
            "gameTime": "2 - 41:41",
            "label": "Throw-in",
            "position": "2501500",
            "half": "2",
            "confidence": "0.7885888814926147"
        },
        {
            "gameTime": "2 - 15:59",
            "label": "Throw-in",
            "position": "959000",
            "half": "2",
            "confidence": "0.7755873203277588"
        },
        {
            "gameTime": "2 - 7:10",
            "label": "Throw-in",
            "position": "430000",
            "half": "2",
            "confidence": "0.7604378461837769"
        },
        {
            "gameTime": "2 - 24:26",
            "label": "Throw-in",
            "position": "1466500",
            "half": "2",
            "confidence": "0.7301923632621765"
        },
        {
            "gameTime": "2 - 36:11",
            "label": "Throw-in",
            "position": "2171500",
            "half": "2",
            "confidence": "0.7247551083564758"
        },
        {
            "gameTime": "2 - 28:10",
            "label": "Throw-in",
            "position": "1690000",
            "half": "2",
            "confidence": "0.6938227415084839"
        },
        {
            "gameTime": "2 - 41:52",
            "label": "Throw-in",
            "position": "2512500",
            "half": "2",
            "confidence": "0.6724257469177246"
        },
        {
            "gameTime": "2 - 37:23",
            "label": "Throw-in",
            "position": "2243500",
            "half": "2",
            "confidence": "0.6646084785461426"
        },
        {
            "gameTime": "2 - 24:15",
            "label": "Throw-in",
            "position": "1455500",
            "half": "2",
            "confidence": "0.6465949416160583"
        },
        {
            "gameTime": "2 - 14:39",
            "label": "Throw-in",
            "position": "879000",
            "half": "2",
            "confidence": "0.5463547706604004"
        },
        {
            "gameTime": "2 - 44:23",
            "label": "Throw-in",
            "position": "2663500",
            "half": "2",
            "confidence": "0.5447879433631897"
        },
        {
            "gameTime": "2 - 38:13",
            "label": "Throw-in",
            "position": "2293000",
            "half": "2",
            "confidence": "0.5326517820358276"
        },
        {
            "gameTime": "2 - 27:46",
            "label": "Throw-in",
            "position": "1666000",
            "half": "2",
            "confidence": "0.5308981537818909"
        },
        {
            "gameTime": "2 - 14:24",
            "label": "Throw-in",
            "position": "864000",
            "half": "2",
            "confidence": "0.506977379322052"
        },
        {
            "gameTime": "2 - 22:47",
            "label": "Foul",
            "position": "1367000",
            "half": "2",
            "confidence": "0.9494872689247131"
        },
        {
            "gameTime": "2 - 8:24",
            "label": "Foul",
            "position": "504000",
            "half": "2",
            "confidence": "0.8103967308998108"
        },
        {
            "gameTime": "2 - 26:30",
            "label": "Foul",
            "position": "1590000",
            "half": "2",
            "confidence": "0.7776289582252502"
        },
        {
            "gameTime": "2 - 44:28",
            "label": "Foul",
            "position": "2668500",
            "half": "2",
            "confidence": "0.7498418092727661"
        },
        {
            "gameTime": "2 - 5:41",
            "label": "Foul",
            "position": "341500",
            "half": "2",
            "confidence": "0.6959490776062012"
        },
        {
            "gameTime": "2 - 45:22",
            "label": "Foul",
            "position": "2722500",
            "half": "2",
            "confidence": "0.6866034865379333"
        },
        {
            "gameTime": "2 - 38:28",
            "label": "Foul",
            "position": "2308000",
            "half": "2",
            "confidence": "0.6441566348075867"
        },
        {
            "gameTime": "2 - 8:35",
            "label": "Foul",
            "position": "515000",
            "half": "2",
            "confidence": "0.5289692878723145"
        },
        {
            "gameTime": "2 - 43:59",
            "label": "Indirect free-kick",
            "position": "2639000",
            "half": "2",
            "confidence": "0.5179690718650818"
        },
        {
            "gameTime": "2 - 9:1",
            "label": "Direct free-kick",
            "position": "541000",
            "half": "2",
            "confidence": "0.8126856684684753"
        },
        {
            "gameTime": "2 - 9:50",
            "label": "Direct free-kick",
            "position": "590500",
            "half": "2",
            "confidence": "0.6884851455688477"
        },
        {
            "gameTime": "2 - 9:12",
            "label": "Direct free-kick",
            "position": "552000",
            "half": "2",
            "confidence": "0.6507208943367004"
        },
        {
            "gameTime": "2 - 29:18",
            "label": "Direct free-kick",
            "position": "1758000",
            "half": "2",
            "confidence": "0.5098040103912354"
        },
        {
            "gameTime": "2 - 30:38",
            "label": "Corner",
            "position": "1838500",
            "half": "2",
            "confidence": "0.9953688383102417"
        },
        {
            "gameTime": "2 - 10:29",
            "label": "Corner",
            "position": "629000",
            "half": "2",
            "confidence": "0.9872431755065918"
        },
        {
            "gameTime": "2 - 10:18",
            "label": "Corner",
            "position": "618500",
            "half": "2",
            "confidence": "0.9838670492172241"
        },
        {
            "gameTime": "2 - 30:28",
            "label": "Corner",
            "position": "1828000",
            "half": "2",
            "confidence": "0.9545283317565918"
        },
        {
            "gameTime": "2 - 4:30",
            "label": "Corner",
            "position": "270000",
            "half": "2",
            "confidence": "0.9035405516624451"
        },
        {
            "gameTime": "2 - 10:8",
            "label": "Corner",
            "position": "608000",
            "half": "2",
            "confidence": "0.7529822587966919"
        },
        {
            "gameTime": "2 - 41:11",
            "label": "Corner",
            "position": "2471500",
            "half": "2",
            "confidence": "0.5301737189292908"
        },
        {
            "gameTime": "2 - 41:24",
            "label": "Corner",
            "position": "2484000",
            "half": "2",
            "confidence": "0.521409273147583"
        },
        {
            "gameTime": "2 - 25:49",
            "label": "Yellow card",
            "position": "1549000",
            "half": "2",
            "confidence": "0.7356928586959839"
        }
    ]
}