{
    "UrlLocal": "spain_laliga/2015-2016/2015-12-30 - 18-00 Real Madrid 3 - 1 Real Sociedad",
    "predictions": [
        {
            "gameTime": "1 - 41:37",
            "label": "Penalty",
            "position": "2497000",
            "half": "1",
            "confidence": "0.7328672409057617"
        },
        {
            "gameTime": "1 - 42:29",
            "label": "Kick-off",
            "position": "2549000",
            "half": "1",
            "confidence": "0.9902448654174805"
        },
        {
            "gameTime": "1 - 0:2",
            "label": "Kick-off",
            "position": "2500",
            "half": "1",
            "confidence": "0.9654755592346191"
        },
        {
            "gameTime": "1 - 42:40",
            "label": "Kick-off",
            "position": "2560000",
            "half": "1",
            "confidence": "0.9413180947303772"
        },
        {
            "gameTime": "1 - 0:12",
            "label": "Kick-off",
            "position": "12500",
            "half": "1",
            "confidence": "0.8485521078109741"
        },
        {
            "gameTime": "1 - 42:18",
            "label": "Kick-off",
            "position": "2538500",
            "half": "1",
            "confidence": "0.5768747329711914"
        },
        {
            "gameTime": "1 - 41:52",
            "label": "Goal",
            "position": "2512000",
            "half": "1",
            "confidence": "0.8837200403213501"
        },
        {
            "gameTime": "1 - 23:11",
            "label": "Goal",
            "position": "1391000",
            "half": "1",
            "confidence": "0.6120827794075012"
        },
        {
            "gameTime": "1 - 41:46",
            "label": "Shots on target",
            "position": "2506500",
            "half": "1",
            "confidence": "0.7219117879867554"
        },
        {
            "gameTime": "1 - 35:59",
            "label": "Shots on target",
            "position": "2159000",
            "half": "1",
            "confidence": "0.548897922039032"
        },
        {
            "gameTime": "1 - 22:18",
            "label": "Shots on target",
            "position": "1338000",
            "half": "1",
            "confidence": "0.5301114916801453"
        },
        {
            "gameTime": "1 - 41:36",
            "label": "Shots on target",
            "position": "2496000",
            "half": "1",
            "confidence": "0.5075873732566833"
        },
        {
            "gameTime": "1 - 11:5",
            "label": "Shots off target",
            "position": "665500",
            "half": "1",
            "confidence": "0.6509767770767212"
        },
        {
            "gameTime": "1 - 10:31",
            "label": "Shots off target",
            "position": "631500",
            "half": "1",
            "confidence": "0.6153392791748047"
        },
        {
            "gameTime": "1 - 30:5",
            "label": "Shots off target",
            "position": "1805500",
            "half": "1",
            "confidence": "0.59294193983078"
        },
        {
            "gameTime": "1 - 37:21",
            "label": "Shots off target",
            "position": "2241500",
            "half": "1",
            "confidence": "0.5408821105957031"
        },
        {
            "gameTime": "1 - 34:52",
            "label": "Shots off target",
            "position": "2092500",
            "half": "1",
            "confidence": "0.5158742666244507"
        },
        {
            "gameTime": "1 - 25:44",
            "label": "Shots off target",
            "position": "1544500",
            "half": "1",
            "confidence": "0.5053247213363647"
        },
        {
            "gameTime": "1 - 23:52",
            "label": "Clearance",
            "position": "1432500",
            "half": "1",
            "confidence": "0.7735818028450012"
        },
        {
            "gameTime": "1 - 11:14",
            "label": "Clearance",
            "position": "674000",
            "half": "1",
            "confidence": "0.7319676280021667"
        },
        {
            "gameTime": "1 - 1:37",
            "label": "Clearance",
            "position": "97000",
            "half": "1",
            "confidence": "0.6506586074829102"
        },
        {
            "gameTime": "1 - 34:58",
            "label": "Clearance",
            "position": "2098500",
            "half": "1",
            "confidence": "0.6486105918884277"
        },
        {
            "gameTime": "1 - 3:3",
            "label": "Clearance",
            "position": "183500",
            "half": "1",
            "confidence": "0.5832945108413696"
        },
        {
            "gameTime": "1 - 30:57",
            "label": "Clearance",
            "position": "1857000",
            "half": "1",
            "confidence": "0.5179776549339294"
        },
        {
            "gameTime": "1 - 37:43",
            "label": "Clearance",
            "position": "2263000",
            "half": "1",
            "confidence": "0.5113698840141296"
        },
        {
            "gameTime": "1 - 6:23",
            "label": "Clearance",
            "position": "383000",
            "half": "1",
            "confidence": "0.5007442235946655"
        },
        {
            "gameTime": "1 - 5:55",
            "label": "Ball out of play",
            "position": "355000",
            "half": "1",
            "confidence": "0.965095579624176"
        },
        {
            "gameTime": "1 - 9:43",
            "label": "Ball out of play",
            "position": "583500",
            "half": "1",
            "confidence": "0.9462438821792603"
        },
        {
            "gameTime": "1 - 17:58",
            "label": "Ball out of play",
            "position": "1078500",
            "half": "1",
            "confidence": "0.9378607273101807"
        },
        {
            "gameTime": "1 - 4:1",
            "label": "Ball out of play",
            "position": "241000",
            "half": "1",
            "confidence": "0.9219663739204407"
        },
        {
            "gameTime": "1 - 28:56",
            "label": "Ball out of play",
            "position": "1736000",
            "half": "1",
            "confidence": "0.9182479381561279"
        },
        {
            "gameTime": "1 - 45:33",
            "label": "Ball out of play",
            "position": "2733000",
            "half": "1",
            "confidence": "0.9162699580192566"
        },
        {
            "gameTime": "1 - 30:45",
            "label": "Ball out of play",
            "position": "1845500",
            "half": "1",
            "confidence": "0.9138864874839783"
        },
        {
            "gameTime": "1 - 10:1",
            "label": "Ball out of play",
            "position": "601000",
            "half": "1",
            "confidence": "0.9100699424743652"
        },
        {
            "gameTime": "1 - 37:7",
            "label": "Ball out of play",
            "position": "2227000",
            "half": "1",
            "confidence": "0.9021294116973877"
        },
        {
            "gameTime": "1 - 19:2",
            "label": "Ball out of play",
            "position": "1142500",
            "half": "1",
            "confidence": "0.900145411491394"
        },
        {
            "gameTime": "1 - 28:28",
            "label": "Ball out of play",
            "position": "1708000",
            "half": "1",
            "confidence": "0.8919895887374878"
        },
        {
            "gameTime": "1 - 25:40",
            "label": "Ball out of play",
            "position": "1540500",
            "half": "1",
            "confidence": "0.8884759545326233"
        },
        {
            "gameTime": "1 - 17:47",
            "label": "Ball out of play",
            "position": "1067000",
            "half": "1",
            "confidence": "0.8840293884277344"
        },
        {
            "gameTime": "1 - 28:15",
            "label": "Ball out of play",
            "position": "1695000",
            "half": "1",
            "confidence": "0.8839293718338013"
        },
        {
            "gameTime": "1 - 37:20",
            "label": "Ball out of play",
            "position": "2240000",
            "half": "1",
            "confidence": "0.8833755850791931"
        },
        {
            "gameTime": "1 - 7:49",
            "label": "Ball out of play",
            "position": "469500",
            "half": "1",
            "confidence": "0.8789449334144592"
        },
        {
            "gameTime": "1 - 18:24",
            "label": "Ball out of play",
            "position": "1104000",
            "half": "1",
            "confidence": "0.8783565163612366"
        },
        {
            "gameTime": "1 - 11:34",
            "label": "Ball out of play",
            "position": "694500",
            "half": "1",
            "confidence": "0.877137303352356"
        },
        {
            "gameTime": "1 - 6:5",
            "label": "Ball out of play",
            "position": "365000",
            "half": "1",
            "confidence": "0.8767810463905334"
        },
        {
            "gameTime": "1 - 4:28",
            "label": "Ball out of play",
            "position": "268500",
            "half": "1",
            "confidence": "0.8682158589363098"
        },
        {
            "gameTime": "1 - 26:53",
            "label": "Ball out of play",
            "position": "1613500",
            "half": "1",
            "confidence": "0.8636800050735474"
        },
        {
            "gameTime": "1 - 33:30",
            "label": "Ball out of play",
            "position": "2010500",
            "half": "1",
            "confidence": "0.8470050096511841"
        },
        {
            "gameTime": "1 - 7:24",
            "label": "Ball out of play",
            "position": "444000",
            "half": "1",
            "confidence": "0.8459546566009521"
        },
        {
            "gameTime": "1 - 7:13",
            "label": "Ball out of play",
            "position": "433500",
            "half": "1",
            "confidence": "0.842789888381958"
        },
        {
            "gameTime": "1 - 18:34",
            "label": "Ball out of play",
            "position": "1114000",
            "half": "1",
            "confidence": "0.8342221975326538"
        },
        {
            "gameTime": "1 - 41:38",
            "label": "Ball out of play",
            "position": "2498000",
            "half": "1",
            "confidence": "0.8337504267692566"
        },
        {
            "gameTime": "1 - 21:56",
            "label": "Ball out of play",
            "position": "1316000",
            "half": "1",
            "confidence": "0.826937735080719"
        },
        {
            "gameTime": "1 - 17:5",
            "label": "Ball out of play",
            "position": "1025500",
            "half": "1",
            "confidence": "0.8263912796974182"
        },
        {
            "gameTime": "1 - 34:47",
            "label": "Ball out of play",
            "position": "2087500",
            "half": "1",
            "confidence": "0.8170368671417236"
        },
        {
            "gameTime": "1 - 39:24",
            "label": "Ball out of play",
            "position": "2364500",
            "half": "1",
            "confidence": "0.8148160576820374"
        },
        {
            "gameTime": "1 - 30:55",
            "label": "Ball out of play",
            "position": "1855500",
            "half": "1",
            "confidence": "0.8116615414619446"
        },
        {
            "gameTime": "1 - 13:58",
            "label": "Ball out of play",
            "position": "838500",
            "half": "1",
            "confidence": "0.8101720213890076"
        },
        {
            "gameTime": "1 - 27:37",
            "label": "Ball out of play",
            "position": "1657000",
            "half": "1",
            "confidence": "0.8047008514404297"
        },
        {
            "gameTime": "1 - 4:38",
            "label": "Ball out of play",
            "position": "278500",
            "half": "1",
            "confidence": "0.8024232387542725"
        },
        {
            "gameTime": "1 - 7:34",
            "label": "Ball out of play",
            "position": "454500",
            "half": "1",
            "confidence": "0.8006793856620789"
        },
        {
            "gameTime": "1 - 24:58",
            "label": "Ball out of play",
            "position": "1498500",
            "half": "1",
            "confidence": "0.7992417216300964"
        },
        {
            "gameTime": "1 - 11:6",
            "label": "Ball out of play",
            "position": "666000",
            "half": "1",
            "confidence": "0.7943810224533081"
        },
        {
            "gameTime": "1 - 30:4",
            "label": "Ball out of play",
            "position": "1804500",
            "half": "1",
            "confidence": "0.7801411151885986"
        },
        {
            "gameTime": "1 - 25:50",
            "label": "Ball out of play",
            "position": "1550500",
            "half": "1",
            "confidence": "0.7795342803001404"
        },
        {
            "gameTime": "1 - 10:23",
            "label": "Ball out of play",
            "position": "623500",
            "half": "1",
            "confidence": "0.7735596895217896"
        },
        {
            "gameTime": "1 - 22:6",
            "label": "Ball out of play",
            "position": "1326000",
            "half": "1",
            "confidence": "0.7715238928794861"
        },
        {
            "gameTime": "1 - 23:8",
            "label": "Ball out of play",
            "position": "1388500",
            "half": "1",
            "confidence": "0.7629607915878296"
        },
        {
            "gameTime": "1 - 28:4",
            "label": "Ball out of play",
            "position": "1684500",
            "half": "1",
            "confidence": "0.7544541954994202"
        },
        {
            "gameTime": "1 - 27:3",
            "label": "Ball out of play",
            "position": "1623500",
            "half": "1",
            "confidence": "0.7508528828620911"
        },
        {
            "gameTime": "1 - 36:56",
            "label": "Ball out of play",
            "position": "2216500",
            "half": "1",
            "confidence": "0.7491135001182556"
        },
        {
            "gameTime": "1 - 44:41",
            "label": "Ball out of play",
            "position": "2681000",
            "half": "1",
            "confidence": "0.7490836381912231"
        },
        {
            "gameTime": "1 - 39:13",
            "label": "Ball out of play",
            "position": "2353500",
            "half": "1",
            "confidence": "0.7464554905891418"
        },
        {
            "gameTime": "1 - 24:48",
            "label": "Ball out of play",
            "position": "1488000",
            "half": "1",
            "confidence": "0.7399150729179382"
        },
        {
            "gameTime": "1 - 39:3",
            "label": "Ball out of play",
            "position": "2343000",
            "half": "1",
            "confidence": "0.7221071124076843"
        },
        {
            "gameTime": "1 - 20:57",
            "label": "Ball out of play",
            "position": "1257000",
            "half": "1",
            "confidence": "0.7142856121063232"
        },
        {
            "gameTime": "1 - 19:12",
            "label": "Ball out of play",
            "position": "1152500",
            "half": "1",
            "confidence": "0.7112731337547302"
        },
        {
            "gameTime": "1 - 1:14",
            "label": "Ball out of play",
            "position": "74000",
            "half": "1",
            "confidence": "0.7068098187446594"
        },
        {
            "gameTime": "1 - 18:52",
            "label": "Ball out of play",
            "position": "1132000",
            "half": "1",
            "confidence": "0.7059253454208374"
        },
        {
            "gameTime": "1 - 33:10",
            "label": "Ball out of play",
            "position": "1990500",
            "half": "1",
            "confidence": "0.7048894762992859"
        },
        {
            "gameTime": "1 - 10:37",
            "label": "Ball out of play",
            "position": "637000",
            "half": "1",
            "confidence": "0.7036126852035522"
        },
        {
            "gameTime": "1 - 20:6",
            "label": "Ball out of play",
            "position": "1206500",
            "half": "1",
            "confidence": "0.7020145058631897"
        },
        {
            "gameTime": "1 - 13:1",
            "label": "Ball out of play",
            "position": "781500",
            "half": "1",
            "confidence": "0.6985986232757568"
        },
        {
            "gameTime": "1 - 35:8",
            "label": "Ball out of play",
            "position": "2108500",
            "half": "1",
            "confidence": "0.6914370059967041"
        },
        {
            "gameTime": "1 - 20:46",
            "label": "Ball out of play",
            "position": "1246000",
            "half": "1",
            "confidence": "0.687158465385437"
        },
        {
            "gameTime": "1 - 33:40",
            "label": "Ball out of play",
            "position": "2020500",
            "half": "1",
            "confidence": "0.6777470707893372"
        },
        {
            "gameTime": "1 - 23:20",
            "label": "Ball out of play",
            "position": "1400500",
            "half": "1",
            "confidence": "0.6761496663093567"
        },
        {
            "gameTime": "1 - 8:8",
            "label": "Ball out of play",
            "position": "488000",
            "half": "1",
            "confidence": "0.6638462543487549"
        },
        {
            "gameTime": "1 - 10:53",
            "label": "Ball out of play",
            "position": "653000",
            "half": "1",
            "confidence": "0.6629453301429749"
        },
        {
            "gameTime": "1 - 36:17",
            "label": "Ball out of play",
            "position": "2177500",
            "half": "1",
            "confidence": "0.6460946202278137"
        },
        {
            "gameTime": "1 - 5:44",
            "label": "Ball out of play",
            "position": "344500",
            "half": "1",
            "confidence": "0.6442610025405884"
        },
        {
            "gameTime": "1 - 36:0",
            "label": "Ball out of play",
            "position": "2160000",
            "half": "1",
            "confidence": "0.6389158368110657"
        },
        {
            "gameTime": "1 - 18:13",
            "label": "Ball out of play",
            "position": "1093500",
            "half": "1",
            "confidence": "0.6350141167640686"
        },
        {
            "gameTime": "1 - 4:18",
            "label": "Ball out of play",
            "position": "258000",
            "half": "1",
            "confidence": "0.6270287036895752"
        },
        {
            "gameTime": "1 - 27:26",
            "label": "Ball out of play",
            "position": "1646500",
            "half": "1",
            "confidence": "0.598439633846283"
        },
        {
            "gameTime": "1 - 30:28",
            "label": "Ball out of play",
            "position": "1828500",
            "half": "1",
            "confidence": "0.5953706502914429"
        },
        {
            "gameTime": "1 - 19:56",
            "label": "Ball out of play",
            "position": "1196000",
            "half": "1",
            "confidence": "0.5919681787490845"
        },
        {
            "gameTime": "1 - 11:22",
            "label": "Ball out of play",
            "position": "682500",
            "half": "1",
            "confidence": "0.5824480056762695"
        },
        {
            "gameTime": "1 - 4:50",
            "label": "Ball out of play",
            "position": "290000",
            "half": "1",
            "confidence": "0.5651057958602905"
        },
        {
            "gameTime": "1 - 38:32",
            "label": "Ball out of play",
            "position": "2312500",
            "half": "1",
            "confidence": "0.5585171580314636"
        },
        {
            "gameTime": "1 - 35:33",
            "label": "Ball out of play",
            "position": "2133000",
            "half": "1",
            "confidence": "0.558189332485199"
        },
        {
            "gameTime": "1 - 26:9",
            "label": "Ball out of play",
            "position": "1569500",
            "half": "1",
            "confidence": "0.5555900931358337"
        },
        {
            "gameTime": "1 - 9:33",
            "label": "Ball out of play",
            "position": "573000",
            "half": "1",
            "confidence": "0.5459191799163818"
        },
        {
            "gameTime": "1 - 25:15",
            "label": "Ball out of play",
            "position": "1515000",
            "half": "1",
            "confidence": "0.5414645671844482"
        },
        {
            "gameTime": "1 - 10:11",
            "label": "Ball out of play",
            "position": "611500",
            "half": "1",
            "confidence": "0.5310245156288147"
        },
        {
            "gameTime": "1 - 5:15",
            "label": "Ball out of play",
            "position": "315000",
            "half": "1",
            "confidence": "0.5250348448753357"
        },
        {
            "gameTime": "1 - 41:49",
            "label": "Ball out of play",
            "position": "2509000",
            "half": "1",
            "confidence": "0.5110828280448914"
        },
        {
            "gameTime": "1 - 29:6",
            "label": "Ball out of play",
            "position": "1746500",
            "half": "1",
            "confidence": "0.5089359283447266"
        },
        {
            "gameTime": "1 - 32:23",
            "label": "Ball out of play",
            "position": "1943000",
            "half": "1",
            "confidence": "0.5083529949188232"
        },
        {
            "gameTime": "1 - 35:18",
            "label": "Ball out of play",
            "position": "2118500",
            "half": "1",
            "confidence": "0.5011208653450012"
        },
        {
            "gameTime": "1 - 8:55",
            "label": "Ball out of play",
            "position": "535000",
            "half": "1",
            "confidence": "0.5004404187202454"
        },
        {
            "gameTime": "1 - 19:9",
            "label": "Throw-in",
            "position": "1149500",
            "half": "1",
            "confidence": "0.9788836240768433"
        },
        {
            "gameTime": "1 - 33:27",
            "label": "Throw-in",
            "position": "2007500",
            "half": "1",
            "confidence": "0.9748246669769287"
        },
        {
            "gameTime": "1 - 28:27",
            "label": "Throw-in",
            "position": "1707500",
            "half": "1",
            "confidence": "0.9346731901168823"
        },
        {
            "gameTime": "1 - 5:43",
            "label": "Throw-in",
            "position": "343000",
            "half": "1",
            "confidence": "0.9340780973434448"
        },
        {
            "gameTime": "1 - 5:54",
            "label": "Throw-in",
            "position": "354500",
            "half": "1",
            "confidence": "0.9123147130012512"
        },
        {
            "gameTime": "1 - 32:23",
            "label": "Throw-in",
            "position": "1943500",
            "half": "1",
            "confidence": "0.906832218170166"
        },
        {
            "gameTime": "1 - 11:35",
            "label": "Throw-in",
            "position": "695000",
            "half": "1",
            "confidence": "0.9025744199752808"
        },
        {
            "gameTime": "1 - 18:59",
            "label": "Throw-in",
            "position": "1139000",
            "half": "1",
            "confidence": "0.898165762424469"
        },
        {
            "gameTime": "1 - 14:3",
            "label": "Throw-in",
            "position": "843500",
            "half": "1",
            "confidence": "0.8876718282699585"
        },
        {
            "gameTime": "1 - 10:1",
            "label": "Throw-in",
            "position": "601000",
            "half": "1",
            "confidence": "0.8864383101463318"
        },
        {
            "gameTime": "1 - 14:13",
            "label": "Throw-in",
            "position": "853500",
            "half": "1",
            "confidence": "0.8257201910018921"
        },
        {
            "gameTime": "1 - 33:17",
            "label": "Throw-in",
            "position": "1997000",
            "half": "1",
            "confidence": "0.7815806269645691"
        },
        {
            "gameTime": "1 - 9:1",
            "label": "Throw-in",
            "position": "541500",
            "half": "1",
            "confidence": "0.762819766998291"
        },
        {
            "gameTime": "1 - 36:15",
            "label": "Throw-in",
            "position": "2175000",
            "half": "1",
            "confidence": "0.7208929061889648"
        },
        {
            "gameTime": "1 - 33:37",
            "label": "Throw-in",
            "position": "2017500",
            "half": "1",
            "confidence": "0.7035779356956482"
        },
        {
            "gameTime": "1 - 30:48",
            "label": "Throw-in",
            "position": "1848500",
            "half": "1",
            "confidence": "0.6994588971138"
        },
        {
            "gameTime": "1 - 20:6",
            "label": "Throw-in",
            "position": "1206500",
            "half": "1",
            "confidence": "0.6808412671089172"
        },
        {
            "gameTime": "1 - 27:37",
            "label": "Throw-in",
            "position": "1657000",
            "half": "1",
            "confidence": "0.6659350395202637"
        },
        {
            "gameTime": "1 - 10:15",
            "label": "Throw-in",
            "position": "615000",
            "half": "1",
            "confidence": "0.6594616174697876"
        },
        {
            "gameTime": "1 - 19:19",
            "label": "Throw-in",
            "position": "1159500",
            "half": "1",
            "confidence": "0.6237550973892212"
        },
        {
            "gameTime": "1 - 15:1",
            "label": "Throw-in",
            "position": "901000",
            "half": "1",
            "confidence": "0.6036555767059326"
        },
        {
            "gameTime": "1 - 28:17",
            "label": "Throw-in",
            "position": "1697000",
            "half": "1",
            "confidence": "0.5946056246757507"
        },
        {
            "gameTime": "1 - 28:54",
            "label": "Throw-in",
            "position": "1734500",
            "half": "1",
            "confidence": "0.5658469200134277"
        },
        {
            "gameTime": "1 - 35:8",
            "label": "Throw-in",
            "position": "2108000",
            "half": "1",
            "confidence": "0.5504606366157532"
        },
        {
            "gameTime": "1 - 26:37",
            "label": "Throw-in",
            "position": "1597500",
            "half": "1",
            "confidence": "0.5498335957527161"
        },
        {
            "gameTime": "1 - 45:30",
            "label": "Throw-in",
            "position": "2730000",
            "half": "1",
            "confidence": "0.5395525693893433"
        },
        {
            "gameTime": "1 - 6:4",
            "label": "Throw-in",
            "position": "364500",
            "half": "1",
            "confidence": "0.5335568785667419"
        },
        {
            "gameTime": "1 - 38:35",
            "label": "Throw-in",
            "position": "2315500",
            "half": "1",
            "confidence": "0.5211889743804932"
        },
        {
            "gameTime": "1 - 14:50",
            "label": "Throw-in",
            "position": "890000",
            "half": "1",
            "confidence": "0.506426215171814"
        },
        {
            "gameTime": "1 - 12:57",
            "label": "Foul",
            "position": "777000",
            "half": "1",
            "confidence": "0.6037374138832092"
        },
        {
            "gameTime": "1 - 13:7",
            "label": "Foul",
            "position": "787500",
            "half": "1",
            "confidence": "0.5445858240127563"
        },
        {
            "gameTime": "1 - 31:35",
            "label": "Foul",
            "position": "1895000",
            "half": "1",
            "confidence": "0.5140053629875183"
        },
        {
            "gameTime": "1 - 3:15",
            "label": "Indirect free-kick",
            "position": "195500",
            "half": "1",
            "confidence": "0.5522184371948242"
        },
        {
            "gameTime": "1 - 33:51",
            "label": "Indirect free-kick",
            "position": "2031500",
            "half": "1",
            "confidence": "0.5383973717689514"
        },
        {
            "gameTime": "1 - 38:18",
            "label": "Indirect free-kick",
            "position": "2298000",
            "half": "1",
            "confidence": "0.5092960000038147"
        },
        {
            "gameTime": "1 - 3:0",
            "label": "Indirect free-kick",
            "position": "180500",
            "half": "1",
            "confidence": "0.505766749382019"
        },
        {
            "gameTime": "1 - 27:59",
            "label": "Direct free-kick",
            "position": "1679500",
            "half": "1",
            "confidence": "0.9420897364616394"
        },
        {
            "gameTime": "1 - 25:17",
            "label": "Corner",
            "position": "1517000",
            "half": "1",
            "confidence": "0.9892935752868652"
        },
        {
            "gameTime": "1 - 4:23",
            "label": "Corner",
            "position": "263000",
            "half": "1",
            "confidence": "0.9667224287986755"
        },
        {
            "gameTime": "1 - 18:34",
            "label": "Corner",
            "position": "1114000",
            "half": "1",
            "confidence": "0.9052024483680725"
        },
        {
            "gameTime": "1 - 10:51",
            "label": "Corner",
            "position": "651500",
            "half": "1",
            "confidence": "0.8975471258163452"
        },
        {
            "gameTime": "1 - 11:1",
            "label": "Corner",
            "position": "661500",
            "half": "1",
            "confidence": "0.8835774064064026"
        },
        {
            "gameTime": "1 - 30:30",
            "label": "Corner",
            "position": "1830000",
            "half": "1",
            "confidence": "0.8508644700050354"
        },
        {
            "gameTime": "1 - 18:44",
            "label": "Corner",
            "position": "1124000",
            "half": "1",
            "confidence": "0.8451935052871704"
        },
        {
            "gameTime": "1 - 4:34",
            "label": "Corner",
            "position": "274000",
            "half": "1",
            "confidence": "0.7225425839424133"
        },
        {
            "gameTime": "1 - 25:27",
            "label": "Corner",
            "position": "1527000",
            "half": "1",
            "confidence": "0.6065883040428162"
        },
        {
            "gameTime": "1 - 25:3",
            "label": "Corner",
            "position": "1503000",
            "half": "1",
            "confidence": "0.508270263671875"
        },
        {
            "gameTime": "2 - 0:6",
            "label": "Kick-off",
            "position": "6000",
            "half": "2",
            "confidence": "0.9773449897766113"
        },
        {
            "gameTime": "2 - 4:14",
            "label": "Kick-off",
            "position": "254500",
            "half": "2",
            "confidence": "0.6599292755126953"
        },
        {
            "gameTime": "2 - 37:53",
            "label": "Kick-off",
            "position": "2273000",
            "half": "2",
            "confidence": "0.5045644640922546"
        },
        {
            "gameTime": "2 - 22:4",
            "label": "Goal",
            "position": "1324500",
            "half": "2",
            "confidence": "0.9888084530830383"
        },
        {
            "gameTime": "2 - 41:4",
            "label": "Goal",
            "position": "2464500",
            "half": "2",
            "confidence": "0.8143600225448608"
        },
        {
            "gameTime": "2 - 3:16",
            "label": "Goal",
            "position": "196500",
            "half": "2",
            "confidence": "0.8008884191513062"
        },
        {
            "gameTime": "2 - 21:54",
            "label": "Goal",
            "position": "1314000",
            "half": "2",
            "confidence": "0.6881392002105713"
        },
        {
            "gameTime": "2 - 40:54",
            "label": "Goal",
            "position": "2454000",
            "half": "2",
            "confidence": "0.6037986278533936"
        },
        {
            "gameTime": "2 - 13:24",
            "label": "Substitution",
            "position": "804500",
            "half": "2",
            "confidence": "0.9708865284919739"
        },
        {
            "gameTime": "2 - 30:44",
            "label": "Substitution",
            "position": "1844500",
            "half": "2",
            "confidence": "0.924184262752533"
        },
        {
            "gameTime": "2 - 13:34",
            "label": "Substitution",
            "position": "814500",
            "half": "2",
            "confidence": "0.6406147480010986"
        },
        {
            "gameTime": "2 - 22:4",
            "label": "Shots on target",
            "position": "1324500",
            "half": "2",
            "confidence": "0.6930914521217346"
        },
        {
            "gameTime": "2 - 25:24",
            "label": "Shots on target",
            "position": "1524000",
            "half": "2",
            "confidence": "0.6588340401649475"
        },
        {
            "gameTime": "2 - 19:19",
            "label": "Shots on target",
            "position": "1159000",
            "half": "2",
            "confidence": "0.5410405993461609"
        },
        {
            "gameTime": "2 - 2:23",
            "label": "Shots on target",
            "position": "143000",
            "half": "2",
            "confidence": "0.5016485452651978"
        },
        {
            "gameTime": "2 - 5:18",
            "label": "Shots off target",
            "position": "318500",
            "half": "2",
            "confidence": "0.5224576592445374"
        },
        {
            "gameTime": "2 - 2:29",
            "label": "Shots off target",
            "position": "149500",
            "half": "2",
            "confidence": "0.5168871283531189"
        },
        {
            "gameTime": "2 - 29:59",
            "label": "Clearance",
            "position": "1799000",
            "half": "2",
            "confidence": "0.8043423891067505"
        },
        {
            "gameTime": "2 - 30:9",
            "label": "Clearance",
            "position": "1809000",
            "half": "2",
            "confidence": "0.5181657671928406"
        },
        {
            "gameTime": "2 - 21:36",
            "label": "Ball out of play",
            "position": "1296500",
            "half": "2",
            "confidence": "0.9194788932800293"
        },
        {
            "gameTime": "2 - 31:22",
            "label": "Ball out of play",
            "position": "1882000",
            "half": "2",
            "confidence": "0.9122549891471863"
        },
        {
            "gameTime": "2 - 23:6",
            "label": "Ball out of play",
            "position": "1386500",
            "half": "2",
            "confidence": "0.9038001298904419"
        },
        {
            "gameTime": "2 - 43:49",
            "label": "Ball out of play",
            "position": "2629000",
            "half": "2",
            "confidence": "0.9009938836097717"
        },
        {
            "gameTime": "2 - 5:19",
            "label": "Ball out of play",
            "position": "319500",
            "half": "2",
            "confidence": "0.9005292057991028"
        },
        {
            "gameTime": "2 - 14:50",
            "label": "Ball out of play",
            "position": "890500",
            "half": "2",
            "confidence": "0.8782786726951599"
        },
        {
            "gameTime": "2 - 32:1",
            "label": "Ball out of play",
            "position": "1921000",
            "half": "2",
            "confidence": "0.8606234788894653"
        },
        {
            "gameTime": "2 - 19:14",
            "label": "Ball out of play",
            "position": "1154500",
            "half": "2",
            "confidence": "0.8604363203048706"
        },
        {
            "gameTime": "2 - 31:10",
            "label": "Ball out of play",
            "position": "1870000",
            "half": "2",
            "confidence": "0.8564656972885132"
        },
        {
            "gameTime": "2 - 20:54",
            "label": "Ball out of play",
            "position": "1254000",
            "half": "2",
            "confidence": "0.8491553068161011"
        },
        {
            "gameTime": "2 - 23:58",
            "label": "Ball out of play",
            "position": "1438000",
            "half": "2",
            "confidence": "0.8454456329345703"
        },
        {
            "gameTime": "2 - 21:52",
            "label": "Ball out of play",
            "position": "1312500",
            "half": "2",
            "confidence": "0.8365511894226074"
        },
        {
            "gameTime": "2 - 3:7",
            "label": "Ball out of play",
            "position": "187500",
            "half": "2",
            "confidence": "0.8294647932052612"
        },
        {
            "gameTime": "2 - 7:42",
            "label": "Ball out of play",
            "position": "462000",
            "half": "2",
            "confidence": "0.8209262490272522"
        },
        {
            "gameTime": "2 - 29:42",
            "label": "Ball out of play",
            "position": "1782500",
            "half": "2",
            "confidence": "0.8189526200294495"
        },
        {
            "gameTime": "2 - 42:48",
            "label": "Ball out of play",
            "position": "2568500",
            "half": "2",
            "confidence": "0.8111081123352051"
        },
        {
            "gameTime": "2 - 12:57",
            "label": "Ball out of play",
            "position": "777000",
            "half": "2",
            "confidence": "0.8095095753669739"
        },
        {
            "gameTime": "2 - 5:9",
            "label": "Ball out of play",
            "position": "309000",
            "half": "2",
            "confidence": "0.8060715794563293"
        },
        {
            "gameTime": "2 - 14:38",
            "label": "Ball out of play",
            "position": "878000",
            "half": "2",
            "confidence": "0.8041586875915527"
        },
        {
            "gameTime": "2 - 21:25",
            "label": "Ball out of play",
            "position": "1285500",
            "half": "2",
            "confidence": "0.8009543418884277"
        },
        {
            "gameTime": "2 - 2:24",
            "label": "Ball out of play",
            "position": "144000",
            "half": "2",
            "confidence": "0.7925963401794434"
        },
        {
            "gameTime": "2 - 42:8",
            "label": "Ball out of play",
            "position": "2528500",
            "half": "2",
            "confidence": "0.7916427254676819"
        },
        {
            "gameTime": "2 - 30:35",
            "label": "Ball out of play",
            "position": "1835000",
            "half": "2",
            "confidence": "0.7901383638381958"
        },
        {
            "gameTime": "2 - 28:31",
            "label": "Ball out of play",
            "position": "1711500",
            "half": "2",
            "confidence": "0.7700248956680298"
        },
        {
            "gameTime": "2 - 43:38",
            "label": "Ball out of play",
            "position": "2618500",
            "half": "2",
            "confidence": "0.7689472436904907"
        },
        {
            "gameTime": "2 - 44:4",
            "label": "Ball out of play",
            "position": "2644000",
            "half": "2",
            "confidence": "0.7634462714195251"
        },
        {
            "gameTime": "2 - 27:56",
            "label": "Ball out of play",
            "position": "1676500",
            "half": "2",
            "confidence": "0.7493812441825867"
        },
        {
            "gameTime": "2 - 28:15",
            "label": "Ball out of play",
            "position": "1695500",
            "half": "2",
            "confidence": "0.7458146214485168"
        },
        {
            "gameTime": "2 - 15:45",
            "label": "Ball out of play",
            "position": "945500",
            "half": "2",
            "confidence": "0.7454331517219543"
        },
        {
            "gameTime": "2 - 17:48",
            "label": "Ball out of play",
            "position": "1068500",
            "half": "2",
            "confidence": "0.745225191116333"
        },
        {
            "gameTime": "2 - 9:26",
            "label": "Ball out of play",
            "position": "566000",
            "half": "2",
            "confidence": "0.7444567084312439"
        },
        {
            "gameTime": "2 - 8:54",
            "label": "Ball out of play",
            "position": "534500",
            "half": "2",
            "confidence": "0.7346181273460388"
        },
        {
            "gameTime": "2 - 22:56",
            "label": "Ball out of play",
            "position": "1376000",
            "half": "2",
            "confidence": "0.7236202955245972"
        },
        {
            "gameTime": "2 - 25:35",
            "label": "Ball out of play",
            "position": "1535000",
            "half": "2",
            "confidence": "0.7210720181465149"
        },
        {
            "gameTime": "2 - 12:41",
            "label": "Ball out of play",
            "position": "761000",
            "half": "2",
            "confidence": "0.7185416221618652"
        },
        {
            "gameTime": "2 - 31:50",
            "label": "Ball out of play",
            "position": "1910500",
            "half": "2",
            "confidence": "0.718155026435852"
        },
        {
            "gameTime": "2 - 19:24",
            "label": "Ball out of play",
            "position": "1164500",
            "half": "2",
            "confidence": "0.7057706713676453"
        },
        {
            "gameTime": "2 - 5:48",
            "label": "Ball out of play",
            "position": "348500",
            "half": "2",
            "confidence": "0.7005049586296082"
        },
        {
            "gameTime": "2 - 12:27",
            "label": "Ball out of play",
            "position": "747000",
            "half": "2",
            "confidence": "0.6915856003761292"
        },
        {
            "gameTime": "2 - 9:36",
            "label": "Ball out of play",
            "position": "576500",
            "half": "2",
            "confidence": "0.687751293182373"
        },
        {
            "gameTime": "2 - 17:38",
            "label": "Ball out of play",
            "position": "1058000",
            "half": "2",
            "confidence": "0.6801437139511108"
        },
        {
            "gameTime": "2 - 7:31",
            "label": "Ball out of play",
            "position": "451500",
            "half": "2",
            "confidence": "0.6602757573127747"
        },
        {
            "gameTime": "2 - 14:2",
            "label": "Ball out of play",
            "position": "842500",
            "half": "2",
            "confidence": "0.6593579649925232"
        },
        {
            "gameTime": "2 - 18:50",
            "label": "Ball out of play",
            "position": "1130500",
            "half": "2",
            "confidence": "0.6536610722541809"
        },
        {
            "gameTime": "2 - 33:44",
            "label": "Ball out of play",
            "position": "2024500",
            "half": "2",
            "confidence": "0.6486136317253113"
        },
        {
            "gameTime": "2 - 40:50",
            "label": "Ball out of play",
            "position": "2450000",
            "half": "2",
            "confidence": "0.6431931257247925"
        },
        {
            "gameTime": "2 - 29:57",
            "label": "Ball out of play",
            "position": "1797000",
            "half": "2",
            "confidence": "0.6430988907814026"
        },
        {
            "gameTime": "2 - 33:10",
            "label": "Ball out of play",
            "position": "1990500",
            "half": "2",
            "confidence": "0.6337928771972656"
        },
        {
            "gameTime": "2 - 17:59",
            "label": "Ball out of play",
            "position": "1079500",
            "half": "2",
            "confidence": "0.6197587847709656"
        },
        {
            "gameTime": "2 - 42:38",
            "label": "Ball out of play",
            "position": "2558000",
            "half": "2",
            "confidence": "0.6167913675308228"
        },
        {
            "gameTime": "2 - 11:36",
            "label": "Ball out of play",
            "position": "696000",
            "half": "2",
            "confidence": "0.6166298389434814"
        },
        {
            "gameTime": "2 - 1:21",
            "label": "Ball out of play",
            "position": "81000",
            "half": "2",
            "confidence": "0.6166108250617981"
        },
        {
            "gameTime": "2 - 7:53",
            "label": "Ball out of play",
            "position": "473500",
            "half": "2",
            "confidence": "0.613533616065979"
        },
        {
            "gameTime": "2 - 15:34",
            "label": "Ball out of play",
            "position": "934000",
            "half": "2",
            "confidence": "0.613455057144165"
        },
        {
            "gameTime": "2 - 21:4",
            "label": "Ball out of play",
            "position": "1264000",
            "half": "2",
            "confidence": "0.6058904528617859"
        },
        {
            "gameTime": "2 - 26:47",
            "label": "Ball out of play",
            "position": "1607500",
            "half": "2",
            "confidence": "0.5964942574501038"
        },
        {
            "gameTime": "2 - 32:28",
            "label": "Ball out of play",
            "position": "1948500",
            "half": "2",
            "confidence": "0.5685915946960449"
        },
        {
            "gameTime": "2 - 2:34",
            "label": "Ball out of play",
            "position": "154000",
            "half": "2",
            "confidence": "0.5586753487586975"
        },
        {
            "gameTime": "2 - 32:59",
            "label": "Ball out of play",
            "position": "1979000",
            "half": "2",
            "confidence": "0.5560166239738464"
        },
        {
            "gameTime": "2 - 35:40",
            "label": "Ball out of play",
            "position": "2140000",
            "half": "2",
            "confidence": "0.5278493165969849"
        },
        {
            "gameTime": "2 - 8:44",
            "label": "Ball out of play",
            "position": "524000",
            "half": "2",
            "confidence": "0.5266546607017517"
        },
        {
            "gameTime": "2 - 15:20",
            "label": "Ball out of play",
            "position": "920000",
            "half": "2",
            "confidence": "0.5143174529075623"
        },
        {
            "gameTime": "2 - 6:32",
            "label": "Ball out of play",
            "position": "392000",
            "half": "2",
            "confidence": "0.5049501061439514"
        },
        {
            "gameTime": "2 - 2:57",
            "label": "Ball out of play",
            "position": "177000",
            "half": "2",
            "confidence": "0.5036982297897339"
        },
        {
            "gameTime": "2 - 35:29",
            "label": "Ball out of play",
            "position": "2129000",
            "half": "2",
            "confidence": "0.5006596446037292"
        },
        {
            "gameTime": "2 - 5:49",
            "label": "Throw-in",
            "position": "349500",
            "half": "2",
            "confidence": "0.9553133845329285"
        },
        {
            "gameTime": "2 - 14:4",
            "label": "Throw-in",
            "position": "844500",
            "half": "2",
            "confidence": "0.9501630663871765"
        },
        {
            "gameTime": "2 - 31:23",
            "label": "Throw-in",
            "position": "1883500",
            "half": "2",
            "confidence": "0.9243828654289246"
        },
        {
            "gameTime": "2 - 28:31",
            "label": "Throw-in",
            "position": "1711500",
            "half": "2",
            "confidence": "0.9184859991073608"
        },
        {
            "gameTime": "2 - 17:49",
            "label": "Throw-in",
            "position": "1069500",
            "half": "2",
            "confidence": "0.9138067364692688"
        },
        {
            "gameTime": "2 - 28:41",
            "label": "Throw-in",
            "position": "1721500",
            "half": "2",
            "confidence": "0.9060372114181519"
        },
        {
            "gameTime": "2 - 31:13",
            "label": "Throw-in",
            "position": "1873000",
            "half": "2",
            "confidence": "0.8899315595626831"
        },
        {
            "gameTime": "2 - 27:56",
            "label": "Throw-in",
            "position": "1676000",
            "half": "2",
            "confidence": "0.8365733027458191"
        },
        {
            "gameTime": "2 - 17:59",
            "label": "Throw-in",
            "position": "1079500",
            "half": "2",
            "confidence": "0.8279100060462952"
        },
        {
            "gameTime": "2 - 34:19",
            "label": "Throw-in",
            "position": "2059500",
            "half": "2",
            "confidence": "0.8269458413124084"
        },
        {
            "gameTime": "2 - 35:27",
            "label": "Throw-in",
            "position": "2127500",
            "half": "2",
            "confidence": "0.8039705753326416"
        },
        {
            "gameTime": "2 - 11:39",
            "label": "Throw-in",
            "position": "699500",
            "half": "2",
            "confidence": "0.7629899978637695"
        },
        {
            "gameTime": "2 - 32:54",
            "label": "Throw-in",
            "position": "1974000",
            "half": "2",
            "confidence": "0.7496629357337952"
        },
        {
            "gameTime": "2 - 31:36",
            "label": "Throw-in",
            "position": "1896500",
            "half": "2",
            "confidence": "0.7383337616920471"
        },
        {
            "gameTime": "2 - 28:13",
            "label": "Throw-in",
            "position": "1693000",
            "half": "2",
            "confidence": "0.7273521423339844"
        },
        {
            "gameTime": "2 - 17:38",
            "label": "Throw-in",
            "position": "1058500",
            "half": "2",
            "confidence": "0.7166347503662109"
        },
        {
            "gameTime": "2 - 28:51",
            "label": "Throw-in",
            "position": "1731500",
            "half": "2",
            "confidence": "0.7108414173126221"
        },
        {
            "gameTime": "2 - 18:21",
            "label": "Throw-in",
            "position": "1101000",
            "half": "2",
            "confidence": "0.7054753303527832"
        },
        {
            "gameTime": "2 - 35:15",
            "label": "Throw-in",
            "position": "2115000",
            "half": "2",
            "confidence": "0.6657581925392151"
        },
        {
            "gameTime": "2 - 13:53",
            "label": "Throw-in",
            "position": "833000",
            "half": "2",
            "confidence": "0.6616131663322449"
        },
        {
            "gameTime": "2 - 43:12",
            "label": "Throw-in",
            "position": "2592000",
            "half": "2",
            "confidence": "0.6580550670623779"
        },
        {
            "gameTime": "2 - 20:16",
            "label": "Throw-in",
            "position": "1216000",
            "half": "2",
            "confidence": "0.6339910626411438"
        },
        {
            "gameTime": "2 - 43:1",
            "label": "Throw-in",
            "position": "2581000",
            "half": "2",
            "confidence": "0.5771062970161438"
        },
        {
            "gameTime": "2 - 30:34",
            "label": "Throw-in",
            "position": "1834500",
            "half": "2",
            "confidence": "0.5512656569480896"
        },
        {
            "gameTime": "2 - 34:29",
            "label": "Throw-in",
            "position": "2069500",
            "half": "2",
            "confidence": "0.5358591675758362"
        },
        {
            "gameTime": "2 - 20:33",
            "label": "Throw-in",
            "position": "1233000",
            "half": "2",
            "confidence": "0.5120709538459778"
        },
        {
            "gameTime": "2 - 32:43",
            "label": "Throw-in",
            "position": "1963500",
            "half": "2",
            "confidence": "0.5019590854644775"
        },
        {
            "gameTime": "2 - 10:38",
            "label": "Foul",
            "position": "638000",
            "half": "2",
            "confidence": "0.8525122404098511"
        },
        {
            "gameTime": "2 - 1:34",
            "label": "Foul",
            "position": "94000",
            "half": "2",
            "confidence": "0.8463959097862244"
        },
        {
            "gameTime": "2 - 1:23",
            "label": "Foul",
            "position": "83500",
            "half": "2",
            "confidence": "0.8137475848197937"
        },
        {
            "gameTime": "2 - 16:6",
            "label": "Foul",
            "position": "966500",
            "half": "2",
            "confidence": "0.7947990298271179"
        },
        {
            "gameTime": "2 - 26:2",
            "label": "Foul",
            "position": "1562500",
            "half": "2",
            "confidence": "0.5893161296844482"
        },
        {
            "gameTime": "2 - 44:57",
            "label": "Foul",
            "position": "2697000",
            "half": "2",
            "confidence": "0.5247960090637207"
        },
        {
            "gameTime": "2 - 20:38",
            "label": "Indirect free-kick",
            "position": "1238000",
            "half": "2",
            "confidence": "0.6423817873001099"
        },
        {
            "gameTime": "2 - 11:25",
            "label": "Indirect free-kick",
            "position": "685500",
            "half": "2",
            "confidence": "0.6222928166389465"
        },
        {
            "gameTime": "2 - 37:35",
            "label": "Indirect free-kick",
            "position": "2255000",
            "half": "2",
            "confidence": "0.6103861927986145"
        },
        {
            "gameTime": "2 - 44:58",
            "label": "Indirect free-kick",
            "position": "2698500",
            "half": "2",
            "confidence": "0.5864598751068115"
        },
        {
            "gameTime": "2 - 30:53",
            "label": "Indirect free-kick",
            "position": "1853500",
            "half": "2",
            "confidence": "0.5487527847290039"
        },
        {
            "gameTime": "2 - 2:42",
            "label": "Indirect free-kick",
            "position": "162500",
            "half": "2",
            "confidence": "0.5321372747421265"
        },
        {
            "gameTime": "2 - 26:30",
            "label": "Direct free-kick",
            "position": "1590500",
            "half": "2",
            "confidence": "0.9736600518226624"
        },
        {
            "gameTime": "2 - 2:15",
            "label": "Direct free-kick",
            "position": "135500",
            "half": "2",
            "confidence": "0.901203453540802"
        },
        {
            "gameTime": "2 - 26:40",
            "label": "Direct free-kick",
            "position": "1600500",
            "half": "2",
            "confidence": "0.8380889296531677"
        },
        {
            "gameTime": "2 - 43:58",
            "label": "Corner",
            "position": "2638500",
            "half": "2",
            "confidence": "0.9912989735603333"
        },
        {
            "gameTime": "2 - 32:26",
            "label": "Corner",
            "position": "1946500",
            "half": "2",
            "confidence": "0.988848090171814"
        },
        {
            "gameTime": "2 - 21:47",
            "label": "Corner",
            "position": "1307500",
            "half": "2",
            "confidence": "0.9699792861938477"
        },
        {
            "gameTime": "2 - 32:36",
            "label": "Corner",
            "position": "1956500",
            "half": "2",
            "confidence": "0.9034751057624817"
        },
        {
            "gameTime": "2 - 12:51",
            "label": "Corner",
            "position": "771500",
            "half": "2",
            "confidence": "0.890160322189331"
        },
        {
            "gameTime": "2 - 7:45",
            "label": "Corner",
            "position": "465500",
            "half": "2",
            "confidence": "0.6831770539283752"
        },
        {
            "gameTime": "2 - 36:12",
            "label": "Corner",
            "position": "2172000",
            "half": "2",
            "confidence": "0.667216956615448"
        },
        {
            "gameTime": "2 - 43:48",
            "label": "Corner",
            "position": "2628000",
            "half": "2",
            "confidence": "0.6497626900672913"
        },
        {
            "gameTime": "2 - 21:36",
            "label": "Corner",
            "position": "1296500",
            "half": "2",
            "confidence": "0.6446440815925598"
        },
        {
            "gameTime": "2 - 21:57",
            "label": "Corner",
            "position": "1317500",
            "half": "2",
            "confidence": "0.5607876777648926"
        },
        {
            "gameTime": "2 - 10:50",
            "label": "Yellow card",
            "position": "650000",
            "half": "2",
            "confidence": "0.562809944152832"
        }
    ]
}