{
    "UrlLocal": "england_epl/2016-2017/2016-08-27 - 14-30 Tottenham 1 - 1 Liverpool",
    "predictions": [
        {
            "gameTime": "1 - 32:6",
            "label": "card",
            "position": "1926500",
            "half": "1",
            "confidence": "0.6009542346000671"
        },
        {
            "gameTime": "1 - 42:55",
            "label": "soccer",
            "position": "2575500",
            "half": "1",
            "confidence": "0.8179388046264648"
        },
        {
            "gameTime": "2 - 23:19",
            "label": "subs",
            "position": "1399500",
            "half": "2",
            "confidence": "0.8093842267990112"
        },
        {
            "gameTime": "2 - 42:41",
            "label": "subs",
            "position": "2561000",
            "half": "2",
            "confidence": "0.7033302187919617"
        },
        {
            "gameTime": "2 - 48:7",
            "label": "subs",
            "position": "2887000",
            "half": "2",
            "confidence": "0.6935140490531921"
        },
        {
            "gameTime": "2 - 23:31",
            "label": "subs",
            "position": "1411000",
            "half": "2",
            "confidence": "0.6428220868110657"
        },
        {
            "gameTime": "2 - 42:26",
            "label": "subs",
            "position": "2546500",
            "half": "2",
            "confidence": "0.6267212629318237"
        },
        {
            "gameTime": "2 - 49:36",
            "label": "subs",
            "position": "2976500",
            "half": "2",
            "confidence": "0.6130751371383667"
        },
        {
            "gameTime": "2 - 42:52",
            "label": "subs",
            "position": "2572500",
            "half": "2",
            "confidence": "0.6106854677200317"
        },
        {
            "gameTime": "2 - 26:40",
            "label": "subs",
            "position": "1600500",
            "half": "2",
            "confidence": "0.5951733589172363"
        },
        {
            "gameTime": "2 - 23:48",
            "label": "subs",
            "position": "1428500",
            "half": "2",
            "confidence": "0.540904700756073"
        },
        {
            "gameTime": "2 - 26:26",
            "label": "soccer",
            "position": "1586000",
            "half": "2",
            "confidence": "0.8050651550292969"
        },
        {
            "gameTime": "2 - 16:34",
            "label": "soccer",
            "position": "994500",
            "half": "2",
            "confidence": "0.7067500948905945"
        },
        {
            "gameTime": "2 - 26:15",
            "label": "soccer",
            "position": "1575500",
            "half": "2",
            "confidence": "0.5149413347244263"
        }
    ]
}