{
    "UrlLocal": "italy_serie-a/2016-2017/2016-08-20 - 18-00 Juventus 2 - 1 Fiorentina",
    "predictions": [
        {
            "gameTime": "1 - 38:14",
            "label": "card",
            "position": "2294000",
            "half": "1",
            "confidence": "0.848372220993042"
        },
        {
            "gameTime": "1 - 43:12",
            "label": "card",
            "position": "2592000",
            "half": "1",
            "confidence": "0.6572835445404053"
        },
        {
            "gameTime": "1 - 38:26",
            "label": "card",
            "position": "2306000",
            "half": "1",
            "confidence": "0.5471698641777039"
        },
        {
            "gameTime": "1 - 35:24",
            "label": "subs",
            "position": "2124000",
            "half": "1",
            "confidence": "0.8398022055625916"
        },
        {
            "gameTime": "1 - 45:51",
            "label": "subs",
            "position": "2751000",
            "half": "1",
            "confidence": "0.8302585482597351"
        },
        {
            "gameTime": "1 - 36:22",
            "label": "soccer",
            "position": "2182500",
            "half": "1",
            "confidence": "0.9938021898269653"
        },
        {
            "gameTime": "2 - 19:2",
            "label": "card",
            "position": "1142500",
            "half": "2",
            "confidence": "0.760535478591919"
        },
        {
            "gameTime": "2 - 19:12",
            "label": "card",
            "position": "1152500",
            "half": "2",
            "confidence": "0.7033419609069824"
        },
        {
            "gameTime": "2 - 34:24",
            "label": "subs",
            "position": "2064500",
            "half": "2",
            "confidence": "0.8733381628990173"
        },
        {
            "gameTime": "2 - 42:44",
            "label": "subs",
            "position": "2564000",
            "half": "2",
            "confidence": "0.8451604843139648"
        },
        {
            "gameTime": "2 - 38:59",
            "label": "subs",
            "position": "2339000",
            "half": "2",
            "confidence": "0.7947760820388794"
        },
        {
            "gameTime": "2 - 19:15",
            "label": "subs",
            "position": "1155500",
            "half": "2",
            "confidence": "0.7944808602333069"
        },
        {
            "gameTime": "2 - 34:35",
            "label": "subs",
            "position": "2075000",
            "half": "2",
            "confidence": "0.7630691528320312"
        },
        {
            "gameTime": "2 - 20:31",
            "label": "subs",
            "position": "1231500",
            "half": "2",
            "confidence": "0.7464122176170349"
        },
        {
            "gameTime": "2 - 50:26",
            "label": "subs",
            "position": "3026000",
            "half": "2",
            "confidence": "0.7350600957870483"
        },
        {
            "gameTime": "2 - 39:9",
            "label": "subs",
            "position": "2349000",
            "half": "2",
            "confidence": "0.6530522704124451"
        },
        {
            "gameTime": "2 - 4:54",
            "label": "subs",
            "position": "294000",
            "half": "2",
            "confidence": "0.6486057043075562"
        },
        {
            "gameTime": "2 - 46:39",
            "label": "subs",
            "position": "2799000",
            "half": "2",
            "confidence": "0.5599259734153748"
        },
        {
            "gameTime": "2 - 42:54",
            "label": "subs",
            "position": "2574000",
            "half": "2",
            "confidence": "0.5198246836662292"
        },
        {
            "gameTime": "2 - 25:34",
            "label": "subs",
            "position": "1534000",
            "half": "2",
            "confidence": "0.5067906975746155"
        },
        {
            "gameTime": "2 - 24:58",
            "label": "soccer",
            "position": "1498500",
            "half": "2",
            "confidence": "0.9836317300796509"
        },
        {
            "gameTime": "2 - 29:6",
            "label": "soccer",
            "position": "1746000",
            "half": "2",
            "confidence": "0.9766921997070312"
        },
        {
            "gameTime": "2 - 9:42",
            "label": "soccer",
            "position": "582500",
            "half": "2",
            "confidence": "0.8460963368415833"
        },
        {
            "gameTime": "2 - 25:8",
            "label": "soccer",
            "position": "1508500",
            "half": "2",
            "confidence": "0.6831132173538208"
        },
        {
            "gameTime": "2 - 24:48",
            "label": "soccer",
            "position": "1488000",
            "half": "2",
            "confidence": "0.5488644242286682"
        },
        {
            "gameTime": "2 - 4:41",
            "label": "soccer",
            "position": "281500",
            "half": "2",
            "confidence": "0.5487854480743408"
        }
    ]
}