{
    "UrlLocal": "germany_bundesliga/2016-2017/2016-12-20 - 18-00 Bayern 3 - 0 Leipzig",
    "predictions": [
        {
            "gameTime": "1 - 0:3",
            "label": "Kick-off",
            "position": "3500",
            "half": "1",
            "confidence": "0.9406090378761292"
        },
        {
            "gameTime": "1 - 44:43",
            "label": "Kick-off",
            "position": "2683000",
            "half": "1",
            "confidence": "0.7410662174224854"
        },
        {
            "gameTime": "1 - 24:54",
            "label": "Goal",
            "position": "1494000",
            "half": "1",
            "confidence": "0.8735631704330444"
        },
        {
            "gameTime": "1 - 16:34",
            "label": "Goal",
            "position": "994500",
            "half": "1",
            "confidence": "0.7144156694412231"
        },
        {
            "gameTime": "1 - 46:21",
            "label": "Substitution",
            "position": "2781500",
            "half": "1",
            "confidence": "0.896221399307251"
        },
        {
            "gameTime": "1 - 3:23",
            "label": "Offside",
            "position": "203500",
            "half": "1",
            "confidence": "0.5877774357795715"
        },
        {
            "gameTime": "1 - 24:49",
            "label": "Shots on target",
            "position": "1489500",
            "half": "1",
            "confidence": "0.5238165259361267"
        },
        {
            "gameTime": "1 - 13:43",
            "label": "Shots off target",
            "position": "823500",
            "half": "1",
            "confidence": "0.5062324404716492"
        },
        {
            "gameTime": "1 - 20:17",
            "label": "Clearance",
            "position": "1217000",
            "half": "1",
            "confidence": "0.5202606916427612"
        },
        {
            "gameTime": "1 - 6:14",
            "label": "Ball out of play",
            "position": "374500",
            "half": "1",
            "confidence": "0.8348295092582703"
        },
        {
            "gameTime": "1 - 12:10",
            "label": "Ball out of play",
            "position": "730000",
            "half": "1",
            "confidence": "0.8345253467559814"
        },
        {
            "gameTime": "1 - 4:10",
            "label": "Ball out of play",
            "position": "250500",
            "half": "1",
            "confidence": "0.7904050946235657"
        },
        {
            "gameTime": "1 - 11:59",
            "label": "Ball out of play",
            "position": "719500",
            "half": "1",
            "confidence": "0.7800226807594299"
        },
        {
            "gameTime": "1 - 9:58",
            "label": "Ball out of play",
            "position": "598500",
            "half": "1",
            "confidence": "0.7726437449455261"
        },
        {
            "gameTime": "1 - 41:35",
            "label": "Ball out of play",
            "position": "2495500",
            "half": "1",
            "confidence": "0.7718172669410706"
        },
        {
            "gameTime": "1 - 15:0",
            "label": "Ball out of play",
            "position": "900000",
            "half": "1",
            "confidence": "0.7703500986099243"
        },
        {
            "gameTime": "1 - 33:23",
            "label": "Ball out of play",
            "position": "2003500",
            "half": "1",
            "confidence": "0.7677438855171204"
        },
        {
            "gameTime": "1 - 20:40",
            "label": "Ball out of play",
            "position": "1240500",
            "half": "1",
            "confidence": "0.7572087049484253"
        },
        {
            "gameTime": "1 - 13:8",
            "label": "Ball out of play",
            "position": "788500",
            "half": "1",
            "confidence": "0.7489518523216248"
        },
        {
            "gameTime": "1 - 43:15",
            "label": "Ball out of play",
            "position": "2595000",
            "half": "1",
            "confidence": "0.7457791566848755"
        },
        {
            "gameTime": "1 - 40:30",
            "label": "Ball out of play",
            "position": "2430000",
            "half": "1",
            "confidence": "0.7365550398826599"
        },
        {
            "gameTime": "1 - 26:0",
            "label": "Ball out of play",
            "position": "1560000",
            "half": "1",
            "confidence": "0.7248073220252991"
        },
        {
            "gameTime": "1 - 43:1",
            "label": "Ball out of play",
            "position": "2581000",
            "half": "1",
            "confidence": "0.7104148268699646"
        },
        {
            "gameTime": "1 - 25:47",
            "label": "Ball out of play",
            "position": "1547500",
            "half": "1",
            "confidence": "0.7087982296943665"
        },
        {
            "gameTime": "1 - 14:49",
            "label": "Ball out of play",
            "position": "889500",
            "half": "1",
            "confidence": "0.7045179009437561"
        },
        {
            "gameTime": "1 - 21:58",
            "label": "Ball out of play",
            "position": "1318000",
            "half": "1",
            "confidence": "0.6941812038421631"
        },
        {
            "gameTime": "1 - 31:46",
            "label": "Ball out of play",
            "position": "1906500",
            "half": "1",
            "confidence": "0.6802195310592651"
        },
        {
            "gameTime": "1 - 9:26",
            "label": "Ball out of play",
            "position": "566000",
            "half": "1",
            "confidence": "0.6657620072364807"
        },
        {
            "gameTime": "1 - 20:58",
            "label": "Ball out of play",
            "position": "1258500",
            "half": "1",
            "confidence": "0.6642248630523682"
        },
        {
            "gameTime": "1 - 28:6",
            "label": "Ball out of play",
            "position": "1686500",
            "half": "1",
            "confidence": "0.6489962339401245"
        },
        {
            "gameTime": "1 - 5:23",
            "label": "Ball out of play",
            "position": "323000",
            "half": "1",
            "confidence": "0.6466975808143616"
        },
        {
            "gameTime": "1 - 5:38",
            "label": "Ball out of play",
            "position": "338000",
            "half": "1",
            "confidence": "0.634746789932251"
        },
        {
            "gameTime": "1 - 27:23",
            "label": "Ball out of play",
            "position": "1643500",
            "half": "1",
            "confidence": "0.6340340375900269"
        },
        {
            "gameTime": "1 - 37:41",
            "label": "Ball out of play",
            "position": "2261500",
            "half": "1",
            "confidence": "0.6070348024368286"
        },
        {
            "gameTime": "1 - 39:10",
            "label": "Ball out of play",
            "position": "2350500",
            "half": "1",
            "confidence": "0.6046152710914612"
        },
        {
            "gameTime": "1 - 24:42",
            "label": "Ball out of play",
            "position": "1482500",
            "half": "1",
            "confidence": "0.5939123630523682"
        },
        {
            "gameTime": "1 - 0:23",
            "label": "Ball out of play",
            "position": "23000",
            "half": "1",
            "confidence": "0.5884429812431335"
        },
        {
            "gameTime": "1 - 17:53",
            "label": "Ball out of play",
            "position": "1073000",
            "half": "1",
            "confidence": "0.5776628851890564"
        },
        {
            "gameTime": "1 - 6:25",
            "label": "Ball out of play",
            "position": "385000",
            "half": "1",
            "confidence": "0.5756336450576782"
        },
        {
            "gameTime": "1 - 0:51",
            "label": "Ball out of play",
            "position": "51000",
            "half": "1",
            "confidence": "0.5738235116004944"
        },
        {
            "gameTime": "1 - 15:42",
            "label": "Ball out of play",
            "position": "942500",
            "half": "1",
            "confidence": "0.567983090877533"
        },
        {
            "gameTime": "1 - 22:8",
            "label": "Ball out of play",
            "position": "1328500",
            "half": "1",
            "confidence": "0.5611985325813293"
        },
        {
            "gameTime": "1 - 18:3",
            "label": "Ball out of play",
            "position": "1083500",
            "half": "1",
            "confidence": "0.5603958964347839"
        },
        {
            "gameTime": "1 - 31:56",
            "label": "Ball out of play",
            "position": "1916500",
            "half": "1",
            "confidence": "0.5598035454750061"
        },
        {
            "gameTime": "1 - 40:18",
            "label": "Ball out of play",
            "position": "2418000",
            "half": "1",
            "confidence": "0.5576263666152954"
        },
        {
            "gameTime": "1 - 33:13",
            "label": "Ball out of play",
            "position": "1993000",
            "half": "1",
            "confidence": "0.5443987250328064"
        },
        {
            "gameTime": "1 - 1:2",
            "label": "Ball out of play",
            "position": "62500",
            "half": "1",
            "confidence": "0.5298910140991211"
        },
        {
            "gameTime": "1 - 3:22",
            "label": "Ball out of play",
            "position": "202000",
            "half": "1",
            "confidence": "0.5187577605247498"
        },
        {
            "gameTime": "1 - 16:23",
            "label": "Ball out of play",
            "position": "983500",
            "half": "1",
            "confidence": "0.5161802768707275"
        },
        {
            "gameTime": "1 - 8:26",
            "label": "Ball out of play",
            "position": "506500",
            "half": "1",
            "confidence": "0.5131717324256897"
        },
        {
            "gameTime": "1 - 3:56",
            "label": "Ball out of play",
            "position": "236500",
            "half": "1",
            "confidence": "0.5043715834617615"
        },
        {
            "gameTime": "1 - 31:4",
            "label": "Ball out of play",
            "position": "1864500",
            "half": "1",
            "confidence": "0.5021619200706482"
        },
        {
            "gameTime": "1 - 8:28",
            "label": "Throw-in",
            "position": "508000",
            "half": "1",
            "confidence": "0.9341064095497131"
        },
        {
            "gameTime": "1 - 31:45",
            "label": "Throw-in",
            "position": "1905500",
            "half": "1",
            "confidence": "0.8887918591499329"
        },
        {
            "gameTime": "1 - 33:22",
            "label": "Throw-in",
            "position": "2002000",
            "half": "1",
            "confidence": "0.8569029569625854"
        },
        {
            "gameTime": "1 - 31:55",
            "label": "Throw-in",
            "position": "1915500",
            "half": "1",
            "confidence": "0.8384760022163391"
        },
        {
            "gameTime": "1 - 21:54",
            "label": "Throw-in",
            "position": "1314500",
            "half": "1",
            "confidence": "0.8259111642837524"
        },
        {
            "gameTime": "1 - 0:22",
            "label": "Throw-in",
            "position": "22500",
            "half": "1",
            "confidence": "0.8109264969825745"
        },
        {
            "gameTime": "1 - 15:0",
            "label": "Throw-in",
            "position": "900000",
            "half": "1",
            "confidence": "0.783502459526062"
        },
        {
            "gameTime": "1 - 25:59",
            "label": "Throw-in",
            "position": "1559500",
            "half": "1",
            "confidence": "0.7720868587493896"
        },
        {
            "gameTime": "1 - 22:7",
            "label": "Throw-in",
            "position": "1327000",
            "half": "1",
            "confidence": "0.6855192184448242"
        },
        {
            "gameTime": "1 - 40:21",
            "label": "Throw-in",
            "position": "2421500",
            "half": "1",
            "confidence": "0.6755309104919434"
        },
        {
            "gameTime": "1 - 15:42",
            "label": "Throw-in",
            "position": "942500",
            "half": "1",
            "confidence": "0.6279969215393066"
        },
        {
            "gameTime": "1 - 31:3",
            "label": "Throw-in",
            "position": "1863000",
            "half": "1",
            "confidence": "0.6163463592529297"
        },
        {
            "gameTime": "1 - 0:50",
            "label": "Throw-in",
            "position": "50500",
            "half": "1",
            "confidence": "0.5758845210075378"
        },
        {
            "gameTime": "1 - 33:11",
            "label": "Throw-in",
            "position": "1991500",
            "half": "1",
            "confidence": "0.5752991437911987"
        },
        {
            "gameTime": "1 - 23:34",
            "label": "Throw-in",
            "position": "1414000",
            "half": "1",
            "confidence": "0.562771201133728"
        },
        {
            "gameTime": "1 - 4:12",
            "label": "Throw-in",
            "position": "252500",
            "half": "1",
            "confidence": "0.5581898093223572"
        },
        {
            "gameTime": "1 - 39:20",
            "label": "Throw-in",
            "position": "2360000",
            "half": "1",
            "confidence": "0.5515832304954529"
        },
        {
            "gameTime": "1 - 16:9",
            "label": "Throw-in",
            "position": "969000",
            "half": "1",
            "confidence": "0.5429275035858154"
        },
        {
            "gameTime": "1 - 1:2",
            "label": "Throw-in",
            "position": "62500",
            "half": "1",
            "confidence": "0.5400827527046204"
        },
        {
            "gameTime": "1 - 7:57",
            "label": "Throw-in",
            "position": "477000",
            "half": "1",
            "confidence": "0.5173409581184387"
        },
        {
            "gameTime": "1 - 5:40",
            "label": "Throw-in",
            "position": "340500",
            "half": "1",
            "confidence": "0.5137286186218262"
        },
        {
            "gameTime": "1 - 5:25",
            "label": "Throw-in",
            "position": "325000",
            "half": "1",
            "confidence": "0.5075335502624512"
        },
        {
            "gameTime": "1 - 15:37",
            "label": "Foul",
            "position": "937500",
            "half": "1",
            "confidence": "0.9028639197349548"
        },
        {
            "gameTime": "1 - 32:10",
            "label": "Foul",
            "position": "1930500",
            "half": "1",
            "confidence": "0.8588346242904663"
        },
        {
            "gameTime": "1 - 0:30",
            "label": "Foul",
            "position": "30000",
            "half": "1",
            "confidence": "0.7004386782646179"
        },
        {
            "gameTime": "1 - 8:53",
            "label": "Foul",
            "position": "533500",
            "half": "1",
            "confidence": "0.6089987754821777"
        },
        {
            "gameTime": "1 - 34:23",
            "label": "Foul",
            "position": "2063500",
            "half": "1",
            "confidence": "0.6008343696594238"
        },
        {
            "gameTime": "1 - 0:19",
            "label": "Foul",
            "position": "19500",
            "half": "1",
            "confidence": "0.557125449180603"
        },
        {
            "gameTime": "1 - 15:36",
            "label": "Indirect free-kick",
            "position": "936000",
            "half": "1",
            "confidence": "0.8586217164993286"
        },
        {
            "gameTime": "1 - 41:5",
            "label": "Indirect free-kick",
            "position": "2465500",
            "half": "1",
            "confidence": "0.7567258477210999"
        },
        {
            "gameTime": "1 - 21:42",
            "label": "Indirect free-kick",
            "position": "1302500",
            "half": "1",
            "confidence": "0.7444472312927246"
        },
        {
            "gameTime": "1 - 7:30",
            "label": "Indirect free-kick",
            "position": "450500",
            "half": "1",
            "confidence": "0.681165337562561"
        },
        {
            "gameTime": "1 - 21:52",
            "label": "Indirect free-kick",
            "position": "1312500",
            "half": "1",
            "confidence": "0.619094967842102"
        },
        {
            "gameTime": "1 - 30:32",
            "label": "Indirect free-kick",
            "position": "1832500",
            "half": "1",
            "confidence": "0.6127250790596008"
        },
        {
            "gameTime": "1 - 35:55",
            "label": "Indirect free-kick",
            "position": "2155500",
            "half": "1",
            "confidence": "0.5814412832260132"
        },
        {
            "gameTime": "1 - 36:13",
            "label": "Indirect free-kick",
            "position": "2173000",
            "half": "1",
            "confidence": "0.5741256475448608"
        },
        {
            "gameTime": "1 - 14:9",
            "label": "Indirect free-kick",
            "position": "849500",
            "half": "1",
            "confidence": "0.56953364610672"
        },
        {
            "gameTime": "1 - 19:18",
            "label": "Indirect free-kick",
            "position": "1158500",
            "half": "1",
            "confidence": "0.5686050653457642"
        },
        {
            "gameTime": "1 - 34:35",
            "label": "Indirect free-kick",
            "position": "2075500",
            "half": "1",
            "confidence": "0.5469404458999634"
        },
        {
            "gameTime": "1 - 32:52",
            "label": "Indirect free-kick",
            "position": "1972000",
            "half": "1",
            "confidence": "0.5413141846656799"
        },
        {
            "gameTime": "1 - 0:16",
            "label": "Indirect free-kick",
            "position": "16000",
            "half": "1",
            "confidence": "0.5194602608680725"
        },
        {
            "gameTime": "1 - 12:28",
            "label": "Indirect free-kick",
            "position": "748500",
            "half": "1",
            "confidence": "0.5188965797424316"
        },
        {
            "gameTime": "1 - 24:31",
            "label": "Indirect free-kick",
            "position": "1471000",
            "half": "1",
            "confidence": "0.5175725817680359"
        },
        {
            "gameTime": "1 - 30:56",
            "label": "Indirect free-kick",
            "position": "1856000",
            "half": "1",
            "confidence": "0.5127041339874268"
        },
        {
            "gameTime": "1 - 41:45",
            "label": "Direct free-kick",
            "position": "2505000",
            "half": "1",
            "confidence": "0.5397868156433105"
        },
        {
            "gameTime": "1 - 13:30",
            "label": "Corner",
            "position": "810000",
            "half": "1",
            "confidence": "0.969570517539978"
        },
        {
            "gameTime": "1 - 7:7",
            "label": "Corner",
            "position": "427500",
            "half": "1",
            "confidence": "0.9564703106880188"
        },
        {
            "gameTime": "1 - 7:19",
            "label": "Corner",
            "position": "439500",
            "half": "1",
            "confidence": "0.7820309400558472"
        },
        {
            "gameTime": "1 - 13:40",
            "label": "Corner",
            "position": "820000",
            "half": "1",
            "confidence": "0.7246309518814087"
        },
        {
            "gameTime": "1 - 13:11",
            "label": "Corner",
            "position": "791000",
            "half": "1",
            "confidence": "0.7218689322471619"
        },
        {
            "gameTime": "1 - 28:51",
            "label": "Corner",
            "position": "1731500",
            "half": "1",
            "confidence": "0.5872693657875061"
        },
        {
            "gameTime": "2 - 0:7",
            "label": "Kick-off",
            "position": "7500",
            "half": "2",
            "confidence": "0.9201478362083435"
        },
        {
            "gameTime": "2 - 21:29",
            "label": "Substitution",
            "position": "1289500",
            "half": "2",
            "confidence": "0.9713711738586426"
        },
        {
            "gameTime": "2 - 36:59",
            "label": "Substitution",
            "position": "2219000",
            "half": "2",
            "confidence": "0.9700682759284973"
        },
        {
            "gameTime": "2 - 29:3",
            "label": "Substitution",
            "position": "1743500",
            "half": "2",
            "confidence": "0.8289174437522888"
        },
        {
            "gameTime": "2 - 21:39",
            "label": "Substitution",
            "position": "1299500",
            "half": "2",
            "confidence": "0.7583889961242676"
        },
        {
            "gameTime": "2 - 37:9",
            "label": "Substitution",
            "position": "2229000",
            "half": "2",
            "confidence": "0.5213842988014221"
        },
        {
            "gameTime": "2 - 36:48",
            "label": "Substitution",
            "position": "2208500",
            "half": "2",
            "confidence": "0.5016764998435974"
        },
        {
            "gameTime": "2 - 18:2",
            "label": "Offside",
            "position": "1082500",
            "half": "2",
            "confidence": "0.9243617653846741"
        },
        {
            "gameTime": "2 - 16:45",
            "label": "Offside",
            "position": "1005000",
            "half": "2",
            "confidence": "0.8693116307258606"
        },
        {
            "gameTime": "2 - 18:12",
            "label": "Offside",
            "position": "1092500",
            "half": "2",
            "confidence": "0.7590701580047607"
        },
        {
            "gameTime": "2 - 16:33",
            "label": "Offside",
            "position": "993500",
            "half": "2",
            "confidence": "0.7209993004798889"
        },
        {
            "gameTime": "2 - 23:54",
            "label": "Shots off target",
            "position": "1434000",
            "half": "2",
            "confidence": "0.5811452865600586"
        },
        {
            "gameTime": "2 - 24:4",
            "label": "Shots off target",
            "position": "1444000",
            "half": "2",
            "confidence": "0.542140007019043"
        },
        {
            "gameTime": "2 - 32:27",
            "label": "Shots off target",
            "position": "1947500",
            "half": "2",
            "confidence": "0.5267868041992188"
        },
        {
            "gameTime": "2 - 38:48",
            "label": "Clearance",
            "position": "2328000",
            "half": "2",
            "confidence": "0.7098545432090759"
        },
        {
            "gameTime": "2 - 24:10",
            "label": "Clearance",
            "position": "1450000",
            "half": "2",
            "confidence": "0.5531244277954102"
        },
        {
            "gameTime": "2 - 4:35",
            "label": "Ball out of play",
            "position": "275000",
            "half": "2",
            "confidence": "0.8995614051818848"
        },
        {
            "gameTime": "2 - 6:30",
            "label": "Ball out of play",
            "position": "390000",
            "half": "2",
            "confidence": "0.8275470733642578"
        },
        {
            "gameTime": "2 - 37:35",
            "label": "Ball out of play",
            "position": "2255000",
            "half": "2",
            "confidence": "0.8212499022483826"
        },
        {
            "gameTime": "2 - 21:52",
            "label": "Ball out of play",
            "position": "1312000",
            "half": "2",
            "confidence": "0.820862889289856"
        },
        {
            "gameTime": "2 - 38:22",
            "label": "Ball out of play",
            "position": "2302500",
            "half": "2",
            "confidence": "0.8187849521636963"
        },
        {
            "gameTime": "2 - 4:23",
            "label": "Ball out of play",
            "position": "263000",
            "half": "2",
            "confidence": "0.8174977898597717"
        },
        {
            "gameTime": "2 - 2:52",
            "label": "Ball out of play",
            "position": "172000",
            "half": "2",
            "confidence": "0.7888734936714172"
        },
        {
            "gameTime": "2 - 20:52",
            "label": "Ball out of play",
            "position": "1252000",
            "half": "2",
            "confidence": "0.7312412261962891"
        },
        {
            "gameTime": "2 - 20:17",
            "label": "Ball out of play",
            "position": "1217000",
            "half": "2",
            "confidence": "0.7277749180793762"
        },
        {
            "gameTime": "2 - 1:44",
            "label": "Ball out of play",
            "position": "104000",
            "half": "2",
            "confidence": "0.7161859273910522"
        },
        {
            "gameTime": "2 - 4:45",
            "label": "Ball out of play",
            "position": "285000",
            "half": "2",
            "confidence": "0.707740068435669"
        },
        {
            "gameTime": "2 - 41:11",
            "label": "Ball out of play",
            "position": "2471500",
            "half": "2",
            "confidence": "0.7008590698242188"
        },
        {
            "gameTime": "2 - 33:39",
            "label": "Ball out of play",
            "position": "2019500",
            "half": "2",
            "confidence": "0.6913702487945557"
        },
        {
            "gameTime": "2 - 6:18",
            "label": "Ball out of play",
            "position": "378500",
            "half": "2",
            "confidence": "0.6725513339042664"
        },
        {
            "gameTime": "2 - 38:35",
            "label": "Ball out of play",
            "position": "2315500",
            "half": "2",
            "confidence": "0.6723471283912659"
        },
        {
            "gameTime": "2 - 19:50",
            "label": "Ball out of play",
            "position": "1190000",
            "half": "2",
            "confidence": "0.668960690498352"
        },
        {
            "gameTime": "2 - 22:38",
            "label": "Ball out of play",
            "position": "1358000",
            "half": "2",
            "confidence": "0.667766273021698"
        },
        {
            "gameTime": "2 - 9:34",
            "label": "Ball out of play",
            "position": "574500",
            "half": "2",
            "confidence": "0.646247386932373"
        },
        {
            "gameTime": "2 - 12:21",
            "label": "Ball out of play",
            "position": "741500",
            "half": "2",
            "confidence": "0.6304726004600525"
        },
        {
            "gameTime": "2 - 11:45",
            "label": "Ball out of play",
            "position": "705500",
            "half": "2",
            "confidence": "0.6293293833732605"
        },
        {
            "gameTime": "2 - 36:47",
            "label": "Ball out of play",
            "position": "2207000",
            "half": "2",
            "confidence": "0.6178892850875854"
        },
        {
            "gameTime": "2 - 32:30",
            "label": "Ball out of play",
            "position": "1950000",
            "half": "2",
            "confidence": "0.6038235425949097"
        },
        {
            "gameTime": "2 - 22:24",
            "label": "Ball out of play",
            "position": "1344500",
            "half": "2",
            "confidence": "0.6029307246208191"
        },
        {
            "gameTime": "2 - 19:37",
            "label": "Ball out of play",
            "position": "1177500",
            "half": "2",
            "confidence": "0.5994216203689575"
        },
        {
            "gameTime": "2 - 30:32",
            "label": "Ball out of play",
            "position": "1832000",
            "half": "2",
            "confidence": "0.5916469097137451"
        },
        {
            "gameTime": "2 - 19:15",
            "label": "Ball out of play",
            "position": "1155000",
            "half": "2",
            "confidence": "0.5863881707191467"
        },
        {
            "gameTime": "2 - 20:6",
            "label": "Ball out of play",
            "position": "1206500",
            "half": "2",
            "confidence": "0.5843263864517212"
        },
        {
            "gameTime": "2 - 40:32",
            "label": "Ball out of play",
            "position": "2432500",
            "half": "2",
            "confidence": "0.5807849168777466"
        },
        {
            "gameTime": "2 - 42:39",
            "label": "Ball out of play",
            "position": "2559500",
            "half": "2",
            "confidence": "0.5783432722091675"
        },
        {
            "gameTime": "2 - 6:40",
            "label": "Ball out of play",
            "position": "400000",
            "half": "2",
            "confidence": "0.5651994943618774"
        },
        {
            "gameTime": "2 - 36:35",
            "label": "Ball out of play",
            "position": "2195000",
            "half": "2",
            "confidence": "0.5461554527282715"
        },
        {
            "gameTime": "2 - 33:25",
            "label": "Ball out of play",
            "position": "2005500",
            "half": "2",
            "confidence": "0.5424129366874695"
        },
        {
            "gameTime": "2 - 40:12",
            "label": "Ball out of play",
            "position": "2412000",
            "half": "2",
            "confidence": "0.5388695001602173"
        },
        {
            "gameTime": "2 - 32:15",
            "label": "Ball out of play",
            "position": "1935000",
            "half": "2",
            "confidence": "0.5364481806755066"
        },
        {
            "gameTime": "2 - 19:1",
            "label": "Ball out of play",
            "position": "1141000",
            "half": "2",
            "confidence": "0.5288379192352295"
        },
        {
            "gameTime": "2 - 37:45",
            "label": "Ball out of play",
            "position": "2265000",
            "half": "2",
            "confidence": "0.5223580002784729"
        },
        {
            "gameTime": "2 - 4:10",
            "label": "Ball out of play",
            "position": "250000",
            "half": "2",
            "confidence": "0.5215021967887878"
        },
        {
            "gameTime": "2 - 4:33",
            "label": "Throw-in",
            "position": "273500",
            "half": "2",
            "confidence": "0.9615522623062134"
        },
        {
            "gameTime": "2 - 4:20",
            "label": "Throw-in",
            "position": "260000",
            "half": "2",
            "confidence": "0.8659957647323608"
        },
        {
            "gameTime": "2 - 21:49",
            "label": "Throw-in",
            "position": "1309000",
            "half": "2",
            "confidence": "0.7590855360031128"
        },
        {
            "gameTime": "2 - 9:34",
            "label": "Throw-in",
            "position": "574000",
            "half": "2",
            "confidence": "0.7242718935012817"
        },
        {
            "gameTime": "2 - 4:45",
            "label": "Throw-in",
            "position": "285000",
            "half": "2",
            "confidence": "0.6936390995979309"
        },
        {
            "gameTime": "2 - 6:43",
            "label": "Throw-in",
            "position": "403000",
            "half": "2",
            "confidence": "0.6477963924407959"
        },
        {
            "gameTime": "2 - 27:21",
            "label": "Throw-in",
            "position": "1641000",
            "half": "2",
            "confidence": "0.6443802714347839"
        },
        {
            "gameTime": "2 - 12:25",
            "label": "Throw-in",
            "position": "745500",
            "half": "2",
            "confidence": "0.6313463449478149"
        },
        {
            "gameTime": "2 - 40:26",
            "label": "Throw-in",
            "position": "2426500",
            "half": "2",
            "confidence": "0.5652010440826416"
        },
        {
            "gameTime": "2 - 24:33",
            "label": "Throw-in",
            "position": "1473500",
            "half": "2",
            "confidence": "0.5417149662971497"
        },
        {
            "gameTime": "2 - 36:34",
            "label": "Throw-in",
            "position": "2194000",
            "half": "2",
            "confidence": "0.5321486592292786"
        },
        {
            "gameTime": "2 - 21:38",
            "label": "Throw-in",
            "position": "1298500",
            "half": "2",
            "confidence": "0.5063434839248657"
        },
        {
            "gameTime": "2 - 31:24",
            "label": "Foul",
            "position": "1884500",
            "half": "2",
            "confidence": "0.8484112620353699"
        },
        {
            "gameTime": "2 - 10:10",
            "label": "Foul",
            "position": "610000",
            "half": "2",
            "confidence": "0.8454440832138062"
        },
        {
            "gameTime": "2 - 35:28",
            "label": "Foul",
            "position": "2128000",
            "half": "2",
            "confidence": "0.5637637376785278"
        },
        {
            "gameTime": "2 - 31:43",
            "label": "Foul",
            "position": "1903500",
            "half": "2",
            "confidence": "0.5100153684616089"
        },
        {
            "gameTime": "2 - 18:3",
            "label": "Foul",
            "position": "1083500",
            "half": "2",
            "confidence": "0.5077918171882629"
        },
        {
            "gameTime": "2 - 31:43",
            "label": "Indirect free-kick",
            "position": "1903500",
            "half": "2",
            "confidence": "0.7220272421836853"
        },
        {
            "gameTime": "2 - 37:14",
            "label": "Indirect free-kick",
            "position": "2234000",
            "half": "2",
            "confidence": "0.6937991976737976"
        },
        {
            "gameTime": "2 - 35:29",
            "label": "Indirect free-kick",
            "position": "2129500",
            "half": "2",
            "confidence": "0.6851872205734253"
        },
        {
            "gameTime": "2 - 31:26",
            "label": "Indirect free-kick",
            "position": "1886500",
            "half": "2",
            "confidence": "0.6830605864524841"
        },
        {
            "gameTime": "2 - 14:29",
            "label": "Indirect free-kick",
            "position": "869000",
            "half": "2",
            "confidence": "0.6806327104568481"
        },
        {
            "gameTime": "2 - 13:25",
            "label": "Indirect free-kick",
            "position": "805000",
            "half": "2",
            "confidence": "0.6692176461219788"
        },
        {
            "gameTime": "2 - 3:35",
            "label": "Indirect free-kick",
            "position": "215000",
            "half": "2",
            "confidence": "0.6145079135894775"
        },
        {
            "gameTime": "2 - 15:21",
            "label": "Indirect free-kick",
            "position": "921500",
            "half": "2",
            "confidence": "0.5965021252632141"
        },
        {
            "gameTime": "2 - 17:0",
            "label": "Indirect free-kick",
            "position": "1020500",
            "half": "2",
            "confidence": "0.5824989676475525"
        },
        {
            "gameTime": "2 - 28:7",
            "label": "Indirect free-kick",
            "position": "1687000",
            "half": "2",
            "confidence": "0.5817325115203857"
        },
        {
            "gameTime": "2 - 15:56",
            "label": "Indirect free-kick",
            "position": "956500",
            "half": "2",
            "confidence": "0.5707632303237915"
        },
        {
            "gameTime": "2 - 22:44",
            "label": "Indirect free-kick",
            "position": "1364000",
            "half": "2",
            "confidence": "0.5642406344413757"
        },
        {
            "gameTime": "2 - 43:29",
            "label": "Indirect free-kick",
            "position": "2609000",
            "half": "2",
            "confidence": "0.557611882686615"
        },
        {
            "gameTime": "2 - 24:20",
            "label": "Indirect free-kick",
            "position": "1460000",
            "half": "2",
            "confidence": "0.5249366760253906"
        },
        {
            "gameTime": "2 - 28:17",
            "label": "Indirect free-kick",
            "position": "1697000",
            "half": "2",
            "confidence": "0.516546905040741"
        },
        {
            "gameTime": "2 - 10:15",
            "label": "Indirect free-kick",
            "position": "615000",
            "half": "2",
            "confidence": "0.5058226585388184"
        },
        {
            "gameTime": "2 - 10:25",
            "label": "Indirect free-kick",
            "position": "625000",
            "half": "2",
            "confidence": "0.5022426843643188"
        },
        {
            "gameTime": "2 - 14:39",
            "label": "Indirect free-kick",
            "position": "879000",
            "half": "2",
            "confidence": "0.5011777281761169"
        },
        {
            "gameTime": "2 - 40:0",
            "label": "Direct free-kick",
            "position": "2400500",
            "half": "2",
            "confidence": "0.919948160648346"
        },
        {
            "gameTime": "2 - 41:35",
            "label": "Direct free-kick",
            "position": "2495500",
            "half": "2",
            "confidence": "0.8144756555557251"
        },
        {
            "gameTime": "2 - 11:32",
            "label": "Direct free-kick",
            "position": "692500",
            "half": "2",
            "confidence": "0.8061214089393616"
        },
        {
            "gameTime": "2 - 41:46",
            "label": "Direct free-kick",
            "position": "2506000",
            "half": "2",
            "confidence": "0.7742289304733276"
        },
        {
            "gameTime": "2 - 40:14",
            "label": "Direct free-kick",
            "position": "2414500",
            "half": "2",
            "confidence": "0.7479754090309143"
        },
        {
            "gameTime": "2 - 3:24",
            "label": "Direct free-kick",
            "position": "204500",
            "half": "2",
            "confidence": "0.6743490099906921"
        },
        {
            "gameTime": "2 - 32:29",
            "label": "Direct free-kick",
            "position": "1949500",
            "half": "2",
            "confidence": "0.585634708404541"
        },
        {
            "gameTime": "2 - 22:12",
            "label": "Direct free-kick",
            "position": "1332500",
            "half": "2",
            "confidence": "0.5198559761047363"
        },
        {
            "gameTime": "2 - 20:36",
            "label": "Corner",
            "position": "1236500",
            "half": "2",
            "confidence": "0.9745149612426758"
        },
        {
            "gameTime": "2 - 3:17",
            "label": "Corner",
            "position": "197500",
            "half": "2",
            "confidence": "0.8256103992462158"
        },
        {
            "gameTime": "2 - 41:27",
            "label": "Corner",
            "position": "2487000",
            "half": "2",
            "confidence": "0.7155755758285522"
        },
        {
            "gameTime": "2 - 20:46",
            "label": "Corner",
            "position": "1246500",
            "half": "2",
            "confidence": "0.6599487662315369"
        },
        {
            "gameTime": "2 - 41:37",
            "label": "Corner",
            "position": "2497000",
            "half": "2",
            "confidence": "0.6513193845748901"
        },
        {
            "gameTime": "2 - 33:44",
            "label": "Corner",
            "position": "2024500",
            "half": "2",
            "confidence": "0.6298774480819702"
        },
        {
            "gameTime": "2 - 3:7",
            "label": "Corner",
            "position": "187000",
            "half": "2",
            "confidence": "0.5486883521080017"
        },
        {
            "gameTime": "2 - 12:53",
            "label": "Yellow card",
            "position": "773500",
            "half": "2",
            "confidence": "0.5791730284690857"
        }
    ]
}