{
    "UrlLocal": "germany_bundesliga/2015-2016/2015-08-29 - 19-30 Bayern Munich 3 - 0 Bayer Leverkusen",
    "predictions": [
        {
            "gameTime": "1 - 5:18",
            "label": "card",
            "position": "318500",
            "half": "1",
            "confidence": "0.7517767548561096"
        },
        {
            "gameTime": "1 - 18:6",
            "label": "card",
            "position": "1086000",
            "half": "1",
            "confidence": "0.5891534686088562"
        },
        {
            "gameTime": "1 - 18:58",
            "label": "card",
            "position": "1138000",
            "half": "1",
            "confidence": "0.5136869549751282"
        },
        {
            "gameTime": "1 - 25:56",
            "label": "soccer",
            "position": "1556500",
            "half": "1",
            "confidence": "0.8278334140777588"
        },
        {
            "gameTime": "2 - 36:49",
            "label": "subs",
            "position": "2209000",
            "half": "2",
            "confidence": "0.9404028654098511"
        },
        {
            "gameTime": "2 - 26:58",
            "label": "subs",
            "position": "1618000",
            "half": "2",
            "confidence": "0.8636365532875061"
        },
        {
            "gameTime": "2 - 32:26",
            "label": "subs",
            "position": "1946500",
            "half": "2",
            "confidence": "0.8312739133834839"
        },
        {
            "gameTime": "2 - 36:38",
            "label": "subs",
            "position": "2198500",
            "half": "2",
            "confidence": "0.8253700733184814"
        },
        {
            "gameTime": "2 - 27:9",
            "label": "subs",
            "position": "1629000",
            "half": "2",
            "confidence": "0.7747636437416077"
        },
        {
            "gameTime": "2 - 15:20",
            "label": "subs",
            "position": "920000",
            "half": "2",
            "confidence": "0.6460549831390381"
        },
        {
            "gameTime": "2 - 36:28",
            "label": "subs",
            "position": "2188000",
            "half": "2",
            "confidence": "0.6406886577606201"
        },
        {
            "gameTime": "2 - 26:46",
            "label": "subs",
            "position": "1606500",
            "half": "2",
            "confidence": "0.5751277804374695"
        },
        {
            "gameTime": "2 - 36:59",
            "label": "subs",
            "position": "2219000",
            "half": "2",
            "confidence": "0.5444821119308472"
        },
        {
            "gameTime": "2 - 25:14",
            "label": "soccer",
            "position": "1514000",
            "half": "2",
            "confidence": "0.5904316306114197"
        },
        {
            "gameTime": "2 - 28:23",
            "label": "soccer",
            "position": "1703500",
            "half": "2",
            "confidence": "0.5542849898338318"
        }
    ]
}