{
    "UrlLocal": "germany_bundesliga/2016-2017/2016-12-17 - 18-00 Leipzig 2 - 0 Hertha",
    "predictions": [
        {
            "gameTime": "1 - 0:0",
            "label": "Kick-off",
            "position": "0",
            "half": "1",
            "confidence": "0.8585699796676636"
        },
        {
            "gameTime": "1 - 45:16",
            "label": "Kick-off",
            "position": "2716000",
            "half": "1",
            "confidence": "0.5545476078987122"
        },
        {
            "gameTime": "1 - 8:35",
            "label": "Kick-off",
            "position": "515500",
            "half": "1",
            "confidence": "0.5431126952171326"
        },
        {
            "gameTime": "1 - 21:1",
            "label": "Kick-off",
            "position": "1261000",
            "half": "1",
            "confidence": "0.5259277820587158"
        },
        {
            "gameTime": "1 - 40:6",
            "label": "Goal",
            "position": "2406000",
            "half": "1",
            "confidence": "0.9234386086463928"
        },
        {
            "gameTime": "1 - 45:37",
            "label": "Substitution",
            "position": "2737500",
            "half": "1",
            "confidence": "0.882961630821228"
        },
        {
            "gameTime": "1 - 10:38",
            "label": "Substitution",
            "position": "638000",
            "half": "1",
            "confidence": "0.8333614468574524"
        },
        {
            "gameTime": "1 - 45:47",
            "label": "Substitution",
            "position": "2747500",
            "half": "1",
            "confidence": "0.7460024356842041"
        },
        {
            "gameTime": "1 - 45:22",
            "label": "Substitution",
            "position": "2722000",
            "half": "1",
            "confidence": "0.5746521949768066"
        },
        {
            "gameTime": "1 - 27:58",
            "label": "Shots on target",
            "position": "1678500",
            "half": "1",
            "confidence": "0.8820821046829224"
        },
        {
            "gameTime": "1 - 40:4",
            "label": "Shots on target",
            "position": "2404500",
            "half": "1",
            "confidence": "0.7837688326835632"
        },
        {
            "gameTime": "1 - 28:8",
            "label": "Shots on target",
            "position": "1688500",
            "half": "1",
            "confidence": "0.6890778541564941"
        },
        {
            "gameTime": "1 - 23:53",
            "label": "Shots on target",
            "position": "1433000",
            "half": "1",
            "confidence": "0.6834477782249451"
        },
        {
            "gameTime": "1 - 24:4",
            "label": "Shots on target",
            "position": "1444000",
            "half": "1",
            "confidence": "0.609801709651947"
        },
        {
            "gameTime": "1 - 39:52",
            "label": "Shots on target",
            "position": "2392000",
            "half": "1",
            "confidence": "0.5403556227684021"
        },
        {
            "gameTime": "1 - 43:28",
            "label": "Shots on target",
            "position": "2608000",
            "half": "1",
            "confidence": "0.5068106055259705"
        },
        {
            "gameTime": "1 - 25:24",
            "label": "Shots off target",
            "position": "1524500",
            "half": "1",
            "confidence": "0.7112168669700623"
        },
        {
            "gameTime": "1 - 43:33",
            "label": "Shots off target",
            "position": "2613500",
            "half": "1",
            "confidence": "0.6656840443611145"
        },
        {
            "gameTime": "1 - 21:9",
            "label": "Clearance",
            "position": "1269500",
            "half": "1",
            "confidence": "0.9952011108398438"
        },
        {
            "gameTime": "1 - 21:20",
            "label": "Clearance",
            "position": "1280500",
            "half": "1",
            "confidence": "0.9723871350288391"
        },
        {
            "gameTime": "1 - 18:41",
            "label": "Clearance",
            "position": "1121500",
            "half": "1",
            "confidence": "0.9668816328048706"
        },
        {
            "gameTime": "1 - 6:14",
            "label": "Clearance",
            "position": "374500",
            "half": "1",
            "confidence": "0.9652000665664673"
        },
        {
            "gameTime": "1 - 13:26",
            "label": "Clearance",
            "position": "806000",
            "half": "1",
            "confidence": "0.8973761200904846"
        },
        {
            "gameTime": "1 - 18:51",
            "label": "Clearance",
            "position": "1131500",
            "half": "1",
            "confidence": "0.8888435959815979"
        },
        {
            "gameTime": "1 - 28:20",
            "label": "Clearance",
            "position": "1700000",
            "half": "1",
            "confidence": "0.8801724910736084"
        },
        {
            "gameTime": "1 - 22:16",
            "label": "Clearance",
            "position": "1336500",
            "half": "1",
            "confidence": "0.8045995831489563"
        },
        {
            "gameTime": "1 - 25:53",
            "label": "Clearance",
            "position": "1553000",
            "half": "1",
            "confidence": "0.7355462908744812"
        },
        {
            "gameTime": "1 - 42:27",
            "label": "Clearance",
            "position": "2547000",
            "half": "1",
            "confidence": "0.7212101221084595"
        },
        {
            "gameTime": "1 - 8:26",
            "label": "Clearance",
            "position": "506000",
            "half": "1",
            "confidence": "0.6766519546508789"
        },
        {
            "gameTime": "1 - 6:24",
            "label": "Clearance",
            "position": "384500",
            "half": "1",
            "confidence": "0.6364643573760986"
        },
        {
            "gameTime": "1 - 22:27",
            "label": "Clearance",
            "position": "1347000",
            "half": "1",
            "confidence": "0.635646641254425"
        },
        {
            "gameTime": "1 - 13:36",
            "label": "Clearance",
            "position": "816000",
            "half": "1",
            "confidence": "0.6304502487182617"
        },
        {
            "gameTime": "1 - 27:17",
            "label": "Clearance",
            "position": "1637500",
            "half": "1",
            "confidence": "0.5522488951683044"
        },
        {
            "gameTime": "1 - 3:9",
            "label": "Ball out of play",
            "position": "189000",
            "half": "1",
            "confidence": "0.8474692106246948"
        },
        {
            "gameTime": "1 - 43:33",
            "label": "Ball out of play",
            "position": "2613500",
            "half": "1",
            "confidence": "0.8399285078048706"
        },
        {
            "gameTime": "1 - 37:46",
            "label": "Ball out of play",
            "position": "2266000",
            "half": "1",
            "confidence": "0.8103814125061035"
        },
        {
            "gameTime": "1 - 7:2",
            "label": "Ball out of play",
            "position": "422000",
            "half": "1",
            "confidence": "0.8073405027389526"
        },
        {
            "gameTime": "1 - 1:58",
            "label": "Ball out of play",
            "position": "118500",
            "half": "1",
            "confidence": "0.7724325060844421"
        },
        {
            "gameTime": "1 - 25:21",
            "label": "Ball out of play",
            "position": "1521500",
            "half": "1",
            "confidence": "0.7550422549247742"
        },
        {
            "gameTime": "1 - 17:56",
            "label": "Ball out of play",
            "position": "1076000",
            "half": "1",
            "confidence": "0.7362051010131836"
        },
        {
            "gameTime": "1 - 18:16",
            "label": "Ball out of play",
            "position": "1096000",
            "half": "1",
            "confidence": "0.7318378686904907"
        },
        {
            "gameTime": "1 - 25:31",
            "label": "Ball out of play",
            "position": "1531500",
            "half": "1",
            "confidence": "0.6822168231010437"
        },
        {
            "gameTime": "1 - 34:31",
            "label": "Ball out of play",
            "position": "2071500",
            "half": "1",
            "confidence": "0.6788960695266724"
        },
        {
            "gameTime": "1 - 2:58",
            "label": "Ball out of play",
            "position": "178500",
            "half": "1",
            "confidence": "0.6693519353866577"
        },
        {
            "gameTime": "1 - 28:58",
            "label": "Ball out of play",
            "position": "1738000",
            "half": "1",
            "confidence": "0.6633056998252869"
        },
        {
            "gameTime": "1 - 34:41",
            "label": "Ball out of play",
            "position": "2081500",
            "half": "1",
            "confidence": "0.6437066197395325"
        },
        {
            "gameTime": "1 - 2:10",
            "label": "Ball out of play",
            "position": "130000",
            "half": "1",
            "confidence": "0.6418744921684265"
        },
        {
            "gameTime": "1 - 21:58",
            "label": "Ball out of play",
            "position": "1318000",
            "half": "1",
            "confidence": "0.6398138999938965"
        },
        {
            "gameTime": "1 - 27:53",
            "label": "Ball out of play",
            "position": "1673500",
            "half": "1",
            "confidence": "0.6351686716079712"
        },
        {
            "gameTime": "1 - 18:26",
            "label": "Ball out of play",
            "position": "1106000",
            "half": "1",
            "confidence": "0.6309604644775391"
        },
        {
            "gameTime": "1 - 41:23",
            "label": "Ball out of play",
            "position": "2483500",
            "half": "1",
            "confidence": "0.6191353797912598"
        },
        {
            "gameTime": "1 - 14:44",
            "label": "Ball out of play",
            "position": "884500",
            "half": "1",
            "confidence": "0.618583083152771"
        },
        {
            "gameTime": "1 - 29:51",
            "label": "Ball out of play",
            "position": "1791500",
            "half": "1",
            "confidence": "0.6131368279457092"
        },
        {
            "gameTime": "1 - 10:12",
            "label": "Ball out of play",
            "position": "612000",
            "half": "1",
            "confidence": "0.6121295094490051"
        },
        {
            "gameTime": "1 - 17:44",
            "label": "Ball out of play",
            "position": "1064000",
            "half": "1",
            "confidence": "0.5935999751091003"
        },
        {
            "gameTime": "1 - 17:31",
            "label": "Ball out of play",
            "position": "1051500",
            "half": "1",
            "confidence": "0.5712875127792358"
        },
        {
            "gameTime": "1 - 23:16",
            "label": "Ball out of play",
            "position": "1396500",
            "half": "1",
            "confidence": "0.5675129890441895"
        },
        {
            "gameTime": "1 - 29:11",
            "label": "Ball out of play",
            "position": "1751500",
            "half": "1",
            "confidence": "0.5491662621498108"
        },
        {
            "gameTime": "1 - 10:51",
            "label": "Ball out of play",
            "position": "651500",
            "half": "1",
            "confidence": "0.5409870743751526"
        },
        {
            "gameTime": "1 - 7:26",
            "label": "Ball out of play",
            "position": "446500",
            "half": "1",
            "confidence": "0.5047218203544617"
        },
        {
            "gameTime": "1 - 39:56",
            "label": "Ball out of play",
            "position": "2396000",
            "half": "1",
            "confidence": "0.5020419359207153"
        },
        {
            "gameTime": "1 - 2:58",
            "label": "Throw-in",
            "position": "178000",
            "half": "1",
            "confidence": "0.9744125008583069"
        },
        {
            "gameTime": "1 - 34:38",
            "label": "Throw-in",
            "position": "2078500",
            "half": "1",
            "confidence": "0.9683716893196106"
        },
        {
            "gameTime": "1 - 34:28",
            "label": "Throw-in",
            "position": "2068000",
            "half": "1",
            "confidence": "0.9491395354270935"
        },
        {
            "gameTime": "1 - 10:51",
            "label": "Throw-in",
            "position": "651500",
            "half": "1",
            "confidence": "0.9443241357803345"
        },
        {
            "gameTime": "1 - 2:4",
            "label": "Throw-in",
            "position": "124500",
            "half": "1",
            "confidence": "0.9350489974021912"
        },
        {
            "gameTime": "1 - 2:44",
            "label": "Throw-in",
            "position": "164500",
            "half": "1",
            "confidence": "0.9131836295127869"
        },
        {
            "gameTime": "1 - 14:42",
            "label": "Throw-in",
            "position": "882500",
            "half": "1",
            "confidence": "0.9084861874580383"
        },
        {
            "gameTime": "1 - 3:9",
            "label": "Throw-in",
            "position": "189000",
            "half": "1",
            "confidence": "0.9048035144805908"
        },
        {
            "gameTime": "1 - 41:23",
            "label": "Throw-in",
            "position": "2483000",
            "half": "1",
            "confidence": "0.8905723094940186"
        },
        {
            "gameTime": "1 - 14:29",
            "label": "Throw-in",
            "position": "869500",
            "half": "1",
            "confidence": "0.8867859840393066"
        },
        {
            "gameTime": "1 - 17:58",
            "label": "Throw-in",
            "position": "1078500",
            "half": "1",
            "confidence": "0.863318145275116"
        },
        {
            "gameTime": "1 - 30:15",
            "label": "Throw-in",
            "position": "1815500",
            "half": "1",
            "confidence": "0.8608625531196594"
        },
        {
            "gameTime": "1 - 11:1",
            "label": "Throw-in",
            "position": "661500",
            "half": "1",
            "confidence": "0.8561516404151917"
        },
        {
            "gameTime": "1 - 31:20",
            "label": "Throw-in",
            "position": "1880000",
            "half": "1",
            "confidence": "0.8269707560539246"
        },
        {
            "gameTime": "1 - 2:14",
            "label": "Throw-in",
            "position": "134500",
            "half": "1",
            "confidence": "0.8206208348274231"
        },
        {
            "gameTime": "1 - 29:0",
            "label": "Throw-in",
            "position": "1740000",
            "half": "1",
            "confidence": "0.8044664859771729"
        },
        {
            "gameTime": "1 - 10:41",
            "label": "Throw-in",
            "position": "641000",
            "half": "1",
            "confidence": "0.7341828942298889"
        },
        {
            "gameTime": "1 - 23:16",
            "label": "Throw-in",
            "position": "1396500",
            "half": "1",
            "confidence": "0.7293781042098999"
        },
        {
            "gameTime": "1 - 31:30",
            "label": "Throw-in",
            "position": "1890500",
            "half": "1",
            "confidence": "0.7056182026863098"
        },
        {
            "gameTime": "1 - 29:13",
            "label": "Throw-in",
            "position": "1753000",
            "half": "1",
            "confidence": "0.6936314105987549"
        },
        {
            "gameTime": "1 - 11:17",
            "label": "Throw-in",
            "position": "677500",
            "half": "1",
            "confidence": "0.6589596271514893"
        },
        {
            "gameTime": "1 - 29:57",
            "label": "Throw-in",
            "position": "1797500",
            "half": "1",
            "confidence": "0.631580114364624"
        },
        {
            "gameTime": "1 - 23:33",
            "label": "Throw-in",
            "position": "1413000",
            "half": "1",
            "confidence": "0.5572310090065002"
        },
        {
            "gameTime": "1 - 13:42",
            "label": "Foul",
            "position": "822000",
            "half": "1",
            "confidence": "0.8765985369682312"
        },
        {
            "gameTime": "1 - 5:4",
            "label": "Foul",
            "position": "304000",
            "half": "1",
            "confidence": "0.8463492393493652"
        },
        {
            "gameTime": "1 - 38:8",
            "label": "Foul",
            "position": "2288500",
            "half": "1",
            "confidence": "0.839647650718689"
        },
        {
            "gameTime": "1 - 27:49",
            "label": "Foul",
            "position": "1669000",
            "half": "1",
            "confidence": "0.8271678686141968"
        },
        {
            "gameTime": "1 - 21:27",
            "label": "Foul",
            "position": "1287000",
            "half": "1",
            "confidence": "0.7976886034011841"
        },
        {
            "gameTime": "1 - 34:21",
            "label": "Foul",
            "position": "2061500",
            "half": "1",
            "confidence": "0.7539072632789612"
        },
        {
            "gameTime": "1 - 21:39",
            "label": "Foul",
            "position": "1299000",
            "half": "1",
            "confidence": "0.7439699172973633"
        },
        {
            "gameTime": "1 - 33:19",
            "label": "Foul",
            "position": "1999500",
            "half": "1",
            "confidence": "0.6652177572250366"
        },
        {
            "gameTime": "1 - 1:27",
            "label": "Foul",
            "position": "87000",
            "half": "1",
            "confidence": "0.6149287223815918"
        },
        {
            "gameTime": "1 - 33:8",
            "label": "Foul",
            "position": "1988000",
            "half": "1",
            "confidence": "0.596884548664093"
        },
        {
            "gameTime": "1 - 37:57",
            "label": "Foul",
            "position": "2277000",
            "half": "1",
            "confidence": "0.578079879283905"
        },
        {
            "gameTime": "1 - 35:7",
            "label": "Foul",
            "position": "2107000",
            "half": "1",
            "confidence": "0.5655195713043213"
        },
        {
            "gameTime": "1 - 42:35",
            "label": "Foul",
            "position": "2555000",
            "half": "1",
            "confidence": "0.5592823028564453"
        },
        {
            "gameTime": "1 - 30:24",
            "label": "Foul",
            "position": "1824500",
            "half": "1",
            "confidence": "0.5459733009338379"
        },
        {
            "gameTime": "1 - 35:43",
            "label": "Foul",
            "position": "2143500",
            "half": "1",
            "confidence": "0.5447043180465698"
        },
        {
            "gameTime": "1 - 18:53",
            "label": "Foul",
            "position": "1133500",
            "half": "1",
            "confidence": "0.5395022034645081"
        },
        {
            "gameTime": "1 - 28:52",
            "label": "Foul",
            "position": "1732500",
            "half": "1",
            "confidence": "0.5200766324996948"
        },
        {
            "gameTime": "1 - 10:57",
            "label": "Foul",
            "position": "657000",
            "half": "1",
            "confidence": "0.5030686259269714"
        },
        {
            "gameTime": "1 - 27:6",
            "label": "Indirect free-kick",
            "position": "1626500",
            "half": "1",
            "confidence": "0.6631871461868286"
        },
        {
            "gameTime": "1 - 38:30",
            "label": "Indirect free-kick",
            "position": "2310500",
            "half": "1",
            "confidence": "0.6037241220474243"
        },
        {
            "gameTime": "1 - 16:42",
            "label": "Direct free-kick",
            "position": "1002500",
            "half": "1",
            "confidence": "0.7271173000335693"
        },
        {
            "gameTime": "1 - 20:48",
            "label": "Direct free-kick",
            "position": "1248500",
            "half": "1",
            "confidence": "0.638946533203125"
        },
        {
            "gameTime": "1 - 43:52",
            "label": "Corner",
            "position": "2632000",
            "half": "1",
            "confidence": "0.9792719483375549"
        },
        {
            "gameTime": "1 - 7:23",
            "label": "Corner",
            "position": "443000",
            "half": "1",
            "confidence": "0.9478467702865601"
        },
        {
            "gameTime": "1 - 7:33",
            "label": "Corner",
            "position": "453000",
            "half": "1",
            "confidence": "0.856583833694458"
        },
        {
            "gameTime": "1 - 43:41",
            "label": "Corner",
            "position": "2621500",
            "half": "1",
            "confidence": "0.7829195261001587"
        },
        {
            "gameTime": "1 - 40:0",
            "label": "Corner",
            "position": "2400500",
            "half": "1",
            "confidence": "0.7716903686523438"
        },
        {
            "gameTime": "2 - 0:0",
            "label": "Kick-off",
            "position": "0",
            "half": "2",
            "confidence": "0.9518123865127563"
        },
        {
            "gameTime": "2 - 27:17",
            "label": "Kick-off",
            "position": "1637500",
            "half": "2",
            "confidence": "0.8026754856109619"
        },
        {
            "gameTime": "2 - 17:14",
            "label": "Kick-off",
            "position": "1034000",
            "half": "2",
            "confidence": "0.7670270800590515"
        },
        {
            "gameTime": "2 - 38:36",
            "label": "Kick-off",
            "position": "2316000",
            "half": "2",
            "confidence": "0.6057380437850952"
        },
        {
            "gameTime": "2 - 16:14",
            "label": "Goal",
            "position": "974000",
            "half": "2",
            "confidence": "0.9607329368591309"
        },
        {
            "gameTime": "2 - 38:27",
            "label": "Goal",
            "position": "2307000",
            "half": "2",
            "confidence": "0.8386432528495789"
        },
        {
            "gameTime": "2 - 4:29",
            "label": "Goal",
            "position": "269500",
            "half": "2",
            "confidence": "0.5172710418701172"
        },
        {
            "gameTime": "2 - 38:35",
            "label": "Substitution",
            "position": "2315500",
            "half": "2",
            "confidence": "0.8004390597343445"
        },
        {
            "gameTime": "2 - 33:53",
            "label": "Substitution",
            "position": "2033000",
            "half": "2",
            "confidence": "0.6829066276550293"
        },
        {
            "gameTime": "2 - 21:14",
            "label": "Substitution",
            "position": "1274000",
            "half": "2",
            "confidence": "0.6418673992156982"
        },
        {
            "gameTime": "2 - 48:8",
            "label": "Substitution",
            "position": "2888500",
            "half": "2",
            "confidence": "0.6393094658851624"
        },
        {
            "gameTime": "2 - 38:27",
            "label": "Shots on target",
            "position": "2307500",
            "half": "2",
            "confidence": "0.6408517956733704"
        },
        {
            "gameTime": "2 - 7:45",
            "label": "Shots off target",
            "position": "465500",
            "half": "2",
            "confidence": "0.6065497398376465"
        },
        {
            "gameTime": "2 - 35:40",
            "label": "Shots off target",
            "position": "2140500",
            "half": "2",
            "confidence": "0.5837264657020569"
        },
        {
            "gameTime": "2 - 35:55",
            "label": "Clearance",
            "position": "2155500",
            "half": "2",
            "confidence": "0.9469776153564453"
        },
        {
            "gameTime": "2 - 4:9",
            "label": "Clearance",
            "position": "249500",
            "half": "2",
            "confidence": "0.6553395986557007"
        },
        {
            "gameTime": "2 - 36:5",
            "label": "Clearance",
            "position": "2165500",
            "half": "2",
            "confidence": "0.568616509437561"
        },
        {
            "gameTime": "2 - 19:25",
            "label": "Ball out of play",
            "position": "1165000",
            "half": "2",
            "confidence": "0.9802389144897461"
        },
        {
            "gameTime": "2 - 15:32",
            "label": "Ball out of play",
            "position": "932000",
            "half": "2",
            "confidence": "0.9518111944198608"
        },
        {
            "gameTime": "2 - 19:14",
            "label": "Ball out of play",
            "position": "1154000",
            "half": "2",
            "confidence": "0.9478861689567566"
        },
        {
            "gameTime": "2 - 46:49",
            "label": "Ball out of play",
            "position": "2809500",
            "half": "2",
            "confidence": "0.937237024307251"
        },
        {
            "gameTime": "2 - 47:1",
            "label": "Ball out of play",
            "position": "2821000",
            "half": "2",
            "confidence": "0.912394106388092"
        },
        {
            "gameTime": "2 - 19:39",
            "label": "Ball out of play",
            "position": "1179000",
            "half": "2",
            "confidence": "0.9103973507881165"
        },
        {
            "gameTime": "2 - 3:53",
            "label": "Ball out of play",
            "position": "233000",
            "half": "2",
            "confidence": "0.9087904095649719"
        },
        {
            "gameTime": "2 - 12:54",
            "label": "Ball out of play",
            "position": "774000",
            "half": "2",
            "confidence": "0.8854396343231201"
        },
        {
            "gameTime": "2 - 7:48",
            "label": "Ball out of play",
            "position": "468000",
            "half": "2",
            "confidence": "0.8783964514732361"
        },
        {
            "gameTime": "2 - 22:2",
            "label": "Ball out of play",
            "position": "1322000",
            "half": "2",
            "confidence": "0.8748270273208618"
        },
        {
            "gameTime": "2 - 21:34",
            "label": "Ball out of play",
            "position": "1294000",
            "half": "2",
            "confidence": "0.8689075112342834"
        },
        {
            "gameTime": "2 - 41:47",
            "label": "Ball out of play",
            "position": "2507000",
            "half": "2",
            "confidence": "0.8624075651168823"
        },
        {
            "gameTime": "2 - 28:41",
            "label": "Ball out of play",
            "position": "1721000",
            "half": "2",
            "confidence": "0.8602798581123352"
        },
        {
            "gameTime": "2 - 46:39",
            "label": "Ball out of play",
            "position": "2799000",
            "half": "2",
            "confidence": "0.8576647639274597"
        },
        {
            "gameTime": "2 - 11:33",
            "label": "Ball out of play",
            "position": "693500",
            "half": "2",
            "confidence": "0.8506584763526917"
        },
        {
            "gameTime": "2 - 43:47",
            "label": "Ball out of play",
            "position": "2627500",
            "half": "2",
            "confidence": "0.8433765769004822"
        },
        {
            "gameTime": "2 - 23:6",
            "label": "Ball out of play",
            "position": "1386500",
            "half": "2",
            "confidence": "0.8422716856002808"
        },
        {
            "gameTime": "2 - 41:57",
            "label": "Ball out of play",
            "position": "2517000",
            "half": "2",
            "confidence": "0.8417984247207642"
        },
        {
            "gameTime": "2 - 29:40",
            "label": "Ball out of play",
            "position": "1780500",
            "half": "2",
            "confidence": "0.8388043642044067"
        },
        {
            "gameTime": "2 - 29:54",
            "label": "Ball out of play",
            "position": "1794000",
            "half": "2",
            "confidence": "0.8208929300308228"
        },
        {
            "gameTime": "2 - 15:42",
            "label": "Ball out of play",
            "position": "942000",
            "half": "2",
            "confidence": "0.8147720694541931"
        },
        {
            "gameTime": "2 - 34:31",
            "label": "Ball out of play",
            "position": "2071500",
            "half": "2",
            "confidence": "0.7871401906013489"
        },
        {
            "gameTime": "2 - 35:16",
            "label": "Ball out of play",
            "position": "2116000",
            "half": "2",
            "confidence": "0.7737302780151367"
        },
        {
            "gameTime": "2 - 23:24",
            "label": "Ball out of play",
            "position": "1404500",
            "half": "2",
            "confidence": "0.7730268836021423"
        },
        {
            "gameTime": "2 - 24:26",
            "label": "Ball out of play",
            "position": "1466000",
            "half": "2",
            "confidence": "0.7604264616966248"
        },
        {
            "gameTime": "2 - 29:26",
            "label": "Ball out of play",
            "position": "1766000",
            "half": "2",
            "confidence": "0.7592783570289612"
        },
        {
            "gameTime": "2 - 31:24",
            "label": "Ball out of play",
            "position": "1884500",
            "half": "2",
            "confidence": "0.7418113350868225"
        },
        {
            "gameTime": "2 - 6:43",
            "label": "Ball out of play",
            "position": "403000",
            "half": "2",
            "confidence": "0.7246122360229492"
        },
        {
            "gameTime": "2 - 8:51",
            "label": "Ball out of play",
            "position": "531000",
            "half": "2",
            "confidence": "0.7217180132865906"
        },
        {
            "gameTime": "2 - 6:30",
            "label": "Ball out of play",
            "position": "390500",
            "half": "2",
            "confidence": "0.7196574807167053"
        },
        {
            "gameTime": "2 - 32:0",
            "label": "Ball out of play",
            "position": "1920500",
            "half": "2",
            "confidence": "0.7160221338272095"
        },
        {
            "gameTime": "2 - 7:37",
            "label": "Ball out of play",
            "position": "457500",
            "half": "2",
            "confidence": "0.7113127708435059"
        },
        {
            "gameTime": "2 - 28:30",
            "label": "Ball out of play",
            "position": "1710500",
            "half": "2",
            "confidence": "0.7054843306541443"
        },
        {
            "gameTime": "2 - 23:34",
            "label": "Ball out of play",
            "position": "1414500",
            "half": "2",
            "confidence": "0.6790755391120911"
        },
        {
            "gameTime": "2 - 22:12",
            "label": "Ball out of play",
            "position": "1332000",
            "half": "2",
            "confidence": "0.6775575280189514"
        },
        {
            "gameTime": "2 - 20:37",
            "label": "Ball out of play",
            "position": "1237000",
            "half": "2",
            "confidence": "0.6708358526229858"
        },
        {
            "gameTime": "2 - 28:55",
            "label": "Ball out of play",
            "position": "1735000",
            "half": "2",
            "confidence": "0.6683830618858337"
        },
        {
            "gameTime": "2 - 19:51",
            "label": "Ball out of play",
            "position": "1191000",
            "half": "2",
            "confidence": "0.6614830493927002"
        },
        {
            "gameTime": "2 - 22:55",
            "label": "Ball out of play",
            "position": "1375500",
            "half": "2",
            "confidence": "0.6591002941131592"
        },
        {
            "gameTime": "2 - 4:3",
            "label": "Ball out of play",
            "position": "243000",
            "half": "2",
            "confidence": "0.6542611718177795"
        },
        {
            "gameTime": "2 - 37:26",
            "label": "Ball out of play",
            "position": "2246500",
            "half": "2",
            "confidence": "0.6525325179100037"
        },
        {
            "gameTime": "2 - 8:1",
            "label": "Ball out of play",
            "position": "481000",
            "half": "2",
            "confidence": "0.6516199111938477"
        },
        {
            "gameTime": "2 - 35:40",
            "label": "Ball out of play",
            "position": "2140000",
            "half": "2",
            "confidence": "0.6438478827476501"
        },
        {
            "gameTime": "2 - 12:3",
            "label": "Ball out of play",
            "position": "723000",
            "half": "2",
            "confidence": "0.63775235414505"
        },
        {
            "gameTime": "2 - 34:20",
            "label": "Ball out of play",
            "position": "2060000",
            "half": "2",
            "confidence": "0.626707911491394"
        },
        {
            "gameTime": "2 - 28:15",
            "label": "Ball out of play",
            "position": "1695000",
            "half": "2",
            "confidence": "0.624335527420044"
        },
        {
            "gameTime": "2 - 47:11",
            "label": "Ball out of play",
            "position": "2831000",
            "half": "2",
            "confidence": "0.6196432113647461"
        },
        {
            "gameTime": "2 - 44:14",
            "label": "Ball out of play",
            "position": "2654000",
            "half": "2",
            "confidence": "0.6182388663291931"
        },
        {
            "gameTime": "2 - 11:43",
            "label": "Ball out of play",
            "position": "703500",
            "half": "2",
            "confidence": "0.6061440706253052"
        },
        {
            "gameTime": "2 - 21:51",
            "label": "Ball out of play",
            "position": "1311500",
            "half": "2",
            "confidence": "0.6017690300941467"
        },
        {
            "gameTime": "2 - 31:34",
            "label": "Ball out of play",
            "position": "1894500",
            "half": "2",
            "confidence": "0.5734929442405701"
        },
        {
            "gameTime": "2 - 43:59",
            "label": "Ball out of play",
            "position": "2639000",
            "half": "2",
            "confidence": "0.56270831823349"
        },
        {
            "gameTime": "2 - 7:3",
            "label": "Ball out of play",
            "position": "423500",
            "half": "2",
            "confidence": "0.5511558651924133"
        },
        {
            "gameTime": "2 - 4:23",
            "label": "Ball out of play",
            "position": "263500",
            "half": "2",
            "confidence": "0.5507654547691345"
        },
        {
            "gameTime": "2 - 4:37",
            "label": "Ball out of play",
            "position": "277500",
            "half": "2",
            "confidence": "0.5248531103134155"
        },
        {
            "gameTime": "2 - 31:14",
            "label": "Ball out of play",
            "position": "1874000",
            "half": "2",
            "confidence": "0.5199599862098694"
        },
        {
            "gameTime": "2 - 35:29",
            "label": "Ball out of play",
            "position": "2129500",
            "half": "2",
            "confidence": "0.5171632766723633"
        },
        {
            "gameTime": "2 - 45:58",
            "label": "Ball out of play",
            "position": "2758000",
            "half": "2",
            "confidence": "0.5158233642578125"
        },
        {
            "gameTime": "2 - 46:10",
            "label": "Ball out of play",
            "position": "2770500",
            "half": "2",
            "confidence": "0.5051323175430298"
        },
        {
            "gameTime": "2 - 31:25",
            "label": "Throw-in",
            "position": "1885500",
            "half": "2",
            "confidence": "0.9892538785934448"
        },
        {
            "gameTime": "2 - 11:59",
            "label": "Throw-in",
            "position": "719500",
            "half": "2",
            "confidence": "0.9810127019882202"
        },
        {
            "gameTime": "2 - 29:39",
            "label": "Throw-in",
            "position": "1779500",
            "half": "2",
            "confidence": "0.9795235991477966"
        },
        {
            "gameTime": "2 - 46:49",
            "label": "Throw-in",
            "position": "2809500",
            "half": "2",
            "confidence": "0.9786298871040344"
        },
        {
            "gameTime": "2 - 22:56",
            "label": "Throw-in",
            "position": "1376000",
            "half": "2",
            "confidence": "0.9644856452941895"
        },
        {
            "gameTime": "2 - 22:8",
            "label": "Throw-in",
            "position": "1328000",
            "half": "2",
            "confidence": "0.961594820022583"
        },
        {
            "gameTime": "2 - 41:22",
            "label": "Throw-in",
            "position": "2482500",
            "half": "2",
            "confidence": "0.9586725234985352"
        },
        {
            "gameTime": "2 - 47:1",
            "label": "Throw-in",
            "position": "2821000",
            "half": "2",
            "confidence": "0.9487723708152771"
        },
        {
            "gameTime": "2 - 22:45",
            "label": "Throw-in",
            "position": "1365000",
            "half": "2",
            "confidence": "0.9418647289276123"
        },
        {
            "gameTime": "2 - 19:36",
            "label": "Throw-in",
            "position": "1176000",
            "half": "2",
            "confidence": "0.9375731945037842"
        },
        {
            "gameTime": "2 - 46:39",
            "label": "Throw-in",
            "position": "2799000",
            "half": "2",
            "confidence": "0.9336546659469604"
        },
        {
            "gameTime": "2 - 29:29",
            "label": "Throw-in",
            "position": "1769000",
            "half": "2",
            "confidence": "0.9190930128097534"
        },
        {
            "gameTime": "2 - 19:48",
            "label": "Throw-in",
            "position": "1188000",
            "half": "2",
            "confidence": "0.9148843884468079"
        },
        {
            "gameTime": "2 - 6:20",
            "label": "Throw-in",
            "position": "380500",
            "half": "2",
            "confidence": "0.9021348357200623"
        },
        {
            "gameTime": "2 - 22:20",
            "label": "Throw-in",
            "position": "1340500",
            "half": "2",
            "confidence": "0.8867077231407166"
        },
        {
            "gameTime": "2 - 29:52",
            "label": "Throw-in",
            "position": "1792000",
            "half": "2",
            "confidence": "0.8741313815116882"
        },
        {
            "gameTime": "2 - 34:31",
            "label": "Throw-in",
            "position": "2071500",
            "half": "2",
            "confidence": "0.871242880821228"
        },
        {
            "gameTime": "2 - 23:34",
            "label": "Throw-in",
            "position": "1414500",
            "half": "2",
            "confidence": "0.8664847016334534"
        },
        {
            "gameTime": "2 - 45:59",
            "label": "Throw-in",
            "position": "2759000",
            "half": "2",
            "confidence": "0.8641464114189148"
        },
        {
            "gameTime": "2 - 41:57",
            "label": "Throw-in",
            "position": "2517500",
            "half": "2",
            "confidence": "0.8617870807647705"
        },
        {
            "gameTime": "2 - 41:47",
            "label": "Throw-in",
            "position": "2507000",
            "half": "2",
            "confidence": "0.8609561920166016"
        },
        {
            "gameTime": "2 - 12:9",
            "label": "Throw-in",
            "position": "729500",
            "half": "2",
            "confidence": "0.855353057384491"
        },
        {
            "gameTime": "2 - 28:41",
            "label": "Throw-in",
            "position": "1721000",
            "half": "2",
            "confidence": "0.8496822118759155"
        },
        {
            "gameTime": "2 - 41:12",
            "label": "Throw-in",
            "position": "2472000",
            "half": "2",
            "confidence": "0.820113480091095"
        },
        {
            "gameTime": "2 - 12:56",
            "label": "Throw-in",
            "position": "776500",
            "half": "2",
            "confidence": "0.8190475702285767"
        },
        {
            "gameTime": "2 - 11:49",
            "label": "Throw-in",
            "position": "709000",
            "half": "2",
            "confidence": "0.8186902403831482"
        },
        {
            "gameTime": "2 - 28:51",
            "label": "Throw-in",
            "position": "1731000",
            "half": "2",
            "confidence": "0.8143822550773621"
        },
        {
            "gameTime": "2 - 46:10",
            "label": "Throw-in",
            "position": "2770000",
            "half": "2",
            "confidence": "0.8111798763275146"
        },
        {
            "gameTime": "2 - 31:15",
            "label": "Throw-in",
            "position": "1875000",
            "half": "2",
            "confidence": "0.8090639710426331"
        },
        {
            "gameTime": "2 - 28:30",
            "label": "Throw-in",
            "position": "1710500",
            "half": "2",
            "confidence": "0.8087531924247742"
        },
        {
            "gameTime": "2 - 19:25",
            "label": "Throw-in",
            "position": "1165500",
            "half": "2",
            "confidence": "0.8003803491592407"
        },
        {
            "gameTime": "2 - 31:35",
            "label": "Throw-in",
            "position": "1895500",
            "half": "2",
            "confidence": "0.7981809973716736"
        },
        {
            "gameTime": "2 - 9:6",
            "label": "Throw-in",
            "position": "546000",
            "half": "2",
            "confidence": "0.7818446755409241"
        },
        {
            "gameTime": "2 - 22:34",
            "label": "Throw-in",
            "position": "1354500",
            "half": "2",
            "confidence": "0.7478728294372559"
        },
        {
            "gameTime": "2 - 23:7",
            "label": "Throw-in",
            "position": "1387500",
            "half": "2",
            "confidence": "0.7369144558906555"
        },
        {
            "gameTime": "2 - 8:55",
            "label": "Throw-in",
            "position": "535500",
            "half": "2",
            "confidence": "0.7226805090904236"
        },
        {
            "gameTime": "2 - 6:30",
            "label": "Throw-in",
            "position": "390500",
            "half": "2",
            "confidence": "0.7081551551818848"
        },
        {
            "gameTime": "2 - 29:5",
            "label": "Throw-in",
            "position": "1745000",
            "half": "2",
            "confidence": "0.7042877674102783"
        },
        {
            "gameTime": "2 - 38:8",
            "label": "Throw-in",
            "position": "2288500",
            "half": "2",
            "confidence": "0.6831264495849609"
        },
        {
            "gameTime": "2 - 44:15",
            "label": "Throw-in",
            "position": "2655500",
            "half": "2",
            "confidence": "0.6797078847885132"
        },
        {
            "gameTime": "2 - 9:43",
            "label": "Throw-in",
            "position": "583500",
            "half": "2",
            "confidence": "0.6690607666969299"
        },
        {
            "gameTime": "2 - 34:20",
            "label": "Throw-in",
            "position": "2060500",
            "half": "2",
            "confidence": "0.6601200699806213"
        },
        {
            "gameTime": "2 - 21:34",
            "label": "Throw-in",
            "position": "1294000",
            "half": "2",
            "confidence": "0.623956024646759"
        },
        {
            "gameTime": "2 - 29:18",
            "label": "Throw-in",
            "position": "1758500",
            "half": "2",
            "confidence": "0.6160470843315125"
        },
        {
            "gameTime": "2 - 42:7",
            "label": "Throw-in",
            "position": "2527500",
            "half": "2",
            "confidence": "0.6152883768081665"
        },
        {
            "gameTime": "2 - 38:37",
            "label": "Throw-in",
            "position": "2317000",
            "half": "2",
            "confidence": "0.5630816221237183"
        },
        {
            "gameTime": "2 - 21:23",
            "label": "Throw-in",
            "position": "1283000",
            "half": "2",
            "confidence": "0.5255866646766663"
        },
        {
            "gameTime": "2 - 9:33",
            "label": "Throw-in",
            "position": "573000",
            "half": "2",
            "confidence": "0.5129403471946716"
        },
        {
            "gameTime": "2 - 1:36",
            "label": "Foul",
            "position": "96500",
            "half": "2",
            "confidence": "0.8892098069190979"
        },
        {
            "gameTime": "2 - 26:51",
            "label": "Foul",
            "position": "1611500",
            "half": "2",
            "confidence": "0.8870164155960083"
        },
        {
            "gameTime": "2 - 31:53",
            "label": "Foul",
            "position": "1913000",
            "half": "2",
            "confidence": "0.7937804460525513"
        },
        {
            "gameTime": "2 - 31:40",
            "label": "Foul",
            "position": "1900000",
            "half": "2",
            "confidence": "0.7824749946594238"
        },
        {
            "gameTime": "2 - 13:8",
            "label": "Foul",
            "position": "788500",
            "half": "2",
            "confidence": "0.7718564867973328"
        },
        {
            "gameTime": "2 - 10:35",
            "label": "Foul",
            "position": "635500",
            "half": "2",
            "confidence": "0.7340051531791687"
        },
        {
            "gameTime": "2 - 44:19",
            "label": "Foul",
            "position": "2659000",
            "half": "2",
            "confidence": "0.7077629566192627"
        },
        {
            "gameTime": "2 - 38:52",
            "label": "Foul",
            "position": "2332000",
            "half": "2",
            "confidence": "0.6779729127883911"
        },
        {
            "gameTime": "2 - 45:14",
            "label": "Foul",
            "position": "2714000",
            "half": "2",
            "confidence": "0.6597145199775696"
        },
        {
            "gameTime": "2 - 32:9",
            "label": "Foul",
            "position": "1929000",
            "half": "2",
            "confidence": "0.6541449427604675"
        },
        {
            "gameTime": "2 - 10:46",
            "label": "Foul",
            "position": "646500",
            "half": "2",
            "confidence": "0.6456279754638672"
        },
        {
            "gameTime": "2 - 41:11",
            "label": "Foul",
            "position": "2471500",
            "half": "2",
            "confidence": "0.6378600001335144"
        },
        {
            "gameTime": "2 - 23:46",
            "label": "Foul",
            "position": "1426500",
            "half": "2",
            "confidence": "0.6250256299972534"
        },
        {
            "gameTime": "2 - 11:13",
            "label": "Foul",
            "position": "673000",
            "half": "2",
            "confidence": "0.5153515934944153"
        },
        {
            "gameTime": "2 - 39:27",
            "label": "Foul",
            "position": "2367500",
            "half": "2",
            "confidence": "0.511159360408783"
        },
        {
            "gameTime": "2 - 2:41",
            "label": "Foul",
            "position": "161500",
            "half": "2",
            "confidence": "0.5073175430297852"
        },
        {
            "gameTime": "2 - 2:23",
            "label": "Foul",
            "position": "143000",
            "half": "2",
            "confidence": "0.5037243366241455"
        },
        {
            "gameTime": "2 - 39:2",
            "label": "Foul",
            "position": "2342000",
            "half": "2",
            "confidence": "0.5012090802192688"
        },
        {
            "gameTime": "2 - 44:29",
            "label": "Foul",
            "position": "2669000",
            "half": "2",
            "confidence": "0.5010985732078552"
        },
        {
            "gameTime": "2 - 39:25",
            "label": "Indirect free-kick",
            "position": "2365000",
            "half": "2",
            "confidence": "0.7051866054534912"
        },
        {
            "gameTime": "2 - 2:11",
            "label": "Indirect free-kick",
            "position": "131000",
            "half": "2",
            "confidence": "0.6163320541381836"
        },
        {
            "gameTime": "2 - 2:39",
            "label": "Indirect free-kick",
            "position": "159500",
            "half": "2",
            "confidence": "0.6010786890983582"
        },
        {
            "gameTime": "2 - 38:51",
            "label": "Indirect free-kick",
            "position": "2331000",
            "half": "2",
            "confidence": "0.5749523043632507"
        },
        {
            "gameTime": "2 - 13:52",
            "label": "Indirect free-kick",
            "position": "832000",
            "half": "2",
            "confidence": "0.5737925171852112"
        },
        {
            "gameTime": "2 - 4:58",
            "label": "Indirect free-kick",
            "position": "298500",
            "half": "2",
            "confidence": "0.5587182641029358"
        },
        {
            "gameTime": "2 - 45:45",
            "label": "Indirect free-kick",
            "position": "2745500",
            "half": "2",
            "confidence": "0.5266770124435425"
        },
        {
            "gameTime": "2 - 2:21",
            "label": "Indirect free-kick",
            "position": "141500",
            "half": "2",
            "confidence": "0.5169253945350647"
        },
        {
            "gameTime": "2 - 45:33",
            "label": "Indirect free-kick",
            "position": "2733500",
            "half": "2",
            "confidence": "0.5095006227493286"
        },
        {
            "gameTime": "2 - 25:11",
            "label": "Indirect free-kick",
            "position": "1511500",
            "half": "2",
            "confidence": "0.5082594156265259"
        },
        {
            "gameTime": "2 - 24:47",
            "label": "Direct free-kick",
            "position": "1487500",
            "half": "2",
            "confidence": "0.7482815980911255"
        },
        {
            "gameTime": "2 - 25:2",
            "label": "Direct free-kick",
            "position": "1502500",
            "half": "2",
            "confidence": "0.7342780232429504"
        },
        {
            "gameTime": "2 - 33:16",
            "label": "Direct free-kick",
            "position": "1996000",
            "half": "2",
            "confidence": "0.5853664875030518"
        },
        {
            "gameTime": "2 - 7:36",
            "label": "Corner",
            "position": "456500",
            "half": "2",
            "confidence": "0.981581449508667"
        },
        {
            "gameTime": "2 - 35:31",
            "label": "Corner",
            "position": "2131500",
            "half": "2",
            "confidence": "0.9782447218894958"
        },
        {
            "gameTime": "2 - 8:7",
            "label": "Corner",
            "position": "487000",
            "half": "2",
            "confidence": "0.967930793762207"
        },
        {
            "gameTime": "2 - 24:52",
            "label": "Corner",
            "position": "1492000",
            "half": "2",
            "confidence": "0.901706874370575"
        },
        {
            "gameTime": "2 - 35:41",
            "label": "Corner",
            "position": "2141500",
            "half": "2",
            "confidence": "0.8841774463653564"
        },
        {
            "gameTime": "2 - 21:48",
            "label": "Corner",
            "position": "1308500",
            "half": "2",
            "confidence": "0.8827052116394043"
        },
        {
            "gameTime": "2 - 6:54",
            "label": "Corner",
            "position": "414500",
            "half": "2",
            "confidence": "0.8166735172271729"
        },
        {
            "gameTime": "2 - 33:13",
            "label": "Corner",
            "position": "1993000",
            "half": "2",
            "confidence": "0.7753218412399292"
        },
        {
            "gameTime": "2 - 4:36",
            "label": "Corner",
            "position": "276000",
            "half": "2",
            "confidence": "0.7632425427436829"
        },
        {
            "gameTime": "2 - 7:4",
            "label": "Corner",
            "position": "424500",
            "half": "2",
            "confidence": "0.7227238416671753"
        },
        {
            "gameTime": "2 - 16:4",
            "label": "Corner",
            "position": "964500",
            "half": "2",
            "confidence": "0.7079696655273438"
        },
        {
            "gameTime": "2 - 33:25",
            "label": "Corner",
            "position": "2005000",
            "half": "2",
            "confidence": "0.5481964945793152"
        },
        {
            "gameTime": "2 - 21:38",
            "label": "Corner",
            "position": "1298000",
            "half": "2",
            "confidence": "0.5256877541542053"
        },
        {
            "gameTime": "2 - 13:17",
            "label": "Yellow card",
            "position": "797500",
            "half": "2",
            "confidence": "0.6428623795509338"
        },
        {
            "gameTime": "2 - 27:5",
            "label": "Yellow card",
            "position": "1625000",
            "half": "2",
            "confidence": "0.6346467733383179"
        },
        {
            "gameTime": "2 - 32:20",
            "label": "Yellow card",
            "position": "1940000",
            "half": "2",
            "confidence": "0.5067859292030334"
        }
    ]
}