{
    "UrlLocal": "england_epl/2016-2017/2017-04-10 - 18-00 Crystal Palace 3 - 0 Arsenal",
    "UrlYoutube": "",
    "annotations": [
        {
            "change_type": "",
            "gameTime": "1 - 02:21",
            "label": "",
            "position": "141984",
            "replay": "real-time"
        },
        {
            "change_type": "",
            "gameTime": "1 - 02:30",
            "label": "",
            "link": "",
            "position": "150953",
            "replay": "replay"
        },
        {
            "change_type": "",
            "gameTime": "1 - 06:24",
            "label": "",
            "position": "384981",
            "replay": "real-time"
        },
        {
            "change_type": "",
            "gameTime": "1 - 06:40",
            "label": "",
            "link": "",
            "position": "400274",
            "replay": "replay"
        },
        {
            "change_type": "",
            "gameTime": "1 - 08:42",
            "label": "",
            "position": "522192",
            "replay": "real-time"
        },
        {
            "change_type": "",
            "gameTime": "1 - 08:49",
            "label": "",
            "link": "",
            "position": "529805",
            "replay": "replay"
        },
        {
            "change_type": "",
            "gameTime": "1 - 09:33",
            "label": "",
            "position": "573069",
            "replay": "real-time"
        },
        {
            "change_type": "",
            "gameTime": "1 - 09:42",
            "label": "",
            "link": "",
            "position": "582238",
            "replay": "replay"
        },
        {
            "change_type": "",
            "gameTime": "1 - 14:12",
            "label": "",
            "position": "852548",
            "replay": "real-time"
        },
        {
            "change_type": "",
            "gameTime": "1 - 14:20",
            "label": "",
            "link": "",
            "position": "860543",
            "replay": "replay"
        },
        {
            "change_type": "",
            "gameTime": "1 - 17:11",
            "label": "",
            "position": "1031900",
            "replay": "real-time"
        },
        {
            "change_type": "",
            "gameTime": "1 - 17:28",
            "label": "",
            "link": "",
            "position": "1048748",
            "replay": "replay"
        },
        {
            "change_type": "",
            "gameTime": "1 - 17:41",
            "label": "",
            "link": "",
            "position": "1061042",
            "replay": "replay"
        },
        {
            "change_type": "",
            "gameTime": "1 - 17:53",
            "label": "",
            "link": "",
            "position": "1073650",
            "replay": "replay"
        },
        {
            "change_type": "",
            "gameTime": "1 - 17:59",
            "label": "",
            "position": "1079652",
            "replay": "other"
        },
        {
            "change_type": "",
            "gameTime": "1 - 20:58",
            "label": "",
            "position": "1258103",
            "replay": "real-time"
        },
        {
            "change_type": "",
            "gameTime": "1 - 21:11",
            "label": "",
            "link": "",
            "position": "1271096",
            "replay": "replay"
        },
        {
            "change_type": "",
            "gameTime": "1 - 21:32",
            "label": "",
            "position": "1292621",
            "replay": "real-time"
        },
        {
            "change_type": "",
            "gameTime": "1 - 21:39",
            "label": "",
            "link": "",
            "position": "1299920",
            "replay": "replay"
        },
        {
            "change_type": "",
            "gameTime": "1 - 22:20",
            "label": "",
            "position": "1340822",
            "replay": "real-time"
        },
        {
            "change_type": "",
            "gameTime": "1 - 22:34",
            "label": "",
            "link": "",
            "position": "1354548",
            "replay": "replay"
        },
        {
            "change_type": "",
            "gameTime": "1 - 22:38",
            "label": "",
            "position": "1358385",
            "replay": "other"
        },
        {
            "change_type": "",
            "gameTime": "1 - 23:49",
            "label": "",
            "position": "1429809",
            "replay": "real-time"
        },
        {
            "change_type": "",
            "gameTime": "1 - 23:58",
            "label": "",
            "link": "",
            "position": "1438697",
            "replay": "replay"
        },
        {
            "change_type": "",
            "gameTime": "1 - 24:03",
            "label": "",
            "link": "",
            "position": "1443980",
            "replay": "replay"
        },
        {
            "change_type": "",
            "gameTime": "1 - 26:48",
            "label": "",
            "position": "1608369",
            "replay": "real-time"
        },
        {
            "change_type": "",
            "gameTime": "1 - 26:58",
            "label": "",
            "link": "",
            "position": "1618930",
            "replay": "replay"
        },
        {
            "change_type": "",
            "gameTime": "1 - 32:38",
            "label": "",
            "position": "1958041",
            "replay": "real-time"
        },
        {
            "change_type": "",
            "gameTime": "1 - 32:49",
            "label": "",
            "link": "",
            "position": "1969661",
            "replay": "replay"
        },
        {
            "change_type": "",
            "gameTime": "1 - 34:25",
            "label": "",
            "position": "2065591",
            "replay": "real-time"
        },
        {
            "change_type": "",
            "gameTime": "1 - 34:39",
            "label": "",
            "link": "",
            "position": "2079243",
            "replay": "replay"
        },
        {
            "change_type": "",
            "gameTime": "1 - 34:50",
            "label": "",
            "link": "",
            "position": "2090397",
            "replay": "replay"
        },
        {
            "change_type": "",
            "gameTime": "1 - 38:00",
            "label": "",
            "position": "2280815",
            "replay": "real-time"
        },
        {
            "change_type": "",
            "gameTime": "1 - 38:08",
            "label": "",
            "link": "",
            "position": "2288781",
            "replay": "replay"
        },
        {
            "change_type": "",
            "gameTime": "1 - 38:43",
            "label": "",
            "position": "2323016",
            "replay": "real-time"
        },
        {
            "change_type": "",
            "gameTime": "1 - 38:50",
            "label": "",
            "link": "",
            "position": "2330045",
            "replay": "replay"
        },
        {
            "change_type": "",
            "gameTime": "1 - 41:08",
            "label": "",
            "position": "2468405",
            "replay": "real-time"
        },
        {
            "change_type": "",
            "gameTime": "1 - 41:18",
            "label": "",
            "link": "",
            "position": "2478253",
            "replay": "replay"
        },
        {
            "change_type": "",
            "gameTime": "1 - 41:25",
            "label": "",
            "link": "",
            "position": "2485233",
            "replay": "replay"
        },
        {
            "change_type": "",
            "gameTime": "1 - 41:46",
            "label": "",
            "position": "2506324",
            "replay": "real-time"
        },
        {
            "change_type": "",
            "gameTime": "1 - 41:53",
            "label": "",
            "link": "",
            "position": "2513140",
            "replay": "replay"
        },
        {
            "change_type": "",
            "gameTime": "1 - 43:27",
            "label": "",
            "position": "2607424",
            "replay": "real-time"
        },
        {
            "change_type": "",
            "gameTime": "1 - 43:37",
            "label": "",
            "link": "",
            "position": "2617353",
            "replay": "replay"
        },
        {
            "change_type": "",
            "gameTime": "1 - 43:47",
            "label": "",
            "link": "",
            "position": "2627416",
            "replay": "replay"
        },
        {
            "change_type": "",
            "gameTime": "1 - 44:23",
            "label": "",
            "position": "2663106",
            "replay": "real-time"
        },
        {
            "change_type": "",
            "gameTime": "1 - 44:33",
            "label": "",
            "link": "",
            "position": "2673970",
            "replay": "replay"
        },
        {
            "change_type": "",
            "gameTime": "1 - 45:39",
            "label": "",
            "position": "2739846",
            "replay": "real-time"
        },
        {
            "change_type": "",
            "gameTime": "1 - 45:45",
            "label": "",
            "link": "",
            "position": "2745501",
            "replay": "replay"
        },
        {
            "change_type": "",
            "gameTime": "2 - 03:25",
            "label": "",
            "position": "205781",
            "replay": "real-time"
        },
        {
            "change_type": "",
            "gameTime": "2 - 03:34",
            "label": "",
            "link": "",
            "position": "214705",
            "replay": "replay"
        },
        {
            "change_type": "",
            "gameTime": "2 - 04:05",
            "label": "",
            "position": "245678",
            "replay": "real-time"
        },
        {
            "change_type": "",
            "gameTime": "2 - 04:13",
            "label": "",
            "link": "",
            "position": "253799",
            "replay": "replay"
        },
        {
            "change_type": "",
            "gameTime": "2 - 04:20",
            "label": "",
            "link": "",
            "position": "260642",
            "replay": "replay"
        },
        {
            "change_type": "",
            "gameTime": "2 - 06:02",
            "label": "",
            "position": "362276",
            "replay": "real-time"
        },
        {
            "change_type": "",
            "gameTime": "2 - 06:13",
            "label": "",
            "link": "",
            "position": "373949",
            "replay": "replay"
        },
        {
            "change_type": "",
            "gameTime": "2 - 06:19",
            "label": "",
            "position": "379619",
            "replay": "other"
        },
        {
            "change_type": "",
            "gameTime": "2 - 07:12",
            "label": "",
            "position": "432543",
            "replay": "real-time"
        },
        {
            "change_type": "",
            "gameTime": "2 - 07:21",
            "label": "",
            "link": "",
            "position": "441216",
            "replay": "replay"
        },
        {
            "change_type": "",
            "gameTime": "2 - 12:38",
            "label": "",
            "position": "758390",
            "replay": "real-time"
        },
        {
            "change_type": "",
            "gameTime": "2 - 12:46",
            "label": "",
            "link": "",
            "position": "766200",
            "replay": "replay"
        },
        {
            "change_type": "",
            "gameTime": "2 - 12:52",
            "label": "",
            "link": "",
            "position": "772999",
            "replay": "replay"
        },
        {
            "change_type": "",
            "gameTime": "2 - 17:43",
            "label": "",
            "position": "1063196",
            "replay": "real-time"
        },
        {
            "change_type": "",
            "gameTime": "2 - 17:53",
            "label": "",
            "link": "",
            "position": "1073687",
            "replay": "replay"
        },
        {
            "change_type": "",
            "gameTime": "2 - 18:00",
            "label": "",
            "link": "",
            "position": "1080421",
            "replay": "replay"
        },
        {
            "change_type": "",
            "gameTime": "2 - 18:07",
            "label": "",
            "link": "",
            "position": "1087725",
            "replay": "replay"
        },
        {
            "change_type": "",
            "gameTime": "2 - 18:15",
            "label": "",
            "position": "1095929",
            "replay": "other"
        },
        {
            "change_type": "",
            "gameTime": "2 - 18:25",
            "label": "",
            "position": "1105178",
            "replay": "other"
        },
        {
            "change_type": "",
            "gameTime": "2 - 18:32",
            "label": "",
            "position": "1112080",
            "replay": "other"
        },
        {
            "change_type": "",
            "gameTime": "2 - 21:35",
            "label": "",
            "position": "1295044",
            "replay": "real-time"
        },
        {
            "change_type": "",
            "gameTime": "2 - 21:43",
            "label": "",
            "position": "1303325",
            "replay": "other"
        },
        {
            "change_type": "",
            "gameTime": "2 - 21:50",
            "label": "",
            "position": "1310546",
            "replay": "other"
        },
        {
            "change_type": "",
            "gameTime": "2 - 22:13",
            "label": "",
            "position": "1333518",
            "replay": "real-time"
        },
        {
            "change_type": "",
            "gameTime": "2 - 22:21",
            "label": "",
            "link": "",
            "position": "1341170",
            "replay": "replay"
        },
        {
            "change_type": "",
            "gameTime": "2 - 22:29",
            "label": "",
            "link": "",
            "position": "1349261",
            "replay": "replay"
        },
        {
            "change_type": "",
            "gameTime": "2 - 22:35",
            "label": "",
            "link": "",
            "position": "1355642",
            "replay": "replay"
        },
        {
            "change_type": "",
            "gameTime": "2 - 23:19",
            "label": "",
            "position": "1399110",
            "replay": "real-time"
        },
        {
            "change_type": "",
            "gameTime": "2 - 23:23",
            "label": "",
            "link": "",
            "position": "1403271",
            "replay": "replay"
        },
        {
            "change_type": "",
            "gameTime": "2 - 23:28",
            "label": "",
            "link": "",
            "position": "1408008",
            "replay": "replay"
        },
        {
            "change_type": "",
            "gameTime": "2 - 23:33",
            "label": "",
            "position": "1413043",
            "replay": "other"
        },
        {
            "change_type": "",
            "gameTime": "2 - 23:41",
            "label": "",
            "link": "",
            "position": "1421320",
            "replay": "replay"
        },
        {
            "change_type": "",
            "gameTime": "2 - 23:49",
            "label": "",
            "link": "",
            "position": "1429604",
            "replay": "replay"
        },
        {
            "change_type": "",
            "gameTime": "2 - 30:18",
            "label": "",
            "position": "1818528",
            "replay": "real-time"
        },
        {
            "change_type": "",
            "gameTime": "2 - 30:27",
            "label": "",
            "link": "",
            "position": "1827960",
            "replay": "replay"
        },
        {
            "change_type": "",
            "gameTime": "2 - 40:17",
            "label": "",
            "position": "2417589",
            "replay": "real-time"
        },
        {
            "change_type": "",
            "gameTime": "2 - 40:26",
            "label": "",
            "link": "",
            "position": "2426130",
            "replay": "replay"
        },
        {
            "change_type": "",
            "gameTime": "2 - 40:32",
            "label": "",
            "link": "",
            "position": "2432526",
            "replay": "replay"
        }
    ],
    "gameAwayTeam": "Arsenal",
    "gameDate": "2017-04-10 - 18-00",
    "gameHomeTeam": "Crystal Palace",
    "gameScore": "3 - 0"
}