{
    "UrlLocal": "germany_bundesliga/2016-2017/2016-09-21 - 18-00 Leipzig 1 - 1 Borussia",
    "UrlYoutube": "",
    "annotations": [
        {
            "change_type": "",
            "gameTime": "1 - 04:42",
            "label": "",
            "position": "282136",
            "replay": "real-time"
        },
        {
            "change_type": "",
            "gameTime": "1 - 04:48",
            "label": "",
            "link": "",
            "position": "288303",
            "replay": "replay"
        },
        {
            "change_type": "",
            "gameTime": "1 - 04:56",
            "label": "",
            "link": "",
            "position": "296960",
            "replay": "replay"
        },
        {
            "change_type": "",
            "gameTime": "1 - 05:59",
            "label": "",
            "position": "359507",
            "replay": "real-time"
        },
        {
            "change_type": "",
            "gameTime": "1 - 06:14",
            "label": "",
            "link": "",
            "position": "374725",
            "replay": "replay"
        },
        {
            "change_type": "",
            "gameTime": "1 - 06:33",
            "label": "",
            "link": "",
            "position": "393067",
            "replay": "replay"
        },
        {
            "change_type": "",
            "gameTime": "1 - 06:39",
            "label": "",
            "link": "",
            "position": "399046",
            "replay": "replay"
        },
        {
            "change_type": "",
            "gameTime": "1 - 10:08",
            "label": "",
            "position": "608972",
            "replay": "real-time"
        },
        {
            "change_type": "",
            "gameTime": "1 - 10:15",
            "label": "",
            "link": "",
            "position": "615098",
            "replay": "replay"
        },
        {
            "change_type": "",
            "gameTime": "1 - 10:57",
            "label": "",
            "position": "657792",
            "replay": "real-time"
        },
        {
            "change_type": "",
            "gameTime": "1 - 11:05",
            "label": "",
            "link": "",
            "position": "665613",
            "replay": "replay"
        },
        {
            "change_type": "",
            "gameTime": "1 - 12:06",
            "label": "",
            "position": "726633",
            "replay": "real-time"
        },
        {
            "change_type": "",
            "gameTime": "1 - 12:14",
            "label": "",
            "link": "",
            "position": "734369",
            "replay": "replay"
        },
        {
            "change_type": "",
            "gameTime": "1 - 12:25",
            "label": "",
            "link": "",
            "position": "745324",
            "replay": "replay"
        },
        {
            "change_type": "",
            "gameTime": "1 - 15:16",
            "label": "",
            "position": "916465",
            "replay": "real-time"
        },
        {
            "change_type": "",
            "gameTime": "1 - 15:23",
            "label": "",
            "link": "",
            "position": "923084",
            "replay": "replay"
        },
        {
            "change_type": "",
            "gameTime": "1 - 21:42",
            "label": "",
            "position": "1302461",
            "replay": "real-time"
        },
        {
            "change_type": "",
            "gameTime": "1 - 21:50",
            "label": "",
            "position": "1310331",
            "replay": "other"
        },
        {
            "change_type": "",
            "gameTime": "1 - 25:23",
            "label": "",
            "position": "1523941",
            "replay": "real-time"
        },
        {
            "change_type": "",
            "gameTime": "1 - 25:29",
            "label": "",
            "link": "",
            "position": "1529629",
            "replay": "replay"
        },
        {
            "change_type": "",
            "gameTime": "1 - 26:16",
            "label": "",
            "position": "1576002",
            "replay": "real-time"
        },
        {
            "change_type": "",
            "gameTime": "1 - 26:23",
            "label": "",
            "link": "",
            "position": "1583163",
            "replay": "replay"
        },
        {
            "change_type": "",
            "gameTime": "1 - 26:32",
            "label": "",
            "link": "",
            "position": "1592144",
            "replay": "replay"
        },
        {
            "change_type": "",
            "gameTime": "1 - 27:43",
            "label": "",
            "position": "1663579",
            "replay": "real-time"
        },
        {
            "change_type": "",
            "gameTime": "1 - 27:52",
            "label": "",
            "link": "",
            "position": "1672605",
            "replay": "replay"
        },
        {
            "change_type": "",
            "gameTime": "1 - 28:02",
            "label": "",
            "link": "",
            "position": "1682507",
            "replay": "replay"
        },
        {
            "change_type": "",
            "gameTime": "1 - 30:30",
            "label": "",
            "position": "1830987",
            "replay": "real-time"
        },
        {
            "change_type": "",
            "gameTime": "1 - 30:36",
            "label": "",
            "link": "",
            "position": "1836338",
            "replay": "replay"
        },
        {
            "change_type": "",
            "gameTime": "1 - 30:43",
            "label": "",
            "link": "",
            "position": "1843296",
            "replay": "replay"
        },
        {
            "change_type": "",
            "gameTime": "1 - 31:05",
            "label": "",
            "position": "1865851",
            "replay": "real-time"
        },
        {
            "change_type": "",
            "gameTime": "1 - 31:11",
            "label": "",
            "link": "",
            "position": "1871904",
            "replay": "replay"
        },
        {
            "change_type": "",
            "gameTime": "1 - 34:54",
            "label": "",
            "position": "2094085",
            "replay": "real-time"
        },
        {
            "change_type": "",
            "gameTime": "1 - 35:04",
            "label": "",
            "link": "",
            "position": "2104228",
            "replay": "replay"
        },
        {
            "change_type": "",
            "gameTime": "1 - 36:26",
            "label": "",
            "position": "2186602",
            "replay": "real-time"
        },
        {
            "change_type": "",
            "gameTime": "1 - 36:38",
            "label": "",
            "link": "",
            "position": "2198531",
            "replay": "replay"
        },
        {
            "change_type": "",
            "gameTime": "1 - 40:34",
            "label": "",
            "position": "2434444",
            "replay": "real-time"
        },
        {
            "change_type": "",
            "gameTime": "1 - 40:42",
            "label": "",
            "link": "",
            "position": "2442846",
            "replay": "replay"
        },
        {
            "change_type": "",
            "gameTime": "1 - 40:51",
            "label": "",
            "link": "",
            "position": "2451927",
            "replay": "replay"
        },
        {
            "change_type": "",
            "gameTime": "1 - 44:14",
            "label": "",
            "position": "2654099",
            "replay": "real-time"
        },
        {
            "change_type": "",
            "gameTime": "1 - 44:20",
            "label": "",
            "link": "",
            "position": "2660846",
            "replay": "replay"
        },
        {
            "change_type": "",
            "gameTime": "1 - 44:29",
            "label": "",
            "position": "2669521",
            "replay": "other"
        },
        {
            "change_type": "",
            "gameTime": "1 - 45:03",
            "label": "",
            "position": "2703537",
            "replay": "real-time"
        },
        {
            "change_type": "",
            "gameTime": "1 - 45:11",
            "label": "",
            "link": "",
            "position": "2711514",
            "replay": "replay"
        },
        {
            "change_type": "",
            "gameTime": "1 - 45:18",
            "label": "",
            "link": "",
            "position": "2718517",
            "replay": "replay"
        },
        {
            "change_type": "",
            "gameTime": "2 - 02:56",
            "label": "",
            "position": "176937",
            "replay": "real-time"
        },
        {
            "change_type": "",
            "gameTime": "2 - 03:03",
            "label": "",
            "link": "",
            "position": "183651",
            "replay": "replay"
        },
        {
            "change_type": "",
            "gameTime": "2 - 03:29",
            "label": "",
            "position": "209433",
            "replay": "real-time"
        },
        {
            "change_type": "",
            "gameTime": "2 - 03:37",
            "label": "",
            "link": "",
            "position": "217193",
            "replay": "replay"
        },
        {
            "change_type": "",
            "gameTime": "2 - 03:44",
            "label": "",
            "link": "",
            "position": "224050",
            "replay": "replay"
        },
        {
            "change_type": "",
            "gameTime": "2 - 03:49",
            "label": "",
            "position": "229812",
            "replay": "other"
        },
        {
            "change_type": "",
            "gameTime": "2 - 04:30",
            "label": "",
            "position": "270826",
            "replay": "real-time"
        },
        {
            "change_type": "",
            "gameTime": "2 - 04:37",
            "label": "",
            "link": "",
            "position": "277224",
            "replay": "replay"
        },
        {
            "change_type": "",
            "gameTime": "2 - 05:39",
            "label": "",
            "position": "339491",
            "replay": "real-time"
        },
        {
            "change_type": "",
            "gameTime": "2 - 05:46",
            "label": "",
            "link": "",
            "position": "346597",
            "replay": "replay"
        },
        {
            "change_type": "",
            "gameTime": "2 - 06:58",
            "label": "",
            "position": "418503",
            "replay": "real-time"
        },
        {
            "change_type": "",
            "gameTime": "2 - 07:03",
            "label": "",
            "link": "",
            "position": "423740",
            "replay": "replay"
        },
        {
            "change_type": "",
            "gameTime": "2 - 08:33",
            "label": "",
            "position": "513313",
            "replay": "real-time"
        },
        {
            "change_type": "",
            "gameTime": "2 - 08:41",
            "label": "",
            "link": "",
            "position": "521702",
            "replay": "replay"
        },
        {
            "change_type": "",
            "gameTime": "2 - 09:30",
            "label": "",
            "position": "570727",
            "replay": "real-time"
        },
        {
            "change_type": "",
            "gameTime": "2 - 09:39",
            "label": "",
            "link": "",
            "position": "579625",
            "replay": "replay"
        },
        {
            "change_type": "",
            "gameTime": "2 - 12:00",
            "label": "",
            "position": "720162",
            "replay": "real-time"
        },
        {
            "change_type": "",
            "gameTime": "2 - 12:06",
            "label": "",
            "link": "",
            "position": "726276",
            "replay": "replay"
        },
        {
            "change_type": "",
            "gameTime": "2 - 13:06",
            "label": "",
            "position": "786800",
            "replay": "real-time"
        },
        {
            "change_type": "",
            "gameTime": "2 - 13:14",
            "label": "",
            "link": "",
            "position": "794876",
            "replay": "replay"
        },
        {
            "change_type": "",
            "gameTime": "2 - 13:21",
            "label": "",
            "position": "801967",
            "replay": "other"
        },
        {
            "change_type": "",
            "gameTime": "2 - 21:03",
            "label": "",
            "position": "1263948",
            "replay": "real-time"
        },
        {
            "change_type": "",
            "gameTime": "2 - 21:12",
            "label": "",
            "position": "1272056",
            "replay": "other"
        },
        {
            "change_type": "",
            "gameTime": "2 - 21:39",
            "label": "",
            "position": "1299287",
            "replay": "real-time"
        },
        {
            "change_type": "",
            "gameTime": "2 - 21:48",
            "label": "",
            "position": "1308311",
            "replay": "other"
        },
        {
            "change_type": "",
            "gameTime": "2 - 23:36",
            "label": "",
            "position": "1416995",
            "replay": "real-time"
        },
        {
            "change_type": "",
            "gameTime": "2 - 23:43",
            "label": "",
            "link": "",
            "position": "1423240",
            "replay": "replay"
        },
        {
            "change_type": "",
            "gameTime": "2 - 23:49",
            "label": "",
            "position": "1429697",
            "replay": "other"
        },
        {
            "change_type": "",
            "gameTime": "2 - 26:17",
            "label": "",
            "position": "1577754",
            "replay": "real-time"
        },
        {
            "change_type": "",
            "gameTime": "2 - 26:25",
            "label": "",
            "link": "",
            "position": "1585076",
            "replay": "replay"
        },
        {
            "change_type": "",
            "gameTime": "2 - 28:20",
            "label": "",
            "position": "1700648",
            "replay": "real-time"
        },
        {
            "change_type": "",
            "gameTime": "2 - 28:26",
            "label": "",
            "link": "",
            "position": "1706900",
            "replay": "replay"
        },
        {
            "change_type": "",
            "gameTime": "2 - 29:27",
            "label": "",
            "position": "1767530",
            "replay": "real-time"
        },
        {
            "change_type": "",
            "gameTime": "2 - 29:37",
            "label": "",
            "link": "",
            "position": "1777636",
            "replay": "replay"
        },
        {
            "change_type": "",
            "gameTime": "2 - 31:55",
            "label": "",
            "position": "1915275",
            "replay": "real-time"
        },
        {
            "change_type": "",
            "gameTime": "2 - 32:02",
            "label": "",
            "link": "",
            "position": "1922808",
            "replay": "replay"
        },
        {
            "change_type": "",
            "gameTime": "2 - 35:40",
            "label": "",
            "position": "2140225",
            "replay": "real-time"
        },
        {
            "change_type": "",
            "gameTime": "2 - 35:48",
            "label": "",
            "link": "",
            "position": "2148550",
            "replay": "replay"
        },
        {
            "change_type": "",
            "gameTime": "2 - 39:02",
            "label": "",
            "position": "2342319",
            "replay": "real-time"
        },
        {
            "change_type": "",
            "gameTime": "2 - 39:14",
            "label": "",
            "link": "",
            "position": "2354716",
            "replay": "replay"
        },
        {
            "change_type": "",
            "gameTime": "2 - 39:21",
            "label": "",
            "link": "",
            "position": "2361876",
            "replay": "replay"
        },
        {
            "change_type": "",
            "gameTime": "2 - 39:29",
            "label": "",
            "link": "",
            "position": "2369785",
            "replay": "replay"
        },
        {
            "change_type": "",
            "gameTime": "2 - 40:40",
            "label": "",
            "position": "2440076",
            "replay": "real-time"
        },
        {
            "change_type": "",
            "gameTime": "2 - 40:48",
            "label": "",
            "link": "",
            "position": "2448012",
            "replay": "replay"
        },
        {
            "change_type": "",
            "gameTime": "2 - 43:20",
            "label": "",
            "position": "2600531",
            "replay": "real-time"
        },
        {
            "change_type": "",
            "gameTime": "2 - 43:27",
            "label": "",
            "link": "",
            "position": "2607195",
            "replay": "replay"
        },
        {
            "change_type": "",
            "gameTime": "2 - 46:01",
            "label": "",
            "position": "2761900",
            "replay": "real-time"
        },
        {
            "change_type": "",
            "gameTime": "2 - 46:07",
            "label": "",
            "link": "",
            "position": "2767100",
            "replay": "replay"
        },
        {
            "change_type": "",
            "gameTime": "2 - 46:31",
            "label": "",
            "position": "2791037",
            "replay": "real-time"
        },
        {
            "change_type": "",
            "gameTime": "2 - 46:44",
            "label": "",
            "link": "",
            "position": "2804239",
            "replay": "replay"
        }
    ],
    "gameAwayTeam": "Borussia",
    "gameDate": "2016-09-21 - 18-00",
    "gameHomeTeam": "Leipzig",
    "gameScore": "1 - 1"
}