{
    "UrlLocal": "italy_serie-a/2016-2017/2017-05-20 - 21-45 Napoli 4 - 1 Fiorentina",
    "predictions": [
        {
            "gameTime": "1 - 0:2",
            "label": "Kick-off",
            "position": "2000",
            "half": "1",
            "confidence": "0.8461045622825623"
        },
        {
            "gameTime": "1 - 8:8",
            "label": "Kick-off",
            "position": "488500",
            "half": "1",
            "confidence": "0.7405744791030884"
        },
        {
            "gameTime": "1 - 7:33",
            "label": "Goal",
            "position": "453000",
            "half": "1",
            "confidence": "0.9036591053009033"
        },
        {
            "gameTime": "1 - 35:18",
            "label": "Goal",
            "position": "2118500",
            "half": "1",
            "confidence": "0.8733782172203064"
        },
        {
            "gameTime": "1 - 17:11",
            "label": "Goal",
            "position": "1031000",
            "half": "1",
            "confidence": "0.7621816396713257"
        },
        {
            "gameTime": "1 - 37:53",
            "label": "Goal",
            "position": "2273500",
            "half": "1",
            "confidence": "0.593555748462677"
        },
        {
            "gameTime": "1 - 17:22",
            "label": "Goal",
            "position": "1042000",
            "half": "1",
            "confidence": "0.5225473046302795"
        },
        {
            "gameTime": "1 - 0:35",
            "label": "Substitution",
            "position": "35500",
            "half": "1",
            "confidence": "0.625607430934906"
        },
        {
            "gameTime": "1 - 35:34",
            "label": "Substitution",
            "position": "2134000",
            "half": "1",
            "confidence": "0.5413292050361633"
        },
        {
            "gameTime": "1 - 35:14",
            "label": "Shots on target",
            "position": "2114000",
            "half": "1",
            "confidence": "0.9063846468925476"
        },
        {
            "gameTime": "1 - 37:50",
            "label": "Shots on target",
            "position": "2270000",
            "half": "1",
            "confidence": "0.7786939740180969"
        },
        {
            "gameTime": "1 - 35:24",
            "label": "Shots on target",
            "position": "2124000",
            "half": "1",
            "confidence": "0.611237108707428"
        },
        {
            "gameTime": "1 - 25:9",
            "label": "Shots on target",
            "position": "1509000",
            "half": "1",
            "confidence": "0.5665323734283447"
        },
        {
            "gameTime": "1 - 17:11",
            "label": "Shots on target",
            "position": "1031000",
            "half": "1",
            "confidence": "0.5537391901016235"
        },
        {
            "gameTime": "1 - 25:9",
            "label": "Shots off target",
            "position": "1509000",
            "half": "1",
            "confidence": "0.9273213148117065"
        },
        {
            "gameTime": "1 - 32:14",
            "label": "Shots off target",
            "position": "1934000",
            "half": "1",
            "confidence": "0.9112529158592224"
        },
        {
            "gameTime": "1 - 32:3",
            "label": "Shots off target",
            "position": "1923500",
            "half": "1",
            "confidence": "0.8676632046699524"
        },
        {
            "gameTime": "1 - 35:13",
            "label": "Shots off target",
            "position": "2113500",
            "half": "1",
            "confidence": "0.8448894023895264"
        },
        {
            "gameTime": "1 - 37:49",
            "label": "Shots off target",
            "position": "2269500",
            "half": "1",
            "confidence": "0.7455440163612366"
        },
        {
            "gameTime": "1 - 27:48",
            "label": "Shots off target",
            "position": "1668500",
            "half": "1",
            "confidence": "0.7293891310691833"
        },
        {
            "gameTime": "1 - 17:13",
            "label": "Shots off target",
            "position": "1033000",
            "half": "1",
            "confidence": "0.670157253742218"
        },
        {
            "gameTime": "1 - 30:0",
            "label": "Shots off target",
            "position": "1800500",
            "half": "1",
            "confidence": "0.6173103451728821"
        },
        {
            "gameTime": "1 - 35:23",
            "label": "Shots off target",
            "position": "2123500",
            "half": "1",
            "confidence": "0.6133328080177307"
        },
        {
            "gameTime": "1 - 6:51",
            "label": "Shots off target",
            "position": "411000",
            "half": "1",
            "confidence": "0.5843536257743835"
        },
        {
            "gameTime": "1 - 3:26",
            "label": "Shots off target",
            "position": "206500",
            "half": "1",
            "confidence": "0.5773430466651917"
        },
        {
            "gameTime": "1 - 4:58",
            "label": "Shots off target",
            "position": "298500",
            "half": "1",
            "confidence": "0.5770556926727295"
        },
        {
            "gameTime": "1 - 3:38",
            "label": "Shots off target",
            "position": "218000",
            "half": "1",
            "confidence": "0.5626551508903503"
        },
        {
            "gameTime": "1 - 37:39",
            "label": "Shots off target",
            "position": "2259000",
            "half": "1",
            "confidence": "0.5317890644073486"
        },
        {
            "gameTime": "1 - 0:51",
            "label": "Clearance",
            "position": "51500",
            "half": "1",
            "confidence": "0.6472206115722656"
        },
        {
            "gameTime": "1 - 25:23",
            "label": "Clearance",
            "position": "1523500",
            "half": "1",
            "confidence": "0.6360238790512085"
        },
        {
            "gameTime": "1 - 12:3",
            "label": "Clearance",
            "position": "723000",
            "half": "1",
            "confidence": "0.552597165107727"
        },
        {
            "gameTime": "1 - 23:17",
            "label": "Clearance",
            "position": "1397000",
            "half": "1",
            "confidence": "0.5485014319419861"
        },
        {
            "gameTime": "1 - 32:16",
            "label": "Clearance",
            "position": "1936000",
            "half": "1",
            "confidence": "0.539969265460968"
        },
        {
            "gameTime": "1 - 3:42",
            "label": "Ball out of play",
            "position": "222000",
            "half": "1",
            "confidence": "0.9338138103485107"
        },
        {
            "gameTime": "1 - 25:1",
            "label": "Ball out of play",
            "position": "1501000",
            "half": "1",
            "confidence": "0.9215909838676453"
        },
        {
            "gameTime": "1 - 32:17",
            "label": "Ball out of play",
            "position": "1937500",
            "half": "1",
            "confidence": "0.9194886684417725"
        },
        {
            "gameTime": "1 - 5:47",
            "label": "Ball out of play",
            "position": "347000",
            "half": "1",
            "confidence": "0.9127978086471558"
        },
        {
            "gameTime": "1 - 9:37",
            "label": "Ball out of play",
            "position": "577500",
            "half": "1",
            "confidence": "0.891382098197937"
        },
        {
            "gameTime": "1 - 39:56",
            "label": "Ball out of play",
            "position": "2396000",
            "half": "1",
            "confidence": "0.8897929787635803"
        },
        {
            "gameTime": "1 - 13:21",
            "label": "Ball out of play",
            "position": "801500",
            "half": "1",
            "confidence": "0.8834210634231567"
        },
        {
            "gameTime": "1 - 32:5",
            "label": "Ball out of play",
            "position": "1925000",
            "half": "1",
            "confidence": "0.8759589791297913"
        },
        {
            "gameTime": "1 - 39:42",
            "label": "Ball out of play",
            "position": "2382500",
            "half": "1",
            "confidence": "0.868247926235199"
        },
        {
            "gameTime": "1 - 7:4",
            "label": "Ball out of play",
            "position": "424000",
            "half": "1",
            "confidence": "0.8672768473625183"
        },
        {
            "gameTime": "1 - 17:23",
            "label": "Ball out of play",
            "position": "1043000",
            "half": "1",
            "confidence": "0.8669087886810303"
        },
        {
            "gameTime": "1 - 40:25",
            "label": "Ball out of play",
            "position": "2425500",
            "half": "1",
            "confidence": "0.856434166431427"
        },
        {
            "gameTime": "1 - 25:13",
            "label": "Ball out of play",
            "position": "1513500",
            "half": "1",
            "confidence": "0.8537477850914001"
        },
        {
            "gameTime": "1 - 30:0",
            "label": "Ball out of play",
            "position": "1800000",
            "half": "1",
            "confidence": "0.852311372756958"
        },
        {
            "gameTime": "1 - 23:17",
            "label": "Ball out of play",
            "position": "1397500",
            "half": "1",
            "confidence": "0.844149112701416"
        },
        {
            "gameTime": "1 - 3:31",
            "label": "Ball out of play",
            "position": "211500",
            "half": "1",
            "confidence": "0.8387606739997864"
        },
        {
            "gameTime": "1 - 13:48",
            "label": "Ball out of play",
            "position": "828500",
            "half": "1",
            "confidence": "0.825753927230835"
        },
        {
            "gameTime": "1 - 41:48",
            "label": "Ball out of play",
            "position": "2508000",
            "half": "1",
            "confidence": "0.8237395882606506"
        },
        {
            "gameTime": "1 - 35:24",
            "label": "Ball out of play",
            "position": "2124000",
            "half": "1",
            "confidence": "0.8168119192123413"
        },
        {
            "gameTime": "1 - 41:37",
            "label": "Ball out of play",
            "position": "2497500",
            "half": "1",
            "confidence": "0.811436653137207"
        },
        {
            "gameTime": "1 - 4:55",
            "label": "Ball out of play",
            "position": "295500",
            "half": "1",
            "confidence": "0.8100115060806274"
        },
        {
            "gameTime": "1 - 23:3",
            "label": "Ball out of play",
            "position": "1383000",
            "half": "1",
            "confidence": "0.806328535079956"
        },
        {
            "gameTime": "1 - 18:21",
            "label": "Ball out of play",
            "position": "1101500",
            "half": "1",
            "confidence": "0.8037712574005127"
        },
        {
            "gameTime": "1 - 6:53",
            "label": "Ball out of play",
            "position": "413500",
            "half": "1",
            "confidence": "0.7973729968070984"
        },
        {
            "gameTime": "1 - 13:31",
            "label": "Ball out of play",
            "position": "811500",
            "half": "1",
            "confidence": "0.7810515761375427"
        },
        {
            "gameTime": "1 - 26:28",
            "label": "Ball out of play",
            "position": "1588000",
            "half": "1",
            "confidence": "0.7793461084365845"
        },
        {
            "gameTime": "1 - 30:23",
            "label": "Ball out of play",
            "position": "1823000",
            "half": "1",
            "confidence": "0.7673531770706177"
        },
        {
            "gameTime": "1 - 17:12",
            "label": "Ball out of play",
            "position": "1032500",
            "half": "1",
            "confidence": "0.7648932337760925"
        },
        {
            "gameTime": "1 - 4:32",
            "label": "Ball out of play",
            "position": "272500",
            "half": "1",
            "confidence": "0.7550191879272461"
        },
        {
            "gameTime": "1 - 5:8",
            "label": "Ball out of play",
            "position": "308000",
            "half": "1",
            "confidence": "0.7275375127792358"
        },
        {
            "gameTime": "1 - 27:48",
            "label": "Ball out of play",
            "position": "1668500",
            "half": "1",
            "confidence": "0.7264993786811829"
        },
        {
            "gameTime": "1 - 30:33",
            "label": "Ball out of play",
            "position": "1833000",
            "half": "1",
            "confidence": "0.7162487506866455"
        },
        {
            "gameTime": "1 - 39:1",
            "label": "Ball out of play",
            "position": "2341500",
            "half": "1",
            "confidence": "0.7154879570007324"
        },
        {
            "gameTime": "1 - 4:21",
            "label": "Ball out of play",
            "position": "261000",
            "half": "1",
            "confidence": "0.7105087041854858"
        },
        {
            "gameTime": "1 - 29:48",
            "label": "Ball out of play",
            "position": "1788000",
            "half": "1",
            "confidence": "0.6936784982681274"
        },
        {
            "gameTime": "1 - 9:26",
            "label": "Ball out of play",
            "position": "566500",
            "half": "1",
            "confidence": "0.6926683187484741"
        },
        {
            "gameTime": "1 - 13:11",
            "label": "Ball out of play",
            "position": "791000",
            "half": "1",
            "confidence": "0.68405681848526"
        },
        {
            "gameTime": "1 - 18:31",
            "label": "Ball out of play",
            "position": "1111500",
            "half": "1",
            "confidence": "0.6807080507278442"
        },
        {
            "gameTime": "1 - 16:1",
            "label": "Ball out of play",
            "position": "961500",
            "half": "1",
            "confidence": "0.6792756915092468"
        },
        {
            "gameTime": "1 - 14:32",
            "label": "Ball out of play",
            "position": "872500",
            "half": "1",
            "confidence": "0.6787819266319275"
        },
        {
            "gameTime": "1 - 4:44",
            "label": "Ball out of play",
            "position": "284500",
            "half": "1",
            "confidence": "0.6713624596595764"
        },
        {
            "gameTime": "1 - 40:47",
            "label": "Ball out of play",
            "position": "2447500",
            "half": "1",
            "confidence": "0.6671439409255981"
        },
        {
            "gameTime": "1 - 32:57",
            "label": "Ball out of play",
            "position": "1977000",
            "half": "1",
            "confidence": "0.6571475267410278"
        },
        {
            "gameTime": "1 - 37:50",
            "label": "Ball out of play",
            "position": "2270500",
            "half": "1",
            "confidence": "0.6565241813659668"
        },
        {
            "gameTime": "1 - 34:10",
            "label": "Ball out of play",
            "position": "2050000",
            "half": "1",
            "confidence": "0.6536465287208557"
        },
        {
            "gameTime": "1 - 8:16",
            "label": "Ball out of play",
            "position": "496500",
            "half": "1",
            "confidence": "0.6436514854431152"
        },
        {
            "gameTime": "1 - 7:23",
            "label": "Ball out of play",
            "position": "443000",
            "half": "1",
            "confidence": "0.6382295489311218"
        },
        {
            "gameTime": "1 - 33:52",
            "label": "Ball out of play",
            "position": "2032000",
            "half": "1",
            "confidence": "0.6329947710037231"
        },
        {
            "gameTime": "1 - 5:36",
            "label": "Ball out of play",
            "position": "336500",
            "half": "1",
            "confidence": "0.6224355101585388"
        },
        {
            "gameTime": "1 - 35:13",
            "label": "Ball out of play",
            "position": "2113500",
            "half": "1",
            "confidence": "0.6195523142814636"
        },
        {
            "gameTime": "1 - 40:11",
            "label": "Ball out of play",
            "position": "2411500",
            "half": "1",
            "confidence": "0.6175094842910767"
        },
        {
            "gameTime": "1 - 40:36",
            "label": "Ball out of play",
            "position": "2436500",
            "half": "1",
            "confidence": "0.6161888837814331"
        },
        {
            "gameTime": "1 - 27:59",
            "label": "Ball out of play",
            "position": "1679000",
            "half": "1",
            "confidence": "0.5960643291473389"
        },
        {
            "gameTime": "1 - 29:19",
            "label": "Ball out of play",
            "position": "1759000",
            "half": "1",
            "confidence": "0.5874021649360657"
        },
        {
            "gameTime": "1 - 26:15",
            "label": "Ball out of play",
            "position": "1575000",
            "half": "1",
            "confidence": "0.5696589946746826"
        },
        {
            "gameTime": "1 - 9:54",
            "label": "Ball out of play",
            "position": "594500",
            "half": "1",
            "confidence": "0.5613424777984619"
        },
        {
            "gameTime": "1 - 11:47",
            "label": "Ball out of play",
            "position": "707500",
            "half": "1",
            "confidence": "0.5426274538040161"
        },
        {
            "gameTime": "1 - 37:39",
            "label": "Ball out of play",
            "position": "2259000",
            "half": "1",
            "confidence": "0.539664626121521"
        },
        {
            "gameTime": "1 - 42:2",
            "label": "Ball out of play",
            "position": "2522000",
            "half": "1",
            "confidence": "0.5279293656349182"
        },
        {
            "gameTime": "1 - 5:58",
            "label": "Ball out of play",
            "position": "358500",
            "half": "1",
            "confidence": "0.5242695212364197"
        },
        {
            "gameTime": "1 - 44:12",
            "label": "Ball out of play",
            "position": "2652000",
            "half": "1",
            "confidence": "0.5192579627037048"
        },
        {
            "gameTime": "1 - 5:44",
            "label": "Throw-in",
            "position": "344500",
            "half": "1",
            "confidence": "0.9593837857246399"
        },
        {
            "gameTime": "1 - 33:56",
            "label": "Throw-in",
            "position": "2036500",
            "half": "1",
            "confidence": "0.9304909706115723"
        },
        {
            "gameTime": "1 - 30:32",
            "label": "Throw-in",
            "position": "1832000",
            "half": "1",
            "confidence": "0.926299512386322"
        },
        {
            "gameTime": "1 - 41:48",
            "label": "Throw-in",
            "position": "2508500",
            "half": "1",
            "confidence": "0.9237645268440247"
        },
        {
            "gameTime": "1 - 41:38",
            "label": "Throw-in",
            "position": "2498000",
            "half": "1",
            "confidence": "0.8767945170402527"
        },
        {
            "gameTime": "1 - 5:54",
            "label": "Throw-in",
            "position": "354500",
            "half": "1",
            "confidence": "0.8697239756584167"
        },
        {
            "gameTime": "1 - 34:6",
            "label": "Throw-in",
            "position": "2046500",
            "half": "1",
            "confidence": "0.8641954660415649"
        },
        {
            "gameTime": "1 - 18:25",
            "label": "Throw-in",
            "position": "1105000",
            "half": "1",
            "confidence": "0.8536679148674011"
        },
        {
            "gameTime": "1 - 30:42",
            "label": "Throw-in",
            "position": "1842500",
            "half": "1",
            "confidence": "0.8531975150108337"
        },
        {
            "gameTime": "1 - 13:49",
            "label": "Throw-in",
            "position": "829000",
            "half": "1",
            "confidence": "0.8402895331382751"
        },
        {
            "gameTime": "1 - 40:44",
            "label": "Throw-in",
            "position": "2444500",
            "half": "1",
            "confidence": "0.838409423828125"
        },
        {
            "gameTime": "1 - 23:18",
            "label": "Throw-in",
            "position": "1398000",
            "half": "1",
            "confidence": "0.8275223970413208"
        },
        {
            "gameTime": "1 - 13:13",
            "label": "Throw-in",
            "position": "793000",
            "half": "1",
            "confidence": "0.8209660649299622"
        },
        {
            "gameTime": "1 - 13:28",
            "label": "Throw-in",
            "position": "808000",
            "half": "1",
            "confidence": "0.760819673538208"
        },
        {
            "gameTime": "1 - 42:2",
            "label": "Throw-in",
            "position": "2522000",
            "half": "1",
            "confidence": "0.7316392660140991"
        },
        {
            "gameTime": "1 - 38:58",
            "label": "Throw-in",
            "position": "2338500",
            "half": "1",
            "confidence": "0.7253023386001587"
        },
        {
            "gameTime": "1 - 23:3",
            "label": "Throw-in",
            "position": "1383500",
            "half": "1",
            "confidence": "0.7145674228668213"
        },
        {
            "gameTime": "1 - 40:54",
            "label": "Throw-in",
            "position": "2454500",
            "half": "1",
            "confidence": "0.6893981695175171"
        },
        {
            "gameTime": "1 - 39:8",
            "label": "Throw-in",
            "position": "2348500",
            "half": "1",
            "confidence": "0.6877074837684631"
        },
        {
            "gameTime": "1 - 26:13",
            "label": "Throw-in",
            "position": "1573000",
            "half": "1",
            "confidence": "0.6653562784194946"
        },
        {
            "gameTime": "1 - 14:40",
            "label": "Throw-in",
            "position": "880000",
            "half": "1",
            "confidence": "0.6405298113822937"
        },
        {
            "gameTime": "1 - 24:51",
            "label": "Throw-in",
            "position": "1491000",
            "half": "1",
            "confidence": "0.6279367208480835"
        },
        {
            "gameTime": "1 - 18:14",
            "label": "Throw-in",
            "position": "1094500",
            "half": "1",
            "confidence": "0.5842271447181702"
        },
        {
            "gameTime": "1 - 26:28",
            "label": "Throw-in",
            "position": "1588500",
            "half": "1",
            "confidence": "0.5604470372200012"
        },
        {
            "gameTime": "1 - 16:2",
            "label": "Throw-in",
            "position": "962500",
            "half": "1",
            "confidence": "0.5447167158126831"
        },
        {
            "gameTime": "1 - 42:12",
            "label": "Throw-in",
            "position": "2532500",
            "half": "1",
            "confidence": "0.5420075058937073"
        },
        {
            "gameTime": "1 - 3:21",
            "label": "Throw-in",
            "position": "201500",
            "half": "1",
            "confidence": "0.5399996042251587"
        },
        {
            "gameTime": "1 - 40:34",
            "label": "Throw-in",
            "position": "2434000",
            "half": "1",
            "confidence": "0.5237013697624207"
        },
        {
            "gameTime": "1 - 25:1",
            "label": "Throw-in",
            "position": "1501000",
            "half": "1",
            "confidence": "0.5085856914520264"
        },
        {
            "gameTime": "1 - 2:51",
            "label": "Foul",
            "position": "171500",
            "half": "1",
            "confidence": "0.9021185040473938"
        },
        {
            "gameTime": "1 - 26:48",
            "label": "Foul",
            "position": "1608000",
            "half": "1",
            "confidence": "0.8537555932998657"
        },
        {
            "gameTime": "1 - 44:19",
            "label": "Foul",
            "position": "2659000",
            "half": "1",
            "confidence": "0.7816742062568665"
        },
        {
            "gameTime": "1 - 42:34",
            "label": "Foul",
            "position": "2554500",
            "half": "1",
            "confidence": "0.773045003414154"
        },
        {
            "gameTime": "1 - 44:50",
            "label": "Foul",
            "position": "2690000",
            "half": "1",
            "confidence": "0.7349606156349182"
        },
        {
            "gameTime": "1 - 3:9",
            "label": "Foul",
            "position": "189000",
            "half": "1",
            "confidence": "0.7345529198646545"
        },
        {
            "gameTime": "1 - 14:25",
            "label": "Foul",
            "position": "865000",
            "half": "1",
            "confidence": "0.7222177386283875"
        },
        {
            "gameTime": "1 - 21:33",
            "label": "Foul",
            "position": "1293500",
            "half": "1",
            "confidence": "0.6655372381210327"
        },
        {
            "gameTime": "1 - 40:33",
            "label": "Foul",
            "position": "2433500",
            "half": "1",
            "confidence": "0.650771975517273"
        },
        {
            "gameTime": "1 - 14:36",
            "label": "Foul",
            "position": "876500",
            "half": "1",
            "confidence": "0.6101506948471069"
        },
        {
            "gameTime": "1 - 44:38",
            "label": "Foul",
            "position": "2678500",
            "half": "1",
            "confidence": "0.5731691122055054"
        },
        {
            "gameTime": "1 - 3:20",
            "label": "Foul",
            "position": "200000",
            "half": "1",
            "confidence": "0.5514969229698181"
        },
        {
            "gameTime": "1 - 6:3",
            "label": "Foul",
            "position": "363500",
            "half": "1",
            "confidence": "0.5420125126838684"
        },
        {
            "gameTime": "1 - 42:47",
            "label": "Foul",
            "position": "2567500",
            "half": "1",
            "confidence": "0.5327060222625732"
        },
        {
            "gameTime": "1 - 28:28",
            "label": "Foul",
            "position": "1708000",
            "half": "1",
            "confidence": "0.5319672226905823"
        },
        {
            "gameTime": "1 - 41:59",
            "label": "Foul",
            "position": "2519000",
            "half": "1",
            "confidence": "0.5309221148490906"
        },
        {
            "gameTime": "1 - 37:14",
            "label": "Foul",
            "position": "2234000",
            "half": "1",
            "confidence": "0.5234665274620056"
        },
        {
            "gameTime": "1 - 8:9",
            "label": "Foul",
            "position": "489500",
            "half": "1",
            "confidence": "0.5111784934997559"
        },
        {
            "gameTime": "1 - 21:54",
            "label": "Indirect free-kick",
            "position": "1314500",
            "half": "1",
            "confidence": "0.6948837041854858"
        },
        {
            "gameTime": "1 - 36:18",
            "label": "Indirect free-kick",
            "position": "2178000",
            "half": "1",
            "confidence": "0.610386073589325"
        },
        {
            "gameTime": "1 - 12:7",
            "label": "Indirect free-kick",
            "position": "727500",
            "half": "1",
            "confidence": "0.5038255453109741"
        },
        {
            "gameTime": "1 - 7:16",
            "label": "Corner",
            "position": "436000",
            "half": "1",
            "confidence": "0.9996047616004944"
        },
        {
            "gameTime": "1 - 9:57",
            "label": "Corner",
            "position": "597500",
            "half": "1",
            "confidence": "0.9992296695709229"
        },
        {
            "gameTime": "1 - 7:4",
            "label": "Corner",
            "position": "424500",
            "half": "1",
            "confidence": "0.998236894607544"
        },
        {
            "gameTime": "1 - 39:53",
            "label": "Corner",
            "position": "2393500",
            "half": "1",
            "confidence": "0.9293055534362793"
        },
        {
            "gameTime": "1 - 4:46",
            "label": "Corner",
            "position": "286500",
            "half": "1",
            "confidence": "0.9136141538619995"
        },
        {
            "gameTime": "1 - 7:26",
            "label": "Corner",
            "position": "446000",
            "half": "1",
            "confidence": "0.8970881700515747"
        },
        {
            "gameTime": "1 - 10:7",
            "label": "Corner",
            "position": "607500",
            "half": "1",
            "confidence": "0.8391444087028503"
        },
        {
            "gameTime": "1 - 5:0",
            "label": "Corner",
            "position": "300000",
            "half": "1",
            "confidence": "0.6217539310455322"
        },
        {
            "gameTime": "1 - 37:25",
            "label": "Yellow card",
            "position": "2245000",
            "half": "1",
            "confidence": "0.5159499049186707"
        },
        {
            "gameTime": "2 - 0:0",
            "label": "Kick-off",
            "position": "0",
            "half": "2",
            "confidence": "0.9708672761917114"
        },
        {
            "gameTime": "2 - 0:10",
            "label": "Kick-off",
            "position": "10000",
            "half": "2",
            "confidence": "0.7409567832946777"
        },
        {
            "gameTime": "2 - 19:1",
            "label": "Goal",
            "position": "1141000",
            "half": "2",
            "confidence": "0.9332725405693054"
        },
        {
            "gameTime": "2 - 18:50",
            "label": "Goal",
            "position": "1130500",
            "half": "2",
            "confidence": "0.6551807522773743"
        },
        {
            "gameTime": "2 - 23:28",
            "label": "Goal",
            "position": "1408000",
            "half": "2",
            "confidence": "0.5274780988693237"
        },
        {
            "gameTime": "2 - 35:0",
            "label": "Substitution",
            "position": "2100000",
            "half": "2",
            "confidence": "0.9560033082962036"
        },
        {
            "gameTime": "2 - 23:12",
            "label": "Substitution",
            "position": "1392000",
            "half": "2",
            "confidence": "0.9350292086601257"
        },
        {
            "gameTime": "2 - 33:21",
            "label": "Substitution",
            "position": "2001500",
            "half": "2",
            "confidence": "0.9102302193641663"
        },
        {
            "gameTime": "2 - 19:59",
            "label": "Substitution",
            "position": "1199500",
            "half": "2",
            "confidence": "0.7572227716445923"
        },
        {
            "gameTime": "2 - 23:22",
            "label": "Substitution",
            "position": "1402000",
            "half": "2",
            "confidence": "0.6816753149032593"
        },
        {
            "gameTime": "2 - 23:0",
            "label": "Substitution",
            "position": "1380000",
            "half": "2",
            "confidence": "0.6791887879371643"
        },
        {
            "gameTime": "2 - 35:15",
            "label": "Substitution",
            "position": "2115000",
            "half": "2",
            "confidence": "0.5896361470222473"
        },
        {
            "gameTime": "2 - 26:56",
            "label": "Offside",
            "position": "1616500",
            "half": "2",
            "confidence": "0.7430323362350464"
        },
        {
            "gameTime": "2 - 22:51",
            "label": "Offside",
            "position": "1371500",
            "half": "2",
            "confidence": "0.6494618058204651"
        },
        {
            "gameTime": "2 - 19:0",
            "label": "Shots on target",
            "position": "1140000",
            "half": "2",
            "confidence": "0.768257737159729"
        },
        {
            "gameTime": "2 - 31:34",
            "label": "Shots on target",
            "position": "1894500",
            "half": "2",
            "confidence": "0.7117656469345093"
        },
        {
            "gameTime": "2 - 31:47",
            "label": "Shots on target",
            "position": "1907500",
            "half": "2",
            "confidence": "0.7061536908149719"
        },
        {
            "gameTime": "2 - 15:53",
            "label": "Shots on target",
            "position": "953500",
            "half": "2",
            "confidence": "0.6739113330841064"
        },
        {
            "gameTime": "2 - 2:51",
            "label": "Shots on target",
            "position": "171500",
            "half": "2",
            "confidence": "0.662071943283081"
        },
        {
            "gameTime": "2 - 13:17",
            "label": "Shots on target",
            "position": "797500",
            "half": "2",
            "confidence": "0.6590095162391663"
        },
        {
            "gameTime": "2 - 14:21",
            "label": "Shots on target",
            "position": "861500",
            "half": "2",
            "confidence": "0.6555120348930359"
        },
        {
            "gameTime": "2 - 27:49",
            "label": "Shots on target",
            "position": "1669500",
            "half": "2",
            "confidence": "0.6532375812530518"
        },
        {
            "gameTime": "2 - 27:59",
            "label": "Shots on target",
            "position": "1679500",
            "half": "2",
            "confidence": "0.645569384098053"
        },
        {
            "gameTime": "2 - 18:46",
            "label": "Shots on target",
            "position": "1126500",
            "half": "2",
            "confidence": "0.6095883846282959"
        },
        {
            "gameTime": "2 - 40:25",
            "label": "Shots on target",
            "position": "2425000",
            "half": "2",
            "confidence": "0.5722528100013733"
        },
        {
            "gameTime": "2 - 39:10",
            "label": "Shots on target",
            "position": "2350000",
            "half": "2",
            "confidence": "0.5383307933807373"
        },
        {
            "gameTime": "2 - 7:57",
            "label": "Shots on target",
            "position": "477500",
            "half": "2",
            "confidence": "0.5364261269569397"
        },
        {
            "gameTime": "2 - 39:31",
            "label": "Shots on target",
            "position": "2371500",
            "half": "2",
            "confidence": "0.535452663898468"
        },
        {
            "gameTime": "2 - 4:19",
            "label": "Shots on target",
            "position": "259000",
            "half": "2",
            "confidence": "0.507485568523407"
        },
        {
            "gameTime": "2 - 8:10",
            "label": "Shots off target",
            "position": "490500",
            "half": "2",
            "confidence": "0.8848732113838196"
        },
        {
            "gameTime": "2 - 17:0",
            "label": "Shots off target",
            "position": "1020500",
            "half": "2",
            "confidence": "0.8661304116249084"
        },
        {
            "gameTime": "2 - 13:21",
            "label": "Shots off target",
            "position": "801000",
            "half": "2",
            "confidence": "0.840474009513855"
        },
        {
            "gameTime": "2 - 7:59",
            "label": "Shots off target",
            "position": "479500",
            "half": "2",
            "confidence": "0.8041117787361145"
        },
        {
            "gameTime": "2 - 40:39",
            "label": "Shots off target",
            "position": "2439000",
            "half": "2",
            "confidence": "0.7468773126602173"
        },
        {
            "gameTime": "2 - 2:56",
            "label": "Shots off target",
            "position": "176500",
            "half": "2",
            "confidence": "0.726565420627594"
        },
        {
            "gameTime": "2 - 24:38",
            "label": "Shots off target",
            "position": "1478500",
            "half": "2",
            "confidence": "0.7111154794692993"
        },
        {
            "gameTime": "2 - 40:28",
            "label": "Shots off target",
            "position": "2428000",
            "half": "2",
            "confidence": "0.7052097320556641"
        },
        {
            "gameTime": "2 - 26:57",
            "label": "Shots off target",
            "position": "1617500",
            "half": "2",
            "confidence": "0.6259123682975769"
        },
        {
            "gameTime": "2 - 13:31",
            "label": "Shots off target",
            "position": "811000",
            "half": "2",
            "confidence": "0.6258558630943298"
        },
        {
            "gameTime": "2 - 18:45",
            "label": "Shots off target",
            "position": "1125000",
            "half": "2",
            "confidence": "0.6009337306022644"
        },
        {
            "gameTime": "2 - 14:29",
            "label": "Shots off target",
            "position": "869000",
            "half": "2",
            "confidence": "0.5749714374542236"
        },
        {
            "gameTime": "2 - 24:48",
            "label": "Shots off target",
            "position": "1488500",
            "half": "2",
            "confidence": "0.5608959794044495"
        },
        {
            "gameTime": "2 - 16:49",
            "label": "Shots off target",
            "position": "1009000",
            "half": "2",
            "confidence": "0.5438537001609802"
        },
        {
            "gameTime": "2 - 15:47",
            "label": "Shots off target",
            "position": "947500",
            "half": "2",
            "confidence": "0.5267963409423828"
        },
        {
            "gameTime": "2 - 42:41",
            "label": "Shots off target",
            "position": "2561500",
            "half": "2",
            "confidence": "0.5015135407447815"
        },
        {
            "gameTime": "2 - 5:46",
            "label": "Clearance",
            "position": "346500",
            "half": "2",
            "confidence": "0.9520403146743774"
        },
        {
            "gameTime": "2 - 17:26",
            "label": "Clearance",
            "position": "1046000",
            "half": "2",
            "confidence": "0.9232693910598755"
        },
        {
            "gameTime": "2 - 17:36",
            "label": "Clearance",
            "position": "1056000",
            "half": "2",
            "confidence": "0.8358778953552246"
        },
        {
            "gameTime": "2 - 5:35",
            "label": "Clearance",
            "position": "335000",
            "half": "2",
            "confidence": "0.6597884297370911"
        },
        {
            "gameTime": "2 - 13:31",
            "label": "Clearance",
            "position": "811000",
            "half": "2",
            "confidence": "0.6276895999908447"
        },
        {
            "gameTime": "2 - 19:36",
            "label": "Clearance",
            "position": "1176500",
            "half": "2",
            "confidence": "0.5547692775726318"
        },
        {
            "gameTime": "2 - 3:12",
            "label": "Clearance",
            "position": "192000",
            "half": "2",
            "confidence": "0.5541622042655945"
        },
        {
            "gameTime": "2 - 8:40",
            "label": "Clearance",
            "position": "520000",
            "half": "2",
            "confidence": "0.55385422706604"
        },
        {
            "gameTime": "2 - 25:5",
            "label": "Clearance",
            "position": "1505500",
            "half": "2",
            "confidence": "0.5479577779769897"
        },
        {
            "gameTime": "2 - 9:49",
            "label": "Clearance",
            "position": "589000",
            "half": "2",
            "confidence": "0.5290911793708801"
        },
        {
            "gameTime": "2 - 22:4",
            "label": "Ball out of play",
            "position": "1324500",
            "half": "2",
            "confidence": "0.9365339875221252"
        },
        {
            "gameTime": "2 - 4:50",
            "label": "Ball out of play",
            "position": "290500",
            "half": "2",
            "confidence": "0.9326143860816956"
        },
        {
            "gameTime": "2 - 13:31",
            "label": "Ball out of play",
            "position": "811500",
            "half": "2",
            "confidence": "0.907137393951416"
        },
        {
            "gameTime": "2 - 5:0",
            "label": "Ball out of play",
            "position": "300500",
            "half": "2",
            "confidence": "0.87617427110672"
        },
        {
            "gameTime": "2 - 8:14",
            "label": "Ball out of play",
            "position": "494000",
            "half": "2",
            "confidence": "0.8648537397384644"
        },
        {
            "gameTime": "2 - 4:17",
            "label": "Ball out of play",
            "position": "257000",
            "half": "2",
            "confidence": "0.8641219139099121"
        },
        {
            "gameTime": "2 - 30:57",
            "label": "Ball out of play",
            "position": "1857500",
            "half": "2",
            "confidence": "0.8582991361618042"
        },
        {
            "gameTime": "2 - 40:28",
            "label": "Ball out of play",
            "position": "2428000",
            "half": "2",
            "confidence": "0.8552358150482178"
        },
        {
            "gameTime": "2 - 3:4",
            "label": "Ball out of play",
            "position": "184000",
            "half": "2",
            "confidence": "0.8540690541267395"
        },
        {
            "gameTime": "2 - 13:21",
            "label": "Ball out of play",
            "position": "801000",
            "half": "2",
            "confidence": "0.8538315296173096"
        },
        {
            "gameTime": "2 - 39:37",
            "label": "Ball out of play",
            "position": "2377000",
            "half": "2",
            "confidence": "0.8425324559211731"
        },
        {
            "gameTime": "2 - 21:54",
            "label": "Ball out of play",
            "position": "1314000",
            "half": "2",
            "confidence": "0.8376510739326477"
        },
        {
            "gameTime": "2 - 34:22",
            "label": "Ball out of play",
            "position": "2062000",
            "half": "2",
            "confidence": "0.8372494578361511"
        },
        {
            "gameTime": "2 - 39:2",
            "label": "Ball out of play",
            "position": "2342500",
            "half": "2",
            "confidence": "0.8357881307601929"
        },
        {
            "gameTime": "2 - 40:38",
            "label": "Ball out of play",
            "position": "2438000",
            "half": "2",
            "confidence": "0.8271983861923218"
        },
        {
            "gameTime": "2 - 24:47",
            "label": "Ball out of play",
            "position": "1487000",
            "half": "2",
            "confidence": "0.826354444026947"
        },
        {
            "gameTime": "2 - 4:32",
            "label": "Ball out of play",
            "position": "272000",
            "half": "2",
            "confidence": "0.8116593360900879"
        },
        {
            "gameTime": "2 - 17:2",
            "label": "Ball out of play",
            "position": "1022500",
            "half": "2",
            "confidence": "0.8072003126144409"
        },
        {
            "gameTime": "2 - 38:50",
            "label": "Ball out of play",
            "position": "2330500",
            "half": "2",
            "confidence": "0.8031324148178101"
        },
        {
            "gameTime": "2 - 11:17",
            "label": "Ball out of play",
            "position": "677000",
            "half": "2",
            "confidence": "0.7977553606033325"
        },
        {
            "gameTime": "2 - 5:10",
            "label": "Ball out of play",
            "position": "310500",
            "half": "2",
            "confidence": "0.7932500243186951"
        },
        {
            "gameTime": "2 - 9:19",
            "label": "Ball out of play",
            "position": "559000",
            "half": "2",
            "confidence": "0.7848427295684814"
        },
        {
            "gameTime": "2 - 13:45",
            "label": "Ball out of play",
            "position": "825500",
            "half": "2",
            "confidence": "0.7659907341003418"
        },
        {
            "gameTime": "2 - 32:41",
            "label": "Ball out of play",
            "position": "1961500",
            "half": "2",
            "confidence": "0.7603990435600281"
        },
        {
            "gameTime": "2 - 38:21",
            "label": "Ball out of play",
            "position": "2301000",
            "half": "2",
            "confidence": "0.75123131275177"
        },
        {
            "gameTime": "2 - 30:47",
            "label": "Ball out of play",
            "position": "1847000",
            "half": "2",
            "confidence": "0.7493778467178345"
        },
        {
            "gameTime": "2 - 22:29",
            "label": "Ball out of play",
            "position": "1349000",
            "half": "2",
            "confidence": "0.7489485144615173"
        },
        {
            "gameTime": "2 - 42:35",
            "label": "Ball out of play",
            "position": "2555500",
            "half": "2",
            "confidence": "0.7448753118515015"
        },
        {
            "gameTime": "2 - 11:30",
            "label": "Ball out of play",
            "position": "690000",
            "half": "2",
            "confidence": "0.7354081869125366"
        },
        {
            "gameTime": "2 - 22:15",
            "label": "Ball out of play",
            "position": "1335500",
            "half": "2",
            "confidence": "0.7341585159301758"
        },
        {
            "gameTime": "2 - 16:51",
            "label": "Ball out of play",
            "position": "1011000",
            "half": "2",
            "confidence": "0.7337164282798767"
        },
        {
            "gameTime": "2 - 38:33",
            "label": "Ball out of play",
            "position": "2313500",
            "half": "2",
            "confidence": "0.7215638160705566"
        },
        {
            "gameTime": "2 - 18:59",
            "label": "Ball out of play",
            "position": "1139500",
            "half": "2",
            "confidence": "0.7155483365058899"
        },
        {
            "gameTime": "2 - 22:46",
            "label": "Ball out of play",
            "position": "1366000",
            "half": "2",
            "confidence": "0.7078410983085632"
        },
        {
            "gameTime": "2 - 8:0",
            "label": "Ball out of play",
            "position": "480500",
            "half": "2",
            "confidence": "0.7013949155807495"
        },
        {
            "gameTime": "2 - 18:49",
            "label": "Ball out of play",
            "position": "1129000",
            "half": "2",
            "confidence": "0.6841089129447937"
        },
        {
            "gameTime": "2 - 24:36",
            "label": "Ball out of play",
            "position": "1476000",
            "half": "2",
            "confidence": "0.6679590940475464"
        },
        {
            "gameTime": "2 - 39:26",
            "label": "Ball out of play",
            "position": "2366500",
            "half": "2",
            "confidence": "0.6622161865234375"
        },
        {
            "gameTime": "2 - 0:41",
            "label": "Ball out of play",
            "position": "41000",
            "half": "2",
            "confidence": "0.6612706184387207"
        },
        {
            "gameTime": "2 - 36:20",
            "label": "Ball out of play",
            "position": "2180000",
            "half": "2",
            "confidence": "0.6529890894889832"
        },
        {
            "gameTime": "2 - 9:8",
            "label": "Ball out of play",
            "position": "548500",
            "half": "2",
            "confidence": "0.6512366533279419"
        },
        {
            "gameTime": "2 - 5:21",
            "label": "Ball out of play",
            "position": "321500",
            "half": "2",
            "confidence": "0.6410148739814758"
        },
        {
            "gameTime": "2 - 26:51",
            "label": "Ball out of play",
            "position": "1611000",
            "half": "2",
            "confidence": "0.640204668045044"
        },
        {
            "gameTime": "2 - 27:50",
            "label": "Ball out of play",
            "position": "1670500",
            "half": "2",
            "confidence": "0.6398308277130127"
        },
        {
            "gameTime": "2 - 33:37",
            "label": "Ball out of play",
            "position": "2017000",
            "half": "2",
            "confidence": "0.6239398717880249"
        },
        {
            "gameTime": "2 - 34:11",
            "label": "Ball out of play",
            "position": "2051500",
            "half": "2",
            "confidence": "0.6089974641799927"
        },
        {
            "gameTime": "2 - 21:30",
            "label": "Ball out of play",
            "position": "1290000",
            "half": "2",
            "confidence": "0.6030346155166626"
        },
        {
            "gameTime": "2 - 23:27",
            "label": "Ball out of play",
            "position": "1407500",
            "half": "2",
            "confidence": "0.6014078259468079"
        },
        {
            "gameTime": "2 - 2:53",
            "label": "Ball out of play",
            "position": "173500",
            "half": "2",
            "confidence": "0.6001864671707153"
        },
        {
            "gameTime": "2 - 27:28",
            "label": "Ball out of play",
            "position": "1648500",
            "half": "2",
            "confidence": "0.5905137658119202"
        },
        {
            "gameTime": "2 - 5:50",
            "label": "Ball out of play",
            "position": "350000",
            "half": "2",
            "confidence": "0.5887208580970764"
        },
        {
            "gameTime": "2 - 36:30",
            "label": "Ball out of play",
            "position": "2190000",
            "half": "2",
            "confidence": "0.5821203589439392"
        },
        {
            "gameTime": "2 - 27:5",
            "label": "Ball out of play",
            "position": "1625500",
            "half": "2",
            "confidence": "0.5788016319274902"
        },
        {
            "gameTime": "2 - 33:56",
            "label": "Ball out of play",
            "position": "2036000",
            "half": "2",
            "confidence": "0.5786086320877075"
        },
        {
            "gameTime": "2 - 34:42",
            "label": "Ball out of play",
            "position": "2082000",
            "half": "2",
            "confidence": "0.5754943490028381"
        },
        {
            "gameTime": "2 - 41:26",
            "label": "Ball out of play",
            "position": "2486000",
            "half": "2",
            "confidence": "0.5744931101799011"
        },
        {
            "gameTime": "2 - 0:53",
            "label": "Ball out of play",
            "position": "53500",
            "half": "2",
            "confidence": "0.5685188174247742"
        },
        {
            "gameTime": "2 - 4:6",
            "label": "Ball out of play",
            "position": "246500",
            "half": "2",
            "confidence": "0.5527535080909729"
        },
        {
            "gameTime": "2 - 21:43",
            "label": "Ball out of play",
            "position": "1303500",
            "half": "2",
            "confidence": "0.533278226852417"
        },
        {
            "gameTime": "2 - 9:34",
            "label": "Ball out of play",
            "position": "574500",
            "half": "2",
            "confidence": "0.5263630151748657"
        },
        {
            "gameTime": "2 - 21:44",
            "label": "Throw-in",
            "position": "1304500",
            "half": "2",
            "confidence": "0.9701637029647827"
        },
        {
            "gameTime": "2 - 27:24",
            "label": "Throw-in",
            "position": "1644000",
            "half": "2",
            "confidence": "0.9700901508331299"
        },
        {
            "gameTime": "2 - 4:56",
            "label": "Throw-in",
            "position": "296000",
            "half": "2",
            "confidence": "0.9540071487426758"
        },
        {
            "gameTime": "2 - 22:0",
            "label": "Throw-in",
            "position": "1320500",
            "half": "2",
            "confidence": "0.9316025972366333"
        },
        {
            "gameTime": "2 - 13:47",
            "label": "Throw-in",
            "position": "827000",
            "half": "2",
            "confidence": "0.852760374546051"
        },
        {
            "gameTime": "2 - 21:32",
            "label": "Throw-in",
            "position": "1292500",
            "half": "2",
            "confidence": "0.8507323265075684"
        },
        {
            "gameTime": "2 - 33:59",
            "label": "Throw-in",
            "position": "2039500",
            "half": "2",
            "confidence": "0.7545815706253052"
        },
        {
            "gameTime": "2 - 36:27",
            "label": "Throw-in",
            "position": "2187000",
            "half": "2",
            "confidence": "0.7545697689056396"
        },
        {
            "gameTime": "2 - 23:22",
            "label": "Throw-in",
            "position": "1402000",
            "half": "2",
            "confidence": "0.7390269637107849"
        },
        {
            "gameTime": "2 - 6:45",
            "label": "Throw-in",
            "position": "405500",
            "half": "2",
            "confidence": "0.7289881706237793"
        },
        {
            "gameTime": "2 - 22:29",
            "label": "Throw-in",
            "position": "1349500",
            "half": "2",
            "confidence": "0.7185905575752258"
        },
        {
            "gameTime": "2 - 6:56",
            "label": "Throw-in",
            "position": "416000",
            "half": "2",
            "confidence": "0.7085549831390381"
        },
        {
            "gameTime": "2 - 13:57",
            "label": "Throw-in",
            "position": "837000",
            "half": "2",
            "confidence": "0.6999759674072266"
        },
        {
            "gameTime": "2 - 33:47",
            "label": "Throw-in",
            "position": "2027500",
            "half": "2",
            "confidence": "0.6951249241828918"
        },
        {
            "gameTime": "2 - 5:6",
            "label": "Throw-in",
            "position": "306500",
            "half": "2",
            "confidence": "0.6922467350959778"
        },
        {
            "gameTime": "2 - 36:16",
            "label": "Throw-in",
            "position": "2176500",
            "half": "2",
            "confidence": "0.6646487712860107"
        },
        {
            "gameTime": "2 - 27:13",
            "label": "Throw-in",
            "position": "1633500",
            "half": "2",
            "confidence": "0.6151893734931946"
        },
        {
            "gameTime": "2 - 33:37",
            "label": "Throw-in",
            "position": "2017000",
            "half": "2",
            "confidence": "0.5588868856430054"
        },
        {
            "gameTime": "2 - 22:10",
            "label": "Throw-in",
            "position": "1330500",
            "half": "2",
            "confidence": "0.527476966381073"
        },
        {
            "gameTime": "2 - 44:41",
            "label": "Throw-in",
            "position": "2681500",
            "half": "2",
            "confidence": "0.5102173686027527"
        },
        {
            "gameTime": "2 - 29:53",
            "label": "Foul",
            "position": "1793000",
            "half": "2",
            "confidence": "0.9270038604736328"
        },
        {
            "gameTime": "2 - 29:38",
            "label": "Foul",
            "position": "1778000",
            "half": "2",
            "confidence": "0.9201924800872803"
        },
        {
            "gameTime": "2 - 12:38",
            "label": "Foul",
            "position": "758500",
            "half": "2",
            "confidence": "0.8281555771827698"
        },
        {
            "gameTime": "2 - 3:24",
            "label": "Foul",
            "position": "204000",
            "half": "2",
            "confidence": "0.823066234588623"
        },
        {
            "gameTime": "2 - 3:34",
            "label": "Foul",
            "position": "214000",
            "half": "2",
            "confidence": "0.7160202860832214"
        },
        {
            "gameTime": "2 - 44:45",
            "label": "Foul",
            "position": "2685000",
            "half": "2",
            "confidence": "0.7041738629341125"
        },
        {
            "gameTime": "2 - 3:45",
            "label": "Foul",
            "position": "225500",
            "half": "2",
            "confidence": "0.6698660254478455"
        },
        {
            "gameTime": "2 - 22:54",
            "label": "Foul",
            "position": "1374000",
            "half": "2",
            "confidence": "0.5820126533508301"
        },
        {
            "gameTime": "2 - 3:48",
            "label": "Indirect free-kick",
            "position": "228500",
            "half": "2",
            "confidence": "0.5749291777610779"
        },
        {
            "gameTime": "2 - 32:57",
            "label": "Indirect free-kick",
            "position": "1977000",
            "half": "2",
            "confidence": "0.5662133097648621"
        },
        {
            "gameTime": "2 - 29:53",
            "label": "Indirect free-kick",
            "position": "1793000",
            "half": "2",
            "confidence": "0.5123230218887329"
        },
        {
            "gameTime": "2 - 13:17",
            "label": "Direct free-kick",
            "position": "797500",
            "half": "2",
            "confidence": "0.8958183526992798"
        },
        {
            "gameTime": "2 - 9:21",
            "label": "Corner",
            "position": "561000",
            "half": "2",
            "confidence": "0.9881848096847534"
        },
        {
            "gameTime": "2 - 9:31",
            "label": "Corner",
            "position": "571000",
            "half": "2",
            "confidence": "0.9593507647514343"
        },
        {
            "gameTime": "2 - 39:26",
            "label": "Corner",
            "position": "2366000",
            "half": "2",
            "confidence": "0.9419793486595154"
        },
        {
            "gameTime": "2 - 41:12",
            "label": "Corner",
            "position": "2472000",
            "half": "2",
            "confidence": "0.9263256788253784"
        },
        {
            "gameTime": "2 - 34:38",
            "label": "Corner",
            "position": "2078000",
            "half": "2",
            "confidence": "0.8812656998634338"
        },
        {
            "gameTime": "2 - 4:32",
            "label": "Corner",
            "position": "272000",
            "half": "2",
            "confidence": "0.8474489450454712"
        },
        {
            "gameTime": "2 - 11:27",
            "label": "Corner",
            "position": "687500",
            "half": "2",
            "confidence": "0.8037487268447876"
        },
        {
            "gameTime": "2 - 40:59",
            "label": "Corner",
            "position": "2459500",
            "half": "2",
            "confidence": "0.7118827700614929"
        },
        {
            "gameTime": "2 - 4:20",
            "label": "Corner",
            "position": "260000",
            "half": "2",
            "confidence": "0.6012382507324219"
        },
        {
            "gameTime": "2 - 34:48",
            "label": "Corner",
            "position": "2088000",
            "half": "2",
            "confidence": "0.5715135335922241"
        },
        {
            "gameTime": "2 - 22:55",
            "label": "Yellow card",
            "position": "1375000",
            "half": "2",
            "confidence": "0.8052880167961121"
        },
        {
            "gameTime": "2 - 12:47",
            "label": "Yellow card",
            "position": "767500",
            "half": "2",
            "confidence": "0.6598178744316101"
        }
    ]
}