{
    "UrlLocal": "germany_bundesliga/2014-2015/2015-05-09 - 16-30 Bayern Munich 0 - 1 FC Augsburg",
    "predictions": [
        {
            "gameTime": "1 - 31:24",
            "label": "subs",
            "position": "1884000",
            "half": "1",
            "confidence": "0.9671550989151001"
        },
        {
            "gameTime": "1 - 31:34",
            "label": "subs",
            "position": "1894000",
            "half": "1",
            "confidence": "0.6916486620903015"
        },
        {
            "gameTime": "1 - 31:13",
            "label": "subs",
            "position": "1873500",
            "half": "1",
            "confidence": "0.6211199760437012"
        },
        {
            "gameTime": "2 - 46:25",
            "label": "card",
            "position": "2785500",
            "half": "2",
            "confidence": "0.6771469712257385"
        },
        {
            "gameTime": "2 - 46:15",
            "label": "card",
            "position": "2775000",
            "half": "2",
            "confidence": "0.5087236166000366"
        },
        {
            "gameTime": "2 - 28:8",
            "label": "subs",
            "position": "1688500",
            "half": "2",
            "confidence": "0.966366708278656"
        },
        {
            "gameTime": "2 - 28:18",
            "label": "subs",
            "position": "1698500",
            "half": "2",
            "confidence": "0.9477644562721252"
        },
        {
            "gameTime": "2 - 37:18",
            "label": "subs",
            "position": "2238000",
            "half": "2",
            "confidence": "0.6335529088973999"
        },
        {
            "gameTime": "2 - 37:28",
            "label": "subs",
            "position": "2248500",
            "half": "2",
            "confidence": "0.5612261295318604"
        },
        {
            "gameTime": "2 - 25:9",
            "label": "soccer",
            "position": "1509500",
            "half": "2",
            "confidence": "0.6447018384933472"
        }
    ]
}