{
    "UrlLocal": "germany_bundesliga/2016-2017/2016-12-17 - 18-00 Leipzig 2 - 0 Hertha",
    "predictions": [
        {
            "gameTime": "1 - 27:35",
            "label": "card",
            "position": "1655500",
            "half": "1",
            "confidence": "0.5839143991470337"
        },
        {
            "gameTime": "1 - 35:38",
            "label": "card",
            "position": "2138000",
            "half": "1",
            "confidence": "0.5382352471351624"
        },
        {
            "gameTime": "1 - 10:42",
            "label": "subs",
            "position": "642000",
            "half": "1",
            "confidence": "0.8123344779014587"
        },
        {
            "gameTime": "1 - 45:38",
            "label": "subs",
            "position": "2738000",
            "half": "1",
            "confidence": "0.7643921971321106"
        },
        {
            "gameTime": "1 - 10:31",
            "label": "subs",
            "position": "631500",
            "half": "1",
            "confidence": "0.7367955446243286"
        },
        {
            "gameTime": "1 - 45:27",
            "label": "subs",
            "position": "2727500",
            "half": "1",
            "confidence": "0.7353837490081787"
        },
        {
            "gameTime": "1 - 45:16",
            "label": "subs",
            "position": "2716500",
            "half": "1",
            "confidence": "0.6514063477516174"
        },
        {
            "gameTime": "1 - 40:7",
            "label": "soccer",
            "position": "2407000",
            "half": "1",
            "confidence": "0.9311197996139526"
        },
        {
            "gameTime": "2 - 27:0",
            "label": "card",
            "position": "1620000",
            "half": "2",
            "confidence": "0.8709689974784851"
        },
        {
            "gameTime": "2 - 13:15",
            "label": "card",
            "position": "795000",
            "half": "2",
            "confidence": "0.7343320846557617"
        },
        {
            "gameTime": "2 - 21:18",
            "label": "subs",
            "position": "1278500",
            "half": "2",
            "confidence": "0.8407289981842041"
        },
        {
            "gameTime": "2 - 48:8",
            "label": "subs",
            "position": "2888500",
            "half": "2",
            "confidence": "0.839483380317688"
        },
        {
            "gameTime": "2 - 38:38",
            "label": "subs",
            "position": "2318500",
            "half": "2",
            "confidence": "0.7740973234176636"
        },
        {
            "gameTime": "2 - 21:8",
            "label": "subs",
            "position": "1268000",
            "half": "2",
            "confidence": "0.6408923268318176"
        },
        {
            "gameTime": "2 - 16:14",
            "label": "soccer",
            "position": "974000",
            "half": "2",
            "confidence": "0.9918917417526245"
        },
        {
            "gameTime": "2 - 38:27",
            "label": "soccer",
            "position": "2307000",
            "half": "2",
            "confidence": "0.8831983208656311"
        }
    ]
}