{
    "UrlLocal": "germany_bundesliga/2016-2017/2017-01-28 - 18-00 Leipzig 2 - 1 Hoffenheim",
    "predictions": [
        {
            "gameTime": "1 - 18:32",
            "label": "Kick-off",
            "position": "1112000",
            "half": "1",
            "confidence": "0.8179469704627991"
        },
        {
            "gameTime": "1 - 3:58",
            "label": "Kick-off",
            "position": "238500",
            "half": "1",
            "confidence": "0.5354275703430176"
        },
        {
            "gameTime": "1 - 17:46",
            "label": "Goal",
            "position": "1066000",
            "half": "1",
            "confidence": "0.7622398138046265"
        },
        {
            "gameTime": "1 - 30:2",
            "label": "Goal",
            "position": "1802000",
            "half": "1",
            "confidence": "0.5403382778167725"
        },
        {
            "gameTime": "1 - 34:42",
            "label": "Substitution",
            "position": "2082500",
            "half": "1",
            "confidence": "0.5278592109680176"
        },
        {
            "gameTime": "1 - 17:45",
            "label": "Shots on target",
            "position": "1065000",
            "half": "1",
            "confidence": "0.6682634353637695"
        },
        {
            "gameTime": "1 - 8:37",
            "label": "Shots on target",
            "position": "517500",
            "half": "1",
            "confidence": "0.5993618965148926"
        },
        {
            "gameTime": "1 - 3:47",
            "label": "Shots on target",
            "position": "227000",
            "half": "1",
            "confidence": "0.583474338054657"
        },
        {
            "gameTime": "1 - 29:22",
            "label": "Shots on target",
            "position": "1762000",
            "half": "1",
            "confidence": "0.5635129809379578"
        },
        {
            "gameTime": "1 - 29:37",
            "label": "Shots on target",
            "position": "1777500",
            "half": "1",
            "confidence": "0.5331834554672241"
        },
        {
            "gameTime": "1 - 36:3",
            "label": "Shots on target",
            "position": "2163500",
            "half": "1",
            "confidence": "0.503669261932373"
        },
        {
            "gameTime": "1 - 23:0",
            "label": "Shots off target",
            "position": "1380000",
            "half": "1",
            "confidence": "0.6810290217399597"
        },
        {
            "gameTime": "1 - 30:0",
            "label": "Shots off target",
            "position": "1800500",
            "half": "1",
            "confidence": "0.6753103137016296"
        },
        {
            "gameTime": "1 - 3:46",
            "label": "Shots off target",
            "position": "226000",
            "half": "1",
            "confidence": "0.6321636438369751"
        },
        {
            "gameTime": "1 - 8:52",
            "label": "Shots off target",
            "position": "532000",
            "half": "1",
            "confidence": "0.5876778364181519"
        },
        {
            "gameTime": "1 - 12:51",
            "label": "Clearance",
            "position": "771500",
            "half": "1",
            "confidence": "0.7937597632408142"
        },
        {
            "gameTime": "1 - 4:4",
            "label": "Clearance",
            "position": "244500",
            "half": "1",
            "confidence": "0.7296305298805237"
        },
        {
            "gameTime": "1 - 30:34",
            "label": "Clearance",
            "position": "1834000",
            "half": "1",
            "confidence": "0.7267423272132874"
        },
        {
            "gameTime": "1 - 11:23",
            "label": "Clearance",
            "position": "683000",
            "half": "1",
            "confidence": "0.7083860635757446"
        },
        {
            "gameTime": "1 - 23:0",
            "label": "Ball out of play",
            "position": "1380000",
            "half": "1",
            "confidence": "0.9102358818054199"
        },
        {
            "gameTime": "1 - 36:22",
            "label": "Ball out of play",
            "position": "2182500",
            "half": "1",
            "confidence": "0.8982573747634888"
        },
        {
            "gameTime": "1 - 3:46",
            "label": "Ball out of play",
            "position": "226000",
            "half": "1",
            "confidence": "0.8863955140113831"
        },
        {
            "gameTime": "1 - 7:54",
            "label": "Ball out of play",
            "position": "474000",
            "half": "1",
            "confidence": "0.8806672096252441"
        },
        {
            "gameTime": "1 - 7:39",
            "label": "Ball out of play",
            "position": "459500",
            "half": "1",
            "confidence": "0.8778510093688965"
        },
        {
            "gameTime": "1 - 20:57",
            "label": "Ball out of play",
            "position": "1257500",
            "half": "1",
            "confidence": "0.8692375421524048"
        },
        {
            "gameTime": "1 - 44:34",
            "label": "Ball out of play",
            "position": "2674000",
            "half": "1",
            "confidence": "0.8331052660942078"
        },
        {
            "gameTime": "1 - 33:30",
            "label": "Ball out of play",
            "position": "2010500",
            "half": "1",
            "confidence": "0.8321031928062439"
        },
        {
            "gameTime": "1 - 8:50",
            "label": "Ball out of play",
            "position": "530000",
            "half": "1",
            "confidence": "0.8059017062187195"
        },
        {
            "gameTime": "1 - 44:23",
            "label": "Ball out of play",
            "position": "2663500",
            "half": "1",
            "confidence": "0.795265257358551"
        },
        {
            "gameTime": "1 - 8:5",
            "label": "Ball out of play",
            "position": "485000",
            "half": "1",
            "confidence": "0.7890039086341858"
        },
        {
            "gameTime": "1 - 36:33",
            "label": "Ball out of play",
            "position": "2193500",
            "half": "1",
            "confidence": "0.7849350571632385"
        },
        {
            "gameTime": "1 - 33:43",
            "label": "Ball out of play",
            "position": "2023000",
            "half": "1",
            "confidence": "0.773873507976532"
        },
        {
            "gameTime": "1 - 10:37",
            "label": "Ball out of play",
            "position": "637500",
            "half": "1",
            "confidence": "0.7733568549156189"
        },
        {
            "gameTime": "1 - 8:39",
            "label": "Ball out of play",
            "position": "519500",
            "half": "1",
            "confidence": "0.7579701542854309"
        },
        {
            "gameTime": "1 - 27:54",
            "label": "Ball out of play",
            "position": "1674000",
            "half": "1",
            "confidence": "0.7505887150764465"
        },
        {
            "gameTime": "1 - 29:32",
            "label": "Ball out of play",
            "position": "1772000",
            "half": "1",
            "confidence": "0.7473821640014648"
        },
        {
            "gameTime": "1 - 1:21",
            "label": "Ball out of play",
            "position": "81500",
            "half": "1",
            "confidence": "0.7255304455757141"
        },
        {
            "gameTime": "1 - 16:43",
            "label": "Ball out of play",
            "position": "1003000",
            "half": "1",
            "confidence": "0.7151007652282715"
        },
        {
            "gameTime": "1 - 9:48",
            "label": "Ball out of play",
            "position": "588500",
            "half": "1",
            "confidence": "0.7136211395263672"
        },
        {
            "gameTime": "1 - 7:28",
            "label": "Ball out of play",
            "position": "448500",
            "half": "1",
            "confidence": "0.7132068872451782"
        },
        {
            "gameTime": "1 - 15:43",
            "label": "Ball out of play",
            "position": "943000",
            "half": "1",
            "confidence": "0.7053895592689514"
        },
        {
            "gameTime": "1 - 30:15",
            "label": "Ball out of play",
            "position": "1815000",
            "half": "1",
            "confidence": "0.6801518797874451"
        },
        {
            "gameTime": "1 - 12:33",
            "label": "Ball out of play",
            "position": "753000",
            "half": "1",
            "confidence": "0.6725944876670837"
        },
        {
            "gameTime": "1 - 11:6",
            "label": "Ball out of play",
            "position": "666500",
            "half": "1",
            "confidence": "0.6559250354766846"
        },
        {
            "gameTime": "1 - 14:9",
            "label": "Ball out of play",
            "position": "849500",
            "half": "1",
            "confidence": "0.6524274349212646"
        },
        {
            "gameTime": "1 - 48:2",
            "label": "Ball out of play",
            "position": "2882000",
            "half": "1",
            "confidence": "0.6450788378715515"
        },
        {
            "gameTime": "1 - 10:56",
            "label": "Ball out of play",
            "position": "656000",
            "half": "1",
            "confidence": "0.6423792243003845"
        },
        {
            "gameTime": "1 - 23:10",
            "label": "Ball out of play",
            "position": "1390500",
            "half": "1",
            "confidence": "0.6400023698806763"
        },
        {
            "gameTime": "1 - 30:4",
            "label": "Ball out of play",
            "position": "1804000",
            "half": "1",
            "confidence": "0.6379196047782898"
        },
        {
            "gameTime": "1 - 34:11",
            "label": "Ball out of play",
            "position": "2051000",
            "half": "1",
            "confidence": "0.6364434361457825"
        },
        {
            "gameTime": "1 - 20:47",
            "label": "Ball out of play",
            "position": "1247000",
            "half": "1",
            "confidence": "0.6238219738006592"
        },
        {
            "gameTime": "1 - 44:44",
            "label": "Ball out of play",
            "position": "2684500",
            "half": "1",
            "confidence": "0.6225566864013672"
        },
        {
            "gameTime": "1 - 17:35",
            "label": "Ball out of play",
            "position": "1055000",
            "half": "1",
            "confidence": "0.6107617616653442"
        },
        {
            "gameTime": "1 - 16:56",
            "label": "Ball out of play",
            "position": "1016000",
            "half": "1",
            "confidence": "0.6031380891799927"
        },
        {
            "gameTime": "1 - 37:5",
            "label": "Ball out of play",
            "position": "2225000",
            "half": "1",
            "confidence": "0.6017764806747437"
        },
        {
            "gameTime": "1 - 14:40",
            "label": "Ball out of play",
            "position": "880500",
            "half": "1",
            "confidence": "0.5961351990699768"
        },
        {
            "gameTime": "1 - 46:17",
            "label": "Ball out of play",
            "position": "2777000",
            "half": "1",
            "confidence": "0.5928600430488586"
        },
        {
            "gameTime": "1 - 46:59",
            "label": "Ball out of play",
            "position": "2819500",
            "half": "1",
            "confidence": "0.5881630778312683"
        },
        {
            "gameTime": "1 - 28:8",
            "label": "Ball out of play",
            "position": "1688000",
            "half": "1",
            "confidence": "0.5728284120559692"
        },
        {
            "gameTime": "1 - 15:32",
            "label": "Ball out of play",
            "position": "932500",
            "half": "1",
            "confidence": "0.5687835216522217"
        },
        {
            "gameTime": "1 - 28:50",
            "label": "Ball out of play",
            "position": "1730500",
            "half": "1",
            "confidence": "0.5593994855880737"
        },
        {
            "gameTime": "1 - 21:34",
            "label": "Ball out of play",
            "position": "1294500",
            "half": "1",
            "confidence": "0.5559059977531433"
        },
        {
            "gameTime": "1 - 10:25",
            "label": "Ball out of play",
            "position": "625500",
            "half": "1",
            "confidence": "0.554046094417572"
        },
        {
            "gameTime": "1 - 1:0",
            "label": "Ball out of play",
            "position": "60500",
            "half": "1",
            "confidence": "0.5522255897521973"
        },
        {
            "gameTime": "1 - 24:31",
            "label": "Ball out of play",
            "position": "1471000",
            "half": "1",
            "confidence": "0.5377019047737122"
        },
        {
            "gameTime": "1 - 3:35",
            "label": "Ball out of play",
            "position": "215000",
            "half": "1",
            "confidence": "0.5255427956581116"
        },
        {
            "gameTime": "1 - 32:6",
            "label": "Ball out of play",
            "position": "1926500",
            "half": "1",
            "confidence": "0.520179271697998"
        },
        {
            "gameTime": "1 - 11:36",
            "label": "Ball out of play",
            "position": "696500",
            "half": "1",
            "confidence": "0.5175543427467346"
        },
        {
            "gameTime": "1 - 31:56",
            "label": "Ball out of play",
            "position": "1916000",
            "half": "1",
            "confidence": "0.5051226615905762"
        },
        {
            "gameTime": "1 - 7:51",
            "label": "Throw-in",
            "position": "471000",
            "half": "1",
            "confidence": "0.9608848094940186"
        },
        {
            "gameTime": "1 - 36:23",
            "label": "Throw-in",
            "position": "2183500",
            "half": "1",
            "confidence": "0.9482340812683105"
        },
        {
            "gameTime": "1 - 36:33",
            "label": "Throw-in",
            "position": "2193500",
            "half": "1",
            "confidence": "0.9444360733032227"
        },
        {
            "gameTime": "1 - 27:54",
            "label": "Throw-in",
            "position": "1674500",
            "half": "1",
            "confidence": "0.9425842761993408"
        },
        {
            "gameTime": "1 - 44:22",
            "label": "Throw-in",
            "position": "2662500",
            "half": "1",
            "confidence": "0.9056602120399475"
        },
        {
            "gameTime": "1 - 20:51",
            "label": "Throw-in",
            "position": "1251500",
            "half": "1",
            "confidence": "0.9009774327278137"
        },
        {
            "gameTime": "1 - 7:40",
            "label": "Throw-in",
            "position": "460500",
            "half": "1",
            "confidence": "0.8953658938407898"
        },
        {
            "gameTime": "1 - 44:46",
            "label": "Throw-in",
            "position": "2686000",
            "half": "1",
            "confidence": "0.8619252443313599"
        },
        {
            "gameTime": "1 - 8:1",
            "label": "Throw-in",
            "position": "481500",
            "half": "1",
            "confidence": "0.859251856803894"
        },
        {
            "gameTime": "1 - 28:4",
            "label": "Throw-in",
            "position": "1684500",
            "half": "1",
            "confidence": "0.8516858220100403"
        },
        {
            "gameTime": "1 - 33:42",
            "label": "Throw-in",
            "position": "2022500",
            "half": "1",
            "confidence": "0.8450184464454651"
        },
        {
            "gameTime": "1 - 1:21",
            "label": "Throw-in",
            "position": "81000",
            "half": "1",
            "confidence": "0.8241457343101501"
        },
        {
            "gameTime": "1 - 31:35",
            "label": "Throw-in",
            "position": "1895500",
            "half": "1",
            "confidence": "0.8014795780181885"
        },
        {
            "gameTime": "1 - 1:6",
            "label": "Throw-in",
            "position": "66000",
            "half": "1",
            "confidence": "0.8009867668151855"
        },
        {
            "gameTime": "1 - 34:10",
            "label": "Throw-in",
            "position": "2050500",
            "half": "1",
            "confidence": "0.7866836786270142"
        },
        {
            "gameTime": "1 - 44:32",
            "label": "Throw-in",
            "position": "2672500",
            "half": "1",
            "confidence": "0.7841805219650269"
        },
        {
            "gameTime": "1 - 28:50",
            "label": "Throw-in",
            "position": "1730000",
            "half": "1",
            "confidence": "0.7765020728111267"
        },
        {
            "gameTime": "1 - 14:9",
            "label": "Throw-in",
            "position": "849500",
            "half": "1",
            "confidence": "0.7454186677932739"
        },
        {
            "gameTime": "1 - 38:22",
            "label": "Throw-in",
            "position": "2302000",
            "half": "1",
            "confidence": "0.7376871109008789"
        },
        {
            "gameTime": "1 - 33:52",
            "label": "Throw-in",
            "position": "2032500",
            "half": "1",
            "confidence": "0.7194730043411255"
        },
        {
            "gameTime": "1 - 0:40",
            "label": "Throw-in",
            "position": "40000",
            "half": "1",
            "confidence": "0.7144140601158142"
        },
        {
            "gameTime": "1 - 9:46",
            "label": "Throw-in",
            "position": "586000",
            "half": "1",
            "confidence": "0.68546062707901"
        },
        {
            "gameTime": "1 - 16:56",
            "label": "Throw-in",
            "position": "1016000",
            "half": "1",
            "confidence": "0.6765051484107971"
        },
        {
            "gameTime": "1 - 35:16",
            "label": "Throw-in",
            "position": "2116500",
            "half": "1",
            "confidence": "0.6417781710624695"
        },
        {
            "gameTime": "1 - 20:40",
            "label": "Throw-in",
            "position": "1240000",
            "half": "1",
            "confidence": "0.603520929813385"
        },
        {
            "gameTime": "1 - 28:36",
            "label": "Throw-in",
            "position": "1716500",
            "half": "1",
            "confidence": "0.5968090891838074"
        },
        {
            "gameTime": "1 - 46:59",
            "label": "Throw-in",
            "position": "2819000",
            "half": "1",
            "confidence": "0.595025360584259"
        },
        {
            "gameTime": "1 - 31:25",
            "label": "Throw-in",
            "position": "1885000",
            "half": "1",
            "confidence": "0.5459617972373962"
        },
        {
            "gameTime": "1 - 3:28",
            "label": "Throw-in",
            "position": "208500",
            "half": "1",
            "confidence": "0.5363021492958069"
        },
        {
            "gameTime": "1 - 21:34",
            "label": "Throw-in",
            "position": "1294500",
            "half": "1",
            "confidence": "0.5227105617523193"
        },
        {
            "gameTime": "1 - 32:16",
            "label": "Throw-in",
            "position": "1936500",
            "half": "1",
            "confidence": "0.5180866718292236"
        },
        {
            "gameTime": "1 - 32:22",
            "label": "Foul",
            "position": "1942500",
            "half": "1",
            "confidence": "0.9291821122169495"
        },
        {
            "gameTime": "1 - 34:15",
            "label": "Foul",
            "position": "2055500",
            "half": "1",
            "confidence": "0.9190081357955933"
        },
        {
            "gameTime": "1 - 5:48",
            "label": "Foul",
            "position": "348500",
            "half": "1",
            "confidence": "0.914900541305542"
        },
        {
            "gameTime": "1 - 26:59",
            "label": "Foul",
            "position": "1619000",
            "half": "1",
            "confidence": "0.9083468914031982"
        },
        {
            "gameTime": "1 - 45:2",
            "label": "Foul",
            "position": "2702500",
            "half": "1",
            "confidence": "0.8631361722946167"
        },
        {
            "gameTime": "1 - 11:42",
            "label": "Foul",
            "position": "702500",
            "half": "1",
            "confidence": "0.8223046064376831"
        },
        {
            "gameTime": "1 - 45:12",
            "label": "Foul",
            "position": "2712500",
            "half": "1",
            "confidence": "0.8080176115036011"
        },
        {
            "gameTime": "1 - 5:13",
            "label": "Foul",
            "position": "313500",
            "half": "1",
            "confidence": "0.7912510633468628"
        },
        {
            "gameTime": "1 - 27:11",
            "label": "Foul",
            "position": "1631000",
            "half": "1",
            "confidence": "0.749895453453064"
        },
        {
            "gameTime": "1 - 32:39",
            "label": "Foul",
            "position": "1959500",
            "half": "1",
            "confidence": "0.7002236843109131"
        },
        {
            "gameTime": "1 - 21:3",
            "label": "Foul",
            "position": "1263500",
            "half": "1",
            "confidence": "0.6572779417037964"
        },
        {
            "gameTime": "1 - 34:25",
            "label": "Foul",
            "position": "2065500",
            "half": "1",
            "confidence": "0.6534972190856934"
        },
        {
            "gameTime": "1 - 35:37",
            "label": "Foul",
            "position": "2137500",
            "half": "1",
            "confidence": "0.6283679604530334"
        },
        {
            "gameTime": "1 - 19:1",
            "label": "Foul",
            "position": "1141000",
            "half": "1",
            "confidence": "0.600806474685669"
        },
        {
            "gameTime": "1 - 25:45",
            "label": "Foul",
            "position": "1545000",
            "half": "1",
            "confidence": "0.5642480254173279"
        },
        {
            "gameTime": "1 - 20:48",
            "label": "Foul",
            "position": "1248000",
            "half": "1",
            "confidence": "0.5327919721603394"
        },
        {
            "gameTime": "1 - 5:3",
            "label": "Foul",
            "position": "303000",
            "half": "1",
            "confidence": "0.518063485622406"
        },
        {
            "gameTime": "1 - 0:27",
            "label": "Foul",
            "position": "27000",
            "half": "1",
            "confidence": "0.5174781084060669"
        },
        {
            "gameTime": "1 - 6:15",
            "label": "Foul",
            "position": "375000",
            "half": "1",
            "confidence": "0.5071747899055481"
        },
        {
            "gameTime": "1 - 25:11",
            "label": "Indirect free-kick",
            "position": "1511000",
            "half": "1",
            "confidence": "0.6314235329627991"
        },
        {
            "gameTime": "1 - 32:55",
            "label": "Indirect free-kick",
            "position": "1975000",
            "half": "1",
            "confidence": "0.534723162651062"
        },
        {
            "gameTime": "1 - 35:42",
            "label": "Indirect free-kick",
            "position": "2142000",
            "half": "1",
            "confidence": "0.5195556282997131"
        },
        {
            "gameTime": "1 - 46:17",
            "label": "Indirect free-kick",
            "position": "2777500",
            "half": "1",
            "confidence": "0.5188233256340027"
        },
        {
            "gameTime": "1 - 33:20",
            "label": "Direct free-kick",
            "position": "2000500",
            "half": "1",
            "confidence": "0.7461299896240234"
        },
        {
            "gameTime": "1 - 23:10",
            "label": "Direct free-kick",
            "position": "1390500",
            "half": "1",
            "confidence": "0.6335469484329224"
        },
        {
            "gameTime": "1 - 10:58",
            "label": "Corner",
            "position": "658000",
            "half": "1",
            "confidence": "0.9965803027153015"
        },
        {
            "gameTime": "1 - 16:36",
            "label": "Corner",
            "position": "996500",
            "half": "1",
            "confidence": "0.9944531321525574"
        },
        {
            "gameTime": "1 - 16:2",
            "label": "Corner",
            "position": "962500",
            "half": "1",
            "confidence": "0.9933609962463379"
        },
        {
            "gameTime": "1 - 16:13",
            "label": "Corner",
            "position": "973000",
            "half": "1",
            "confidence": "0.9916816353797913"
        },
        {
            "gameTime": "1 - 9:16",
            "label": "Corner",
            "position": "556500",
            "half": "1",
            "confidence": "0.9853493571281433"
        },
        {
            "gameTime": "1 - 11:9",
            "label": "Corner",
            "position": "669000",
            "half": "1",
            "confidence": "0.9741898775100708"
        },
        {
            "gameTime": "1 - 21:41",
            "label": "Corner",
            "position": "1301500",
            "half": "1",
            "confidence": "0.9407150149345398"
        },
        {
            "gameTime": "1 - 19:21",
            "label": "Corner",
            "position": "1161000",
            "half": "1",
            "confidence": "0.9400479197502136"
        },
        {
            "gameTime": "1 - 30:6",
            "label": "Corner",
            "position": "1806000",
            "half": "1",
            "confidence": "0.9236645698547363"
        },
        {
            "gameTime": "1 - 29:55",
            "label": "Corner",
            "position": "1795500",
            "half": "1",
            "confidence": "0.9181697368621826"
        },
        {
            "gameTime": "1 - 9:29",
            "label": "Corner",
            "position": "569000",
            "half": "1",
            "confidence": "0.9127620458602905"
        },
        {
            "gameTime": "1 - 47:34",
            "label": "Corner",
            "position": "2854000",
            "half": "1",
            "confidence": "0.9067873358726501"
        },
        {
            "gameTime": "1 - 23:35",
            "label": "Corner",
            "position": "1415500",
            "half": "1",
            "confidence": "0.8902403116226196"
        },
        {
            "gameTime": "1 - 16:46",
            "label": "Corner",
            "position": "1006500",
            "half": "1",
            "confidence": "0.8758103847503662"
        },
        {
            "gameTime": "1 - 47:46",
            "label": "Corner",
            "position": "2866000",
            "half": "1",
            "confidence": "0.8414674997329712"
        },
        {
            "gameTime": "1 - 38:44",
            "label": "Corner",
            "position": "2324500",
            "half": "1",
            "confidence": "0.8357273936271667"
        },
        {
            "gameTime": "1 - 19:31",
            "label": "Corner",
            "position": "1171000",
            "half": "1",
            "confidence": "0.8066602349281311"
        },
        {
            "gameTime": "1 - 23:46",
            "label": "Corner",
            "position": "1426500",
            "half": "1",
            "confidence": "0.7660210728645325"
        },
        {
            "gameTime": "1 - 10:33",
            "label": "Corner",
            "position": "633000",
            "half": "1",
            "confidence": "0.6782779693603516"
        },
        {
            "gameTime": "1 - 21:31",
            "label": "Corner",
            "position": "1291000",
            "half": "1",
            "confidence": "0.5885758399963379"
        },
        {
            "gameTime": "1 - 23:11",
            "label": "Corner",
            "position": "1391500",
            "half": "1",
            "confidence": "0.5787222385406494"
        },
        {
            "gameTime": "1 - 12:29",
            "label": "Corner",
            "position": "749000",
            "half": "1",
            "confidence": "0.5719715356826782"
        },
        {
            "gameTime": "1 - 34:33",
            "label": "Yellow card",
            "position": "2073500",
            "half": "1",
            "confidence": "0.7653054594993591"
        },
        {
            "gameTime": "1 - 26:59",
            "label": "Yellow card",
            "position": "1619000",
            "half": "1",
            "confidence": "0.515139102935791"
        },
        {
            "gameTime": "2 - 0:3",
            "label": "Kick-off",
            "position": "3500",
            "half": "2",
            "confidence": "0.9604163765907288"
        },
        {
            "gameTime": "2 - 31:50",
            "label": "Goal",
            "position": "1910000",
            "half": "2",
            "confidence": "0.9732166528701782"
        },
        {
            "gameTime": "2 - 31:37",
            "label": "Goal",
            "position": "1897000",
            "half": "2",
            "confidence": "0.8135643005371094"
        },
        {
            "gameTime": "2 - 46:8",
            "label": "Goal",
            "position": "2768500",
            "half": "2",
            "confidence": "0.6363497376441956"
        },
        {
            "gameTime": "2 - 45:24",
            "label": "Substitution",
            "position": "2724000",
            "half": "2",
            "confidence": "0.9226374626159668"
        },
        {
            "gameTime": "2 - 27:3",
            "label": "Substitution",
            "position": "1623000",
            "half": "2",
            "confidence": "0.8183307647705078"
        },
        {
            "gameTime": "2 - 45:13",
            "label": "Substitution",
            "position": "2713500",
            "half": "2",
            "confidence": "0.7531120777130127"
        },
        {
            "gameTime": "2 - 17:43",
            "label": "Substitution",
            "position": "1063500",
            "half": "2",
            "confidence": "0.7421814799308777"
        },
        {
            "gameTime": "2 - 30:29",
            "label": "Substitution",
            "position": "1829500",
            "half": "2",
            "confidence": "0.7178779244422913"
        },
        {
            "gameTime": "2 - 36:28",
            "label": "Offside",
            "position": "2188000",
            "half": "2",
            "confidence": "0.6256242990493774"
        },
        {
            "gameTime": "2 - 22:49",
            "label": "Shots on target",
            "position": "1369000",
            "half": "2",
            "confidence": "0.7891585826873779"
        },
        {
            "gameTime": "2 - 31:49",
            "label": "Shots on target",
            "position": "1909500",
            "half": "2",
            "confidence": "0.7737226486206055"
        },
        {
            "gameTime": "2 - 45:57",
            "label": "Shots on target",
            "position": "2757500",
            "half": "2",
            "confidence": "0.6275374889373779"
        },
        {
            "gameTime": "2 - 31:37",
            "label": "Shots on target",
            "position": "1897000",
            "half": "2",
            "confidence": "0.5811987519264221"
        },
        {
            "gameTime": "2 - 12:7",
            "label": "Shots on target",
            "position": "727000",
            "half": "2",
            "confidence": "0.5484076738357544"
        },
        {
            "gameTime": "2 - 46:8",
            "label": "Shots on target",
            "position": "2768000",
            "half": "2",
            "confidence": "0.5297067165374756"
        },
        {
            "gameTime": "2 - 30:47",
            "label": "Shots on target",
            "position": "1847000",
            "half": "2",
            "confidence": "0.5117100477218628"
        },
        {
            "gameTime": "2 - 43:59",
            "label": "Shots off target",
            "position": "2639000",
            "half": "2",
            "confidence": "0.7544572949409485"
        },
        {
            "gameTime": "2 - 40:1",
            "label": "Shots off target",
            "position": "2401500",
            "half": "2",
            "confidence": "0.7047704458236694"
        },
        {
            "gameTime": "2 - 43:43",
            "label": "Shots off target",
            "position": "2623500",
            "half": "2",
            "confidence": "0.6214445233345032"
        },
        {
            "gameTime": "2 - 30:47",
            "label": "Shots off target",
            "position": "1847500",
            "half": "2",
            "confidence": "0.5553008317947388"
        },
        {
            "gameTime": "2 - 29:5",
            "label": "Clearance",
            "position": "1745500",
            "half": "2",
            "confidence": "0.957801342010498"
        },
        {
            "gameTime": "2 - 40:20",
            "label": "Clearance",
            "position": "2420000",
            "half": "2",
            "confidence": "0.7732940316200256"
        },
        {
            "gameTime": "2 - 40:32",
            "label": "Clearance",
            "position": "2432500",
            "half": "2",
            "confidence": "0.7689346671104431"
        },
        {
            "gameTime": "2 - 41:6",
            "label": "Clearance",
            "position": "2466500",
            "half": "2",
            "confidence": "0.6730688214302063"
        },
        {
            "gameTime": "2 - 27:10",
            "label": "Clearance",
            "position": "1630500",
            "half": "2",
            "confidence": "0.610192060470581"
        },
        {
            "gameTime": "2 - 28:55",
            "label": "Clearance",
            "position": "1735000",
            "half": "2",
            "confidence": "0.5959304571151733"
        },
        {
            "gameTime": "2 - 42:38",
            "label": "Clearance",
            "position": "2558500",
            "half": "2",
            "confidence": "0.5461868047714233"
        },
        {
            "gameTime": "2 - 21:10",
            "label": "Clearance",
            "position": "1270000",
            "half": "2",
            "confidence": "0.514545202255249"
        },
        {
            "gameTime": "2 - 7:36",
            "label": "Ball out of play",
            "position": "456000",
            "half": "2",
            "confidence": "0.9093613028526306"
        },
        {
            "gameTime": "2 - 10:20",
            "label": "Ball out of play",
            "position": "620000",
            "half": "2",
            "confidence": "0.8758523464202881"
        },
        {
            "gameTime": "2 - 3:0",
            "label": "Ball out of play",
            "position": "180500",
            "half": "2",
            "confidence": "0.8696431517601013"
        },
        {
            "gameTime": "2 - 44:40",
            "label": "Ball out of play",
            "position": "2680000",
            "half": "2",
            "confidence": "0.8567160367965698"
        },
        {
            "gameTime": "2 - 10:31",
            "label": "Ball out of play",
            "position": "631000",
            "half": "2",
            "confidence": "0.8476627469062805"
        },
        {
            "gameTime": "2 - 18:7",
            "label": "Ball out of play",
            "position": "1087500",
            "half": "2",
            "confidence": "0.8325365781784058"
        },
        {
            "gameTime": "2 - 5:26",
            "label": "Ball out of play",
            "position": "326000",
            "half": "2",
            "confidence": "0.8225480318069458"
        },
        {
            "gameTime": "2 - 28:29",
            "label": "Ball out of play",
            "position": "1709000",
            "half": "2",
            "confidence": "0.8141707181930542"
        },
        {
            "gameTime": "2 - 10:9",
            "label": "Ball out of play",
            "position": "609500",
            "half": "2",
            "confidence": "0.8139034509658813"
        },
        {
            "gameTime": "2 - 31:42",
            "label": "Ball out of play",
            "position": "1902000",
            "half": "2",
            "confidence": "0.7995298504829407"
        },
        {
            "gameTime": "2 - 39:56",
            "label": "Ball out of play",
            "position": "2396000",
            "half": "2",
            "confidence": "0.7980467677116394"
        },
        {
            "gameTime": "2 - 27:28",
            "label": "Ball out of play",
            "position": "1648500",
            "half": "2",
            "confidence": "0.7976052761077881"
        },
        {
            "gameTime": "2 - 43:38",
            "label": "Ball out of play",
            "position": "2618000",
            "half": "2",
            "confidence": "0.7942723631858826"
        },
        {
            "gameTime": "2 - 37:42",
            "label": "Ball out of play",
            "position": "2262000",
            "half": "2",
            "confidence": "0.781446099281311"
        },
        {
            "gameTime": "2 - 7:46",
            "label": "Ball out of play",
            "position": "466000",
            "half": "2",
            "confidence": "0.7760369777679443"
        },
        {
            "gameTime": "2 - 13:45",
            "label": "Ball out of play",
            "position": "825000",
            "half": "2",
            "confidence": "0.7491236925125122"
        },
        {
            "gameTime": "2 - 19:4",
            "label": "Ball out of play",
            "position": "1144000",
            "half": "2",
            "confidence": "0.7480407953262329"
        },
        {
            "gameTime": "2 - 44:4",
            "label": "Ball out of play",
            "position": "2644000",
            "half": "2",
            "confidence": "0.7377155423164368"
        },
        {
            "gameTime": "2 - 45:42",
            "label": "Ball out of play",
            "position": "2742500",
            "half": "2",
            "confidence": "0.7333599925041199"
        },
        {
            "gameTime": "2 - 10:44",
            "label": "Ball out of play",
            "position": "644000",
            "half": "2",
            "confidence": "0.7333331108093262"
        },
        {
            "gameTime": "2 - 37:52",
            "label": "Ball out of play",
            "position": "2272000",
            "half": "2",
            "confidence": "0.7275226712226868"
        },
        {
            "gameTime": "2 - 18:18",
            "label": "Ball out of play",
            "position": "1098000",
            "half": "2",
            "confidence": "0.7040688991546631"
        },
        {
            "gameTime": "2 - 28:43",
            "label": "Ball out of play",
            "position": "1723000",
            "half": "2",
            "confidence": "0.6991323828697205"
        },
        {
            "gameTime": "2 - 24:44",
            "label": "Ball out of play",
            "position": "1484000",
            "half": "2",
            "confidence": "0.6898592114448547"
        },
        {
            "gameTime": "2 - 26:36",
            "label": "Ball out of play",
            "position": "1596000",
            "half": "2",
            "confidence": "0.6794003844261169"
        },
        {
            "gameTime": "2 - 25:0",
            "label": "Ball out of play",
            "position": "1500500",
            "half": "2",
            "confidence": "0.6740396618843079"
        },
        {
            "gameTime": "2 - 15:35",
            "label": "Ball out of play",
            "position": "935500",
            "half": "2",
            "confidence": "0.6703926920890808"
        },
        {
            "gameTime": "2 - 20:50",
            "label": "Ball out of play",
            "position": "1250500",
            "half": "2",
            "confidence": "0.6685289740562439"
        },
        {
            "gameTime": "2 - 38:2",
            "label": "Ball out of play",
            "position": "2282000",
            "half": "2",
            "confidence": "0.6678687930107117"
        },
        {
            "gameTime": "2 - 35:41",
            "label": "Ball out of play",
            "position": "2141000",
            "half": "2",
            "confidence": "0.6622403860092163"
        },
        {
            "gameTime": "2 - 40:55",
            "label": "Ball out of play",
            "position": "2455500",
            "half": "2",
            "confidence": "0.6498452425003052"
        },
        {
            "gameTime": "2 - 32:59",
            "label": "Ball out of play",
            "position": "1979000",
            "half": "2",
            "confidence": "0.6345493793487549"
        },
        {
            "gameTime": "2 - 37:29",
            "label": "Ball out of play",
            "position": "2249500",
            "half": "2",
            "confidence": "0.6256878972053528"
        },
        {
            "gameTime": "2 - 45:58",
            "label": "Ball out of play",
            "position": "2758000",
            "half": "2",
            "confidence": "0.6243443489074707"
        },
        {
            "gameTime": "2 - 5:36",
            "label": "Ball out of play",
            "position": "336000",
            "half": "2",
            "confidence": "0.6203421950340271"
        },
        {
            "gameTime": "2 - 37:12",
            "label": "Ball out of play",
            "position": "2232500",
            "half": "2",
            "confidence": "0.5918643474578857"
        },
        {
            "gameTime": "2 - 13:55",
            "label": "Ball out of play",
            "position": "835500",
            "half": "2",
            "confidence": "0.5865271687507629"
        },
        {
            "gameTime": "2 - 8:49",
            "label": "Ball out of play",
            "position": "529500",
            "half": "2",
            "confidence": "0.572038471698761"
        },
        {
            "gameTime": "2 - 0:52",
            "label": "Ball out of play",
            "position": "52500",
            "half": "2",
            "confidence": "0.5712423324584961"
        },
        {
            "gameTime": "2 - 25:13",
            "label": "Ball out of play",
            "position": "1513500",
            "half": "2",
            "confidence": "0.5493203997612"
        },
        {
            "gameTime": "2 - 2:29",
            "label": "Ball out of play",
            "position": "149000",
            "half": "2",
            "confidence": "0.5421834588050842"
        },
        {
            "gameTime": "2 - 7:56",
            "label": "Ball out of play",
            "position": "476000",
            "half": "2",
            "confidence": "0.5399498343467712"
        },
        {
            "gameTime": "2 - 17:4",
            "label": "Ball out of play",
            "position": "1024500",
            "half": "2",
            "confidence": "0.5260732769966125"
        },
        {
            "gameTime": "2 - 21:0",
            "label": "Ball out of play",
            "position": "1260500",
            "half": "2",
            "confidence": "0.5255825519561768"
        },
        {
            "gameTime": "2 - 2:39",
            "label": "Ball out of play",
            "position": "159500",
            "half": "2",
            "confidence": "0.5091057419776917"
        },
        {
            "gameTime": "2 - 26:46",
            "label": "Ball out of play",
            "position": "1606500",
            "half": "2",
            "confidence": "0.5068132877349854"
        },
        {
            "gameTime": "2 - 38:1",
            "label": "Throw-in",
            "position": "2281000",
            "half": "2",
            "confidence": "0.9901026487350464"
        },
        {
            "gameTime": "2 - 18:18",
            "label": "Throw-in",
            "position": "1098000",
            "half": "2",
            "confidence": "0.9896462559700012"
        },
        {
            "gameTime": "2 - 25:0",
            "label": "Throw-in",
            "position": "1500000",
            "half": "2",
            "confidence": "0.9829760789871216"
        },
        {
            "gameTime": "2 - 37:30",
            "label": "Throw-in",
            "position": "2250000",
            "half": "2",
            "confidence": "0.9803320169448853"
        },
        {
            "gameTime": "2 - 27:28",
            "label": "Throw-in",
            "position": "1648000",
            "half": "2",
            "confidence": "0.9799254536628723"
        },
        {
            "gameTime": "2 - 37:7",
            "label": "Throw-in",
            "position": "2227500",
            "half": "2",
            "confidence": "0.9743515849113464"
        },
        {
            "gameTime": "2 - 37:18",
            "label": "Throw-in",
            "position": "2238000",
            "half": "2",
            "confidence": "0.9727741479873657"
        },
        {
            "gameTime": "2 - 37:42",
            "label": "Throw-in",
            "position": "2262000",
            "half": "2",
            "confidence": "0.9710320234298706"
        },
        {
            "gameTime": "2 - 18:28",
            "label": "Throw-in",
            "position": "1108000",
            "half": "2",
            "confidence": "0.962905764579773"
        },
        {
            "gameTime": "2 - 10:29",
            "label": "Throw-in",
            "position": "629000",
            "half": "2",
            "confidence": "0.9575542211532593"
        },
        {
            "gameTime": "2 - 25:11",
            "label": "Throw-in",
            "position": "1511000",
            "half": "2",
            "confidence": "0.9509210586547852"
        },
        {
            "gameTime": "2 - 18:7",
            "label": "Throw-in",
            "position": "1087500",
            "half": "2",
            "confidence": "0.9507582187652588"
        },
        {
            "gameTime": "2 - 27:40",
            "label": "Throw-in",
            "position": "1660500",
            "half": "2",
            "confidence": "0.943412184715271"
        },
        {
            "gameTime": "2 - 7:43",
            "label": "Throw-in",
            "position": "463500",
            "half": "2",
            "confidence": "0.9378162622451782"
        },
        {
            "gameTime": "2 - 10:44",
            "label": "Throw-in",
            "position": "644500",
            "half": "2",
            "confidence": "0.9376031756401062"
        },
        {
            "gameTime": "2 - 32:59",
            "label": "Throw-in",
            "position": "1979000",
            "half": "2",
            "confidence": "0.9317300915718079"
        },
        {
            "gameTime": "2 - 4:40",
            "label": "Throw-in",
            "position": "280000",
            "half": "2",
            "confidence": "0.9207795262336731"
        },
        {
            "gameTime": "2 - 4:25",
            "label": "Throw-in",
            "position": "265500",
            "half": "2",
            "confidence": "0.9057462811470032"
        },
        {
            "gameTime": "2 - 10:54",
            "label": "Throw-in",
            "position": "654500",
            "half": "2",
            "confidence": "0.8722248077392578"
        },
        {
            "gameTime": "2 - 10:17",
            "label": "Throw-in",
            "position": "617500",
            "half": "2",
            "confidence": "0.8684415817260742"
        },
        {
            "gameTime": "2 - 24:43",
            "label": "Throw-in",
            "position": "1483500",
            "half": "2",
            "confidence": "0.8395141363143921"
        },
        {
            "gameTime": "2 - 7:54",
            "label": "Throw-in",
            "position": "474000",
            "half": "2",
            "confidence": "0.8033874034881592"
        },
        {
            "gameTime": "2 - 13:56",
            "label": "Throw-in",
            "position": "836500",
            "half": "2",
            "confidence": "0.7777852416038513"
        },
        {
            "gameTime": "2 - 7:33",
            "label": "Throw-in",
            "position": "453000",
            "half": "2",
            "confidence": "0.7405902743339539"
        },
        {
            "gameTime": "2 - 15:35",
            "label": "Throw-in",
            "position": "935000",
            "half": "2",
            "confidence": "0.6829057335853577"
        },
        {
            "gameTime": "2 - 2:30",
            "label": "Throw-in",
            "position": "150000",
            "half": "2",
            "confidence": "0.6281749606132507"
        },
        {
            "gameTime": "2 - 8:55",
            "label": "Throw-in",
            "position": "535500",
            "half": "2",
            "confidence": "0.5996661186218262"
        },
        {
            "gameTime": "2 - 35:26",
            "label": "Throw-in",
            "position": "2126000",
            "half": "2",
            "confidence": "0.5926379561424255"
        },
        {
            "gameTime": "2 - 6:42",
            "label": "Throw-in",
            "position": "402000",
            "half": "2",
            "confidence": "0.590795636177063"
        },
        {
            "gameTime": "2 - 5:25",
            "label": "Throw-in",
            "position": "325000",
            "half": "2",
            "confidence": "0.5818926692008972"
        },
        {
            "gameTime": "2 - 6:53",
            "label": "Throw-in",
            "position": "413500",
            "half": "2",
            "confidence": "0.568234384059906"
        },
        {
            "gameTime": "2 - 13:46",
            "label": "Throw-in",
            "position": "826000",
            "half": "2",
            "confidence": "0.5650858283042908"
        },
        {
            "gameTime": "2 - 9:44",
            "label": "Throw-in",
            "position": "584000",
            "half": "2",
            "confidence": "0.5377489328384399"
        },
        {
            "gameTime": "2 - 36:55",
            "label": "Throw-in",
            "position": "2215000",
            "half": "2",
            "confidence": "0.5311359167098999"
        },
        {
            "gameTime": "2 - 16:26",
            "label": "Throw-in",
            "position": "986500",
            "half": "2",
            "confidence": "0.5109140276908875"
        },
        {
            "gameTime": "2 - 2:40",
            "label": "Throw-in",
            "position": "160000",
            "half": "2",
            "confidence": "0.5080803632736206"
        },
        {
            "gameTime": "2 - 18:31",
            "label": "Foul",
            "position": "1111500",
            "half": "2",
            "confidence": "0.9695545434951782"
        },
        {
            "gameTime": "2 - 12:30",
            "label": "Foul",
            "position": "750000",
            "half": "2",
            "confidence": "0.8665508031845093"
        },
        {
            "gameTime": "2 - 21:42",
            "label": "Foul",
            "position": "1302000",
            "half": "2",
            "confidence": "0.833594560623169"
        },
        {
            "gameTime": "2 - 18:41",
            "label": "Foul",
            "position": "1121500",
            "half": "2",
            "confidence": "0.7876594662666321"
        },
        {
            "gameTime": "2 - 38:58",
            "label": "Foul",
            "position": "2338500",
            "half": "2",
            "confidence": "0.7602201104164124"
        },
        {
            "gameTime": "2 - 4:41",
            "label": "Foul",
            "position": "281000",
            "half": "2",
            "confidence": "0.6768258810043335"
        },
        {
            "gameTime": "2 - 12:40",
            "label": "Foul",
            "position": "760500",
            "half": "2",
            "confidence": "0.6767473220825195"
        },
        {
            "gameTime": "2 - 5:48",
            "label": "Foul",
            "position": "348500",
            "half": "2",
            "confidence": "0.6010012030601501"
        },
        {
            "gameTime": "2 - 14:14",
            "label": "Foul",
            "position": "854000",
            "half": "2",
            "confidence": "0.5968508720397949"
        },
        {
            "gameTime": "2 - 0:58",
            "label": "Foul",
            "position": "58000",
            "half": "2",
            "confidence": "0.5877869129180908"
        },
        {
            "gameTime": "2 - 33:32",
            "label": "Foul",
            "position": "2012500",
            "half": "2",
            "confidence": "0.5733346939086914"
        },
        {
            "gameTime": "2 - 27:46",
            "label": "Foul",
            "position": "1666500",
            "half": "2",
            "confidence": "0.5428048968315125"
        },
        {
            "gameTime": "2 - 18:59",
            "label": "Indirect free-kick",
            "position": "1139000",
            "half": "2",
            "confidence": "0.757742702960968"
        },
        {
            "gameTime": "2 - 39:46",
            "label": "Indirect free-kick",
            "position": "2386500",
            "half": "2",
            "confidence": "0.5091956853866577"
        },
        {
            "gameTime": "2 - 39:47",
            "label": "Direct free-kick",
            "position": "2387000",
            "half": "2",
            "confidence": "0.9662516117095947"
        },
        {
            "gameTime": "2 - 39:57",
            "label": "Direct free-kick",
            "position": "2397000",
            "half": "2",
            "confidence": "0.8017722368240356"
        },
        {
            "gameTime": "2 - 45:55",
            "label": "Direct free-kick",
            "position": "2755500",
            "half": "2",
            "confidence": "0.5514887571334839"
        },
        {
            "gameTime": "2 - 23:4",
            "label": "Corner",
            "position": "1384000",
            "half": "2",
            "confidence": "0.9470150470733643"
        },
        {
            "gameTime": "2 - 22:51",
            "label": "Corner",
            "position": "1371500",
            "half": "2",
            "confidence": "0.9094292521476746"
        },
        {
            "gameTime": "2 - 11:55",
            "label": "Corner",
            "position": "715000",
            "half": "2",
            "confidence": "0.8790775537490845"
        },
        {
            "gameTime": "2 - 46:5",
            "label": "Corner",
            "position": "2765000",
            "half": "2",
            "confidence": "0.7389090657234192"
        },
        {
            "gameTime": "2 - 42:31",
            "label": "Corner",
            "position": "2551000",
            "half": "2",
            "confidence": "0.632131814956665"
        },
        {
            "gameTime": "2 - 45:54",
            "label": "Corner",
            "position": "2754000",
            "half": "2",
            "confidence": "0.5496557950973511"
        },
        {
            "gameTime": "2 - 28:16",
            "label": "Corner",
            "position": "1696500",
            "half": "2",
            "confidence": "0.5469020009040833"
        },
        {
            "gameTime": "2 - 30:42",
            "label": "Corner",
            "position": "1842000",
            "half": "2",
            "confidence": "0.5392703413963318"
        },
        {
            "gameTime": "2 - 14:27",
            "label": "Yellow card",
            "position": "867000",
            "half": "2",
            "confidence": "0.7235039472579956"
        }
    ]
}