{
    "UrlLocal": "italy_serie-a/2015-2016/2015-09-27 - 21-45 Inter 1 - 4 Fiorentina",
    "predictions": [
        {
            "gameTime": "1 - 42:32",
            "label": "card",
            "position": "2552000",
            "half": "1",
            "confidence": "0.6567488312721252"
        },
        {
            "gameTime": "1 - 42:46",
            "label": "card",
            "position": "2566500",
            "half": "1",
            "confidence": "0.6065977215766907"
        },
        {
            "gameTime": "1 - 22:36",
            "label": "soccer",
            "position": "1356500",
            "half": "1",
            "confidence": "0.9975748658180237"
        },
        {
            "gameTime": "1 - 3:25",
            "label": "soccer",
            "position": "205000",
            "half": "1",
            "confidence": "0.9586172103881836"
        },
        {
            "gameTime": "1 - 0:52",
            "label": "soccer",
            "position": "52000",
            "half": "1",
            "confidence": "0.5597816705703735"
        },
        {
            "gameTime": "1 - 41:16",
            "label": "soccer",
            "position": "2476500",
            "half": "1",
            "confidence": "0.5501440167427063"
        },
        {
            "gameTime": "2 - 44:42",
            "label": "card",
            "position": "2682500",
            "half": "2",
            "confidence": "0.9151062369346619"
        },
        {
            "gameTime": "2 - 44:57",
            "label": "card",
            "position": "2697000",
            "half": "2",
            "confidence": "0.897537887096405"
        },
        {
            "gameTime": "2 - 36:4",
            "label": "subs",
            "position": "2164000",
            "half": "2",
            "confidence": "0.8236995935440063"
        },
        {
            "gameTime": "2 - 36:14",
            "label": "subs",
            "position": "2174000",
            "half": "2",
            "confidence": "0.5986758470535278"
        },
        {
            "gameTime": "2 - 35:53",
            "label": "subs",
            "position": "2153500",
            "half": "2",
            "confidence": "0.5635049343109131"
        },
        {
            "gameTime": "2 - 30:49",
            "label": "soccer",
            "position": "1849500",
            "half": "2",
            "confidence": "0.976482629776001"
        },
        {
            "gameTime": "2 - 30:59",
            "label": "soccer",
            "position": "1859500",
            "half": "2",
            "confidence": "0.7399021983146667"
        },
        {
            "gameTime": "2 - 14:54",
            "label": "soccer",
            "position": "894500",
            "half": "2",
            "confidence": "0.6256157159805298"
        }
    ]
}