{
    "UrlLocal": "spain_laliga/2015-2016/2016-03-02 - 23-00 Levante 1 - 3 Real Madrid",
    "predictions": [
        {
            "gameTime": "1 - 32:48",
            "label": "card",
            "position": "1968000",
            "half": "1",
            "confidence": "0.5324574708938599"
        },
        {
            "gameTime": "1 - 37:15",
            "label": "soccer",
            "position": "2235500",
            "half": "1",
            "confidence": "0.9952415227890015"
        },
        {
            "gameTime": "1 - 33:44",
            "label": "soccer",
            "position": "2024500",
            "half": "1",
            "confidence": "0.962956964969635"
        },
        {
            "gameTime": "2 - 33:49",
            "label": "card",
            "position": "2029500",
            "half": "2",
            "confidence": "0.9374938607215881"
        },
        {
            "gameTime": "2 - 34:6",
            "label": "card",
            "position": "2046000",
            "half": "2",
            "confidence": "0.906386137008667"
        },
        {
            "gameTime": "2 - 39:52",
            "label": "card",
            "position": "2392000",
            "half": "2",
            "confidence": "0.8923911452293396"
        },
        {
            "gameTime": "2 - 39:41",
            "label": "card",
            "position": "2381500",
            "half": "2",
            "confidence": "0.8681151270866394"
        },
        {
            "gameTime": "2 - 17:13",
            "label": "card",
            "position": "1033000",
            "half": "2",
            "confidence": "0.8153612017631531"
        },
        {
            "gameTime": "2 - 17:2",
            "label": "card",
            "position": "1022500",
            "half": "2",
            "confidence": "0.634315013885498"
        },
        {
            "gameTime": "2 - 34:9",
            "label": "subs",
            "position": "2049500",
            "half": "2",
            "confidence": "0.8490040898323059"
        },
        {
            "gameTime": "2 - 28:0",
            "label": "subs",
            "position": "1680500",
            "half": "2",
            "confidence": "0.832241415977478"
        },
        {
            "gameTime": "2 - 27:50",
            "label": "subs",
            "position": "1670000",
            "half": "2",
            "confidence": "0.7360462546348572"
        },
        {
            "gameTime": "2 - 22:7",
            "label": "subs",
            "position": "1327500",
            "half": "2",
            "confidence": "0.6013488173484802"
        },
        {
            "gameTime": "2 - 46:20",
            "label": "soccer",
            "position": "2780000",
            "half": "2",
            "confidence": "0.7632250189781189"
        }
    ]
}