{
    "UrlLocal": "italy_serie-a/2016-2017/2016-09-24 - 18-00 Palermo 0 - 1 Juventus",
    "predictions": [
        {
            "gameTime": "1 - 0:0",
            "label": "Kick-off",
            "position": "0",
            "half": "1",
            "confidence": "0.6988934278488159"
        },
        {
            "gameTime": "1 - 32:5",
            "label": "Goal",
            "position": "1925000",
            "half": "1",
            "confidence": "0.5831688642501831"
        },
        {
            "gameTime": "1 - 48:23",
            "label": "Substitution",
            "position": "2903500",
            "half": "1",
            "confidence": "0.6110206246376038"
        },
        {
            "gameTime": "1 - 30:12",
            "label": "Substitution",
            "position": "1812000",
            "half": "1",
            "confidence": "0.5819518566131592"
        },
        {
            "gameTime": "1 - 4:35",
            "label": "Shots on target",
            "position": "275000",
            "half": "1",
            "confidence": "0.7507921457290649"
        },
        {
            "gameTime": "1 - 32:7",
            "label": "Shots on target",
            "position": "1927500",
            "half": "1",
            "confidence": "0.7267126441001892"
        },
        {
            "gameTime": "1 - 10:30",
            "label": "Shots on target",
            "position": "630000",
            "half": "1",
            "confidence": "0.7101446390151978"
        },
        {
            "gameTime": "1 - 9:3",
            "label": "Shots on target",
            "position": "543000",
            "half": "1",
            "confidence": "0.6713665127754211"
        },
        {
            "gameTime": "1 - 4:45",
            "label": "Shots on target",
            "position": "285000",
            "half": "1",
            "confidence": "0.6390213966369629"
        },
        {
            "gameTime": "1 - 20:26",
            "label": "Shots on target",
            "position": "1226000",
            "half": "1",
            "confidence": "0.5843291282653809"
        },
        {
            "gameTime": "1 - 3:54",
            "label": "Shots on target",
            "position": "234000",
            "half": "1",
            "confidence": "0.550512969493866"
        },
        {
            "gameTime": "1 - 41:45",
            "label": "Shots on target",
            "position": "2505500",
            "half": "1",
            "confidence": "0.5465952157974243"
        },
        {
            "gameTime": "1 - 8:52",
            "label": "Shots on target",
            "position": "532500",
            "half": "1",
            "confidence": "0.5312353372573853"
        },
        {
            "gameTime": "1 - 4:4",
            "label": "Shots on target",
            "position": "244500",
            "half": "1",
            "confidence": "0.5133766531944275"
        },
        {
            "gameTime": "1 - 20:11",
            "label": "Shots on target",
            "position": "1211000",
            "half": "1",
            "confidence": "0.5084585547447205"
        },
        {
            "gameTime": "1 - 20:26",
            "label": "Shots off target",
            "position": "1226000",
            "half": "1",
            "confidence": "0.6188266277313232"
        },
        {
            "gameTime": "1 - 41:55",
            "label": "Shots off target",
            "position": "2515500",
            "half": "1",
            "confidence": "0.6091443300247192"
        },
        {
            "gameTime": "1 - 3:56",
            "label": "Shots off target",
            "position": "236000",
            "half": "1",
            "confidence": "0.5721541047096252"
        },
        {
            "gameTime": "1 - 10:31",
            "label": "Shots off target",
            "position": "631000",
            "half": "1",
            "confidence": "0.5434030294418335"
        },
        {
            "gameTime": "1 - 41:20",
            "label": "Shots off target",
            "position": "2480000",
            "half": "1",
            "confidence": "0.5253550410270691"
        },
        {
            "gameTime": "1 - 0:31",
            "label": "Clearance",
            "position": "31500",
            "half": "1",
            "confidence": "0.7715219259262085"
        },
        {
            "gameTime": "1 - 4:51",
            "label": "Clearance",
            "position": "291000",
            "half": "1",
            "confidence": "0.7616812586784363"
        },
        {
            "gameTime": "1 - 29:32",
            "label": "Ball out of play",
            "position": "1772500",
            "half": "1",
            "confidence": "0.965386688709259"
        },
        {
            "gameTime": "1 - 20:15",
            "label": "Ball out of play",
            "position": "1215000",
            "half": "1",
            "confidence": "0.9582545161247253"
        },
        {
            "gameTime": "1 - 19:17",
            "label": "Ball out of play",
            "position": "1157000",
            "half": "1",
            "confidence": "0.9345384836196899"
        },
        {
            "gameTime": "1 - 30:36",
            "label": "Ball out of play",
            "position": "1836500",
            "half": "1",
            "confidence": "0.9334374070167542"
        },
        {
            "gameTime": "1 - 47:8",
            "label": "Ball out of play",
            "position": "2828000",
            "half": "1",
            "confidence": "0.932034432888031"
        },
        {
            "gameTime": "1 - 33:9",
            "label": "Ball out of play",
            "position": "1989500",
            "half": "1",
            "confidence": "0.9312410354614258"
        },
        {
            "gameTime": "1 - 30:46",
            "label": "Ball out of play",
            "position": "1846500",
            "half": "1",
            "confidence": "0.8869145512580872"
        },
        {
            "gameTime": "1 - 29:43",
            "label": "Ball out of play",
            "position": "1783000",
            "half": "1",
            "confidence": "0.8645569086074829"
        },
        {
            "gameTime": "1 - 4:14",
            "label": "Ball out of play",
            "position": "254500",
            "half": "1",
            "confidence": "0.862529456615448"
        },
        {
            "gameTime": "1 - 28:23",
            "label": "Ball out of play",
            "position": "1703000",
            "half": "1",
            "confidence": "0.8620384931564331"
        },
        {
            "gameTime": "1 - 26:30",
            "label": "Ball out of play",
            "position": "1590500",
            "half": "1",
            "confidence": "0.8607677817344666"
        },
        {
            "gameTime": "1 - 1:54",
            "label": "Ball out of play",
            "position": "114500",
            "half": "1",
            "confidence": "0.8545766472816467"
        },
        {
            "gameTime": "1 - 32:15",
            "label": "Ball out of play",
            "position": "1935500",
            "half": "1",
            "confidence": "0.8538986444473267"
        },
        {
            "gameTime": "1 - 26:18",
            "label": "Ball out of play",
            "position": "1578000",
            "half": "1",
            "confidence": "0.8497435450553894"
        },
        {
            "gameTime": "1 - 1:1",
            "label": "Ball out of play",
            "position": "61500",
            "half": "1",
            "confidence": "0.846916913986206"
        },
        {
            "gameTime": "1 - 3:59",
            "label": "Ball out of play",
            "position": "239000",
            "half": "1",
            "confidence": "0.8461190462112427"
        },
        {
            "gameTime": "1 - 26:4",
            "label": "Ball out of play",
            "position": "1564000",
            "half": "1",
            "confidence": "0.8410165905952454"
        },
        {
            "gameTime": "1 - 46:57",
            "label": "Ball out of play",
            "position": "2817500",
            "half": "1",
            "confidence": "0.8385087847709656"
        },
        {
            "gameTime": "1 - 25:52",
            "label": "Ball out of play",
            "position": "1552500",
            "half": "1",
            "confidence": "0.8376604914665222"
        },
        {
            "gameTime": "1 - 30:25",
            "label": "Ball out of play",
            "position": "1825000",
            "half": "1",
            "confidence": "0.8354140520095825"
        },
        {
            "gameTime": "1 - 16:7",
            "label": "Ball out of play",
            "position": "967500",
            "half": "1",
            "confidence": "0.8294743299484253"
        },
        {
            "gameTime": "1 - 24:44",
            "label": "Ball out of play",
            "position": "1484000",
            "half": "1",
            "confidence": "0.8170945644378662"
        },
        {
            "gameTime": "1 - 2:5",
            "label": "Ball out of play",
            "position": "125500",
            "half": "1",
            "confidence": "0.8127789497375488"
        },
        {
            "gameTime": "1 - 32:4",
            "label": "Ball out of play",
            "position": "1924500",
            "half": "1",
            "confidence": "0.8115158677101135"
        },
        {
            "gameTime": "1 - 20:27",
            "label": "Ball out of play",
            "position": "1227000",
            "half": "1",
            "confidence": "0.8055934906005859"
        },
        {
            "gameTime": "1 - 31:26",
            "label": "Ball out of play",
            "position": "1886000",
            "half": "1",
            "confidence": "0.8006358742713928"
        },
        {
            "gameTime": "1 - 43:24",
            "label": "Ball out of play",
            "position": "2604500",
            "half": "1",
            "confidence": "0.7963186502456665"
        },
        {
            "gameTime": "1 - 13:37",
            "label": "Ball out of play",
            "position": "817000",
            "half": "1",
            "confidence": "0.7847837805747986"
        },
        {
            "gameTime": "1 - 31:39",
            "label": "Ball out of play",
            "position": "1899500",
            "half": "1",
            "confidence": "0.7837540507316589"
        },
        {
            "gameTime": "1 - 47:19",
            "label": "Ball out of play",
            "position": "2839500",
            "half": "1",
            "confidence": "0.7732147574424744"
        },
        {
            "gameTime": "1 - 37:33",
            "label": "Ball out of play",
            "position": "2253000",
            "half": "1",
            "confidence": "0.7607932090759277"
        },
        {
            "gameTime": "1 - 41:22",
            "label": "Ball out of play",
            "position": "2482500",
            "half": "1",
            "confidence": "0.7423837184906006"
        },
        {
            "gameTime": "1 - 43:37",
            "label": "Ball out of play",
            "position": "2617500",
            "half": "1",
            "confidence": "0.7394411563873291"
        },
        {
            "gameTime": "1 - 9:12",
            "label": "Ball out of play",
            "position": "552500",
            "half": "1",
            "confidence": "0.7388691306114197"
        },
        {
            "gameTime": "1 - 29:22",
            "label": "Ball out of play",
            "position": "1762000",
            "half": "1",
            "confidence": "0.7255087494850159"
        },
        {
            "gameTime": "1 - 24:55",
            "label": "Ball out of play",
            "position": "1495000",
            "half": "1",
            "confidence": "0.6971431970596313"
        },
        {
            "gameTime": "1 - 1:14",
            "label": "Ball out of play",
            "position": "74500",
            "half": "1",
            "confidence": "0.6822441220283508"
        },
        {
            "gameTime": "1 - 28:39",
            "label": "Ball out of play",
            "position": "1719000",
            "half": "1",
            "confidence": "0.681856095790863"
        },
        {
            "gameTime": "1 - 33:32",
            "label": "Ball out of play",
            "position": "2012500",
            "half": "1",
            "confidence": "0.6606119871139526"
        },
        {
            "gameTime": "1 - 0:51",
            "label": "Ball out of play",
            "position": "51000",
            "half": "1",
            "confidence": "0.6605219841003418"
        },
        {
            "gameTime": "1 - 20:2",
            "label": "Ball out of play",
            "position": "1202500",
            "half": "1",
            "confidence": "0.660394012928009"
        },
        {
            "gameTime": "1 - 36:2",
            "label": "Ball out of play",
            "position": "2162500",
            "half": "1",
            "confidence": "0.6581175923347473"
        },
        {
            "gameTime": "1 - 6:30",
            "label": "Ball out of play",
            "position": "390000",
            "half": "1",
            "confidence": "0.637859582901001"
        },
        {
            "gameTime": "1 - 31:11",
            "label": "Ball out of play",
            "position": "1871000",
            "half": "1",
            "confidence": "0.6375395655632019"
        },
        {
            "gameTime": "1 - 16:18",
            "label": "Ball out of play",
            "position": "978000",
            "half": "1",
            "confidence": "0.6146823763847351"
        },
        {
            "gameTime": "1 - 9:1",
            "label": "Ball out of play",
            "position": "541500",
            "half": "1",
            "confidence": "0.6107443571090698"
        },
        {
            "gameTime": "1 - 19:6",
            "label": "Ball out of play",
            "position": "1146500",
            "half": "1",
            "confidence": "0.6044448018074036"
        },
        {
            "gameTime": "1 - 24:19",
            "label": "Ball out of play",
            "position": "1459500",
            "half": "1",
            "confidence": "0.6023062467575073"
        },
        {
            "gameTime": "1 - 41:11",
            "label": "Ball out of play",
            "position": "2471000",
            "half": "1",
            "confidence": "0.5918554663658142"
        },
        {
            "gameTime": "1 - 10:42",
            "label": "Ball out of play",
            "position": "642500",
            "half": "1",
            "confidence": "0.583824634552002"
        },
        {
            "gameTime": "1 - 30:8",
            "label": "Ball out of play",
            "position": "1808000",
            "half": "1",
            "confidence": "0.5790027379989624"
        },
        {
            "gameTime": "1 - 41:54",
            "label": "Ball out of play",
            "position": "2514500",
            "half": "1",
            "confidence": "0.5772931575775146"
        },
        {
            "gameTime": "1 - 6:40",
            "label": "Ball out of play",
            "position": "400000",
            "half": "1",
            "confidence": "0.5752521753311157"
        },
        {
            "gameTime": "1 - 41:40",
            "label": "Ball out of play",
            "position": "2500500",
            "half": "1",
            "confidence": "0.5639373064041138"
        },
        {
            "gameTime": "1 - 9:23",
            "label": "Ball out of play",
            "position": "563000",
            "half": "1",
            "confidence": "0.5564901828765869"
        },
        {
            "gameTime": "1 - 11:30",
            "label": "Ball out of play",
            "position": "690500",
            "half": "1",
            "confidence": "0.551962673664093"
        },
        {
            "gameTime": "1 - 23:58",
            "label": "Ball out of play",
            "position": "1438000",
            "half": "1",
            "confidence": "0.5506109595298767"
        },
        {
            "gameTime": "1 - 10:59",
            "label": "Ball out of play",
            "position": "659500",
            "half": "1",
            "confidence": "0.5504031181335449"
        },
        {
            "gameTime": "1 - 33:42",
            "label": "Ball out of play",
            "position": "2022500",
            "half": "1",
            "confidence": "0.5450356602668762"
        },
        {
            "gameTime": "1 - 13:11",
            "label": "Ball out of play",
            "position": "791500",
            "half": "1",
            "confidence": "0.5395054817199707"
        },
        {
            "gameTime": "1 - 19:27",
            "label": "Ball out of play",
            "position": "1167000",
            "half": "1",
            "confidence": "0.529224693775177"
        },
        {
            "gameTime": "1 - 18:6",
            "label": "Ball out of play",
            "position": "1086000",
            "half": "1",
            "confidence": "0.519389808177948"
        },
        {
            "gameTime": "1 - 43:14",
            "label": "Ball out of play",
            "position": "2594000",
            "half": "1",
            "confidence": "0.5172148942947388"
        },
        {
            "gameTime": "1 - 11:45",
            "label": "Ball out of play",
            "position": "705000",
            "half": "1",
            "confidence": "0.5106377005577087"
        },
        {
            "gameTime": "1 - 4:39",
            "label": "Ball out of play",
            "position": "279500",
            "half": "1",
            "confidence": "0.503471851348877"
        },
        {
            "gameTime": "1 - 13:0",
            "label": "Ball out of play",
            "position": "780500",
            "half": "1",
            "confidence": "0.5017378330230713"
        },
        {
            "gameTime": "1 - 26:4",
            "label": "Throw-in",
            "position": "1564000",
            "half": "1",
            "confidence": "0.9897581338882446"
        },
        {
            "gameTime": "1 - 47:7",
            "label": "Throw-in",
            "position": "2827000",
            "half": "1",
            "confidence": "0.9815471172332764"
        },
        {
            "gameTime": "1 - 29:32",
            "label": "Throw-in",
            "position": "1772000",
            "half": "1",
            "confidence": "0.9814186096191406"
        },
        {
            "gameTime": "1 - 25:52",
            "label": "Throw-in",
            "position": "1552000",
            "half": "1",
            "confidence": "0.9768142104148865"
        },
        {
            "gameTime": "1 - 1:10",
            "label": "Throw-in",
            "position": "70000",
            "half": "1",
            "confidence": "0.971216082572937"
        },
        {
            "gameTime": "1 - 13:30",
            "label": "Throw-in",
            "position": "810500",
            "half": "1",
            "confidence": "0.9655451774597168"
        },
        {
            "gameTime": "1 - 30:32",
            "label": "Throw-in",
            "position": "1832500",
            "half": "1",
            "confidence": "0.9586530327796936"
        },
        {
            "gameTime": "1 - 47:21",
            "label": "Throw-in",
            "position": "2841500",
            "half": "1",
            "confidence": "0.9503329396247864"
        },
        {
            "gameTime": "1 - 13:41",
            "label": "Throw-in",
            "position": "821000",
            "half": "1",
            "confidence": "0.9378736019134521"
        },
        {
            "gameTime": "1 - 24:44",
            "label": "Throw-in",
            "position": "1484000",
            "half": "1",
            "confidence": "0.9357601404190063"
        },
        {
            "gameTime": "1 - 30:46",
            "label": "Throw-in",
            "position": "1846500",
            "half": "1",
            "confidence": "0.9355088472366333"
        },
        {
            "gameTime": "1 - 30:22",
            "label": "Throw-in",
            "position": "1822000",
            "half": "1",
            "confidence": "0.9350376725196838"
        },
        {
            "gameTime": "1 - 37:33",
            "label": "Throw-in",
            "position": "2253500",
            "half": "1",
            "confidence": "0.9067319631576538"
        },
        {
            "gameTime": "1 - 26:16",
            "label": "Throw-in",
            "position": "1576500",
            "half": "1",
            "confidence": "0.9051070213317871"
        },
        {
            "gameTime": "1 - 29:43",
            "label": "Throw-in",
            "position": "1783000",
            "half": "1",
            "confidence": "0.9041370749473572"
        },
        {
            "gameTime": "1 - 1:20",
            "label": "Throw-in",
            "position": "80000",
            "half": "1",
            "confidence": "0.8873587846755981"
        },
        {
            "gameTime": "1 - 0:59",
            "label": "Throw-in",
            "position": "59500",
            "half": "1",
            "confidence": "0.8856038451194763"
        },
        {
            "gameTime": "1 - 33:8",
            "label": "Throw-in",
            "position": "1988500",
            "half": "1",
            "confidence": "0.8782708048820496"
        },
        {
            "gameTime": "1 - 19:17",
            "label": "Throw-in",
            "position": "1157500",
            "half": "1",
            "confidence": "0.8726065158843994"
        },
        {
            "gameTime": "1 - 24:54",
            "label": "Throw-in",
            "position": "1494500",
            "half": "1",
            "confidence": "0.859655499458313"
        },
        {
            "gameTime": "1 - 46:56",
            "label": "Throw-in",
            "position": "2816500",
            "half": "1",
            "confidence": "0.8559383749961853"
        },
        {
            "gameTime": "1 - 26:26",
            "label": "Throw-in",
            "position": "1586500",
            "half": "1",
            "confidence": "0.8253351449966431"
        },
        {
            "gameTime": "1 - 30:8",
            "label": "Throw-in",
            "position": "1808000",
            "half": "1",
            "confidence": "0.8028004765510559"
        },
        {
            "gameTime": "1 - 28:23",
            "label": "Throw-in",
            "position": "1703500",
            "half": "1",
            "confidence": "0.8002768158912659"
        },
        {
            "gameTime": "1 - 22:23",
            "label": "Throw-in",
            "position": "1343000",
            "half": "1",
            "confidence": "0.7397823333740234"
        },
        {
            "gameTime": "1 - 25:30",
            "label": "Throw-in",
            "position": "1530500",
            "half": "1",
            "confidence": "0.720936119556427"
        },
        {
            "gameTime": "1 - 13:12",
            "label": "Throw-in",
            "position": "792500",
            "half": "1",
            "confidence": "0.7063537240028381"
        },
        {
            "gameTime": "1 - 37:43",
            "label": "Throw-in",
            "position": "2263500",
            "half": "1",
            "confidence": "0.6952813267707825"
        },
        {
            "gameTime": "1 - 19:27",
            "label": "Throw-in",
            "position": "1167500",
            "half": "1",
            "confidence": "0.6695609092712402"
        },
        {
            "gameTime": "1 - 9:24",
            "label": "Throw-in",
            "position": "564000",
            "half": "1",
            "confidence": "0.6685952544212341"
        },
        {
            "gameTime": "1 - 0:49",
            "label": "Throw-in",
            "position": "49000",
            "half": "1",
            "confidence": "0.6396032571792603"
        },
        {
            "gameTime": "1 - 11:28",
            "label": "Throw-in",
            "position": "688500",
            "half": "1",
            "confidence": "0.6265465021133423"
        },
        {
            "gameTime": "1 - 4:14",
            "label": "Throw-in",
            "position": "254500",
            "half": "1",
            "confidence": "0.5747210383415222"
        },
        {
            "gameTime": "1 - 22:33",
            "label": "Throw-in",
            "position": "1353000",
            "half": "1",
            "confidence": "0.5733708143234253"
        },
        {
            "gameTime": "1 - 24:19",
            "label": "Throw-in",
            "position": "1459500",
            "half": "1",
            "confidence": "0.5662782192230225"
        },
        {
            "gameTime": "1 - 19:7",
            "label": "Throw-in",
            "position": "1147000",
            "half": "1",
            "confidence": "0.5599502325057983"
        },
        {
            "gameTime": "1 - 2:36",
            "label": "Throw-in",
            "position": "156500",
            "half": "1",
            "confidence": "0.5422461628913879"
        },
        {
            "gameTime": "1 - 39:20",
            "label": "Throw-in",
            "position": "2360500",
            "half": "1",
            "confidence": "0.5289903879165649"
        },
        {
            "gameTime": "1 - 0:36",
            "label": "Throw-in",
            "position": "36500",
            "half": "1",
            "confidence": "0.5199650526046753"
        },
        {
            "gameTime": "1 - 18:6",
            "label": "Throw-in",
            "position": "1086500",
            "half": "1",
            "confidence": "0.514896810054779"
        },
        {
            "gameTime": "1 - 29:21",
            "label": "Throw-in",
            "position": "1761500",
            "half": "1",
            "confidence": "0.5079235434532166"
        },
        {
            "gameTime": "1 - 7:53",
            "label": "Foul",
            "position": "473500",
            "half": "1",
            "confidence": "0.9400615096092224"
        },
        {
            "gameTime": "1 - 34:28",
            "label": "Foul",
            "position": "2068500",
            "half": "1",
            "confidence": "0.8824688792228699"
        },
        {
            "gameTime": "1 - 28:49",
            "label": "Foul",
            "position": "1729500",
            "half": "1",
            "confidence": "0.877188503742218"
        },
        {
            "gameTime": "1 - 16:57",
            "label": "Foul",
            "position": "1017000",
            "half": "1",
            "confidence": "0.7642606496810913"
        },
        {
            "gameTime": "1 - 5:11",
            "label": "Foul",
            "position": "311500",
            "half": "1",
            "confidence": "0.7437483668327332"
        },
        {
            "gameTime": "1 - 24:49",
            "label": "Foul",
            "position": "1489500",
            "half": "1",
            "confidence": "0.6815779209136963"
        },
        {
            "gameTime": "1 - 9:13",
            "label": "Foul",
            "position": "553500",
            "half": "1",
            "confidence": "0.6663331389427185"
        },
        {
            "gameTime": "1 - 24:39",
            "label": "Foul",
            "position": "1479000",
            "half": "1",
            "confidence": "0.6556969881057739"
        },
        {
            "gameTime": "1 - 29:1",
            "label": "Foul",
            "position": "1741500",
            "half": "1",
            "confidence": "0.6452942490577698"
        },
        {
            "gameTime": "1 - 22:50",
            "label": "Foul",
            "position": "1370000",
            "half": "1",
            "confidence": "0.6415066123008728"
        },
        {
            "gameTime": "1 - 25:30",
            "label": "Foul",
            "position": "1530500",
            "half": "1",
            "confidence": "0.5981082320213318"
        },
        {
            "gameTime": "1 - 48:3",
            "label": "Foul",
            "position": "2883500",
            "half": "1",
            "confidence": "0.5969071388244629"
        },
        {
            "gameTime": "1 - 14:53",
            "label": "Foul",
            "position": "893000",
            "half": "1",
            "confidence": "0.5340555906295776"
        },
        {
            "gameTime": "1 - 38:25",
            "label": "Foul",
            "position": "2305500",
            "half": "1",
            "confidence": "0.523177444934845"
        },
        {
            "gameTime": "1 - 5:21",
            "label": "Foul",
            "position": "321500",
            "half": "1",
            "confidence": "0.5018750429153442"
        },
        {
            "gameTime": "1 - 15:3",
            "label": "Indirect free-kick",
            "position": "903000",
            "half": "1",
            "confidence": "0.8161463141441345"
        },
        {
            "gameTime": "1 - 28:58",
            "label": "Indirect free-kick",
            "position": "1738500",
            "half": "1",
            "confidence": "0.7601309418678284"
        },
        {
            "gameTime": "1 - 34:53",
            "label": "Indirect free-kick",
            "position": "2093000",
            "half": "1",
            "confidence": "0.6670342683792114"
        },
        {
            "gameTime": "1 - 14:49",
            "label": "Indirect free-kick",
            "position": "889000",
            "half": "1",
            "confidence": "0.6629247069358826"
        },
        {
            "gameTime": "1 - 8:41",
            "label": "Indirect free-kick",
            "position": "521500",
            "half": "1",
            "confidence": "0.6141958236694336"
        },
        {
            "gameTime": "1 - 22:55",
            "label": "Indirect free-kick",
            "position": "1375500",
            "half": "1",
            "confidence": "0.5743488073348999"
        },
        {
            "gameTime": "1 - 48:1",
            "label": "Indirect free-kick",
            "position": "2881000",
            "half": "1",
            "confidence": "0.5717853307723999"
        },
        {
            "gameTime": "1 - 24:34",
            "label": "Indirect free-kick",
            "position": "1474500",
            "half": "1",
            "confidence": "0.5226299166679382"
        },
        {
            "gameTime": "1 - 45:46",
            "label": "Indirect free-kick",
            "position": "2746000",
            "half": "1",
            "confidence": "0.5185584425926208"
        },
        {
            "gameTime": "1 - 23:8",
            "label": "Indirect free-kick",
            "position": "1388500",
            "half": "1",
            "confidence": "0.5184184312820435"
        },
        {
            "gameTime": "1 - 3:52",
            "label": "Direct free-kick",
            "position": "232500",
            "half": "1",
            "confidence": "0.979444146156311"
        },
        {
            "gameTime": "1 - 20:23",
            "label": "Direct free-kick",
            "position": "1223000",
            "half": "1",
            "confidence": "0.8747231364250183"
        },
        {
            "gameTime": "1 - 4:2",
            "label": "Direct free-kick",
            "position": "242500",
            "half": "1",
            "confidence": "0.8193275332450867"
        },
        {
            "gameTime": "1 - 20:11",
            "label": "Direct free-kick",
            "position": "1211500",
            "half": "1",
            "confidence": "0.7757638096809387"
        },
        {
            "gameTime": "1 - 3:33",
            "label": "Direct free-kick",
            "position": "213000",
            "half": "1",
            "confidence": "0.7567548751831055"
        },
        {
            "gameTime": "1 - 8:52",
            "label": "Direct free-kick",
            "position": "532500",
            "half": "1",
            "confidence": "0.6777645349502563"
        },
        {
            "gameTime": "1 - 11:5",
            "label": "Corner",
            "position": "665000",
            "half": "1",
            "confidence": "0.9880885481834412"
        },
        {
            "gameTime": "1 - 11:15",
            "label": "Corner",
            "position": "675000",
            "half": "1",
            "confidence": "0.9265308380126953"
        },
        {
            "gameTime": "1 - 43:43",
            "label": "Corner",
            "position": "2623000",
            "half": "1",
            "confidence": "0.8988366723060608"
        },
        {
            "gameTime": "1 - 4:37",
            "label": "Corner",
            "position": "277000",
            "half": "1",
            "confidence": "0.8319544196128845"
        },
        {
            "gameTime": "1 - 33:33",
            "label": "Corner",
            "position": "2013500",
            "half": "1",
            "confidence": "0.7726130485534668"
        },
        {
            "gameTime": "1 - 41:41",
            "label": "Corner",
            "position": "2501500",
            "half": "1",
            "confidence": "0.7306247353553772"
        },
        {
            "gameTime": "1 - 20:11",
            "label": "Corner",
            "position": "1211000",
            "half": "1",
            "confidence": "0.7299193143844604"
        },
        {
            "gameTime": "1 - 20:24",
            "label": "Corner",
            "position": "1224000",
            "half": "1",
            "confidence": "0.6538432836532593"
        },
        {
            "gameTime": "1 - 33:45",
            "label": "Corner",
            "position": "2025500",
            "half": "1",
            "confidence": "0.6267103552818298"
        },
        {
            "gameTime": "1 - 6:51",
            "label": "Corner",
            "position": "411500",
            "half": "1",
            "confidence": "0.6174730658531189"
        },
        {
            "gameTime": "1 - 20:46",
            "label": "Corner",
            "position": "1246000",
            "half": "1",
            "confidence": "0.5551385879516602"
        },
        {
            "gameTime": "1 - 43:53",
            "label": "Corner",
            "position": "2633000",
            "half": "1",
            "confidence": "0.5436609387397766"
        },
        {
            "gameTime": "1 - 10:40",
            "label": "Corner",
            "position": "640000",
            "half": "1",
            "confidence": "0.5180560946464539"
        },
        {
            "gameTime": "1 - 26:48",
            "label": "Yellow card",
            "position": "1608000",
            "half": "1",
            "confidence": "0.887994110584259"
        },
        {
            "gameTime": "1 - 5:24",
            "label": "Yellow card",
            "position": "324500",
            "half": "1",
            "confidence": "0.7539457678794861"
        },
        {
            "gameTime": "1 - 7:53",
            "label": "Yellow card",
            "position": "473500",
            "half": "1",
            "confidence": "0.7183807492256165"
        },
        {
            "gameTime": "1 - 4:25",
            "label": "Yellow card",
            "position": "265500",
            "half": "1",
            "confidence": "0.63158118724823"
        },
        {
            "gameTime": "1 - 8:9",
            "label": "Yellow card",
            "position": "489500",
            "half": "1",
            "confidence": "0.6256628632545471"
        },
        {
            "gameTime": "1 - 34:28",
            "label": "Yellow card",
            "position": "2068500",
            "half": "1",
            "confidence": "0.6207618117332458"
        },
        {
            "gameTime": "1 - 26:36",
            "label": "Yellow card",
            "position": "1596500",
            "half": "1",
            "confidence": "0.5806747674942017"
        },
        {
            "gameTime": "1 - 8:19",
            "label": "Yellow card",
            "position": "499500",
            "half": "1",
            "confidence": "0.553737461566925"
        },
        {
            "gameTime": "1 - 24:49",
            "label": "Yellow card",
            "position": "1489500",
            "half": "1",
            "confidence": "0.5374129414558411"
        },
        {
            "gameTime": "2 - 3:42",
            "label": "Kick-off",
            "position": "222000",
            "half": "2",
            "confidence": "0.9624097943305969"
        },
        {
            "gameTime": "2 - 0:0",
            "label": "Kick-off",
            "position": "0",
            "half": "2",
            "confidence": "0.9554707407951355"
        },
        {
            "gameTime": "2 - 3:52",
            "label": "Kick-off",
            "position": "232000",
            "half": "2",
            "confidence": "0.8358785510063171"
        },
        {
            "gameTime": "2 - 0:10",
            "label": "Kick-off",
            "position": "10000",
            "half": "2",
            "confidence": "0.7374717593193054"
        },
        {
            "gameTime": "2 - 23:16",
            "label": "Goal",
            "position": "1396500",
            "half": "2",
            "confidence": "0.7608968615531921"
        },
        {
            "gameTime": "2 - 3:12",
            "label": "Goal",
            "position": "192000",
            "half": "2",
            "confidence": "0.6828590631484985"
        },
        {
            "gameTime": "2 - 23:27",
            "label": "Goal",
            "position": "1407000",
            "half": "2",
            "confidence": "0.5811103582382202"
        },
        {
            "gameTime": "2 - 14:7",
            "label": "Substitution",
            "position": "847500",
            "half": "2",
            "confidence": "0.849604070186615"
        },
        {
            "gameTime": "2 - 49:18",
            "label": "Substitution",
            "position": "2958500",
            "half": "2",
            "confidence": "0.8406081795692444"
        },
        {
            "gameTime": "2 - 39:42",
            "label": "Substitution",
            "position": "2382000",
            "half": "2",
            "confidence": "0.6556561589241028"
        },
        {
            "gameTime": "2 - 22:0",
            "label": "Substitution",
            "position": "1320500",
            "half": "2",
            "confidence": "0.6316542029380798"
        },
        {
            "gameTime": "2 - 22:12",
            "label": "Substitution",
            "position": "1332000",
            "half": "2",
            "confidence": "0.5681530237197876"
        },
        {
            "gameTime": "2 - 13:55",
            "label": "Substitution",
            "position": "835500",
            "half": "2",
            "confidence": "0.5639578700065613"
        },
        {
            "gameTime": "2 - 23:21",
            "label": "Shots on target",
            "position": "1401500",
            "half": "2",
            "confidence": "0.8412988781929016"
        },
        {
            "gameTime": "2 - 46:38",
            "label": "Shots on target",
            "position": "2798000",
            "half": "2",
            "confidence": "0.6736898422241211"
        },
        {
            "gameTime": "2 - 37:50",
            "label": "Shots on target",
            "position": "2270000",
            "half": "2",
            "confidence": "0.656724214553833"
        },
        {
            "gameTime": "2 - 24:57",
            "label": "Shots on target",
            "position": "1497500",
            "half": "2",
            "confidence": "0.6225267052650452"
        },
        {
            "gameTime": "2 - 17:55",
            "label": "Shots on target",
            "position": "1075000",
            "half": "2",
            "confidence": "0.5518546104431152"
        },
        {
            "gameTime": "2 - 28:24",
            "label": "Shots on target",
            "position": "1704500",
            "half": "2",
            "confidence": "0.5469274520874023"
        },
        {
            "gameTime": "2 - 23:47",
            "label": "Shots on target",
            "position": "1427500",
            "half": "2",
            "confidence": "0.5117941498756409"
        },
        {
            "gameTime": "2 - 20:16",
            "label": "Shots on target",
            "position": "1216500",
            "half": "2",
            "confidence": "0.5106273293495178"
        },
        {
            "gameTime": "2 - 46:42",
            "label": "Shots off target",
            "position": "2802000",
            "half": "2",
            "confidence": "0.5776442885398865"
        },
        {
            "gameTime": "2 - 11:5",
            "label": "Shots off target",
            "position": "665000",
            "half": "2",
            "confidence": "0.5142688155174255"
        },
        {
            "gameTime": "2 - 20:30",
            "label": "Shots off target",
            "position": "1230500",
            "half": "2",
            "confidence": "0.5031101703643799"
        },
        {
            "gameTime": "2 - 18:2",
            "label": "Ball out of play",
            "position": "1082500",
            "half": "2",
            "confidence": "0.9224211573600769"
        },
        {
            "gameTime": "2 - 45:1",
            "label": "Ball out of play",
            "position": "2701500",
            "half": "2",
            "confidence": "0.8862794041633606"
        },
        {
            "gameTime": "2 - 41:8",
            "label": "Ball out of play",
            "position": "2468000",
            "half": "2",
            "confidence": "0.8786367774009705"
        },
        {
            "gameTime": "2 - 24:56",
            "label": "Ball out of play",
            "position": "1496000",
            "half": "2",
            "confidence": "0.8677149415016174"
        },
        {
            "gameTime": "2 - 1:30",
            "label": "Ball out of play",
            "position": "90500",
            "half": "2",
            "confidence": "0.8648696541786194"
        },
        {
            "gameTime": "2 - 46:25",
            "label": "Ball out of play",
            "position": "2785500",
            "half": "2",
            "confidence": "0.8396323323249817"
        },
        {
            "gameTime": "2 - 12:16",
            "label": "Ball out of play",
            "position": "736500",
            "half": "2",
            "confidence": "0.839188277721405"
        },
        {
            "gameTime": "2 - 17:51",
            "label": "Ball out of play",
            "position": "1071500",
            "half": "2",
            "confidence": "0.8359862565994263"
        },
        {
            "gameTime": "2 - 1:41",
            "label": "Ball out of play",
            "position": "101500",
            "half": "2",
            "confidence": "0.832533061504364"
        },
        {
            "gameTime": "2 - 0:38",
            "label": "Ball out of play",
            "position": "38500",
            "half": "2",
            "confidence": "0.8227910995483398"
        },
        {
            "gameTime": "2 - 23:38",
            "label": "Ball out of play",
            "position": "1418500",
            "half": "2",
            "confidence": "0.8097825050354004"
        },
        {
            "gameTime": "2 - 44:49",
            "label": "Ball out of play",
            "position": "2689500",
            "half": "2",
            "confidence": "0.7817133069038391"
        },
        {
            "gameTime": "2 - 23:25",
            "label": "Ball out of play",
            "position": "1405500",
            "half": "2",
            "confidence": "0.7712304592132568"
        },
        {
            "gameTime": "2 - 15:27",
            "label": "Ball out of play",
            "position": "927000",
            "half": "2",
            "confidence": "0.7702659964561462"
        },
        {
            "gameTime": "2 - 46:35",
            "label": "Ball out of play",
            "position": "2795500",
            "half": "2",
            "confidence": "0.7604987025260925"
        },
        {
            "gameTime": "2 - 27:16",
            "label": "Ball out of play",
            "position": "1636000",
            "half": "2",
            "confidence": "0.7533944249153137"
        },
        {
            "gameTime": "2 - 40:9",
            "label": "Ball out of play",
            "position": "2409000",
            "half": "2",
            "confidence": "0.7404029369354248"
        },
        {
            "gameTime": "2 - 24:3",
            "label": "Ball out of play",
            "position": "1443500",
            "half": "2",
            "confidence": "0.7359200716018677"
        },
        {
            "gameTime": "2 - 11:11",
            "label": "Ball out of play",
            "position": "671500",
            "half": "2",
            "confidence": "0.7068597674369812"
        },
        {
            "gameTime": "2 - 27:4",
            "label": "Ball out of play",
            "position": "1624500",
            "half": "2",
            "confidence": "0.7064206004142761"
        },
        {
            "gameTime": "2 - 10:59",
            "label": "Ball out of play",
            "position": "659000",
            "half": "2",
            "confidence": "0.6998707056045532"
        },
        {
            "gameTime": "2 - 6:13",
            "label": "Ball out of play",
            "position": "373000",
            "half": "2",
            "confidence": "0.6951517462730408"
        },
        {
            "gameTime": "2 - 45:11",
            "label": "Ball out of play",
            "position": "2711500",
            "half": "2",
            "confidence": "0.6887714862823486"
        },
        {
            "gameTime": "2 - 41:20",
            "label": "Ball out of play",
            "position": "2480000",
            "half": "2",
            "confidence": "0.6876622438430786"
        },
        {
            "gameTime": "2 - 0:28",
            "label": "Ball out of play",
            "position": "28000",
            "half": "2",
            "confidence": "0.6831235885620117"
        },
        {
            "gameTime": "2 - 32:43",
            "label": "Ball out of play",
            "position": "1963000",
            "half": "2",
            "confidence": "0.6818968057632446"
        },
        {
            "gameTime": "2 - 46:15",
            "label": "Ball out of play",
            "position": "2775000",
            "half": "2",
            "confidence": "0.6787714958190918"
        },
        {
            "gameTime": "2 - 48:1",
            "label": "Ball out of play",
            "position": "2881500",
            "half": "2",
            "confidence": "0.6758275032043457"
        },
        {
            "gameTime": "2 - 20:19",
            "label": "Ball out of play",
            "position": "1219500",
            "half": "2",
            "confidence": "0.6725568771362305"
        },
        {
            "gameTime": "2 - 48:50",
            "label": "Ball out of play",
            "position": "2930500",
            "half": "2",
            "confidence": "0.6662037372589111"
        },
        {
            "gameTime": "2 - 30:53",
            "label": "Ball out of play",
            "position": "1853000",
            "half": "2",
            "confidence": "0.6575802564620972"
        },
        {
            "gameTime": "2 - 35:56",
            "label": "Ball out of play",
            "position": "2156500",
            "half": "2",
            "confidence": "0.6546776294708252"
        },
        {
            "gameTime": "2 - 31:3",
            "label": "Ball out of play",
            "position": "1863500",
            "half": "2",
            "confidence": "0.6516189575195312"
        },
        {
            "gameTime": "2 - 12:6",
            "label": "Ball out of play",
            "position": "726000",
            "half": "2",
            "confidence": "0.6465156674385071"
        },
        {
            "gameTime": "2 - 18:29",
            "label": "Ball out of play",
            "position": "1109500",
            "half": "2",
            "confidence": "0.6456400752067566"
        },
        {
            "gameTime": "2 - 14:13",
            "label": "Ball out of play",
            "position": "853000",
            "half": "2",
            "confidence": "0.6430359482765198"
        },
        {
            "gameTime": "2 - 10:19",
            "label": "Ball out of play",
            "position": "619000",
            "half": "2",
            "confidence": "0.6418208479881287"
        },
        {
            "gameTime": "2 - 32:32",
            "label": "Ball out of play",
            "position": "1952000",
            "half": "2",
            "confidence": "0.6293125748634338"
        },
        {
            "gameTime": "2 - 23:48",
            "label": "Ball out of play",
            "position": "1428500",
            "half": "2",
            "confidence": "0.6290081739425659"
        },
        {
            "gameTime": "2 - 10:44",
            "label": "Ball out of play",
            "position": "644500",
            "half": "2",
            "confidence": "0.6266219615936279"
        },
        {
            "gameTime": "2 - 1:20",
            "label": "Ball out of play",
            "position": "80000",
            "half": "2",
            "confidence": "0.6237357258796692"
        },
        {
            "gameTime": "2 - 20:32",
            "label": "Ball out of play",
            "position": "1232500",
            "half": "2",
            "confidence": "0.618526816368103"
        },
        {
            "gameTime": "2 - 5:42",
            "label": "Ball out of play",
            "position": "342000",
            "half": "2",
            "confidence": "0.6134305000305176"
        },
        {
            "gameTime": "2 - 24:17",
            "label": "Ball out of play",
            "position": "1457500",
            "half": "2",
            "confidence": "0.5959469079971313"
        },
        {
            "gameTime": "2 - 15:16",
            "label": "Ball out of play",
            "position": "916000",
            "half": "2",
            "confidence": "0.589657723903656"
        },
        {
            "gameTime": "2 - 41:58",
            "label": "Ball out of play",
            "position": "2518500",
            "half": "2",
            "confidence": "0.5865031480789185"
        },
        {
            "gameTime": "2 - 18:40",
            "label": "Ball out of play",
            "position": "1120500",
            "half": "2",
            "confidence": "0.5693802237510681"
        },
        {
            "gameTime": "2 - 48:40",
            "label": "Ball out of play",
            "position": "2920000",
            "half": "2",
            "confidence": "0.5586221814155579"
        },
        {
            "gameTime": "2 - 21:6",
            "label": "Ball out of play",
            "position": "1266500",
            "half": "2",
            "confidence": "0.5572189688682556"
        },
        {
            "gameTime": "2 - 32:20",
            "label": "Ball out of play",
            "position": "1940000",
            "half": "2",
            "confidence": "0.5526521801948547"
        },
        {
            "gameTime": "2 - 41:43",
            "label": "Ball out of play",
            "position": "2503500",
            "half": "2",
            "confidence": "0.5413002967834473"
        },
        {
            "gameTime": "2 - 28:37",
            "label": "Ball out of play",
            "position": "1717500",
            "half": "2",
            "confidence": "0.5290313363075256"
        },
        {
            "gameTime": "2 - 46:52",
            "label": "Ball out of play",
            "position": "2812500",
            "half": "2",
            "confidence": "0.5185973644256592"
        },
        {
            "gameTime": "2 - 40:23",
            "label": "Ball out of play",
            "position": "2423000",
            "half": "2",
            "confidence": "0.5071156620979309"
        },
        {
            "gameTime": "2 - 11:21",
            "label": "Ball out of play",
            "position": "681500",
            "half": "2",
            "confidence": "0.5034120082855225"
        },
        {
            "gameTime": "2 - 41:8",
            "label": "Throw-in",
            "position": "2468500",
            "half": "2",
            "confidence": "0.921460747718811"
        },
        {
            "gameTime": "2 - 46:23",
            "label": "Throw-in",
            "position": "2783500",
            "half": "2",
            "confidence": "0.9052082300186157"
        },
        {
            "gameTime": "2 - 0:38",
            "label": "Throw-in",
            "position": "38500",
            "half": "2",
            "confidence": "0.883366584777832"
        },
        {
            "gameTime": "2 - 41:19",
            "label": "Throw-in",
            "position": "2479000",
            "half": "2",
            "confidence": "0.8694651126861572"
        },
        {
            "gameTime": "2 - 27:18",
            "label": "Throw-in",
            "position": "1638500",
            "half": "2",
            "confidence": "0.8481001853942871"
        },
        {
            "gameTime": "2 - 35:56",
            "label": "Throw-in",
            "position": "2156000",
            "half": "2",
            "confidence": "0.8290146589279175"
        },
        {
            "gameTime": "2 - 0:28",
            "label": "Throw-in",
            "position": "28000",
            "half": "2",
            "confidence": "0.8171715140342712"
        },
        {
            "gameTime": "2 - 46:12",
            "label": "Throw-in",
            "position": "2772500",
            "half": "2",
            "confidence": "0.8018233776092529"
        },
        {
            "gameTime": "2 - 14:13",
            "label": "Throw-in",
            "position": "853000",
            "half": "2",
            "confidence": "0.7993642091751099"
        },
        {
            "gameTime": "2 - 11:10",
            "label": "Throw-in",
            "position": "670000",
            "half": "2",
            "confidence": "0.6956783533096313"
        },
        {
            "gameTime": "2 - 8:19",
            "label": "Throw-in",
            "position": "499000",
            "half": "2",
            "confidence": "0.6445452570915222"
        },
        {
            "gameTime": "2 - 31:9",
            "label": "Throw-in",
            "position": "1869000",
            "half": "2",
            "confidence": "0.6341828107833862"
        },
        {
            "gameTime": "2 - 35:20",
            "label": "Throw-in",
            "position": "2120000",
            "half": "2",
            "confidence": "0.6044372320175171"
        },
        {
            "gameTime": "2 - 1:38",
            "label": "Throw-in",
            "position": "98000",
            "half": "2",
            "confidence": "0.5682045817375183"
        },
        {
            "gameTime": "2 - 41:33",
            "label": "Throw-in",
            "position": "2493000",
            "half": "2",
            "confidence": "0.5643348097801208"
        },
        {
            "gameTime": "2 - 6:37",
            "label": "Throw-in",
            "position": "397000",
            "half": "2",
            "confidence": "0.5575160980224609"
        },
        {
            "gameTime": "2 - 12:23",
            "label": "Throw-in",
            "position": "743500",
            "half": "2",
            "confidence": "0.5357882380485535"
        },
        {
            "gameTime": "2 - 30:50",
            "label": "Throw-in",
            "position": "1850500",
            "half": "2",
            "confidence": "0.5078656077384949"
        },
        {
            "gameTime": "2 - 14:56",
            "label": "Foul",
            "position": "896000",
            "half": "2",
            "confidence": "0.8919487595558167"
        },
        {
            "gameTime": "2 - 14:45",
            "label": "Foul",
            "position": "885000",
            "half": "2",
            "confidence": "0.8867581486701965"
        },
        {
            "gameTime": "2 - 8:29",
            "label": "Foul",
            "position": "509000",
            "half": "2",
            "confidence": "0.8458704352378845"
        },
        {
            "gameTime": "2 - 25:34",
            "label": "Foul",
            "position": "1534000",
            "half": "2",
            "confidence": "0.813997745513916"
        },
        {
            "gameTime": "2 - 21:15",
            "label": "Foul",
            "position": "1275000",
            "half": "2",
            "confidence": "0.8073698878288269"
        },
        {
            "gameTime": "2 - 39:27",
            "label": "Foul",
            "position": "2367500",
            "half": "2",
            "confidence": "0.7817662358283997"
        },
        {
            "gameTime": "2 - 34:45",
            "label": "Foul",
            "position": "2085000",
            "half": "2",
            "confidence": "0.7446846961975098"
        },
        {
            "gameTime": "2 - 39:13",
            "label": "Foul",
            "position": "2353000",
            "half": "2",
            "confidence": "0.6963943839073181"
        },
        {
            "gameTime": "2 - 40:34",
            "label": "Foul",
            "position": "2434500",
            "half": "2",
            "confidence": "0.6829890608787537"
        },
        {
            "gameTime": "2 - 42:54",
            "label": "Foul",
            "position": "2574000",
            "half": "2",
            "confidence": "0.6519122123718262"
        },
        {
            "gameTime": "2 - 8:46",
            "label": "Foul",
            "position": "526500",
            "half": "2",
            "confidence": "0.6117961406707764"
        },
        {
            "gameTime": "2 - 26:13",
            "label": "Foul",
            "position": "1573500",
            "half": "2",
            "confidence": "0.545372724533081"
        },
        {
            "gameTime": "2 - 25:23",
            "label": "Foul",
            "position": "1523500",
            "half": "2",
            "confidence": "0.5278125405311584"
        },
        {
            "gameTime": "2 - 39:2",
            "label": "Foul",
            "position": "2342500",
            "half": "2",
            "confidence": "0.5124855041503906"
        },
        {
            "gameTime": "2 - 8:41",
            "label": "Indirect free-kick",
            "position": "521500",
            "half": "2",
            "confidence": "0.668111264705658"
        },
        {
            "gameTime": "2 - 8:28",
            "label": "Indirect free-kick",
            "position": "508500",
            "half": "2",
            "confidence": "0.577231228351593"
        },
        {
            "gameTime": "2 - 13:41",
            "label": "Indirect free-kick",
            "position": "821500",
            "half": "2",
            "confidence": "0.5460877418518066"
        },
        {
            "gameTime": "2 - 26:24",
            "label": "Direct free-kick",
            "position": "1584000",
            "half": "2",
            "confidence": "0.9397990703582764"
        },
        {
            "gameTime": "2 - 28:24",
            "label": "Direct free-kick",
            "position": "1704500",
            "half": "2",
            "confidence": "0.8883246779441833"
        },
        {
            "gameTime": "2 - 26:39",
            "label": "Direct free-kick",
            "position": "1599500",
            "half": "2",
            "confidence": "0.5768474340438843"
        },
        {
            "gameTime": "2 - 18:19",
            "label": "Corner",
            "position": "1099500",
            "half": "2",
            "confidence": "0.8702016472816467"
        },
        {
            "gameTime": "2 - 18:3",
            "label": "Corner",
            "position": "1083500",
            "half": "2",
            "confidence": "0.7032355666160583"
        },
        {
            "gameTime": "2 - 18:29",
            "label": "Corner",
            "position": "1109500",
            "half": "2",
            "confidence": "0.6861395835876465"
        },
        {
            "gameTime": "2 - 28:36",
            "label": "Corner",
            "position": "1716000",
            "half": "2",
            "confidence": "0.5774394869804382"
        },
        {
            "gameTime": "2 - 11:8",
            "label": "Corner",
            "position": "668500",
            "half": "2",
            "confidence": "0.53365159034729"
        },
        {
            "gameTime": "2 - 25:21",
            "label": "Corner",
            "position": "1521000",
            "half": "2",
            "confidence": "0.5314671993255615"
        },
        {
            "gameTime": "2 - 14:57",
            "label": "Yellow card",
            "position": "897500",
            "half": "2",
            "confidence": "0.6435102224349976"
        }
    ]
}