{
    "UrlLocal": "italy_serie-a/2016-2017/2016-11-06 - 18-00 Internazionale 3 - 0 Crotone",
    "UrlYoutube": "",
    "annotations": [
        {
            "change_type": "",
            "gameTime": "1 - 05:55",
            "label": "",
            "position": "355988",
            "replay": "real-time"
        },
        {
            "change_type": "",
            "gameTime": "1 - 06:01",
            "label": "",
            "link": "",
            "position": "361633",
            "replay": "replay"
        },
        {
            "change_type": "",
            "gameTime": "1 - 06:39",
            "label": "",
            "position": "399823",
            "replay": "real-time"
        },
        {
            "change_type": "",
            "gameTime": "1 - 06:45",
            "label": "",
            "link": "",
            "position": "405808",
            "replay": "replay"
        },
        {
            "change_type": "",
            "gameTime": "1 - 07:08",
            "label": "",
            "position": "428514",
            "replay": "real-time"
        },
        {
            "change_type": "",
            "gameTime": "1 - 07:12",
            "label": "",
            "link": "",
            "position": "432807",
            "replay": "replay"
        },
        {
            "change_type": "",
            "gameTime": "1 - 08:58",
            "label": "",
            "position": "538804",
            "replay": "real-time"
        },
        {
            "change_type": "",
            "gameTime": "1 - 09:10",
            "label": "",
            "link": "",
            "position": "550634",
            "replay": "replay"
        },
        {
            "change_type": "",
            "gameTime": "1 - 09:35",
            "label": "",
            "position": "575921",
            "replay": "real-time"
        },
        {
            "change_type": "",
            "gameTime": "1 - 09:40",
            "label": "",
            "link": "",
            "position": "580258",
            "replay": "replay"
        },
        {
            "change_type": "",
            "gameTime": "1 - 10:41",
            "label": "",
            "position": "641601",
            "replay": "real-time"
        },
        {
            "change_type": "",
            "gameTime": "1 - 10:47",
            "label": "",
            "link": "",
            "position": "647524",
            "replay": "replay"
        },
        {
            "change_type": "",
            "gameTime": "1 - 13:26",
            "label": "",
            "position": "806195",
            "replay": "real-time"
        },
        {
            "change_type": "",
            "gameTime": "1 - 13:30",
            "label": "",
            "link": "",
            "position": "810890",
            "replay": "replay"
        },
        {
            "change_type": "",
            "gameTime": "1 - 16:06",
            "label": "",
            "position": "966581",
            "replay": "real-time"
        },
        {
            "change_type": "",
            "gameTime": "1 - 16:13",
            "label": "",
            "link": "",
            "position": "973825",
            "replay": "replay"
        },
        {
            "change_type": "",
            "gameTime": "1 - 16:29",
            "label": "",
            "position": "989418",
            "replay": "real-time"
        },
        {
            "change_type": "",
            "gameTime": "1 - 16:34",
            "label": "",
            "link": "",
            "position": "994490",
            "replay": "replay"
        },
        {
            "change_type": "",
            "gameTime": "1 - 17:10",
            "label": "",
            "position": "1030401",
            "replay": "real-time"
        },
        {
            "change_type": "",
            "gameTime": "1 - 17:14",
            "label": "",
            "link": "",
            "position": "1034047",
            "replay": "replay"
        },
        {
            "change_type": "",
            "gameTime": "1 - 26:38",
            "label": "",
            "position": "1598900",
            "replay": "real-time"
        },
        {
            "change_type": "",
            "gameTime": "1 - 26:45",
            "label": "",
            "link": "",
            "position": "1605193",
            "replay": "replay"
        },
        {
            "change_type": "",
            "gameTime": "1 - 29:13",
            "label": "",
            "position": "1753833",
            "replay": "real-time"
        },
        {
            "change_type": "",
            "gameTime": "1 - 29:21",
            "label": "",
            "link": "",
            "position": "1761537",
            "replay": "replay"
        },
        {
            "change_type": "",
            "gameTime": "1 - 29:28",
            "label": "",
            "link": "",
            "position": "1768483",
            "replay": "replay"
        },
        {
            "change_type": "",
            "gameTime": "1 - 33:17",
            "label": "",
            "position": "1997817",
            "replay": "real-time"
        },
        {
            "change_type": "",
            "gameTime": "1 - 33:22",
            "label": "",
            "link": "",
            "position": "2002479",
            "replay": "replay"
        },
        {
            "change_type": "",
            "gameTime": "1 - 33:27",
            "label": "",
            "link": "",
            "position": "2007562",
            "replay": "replay"
        },
        {
            "change_type": "",
            "gameTime": "1 - 35:01",
            "label": "",
            "position": "2101835",
            "replay": "real-time"
        },
        {
            "change_type": "",
            "gameTime": "1 - 35:08",
            "label": "",
            "link": "",
            "position": "2108489",
            "replay": "replay"
        },
        {
            "change_type": "",
            "gameTime": "1 - 38:35",
            "label": "",
            "position": "2315014",
            "replay": "real-time"
        },
        {
            "change_type": "",
            "gameTime": "1 - 38:39",
            "label": "",
            "link": "",
            "position": "2319740",
            "replay": "replay"
        },
        {
            "change_type": "",
            "gameTime": "1 - 39:45",
            "label": "",
            "position": "2385792",
            "replay": "real-time"
        },
        {
            "change_type": "",
            "gameTime": "1 - 39:55",
            "label": "",
            "link": "",
            "position": "2395254",
            "replay": "replay"
        },
        {
            "change_type": "",
            "gameTime": "1 - 45:05",
            "label": "",
            "position": "2705887",
            "replay": "real-time"
        },
        {
            "change_type": "",
            "gameTime": "1 - 45:14",
            "label": "",
            "link": "",
            "position": "2714826",
            "replay": "replay"
        },
        {
            "change_type": "",
            "gameTime": "2 - 00:39",
            "label": "",
            "position": "39795",
            "replay": "real-time"
        },
        {
            "change_type": "",
            "gameTime": "2 - 00:43",
            "label": "",
            "link": "",
            "position": "43987",
            "replay": "replay"
        },
        {
            "change_type": "",
            "gameTime": "2 - 01:32",
            "label": "",
            "position": "92426",
            "replay": "real-time"
        },
        {
            "change_type": "",
            "gameTime": "2 - 01:39",
            "label": "",
            "link": "",
            "position": "99353",
            "replay": "replay"
        },
        {
            "change_type": "",
            "gameTime": "2 - 01:43",
            "label": "",
            "link": "",
            "position": "103591",
            "replay": "replay"
        },
        {
            "change_type": "",
            "gameTime": "2 - 01:51",
            "label": "",
            "link": "",
            "position": "111556",
            "replay": "replay"
        },
        {
            "change_type": "",
            "gameTime": "2 - 02:39",
            "label": "",
            "position": "159964",
            "replay": "real-time"
        },
        {
            "change_type": "",
            "gameTime": "2 - 02:46",
            "label": "",
            "link": "",
            "position": "166303",
            "replay": "replay"
        },
        {
            "change_type": "",
            "gameTime": "2 - 05:41",
            "label": "",
            "position": "341813",
            "replay": "real-time"
        },
        {
            "change_type": "",
            "gameTime": "2 - 05:45",
            "label": "",
            "link": "",
            "position": "345620",
            "replay": "replay"
        },
        {
            "change_type": "",
            "gameTime": "2 - 06:26",
            "label": "",
            "position": "386124",
            "replay": "real-time"
        },
        {
            "change_type": "",
            "gameTime": "2 - 06:32",
            "label": "",
            "link": "",
            "position": "392176",
            "replay": "replay"
        },
        {
            "change_type": "",
            "gameTime": "2 - 07:16",
            "label": "",
            "position": "436268",
            "replay": "real-time"
        },
        {
            "change_type": "",
            "gameTime": "2 - 07:21",
            "label": "",
            "link": "",
            "position": "441323",
            "replay": "replay"
        },
        {
            "change_type": "",
            "gameTime": "2 - 13:06",
            "label": "",
            "position": "786460",
            "replay": "real-time"
        },
        {
            "change_type": "",
            "gameTime": "2 - 13:11",
            "label": "",
            "link": "",
            "position": "791996",
            "replay": "replay"
        },
        {
            "change_type": "",
            "gameTime": "2 - 13:15",
            "label": "",
            "link": "",
            "position": "795541",
            "replay": "replay"
        },
        {
            "change_type": "",
            "gameTime": "2 - 16:22",
            "label": "",
            "position": "982552",
            "replay": "real-time"
        },
        {
            "change_type": "",
            "gameTime": "2 - 16:27",
            "label": "",
            "link": "",
            "position": "987293",
            "replay": "replay"
        },
        {
            "change_type": "",
            "gameTime": "2 - 16:31",
            "label": "",
            "link": "",
            "position": "991060",
            "replay": "replay"
        },
        {
            "change_type": "",
            "gameTime": "2 - 17:54",
            "label": "",
            "position": "1074966",
            "replay": "real-time"
        },
        {
            "change_type": "",
            "gameTime": "2 - 17:58",
            "label": "",
            "link": "",
            "position": "1078478",
            "replay": "replay"
        },
        {
            "change_type": "",
            "gameTime": "2 - 18:02",
            "label": "",
            "link": "",
            "position": "1082094",
            "replay": "replay"
        },
        {
            "change_type": "",
            "gameTime": "2 - 18:35",
            "label": "",
            "position": "1115635",
            "replay": "real-time"
        },
        {
            "change_type": "",
            "gameTime": "2 - 18:41",
            "label": "",
            "link": "",
            "position": "1121290",
            "replay": "replay"
        },
        {
            "change_type": "",
            "gameTime": "2 - 18:46",
            "label": "",
            "link": "",
            "position": "1126654",
            "replay": "replay"
        },
        {
            "change_type": "",
            "gameTime": "2 - 24:55",
            "label": "",
            "position": "1495033",
            "replay": "real-time"
        },
        {
            "change_type": "",
            "gameTime": "2 - 25:00",
            "label": "",
            "link": "",
            "position": "1500880",
            "replay": "replay"
        },
        {
            "change_type": "",
            "gameTime": "2 - 27:09",
            "label": "",
            "position": "1629605",
            "replay": "real-time"
        },
        {
            "change_type": "",
            "gameTime": "2 - 27:15",
            "label": "",
            "link": "",
            "position": "1635896",
            "replay": "replay"
        },
        {
            "change_type": "",
            "gameTime": "2 - 28:22",
            "label": "",
            "position": "1702402",
            "replay": "real-time"
        },
        {
            "change_type": "",
            "gameTime": "2 - 28:27",
            "label": "",
            "link": "",
            "position": "1707740",
            "replay": "replay"
        },
        {
            "change_type": "",
            "gameTime": "2 - 29:44",
            "label": "",
            "position": "1784472",
            "replay": "real-time"
        },
        {
            "change_type": "",
            "gameTime": "2 - 29:50",
            "label": "",
            "link": "",
            "position": "1790863",
            "replay": "replay"
        },
        {
            "change_type": "",
            "gameTime": "2 - 29:55",
            "label": "",
            "link": "",
            "position": "1795577",
            "replay": "replay"
        },
        {
            "change_type": "",
            "gameTime": "2 - 30:58",
            "label": "",
            "position": "1858335",
            "replay": "real-time"
        },
        {
            "change_type": "",
            "gameTime": "2 - 31:04",
            "label": "",
            "link": "",
            "position": "1864001",
            "replay": "replay"
        },
        {
            "change_type": "",
            "gameTime": "2 - 31:09",
            "label": "",
            "link": "",
            "position": "1869431",
            "replay": "replay"
        },
        {
            "change_type": "",
            "gameTime": "2 - 32:32",
            "label": "",
            "position": "1952118",
            "replay": "real-time"
        },
        {
            "change_type": "",
            "gameTime": "2 - 32:36",
            "label": "",
            "link": "",
            "position": "1956723",
            "replay": "replay"
        },
        {
            "change_type": "",
            "gameTime": "2 - 32:38",
            "label": "",
            "link": "",
            "position": "1958854",
            "replay": "replay"
        },
        {
            "change_type": "",
            "gameTime": "2 - 38:38",
            "label": "",
            "position": "2318230",
            "replay": "real-time"
        },
        {
            "change_type": "",
            "gameTime": "2 - 38:48",
            "label": "",
            "link": "",
            "position": "2328038",
            "replay": "replay"
        },
        {
            "change_type": "",
            "gameTime": "2 - 38:51",
            "label": "",
            "link": "",
            "position": "2331743",
            "replay": "replay"
        },
        {
            "change_type": "",
            "gameTime": "2 - 38:59",
            "label": "",
            "link": "",
            "position": "2339989",
            "replay": "replay"
        },
        {
            "change_type": "",
            "gameTime": "2 - 39:06",
            "label": "",
            "link": "",
            "position": "2346937",
            "replay": "replay"
        },
        {
            "change_type": "",
            "gameTime": "2 - 42:23",
            "label": "",
            "position": "2543233",
            "replay": "real-time"
        },
        {
            "change_type": "",
            "gameTime": "2 - 42:30",
            "label": "",
            "link": "",
            "position": "2550515",
            "replay": "replay"
        },
        {
            "change_type": "",
            "gameTime": "2 - 42:34",
            "label": "",
            "link": "",
            "position": "2554172",
            "replay": "replay"
        },
        {
            "change_type": "",
            "gameTime": "2 - 43:18",
            "label": "",
            "position": "2598477",
            "replay": "real-time"
        },
        {
            "change_type": "",
            "gameTime": "2 - 43:21",
            "label": "",
            "link": "",
            "position": "2601514",
            "replay": "replay"
        },
        {
            "change_type": "",
            "gameTime": "2 - 43:24",
            "label": "",
            "link": "",
            "position": "2604991",
            "replay": "replay"
        },
        {
            "change_type": "",
            "gameTime": "2 - 43:29",
            "label": "",
            "link": "",
            "position": "2609495",
            "replay": "replay"
        },
        {
            "change_type": "",
            "gameTime": "2 - 47:10",
            "label": "",
            "position": "2830498",
            "replay": "real-time"
        },
        {
            "change_type": "",
            "gameTime": "2 - 47:15",
            "label": "",
            "link": "",
            "position": "2835115",
            "replay": "replay"
        },
        {
            "change_type": "",
            "gameTime": "2 - 47:58",
            "label": "",
            "position": "2878775",
            "replay": "real-time"
        },
        {
            "change_type": "",
            "gameTime": "2 - 48:06",
            "label": "",
            "link": "",
            "position": "2886498",
            "replay": "replay"
        },
        {
            "change_type": "",
            "gameTime": "2 - 48:10",
            "label": "",
            "link": "",
            "position": "2890884",
            "replay": "replay"
        },
        {
            "change_type": "",
            "gameTime": "2 - 48:16",
            "label": "",
            "link": "",
            "position": "2896888",
            "replay": "replay"
        }
    ],
    "gameAwayTeam": "Crotone",
    "gameDate": "2016-11-06 - 18-00",
    "gameHomeTeam": "Internazionale",
    "gameScore": "3 - 0"
}