{
    "UrlLocal": "england_epl/2015-2016/2015-08-29 - 17-00 Liverpool 0 - 3 West Ham",
    "predictions": [
        {
            "gameTime": "1 - 48:44",
            "label": "card",
            "position": "2924000",
            "half": "1",
            "confidence": "0.8729413151741028"
        },
        {
            "gameTime": "1 - 48:56",
            "label": "card",
            "position": "2936000",
            "half": "1",
            "confidence": "0.8472261428833008"
        },
        {
            "gameTime": "1 - 37:57",
            "label": "card",
            "position": "2277000",
            "half": "1",
            "confidence": "0.6620834469795227"
        },
        {
            "gameTime": "1 - 37:46",
            "label": "card",
            "position": "2266500",
            "half": "1",
            "confidence": "0.5806529521942139"
        },
        {
            "gameTime": "1 - 39:31",
            "label": "card",
            "position": "2371500",
            "half": "1",
            "confidence": "0.5446853637695312"
        },
        {
            "gameTime": "1 - 10:11",
            "label": "card",
            "position": "611500",
            "half": "1",
            "confidence": "0.5038257241249084"
        },
        {
            "gameTime": "1 - 2:29",
            "label": "soccer",
            "position": "149500",
            "half": "1",
            "confidence": "0.9691572189331055"
        },
        {
            "gameTime": "1 - 28:24",
            "label": "soccer",
            "position": "1704000",
            "half": "1",
            "confidence": "0.9544379115104675"
        },
        {
            "gameTime": "1 - 1:33",
            "label": "soccer",
            "position": "93000",
            "half": "1",
            "confidence": "0.5430154800415039"
        },
        {
            "gameTime": "2 - 24:15",
            "label": "card",
            "position": "1455000",
            "half": "2",
            "confidence": "0.9190255403518677"
        },
        {
            "gameTime": "2 - 6:30",
            "label": "card",
            "position": "390000",
            "half": "2",
            "confidence": "0.9024018049240112"
        },
        {
            "gameTime": "2 - 24:26",
            "label": "card",
            "position": "1466500",
            "half": "2",
            "confidence": "0.7766385674476624"
        },
        {
            "gameTime": "2 - 40:8",
            "label": "card",
            "position": "2408000",
            "half": "2",
            "confidence": "0.707368016242981"
        },
        {
            "gameTime": "2 - 6:40",
            "label": "card",
            "position": "400000",
            "half": "2",
            "confidence": "0.5989283919334412"
        },
        {
            "gameTime": "2 - 11:31",
            "label": "card",
            "position": "691000",
            "half": "2",
            "confidence": "0.5038341283798218"
        },
        {
            "gameTime": "2 - 36:1",
            "label": "subs",
            "position": "2161500",
            "half": "2",
            "confidence": "0.5915942788124084"
        },
        {
            "gameTime": "2 - 15:19",
            "label": "subs",
            "position": "919000",
            "half": "2",
            "confidence": "0.5310484170913696"
        },
        {
            "gameTime": "2 - 46:23",
            "label": "soccer",
            "position": "2783000",
            "half": "2",
            "confidence": "0.7618442177772522"
        },
        {
            "gameTime": "2 - 13:21",
            "label": "soccer",
            "position": "801500",
            "half": "2",
            "confidence": "0.5128284692764282"
        }
    ]
}