{
    "UrlLocal": "spain_laliga/2016-2017/2017-04-08 - 21-45 Malaga 2 - 0 Barcelona",
    "predictions": [
        {
            "gameTime": "1 - 44:35",
            "label": "card",
            "position": "2675000",
            "half": "1",
            "confidence": "0.6979072093963623"
        },
        {
            "gameTime": "1 - 7:6",
            "label": "card",
            "position": "426000",
            "half": "1",
            "confidence": "0.6651548147201538"
        },
        {
            "gameTime": "1 - 44:45",
            "label": "card",
            "position": "2685000",
            "half": "1",
            "confidence": "0.5132932066917419"
        },
        {
            "gameTime": "1 - 31:39",
            "label": "soccer",
            "position": "1899500",
            "half": "1",
            "confidence": "0.8641411662101746"
        },
        {
            "gameTime": "1 - 39:53",
            "label": "soccer",
            "position": "2393000",
            "half": "1",
            "confidence": "0.6226015090942383"
        },
        {
            "gameTime": "1 - 29:23",
            "label": "soccer",
            "position": "1763500",
            "half": "1",
            "confidence": "0.5031031966209412"
        },
        {
            "gameTime": "2 - 45:0",
            "label": "soccer",
            "position": "2700500",
            "half": "2",
            "confidence": "0.9934245347976685"
        }
    ]
}