{
    "UrlLocal": "europe_uefa-champions-league/2016-2017/2016-09-26 - 18-00 Arsenal 2 - 0 Basel",
    "predictions": [
        {
            "gameTime": "1 - 9:45",
            "label": "Kick-off",
            "position": "585000",
            "half": "1",
            "confidence": "0.9481787085533142"
        },
        {
            "gameTime": "1 - 0:6",
            "label": "Kick-off",
            "position": "6500",
            "half": "1",
            "confidence": "0.8792839646339417"
        },
        {
            "gameTime": "1 - 26:27",
            "label": "Kick-off",
            "position": "1587000",
            "half": "1",
            "confidence": "0.829031229019165"
        },
        {
            "gameTime": "1 - 41:19",
            "label": "Kick-off",
            "position": "2479000",
            "half": "1",
            "confidence": "0.6566644310951233"
        },
        {
            "gameTime": "1 - 6:47",
            "label": "Goal",
            "position": "407500",
            "half": "1",
            "confidence": "0.9899910688400269"
        },
        {
            "gameTime": "1 - 25:32",
            "label": "Goal",
            "position": "1532000",
            "half": "1",
            "confidence": "0.783656895160675"
        },
        {
            "gameTime": "1 - 19:11",
            "label": "Offside",
            "position": "1151000",
            "half": "1",
            "confidence": "0.5893151164054871"
        },
        {
            "gameTime": "1 - 19:21",
            "label": "Offside",
            "position": "1161000",
            "half": "1",
            "confidence": "0.5422273874282837"
        },
        {
            "gameTime": "1 - 37:22",
            "label": "Shots on target",
            "position": "2242500",
            "half": "1",
            "confidence": "0.6224711537361145"
        },
        {
            "gameTime": "1 - 6:47",
            "label": "Shots on target",
            "position": "407000",
            "half": "1",
            "confidence": "0.6050142049789429"
        },
        {
            "gameTime": "1 - 37:32",
            "label": "Shots on target",
            "position": "2252500",
            "half": "1",
            "confidence": "0.5682165622711182"
        },
        {
            "gameTime": "1 - 32:47",
            "label": "Shots on target",
            "position": "1967000",
            "half": "1",
            "confidence": "0.535247802734375"
        },
        {
            "gameTime": "1 - 32:59",
            "label": "Shots on target",
            "position": "1979000",
            "half": "1",
            "confidence": "0.5012468099594116"
        },
        {
            "gameTime": "1 - 33:0",
            "label": "Shots off target",
            "position": "1980000",
            "half": "1",
            "confidence": "0.7836745977401733"
        },
        {
            "gameTime": "1 - 35:57",
            "label": "Shots off target",
            "position": "2157000",
            "half": "1",
            "confidence": "0.7583048343658447"
        },
        {
            "gameTime": "1 - 36:20",
            "label": "Clearance",
            "position": "2180000",
            "half": "1",
            "confidence": "0.820379912853241"
        },
        {
            "gameTime": "1 - 15:17",
            "label": "Clearance",
            "position": "917000",
            "half": "1",
            "confidence": "0.804781973361969"
        },
        {
            "gameTime": "1 - 19:12",
            "label": "Clearance",
            "position": "1152500",
            "half": "1",
            "confidence": "0.7418391704559326"
        },
        {
            "gameTime": "1 - 13:40",
            "label": "Clearance",
            "position": "820500",
            "half": "1",
            "confidence": "0.6783965826034546"
        },
        {
            "gameTime": "1 - 15:27",
            "label": "Clearance",
            "position": "927500",
            "half": "1",
            "confidence": "0.6154642701148987"
        },
        {
            "gameTime": "1 - 13:27",
            "label": "Clearance",
            "position": "807000",
            "half": "1",
            "confidence": "0.6032750010490417"
        },
        {
            "gameTime": "1 - 36:30",
            "label": "Clearance",
            "position": "2190000",
            "half": "1",
            "confidence": "0.5748082399368286"
        },
        {
            "gameTime": "1 - 41:22",
            "label": "Clearance",
            "position": "2482500",
            "half": "1",
            "confidence": "0.5100634098052979"
        },
        {
            "gameTime": "1 - 38:28",
            "label": "Ball out of play",
            "position": "2308000",
            "half": "1",
            "confidence": "0.9315500259399414"
        },
        {
            "gameTime": "1 - 12:24",
            "label": "Ball out of play",
            "position": "744000",
            "half": "1",
            "confidence": "0.9250544309616089"
        },
        {
            "gameTime": "1 - 14:20",
            "label": "Ball out of play",
            "position": "860000",
            "half": "1",
            "confidence": "0.90749591588974"
        },
        {
            "gameTime": "1 - 8:14",
            "label": "Ball out of play",
            "position": "494500",
            "half": "1",
            "confidence": "0.9026693105697632"
        },
        {
            "gameTime": "1 - 38:17",
            "label": "Ball out of play",
            "position": "2297500",
            "half": "1",
            "confidence": "0.8845669031143188"
        },
        {
            "gameTime": "1 - 24:39",
            "label": "Ball out of play",
            "position": "1479000",
            "half": "1",
            "confidence": "0.878416895866394"
        },
        {
            "gameTime": "1 - 8:36",
            "label": "Ball out of play",
            "position": "516500",
            "half": "1",
            "confidence": "0.8768212199211121"
        },
        {
            "gameTime": "1 - 16:55",
            "label": "Ball out of play",
            "position": "1015500",
            "half": "1",
            "confidence": "0.8710095286369324"
        },
        {
            "gameTime": "1 - 4:4",
            "label": "Ball out of play",
            "position": "244500",
            "half": "1",
            "confidence": "0.8654579520225525"
        },
        {
            "gameTime": "1 - 32:51",
            "label": "Ball out of play",
            "position": "1971000",
            "half": "1",
            "confidence": "0.8556009531021118"
        },
        {
            "gameTime": "1 - 17:5",
            "label": "Ball out of play",
            "position": "1025500",
            "half": "1",
            "confidence": "0.8153032064437866"
        },
        {
            "gameTime": "1 - 29:7",
            "label": "Ball out of play",
            "position": "1747000",
            "half": "1",
            "confidence": "0.8143115043640137"
        },
        {
            "gameTime": "1 - 18:32",
            "label": "Ball out of play",
            "position": "1112000",
            "half": "1",
            "confidence": "0.8116162419319153"
        },
        {
            "gameTime": "1 - 9:21",
            "label": "Ball out of play",
            "position": "561000",
            "half": "1",
            "confidence": "0.8104373216629028"
        },
        {
            "gameTime": "1 - 2:6",
            "label": "Ball out of play",
            "position": "126500",
            "half": "1",
            "confidence": "0.8088902235031128"
        },
        {
            "gameTime": "1 - 8:26",
            "label": "Ball out of play",
            "position": "506000",
            "half": "1",
            "confidence": "0.8051379323005676"
        },
        {
            "gameTime": "1 - 12:13",
            "label": "Ball out of play",
            "position": "733500",
            "half": "1",
            "confidence": "0.7943131923675537"
        },
        {
            "gameTime": "1 - 18:49",
            "label": "Ball out of play",
            "position": "1129000",
            "half": "1",
            "confidence": "0.7905327081680298"
        },
        {
            "gameTime": "1 - 40:50",
            "label": "Ball out of play",
            "position": "2450000",
            "half": "1",
            "confidence": "0.7786592841148376"
        },
        {
            "gameTime": "1 - 11:51",
            "label": "Ball out of play",
            "position": "711000",
            "half": "1",
            "confidence": "0.7603404521942139"
        },
        {
            "gameTime": "1 - 33:1",
            "label": "Ball out of play",
            "position": "1981500",
            "half": "1",
            "confidence": "0.7466322779655457"
        },
        {
            "gameTime": "1 - 15:39",
            "label": "Ball out of play",
            "position": "939000",
            "half": "1",
            "confidence": "0.7445201277732849"
        },
        {
            "gameTime": "1 - 36:0",
            "label": "Ball out of play",
            "position": "2160000",
            "half": "1",
            "confidence": "0.7362855076789856"
        },
        {
            "gameTime": "1 - 44:55",
            "label": "Ball out of play",
            "position": "2695500",
            "half": "1",
            "confidence": "0.7339776158332825"
        },
        {
            "gameTime": "1 - 35:49",
            "label": "Ball out of play",
            "position": "2149000",
            "half": "1",
            "confidence": "0.7315636277198792"
        },
        {
            "gameTime": "1 - 11:35",
            "label": "Ball out of play",
            "position": "695000",
            "half": "1",
            "confidence": "0.7116320729255676"
        },
        {
            "gameTime": "1 - 42:50",
            "label": "Ball out of play",
            "position": "2570000",
            "half": "1",
            "confidence": "0.70577472448349"
        },
        {
            "gameTime": "1 - 33:55",
            "label": "Ball out of play",
            "position": "2035500",
            "half": "1",
            "confidence": "0.704698383808136"
        },
        {
            "gameTime": "1 - 24:28",
            "label": "Ball out of play",
            "position": "1468500",
            "half": "1",
            "confidence": "0.6905022263526917"
        },
        {
            "gameTime": "1 - 35:6",
            "label": "Ball out of play",
            "position": "2106500",
            "half": "1",
            "confidence": "0.6874109506607056"
        },
        {
            "gameTime": "1 - 43:42",
            "label": "Ball out of play",
            "position": "2622000",
            "half": "1",
            "confidence": "0.6832196712493896"
        },
        {
            "gameTime": "1 - 14:9",
            "label": "Ball out of play",
            "position": "849500",
            "half": "1",
            "confidence": "0.6667570471763611"
        },
        {
            "gameTime": "1 - 9:10",
            "label": "Ball out of play",
            "position": "550500",
            "half": "1",
            "confidence": "0.66519695520401"
        },
        {
            "gameTime": "1 - 25:28",
            "label": "Ball out of play",
            "position": "1528500",
            "half": "1",
            "confidence": "0.657503068447113"
        },
        {
            "gameTime": "1 - 43:59",
            "label": "Ball out of play",
            "position": "2639000",
            "half": "1",
            "confidence": "0.6484048366546631"
        },
        {
            "gameTime": "1 - 6:36",
            "label": "Ball out of play",
            "position": "396000",
            "half": "1",
            "confidence": "0.6267964243888855"
        },
        {
            "gameTime": "1 - 17:24",
            "label": "Ball out of play",
            "position": "1044500",
            "half": "1",
            "confidence": "0.6257673501968384"
        },
        {
            "gameTime": "1 - 12:34",
            "label": "Ball out of play",
            "position": "754000",
            "half": "1",
            "confidence": "0.623792290687561"
        },
        {
            "gameTime": "1 - 24:56",
            "label": "Ball out of play",
            "position": "1496000",
            "half": "1",
            "confidence": "0.6174985766410828"
        },
        {
            "gameTime": "1 - 41:0",
            "label": "Ball out of play",
            "position": "2460000",
            "half": "1",
            "confidence": "0.6121717691421509"
        },
        {
            "gameTime": "1 - 2:17",
            "label": "Ball out of play",
            "position": "137000",
            "half": "1",
            "confidence": "0.60745769739151"
        },
        {
            "gameTime": "1 - 8:46",
            "label": "Ball out of play",
            "position": "526500",
            "half": "1",
            "confidence": "0.5906520485877991"
        },
        {
            "gameTime": "1 - 34:51",
            "label": "Ball out of play",
            "position": "2091000",
            "half": "1",
            "confidence": "0.585818350315094"
        },
        {
            "gameTime": "1 - 38:6",
            "label": "Ball out of play",
            "position": "2286500",
            "half": "1",
            "confidence": "0.5854209661483765"
        },
        {
            "gameTime": "1 - 37:25",
            "label": "Ball out of play",
            "position": "2245500",
            "half": "1",
            "confidence": "0.583571195602417"
        },
        {
            "gameTime": "1 - 30:31",
            "label": "Ball out of play",
            "position": "1831500",
            "half": "1",
            "confidence": "0.5786614418029785"
        },
        {
            "gameTime": "1 - 18:5",
            "label": "Ball out of play",
            "position": "1085000",
            "half": "1",
            "confidence": "0.5632860064506531"
        },
        {
            "gameTime": "1 - 33:45",
            "label": "Ball out of play",
            "position": "2025000",
            "half": "1",
            "confidence": "0.5476105809211731"
        },
        {
            "gameTime": "1 - 35:24",
            "label": "Ball out of play",
            "position": "2124500",
            "half": "1",
            "confidence": "0.5404545664787292"
        },
        {
            "gameTime": "1 - 28:11",
            "label": "Ball out of play",
            "position": "1691500",
            "half": "1",
            "confidence": "0.5223128199577332"
        },
        {
            "gameTime": "1 - 43:0",
            "label": "Ball out of play",
            "position": "2580000",
            "half": "1",
            "confidence": "0.5168365836143494"
        },
        {
            "gameTime": "1 - 3:54",
            "label": "Ball out of play",
            "position": "234000",
            "half": "1",
            "confidence": "0.5140532851219177"
        },
        {
            "gameTime": "1 - 5:58",
            "label": "Ball out of play",
            "position": "358500",
            "half": "1",
            "confidence": "0.5019029378890991"
        },
        {
            "gameTime": "1 - 8:22",
            "label": "Throw-in",
            "position": "502500",
            "half": "1",
            "confidence": "0.9850949048995972"
        },
        {
            "gameTime": "1 - 11:34",
            "label": "Throw-in",
            "position": "694500",
            "half": "1",
            "confidence": "0.9822458028793335"
        },
        {
            "gameTime": "1 - 11:21",
            "label": "Throw-in",
            "position": "681000",
            "half": "1",
            "confidence": "0.9431188106536865"
        },
        {
            "gameTime": "1 - 24:56",
            "label": "Throw-in",
            "position": "1496000",
            "half": "1",
            "confidence": "0.9402127265930176"
        },
        {
            "gameTime": "1 - 8:33",
            "label": "Throw-in",
            "position": "513000",
            "half": "1",
            "confidence": "0.939335286617279"
        },
        {
            "gameTime": "1 - 23:39",
            "label": "Throw-in",
            "position": "1419500",
            "half": "1",
            "confidence": "0.9140530824661255"
        },
        {
            "gameTime": "1 - 8:12",
            "label": "Throw-in",
            "position": "492000",
            "half": "1",
            "confidence": "0.9030667543411255"
        },
        {
            "gameTime": "1 - 2:14",
            "label": "Throw-in",
            "position": "134500",
            "half": "1",
            "confidence": "0.8898352980613708"
        },
        {
            "gameTime": "1 - 11:57",
            "label": "Throw-in",
            "position": "717500",
            "half": "1",
            "confidence": "0.8787212371826172"
        },
        {
            "gameTime": "1 - 15:38",
            "label": "Throw-in",
            "position": "938000",
            "half": "1",
            "confidence": "0.8558511734008789"
        },
        {
            "gameTime": "1 - 35:0",
            "label": "Throw-in",
            "position": "2100500",
            "half": "1",
            "confidence": "0.8382276296615601"
        },
        {
            "gameTime": "1 - 38:29",
            "label": "Throw-in",
            "position": "2309000",
            "half": "1",
            "confidence": "0.8315763473510742"
        },
        {
            "gameTime": "1 - 43:44",
            "label": "Throw-in",
            "position": "2624000",
            "half": "1",
            "confidence": "0.8063528537750244"
        },
        {
            "gameTime": "1 - 30:31",
            "label": "Throw-in",
            "position": "1831500",
            "half": "1",
            "confidence": "0.7942265868186951"
        },
        {
            "gameTime": "1 - 11:45",
            "label": "Throw-in",
            "position": "705000",
            "half": "1",
            "confidence": "0.7894992828369141"
        },
        {
            "gameTime": "1 - 24:45",
            "label": "Throw-in",
            "position": "1485000",
            "half": "1",
            "confidence": "0.7769618630409241"
        },
        {
            "gameTime": "1 - 18:40",
            "label": "Throw-in",
            "position": "1120000",
            "half": "1",
            "confidence": "0.7705249190330505"
        },
        {
            "gameTime": "1 - 23:28",
            "label": "Throw-in",
            "position": "1408000",
            "half": "1",
            "confidence": "0.7290250062942505"
        },
        {
            "gameTime": "1 - 42:22",
            "label": "Throw-in",
            "position": "2542000",
            "half": "1",
            "confidence": "0.7163947224617004"
        },
        {
            "gameTime": "1 - 43:59",
            "label": "Throw-in",
            "position": "2639000",
            "half": "1",
            "confidence": "0.7034385204315186"
        },
        {
            "gameTime": "1 - 2:4",
            "label": "Throw-in",
            "position": "124000",
            "half": "1",
            "confidence": "0.6023719906806946"
        },
        {
            "gameTime": "1 - 38:18",
            "label": "Throw-in",
            "position": "2298500",
            "half": "1",
            "confidence": "0.6012319922447205"
        },
        {
            "gameTime": "1 - 23:12",
            "label": "Throw-in",
            "position": "1392000",
            "half": "1",
            "confidence": "0.5712395310401917"
        },
        {
            "gameTime": "1 - 18:51",
            "label": "Throw-in",
            "position": "1131000",
            "half": "1",
            "confidence": "0.5328081846237183"
        },
        {
            "gameTime": "1 - 11:9",
            "label": "Throw-in",
            "position": "669500",
            "half": "1",
            "confidence": "0.5025883316993713"
        },
        {
            "gameTime": "1 - 20:37",
            "label": "Foul",
            "position": "1237500",
            "half": "1",
            "confidence": "0.8754622936248779"
        },
        {
            "gameTime": "1 - 20:47",
            "label": "Foul",
            "position": "1247500",
            "half": "1",
            "confidence": "0.8501510620117188"
        },
        {
            "gameTime": "1 - 41:49",
            "label": "Foul",
            "position": "2509500",
            "half": "1",
            "confidence": "0.6811237335205078"
        },
        {
            "gameTime": "1 - 31:48",
            "label": "Foul",
            "position": "1908000",
            "half": "1",
            "confidence": "0.6174540519714355"
        },
        {
            "gameTime": "1 - 31:58",
            "label": "Foul",
            "position": "1918000",
            "half": "1",
            "confidence": "0.5438356399536133"
        },
        {
            "gameTime": "1 - 41:33",
            "label": "Indirect free-kick",
            "position": "2493500",
            "half": "1",
            "confidence": "0.554157555103302"
        },
        {
            "gameTime": "1 - 17:39",
            "label": "Corner",
            "position": "1059000",
            "half": "1",
            "confidence": "0.9686047434806824"
        },
        {
            "gameTime": "1 - 14:55",
            "label": "Corner",
            "position": "895500",
            "half": "1",
            "confidence": "0.9430637955665588"
        },
        {
            "gameTime": "1 - 33:24",
            "label": "Corner",
            "position": "2004000",
            "half": "1",
            "confidence": "0.9350953698158264"
        },
        {
            "gameTime": "1 - 14:45",
            "label": "Corner",
            "position": "885000",
            "half": "1",
            "confidence": "0.8657581806182861"
        },
        {
            "gameTime": "1 - 37:58",
            "label": "Corner",
            "position": "2278000",
            "half": "1",
            "confidence": "0.8316324353218079"
        },
        {
            "gameTime": "1 - 21:58",
            "label": "Corner",
            "position": "1318500",
            "half": "1",
            "confidence": "0.7992928624153137"
        },
        {
            "gameTime": "1 - 9:1",
            "label": "Corner",
            "position": "541000",
            "half": "1",
            "confidence": "0.7859535217285156"
        },
        {
            "gameTime": "1 - 17:26",
            "label": "Corner",
            "position": "1046500",
            "half": "1",
            "confidence": "0.7492409348487854"
        },
        {
            "gameTime": "1 - 21:42",
            "label": "Corner",
            "position": "1302500",
            "half": "1",
            "confidence": "0.7381032109260559"
        },
        {
            "gameTime": "1 - 38:12",
            "label": "Corner",
            "position": "2292000",
            "half": "1",
            "confidence": "0.5637124180793762"
        },
        {
            "gameTime": "1 - 20:50",
            "label": "Yellow card",
            "position": "1250000",
            "half": "1",
            "confidence": "0.7728257775306702"
        },
        {
            "gameTime": "1 - 20:39",
            "label": "Yellow card",
            "position": "1239500",
            "half": "1",
            "confidence": "0.5377153158187866"
        },
        {
            "gameTime": "2 - 0:3",
            "label": "Kick-off",
            "position": "3000",
            "half": "2",
            "confidence": "0.9982811212539673"
        },
        {
            "gameTime": "2 - 30:5",
            "label": "Kick-off",
            "position": "1805500",
            "half": "2",
            "confidence": "0.5423666834831238"
        },
        {
            "gameTime": "2 - 26:58",
            "label": "Kick-off",
            "position": "1618500",
            "half": "2",
            "confidence": "0.5421691536903381"
        },
        {
            "gameTime": "2 - 25:23",
            "label": "Substitution",
            "position": "1523500",
            "half": "2",
            "confidence": "0.9882928729057312"
        },
        {
            "gameTime": "2 - 25:1",
            "label": "Substitution",
            "position": "1501500",
            "half": "2",
            "confidence": "0.973727285861969"
        },
        {
            "gameTime": "2 - 24:51",
            "label": "Substitution",
            "position": "1491000",
            "half": "2",
            "confidence": "0.9554842710494995"
        },
        {
            "gameTime": "2 - 33:24",
            "label": "Substitution",
            "position": "2004500",
            "half": "2",
            "confidence": "0.9328680634498596"
        },
        {
            "gameTime": "2 - 29:47",
            "label": "Substitution",
            "position": "1787000",
            "half": "2",
            "confidence": "0.920869767665863"
        },
        {
            "gameTime": "2 - 25:11",
            "label": "Substitution",
            "position": "1511500",
            "half": "2",
            "confidence": "0.9067879915237427"
        },
        {
            "gameTime": "2 - 25:33",
            "label": "Substitution",
            "position": "1533500",
            "half": "2",
            "confidence": "0.8444435596466064"
        },
        {
            "gameTime": "2 - 48:6",
            "label": "Substitution",
            "position": "2886000",
            "half": "2",
            "confidence": "0.838748574256897"
        },
        {
            "gameTime": "2 - 29:36",
            "label": "Substitution",
            "position": "1776500",
            "half": "2",
            "confidence": "0.6098729372024536"
        },
        {
            "gameTime": "2 - 47:55",
            "label": "Substitution",
            "position": "2875500",
            "half": "2",
            "confidence": "0.5984859466552734"
        },
        {
            "gameTime": "2 - 54:33",
            "label": "Substitution",
            "position": "3273500",
            "half": "2",
            "confidence": "0.5860130190849304"
        },
        {
            "gameTime": "2 - 36:10",
            "label": "Offside",
            "position": "2170000",
            "half": "2",
            "confidence": "0.7164156436920166"
        },
        {
            "gameTime": "2 - 5:28",
            "label": "Offside",
            "position": "328000",
            "half": "2",
            "confidence": "0.6728233695030212"
        },
        {
            "gameTime": "2 - 4:34",
            "label": "Offside",
            "position": "274000",
            "half": "2",
            "confidence": "0.5134261250495911"
        },
        {
            "gameTime": "2 - 6:54",
            "label": "Shots on target",
            "position": "414000",
            "half": "2",
            "confidence": "0.5708727240562439"
        },
        {
            "gameTime": "2 - 40:43",
            "label": "Shots on target",
            "position": "2443000",
            "half": "2",
            "confidence": "0.5041339993476868"
        },
        {
            "gameTime": "2 - 20:54",
            "label": "Shots off target",
            "position": "1254500",
            "half": "2",
            "confidence": "0.6774200797080994"
        },
        {
            "gameTime": "2 - 40:4",
            "label": "Shots off target",
            "position": "2404000",
            "half": "2",
            "confidence": "0.554090142250061"
        },
        {
            "gameTime": "2 - 22:3",
            "label": "Shots off target",
            "position": "1323500",
            "half": "2",
            "confidence": "0.55388343334198"
        },
        {
            "gameTime": "2 - 2:46",
            "label": "Clearance",
            "position": "166000",
            "half": "2",
            "confidence": "0.9015017151832581"
        },
        {
            "gameTime": "2 - 2:56",
            "label": "Clearance",
            "position": "176000",
            "half": "2",
            "confidence": "0.8434630036354065"
        },
        {
            "gameTime": "2 - 22:30",
            "label": "Clearance",
            "position": "1350000",
            "half": "2",
            "confidence": "0.7639845609664917"
        },
        {
            "gameTime": "2 - 12:9",
            "label": "Clearance",
            "position": "729000",
            "half": "2",
            "confidence": "0.7339658737182617"
        },
        {
            "gameTime": "2 - 36:30",
            "label": "Clearance",
            "position": "2190500",
            "half": "2",
            "confidence": "0.6933895349502563"
        },
        {
            "gameTime": "2 - 5:45",
            "label": "Clearance",
            "position": "345500",
            "half": "2",
            "confidence": "0.6502528190612793"
        },
        {
            "gameTime": "2 - 8:37",
            "label": "Clearance",
            "position": "517000",
            "half": "2",
            "confidence": "0.510726809501648"
        },
        {
            "gameTime": "2 - 35:55",
            "label": "Ball out of play",
            "position": "2155500",
            "half": "2",
            "confidence": "0.9437134861946106"
        },
        {
            "gameTime": "2 - 36:7",
            "label": "Ball out of play",
            "position": "2167000",
            "half": "2",
            "confidence": "0.8980855941772461"
        },
        {
            "gameTime": "2 - 20:45",
            "label": "Ball out of play",
            "position": "1245000",
            "half": "2",
            "confidence": "0.8822376132011414"
        },
        {
            "gameTime": "2 - 45:48",
            "label": "Ball out of play",
            "position": "2748500",
            "half": "2",
            "confidence": "0.8817787170410156"
        },
        {
            "gameTime": "2 - 4:31",
            "label": "Ball out of play",
            "position": "271000",
            "half": "2",
            "confidence": "0.8798215985298157"
        },
        {
            "gameTime": "2 - 17:55",
            "label": "Ball out of play",
            "position": "1075500",
            "half": "2",
            "confidence": "0.8709569573402405"
        },
        {
            "gameTime": "2 - 28:56",
            "label": "Ball out of play",
            "position": "1736500",
            "half": "2",
            "confidence": "0.8507069945335388"
        },
        {
            "gameTime": "2 - 22:0",
            "label": "Ball out of play",
            "position": "1320500",
            "half": "2",
            "confidence": "0.8481559753417969"
        },
        {
            "gameTime": "2 - 12:48",
            "label": "Ball out of play",
            "position": "768500",
            "half": "2",
            "confidence": "0.8457351922988892"
        },
        {
            "gameTime": "2 - 31:47",
            "label": "Ball out of play",
            "position": "1907500",
            "half": "2",
            "confidence": "0.8389806151390076"
        },
        {
            "gameTime": "2 - 20:58",
            "label": "Ball out of play",
            "position": "1258000",
            "half": "2",
            "confidence": "0.8333404064178467"
        },
        {
            "gameTime": "2 - 31:35",
            "label": "Ball out of play",
            "position": "1895000",
            "half": "2",
            "confidence": "0.815784215927124"
        },
        {
            "gameTime": "2 - 7:3",
            "label": "Ball out of play",
            "position": "423000",
            "half": "2",
            "confidence": "0.8140760064125061"
        },
        {
            "gameTime": "2 - 17:6",
            "label": "Ball out of play",
            "position": "1026500",
            "half": "2",
            "confidence": "0.7980190515518188"
        },
        {
            "gameTime": "2 - 5:13",
            "label": "Ball out of play",
            "position": "313000",
            "half": "2",
            "confidence": "0.7908429503440857"
        },
        {
            "gameTime": "2 - 15:15",
            "label": "Ball out of play",
            "position": "915500",
            "half": "2",
            "confidence": "0.7881043553352356"
        },
        {
            "gameTime": "2 - 40:41",
            "label": "Ball out of play",
            "position": "2441500",
            "half": "2",
            "confidence": "0.778486430644989"
        },
        {
            "gameTime": "2 - 44:44",
            "label": "Ball out of play",
            "position": "2684500",
            "half": "2",
            "confidence": "0.7737464308738708"
        },
        {
            "gameTime": "2 - 31:57",
            "label": "Ball out of play",
            "position": "1917500",
            "half": "2",
            "confidence": "0.7628408670425415"
        },
        {
            "gameTime": "2 - 45:58",
            "label": "Ball out of play",
            "position": "2758500",
            "half": "2",
            "confidence": "0.7626363039016724"
        },
        {
            "gameTime": "2 - 15:25",
            "label": "Ball out of play",
            "position": "925500",
            "half": "2",
            "confidence": "0.7569683790206909"
        },
        {
            "gameTime": "2 - 9:0",
            "label": "Ball out of play",
            "position": "540500",
            "half": "2",
            "confidence": "0.7531847953796387"
        },
        {
            "gameTime": "2 - 15:59",
            "label": "Ball out of play",
            "position": "959000",
            "half": "2",
            "confidence": "0.7520966529846191"
        },
        {
            "gameTime": "2 - 18:33",
            "label": "Ball out of play",
            "position": "1113500",
            "half": "2",
            "confidence": "0.7511915564537048"
        },
        {
            "gameTime": "2 - 31:23",
            "label": "Ball out of play",
            "position": "1883500",
            "half": "2",
            "confidence": "0.7477351427078247"
        },
        {
            "gameTime": "2 - 46:56",
            "label": "Ball out of play",
            "position": "2816000",
            "half": "2",
            "confidence": "0.7417491674423218"
        },
        {
            "gameTime": "2 - 7:22",
            "label": "Ball out of play",
            "position": "442000",
            "half": "2",
            "confidence": "0.7312989234924316"
        },
        {
            "gameTime": "2 - 28:25",
            "label": "Ball out of play",
            "position": "1705500",
            "half": "2",
            "confidence": "0.7254173755645752"
        },
        {
            "gameTime": "2 - 28:14",
            "label": "Ball out of play",
            "position": "1694500",
            "half": "2",
            "confidence": "0.7220667004585266"
        },
        {
            "gameTime": "2 - 3:33",
            "label": "Ball out of play",
            "position": "213500",
            "half": "2",
            "confidence": "0.707883358001709"
        },
        {
            "gameTime": "2 - 5:28",
            "label": "Ball out of play",
            "position": "328500",
            "half": "2",
            "confidence": "0.7076289653778076"
        },
        {
            "gameTime": "2 - 40:55",
            "label": "Ball out of play",
            "position": "2455500",
            "half": "2",
            "confidence": "0.6991149187088013"
        },
        {
            "gameTime": "2 - 4:41",
            "label": "Ball out of play",
            "position": "281500",
            "half": "2",
            "confidence": "0.6954097747802734"
        },
        {
            "gameTime": "2 - 43:3",
            "label": "Ball out of play",
            "position": "2583000",
            "half": "2",
            "confidence": "0.6807413101196289"
        },
        {
            "gameTime": "2 - 18:21",
            "label": "Ball out of play",
            "position": "1101500",
            "half": "2",
            "confidence": "0.6513526439666748"
        },
        {
            "gameTime": "2 - 16:56",
            "label": "Ball out of play",
            "position": "1016000",
            "half": "2",
            "confidence": "0.6443468928337097"
        },
        {
            "gameTime": "2 - 1:19",
            "label": "Ball out of play",
            "position": "79500",
            "half": "2",
            "confidence": "0.638961672782898"
        },
        {
            "gameTime": "2 - 44:9",
            "label": "Ball out of play",
            "position": "2649000",
            "half": "2",
            "confidence": "0.6350072026252747"
        },
        {
            "gameTime": "2 - 6:52",
            "label": "Ball out of play",
            "position": "412500",
            "half": "2",
            "confidence": "0.6323843002319336"
        },
        {
            "gameTime": "2 - 8:17",
            "label": "Ball out of play",
            "position": "497000",
            "half": "2",
            "confidence": "0.6075205206871033"
        },
        {
            "gameTime": "2 - 40:6",
            "label": "Ball out of play",
            "position": "2406000",
            "half": "2",
            "confidence": "0.6074592471122742"
        },
        {
            "gameTime": "2 - 28:45",
            "label": "Ball out of play",
            "position": "1725500",
            "half": "2",
            "confidence": "0.606838583946228"
        },
        {
            "gameTime": "2 - 8:50",
            "label": "Ball out of play",
            "position": "530000",
            "half": "2",
            "confidence": "0.5819129943847656"
        },
        {
            "gameTime": "2 - 7:49",
            "label": "Ball out of play",
            "position": "469500",
            "half": "2",
            "confidence": "0.5800642371177673"
        },
        {
            "gameTime": "2 - 32:7",
            "label": "Ball out of play",
            "position": "1927500",
            "half": "2",
            "confidence": "0.560362696647644"
        },
        {
            "gameTime": "2 - 43:13",
            "label": "Ball out of play",
            "position": "2593000",
            "half": "2",
            "confidence": "0.5450006127357483"
        },
        {
            "gameTime": "2 - 41:5",
            "label": "Ball out of play",
            "position": "2465500",
            "half": "2",
            "confidence": "0.5423505306243896"
        },
        {
            "gameTime": "2 - 15:48",
            "label": "Ball out of play",
            "position": "948500",
            "half": "2",
            "confidence": "0.5404224991798401"
        },
        {
            "gameTime": "2 - 46:14",
            "label": "Ball out of play",
            "position": "2774000",
            "half": "2",
            "confidence": "0.5374471545219421"
        },
        {
            "gameTime": "2 - 11:24",
            "label": "Ball out of play",
            "position": "684500",
            "half": "2",
            "confidence": "0.5309045314788818"
        },
        {
            "gameTime": "2 - 46:45",
            "label": "Ball out of play",
            "position": "2805500",
            "half": "2",
            "confidence": "0.5234869122505188"
        },
        {
            "gameTime": "2 - 43:52",
            "label": "Ball out of play",
            "position": "2632500",
            "half": "2",
            "confidence": "0.5210977792739868"
        },
        {
            "gameTime": "2 - 41:16",
            "label": "Ball out of play",
            "position": "2476000",
            "half": "2",
            "confidence": "0.51484614610672"
        },
        {
            "gameTime": "2 - 42:48",
            "label": "Ball out of play",
            "position": "2568000",
            "half": "2",
            "confidence": "0.5073189735412598"
        },
        {
            "gameTime": "2 - 31:47",
            "label": "Throw-in",
            "position": "1907500",
            "half": "2",
            "confidence": "0.9926430583000183"
        },
        {
            "gameTime": "2 - 32:12",
            "label": "Throw-in",
            "position": "1932500",
            "half": "2",
            "confidence": "0.9861904382705688"
        },
        {
            "gameTime": "2 - 32:2",
            "label": "Throw-in",
            "position": "1922000",
            "half": "2",
            "confidence": "0.9744884371757507"
        },
        {
            "gameTime": "2 - 31:36",
            "label": "Throw-in",
            "position": "1896500",
            "half": "2",
            "confidence": "0.955762505531311"
        },
        {
            "gameTime": "2 - 46:59",
            "label": "Throw-in",
            "position": "2819000",
            "half": "2",
            "confidence": "0.914587140083313"
        },
        {
            "gameTime": "2 - 1:20",
            "label": "Throw-in",
            "position": "80000",
            "half": "2",
            "confidence": "0.9141416549682617"
        },
        {
            "gameTime": "2 - 1:39",
            "label": "Throw-in",
            "position": "99500",
            "half": "2",
            "confidence": "0.9047456383705139"
        },
        {
            "gameTime": "2 - 46:47",
            "label": "Throw-in",
            "position": "2807500",
            "half": "2",
            "confidence": "0.7374350428581238"
        },
        {
            "gameTime": "2 - 8:52",
            "label": "Throw-in",
            "position": "532500",
            "half": "2",
            "confidence": "0.594594419002533"
        },
        {
            "gameTime": "2 - 9:2",
            "label": "Throw-in",
            "position": "542500",
            "half": "2",
            "confidence": "0.5118082165718079"
        },
        {
            "gameTime": "2 - 4:5",
            "label": "Foul",
            "position": "245500",
            "half": "2",
            "confidence": "0.8872535824775696"
        },
        {
            "gameTime": "2 - 24:0",
            "label": "Foul",
            "position": "1440000",
            "half": "2",
            "confidence": "0.859180748462677"
        },
        {
            "gameTime": "2 - 37:6",
            "label": "Foul",
            "position": "2226000",
            "half": "2",
            "confidence": "0.8082278370857239"
        },
        {
            "gameTime": "2 - 12:56",
            "label": "Foul",
            "position": "776500",
            "half": "2",
            "confidence": "0.682232677936554"
        },
        {
            "gameTime": "2 - 13:6",
            "label": "Foul",
            "position": "786500",
            "half": "2",
            "confidence": "0.6519493460655212"
        },
        {
            "gameTime": "2 - 7:55",
            "label": "Foul",
            "position": "475500",
            "half": "2",
            "confidence": "0.5895006060600281"
        },
        {
            "gameTime": "2 - 3:54",
            "label": "Foul",
            "position": "234500",
            "half": "2",
            "confidence": "0.556369423866272"
        },
        {
            "gameTime": "2 - 39:14",
            "label": "Foul",
            "position": "2354500",
            "half": "2",
            "confidence": "0.5517363548278809"
        },
        {
            "gameTime": "2 - 4:5",
            "label": "Indirect free-kick",
            "position": "245000",
            "half": "2",
            "confidence": "0.830419659614563"
        },
        {
            "gameTime": "2 - 12:20",
            "label": "Indirect free-kick",
            "position": "740500",
            "half": "2",
            "confidence": "0.7136090993881226"
        },
        {
            "gameTime": "2 - 33:41",
            "label": "Indirect free-kick",
            "position": "2021500",
            "half": "2",
            "confidence": "0.7022626996040344"
        },
        {
            "gameTime": "2 - 21:14",
            "label": "Indirect free-kick",
            "position": "1274500",
            "half": "2",
            "confidence": "0.5684496760368347"
        },
        {
            "gameTime": "2 - 36:35",
            "label": "Indirect free-kick",
            "position": "2195500",
            "half": "2",
            "confidence": "0.5584224462509155"
        },
        {
            "gameTime": "2 - 5:1",
            "label": "Indirect free-kick",
            "position": "301500",
            "half": "2",
            "confidence": "0.5394681692123413"
        },
        {
            "gameTime": "2 - 22:43",
            "label": "Indirect free-kick",
            "position": "1363000",
            "half": "2",
            "confidence": "0.5392204523086548"
        },
        {
            "gameTime": "2 - 3:48",
            "label": "Indirect free-kick",
            "position": "228000",
            "half": "2",
            "confidence": "0.5030432939529419"
        },
        {
            "gameTime": "2 - 40:0",
            "label": "Direct free-kick",
            "position": "2400000",
            "half": "2",
            "confidence": "0.709993839263916"
        },
        {
            "gameTime": "2 - 18:31",
            "label": "Corner",
            "position": "1111000",
            "half": "2",
            "confidence": "0.9892579913139343"
        },
        {
            "gameTime": "2 - 15:56",
            "label": "Corner",
            "position": "956000",
            "half": "2",
            "confidence": "0.9807611703872681"
        },
        {
            "gameTime": "2 - 18:16",
            "label": "Corner",
            "position": "1096500",
            "half": "2",
            "confidence": "0.9719454050064087"
        },
        {
            "gameTime": "2 - 43:56",
            "label": "Corner",
            "position": "2636000",
            "half": "2",
            "confidence": "0.9713678956031799"
        },
        {
            "gameTime": "2 - 41:17",
            "label": "Corner",
            "position": "2477000",
            "half": "2",
            "confidence": "0.9554296135902405"
        },
        {
            "gameTime": "2 - 16:11",
            "label": "Corner",
            "position": "971000",
            "half": "2",
            "confidence": "0.9296543598175049"
        },
        {
            "gameTime": "2 - 17:40",
            "label": "Corner",
            "position": "1060000",
            "half": "2",
            "confidence": "0.8616371154785156"
        },
        {
            "gameTime": "2 - 15:42",
            "label": "Corner",
            "position": "942000",
            "half": "2",
            "confidence": "0.8576849102973938"
        },
        {
            "gameTime": "2 - 28:42",
            "label": "Corner",
            "position": "1722000",
            "half": "2",
            "confidence": "0.8511244058609009"
        },
        {
            "gameTime": "2 - 28:52",
            "label": "Corner",
            "position": "1732500",
            "half": "2",
            "confidence": "0.7943688631057739"
        },
        {
            "gameTime": "2 - 41:3",
            "label": "Corner",
            "position": "2463000",
            "half": "2",
            "confidence": "0.793222188949585"
        },
        {
            "gameTime": "2 - 44:40",
            "label": "Corner",
            "position": "2680500",
            "half": "2",
            "confidence": "0.79203861951828"
        },
        {
            "gameTime": "2 - 7:24",
            "label": "Corner",
            "position": "444000",
            "half": "2",
            "confidence": "0.5188606381416321"
        }
    ]
}