{
    "UrlLocal": "spain_laliga/2019-2020/2020-02-01 - 18-00 Real Madrid 1 - 0 Atletico Madrid",
    "predictions": [
        {
            "gameTime": "1 - 0:0",
            "label": "Kick-off",
            "position": "500",
            "half": "1",
            "confidence": "0.9782001376152039"
        },
        {
            "gameTime": "1 - 0:11",
            "label": "Kick-off",
            "position": "11000",
            "half": "1",
            "confidence": "0.9657759070396423"
        },
        {
            "gameTime": "1 - 21:30",
            "label": "Kick-off",
            "position": "1290000",
            "half": "1",
            "confidence": "0.8866822123527527"
        },
        {
            "gameTime": "1 - 0:30",
            "label": "Kick-off",
            "position": "30500",
            "half": "1",
            "confidence": "0.7783450484275818"
        },
        {
            "gameTime": "1 - 8:13",
            "label": "Kick-off",
            "position": "493000",
            "half": "1",
            "confidence": "0.5788818001747131"
        },
        {
            "gameTime": "1 - 21:18",
            "label": "Kick-off",
            "position": "1278000",
            "half": "1",
            "confidence": "0.5023484230041504"
        },
        {
            "gameTime": "1 - 15:26",
            "label": "Shots off target",
            "position": "926000",
            "half": "1",
            "confidence": "0.6604588031768799"
        },
        {
            "gameTime": "1 - 28:29",
            "label": "Clearance",
            "position": "1709500",
            "half": "1",
            "confidence": "0.7594084739685059"
        },
        {
            "gameTime": "1 - 15:34",
            "label": "Clearance",
            "position": "934000",
            "half": "1",
            "confidence": "0.6726488471031189"
        },
        {
            "gameTime": "1 - 6:52",
            "label": "Clearance",
            "position": "412500",
            "half": "1",
            "confidence": "0.663539469242096"
        },
        {
            "gameTime": "1 - 42:15",
            "label": "Clearance",
            "position": "2535500",
            "half": "1",
            "confidence": "0.6635355949401855"
        },
        {
            "gameTime": "1 - 6:37",
            "label": "Clearance",
            "position": "397500",
            "half": "1",
            "confidence": "0.603613555431366"
        },
        {
            "gameTime": "1 - 46:19",
            "label": "Clearance",
            "position": "2779500",
            "half": "1",
            "confidence": "0.5872642993927002"
        },
        {
            "gameTime": "1 - 4:51",
            "label": "Clearance",
            "position": "291500",
            "half": "1",
            "confidence": "0.5867423415184021"
        },
        {
            "gameTime": "1 - 24:54",
            "label": "Clearance",
            "position": "1494500",
            "half": "1",
            "confidence": "0.5781018137931824"
        },
        {
            "gameTime": "1 - 32:22",
            "label": "Clearance",
            "position": "1942000",
            "half": "1",
            "confidence": "0.559525728225708"
        },
        {
            "gameTime": "1 - 22:33",
            "label": "Clearance",
            "position": "1353500",
            "half": "1",
            "confidence": "0.5583855509757996"
        },
        {
            "gameTime": "1 - 45:21",
            "label": "Clearance",
            "position": "2721000",
            "half": "1",
            "confidence": "0.5094042420387268"
        },
        {
            "gameTime": "1 - 10:30",
            "label": "Clearance",
            "position": "630500",
            "half": "1",
            "confidence": "0.5048218369483948"
        },
        {
            "gameTime": "1 - 17:15",
            "label": "Ball out of play",
            "position": "1035500",
            "half": "1",
            "confidence": "0.9223774671554565"
        },
        {
            "gameTime": "1 - 17:56",
            "label": "Ball out of play",
            "position": "1076000",
            "half": "1",
            "confidence": "0.8856531977653503"
        },
        {
            "gameTime": "1 - 5:29",
            "label": "Ball out of play",
            "position": "329500",
            "half": "1",
            "confidence": "0.8456593155860901"
        },
        {
            "gameTime": "1 - 14:6",
            "label": "Ball out of play",
            "position": "846000",
            "half": "1",
            "confidence": "0.829666793346405"
        },
        {
            "gameTime": "1 - 23:14",
            "label": "Ball out of play",
            "position": "1394500",
            "half": "1",
            "confidence": "0.7966707348823547"
        },
        {
            "gameTime": "1 - 15:24",
            "label": "Ball out of play",
            "position": "924500",
            "half": "1",
            "confidence": "0.7945760488510132"
        },
        {
            "gameTime": "1 - 12:28",
            "label": "Ball out of play",
            "position": "748000",
            "half": "1",
            "confidence": "0.7938423156738281"
        },
        {
            "gameTime": "1 - 14:16",
            "label": "Ball out of play",
            "position": "856000",
            "half": "1",
            "confidence": "0.7933730483055115"
        },
        {
            "gameTime": "1 - 9:51",
            "label": "Ball out of play",
            "position": "591500",
            "half": "1",
            "confidence": "0.7883000373840332"
        },
        {
            "gameTime": "1 - 37:24",
            "label": "Ball out of play",
            "position": "2244500",
            "half": "1",
            "confidence": "0.7785201668739319"
        },
        {
            "gameTime": "1 - 11:59",
            "label": "Ball out of play",
            "position": "719500",
            "half": "1",
            "confidence": "0.7750768661499023"
        },
        {
            "gameTime": "1 - 41:54",
            "label": "Ball out of play",
            "position": "2514000",
            "half": "1",
            "confidence": "0.76885586977005"
        },
        {
            "gameTime": "1 - 18:39",
            "label": "Ball out of play",
            "position": "1119500",
            "half": "1",
            "confidence": "0.7301241755485535"
        },
        {
            "gameTime": "1 - 10:3",
            "label": "Ball out of play",
            "position": "603000",
            "half": "1",
            "confidence": "0.7102027535438538"
        },
        {
            "gameTime": "1 - 18:15",
            "label": "Ball out of play",
            "position": "1095500",
            "half": "1",
            "confidence": "0.7026048302650452"
        },
        {
            "gameTime": "1 - 5:41",
            "label": "Ball out of play",
            "position": "341500",
            "half": "1",
            "confidence": "0.7007947564125061"
        },
        {
            "gameTime": "1 - 3:16",
            "label": "Ball out of play",
            "position": "196500",
            "half": "1",
            "confidence": "0.6949590444564819"
        },
        {
            "gameTime": "1 - 12:11",
            "label": "Ball out of play",
            "position": "731000",
            "half": "1",
            "confidence": "0.6842628121376038"
        },
        {
            "gameTime": "1 - 22:9",
            "label": "Ball out of play",
            "position": "1329500",
            "half": "1",
            "confidence": "0.6652147173881531"
        },
        {
            "gameTime": "1 - 9:25",
            "label": "Ball out of play",
            "position": "565000",
            "half": "1",
            "confidence": "0.6530212759971619"
        },
        {
            "gameTime": "1 - 33:53",
            "label": "Ball out of play",
            "position": "2033000",
            "half": "1",
            "confidence": "0.6443443894386292"
        },
        {
            "gameTime": "1 - 41:9",
            "label": "Ball out of play",
            "position": "2469500",
            "half": "1",
            "confidence": "0.6351390480995178"
        },
        {
            "gameTime": "1 - 28:14",
            "label": "Ball out of play",
            "position": "1694000",
            "half": "1",
            "confidence": "0.6300296187400818"
        },
        {
            "gameTime": "1 - 39:47",
            "label": "Ball out of play",
            "position": "2387500",
            "half": "1",
            "confidence": "0.6232807636260986"
        },
        {
            "gameTime": "1 - 43:32",
            "label": "Ball out of play",
            "position": "2612000",
            "half": "1",
            "confidence": "0.6183873414993286"
        },
        {
            "gameTime": "1 - 17:2",
            "label": "Ball out of play",
            "position": "1022500",
            "half": "1",
            "confidence": "0.6149711012840271"
        },
        {
            "gameTime": "1 - 6:23",
            "label": "Ball out of play",
            "position": "383000",
            "half": "1",
            "confidence": "0.6135841012001038"
        },
        {
            "gameTime": "1 - 4:29",
            "label": "Ball out of play",
            "position": "269000",
            "half": "1",
            "confidence": "0.6131731867790222"
        },
        {
            "gameTime": "1 - 10:14",
            "label": "Ball out of play",
            "position": "614000",
            "half": "1",
            "confidence": "0.5886457562446594"
        },
        {
            "gameTime": "1 - 15:36",
            "label": "Ball out of play",
            "position": "936000",
            "half": "1",
            "confidence": "0.5862115025520325"
        },
        {
            "gameTime": "1 - 13:52",
            "label": "Ball out of play",
            "position": "832500",
            "half": "1",
            "confidence": "0.5842486619949341"
        },
        {
            "gameTime": "1 - 41:43",
            "label": "Ball out of play",
            "position": "2503500",
            "half": "1",
            "confidence": "0.581450879573822"
        },
        {
            "gameTime": "1 - 46:1",
            "label": "Ball out of play",
            "position": "2761000",
            "half": "1",
            "confidence": "0.5798155069351196"
        },
        {
            "gameTime": "1 - 3:6",
            "label": "Ball out of play",
            "position": "186000",
            "half": "1",
            "confidence": "0.5735241174697876"
        },
        {
            "gameTime": "1 - 12:56",
            "label": "Ball out of play",
            "position": "776500",
            "half": "1",
            "confidence": "0.5645861029624939"
        },
        {
            "gameTime": "1 - 34:42",
            "label": "Ball out of play",
            "position": "2082500",
            "half": "1",
            "confidence": "0.5345600247383118"
        },
        {
            "gameTime": "1 - 37:14",
            "label": "Ball out of play",
            "position": "2234000",
            "half": "1",
            "confidence": "0.5268637537956238"
        },
        {
            "gameTime": "1 - 32:35",
            "label": "Ball out of play",
            "position": "1955000",
            "half": "1",
            "confidence": "0.5244559645652771"
        },
        {
            "gameTime": "1 - 18:50",
            "label": "Ball out of play",
            "position": "1130500",
            "half": "1",
            "confidence": "0.52055823802948"
        },
        {
            "gameTime": "1 - 15:14",
            "label": "Ball out of play",
            "position": "914000",
            "half": "1",
            "confidence": "0.5038199424743652"
        },
        {
            "gameTime": "1 - 12:15",
            "label": "Throw-in",
            "position": "735500",
            "half": "1",
            "confidence": "0.9533979296684265"
        },
        {
            "gameTime": "1 - 12:5",
            "label": "Throw-in",
            "position": "725000",
            "half": "1",
            "confidence": "0.8463272452354431"
        },
        {
            "gameTime": "1 - 14:5",
            "label": "Throw-in",
            "position": "845500",
            "half": "1",
            "confidence": "0.7915427684783936"
        },
        {
            "gameTime": "1 - 12:28",
            "label": "Throw-in",
            "position": "748500",
            "half": "1",
            "confidence": "0.7339996099472046"
        },
        {
            "gameTime": "1 - 12:58",
            "label": "Throw-in",
            "position": "778500",
            "half": "1",
            "confidence": "0.6930361390113831"
        },
        {
            "gameTime": "1 - 14:16",
            "label": "Throw-in",
            "position": "856000",
            "half": "1",
            "confidence": "0.6699541211128235"
        },
        {
            "gameTime": "1 - 44:6",
            "label": "Throw-in",
            "position": "2646000",
            "half": "1",
            "confidence": "0.6679675579071045"
        },
        {
            "gameTime": "1 - 11:50",
            "label": "Throw-in",
            "position": "710500",
            "half": "1",
            "confidence": "0.6365913152694702"
        },
        {
            "gameTime": "1 - 45:31",
            "label": "Throw-in",
            "position": "2731500",
            "half": "1",
            "confidence": "0.6316543817520142"
        },
        {
            "gameTime": "1 - 40:5",
            "label": "Throw-in",
            "position": "2405000",
            "half": "1",
            "confidence": "0.6102655529975891"
        },
        {
            "gameTime": "1 - 3:18",
            "label": "Throw-in",
            "position": "198000",
            "half": "1",
            "confidence": "0.6079233288764954"
        },
        {
            "gameTime": "1 - 34:2",
            "label": "Throw-in",
            "position": "2042500",
            "half": "1",
            "confidence": "0.5960288643836975"
        },
        {
            "gameTime": "1 - 13:55",
            "label": "Throw-in",
            "position": "835000",
            "half": "1",
            "confidence": "0.5869286060333252"
        },
        {
            "gameTime": "1 - 42:27",
            "label": "Throw-in",
            "position": "2547000",
            "half": "1",
            "confidence": "0.5787320137023926"
        },
        {
            "gameTime": "1 - 4:29",
            "label": "Throw-in",
            "position": "269000",
            "half": "1",
            "confidence": "0.5651493072509766"
        },
        {
            "gameTime": "1 - 46:1",
            "label": "Throw-in",
            "position": "2761000",
            "half": "1",
            "confidence": "0.564292848110199"
        },
        {
            "gameTime": "1 - 33:50",
            "label": "Throw-in",
            "position": "2030500",
            "half": "1",
            "confidence": "0.5614320039749146"
        },
        {
            "gameTime": "1 - 3:39",
            "label": "Throw-in",
            "position": "219000",
            "half": "1",
            "confidence": "0.5610392093658447"
        },
        {
            "gameTime": "1 - 10:47",
            "label": "Throw-in",
            "position": "647000",
            "half": "1",
            "confidence": "0.5585212707519531"
        },
        {
            "gameTime": "1 - 39:27",
            "label": "Throw-in",
            "position": "2367000",
            "half": "1",
            "confidence": "0.5509229302406311"
        },
        {
            "gameTime": "1 - 38:57",
            "label": "Throw-in",
            "position": "2337000",
            "half": "1",
            "confidence": "0.5495718121528625"
        },
        {
            "gameTime": "1 - 13:8",
            "label": "Throw-in",
            "position": "788500",
            "half": "1",
            "confidence": "0.5479907393455505"
        },
        {
            "gameTime": "1 - 9:12",
            "label": "Throw-in",
            "position": "552500",
            "half": "1",
            "confidence": "0.5462892651557922"
        },
        {
            "gameTime": "1 - 39:9",
            "label": "Throw-in",
            "position": "2349000",
            "half": "1",
            "confidence": "0.5117440819740295"
        },
        {
            "gameTime": "1 - 42:40",
            "label": "Foul",
            "position": "2560000",
            "half": "1",
            "confidence": "0.7442297339439392"
        },
        {
            "gameTime": "1 - 42:51",
            "label": "Foul",
            "position": "2571000",
            "half": "1",
            "confidence": "0.674899697303772"
        },
        {
            "gameTime": "1 - 16:24",
            "label": "Foul",
            "position": "984500",
            "half": "1",
            "confidence": "0.6642496585845947"
        },
        {
            "gameTime": "1 - 38:47",
            "label": "Foul",
            "position": "2327000",
            "half": "1",
            "confidence": "0.5132518410682678"
        },
        {
            "gameTime": "1 - 9:20",
            "label": "Indirect free-kick",
            "position": "560500",
            "half": "1",
            "confidence": "0.57005375623703"
        },
        {
            "gameTime": "1 - 32:20",
            "label": "Indirect free-kick",
            "position": "1940000",
            "half": "1",
            "confidence": "0.5405882000923157"
        },
        {
            "gameTime": "1 - 18:13",
            "label": "Direct free-kick",
            "position": "1093500",
            "half": "1",
            "confidence": "0.5618578195571899"
        },
        {
            "gameTime": "1 - 35:33",
            "label": "Corner",
            "position": "2133500",
            "half": "1",
            "confidence": "0.9966932535171509"
        },
        {
            "gameTime": "1 - 18:38",
            "label": "Corner",
            "position": "1118000",
            "half": "1",
            "confidence": "0.9595582485198975"
        },
        {
            "gameTime": "1 - 5:49",
            "label": "Corner",
            "position": "349500",
            "half": "1",
            "confidence": "0.9358428716659546"
        },
        {
            "gameTime": "1 - 10:4",
            "label": "Corner",
            "position": "604000",
            "half": "1",
            "confidence": "0.8816663026809692"
        },
        {
            "gameTime": "1 - 35:43",
            "label": "Corner",
            "position": "2143500",
            "half": "1",
            "confidence": "0.8764495253562927"
        },
        {
            "gameTime": "1 - 37:37",
            "label": "Corner",
            "position": "2257500",
            "half": "1",
            "confidence": "0.8724493384361267"
        },
        {
            "gameTime": "1 - 42:7",
            "label": "Corner",
            "position": "2527500",
            "half": "1",
            "confidence": "0.8176633715629578"
        },
        {
            "gameTime": "1 - 17:40",
            "label": "Corner",
            "position": "1060000",
            "half": "1",
            "confidence": "0.7902387380599976"
        },
        {
            "gameTime": "1 - 18:4",
            "label": "Corner",
            "position": "1084500",
            "half": "1",
            "confidence": "0.7638794183731079"
        },
        {
            "gameTime": "1 - 18:22",
            "label": "Corner",
            "position": "1102500",
            "half": "1",
            "confidence": "0.7603465914726257"
        },
        {
            "gameTime": "1 - 17:51",
            "label": "Corner",
            "position": "1071000",
            "half": "1",
            "confidence": "0.7473823428153992"
        },
        {
            "gameTime": "1 - 10:14",
            "label": "Corner",
            "position": "614000",
            "half": "1",
            "confidence": "0.6865320801734924"
        },
        {
            "gameTime": "1 - 5:39",
            "label": "Corner",
            "position": "339000",
            "half": "1",
            "confidence": "0.6047926545143127"
        },
        {
            "gameTime": "2 - 0:0",
            "label": "Kick-off",
            "position": "0",
            "half": "2",
            "confidence": "0.9971069693565369"
        },
        {
            "gameTime": "2 - 0:11",
            "label": "Kick-off",
            "position": "11000",
            "half": "2",
            "confidence": "0.9811764359474182"
        },
        {
            "gameTime": "2 - 11:46",
            "label": "Kick-off",
            "position": "706500",
            "half": "2",
            "confidence": "0.9547632336616516"
        },
        {
            "gameTime": "2 - 11:36",
            "label": "Kick-off",
            "position": "696000",
            "half": "2",
            "confidence": "0.943215548992157"
        },
        {
            "gameTime": "2 - 19:39",
            "label": "Kick-off",
            "position": "1179500",
            "half": "2",
            "confidence": "0.7869031429290771"
        },
        {
            "gameTime": "2 - 31:21",
            "label": "Kick-off",
            "position": "1881500",
            "half": "2",
            "confidence": "0.6370840668678284"
        },
        {
            "gameTime": "2 - 10:33",
            "label": "Goal",
            "position": "633000",
            "half": "2",
            "confidence": "0.5837072134017944"
        },
        {
            "gameTime": "2 - 22:56",
            "label": "Substitution",
            "position": "1376000",
            "half": "2",
            "confidence": "0.5526813864707947"
        },
        {
            "gameTime": "2 - 25:35",
            "label": "Substitution",
            "position": "1535000",
            "half": "2",
            "confidence": "0.5345275402069092"
        },
        {
            "gameTime": "2 - 10:33",
            "label": "Shots on target",
            "position": "633000",
            "half": "2",
            "confidence": "0.5475378036499023"
        },
        {
            "gameTime": "2 - 14:0",
            "label": "Shots on target",
            "position": "840500",
            "half": "2",
            "confidence": "0.5138260722160339"
        },
        {
            "gameTime": "2 - 30:35",
            "label": "Shots off target",
            "position": "1835500",
            "half": "2",
            "confidence": "0.7855057716369629"
        },
        {
            "gameTime": "2 - 14:0",
            "label": "Shots off target",
            "position": "840000",
            "half": "2",
            "confidence": "0.5980916619300842"
        },
        {
            "gameTime": "2 - 18:27",
            "label": "Clearance",
            "position": "1107000",
            "half": "2",
            "confidence": "0.6738240718841553"
        },
        {
            "gameTime": "2 - 45:43",
            "label": "Clearance",
            "position": "2743500",
            "half": "2",
            "confidence": "0.6315822005271912"
        },
        {
            "gameTime": "2 - 28:56",
            "label": "Clearance",
            "position": "1736500",
            "half": "2",
            "confidence": "0.5374392867088318"
        },
        {
            "gameTime": "2 - 21:7",
            "label": "Clearance",
            "position": "1267000",
            "half": "2",
            "confidence": "0.5365666151046753"
        },
        {
            "gameTime": "2 - 14:20",
            "label": "Clearance",
            "position": "860500",
            "half": "2",
            "confidence": "0.5325592756271362"
        },
        {
            "gameTime": "2 - 45:23",
            "label": "Ball out of play",
            "position": "2723500",
            "half": "2",
            "confidence": "0.9254701137542725"
        },
        {
            "gameTime": "2 - 36:44",
            "label": "Ball out of play",
            "position": "2204500",
            "half": "2",
            "confidence": "0.8954906463623047"
        },
        {
            "gameTime": "2 - 16:36",
            "label": "Ball out of play",
            "position": "996500",
            "half": "2",
            "confidence": "0.8815643191337585"
        },
        {
            "gameTime": "2 - 32:40",
            "label": "Ball out of play",
            "position": "1960000",
            "half": "2",
            "confidence": "0.8806850910186768"
        },
        {
            "gameTime": "2 - 45:13",
            "label": "Ball out of play",
            "position": "2713000",
            "half": "2",
            "confidence": "0.8747098445892334"
        },
        {
            "gameTime": "2 - 36:34",
            "label": "Ball out of play",
            "position": "2194000",
            "half": "2",
            "confidence": "0.8618825674057007"
        },
        {
            "gameTime": "2 - 16:54",
            "label": "Ball out of play",
            "position": "1014000",
            "half": "2",
            "confidence": "0.8568423986434937"
        },
        {
            "gameTime": "2 - 3:15",
            "label": "Ball out of play",
            "position": "195500",
            "half": "2",
            "confidence": "0.8404056429862976"
        },
        {
            "gameTime": "2 - 31:45",
            "label": "Ball out of play",
            "position": "1905500",
            "half": "2",
            "confidence": "0.8402836322784424"
        },
        {
            "gameTime": "2 - 16:22",
            "label": "Ball out of play",
            "position": "982000",
            "half": "2",
            "confidence": "0.812782883644104"
        },
        {
            "gameTime": "2 - 7:4",
            "label": "Ball out of play",
            "position": "424500",
            "half": "2",
            "confidence": "0.7898879051208496"
        },
        {
            "gameTime": "2 - 32:50",
            "label": "Ball out of play",
            "position": "1970000",
            "half": "2",
            "confidence": "0.789456844329834"
        },
        {
            "gameTime": "2 - 29:6",
            "label": "Ball out of play",
            "position": "1746500",
            "half": "2",
            "confidence": "0.7872397303581238"
        },
        {
            "gameTime": "2 - 17:4",
            "label": "Ball out of play",
            "position": "1024000",
            "half": "2",
            "confidence": "0.7802411317825317"
        },
        {
            "gameTime": "2 - 30:30",
            "label": "Ball out of play",
            "position": "1830000",
            "half": "2",
            "confidence": "0.7748966217041016"
        },
        {
            "gameTime": "2 - 0:54",
            "label": "Ball out of play",
            "position": "54500",
            "half": "2",
            "confidence": "0.7728878855705261"
        },
        {
            "gameTime": "2 - 18:15",
            "label": "Ball out of play",
            "position": "1095500",
            "half": "2",
            "confidence": "0.7585962414741516"
        },
        {
            "gameTime": "2 - 30:41",
            "label": "Ball out of play",
            "position": "1841500",
            "half": "2",
            "confidence": "0.7539366483688354"
        },
        {
            "gameTime": "2 - 26:11",
            "label": "Ball out of play",
            "position": "1571500",
            "half": "2",
            "confidence": "0.7459498643875122"
        },
        {
            "gameTime": "2 - 22:2",
            "label": "Ball out of play",
            "position": "1322000",
            "half": "2",
            "confidence": "0.7346940040588379"
        },
        {
            "gameTime": "2 - 12:33",
            "label": "Ball out of play",
            "position": "753500",
            "half": "2",
            "confidence": "0.7081637382507324"
        },
        {
            "gameTime": "2 - 3:25",
            "label": "Ball out of play",
            "position": "205500",
            "half": "2",
            "confidence": "0.7038393616676331"
        },
        {
            "gameTime": "2 - 28:1",
            "label": "Ball out of play",
            "position": "1681500",
            "half": "2",
            "confidence": "0.7004443407058716"
        },
        {
            "gameTime": "2 - 43:9",
            "label": "Ball out of play",
            "position": "2589500",
            "half": "2",
            "confidence": "0.6814560294151306"
        },
        {
            "gameTime": "2 - 7:41",
            "label": "Ball out of play",
            "position": "461000",
            "half": "2",
            "confidence": "0.6664310693740845"
        },
        {
            "gameTime": "2 - 33:1",
            "label": "Ball out of play",
            "position": "1981000",
            "half": "2",
            "confidence": "0.6537805199623108"
        },
        {
            "gameTime": "2 - 27:48",
            "label": "Ball out of play",
            "position": "1668000",
            "half": "2",
            "confidence": "0.6376141309738159"
        },
        {
            "gameTime": "2 - 24:5",
            "label": "Ball out of play",
            "position": "1445000",
            "half": "2",
            "confidence": "0.6194454431533813"
        },
        {
            "gameTime": "2 - 6:49",
            "label": "Ball out of play",
            "position": "409500",
            "half": "2",
            "confidence": "0.6167928576469421"
        },
        {
            "gameTime": "2 - 30:59",
            "label": "Ball out of play",
            "position": "1859000",
            "half": "2",
            "confidence": "0.6141151189804077"
        },
        {
            "gameTime": "2 - 39:36",
            "label": "Ball out of play",
            "position": "2376500",
            "half": "2",
            "confidence": "0.6084499955177307"
        },
        {
            "gameTime": "2 - 4:20",
            "label": "Ball out of play",
            "position": "260000",
            "half": "2",
            "confidence": "0.6059873104095459"
        },
        {
            "gameTime": "2 - 42:58",
            "label": "Ball out of play",
            "position": "2578500",
            "half": "2",
            "confidence": "0.6057718396186829"
        },
        {
            "gameTime": "2 - 1:5",
            "label": "Ball out of play",
            "position": "65000",
            "half": "2",
            "confidence": "0.6021530032157898"
        },
        {
            "gameTime": "2 - 35:55",
            "label": "Ball out of play",
            "position": "2155000",
            "half": "2",
            "confidence": "0.5929555892944336"
        },
        {
            "gameTime": "2 - 12:11",
            "label": "Ball out of play",
            "position": "731000",
            "half": "2",
            "confidence": "0.5904596447944641"
        },
        {
            "gameTime": "2 - 22:14",
            "label": "Ball out of play",
            "position": "1334000",
            "half": "2",
            "confidence": "0.5785985589027405"
        },
        {
            "gameTime": "2 - 19:9",
            "label": "Ball out of play",
            "position": "1149000",
            "half": "2",
            "confidence": "0.5738251805305481"
        },
        {
            "gameTime": "2 - 9:19",
            "label": "Ball out of play",
            "position": "559500",
            "half": "2",
            "confidence": "0.5656008124351501"
        },
        {
            "gameTime": "2 - 30:2",
            "label": "Ball out of play",
            "position": "1802500",
            "half": "2",
            "confidence": "0.5608264207839966"
        },
        {
            "gameTime": "2 - 12:23",
            "label": "Ball out of play",
            "position": "743000",
            "half": "2",
            "confidence": "0.5389247536659241"
        },
        {
            "gameTime": "2 - 22:37",
            "label": "Ball out of play",
            "position": "1357000",
            "half": "2",
            "confidence": "0.5266436338424683"
        },
        {
            "gameTime": "2 - 43:19",
            "label": "Ball out of play",
            "position": "2599500",
            "half": "2",
            "confidence": "0.5261000394821167"
        },
        {
            "gameTime": "2 - 37:10",
            "label": "Ball out of play",
            "position": "2230000",
            "half": "2",
            "confidence": "0.5234899520874023"
        },
        {
            "gameTime": "2 - 23:51",
            "label": "Ball out of play",
            "position": "1431000",
            "half": "2",
            "confidence": "0.5216374397277832"
        },
        {
            "gameTime": "2 - 29:46",
            "label": "Ball out of play",
            "position": "1786500",
            "half": "2",
            "confidence": "0.5212615132331848"
        },
        {
            "gameTime": "2 - 9:8",
            "label": "Ball out of play",
            "position": "548000",
            "half": "2",
            "confidence": "0.5184925198554993"
        },
        {
            "gameTime": "2 - 40:6",
            "label": "Ball out of play",
            "position": "2406500",
            "half": "2",
            "confidence": "0.517509400844574"
        },
        {
            "gameTime": "2 - 28:11",
            "label": "Ball out of play",
            "position": "1691500",
            "half": "2",
            "confidence": "0.5171546936035156"
        },
        {
            "gameTime": "2 - 28:38",
            "label": "Ball out of play",
            "position": "1718500",
            "half": "2",
            "confidence": "0.5073610544204712"
        },
        {
            "gameTime": "2 - 26:21",
            "label": "Ball out of play",
            "position": "1581500",
            "half": "2",
            "confidence": "0.5058999061584473"
        },
        {
            "gameTime": "2 - 16:35",
            "label": "Throw-in",
            "position": "995500",
            "half": "2",
            "confidence": "0.9725329279899597"
        },
        {
            "gameTime": "2 - 16:25",
            "label": "Throw-in",
            "position": "985000",
            "half": "2",
            "confidence": "0.9513682723045349"
        },
        {
            "gameTime": "2 - 30:55",
            "label": "Throw-in",
            "position": "1855500",
            "half": "2",
            "confidence": "0.8977965712547302"
        },
        {
            "gameTime": "2 - 46:19",
            "label": "Throw-in",
            "position": "2779500",
            "half": "2",
            "confidence": "0.879002034664154"
        },
        {
            "gameTime": "2 - 33:55",
            "label": "Throw-in",
            "position": "2035000",
            "half": "2",
            "confidence": "0.8767268061637878"
        },
        {
            "gameTime": "2 - 29:6",
            "label": "Throw-in",
            "position": "1746000",
            "half": "2",
            "confidence": "0.8344676494598389"
        },
        {
            "gameTime": "2 - 23:58",
            "label": "Throw-in",
            "position": "1438000",
            "half": "2",
            "confidence": "0.8255032300949097"
        },
        {
            "gameTime": "2 - 46:29",
            "label": "Throw-in",
            "position": "2789500",
            "half": "2",
            "confidence": "0.8202483057975769"
        },
        {
            "gameTime": "2 - 34:21",
            "label": "Throw-in",
            "position": "2061000",
            "half": "2",
            "confidence": "0.7825748324394226"
        },
        {
            "gameTime": "2 - 31:43",
            "label": "Throw-in",
            "position": "1903500",
            "half": "2",
            "confidence": "0.7775988578796387"
        },
        {
            "gameTime": "2 - 39:37",
            "label": "Throw-in",
            "position": "2377000",
            "half": "2",
            "confidence": "0.7526334524154663"
        },
        {
            "gameTime": "2 - 12:32",
            "label": "Throw-in",
            "position": "752000",
            "half": "2",
            "confidence": "0.7519495487213135"
        },
        {
            "gameTime": "2 - 24:8",
            "label": "Throw-in",
            "position": "1448000",
            "half": "2",
            "confidence": "0.7118586897850037"
        },
        {
            "gameTime": "2 - 12:20",
            "label": "Throw-in",
            "position": "740500",
            "half": "2",
            "confidence": "0.710302472114563"
        },
        {
            "gameTime": "2 - 28:1",
            "label": "Throw-in",
            "position": "1681500",
            "half": "2",
            "confidence": "0.6928763389587402"
        },
        {
            "gameTime": "2 - 6:48",
            "label": "Throw-in",
            "position": "408500",
            "half": "2",
            "confidence": "0.6888445615768433"
        },
        {
            "gameTime": "2 - 14:31",
            "label": "Throw-in",
            "position": "871500",
            "half": "2",
            "confidence": "0.6872863173484802"
        },
        {
            "gameTime": "2 - 23:3",
            "label": "Throw-in",
            "position": "1383500",
            "half": "2",
            "confidence": "0.6832941770553589"
        },
        {
            "gameTime": "2 - 24:54",
            "label": "Throw-in",
            "position": "1494500",
            "half": "2",
            "confidence": "0.6712996959686279"
        },
        {
            "gameTime": "2 - 1:9",
            "label": "Throw-in",
            "position": "69000",
            "half": "2",
            "confidence": "0.6701951622962952"
        },
        {
            "gameTime": "2 - 45:12",
            "label": "Throw-in",
            "position": "2712000",
            "half": "2",
            "confidence": "0.6693255305290222"
        },
        {
            "gameTime": "2 - 12:10",
            "label": "Throw-in",
            "position": "730000",
            "half": "2",
            "confidence": "0.6100821495056152"
        },
        {
            "gameTime": "2 - 36:37",
            "label": "Throw-in",
            "position": "2197000",
            "half": "2",
            "confidence": "0.5958743095397949"
        },
        {
            "gameTime": "2 - 7:4",
            "label": "Throw-in",
            "position": "424500",
            "half": "2",
            "confidence": "0.5736269950866699"
        },
        {
            "gameTime": "2 - 26:21",
            "label": "Throw-in",
            "position": "1581000",
            "half": "2",
            "confidence": "0.5642978549003601"
        },
        {
            "gameTime": "2 - 27:49",
            "label": "Throw-in",
            "position": "1669500",
            "half": "2",
            "confidence": "0.5609654188156128"
        },
        {
            "gameTime": "2 - 28:11",
            "label": "Throw-in",
            "position": "1691500",
            "half": "2",
            "confidence": "0.5515055656433105"
        },
        {
            "gameTime": "2 - 34:8",
            "label": "Throw-in",
            "position": "2048000",
            "half": "2",
            "confidence": "0.5418782830238342"
        },
        {
            "gameTime": "2 - 32:40",
            "label": "Throw-in",
            "position": "1960000",
            "half": "2",
            "confidence": "0.5302987098693848"
        },
        {
            "gameTime": "2 - 4:27",
            "label": "Throw-in",
            "position": "267500",
            "half": "2",
            "confidence": "0.5284826159477234"
        },
        {
            "gameTime": "2 - 30:2",
            "label": "Throw-in",
            "position": "1802000",
            "half": "2",
            "confidence": "0.5128393173217773"
        },
        {
            "gameTime": "2 - 43:3",
            "label": "Throw-in",
            "position": "2583000",
            "half": "2",
            "confidence": "0.5065177083015442"
        },
        {
            "gameTime": "2 - 0:58",
            "label": "Throw-in",
            "position": "58500",
            "half": "2",
            "confidence": "0.5048181414604187"
        },
        {
            "gameTime": "2 - 37:14",
            "label": "Throw-in",
            "position": "2234500",
            "half": "2",
            "confidence": "0.5027514696121216"
        },
        {
            "gameTime": "2 - 37:52",
            "label": "Foul",
            "position": "2272500",
            "half": "2",
            "confidence": "0.8327112197875977"
        },
        {
            "gameTime": "2 - 20:29",
            "label": "Foul",
            "position": "1229000",
            "half": "2",
            "confidence": "0.7717504501342773"
        },
        {
            "gameTime": "2 - 46:56",
            "label": "Foul",
            "position": "2816500",
            "half": "2",
            "confidence": "0.7427572011947632"
        },
        {
            "gameTime": "2 - 27:0",
            "label": "Foul",
            "position": "1620000",
            "half": "2",
            "confidence": "0.6976489424705505"
        },
        {
            "gameTime": "2 - 4:59",
            "label": "Foul",
            "position": "299000",
            "half": "2",
            "confidence": "0.6882662177085876"
        },
        {
            "gameTime": "2 - 38:58",
            "label": "Foul",
            "position": "2338000",
            "half": "2",
            "confidence": "0.6738172173500061"
        },
        {
            "gameTime": "2 - 36:5",
            "label": "Foul",
            "position": "2165000",
            "half": "2",
            "confidence": "0.6705883145332336"
        },
        {
            "gameTime": "2 - 38:2",
            "label": "Foul",
            "position": "2282500",
            "half": "2",
            "confidence": "0.6655734777450562"
        },
        {
            "gameTime": "2 - 47:6",
            "label": "Foul",
            "position": "2826500",
            "half": "2",
            "confidence": "0.6559931635856628"
        },
        {
            "gameTime": "2 - 25:3",
            "label": "Foul",
            "position": "1503000",
            "half": "2",
            "confidence": "0.6052252054214478"
        },
        {
            "gameTime": "2 - 36:16",
            "label": "Foul",
            "position": "2176000",
            "half": "2",
            "confidence": "0.5833259224891663"
        },
        {
            "gameTime": "2 - 27:13",
            "label": "Foul",
            "position": "1633500",
            "half": "2",
            "confidence": "0.5460408329963684"
        },
        {
            "gameTime": "2 - 41:54",
            "label": "Foul",
            "position": "2514500",
            "half": "2",
            "confidence": "0.5062090754508972"
        },
        {
            "gameTime": "2 - 36:16",
            "label": "Indirect free-kick",
            "position": "2176000",
            "half": "2",
            "confidence": "0.6836932301521301"
        },
        {
            "gameTime": "2 - 41:22",
            "label": "Indirect free-kick",
            "position": "2482500",
            "half": "2",
            "confidence": "0.6661850214004517"
        },
        {
            "gameTime": "2 - 21:41",
            "label": "Indirect free-kick",
            "position": "1301000",
            "half": "2",
            "confidence": "0.5492299199104309"
        },
        {
            "gameTime": "2 - 36:5",
            "label": "Indirect free-kick",
            "position": "2165000",
            "half": "2",
            "confidence": "0.5212092399597168"
        },
        {
            "gameTime": "2 - 21:1",
            "label": "Indirect free-kick",
            "position": "1261000",
            "half": "2",
            "confidence": "0.5030757784843445"
        },
        {
            "gameTime": "2 - 25:44",
            "label": "Direct free-kick",
            "position": "1544000",
            "half": "2",
            "confidence": "0.5574755072593689"
        },
        {
            "gameTime": "2 - 22:39",
            "label": "Direct free-kick",
            "position": "1359000",
            "half": "2",
            "confidence": "0.5090538859367371"
        },
        {
            "gameTime": "2 - 32:2",
            "label": "Corner",
            "position": "1922000",
            "half": "2",
            "confidence": "0.9901537299156189"
        },
        {
            "gameTime": "2 - 22:40",
            "label": "Corner",
            "position": "1360500",
            "half": "2",
            "confidence": "0.9889652729034424"
        },
        {
            "gameTime": "2 - 32:12",
            "label": "Corner",
            "position": "1932500",
            "half": "2",
            "confidence": "0.9749455451965332"
        },
        {
            "gameTime": "2 - 17:29",
            "label": "Corner",
            "position": "1049500",
            "half": "2",
            "confidence": "0.9397651553153992"
        },
        {
            "gameTime": "2 - 36:56",
            "label": "Corner",
            "position": "2216000",
            "half": "2",
            "confidence": "0.935978889465332"
        },
        {
            "gameTime": "2 - 22:50",
            "label": "Corner",
            "position": "1370500",
            "half": "2",
            "confidence": "0.8524829745292664"
        },
        {
            "gameTime": "2 - 17:5",
            "label": "Corner",
            "position": "1025500",
            "half": "2",
            "confidence": "0.7273515462875366"
        },
        {
            "gameTime": "2 - 36:45",
            "label": "Corner",
            "position": "2205000",
            "half": "2",
            "confidence": "0.6743764877319336"
        },
        {
            "gameTime": "2 - 22:30",
            "label": "Corner",
            "position": "1350000",
            "half": "2",
            "confidence": "0.5278406143188477"
        },
        {
            "gameTime": "2 - 17:39",
            "label": "Corner",
            "position": "1059500",
            "half": "2",
            "confidence": "0.5250035524368286"
        },
        {
            "gameTime": "2 - 38:7",
            "label": "Yellow card",
            "position": "2287000",
            "half": "2",
            "confidence": "0.9570385217666626"
        },
        {
            "gameTime": "2 - 37:54",
            "label": "Yellow card",
            "position": "2274500",
            "half": "2",
            "confidence": "0.6188255548477173"
        }
    ]
}