{
    "UrlLocal": "england_epl/2016-2017/2016-09-24 - 14-30 Manchester United 4 - 1 Leicester",
    "predictions": [
        {
            "gameTime": "1 - 21:52",
            "label": "soccer",
            "position": "1312000",
            "half": "1",
            "confidence": "0.9635571241378784"
        },
        {
            "gameTime": "1 - 41:22",
            "label": "soccer",
            "position": "2482500",
            "half": "1",
            "confidence": "0.9172835946083069"
        },
        {
            "gameTime": "1 - 39:6",
            "label": "soccer",
            "position": "2346000",
            "half": "1",
            "confidence": "0.8303539156913757"
        },
        {
            "gameTime": "1 - 36:6",
            "label": "soccer",
            "position": "2166500",
            "half": "1",
            "confidence": "0.7939353585243225"
        },
        {
            "gameTime": "2 - 28:18",
            "label": "card",
            "position": "1698500",
            "half": "2",
            "confidence": "0.6325119137763977"
        },
        {
            "gameTime": "2 - 41:48",
            "label": "subs",
            "position": "2508000",
            "half": "2",
            "confidence": "0.9105359315872192"
        },
        {
            "gameTime": "2 - 41:58",
            "label": "subs",
            "position": "2518000",
            "half": "2",
            "confidence": "0.8598558902740479"
        },
        {
            "gameTime": "2 - 37:30",
            "label": "subs",
            "position": "2250000",
            "half": "2",
            "confidence": "0.8155866265296936"
        },
        {
            "gameTime": "2 - 41:37",
            "label": "subs",
            "position": "2497500",
            "half": "2",
            "confidence": "0.7276451587677002"
        },
        {
            "gameTime": "2 - 16:19",
            "label": "subs",
            "position": "979000",
            "half": "2",
            "confidence": "0.7096349000930786"
        },
        {
            "gameTime": "2 - 37:40",
            "label": "subs",
            "position": "2260000",
            "half": "2",
            "confidence": "0.6732060313224792"
        },
        {
            "gameTime": "2 - 32:21",
            "label": "subs",
            "position": "1941500",
            "half": "2",
            "confidence": "0.5847080945968628"
        },
        {
            "gameTime": "2 - 29:8",
            "label": "soccer",
            "position": "1748000",
            "half": "2",
            "confidence": "0.5684041976928711"
        },
        {
            "gameTime": "2 - 14:2",
            "label": "soccer",
            "position": "842500",
            "half": "2",
            "confidence": "0.5424229502677917"
        }
    ]
}