{
    "UrlLocal": "italy_serie-a/2016-2017/2016-09-20 - 21-45 AC Milan 2 - 0 Lazio",
    "predictions": [
        {
            "gameTime": "1 - 45:15",
            "label": "card",
            "position": "2715500",
            "half": "1",
            "confidence": "0.7700905799865723"
        },
        {
            "gameTime": "1 - 45:5",
            "label": "card",
            "position": "2705000",
            "half": "1",
            "confidence": "0.6370649337768555"
        },
        {
            "gameTime": "1 - 36:17",
            "label": "soccer",
            "position": "2177000",
            "half": "1",
            "confidence": "0.7069298624992371"
        },
        {
            "gameTime": "2 - 30:35",
            "label": "card",
            "position": "1835500",
            "half": "2",
            "confidence": "0.9783918857574463"
        },
        {
            "gameTime": "2 - 30:45",
            "label": "card",
            "position": "1845500",
            "half": "2",
            "confidence": "0.9192527532577515"
        },
        {
            "gameTime": "2 - 16:29",
            "label": "card",
            "position": "989000",
            "half": "2",
            "confidence": "0.8942988514900208"
        },
        {
            "gameTime": "2 - 16:39",
            "label": "card",
            "position": "999000",
            "half": "2",
            "confidence": "0.7843020558357239"
        },
        {
            "gameTime": "2 - 27:26",
            "label": "card",
            "position": "1646000",
            "half": "2",
            "confidence": "0.7432652115821838"
        },
        {
            "gameTime": "2 - 13:35",
            "label": "card",
            "position": "815000",
            "half": "2",
            "confidence": "0.5618968605995178"
        },
        {
            "gameTime": "2 - 13:10",
            "label": "card",
            "position": "790500",
            "half": "2",
            "confidence": "0.519271969795227"
        },
        {
            "gameTime": "2 - 31:25",
            "label": "subs",
            "position": "1885000",
            "half": "2",
            "confidence": "0.831458568572998"
        },
        {
            "gameTime": "2 - 41:12",
            "label": "subs",
            "position": "2472000",
            "half": "2",
            "confidence": "0.7618910670280457"
        },
        {
            "gameTime": "2 - 36:42",
            "label": "subs",
            "position": "2202500",
            "half": "2",
            "confidence": "0.5369283556938171"
        },
        {
            "gameTime": "2 - 31:14",
            "label": "subs",
            "position": "1874500",
            "half": "2",
            "confidence": "0.5271936655044556"
        },
        {
            "gameTime": "2 - 14:50",
            "label": "soccer",
            "position": "890000",
            "half": "2",
            "confidence": "0.5144951343536377"
        }
    ]
}