{
    "UrlLocal": "england_epl/2016-2017/2017-05-06 - 17-00 Leicester 3 - 0 Watford",
    "predictions": [
        {
            "gameTime": "1 - 37:54",
            "label": "soccer",
            "position": "2274500",
            "half": "1",
            "confidence": "0.9760527014732361"
        },
        {
            "gameTime": "1 - 37:44",
            "label": "soccer",
            "position": "2264000",
            "half": "1",
            "confidence": "0.8067857623100281"
        },
        {
            "gameTime": "1 - 38:4",
            "label": "soccer",
            "position": "2284500",
            "half": "1",
            "confidence": "0.5116634368896484"
        },
        {
            "gameTime": "2 - 12:24",
            "label": "soccer",
            "position": "744500",
            "half": "2",
            "confidence": "0.9962409734725952"
        },
        {
            "gameTime": "2 - 47:17",
            "label": "soccer",
            "position": "2837000",
            "half": "2",
            "confidence": "0.9403992891311646"
        },
        {
            "gameTime": "2 - 12:35",
            "label": "soccer",
            "position": "755000",
            "half": "2",
            "confidence": "0.8768184185028076"
        },
        {
            "gameTime": "2 - 40:29",
            "label": "soccer",
            "position": "2429500",
            "half": "2",
            "confidence": "0.5159274935722351"
        }
    ]
}