{
    "UrlLocal": "spain_laliga/2019-2020/2020-02-09 - 18-00 Osasuna 1 - 4 Real Madrid",
    "UrlYoutube": "",
    "annotations": [
        {
            "change_type": "",
            "gameTime": "1 - 00:56",
            "label": "",
            "position": "56284",
            "replay": "real-time"
        },
        {
            "change_type": "",
            "gameTime": "1 - 01:07",
            "label": "",
            "link": "",
            "position": "67494",
            "replay": "replay"
        },
        {
            "change_type": "",
            "gameTime": "1 - 02:43",
            "label": "",
            "position": "163040",
            "replay": "real-time"
        },
        {
            "change_type": "",
            "gameTime": "1 - 02:52",
            "label": "",
            "link": "",
            "position": "172600",
            "replay": "replay"
        },
        {
            "change_type": "",
            "gameTime": "1 - 02:56",
            "label": "",
            "link": "",
            "position": "176289",
            "replay": "replay"
        },
        {
            "change_type": "",
            "gameTime": "1 - 04:03",
            "label": "",
            "position": "243299",
            "replay": "real-time"
        },
        {
            "change_type": "",
            "gameTime": "1 - 04:18",
            "label": "",
            "link": "",
            "position": "258654",
            "replay": "replay"
        },
        {
            "change_type": "",
            "gameTime": "1 - 04:26",
            "label": "",
            "link": "",
            "position": "266558",
            "replay": "replay"
        },
        {
            "change_type": "",
            "gameTime": "1 - 04:28",
            "label": "",
            "link": "",
            "position": "268453",
            "replay": "replay"
        },
        {
            "change_type": "",
            "gameTime": "1 - 05:20",
            "label": "",
            "position": "320995",
            "replay": "real-time"
        },
        {
            "change_type": "",
            "gameTime": "1 - 05:26",
            "label": "",
            "link": "",
            "position": "326789",
            "replay": "replay"
        },
        {
            "change_type": "",
            "gameTime": "1 - 08:40",
            "label": "",
            "position": "520819",
            "replay": "real-time"
        },
        {
            "change_type": "",
            "gameTime": "1 - 08:46",
            "label": "",
            "link": "",
            "position": "526378",
            "replay": "replay"
        },
        {
            "change_type": "",
            "gameTime": "1 - 08:51",
            "label": "",
            "link": "",
            "position": "531028",
            "replay": "replay"
        },
        {
            "change_type": "",
            "gameTime": "1 - 10:53",
            "label": "",
            "position": "653928",
            "replay": "real-time"
        },
        {
            "change_type": "",
            "gameTime": "1 - 10:58",
            "label": "",
            "link": "",
            "position": "658070",
            "replay": "replay"
        },
        {
            "change_type": "",
            "gameTime": "1 - 11:02",
            "label": "",
            "link": "",
            "position": "662514",
            "replay": "replay"
        },
        {
            "change_type": "",
            "gameTime": "1 - 13:11",
            "label": "",
            "position": "791201",
            "replay": "real-time"
        },
        {
            "change_type": "",
            "gameTime": "1 - 13:18",
            "label": "",
            "link": "",
            "position": "798692",
            "replay": "replay"
        },
        {
            "change_type": "",
            "gameTime": "1 - 13:22",
            "label": "",
            "link": "",
            "position": "802429",
            "replay": "replay"
        },
        {
            "change_type": "",
            "gameTime": "1 - 13:59",
            "label": "",
            "position": "839170",
            "replay": "real-time"
        },
        {
            "change_type": "",
            "gameTime": "1 - 14:04",
            "label": "",
            "link": "",
            "position": "844077",
            "replay": "replay"
        },
        {
            "change_type": "",
            "gameTime": "1 - 14:07",
            "label": "",
            "link": "",
            "position": "847170",
            "replay": "replay"
        },
        {
            "change_type": "",
            "gameTime": "1 - 14:12",
            "label": "",
            "link": "",
            "position": "852706",
            "replay": "replay"
        },
        {
            "change_type": "",
            "gameTime": "1 - 14:20",
            "label": "",
            "link": "",
            "position": "860468",
            "replay": "replay"
        },
        {
            "change_type": "",
            "gameTime": "1 - 17:10",
            "label": "",
            "position": "1030140",
            "replay": "real-time"
        },
        {
            "change_type": "",
            "gameTime": "1 - 17:17",
            "label": "",
            "link": "",
            "position": "1037537",
            "replay": "replay"
        },
        {
            "change_type": "",
            "gameTime": "1 - 17:22",
            "label": "",
            "link": "",
            "position": "1042296",
            "replay": "replay"
        },
        {
            "change_type": "",
            "gameTime": "1 - 17:26",
            "label": "",
            "link": "",
            "position": "1046731",
            "replay": "replay"
        },
        {
            "change_type": "",
            "gameTime": "1 - 21:24",
            "label": "",
            "position": "1284162",
            "replay": "real-time"
        },
        {
            "change_type": "",
            "gameTime": "1 - 21:28",
            "label": "",
            "link": "",
            "position": "1288832",
            "replay": "replay"
        },
        {
            "change_type": "",
            "gameTime": "1 - 21:35",
            "label": "",
            "link": "",
            "position": "1295781",
            "replay": "replay"
        },
        {
            "change_type": "",
            "gameTime": "1 - 21:39",
            "label": "",
            "position": "1299112",
            "replay": "real-time"
        },
        {
            "change_type": "",
            "gameTime": "1 - 21:45",
            "label": "",
            "link": "",
            "position": "1305920",
            "replay": "replay"
        },
        {
            "change_type": "",
            "gameTime": "1 - 22:01",
            "label": "",
            "link": "",
            "position": "1321240",
            "replay": "replay"
        },
        {
            "change_type": "",
            "gameTime": "1 - 25:03",
            "label": "",
            "position": "1503898",
            "replay": "real-time"
        },
        {
            "change_type": "",
            "gameTime": "1 - 25:09",
            "label": "",
            "link": "",
            "position": "1509460",
            "replay": "replay"
        },
        {
            "change_type": "",
            "gameTime": "1 - 25:17",
            "label": "",
            "link": "",
            "position": "1517010",
            "replay": "replay"
        },
        {
            "change_type": "",
            "gameTime": "1 - 25:21",
            "label": "",
            "link": "",
            "position": "1521956",
            "replay": "replay"
        },
        {
            "change_type": "",
            "gameTime": "1 - 26:43",
            "label": "",
            "position": "1603108",
            "replay": "real-time"
        },
        {
            "change_type": "",
            "gameTime": "1 - 26:47",
            "label": "",
            "link": "",
            "position": "1607101",
            "replay": "replay"
        },
        {
            "change_type": "",
            "gameTime": "1 - 27:34",
            "label": "",
            "position": "1654042",
            "replay": "real-time"
        },
        {
            "change_type": "",
            "gameTime": "1 - 27:39",
            "label": "",
            "link": "",
            "position": "1659846",
            "replay": "replay"
        },
        {
            "change_type": "",
            "gameTime": "1 - 29:37",
            "label": "",
            "position": "1777417",
            "replay": "real-time"
        },
        {
            "change_type": "",
            "gameTime": "1 - 29:44",
            "label": "",
            "link": "",
            "position": "1784267",
            "replay": "replay"
        },
        {
            "change_type": "",
            "gameTime": "1 - 29:48",
            "label": "",
            "link": "",
            "position": "1788196",
            "replay": "replay"
        },
        {
            "change_type": "",
            "gameTime": "1 - 29:50",
            "label": "",
            "link": "",
            "position": "1790995",
            "replay": "replay"
        },
        {
            "change_type": "",
            "gameTime": "1 - 33:06",
            "label": "",
            "position": "1986397",
            "replay": "real-time"
        },
        {
            "change_type": "",
            "gameTime": "1 - 33:14",
            "label": "",
            "link": "",
            "position": "1994420",
            "replay": "replay"
        },
        {
            "change_type": "",
            "gameTime": "1 - 33:19",
            "label": "",
            "link": "",
            "position": "1999974",
            "replay": "replay"
        },
        {
            "change_type": "",
            "gameTime": "1 - 33:25",
            "label": "",
            "link": "",
            "position": "2005898",
            "replay": "replay"
        },
        {
            "change_type": "",
            "gameTime": "1 - 33:30",
            "label": "",
            "link": "",
            "position": "2010492",
            "replay": "replay"
        },
        {
            "change_type": "",
            "gameTime": "1 - 33:33",
            "label": "",
            "link": "",
            "position": "2013661",
            "replay": "replay"
        },
        {
            "change_type": "",
            "gameTime": "1 - 36:17",
            "label": "",
            "position": "2177248",
            "replay": "real-time"
        },
        {
            "change_type": "",
            "gameTime": "1 - 36:28",
            "label": "",
            "link": "",
            "position": "2188214",
            "replay": "replay"
        },
        {
            "change_type": "",
            "gameTime": "1 - 37:04",
            "label": "",
            "position": "2224204",
            "replay": "real-time"
        },
        {
            "change_type": "",
            "gameTime": "1 - 37:09",
            "label": "",
            "link": "",
            "position": "2229270",
            "replay": "replay"
        },
        {
            "change_type": "",
            "gameTime": "1 - 37:28",
            "label": "",
            "position": "2248305",
            "replay": "real-time"
        },
        {
            "change_type": "",
            "gameTime": "1 - 37:35",
            "label": "",
            "link": "",
            "position": "2255518",
            "replay": "replay"
        },
        {
            "change_type": "",
            "gameTime": "1 - 38:02",
            "label": "",
            "position": "2282598",
            "replay": "real-time"
        },
        {
            "change_type": "",
            "gameTime": "1 - 38:10",
            "label": "",
            "link": "",
            "position": "2290221",
            "replay": "replay"
        },
        {
            "change_type": "",
            "gameTime": "1 - 38:15",
            "label": "",
            "link": "",
            "position": "2295391",
            "replay": "replay"
        },
        {
            "change_type": "",
            "gameTime": "1 - 38:20",
            "label": "",
            "link": "",
            "position": "2300680",
            "replay": "replay"
        },
        {
            "change_type": "",
            "gameTime": "1 - 38:25",
            "label": "",
            "link": "",
            "position": "2305776",
            "replay": "replay"
        },
        {
            "change_type": "",
            "gameTime": "1 - 38:32",
            "label": "",
            "link": "",
            "position": "2312038",
            "replay": "replay"
        },
        {
            "change_type": "",
            "gameTime": "1 - 39:07",
            "label": "",
            "position": "2347409",
            "replay": "real-time"
        },
        {
            "change_type": "",
            "gameTime": "1 - 39:12",
            "label": "",
            "link": "",
            "position": "2352099",
            "replay": "replay"
        },
        {
            "change_type": "",
            "gameTime": "1 - 39:20",
            "label": "",
            "position": "2360096",
            "replay": "real-time"
        },
        {
            "change_type": "",
            "gameTime": "1 - 39:26",
            "label": "",
            "link": "",
            "position": "2366551",
            "replay": "replay"
        },
        {
            "change_type": "",
            "gameTime": "1 - 39:34",
            "label": "",
            "link": "",
            "position": "2374339",
            "replay": "replay"
        },
        {
            "change_type": "",
            "gameTime": "1 - 39:38",
            "label": "",
            "link": "",
            "position": "2378851",
            "replay": "replay"
        },
        {
            "change_type": "",
            "gameTime": "1 - 39:45",
            "label": "",
            "link": "",
            "position": "2385369",
            "replay": "replay"
        },
        {
            "change_type": "",
            "gameTime": "1 - 39:51",
            "label": "",
            "link": "",
            "position": "2391411",
            "replay": "replay"
        },
        {
            "change_type": "",
            "gameTime": "1 - 41:24",
            "label": "",
            "position": "2484917",
            "replay": "real-time"
        },
        {
            "change_type": "",
            "gameTime": "1 - 41:29",
            "label": "",
            "link": "",
            "position": "2489362",
            "replay": "replay"
        },
        {
            "change_type": "",
            "gameTime": "1 - 44:44",
            "label": "",
            "position": "2684095",
            "replay": "real-time"
        },
        {
            "change_type": "",
            "gameTime": "1 - 44:53",
            "label": "",
            "link": "",
            "position": "2693028",
            "replay": "replay"
        },
        {
            "change_type": "",
            "gameTime": "2 - 02:01",
            "label": "",
            "position": "121230",
            "replay": "real-time"
        },
        {
            "change_type": "",
            "gameTime": "2 - 02:07",
            "label": "",
            "link": "",
            "position": "127265",
            "replay": "replay"
        },
        {
            "change_type": "",
            "gameTime": "2 - 02:11",
            "label": "",
            "link": "",
            "position": "131204",
            "replay": "replay"
        },
        {
            "change_type": "",
            "gameTime": "2 - 04:07",
            "label": "",
            "position": "247743",
            "replay": "real-time"
        },
        {
            "change_type": "",
            "gameTime": "2 - 04:17",
            "label": "",
            "link": "",
            "position": "257879",
            "replay": "replay"
        },
        {
            "change_type": "",
            "gameTime": "2 - 04:20",
            "label": "",
            "link": "",
            "position": "260236",
            "replay": "replay"
        },
        {
            "change_type": "",
            "gameTime": "2 - 05:47",
            "label": "",
            "position": "347646",
            "replay": "real-time"
        },
        {
            "change_type": "",
            "gameTime": "2 - 05:54",
            "label": "",
            "link": "",
            "position": "354607",
            "replay": "replay"
        },
        {
            "change_type": "",
            "gameTime": "2 - 05:58",
            "label": "",
            "link": "",
            "position": "358879",
            "replay": "replay"
        },
        {
            "change_type": "",
            "gameTime": "2 - 06:04",
            "label": "",
            "link": "",
            "position": "364539",
            "replay": "replay"
        },
        {
            "change_type": "",
            "gameTime": "2 - 06:41",
            "label": "",
            "position": "401103",
            "replay": "real-time"
        },
        {
            "change_type": "",
            "gameTime": "2 - 06:47",
            "label": "",
            "link": "",
            "position": "407265",
            "replay": "replay"
        },
        {
            "change_type": "",
            "gameTime": "2 - 06:54",
            "label": "",
            "link": "",
            "position": "414346",
            "replay": "replay"
        },
        {
            "change_type": "",
            "gameTime": "2 - 07:32",
            "label": "",
            "position": "452249",
            "replay": "real-time"
        },
        {
            "change_type": "",
            "gameTime": "2 - 07:36",
            "label": "",
            "link": "",
            "position": "456031",
            "replay": "replay"
        },
        {
            "change_type": "",
            "gameTime": "2 - 09:02",
            "label": "",
            "position": "542175",
            "replay": "real-time"
        },
        {
            "change_type": "",
            "gameTime": "2 - 09:08",
            "label": "",
            "link": "",
            "position": "548301",
            "replay": "replay"
        },
        {
            "change_type": "",
            "gameTime": "2 - 09:15",
            "label": "",
            "link": "",
            "position": "555739",
            "replay": "replay"
        },
        {
            "change_type": "",
            "gameTime": "2 - 09:21",
            "label": "",
            "link": "",
            "position": "561270",
            "replay": "replay"
        },
        {
            "change_type": "",
            "gameTime": "2 - 09:25",
            "label": "",
            "link": "",
            "position": "565252",
            "replay": "replay"
        },
        {
            "change_type": "",
            "gameTime": "2 - 09:30",
            "label": "",
            "link": "",
            "position": "570911",
            "replay": "replay"
        },
        {
            "change_type": "",
            "gameTime": "2 - 11:20",
            "label": "",
            "position": "680040",
            "replay": "real-time"
        },
        {
            "change_type": "",
            "gameTime": "2 - 11:24",
            "label": "",
            "link": "",
            "position": "684242",
            "replay": "replay"
        },
        {
            "change_type": "",
            "gameTime": "2 - 11:28",
            "label": "",
            "link": "",
            "position": "688760",
            "replay": "replay"
        },
        {
            "change_type": "",
            "gameTime": "2 - 11:35",
            "label": "",
            "link": "",
            "position": "695226",
            "replay": "replay"
        },
        {
            "change_type": "",
            "gameTime": "2 - 11:41",
            "label": "",
            "link": "",
            "position": "701339",
            "replay": "replay"
        },
        {
            "change_type": "",
            "gameTime": "2 - 15:03",
            "label": "",
            "position": "903218",
            "replay": "real-time"
        },
        {
            "change_type": "",
            "gameTime": "2 - 15:07",
            "label": "",
            "link": "",
            "position": "907482",
            "replay": "replay"
        },
        {
            "change_type": "",
            "gameTime": "2 - 15:59",
            "label": "",
            "position": "959932",
            "replay": "real-time"
        },
        {
            "change_type": "",
            "gameTime": "2 - 16:04",
            "label": "",
            "link": "",
            "position": "964791",
            "replay": "replay"
        },
        {
            "change_type": "",
            "gameTime": "2 - 17:00",
            "label": "",
            "position": "1020121",
            "replay": "real-time"
        },
        {
            "change_type": "",
            "gameTime": "2 - 17:05",
            "label": "",
            "link": "",
            "position": "1025558",
            "replay": "replay"
        },
        {
            "change_type": "",
            "gameTime": "2 - 18:02",
            "label": "",
            "position": "1082025",
            "replay": "real-time"
        },
        {
            "change_type": "",
            "gameTime": "2 - 18:08",
            "label": "",
            "link": "",
            "position": "1088423",
            "replay": "replay"
        },
        {
            "change_type": "",
            "gameTime": "2 - 18:15",
            "label": "",
            "link": "",
            "position": "1095337",
            "replay": "replay"
        },
        {
            "change_type": "",
            "gameTime": "2 - 19:18",
            "label": "",
            "position": "1158108",
            "replay": "real-time"
        },
        {
            "change_type": "",
            "gameTime": "2 - 19:23",
            "label": "",
            "link": "",
            "position": "1163438",
            "replay": "replay"
        },
        {
            "change_type": "",
            "gameTime": "2 - 23:51",
            "label": "",
            "position": "1431849",
            "replay": "real-time"
        },
        {
            "change_type": "",
            "gameTime": "2 - 23:56",
            "label": "",
            "link": "",
            "position": "1436258",
            "replay": "replay"
        },
        {
            "change_type": "",
            "gameTime": "2 - 24:01",
            "label": "",
            "link": "",
            "position": "1441401",
            "replay": "replay"
        },
        {
            "change_type": "",
            "gameTime": "2 - 24:40",
            "label": "",
            "position": "1480064",
            "replay": "real-time"
        },
        {
            "change_type": "",
            "gameTime": "2 - 24:49",
            "label": "",
            "link": "",
            "position": "1489953",
            "replay": "replay"
        },
        {
            "change_type": "",
            "gameTime": "2 - 26:41",
            "label": "",
            "position": "1601217",
            "replay": "real-time"
        },
        {
            "change_type": "",
            "gameTime": "2 - 26:46",
            "label": "",
            "link": "",
            "position": "1606605",
            "replay": "replay"
        },
        {
            "change_type": "",
            "gameTime": "2 - 27:25",
            "label": "",
            "position": "1645073",
            "replay": "real-time"
        },
        {
            "change_type": "",
            "gameTime": "2 - 27:29",
            "label": "",
            "link": "",
            "position": "1649562",
            "replay": "replay"
        },
        {
            "change_type": "",
            "gameTime": "2 - 27:34",
            "label": "",
            "link": "",
            "position": "1654173",
            "replay": "replay"
        },
        {
            "change_type": "",
            "gameTime": "2 - 29:39",
            "label": "",
            "position": "1779963",
            "replay": "real-time"
        },
        {
            "change_type": "",
            "gameTime": "2 - 29:46",
            "label": "",
            "link": "",
            "position": "1786463",
            "replay": "replay"
        },
        {
            "change_type": "",
            "gameTime": "2 - 33:09",
            "label": "",
            "position": "1989676",
            "replay": "real-time"
        },
        {
            "change_type": "",
            "gameTime": "2 - 33:27",
            "label": "",
            "link": "",
            "position": "2007791",
            "replay": "replay"
        },
        {
            "change_type": "",
            "gameTime": "2 - 35:17",
            "label": "",
            "position": "2117540",
            "replay": "real-time"
        },
        {
            "change_type": "",
            "gameTime": "2 - 35:23",
            "label": "",
            "link": "",
            "position": "2123253",
            "replay": "replay"
        },
        {
            "change_type": "",
            "gameTime": "2 - 35:29",
            "label": "",
            "link": "",
            "position": "2129012",
            "replay": "replay"
        },
        {
            "change_type": "",
            "gameTime": "2 - 35:35",
            "label": "",
            "link": "",
            "position": "2135858",
            "replay": "replay"
        },
        {
            "change_type": "",
            "gameTime": "2 - 39:17",
            "label": "",
            "position": "2357285",
            "replay": "real-time"
        },
        {
            "change_type": "",
            "gameTime": "2 - 39:28",
            "label": "",
            "link": "",
            "position": "2368320",
            "replay": "replay"
        },
        {
            "change_type": "",
            "gameTime": "2 - 39:35",
            "label": "",
            "link": "",
            "position": "2375128",
            "replay": "replay"
        },
        {
            "change_type": "",
            "gameTime": "2 - 39:43",
            "label": "",
            "link": "",
            "position": "2383417",
            "replay": "replay"
        },
        {
            "change_type": "",
            "gameTime": "2 - 39:52",
            "label": "",
            "link": "",
            "position": "2392088",
            "replay": "replay"
        },
        {
            "change_type": "",
            "gameTime": "2 - 39:56",
            "label": "",
            "link": "",
            "position": "2396014",
            "replay": "replay"
        },
        {
            "change_type": "",
            "gameTime": "2 - 39:59",
            "label": "",
            "link": "",
            "position": "2399728",
            "replay": "replay"
        },
        {
            "change_type": "",
            "gameTime": "2 - 43:27",
            "label": "",
            "position": "2607957",
            "replay": "real-time"
        },
        {
            "change_type": "",
            "gameTime": "2 - 43:36",
            "label": "",
            "link": "",
            "position": "2616905",
            "replay": "replay"
        },
        {
            "change_type": "",
            "gameTime": "2 - 43:44",
            "label": "",
            "link": "",
            "position": "2624576",
            "replay": "replay"
        },
        {
            "change_type": "",
            "gameTime": "2 - 43:49",
            "label": "",
            "link": "",
            "position": "2629877",
            "replay": "replay"
        },
        {
            "change_type": "",
            "gameTime": "2 - 43:52",
            "label": "",
            "link": "",
            "position": "2632648",
            "replay": "replay"
        },
        {
            "change_type": "",
            "gameTime": "2 - 46:34",
            "label": "",
            "position": "2794741",
            "replay": "real-time"
        },
        {
            "change_type": "",
            "gameTime": "2 - 46:42",
            "label": "",
            "link": "",
            "position": "2802867",
            "replay": "replay"
        },
        {
            "change_type": "",
            "gameTime": "2 - 46:48",
            "label": "",
            "link": "",
            "position": "2808204",
            "replay": "replay"
        },
        {
            "change_type": "",
            "gameTime": "2 - 46:52",
            "label": "",
            "link": "",
            "position": "2812366",
            "replay": "replay"
        },
        {
            "change_type": "",
            "gameTime": "2 - 46:57",
            "label": "",
            "link": "",
            "position": "2817556",
            "replay": "replay"
        },
        {
            "change_type": "",
            "gameTime": "2 - 47:01",
            "label": "",
            "link": "",
            "position": "2821719",
            "replay": "replay"
        },
        {
            "change_type": "",
            "gameTime": "2 - 47:08",
            "label": "",
            "link": "",
            "position": "2828200",
            "replay": "replay"
        },
        {
            "change_type": "",
            "gameTime": "2 - 47:12",
            "label": "",
            "link": "",
            "position": "2832458",
            "replay": "replay"
        },
        {
            "change_type": "",
            "gameTime": "2 - 47:53",
            "label": "",
            "position": "2873128",
            "replay": "real-time"
        },
        {
            "change_type": "",
            "gameTime": "2 - 47:57",
            "label": "",
            "link": "",
            "position": "2877956",
            "replay": "replay"
        },
        {
            "change_type": "",
            "gameTime": "2 - 48:03",
            "label": "",
            "link": "",
            "position": "2883542",
            "replay": "replay"
        }
    ],
    "gameAwayTeam": "Real Madrid",
    "gameDate": "2020-02-09 - 18-00",
    "gameHomeTeam": "Osasuna",
    "gameScore": "1 - 4"
}