{
    "UrlLocal": "italy_serie-a/2016-2017/2016-09-18 - 18-00 Juventus 1 - 0 Internazionale",
    "UrlYoutube": "",
    "annotations": [
        {
            "change_type": "",
            "gameTime": "1 - 04:33",
            "label": "",
            "position": "273055",
            "replay": "real-time"
        },
        {
            "change_type": "",
            "gameTime": "1 - 04:38",
            "label": "",
            "link": "",
            "position": "278126",
            "replay": "replay"
        },
        {
            "change_type": "",
            "gameTime": "1 - 04:41",
            "label": "",
            "position": "281206",
            "replay": "other"
        },
        {
            "change_type": "",
            "gameTime": "1 - 04:43",
            "label": "",
            "position": "283966",
            "replay": "other"
        },
        {
            "change_type": "",
            "gameTime": "1 - 06:54",
            "label": "",
            "position": "414580",
            "replay": "real-time"
        },
        {
            "change_type": "",
            "gameTime": "1 - 06:59",
            "label": "",
            "link": "",
            "position": "419220",
            "replay": "replay"
        },
        {
            "change_type": "",
            "gameTime": "1 - 10:34",
            "label": "",
            "position": "634024",
            "replay": "real-time"
        },
        {
            "change_type": "",
            "gameTime": "1 - 10:39",
            "label": "",
            "link": "",
            "position": "639104",
            "replay": "replay"
        },
        {
            "change_type": "",
            "gameTime": "1 - 11:41",
            "label": "",
            "position": "701842",
            "replay": "real-time"
        },
        {
            "change_type": "",
            "gameTime": "1 - 11:47",
            "label": "",
            "link": "",
            "position": "707282",
            "replay": "replay"
        },
        {
            "change_type": "",
            "gameTime": "1 - 13:02",
            "label": "",
            "position": "782274",
            "replay": "real-time"
        },
        {
            "change_type": "",
            "gameTime": "1 - 13:07",
            "label": "",
            "link": "",
            "position": "787114",
            "replay": "replay"
        },
        {
            "change_type": "",
            "gameTime": "1 - 13:38",
            "label": "",
            "position": "818506",
            "replay": "real-time"
        },
        {
            "change_type": "",
            "gameTime": "1 - 13:42",
            "label": "",
            "link": "",
            "position": "822746",
            "replay": "replay"
        },
        {
            "change_type": "",
            "gameTime": "1 - 13:46",
            "label": "",
            "link": "",
            "position": "826665",
            "replay": "replay"
        },
        {
            "change_type": "",
            "gameTime": "1 - 13:48",
            "label": "",
            "position": "828811",
            "replay": "other"
        },
        {
            "change_type": "",
            "gameTime": "1 - 13:51",
            "label": "",
            "position": "831291",
            "replay": "other"
        },
        {
            "change_type": "",
            "gameTime": "1 - 15:26",
            "label": "",
            "position": "926946",
            "replay": "real-time"
        },
        {
            "change_type": "",
            "gameTime": "1 - 15:34",
            "label": "",
            "link": "",
            "position": "934266",
            "replay": "replay"
        },
        {
            "change_type": "",
            "gameTime": "1 - 18:09",
            "label": "",
            "position": "1089485",
            "replay": "real-time"
        },
        {
            "change_type": "",
            "gameTime": "1 - 18:15",
            "label": "",
            "position": "1095525",
            "replay": "other"
        },
        {
            "change_type": "",
            "gameTime": "1 - 18:22",
            "label": "",
            "link": "",
            "position": "1102365",
            "replay": "replay"
        },
        {
            "change_type": "",
            "gameTime": "1 - 19:44",
            "label": "",
            "position": "1184473",
            "replay": "real-time"
        },
        {
            "change_type": "",
            "gameTime": "1 - 19:49",
            "label": "",
            "link": "",
            "position": "1189153",
            "replay": "replay"
        },
        {
            "change_type": "",
            "gameTime": "1 - 19:52",
            "label": "",
            "position": "1192153",
            "replay": "other"
        },
        {
            "change_type": "",
            "gameTime": "1 - 20:15",
            "label": "",
            "position": "1215521",
            "replay": "real-time"
        },
        {
            "change_type": "",
            "gameTime": "1 - 20:22",
            "label": "",
            "link": "",
            "position": "1222241",
            "replay": "replay"
        },
        {
            "change_type": "",
            "gameTime": "1 - 21:04",
            "label": "",
            "position": "1264958",
            "replay": "real-time"
        },
        {
            "change_type": "",
            "gameTime": "1 - 21:13",
            "label": "",
            "link": "",
            "position": "1273798",
            "replay": "replay"
        },
        {
            "change_type": "",
            "gameTime": "1 - 21:39",
            "label": "",
            "position": "1299648",
            "replay": "real-time"
        },
        {
            "change_type": "",
            "gameTime": "1 - 21:44",
            "label": "",
            "link": "",
            "position": "1304248",
            "replay": "replay"
        },
        {
            "change_type": "",
            "gameTime": "1 - 21:48",
            "label": "",
            "position": "1308128",
            "replay": "other"
        },
        {
            "change_type": "",
            "gameTime": "1 - 21:52",
            "label": "",
            "position": "1312248",
            "replay": "other"
        },
        {
            "change_type": "",
            "gameTime": "1 - 22:58",
            "label": "",
            "position": "1378545",
            "replay": "real-time"
        },
        {
            "change_type": "",
            "gameTime": "1 - 23:01",
            "label": "",
            "link": "",
            "position": "1381305",
            "replay": "replay"
        },
        {
            "change_type": "",
            "gameTime": "1 - 24:56",
            "label": "",
            "position": "1496518",
            "replay": "real-time"
        },
        {
            "change_type": "",
            "gameTime": "1 - 25:01",
            "label": "",
            "link": "",
            "position": "1501758",
            "replay": "replay"
        },
        {
            "change_type": "",
            "gameTime": "1 - 25:08",
            "label": "",
            "link": "",
            "position": "1508718",
            "replay": "replay"
        },
        {
            "change_type": "",
            "gameTime": "1 - 27:03",
            "label": "",
            "position": "1623290",
            "replay": "real-time"
        },
        {
            "change_type": "",
            "gameTime": "1 - 27:08",
            "label": "",
            "link": "",
            "position": "1628770",
            "replay": "replay"
        },
        {
            "change_type": "",
            "gameTime": "1 - 27:16",
            "label": "",
            "link": "",
            "position": "1636570",
            "replay": "replay"
        },
        {
            "change_type": "",
            "gameTime": "1 - 28:10",
            "label": "",
            "position": "1690386",
            "replay": "real-time"
        },
        {
            "change_type": "",
            "gameTime": "1 - 28:15",
            "label": "",
            "position": "1695786",
            "replay": "other"
        },
        {
            "change_type": "",
            "gameTime": "1 - 28:21",
            "label": "",
            "link": "",
            "position": "1701506",
            "replay": "replay"
        },
        {
            "change_type": "",
            "gameTime": "1 - 28:25",
            "label": "",
            "link": "",
            "position": "1705784",
            "replay": "replay"
        },
        {
            "change_type": "",
            "gameTime": "1 - 29:18",
            "label": "",
            "position": "1758553",
            "replay": "real-time"
        },
        {
            "change_type": "",
            "gameTime": "1 - 29:25",
            "label": "",
            "link": "",
            "position": "1765618",
            "replay": "replay"
        },
        {
            "change_type": "",
            "gameTime": "1 - 29:30",
            "label": "",
            "link": "",
            "position": "1770331",
            "replay": "replay"
        },
        {
            "change_type": "",
            "gameTime": "1 - 29:35",
            "label": "",
            "position": "1775387",
            "replay": "other"
        },
        {
            "change_type": "",
            "gameTime": "1 - 32:22",
            "label": "",
            "position": "1942705",
            "replay": "real-time"
        },
        {
            "change_type": "",
            "gameTime": "1 - 32:28",
            "label": "",
            "link": "",
            "position": "1948745",
            "replay": "replay"
        },
        {
            "change_type": "",
            "gameTime": "1 - 36:21",
            "label": "",
            "position": "2181068",
            "replay": "real-time"
        },
        {
            "change_type": "",
            "gameTime": "1 - 36:28",
            "label": "",
            "link": "",
            "position": "2188508",
            "replay": "replay"
        },
        {
            "change_type": "",
            "gameTime": "1 - 36:34",
            "label": "",
            "link": "",
            "position": "2194828",
            "replay": "replay"
        },
        {
            "change_type": "",
            "gameTime": "1 - 36:44",
            "label": "",
            "link": "",
            "position": "2204228",
            "replay": "replay"
        },
        {
            "change_type": "",
            "gameTime": "1 - 36:46",
            "label": "",
            "position": "2206508",
            "replay": "other"
        },
        {
            "change_type": "",
            "gameTime": "1 - 37:56",
            "label": "",
            "position": "2276899",
            "replay": "real-time"
        },
        {
            "change_type": "",
            "gameTime": "1 - 38:03",
            "label": "",
            "link": "",
            "position": "2283739",
            "replay": "replay"
        },
        {
            "change_type": "",
            "gameTime": "1 - 38:38",
            "label": "",
            "position": "2318701",
            "replay": "real-time"
        },
        {
            "change_type": "",
            "gameTime": "1 - 38:47",
            "label": "",
            "link": "",
            "position": "2327981",
            "replay": "replay"
        },
        {
            "change_type": "",
            "gameTime": "1 - 38:53",
            "label": "",
            "link": "",
            "position": "2333021",
            "replay": "replay"
        },
        {
            "change_type": "",
            "gameTime": "1 - 39:00",
            "label": "",
            "link": "",
            "position": "2340381",
            "replay": "replay"
        },
        {
            "change_type": "",
            "gameTime": "1 - 40:57",
            "label": "",
            "position": "2457395",
            "replay": "real-time"
        },
        {
            "change_type": "",
            "gameTime": "1 - 41:06",
            "label": "",
            "link": "",
            "position": "2466115",
            "replay": "replay"
        },
        {
            "change_type": "",
            "gameTime": "1 - 41:11",
            "label": "",
            "link": "",
            "position": "2471275",
            "replay": "replay"
        },
        {
            "change_type": "",
            "gameTime": "1 - 41:14",
            "label": "",
            "position": "2474995",
            "replay": "other"
        },
        {
            "change_type": "",
            "gameTime": "1 - 42:24",
            "label": "",
            "position": "2544102",
            "replay": "real-time"
        },
        {
            "change_type": "",
            "gameTime": "1 - 42:28",
            "label": "",
            "link": "",
            "position": "2548542",
            "replay": "replay"
        },
        {
            "change_type": "",
            "gameTime": "1 - 42:34",
            "label": "",
            "position": "2554403",
            "replay": "real-time"
        },
        {
            "change_type": "",
            "gameTime": "1 - 42:39",
            "label": "",
            "position": "2559963",
            "replay": "other"
        },
        {
            "change_type": "",
            "gameTime": "1 - 42:44",
            "label": "",
            "position": "2564443",
            "replay": "other"
        },
        {
            "change_type": "",
            "gameTime": "1 - 42:48",
            "label": "",
            "position": "2568243",
            "replay": "other"
        },
        {
            "change_type": "",
            "gameTime": "1 - 42:59",
            "label": "",
            "position": "2579724",
            "replay": "real-time"
        },
        {
            "change_type": "",
            "gameTime": "1 - 43:05",
            "label": "",
            "link": "",
            "position": "2585564",
            "replay": "replay"
        },
        {
            "change_type": "",
            "gameTime": "1 - 43:53",
            "label": "",
            "position": "2633533",
            "replay": "real-time"
        },
        {
            "change_type": "",
            "gameTime": "1 - 43:57",
            "label": "",
            "link": "",
            "position": "2637933",
            "replay": "replay"
        },
        {
            "change_type": "",
            "gameTime": "1 - 44:37",
            "label": "",
            "position": "2677692",
            "replay": "real-time"
        },
        {
            "change_type": "",
            "gameTime": "1 - 44:44",
            "label": "",
            "link": "",
            "position": "2684172",
            "replay": "replay"
        },
        {
            "change_type": "",
            "gameTime": "1 - 44:48",
            "label": "",
            "link": "",
            "position": "2688172",
            "replay": "replay"
        },
        {
            "change_type": "",
            "gameTime": "1 - 44:57",
            "label": "",
            "link": "",
            "position": "2697304",
            "replay": "replay"
        },
        {
            "change_type": "",
            "gameTime": "1 - 45:03",
            "label": "",
            "position": "2703784",
            "replay": "other"
        },
        {
            "change_type": "",
            "gameTime": "1 - 45:08",
            "label": "",
            "position": "2708104",
            "replay": "other"
        },
        {
            "change_type": "",
            "gameTime": "1 - 46:00",
            "label": "",
            "position": "2760882",
            "replay": "real-time"
        },
        {
            "change_type": "",
            "gameTime": "2 - 01:11",
            "label": "",
            "position": "71636",
            "replay": "real-time"
        },
        {
            "change_type": "",
            "gameTime": "2 - 01:14",
            "label": "",
            "link": "",
            "position": "74876",
            "replay": "replay"
        },
        {
            "change_type": "",
            "gameTime": "2 - 01:20",
            "label": "",
            "position": "80010",
            "replay": "other"
        },
        {
            "change_type": "",
            "gameTime": "2 - 03:27",
            "label": "",
            "position": "207554",
            "replay": "real-time"
        },
        {
            "change_type": "",
            "gameTime": "2 - 03:35",
            "label": "",
            "link": "",
            "position": "215946",
            "replay": "replay"
        },
        {
            "change_type": "",
            "gameTime": "2 - 04:56",
            "label": "",
            "position": "296476",
            "replay": "real-time"
        },
        {
            "change_type": "",
            "gameTime": "2 - 05:03",
            "label": "",
            "link": "",
            "position": "303396",
            "replay": "replay"
        },
        {
            "change_type": "",
            "gameTime": "2 - 05:38",
            "label": "",
            "position": "338205",
            "replay": "real-time"
        },
        {
            "change_type": "",
            "gameTime": "2 - 05:45",
            "label": "",
            "link": "",
            "position": "345205",
            "replay": "replay"
        },
        {
            "change_type": "",
            "gameTime": "2 - 08:32",
            "label": "",
            "position": "512805",
            "replay": "real-time"
        },
        {
            "change_type": "",
            "gameTime": "2 - 08:38",
            "label": "",
            "link": "",
            "position": "518622",
            "replay": "replay"
        },
        {
            "change_type": "",
            "gameTime": "2 - 08:42",
            "label": "",
            "link": "",
            "position": "522674",
            "replay": "replay"
        },
        {
            "change_type": "",
            "gameTime": "2 - 08:46",
            "label": "",
            "link": "",
            "position": "526874",
            "replay": "replay"
        },
        {
            "change_type": "",
            "gameTime": "2 - 09:54",
            "label": "",
            "position": "594745",
            "replay": "real-time"
        },
        {
            "change_type": "",
            "gameTime": "2 - 10:00",
            "label": "",
            "link": "",
            "position": "600385",
            "replay": "replay"
        },
        {
            "change_type": "",
            "gameTime": "2 - 10:03",
            "label": "",
            "position": "603025",
            "replay": "other"
        },
        {
            "change_type": "",
            "gameTime": "2 - 13:43",
            "label": "",
            "position": "823867",
            "replay": "real-time"
        },
        {
            "change_type": "",
            "gameTime": "2 - 13:48",
            "label": "",
            "link": "",
            "position": "828867",
            "replay": "replay"
        },
        {
            "change_type": "",
            "gameTime": "2 - 15:33",
            "label": "",
            "position": "933028",
            "replay": "real-time"
        },
        {
            "change_type": "",
            "gameTime": "2 - 15:38",
            "label": "",
            "link": "",
            "position": "938548",
            "replay": "replay"
        },
        {
            "change_type": "",
            "gameTime": "2 - 16:19",
            "label": "",
            "position": "979867",
            "replay": "real-time"
        },
        {
            "change_type": "",
            "gameTime": "2 - 16:26",
            "label": "",
            "position": "986827",
            "replay": "other"
        },
        {
            "change_type": "",
            "gameTime": "2 - 17:57",
            "label": "",
            "position": "1077359",
            "replay": "real-time"
        },
        {
            "change_type": "",
            "gameTime": "2 - 18:01",
            "label": "",
            "link": "",
            "position": "1081679",
            "replay": "replay"
        },
        {
            "change_type": "",
            "gameTime": "2 - 18:24",
            "label": "",
            "position": "1104867",
            "replay": "real-time"
        },
        {
            "change_type": "",
            "gameTime": "2 - 18:30",
            "label": "",
            "link": "",
            "position": "1110107",
            "replay": "replay"
        },
        {
            "change_type": "",
            "gameTime": "2 - 19:45",
            "label": "",
            "position": "1185259",
            "replay": "real-time"
        },
        {
            "change_type": "",
            "gameTime": "2 - 19:50",
            "label": "",
            "link": "",
            "position": "1190459",
            "replay": "replay"
        },
        {
            "change_type": "",
            "gameTime": "2 - 20:05",
            "label": "",
            "position": "1205905",
            "replay": "real-time"
        },
        {
            "change_type": "",
            "gameTime": "2 - 20:15",
            "label": "",
            "link": "",
            "position": "1215465",
            "replay": "replay"
        },
        {
            "change_type": "",
            "gameTime": "2 - 20:20",
            "label": "",
            "position": "1220385",
            "replay": "other"
        },
        {
            "change_type": "",
            "gameTime": "2 - 20:23",
            "label": "",
            "position": "1223625",
            "replay": "other"
        },
        {
            "change_type": "",
            "gameTime": "2 - 23:54",
            "label": "",
            "position": "1434632",
            "replay": "real-time"
        },
        {
            "change_type": "",
            "gameTime": "2 - 23:59",
            "label": "",
            "link": "",
            "position": "1439552",
            "replay": "replay"
        },
        {
            "change_type": "",
            "gameTime": "2 - 24:59",
            "label": "",
            "position": "1499737",
            "replay": "real-time"
        },
        {
            "change_type": "",
            "gameTime": "2 - 25:06",
            "label": "",
            "link": "",
            "position": "1506177",
            "replay": "replay"
        },
        {
            "change_type": "",
            "gameTime": "2 - 27:31",
            "label": "",
            "position": "1651248",
            "replay": "real-time"
        },
        {
            "change_type": "",
            "gameTime": "2 - 27:35",
            "label": "",
            "link": "",
            "position": "1655808",
            "replay": "replay"
        },
        {
            "change_type": "",
            "gameTime": "2 - 27:42",
            "label": "",
            "position": "1662368",
            "replay": "other"
        },
        {
            "change_type": "",
            "gameTime": "2 - 28:26",
            "label": "",
            "position": "1706888",
            "replay": "real-time"
        },
        {
            "change_type": "",
            "gameTime": "2 - 28:31",
            "label": "",
            "link": "",
            "position": "1711608",
            "replay": "replay"
        },
        {
            "change_type": "",
            "gameTime": "2 - 28:34",
            "label": "",
            "position": "1714168",
            "replay": "other"
        },
        {
            "change_type": "",
            "gameTime": "2 - 28:37",
            "label": "",
            "position": "1717168",
            "replay": "other"
        },
        {
            "change_type": "",
            "gameTime": "2 - 31:45",
            "label": "",
            "position": "1905655",
            "replay": "real-time"
        },
        {
            "change_type": "",
            "gameTime": "2 - 31:50",
            "label": "",
            "link": "",
            "position": "1910135",
            "replay": "replay"
        },
        {
            "change_type": "",
            "gameTime": "2 - 31:56",
            "label": "",
            "link": "",
            "position": "1916015",
            "replay": "replay"
        },
        {
            "change_type": "",
            "gameTime": "2 - 33:07",
            "label": "",
            "position": "1987912",
            "replay": "real-time"
        },
        {
            "change_type": "",
            "gameTime": "2 - 33:13",
            "label": "",
            "link": "",
            "position": "1993632",
            "replay": "replay"
        },
        {
            "change_type": "",
            "gameTime": "2 - 33:18",
            "label": "",
            "link": "",
            "position": "1998792",
            "replay": "replay"
        },
        {
            "change_type": "",
            "gameTime": "2 - 33:22",
            "label": "",
            "position": "2002472",
            "replay": "other"
        },
        {
            "change_type": "",
            "gameTime": "2 - 36:18",
            "label": "",
            "position": "2178900",
            "replay": "real-time"
        },
        {
            "change_type": "",
            "gameTime": "2 - 36:24",
            "label": "",
            "link": "",
            "position": "2184797",
            "replay": "replay"
        },
        {
            "change_type": "",
            "gameTime": "2 - 39:44",
            "label": "",
            "position": "2384869",
            "replay": "real-time"
        },
        {
            "change_type": "",
            "gameTime": "2 - 39:52",
            "label": "",
            "link": "",
            "position": "2392309",
            "replay": "replay"
        },
        {
            "change_type": "",
            "gameTime": "2 - 39:55",
            "label": "",
            "position": "2395389",
            "replay": "other"
        },
        {
            "change_type": "",
            "gameTime": "2 - 41:31",
            "label": "",
            "position": "2491659",
            "replay": "real-time"
        },
        {
            "change_type": "",
            "gameTime": "2 - 41:35",
            "label": "",
            "link": "",
            "position": "2495779",
            "replay": "replay"
        },
        {
            "change_type": "",
            "gameTime": "2 - 41:40",
            "label": "",
            "link": "",
            "position": "2500779",
            "replay": "replay"
        },
        {
            "change_type": "",
            "gameTime": "2 - 41:46",
            "label": "",
            "position": "2506339",
            "replay": "other"
        },
        {
            "change_type": "",
            "gameTime": "2 - 41:52",
            "label": "",
            "position": "2512819",
            "replay": "other"
        },
        {
            "change_type": "",
            "gameTime": "2 - 44:22",
            "label": "",
            "position": "2662337",
            "replay": "real-time"
        },
        {
            "change_type": "",
            "gameTime": "2 - 44:27",
            "label": "",
            "position": "2667057",
            "replay": "other"
        },
        {
            "change_type": "",
            "gameTime": "2 - 48:24",
            "label": "",
            "position": "2904208",
            "replay": "real-time"
        },
        {
            "change_type": "",
            "gameTime": "2 - 48:30",
            "label": "",
            "link": "",
            "position": "2910728",
            "replay": "replay"
        },
        {
            "change_type": "",
            "gameTime": "2 - 48:50",
            "label": "",
            "position": "2930152",
            "replay": "real-time"
        },
        {
            "change_type": "",
            "gameTime": "2 - 48:56",
            "label": "",
            "link": "",
            "position": "2936912",
            "replay": "replay"
        }
    ],
    "gameAwayTeam": "Internazionale",
    "gameDate": "2016-09-18 - 18-00",
    "gameHomeTeam": "Juventus",
    "gameScore": "1 - 0"
}