{
    "UrlLocal": "england_epl/2015-2016/2015-09-20 - 18-00 Southampton 2 - 3 Manchester United",
    "predictions": [
        {
            "gameTime": "1 - 34:53",
            "label": "Kick-off",
            "position": "2093000",
            "half": "1",
            "confidence": "0.7625841498374939"
        },
        {
            "gameTime": "1 - 22:51",
            "label": "Kick-off",
            "position": "1371000",
            "half": "1",
            "confidence": "0.7148090600967407"
        },
        {
            "gameTime": "1 - 35:3",
            "label": "Kick-off",
            "position": "2103000",
            "half": "1",
            "confidence": "0.5446177124977112"
        },
        {
            "gameTime": "1 - 34:4",
            "label": "Goal",
            "position": "2044000",
            "half": "1",
            "confidence": "0.8405621647834778"
        },
        {
            "gameTime": "1 - 17:5",
            "label": "Shots off target",
            "position": "1025500",
            "half": "1",
            "confidence": "0.8108222484588623"
        },
        {
            "gameTime": "1 - 6:31",
            "label": "Clearance",
            "position": "391500",
            "half": "1",
            "confidence": "0.7524384260177612"
        },
        {
            "gameTime": "1 - 10:18",
            "label": "Clearance",
            "position": "618000",
            "half": "1",
            "confidence": "0.716987669467926"
        },
        {
            "gameTime": "1 - 35:56",
            "label": "Clearance",
            "position": "2156500",
            "half": "1",
            "confidence": "0.7098151445388794"
        },
        {
            "gameTime": "1 - 4:43",
            "label": "Clearance",
            "position": "283500",
            "half": "1",
            "confidence": "0.6488018035888672"
        },
        {
            "gameTime": "1 - 6:14",
            "label": "Ball out of play",
            "position": "374500",
            "half": "1",
            "confidence": "0.9531409740447998"
        },
        {
            "gameTime": "1 - 18:42",
            "label": "Ball out of play",
            "position": "1122500",
            "half": "1",
            "confidence": "0.9425109028816223"
        },
        {
            "gameTime": "1 - 6:3",
            "label": "Ball out of play",
            "position": "363500",
            "half": "1",
            "confidence": "0.9372339844703674"
        },
        {
            "gameTime": "1 - 11:7",
            "label": "Ball out of play",
            "position": "667000",
            "half": "1",
            "confidence": "0.8568655848503113"
        },
        {
            "gameTime": "1 - 41:11",
            "label": "Ball out of play",
            "position": "2471500",
            "half": "1",
            "confidence": "0.8179041147232056"
        },
        {
            "gameTime": "1 - 23:11",
            "label": "Ball out of play",
            "position": "1391500",
            "half": "1",
            "confidence": "0.8029857873916626"
        },
        {
            "gameTime": "1 - 3:11",
            "label": "Ball out of play",
            "position": "191000",
            "half": "1",
            "confidence": "0.7943513989448547"
        },
        {
            "gameTime": "1 - 40:30",
            "label": "Ball out of play",
            "position": "2430500",
            "half": "1",
            "confidence": "0.7714617848396301"
        },
        {
            "gameTime": "1 - 2:8",
            "label": "Ball out of play",
            "position": "128000",
            "half": "1",
            "confidence": "0.7454509139060974"
        },
        {
            "gameTime": "1 - 41:0",
            "label": "Ball out of play",
            "position": "2460000",
            "half": "1",
            "confidence": "0.7363188862800598"
        },
        {
            "gameTime": "1 - 36:21",
            "label": "Ball out of play",
            "position": "2181000",
            "half": "1",
            "confidence": "0.7195380926132202"
        },
        {
            "gameTime": "1 - 41:35",
            "label": "Ball out of play",
            "position": "2495000",
            "half": "1",
            "confidence": "0.7105718851089478"
        },
        {
            "gameTime": "1 - 4:23",
            "label": "Ball out of play",
            "position": "263500",
            "half": "1",
            "confidence": "0.7085053324699402"
        },
        {
            "gameTime": "1 - 36:35",
            "label": "Ball out of play",
            "position": "2195500",
            "half": "1",
            "confidence": "0.7005953192710876"
        },
        {
            "gameTime": "1 - 26:48",
            "label": "Ball out of play",
            "position": "1608500",
            "half": "1",
            "confidence": "0.6903502345085144"
        },
        {
            "gameTime": "1 - 11:42",
            "label": "Ball out of play",
            "position": "702000",
            "half": "1",
            "confidence": "0.6865567564964294"
        },
        {
            "gameTime": "1 - 40:40",
            "label": "Ball out of play",
            "position": "2440500",
            "half": "1",
            "confidence": "0.6836800575256348"
        },
        {
            "gameTime": "1 - 3:56",
            "label": "Ball out of play",
            "position": "236000",
            "half": "1",
            "confidence": "0.6755707859992981"
        },
        {
            "gameTime": "1 - 43:16",
            "label": "Ball out of play",
            "position": "2596500",
            "half": "1",
            "confidence": "0.641181230545044"
        },
        {
            "gameTime": "1 - 9:57",
            "label": "Ball out of play",
            "position": "597500",
            "half": "1",
            "confidence": "0.6403229236602783"
        },
        {
            "gameTime": "1 - 19:53",
            "label": "Ball out of play",
            "position": "1193000",
            "half": "1",
            "confidence": "0.6319795250892639"
        },
        {
            "gameTime": "1 - 39:36",
            "label": "Ball out of play",
            "position": "2376500",
            "half": "1",
            "confidence": "0.6196262240409851"
        },
        {
            "gameTime": "1 - 22:34",
            "label": "Ball out of play",
            "position": "1354500",
            "half": "1",
            "confidence": "0.616627037525177"
        },
        {
            "gameTime": "1 - 1:57",
            "label": "Ball out of play",
            "position": "117500",
            "half": "1",
            "confidence": "0.6078360676765442"
        },
        {
            "gameTime": "1 - 17:0",
            "label": "Ball out of play",
            "position": "1020000",
            "half": "1",
            "confidence": "0.5976810455322266"
        },
        {
            "gameTime": "1 - 30:49",
            "label": "Ball out of play",
            "position": "1849000",
            "half": "1",
            "confidence": "0.5959028601646423"
        },
        {
            "gameTime": "1 - 12:37",
            "label": "Ball out of play",
            "position": "757000",
            "half": "1",
            "confidence": "0.5923962593078613"
        },
        {
            "gameTime": "1 - 21:14",
            "label": "Ball out of play",
            "position": "1274500",
            "half": "1",
            "confidence": "0.5856539011001587"
        },
        {
            "gameTime": "1 - 41:21",
            "label": "Ball out of play",
            "position": "2481500",
            "half": "1",
            "confidence": "0.5831378698348999"
        },
        {
            "gameTime": "1 - 18:9",
            "label": "Ball out of play",
            "position": "1089000",
            "half": "1",
            "confidence": "0.5813776850700378"
        },
        {
            "gameTime": "1 - 18:32",
            "label": "Ball out of play",
            "position": "1112000",
            "half": "1",
            "confidence": "0.5335747599601746"
        },
        {
            "gameTime": "1 - 10:9",
            "label": "Ball out of play",
            "position": "609000",
            "half": "1",
            "confidence": "0.5127338171005249"
        },
        {
            "gameTime": "1 - 9:46",
            "label": "Ball out of play",
            "position": "586500",
            "half": "1",
            "confidence": "0.5111480951309204"
        },
        {
            "gameTime": "1 - 10:56",
            "label": "Ball out of play",
            "position": "656500",
            "half": "1",
            "confidence": "0.5084507465362549"
        },
        {
            "gameTime": "1 - 4:12",
            "label": "Ball out of play",
            "position": "252500",
            "half": "1",
            "confidence": "0.5026072859764099"
        },
        {
            "gameTime": "1 - 36:48",
            "label": "Throw-in",
            "position": "2208500",
            "half": "1",
            "confidence": "0.9520904421806335"
        },
        {
            "gameTime": "1 - 36:38",
            "label": "Throw-in",
            "position": "2198000",
            "half": "1",
            "confidence": "0.9048526287078857"
        },
        {
            "gameTime": "1 - 30:49",
            "label": "Throw-in",
            "position": "1849500",
            "half": "1",
            "confidence": "0.8530256152153015"
        },
        {
            "gameTime": "1 - 1:11",
            "label": "Throw-in",
            "position": "71500",
            "half": "1",
            "confidence": "0.8431450724601746"
        },
        {
            "gameTime": "1 - 2:13",
            "label": "Throw-in",
            "position": "133500",
            "half": "1",
            "confidence": "0.7801439762115479"
        },
        {
            "gameTime": "1 - 7:56",
            "label": "Throw-in",
            "position": "476500",
            "half": "1",
            "confidence": "0.780031681060791"
        },
        {
            "gameTime": "1 - 4:12",
            "label": "Throw-in",
            "position": "252000",
            "half": "1",
            "confidence": "0.7655128836631775"
        },
        {
            "gameTime": "1 - 18:39",
            "label": "Throw-in",
            "position": "1119500",
            "half": "1",
            "confidence": "0.702019989490509"
        },
        {
            "gameTime": "1 - 18:17",
            "label": "Throw-in",
            "position": "1097500",
            "half": "1",
            "confidence": "0.6826013326644897"
        },
        {
            "gameTime": "1 - 0:59",
            "label": "Throw-in",
            "position": "59500",
            "half": "1",
            "confidence": "0.6787285804748535"
        },
        {
            "gameTime": "1 - 2:3",
            "label": "Throw-in",
            "position": "123000",
            "half": "1",
            "confidence": "0.6638315916061401"
        },
        {
            "gameTime": "1 - 4:22",
            "label": "Throw-in",
            "position": "262000",
            "half": "1",
            "confidence": "0.6461924314498901"
        },
        {
            "gameTime": "1 - 36:20",
            "label": "Throw-in",
            "position": "2180500",
            "half": "1",
            "confidence": "0.6131229400634766"
        },
        {
            "gameTime": "1 - 36:58",
            "label": "Throw-in",
            "position": "2218500",
            "half": "1",
            "confidence": "0.6045788526535034"
        },
        {
            "gameTime": "1 - 4:0",
            "label": "Throw-in",
            "position": "240500",
            "half": "1",
            "confidence": "0.5810582637786865"
        },
        {
            "gameTime": "1 - 33:56",
            "label": "Throw-in",
            "position": "2036000",
            "half": "1",
            "confidence": "0.5776315331459045"
        },
        {
            "gameTime": "1 - 38:28",
            "label": "Throw-in",
            "position": "2308000",
            "half": "1",
            "confidence": "0.5160898566246033"
        },
        {
            "gameTime": "1 - 2:35",
            "label": "Foul",
            "position": "155000",
            "half": "1",
            "confidence": "0.6809223294258118"
        },
        {
            "gameTime": "1 - 27:58",
            "label": "Foul",
            "position": "1678000",
            "half": "1",
            "confidence": "0.6305373311042786"
        },
        {
            "gameTime": "1 - 2:46",
            "label": "Foul",
            "position": "166000",
            "half": "1",
            "confidence": "0.6051852107048035"
        },
        {
            "gameTime": "1 - 38:33",
            "label": "Foul",
            "position": "2313500",
            "half": "1",
            "confidence": "0.5851340293884277"
        },
        {
            "gameTime": "1 - 19:0",
            "label": "Foul",
            "position": "1140000",
            "half": "1",
            "confidence": "0.5253782868385315"
        },
        {
            "gameTime": "1 - 44:21",
            "label": "Foul",
            "position": "2661000",
            "half": "1",
            "confidence": "0.514091968536377"
        },
        {
            "gameTime": "1 - 28:53",
            "label": "Foul",
            "position": "1733000",
            "half": "1",
            "confidence": "0.507041335105896"
        },
        {
            "gameTime": "1 - 29:24",
            "label": "Indirect free-kick",
            "position": "1764000",
            "half": "1",
            "confidence": "0.6510148644447327"
        },
        {
            "gameTime": "1 - 41:18",
            "label": "Corner",
            "position": "2478000",
            "half": "1",
            "confidence": "0.9773398041725159"
        },
        {
            "gameTime": "1 - 11:34",
            "label": "Corner",
            "position": "694500",
            "half": "1",
            "confidence": "0.9359113574028015"
        },
        {
            "gameTime": "1 - 41:28",
            "label": "Corner",
            "position": "2488500",
            "half": "1",
            "confidence": "0.9181721210479736"
        },
        {
            "gameTime": "1 - 11:44",
            "label": "Corner",
            "position": "704500",
            "half": "1",
            "confidence": "0.8350200653076172"
        },
        {
            "gameTime": "1 - 41:6",
            "label": "Corner",
            "position": "2466500",
            "half": "1",
            "confidence": "0.7808411717414856"
        },
        {
            "gameTime": "2 - 5:33",
            "label": "Kick-off",
            "position": "333500",
            "half": "2",
            "confidence": "0.9253949522972107"
        },
        {
            "gameTime": "2 - 0:1",
            "label": "Kick-off",
            "position": "1500",
            "half": "2",
            "confidence": "0.8751354217529297"
        },
        {
            "gameTime": "2 - 23:22",
            "label": "Kick-off",
            "position": "1402000",
            "half": "2",
            "confidence": "0.604850172996521"
        },
        {
            "gameTime": "2 - 4:34",
            "label": "Goal",
            "position": "274500",
            "half": "2",
            "confidence": "0.6865154504776001"
        },
        {
            "gameTime": "2 - 10:28",
            "label": "Substitution",
            "position": "628000",
            "half": "2",
            "confidence": "0.9422289729118347"
        },
        {
            "gameTime": "2 - 14:42",
            "label": "Substitution",
            "position": "882500",
            "half": "2",
            "confidence": "0.8332524299621582"
        },
        {
            "gameTime": "2 - 23:38",
            "label": "Substitution",
            "position": "1418500",
            "half": "2",
            "confidence": "0.6920487880706787"
        },
        {
            "gameTime": "2 - 30:31",
            "label": "Substitution",
            "position": "1831500",
            "half": "2",
            "confidence": "0.6150345206260681"
        },
        {
            "gameTime": "2 - 43:50",
            "label": "Shots off target",
            "position": "2630500",
            "half": "2",
            "confidence": "0.7336960434913635"
        },
        {
            "gameTime": "2 - 33:12",
            "label": "Shots off target",
            "position": "1992000",
            "half": "2",
            "confidence": "0.5983729958534241"
        },
        {
            "gameTime": "2 - 44:12",
            "label": "Clearance",
            "position": "2652500",
            "half": "2",
            "confidence": "0.5802581906318665"
        },
        {
            "gameTime": "2 - 3:4",
            "label": "Clearance",
            "position": "184000",
            "half": "2",
            "confidence": "0.5412325859069824"
        },
        {
            "gameTime": "2 - 34:38",
            "label": "Ball out of play",
            "position": "2078000",
            "half": "2",
            "confidence": "0.946403980255127"
        },
        {
            "gameTime": "2 - 18:17",
            "label": "Ball out of play",
            "position": "1097500",
            "half": "2",
            "confidence": "0.9308863878250122"
        },
        {
            "gameTime": "2 - 33:19",
            "label": "Ball out of play",
            "position": "1999000",
            "half": "2",
            "confidence": "0.8312379121780396"
        },
        {
            "gameTime": "2 - 7:37",
            "label": "Ball out of play",
            "position": "457000",
            "half": "2",
            "confidence": "0.8289878964424133"
        },
        {
            "gameTime": "2 - 43:44",
            "label": "Ball out of play",
            "position": "2624500",
            "half": "2",
            "confidence": "0.8282495141029358"
        },
        {
            "gameTime": "2 - 40:25",
            "label": "Ball out of play",
            "position": "2425500",
            "half": "2",
            "confidence": "0.8017759323120117"
        },
        {
            "gameTime": "2 - 43:57",
            "label": "Ball out of play",
            "position": "2637000",
            "half": "2",
            "confidence": "0.8017534613609314"
        },
        {
            "gameTime": "2 - 10:55",
            "label": "Ball out of play",
            "position": "655500",
            "half": "2",
            "confidence": "0.7166421413421631"
        },
        {
            "gameTime": "2 - 32:6",
            "label": "Ball out of play",
            "position": "1926500",
            "half": "2",
            "confidence": "0.7130089998245239"
        },
        {
            "gameTime": "2 - 34:27",
            "label": "Ball out of play",
            "position": "2067500",
            "half": "2",
            "confidence": "0.6780986785888672"
        },
        {
            "gameTime": "2 - 7:47",
            "label": "Ball out of play",
            "position": "467000",
            "half": "2",
            "confidence": "0.6675974726676941"
        },
        {
            "gameTime": "2 - 22:40",
            "label": "Ball out of play",
            "position": "1360500",
            "half": "2",
            "confidence": "0.6672328114509583"
        },
        {
            "gameTime": "2 - 18:7",
            "label": "Ball out of play",
            "position": "1087000",
            "half": "2",
            "confidence": "0.664186418056488"
        },
        {
            "gameTime": "2 - 2:35",
            "label": "Ball out of play",
            "position": "155000",
            "half": "2",
            "confidence": "0.6582890748977661"
        },
        {
            "gameTime": "2 - 42:4",
            "label": "Ball out of play",
            "position": "2524000",
            "half": "2",
            "confidence": "0.6519574522972107"
        },
        {
            "gameTime": "2 - 13:30",
            "label": "Ball out of play",
            "position": "810000",
            "half": "2",
            "confidence": "0.6311521530151367"
        },
        {
            "gameTime": "2 - 18:43",
            "label": "Ball out of play",
            "position": "1123000",
            "half": "2",
            "confidence": "0.6179279685020447"
        },
        {
            "gameTime": "2 - 41:9",
            "label": "Ball out of play",
            "position": "2469500",
            "half": "2",
            "confidence": "0.6122555136680603"
        },
        {
            "gameTime": "2 - 10:45",
            "label": "Ball out of play",
            "position": "645000",
            "half": "2",
            "confidence": "0.5876354575157166"
        },
        {
            "gameTime": "2 - 29:23",
            "label": "Ball out of play",
            "position": "1763000",
            "half": "2",
            "confidence": "0.5770007967948914"
        },
        {
            "gameTime": "2 - 15:50",
            "label": "Ball out of play",
            "position": "950500",
            "half": "2",
            "confidence": "0.5719876885414124"
        },
        {
            "gameTime": "2 - 44:41",
            "label": "Ball out of play",
            "position": "2681500",
            "half": "2",
            "confidence": "0.5446619391441345"
        },
        {
            "gameTime": "2 - 12:47",
            "label": "Ball out of play",
            "position": "767500",
            "half": "2",
            "confidence": "0.5442101359367371"
        },
        {
            "gameTime": "2 - 42:14",
            "label": "Ball out of play",
            "position": "2534000",
            "half": "2",
            "confidence": "0.536095380783081"
        },
        {
            "gameTime": "2 - 6:1",
            "label": "Ball out of play",
            "position": "361000",
            "half": "2",
            "confidence": "0.5287559032440186"
        },
        {
            "gameTime": "2 - 11:12",
            "label": "Ball out of play",
            "position": "672000",
            "half": "2",
            "confidence": "0.5280641317367554"
        },
        {
            "gameTime": "2 - 27:19",
            "label": "Ball out of play",
            "position": "1639000",
            "half": "2",
            "confidence": "0.5175781846046448"
        },
        {
            "gameTime": "2 - 34:38",
            "label": "Throw-in",
            "position": "2078500",
            "half": "2",
            "confidence": "0.9943268895149231"
        },
        {
            "gameTime": "2 - 34:56",
            "label": "Throw-in",
            "position": "2096000",
            "half": "2",
            "confidence": "0.9622536897659302"
        },
        {
            "gameTime": "2 - 42:4",
            "label": "Throw-in",
            "position": "2524000",
            "half": "2",
            "confidence": "0.7960329055786133"
        },
        {
            "gameTime": "2 - 42:14",
            "label": "Throw-in",
            "position": "2534000",
            "half": "2",
            "confidence": "0.778521716594696"
        },
        {
            "gameTime": "2 - 2:29",
            "label": "Throw-in",
            "position": "149000",
            "half": "2",
            "confidence": "0.7704361081123352"
        },
        {
            "gameTime": "2 - 41:14",
            "label": "Throw-in",
            "position": "2474000",
            "half": "2",
            "confidence": "0.7180234789848328"
        },
        {
            "gameTime": "2 - 34:28",
            "label": "Throw-in",
            "position": "2068000",
            "half": "2",
            "confidence": "0.6768780946731567"
        },
        {
            "gameTime": "2 - 2:39",
            "label": "Throw-in",
            "position": "159000",
            "half": "2",
            "confidence": "0.6731193661689758"
        },
        {
            "gameTime": "2 - 18:12",
            "label": "Throw-in",
            "position": "1092000",
            "half": "2",
            "confidence": "0.667833149433136"
        },
        {
            "gameTime": "2 - 6:59",
            "label": "Throw-in",
            "position": "419000",
            "half": "2",
            "confidence": "0.6633932590484619"
        },
        {
            "gameTime": "2 - 32:3",
            "label": "Throw-in",
            "position": "1923000",
            "half": "2",
            "confidence": "0.6337047219276428"
        },
        {
            "gameTime": "2 - 6:28",
            "label": "Throw-in",
            "position": "388000",
            "half": "2",
            "confidence": "0.6276101469993591"
        },
        {
            "gameTime": "2 - 42:25",
            "label": "Throw-in",
            "position": "2545000",
            "half": "2",
            "confidence": "0.5939351916313171"
        },
        {
            "gameTime": "2 - 7:9",
            "label": "Throw-in",
            "position": "429000",
            "half": "2",
            "confidence": "0.5241779685020447"
        },
        {
            "gameTime": "2 - 6:40",
            "label": "Throw-in",
            "position": "400500",
            "half": "2",
            "confidence": "0.5239564180374146"
        },
        {
            "gameTime": "2 - 23:14",
            "label": "Throw-in",
            "position": "1394000",
            "half": "2",
            "confidence": "0.5054928660392761"
        },
        {
            "gameTime": "2 - 41:24",
            "label": "Throw-in",
            "position": "2484000",
            "half": "2",
            "confidence": "0.5001775622367859"
        },
        {
            "gameTime": "2 - 43:20",
            "label": "Foul",
            "position": "2600500",
            "half": "2",
            "confidence": "0.8655663728713989"
        },
        {
            "gameTime": "2 - 3:41",
            "label": "Foul",
            "position": "221000",
            "half": "2",
            "confidence": "0.7720799446105957"
        },
        {
            "gameTime": "2 - 27:26",
            "label": "Foul",
            "position": "1646500",
            "half": "2",
            "confidence": "0.7198038697242737"
        },
        {
            "gameTime": "2 - 29:25",
            "label": "Foul",
            "position": "1765500",
            "half": "2",
            "confidence": "0.6647329330444336"
        },
        {
            "gameTime": "2 - 3:52",
            "label": "Foul",
            "position": "232500",
            "half": "2",
            "confidence": "0.6198119521141052"
        },
        {
            "gameTime": "2 - 29:15",
            "label": "Foul",
            "position": "1755000",
            "half": "2",
            "confidence": "0.6107531189918518"
        },
        {
            "gameTime": "2 - 43:9",
            "label": "Foul",
            "position": "2589500",
            "half": "2",
            "confidence": "0.6104231476783752"
        },
        {
            "gameTime": "2 - 12:11",
            "label": "Foul",
            "position": "731500",
            "half": "2",
            "confidence": "0.6035308241844177"
        },
        {
            "gameTime": "2 - 39:27",
            "label": "Foul",
            "position": "2367500",
            "half": "2",
            "confidence": "0.5912243723869324"
        },
        {
            "gameTime": "2 - 26:36",
            "label": "Foul",
            "position": "1596000",
            "half": "2",
            "confidence": "0.5860519409179688"
        },
        {
            "gameTime": "2 - 8:31",
            "label": "Foul",
            "position": "511500",
            "half": "2",
            "confidence": "0.5407735705375671"
        },
        {
            "gameTime": "2 - 1:57",
            "label": "Foul",
            "position": "117000",
            "half": "2",
            "confidence": "0.5326768159866333"
        },
        {
            "gameTime": "2 - 2:15",
            "label": "Foul",
            "position": "135000",
            "half": "2",
            "confidence": "0.5281564593315125"
        },
        {
            "gameTime": "2 - 26:47",
            "label": "Foul",
            "position": "1607000",
            "half": "2",
            "confidence": "0.5213353633880615"
        },
        {
            "gameTime": "2 - 32:12",
            "label": "Foul",
            "position": "1932000",
            "half": "2",
            "confidence": "0.5203154683113098"
        },
        {
            "gameTime": "2 - 39:33",
            "label": "Indirect free-kick",
            "position": "2373000",
            "half": "2",
            "confidence": "0.5151582956314087"
        },
        {
            "gameTime": "2 - 43:34",
            "label": "Direct free-kick",
            "position": "2614500",
            "half": "2",
            "confidence": "0.7791107892990112"
        },
        {
            "gameTime": "2 - 33:1",
            "label": "Direct free-kick",
            "position": "1981500",
            "half": "2",
            "confidence": "0.7245771288871765"
        },
        {
            "gameTime": "2 - 33:11",
            "label": "Direct free-kick",
            "position": "1991500",
            "half": "2",
            "confidence": "0.6125644445419312"
        },
        {
            "gameTime": "2 - 28:11",
            "label": "Direct free-kick",
            "position": "1691000",
            "half": "2",
            "confidence": "0.5936680436134338"
        },
        {
            "gameTime": "2 - 18:32",
            "label": "Corner",
            "position": "1112000",
            "half": "2",
            "confidence": "0.9896049499511719"
        },
        {
            "gameTime": "2 - 11:11",
            "label": "Corner",
            "position": "671500",
            "half": "2",
            "confidence": "0.9706193804740906"
        },
        {
            "gameTime": "2 - 18:42",
            "label": "Corner",
            "position": "1122000",
            "half": "2",
            "confidence": "0.9674199819564819"
        },
        {
            "gameTime": "2 - 13:17",
            "label": "Corner",
            "position": "797500",
            "half": "2",
            "confidence": "0.948646605014801"
        },
        {
            "gameTime": "2 - 11:21",
            "label": "Corner",
            "position": "681500",
            "half": "2",
            "confidence": "0.9482390284538269"
        },
        {
            "gameTime": "2 - 13:31",
            "label": "Corner",
            "position": "811000",
            "half": "2",
            "confidence": "0.9286702871322632"
        },
        {
            "gameTime": "2 - 10:58",
            "label": "Corner",
            "position": "658000",
            "half": "2",
            "confidence": "0.8526254892349243"
        },
        {
            "gameTime": "2 - 14:6",
            "label": "Corner",
            "position": "846500",
            "half": "2",
            "confidence": "0.7444767355918884"
        },
        {
            "gameTime": "2 - 32:25",
            "label": "Yellow card",
            "position": "1945000",
            "half": "2",
            "confidence": "0.6825913190841675"
        },
        {
            "gameTime": "2 - 27:26",
            "label": "Yellow card",
            "position": "1646500",
            "half": "2",
            "confidence": "0.6461547613143921"
        },
        {
            "gameTime": "2 - 27:37",
            "label": "Yellow card",
            "position": "1657500",
            "half": "2",
            "confidence": "0.5710229277610779"
        }
    ]
}