{
    "UrlLocal": "england_epl/2016-2017/2017-03-18 - 18-00 West Brom 3 - 1 Arsenal",
    "UrlYoutube": "",
    "annotations": [
        {
            "change_type": "",
            "gameTime": "1 - 04:35",
            "label": "",
            "position": "275938",
            "replay": "real-time"
        },
        {
            "change_type": "",
            "gameTime": "1 - 04:46",
            "label": "",
            "link": "",
            "position": "286904",
            "replay": "replay"
        },
        {
            "change_type": "",
            "gameTime": "1 - 04:56",
            "label": "",
            "link": "",
            "position": "296061",
            "replay": "replay"
        },
        {
            "change_type": "",
            "gameTime": "1 - 04:59",
            "label": "",
            "position": "299231",
            "replay": "other"
        },
        {
            "change_type": "",
            "gameTime": "1 - 05:03",
            "label": "",
            "position": "303722",
            "replay": "other"
        },
        {
            "change_type": "",
            "gameTime": "1 - 07:55",
            "label": "",
            "position": "475323",
            "replay": "real-time"
        },
        {
            "change_type": "",
            "gameTime": "1 - 08:06",
            "label": "",
            "position": "486662",
            "replay": "other"
        },
        {
            "change_type": "",
            "gameTime": "1 - 08:11",
            "label": "",
            "position": "491895",
            "replay": "other"
        },
        {
            "change_type": "",
            "gameTime": "1 - 11:14",
            "label": "",
            "position": "674774",
            "replay": "real-time"
        },
        {
            "change_type": "",
            "gameTime": "1 - 11:23",
            "label": "",
            "link": "",
            "position": "683439",
            "replay": "replay"
        },
        {
            "change_type": "",
            "gameTime": "1 - 11:30",
            "label": "",
            "link": "",
            "position": "690106",
            "replay": "replay"
        },
        {
            "change_type": "",
            "gameTime": "1 - 12:08",
            "label": "",
            "position": "728603",
            "replay": "real-time"
        },
        {
            "change_type": "",
            "gameTime": "1 - 12:17",
            "label": "",
            "link": "",
            "position": "737290",
            "replay": "replay"
        },
        {
            "change_type": "",
            "gameTime": "1 - 12:23",
            "label": "",
            "link": "",
            "position": "743022",
            "replay": "replay"
        },
        {
            "change_type": "",
            "gameTime": "1 - 12:28",
            "label": "",
            "link": "",
            "position": "748403",
            "replay": "replay"
        },
        {
            "change_type": "",
            "gameTime": "1 - 12:37",
            "label": "",
            "link": "",
            "position": "757330",
            "replay": "replay"
        },
        {
            "change_type": "",
            "gameTime": "1 - 14:47",
            "label": "",
            "position": "887387",
            "replay": "real-time"
        },
        {
            "change_type": "",
            "gameTime": "1 - 14:59",
            "label": "",
            "link": "",
            "position": "899103",
            "replay": "replay"
        },
        {
            "change_type": "",
            "gameTime": "1 - 15:08",
            "label": "",
            "link": "",
            "position": "908183",
            "replay": "replay"
        },
        {
            "change_type": "",
            "gameTime": "1 - 15:14",
            "label": "",
            "link": "",
            "position": "914471",
            "replay": "replay"
        },
        {
            "change_type": "",
            "gameTime": "1 - 15:19",
            "label": "",
            "position": "919335",
            "replay": "other"
        },
        {
            "change_type": "",
            "gameTime": "1 - 15:24",
            "label": "",
            "position": "924843",
            "replay": "other"
        },
        {
            "change_type": "",
            "gameTime": "1 - 18:33",
            "label": "",
            "position": "1113003",
            "replay": "real-time"
        },
        {
            "change_type": "",
            "gameTime": "1 - 18:42",
            "label": "",
            "link": "",
            "position": "1122922",
            "replay": "replay"
        },
        {
            "change_type": "",
            "gameTime": "1 - 20:25",
            "label": "",
            "position": "1225786",
            "replay": "real-time"
        },
        {
            "change_type": "",
            "gameTime": "1 - 20:36",
            "label": "",
            "link": "",
            "position": "1236125",
            "replay": "replay"
        },
        {
            "change_type": "",
            "gameTime": "1 - 20:44",
            "label": "",
            "link": "",
            "position": "1244799",
            "replay": "replay"
        },
        {
            "change_type": "",
            "gameTime": "1 - 20:57",
            "label": "",
            "link": "",
            "position": "1257369",
            "replay": "replay"
        },
        {
            "change_type": "",
            "gameTime": "1 - 23:15",
            "label": "",
            "position": "1395557",
            "replay": "real-time"
        },
        {
            "change_type": "",
            "gameTime": "1 - 23:26",
            "label": "",
            "position": "1406376",
            "replay": "other"
        },
        {
            "change_type": "",
            "gameTime": "1 - 27:00",
            "label": "",
            "position": "1620889",
            "replay": "real-time"
        },
        {
            "change_type": "",
            "gameTime": "1 - 27:08",
            "label": "",
            "link": "",
            "position": "1628989",
            "replay": "replay"
        },
        {
            "change_type": "",
            "gameTime": "1 - 30:36",
            "label": "",
            "position": "1836653",
            "replay": "real-time"
        },
        {
            "change_type": "",
            "gameTime": "1 - 30:49",
            "label": "",
            "link": "",
            "position": "1849958",
            "replay": "replay"
        },
        {
            "change_type": "",
            "gameTime": "1 - 31:05",
            "label": "",
            "position": "1865502",
            "replay": "real-time"
        },
        {
            "change_type": "",
            "gameTime": "1 - 31:11",
            "label": "",
            "position": "1871442",
            "replay": "other"
        },
        {
            "change_type": "",
            "gameTime": "1 - 32:37",
            "label": "",
            "position": "1957156",
            "replay": "real-time"
        },
        {
            "change_type": "",
            "gameTime": "1 - 32:47",
            "label": "",
            "link": "",
            "position": "1967320",
            "replay": "replay"
        },
        {
            "change_type": "",
            "gameTime": "1 - 32:52",
            "label": "",
            "link": "",
            "position": "1972534",
            "replay": "replay"
        },
        {
            "change_type": "",
            "gameTime": "1 - 33:08",
            "label": "",
            "position": "1988483",
            "replay": "real-time"
        },
        {
            "change_type": "",
            "gameTime": "1 - 33:15",
            "label": "",
            "link": "",
            "position": "1995533",
            "replay": "replay"
        },
        {
            "change_type": "",
            "gameTime": "1 - 33:20",
            "label": "",
            "link": "",
            "position": "2000807",
            "replay": "replay"
        },
        {
            "change_type": "",
            "gameTime": "1 - 33:26",
            "label": "",
            "link": "",
            "position": "2006269",
            "replay": "replay"
        },
        {
            "change_type": "",
            "gameTime": "1 - 33:30",
            "label": "",
            "position": "2010565",
            "replay": "other"
        },
        {
            "change_type": "",
            "gameTime": "1 - 34:09",
            "label": "",
            "position": "2049658",
            "replay": "real-time"
        },
        {
            "change_type": "",
            "gameTime": "1 - 34:16",
            "label": "",
            "link": "",
            "position": "2056225",
            "replay": "replay"
        },
        {
            "change_type": "",
            "gameTime": "1 - 34:23",
            "label": "",
            "link": "",
            "position": "2063075",
            "replay": "replay"
        },
        {
            "change_type": "",
            "gameTime": "1 - 35:37",
            "label": "",
            "position": "2137133",
            "replay": "real-time"
        },
        {
            "change_type": "",
            "gameTime": "1 - 35:45",
            "label": "",
            "position": "2145829",
            "replay": "other"
        },
        {
            "change_type": "",
            "gameTime": "1 - 35:54",
            "label": "",
            "position": "2154348",
            "replay": "other"
        },
        {
            "change_type": "",
            "gameTime": "1 - 41:56",
            "label": "",
            "position": "2516949",
            "replay": "real-time"
        },
        {
            "change_type": "",
            "gameTime": "1 - 42:02",
            "label": "",
            "position": "2522794",
            "replay": "other"
        },
        {
            "change_type": "",
            "gameTime": "1 - 42:12",
            "label": "",
            "position": "2532564",
            "replay": "other"
        },
        {
            "change_type": "",
            "gameTime": "2 - 02:47",
            "label": "",
            "position": "167457",
            "replay": "real-time"
        },
        {
            "change_type": "",
            "gameTime": "2 - 02:59",
            "label": "",
            "link": "",
            "position": "179574",
            "replay": "replay"
        },
        {
            "change_type": "",
            "gameTime": "2 - 04:55",
            "label": "",
            "position": "295706",
            "replay": "real-time"
        },
        {
            "change_type": "",
            "gameTime": "2 - 04:59",
            "label": "",
            "position": "299432",
            "replay": "other"
        },
        {
            "change_type": "",
            "gameTime": "2 - 05:37",
            "label": "",
            "position": "337826",
            "replay": "real-time"
        },
        {
            "change_type": "",
            "gameTime": "2 - 05:45",
            "label": "",
            "link": "",
            "position": "345340",
            "replay": "replay"
        },
        {
            "change_type": "",
            "gameTime": "2 - 05:50",
            "label": "",
            "link": "",
            "position": "350505",
            "replay": "replay"
        },
        {
            "change_type": "",
            "gameTime": "2 - 05:54",
            "label": "",
            "position": "354508",
            "replay": "other"
        },
        {
            "change_type": "",
            "gameTime": "2 - 10:32",
            "label": "",
            "position": "632534",
            "replay": "real-time"
        },
        {
            "change_type": "",
            "gameTime": "2 - 10:47",
            "label": "",
            "link": "",
            "position": "647470",
            "replay": "replay"
        },
        {
            "change_type": "",
            "gameTime": "2 - 10:56",
            "label": "",
            "link": "",
            "position": "656306",
            "replay": "replay"
        },
        {
            "change_type": "",
            "gameTime": "2 - 11:07",
            "label": "",
            "link": "",
            "position": "667914",
            "replay": "replay"
        },
        {
            "change_type": "",
            "gameTime": "2 - 13:56",
            "label": "",
            "position": "836060",
            "replay": "real-time"
        },
        {
            "change_type": "",
            "gameTime": "2 - 14:10",
            "label": "",
            "link": "",
            "position": "850346",
            "replay": "replay"
        },
        {
            "change_type": "",
            "gameTime": "2 - 14:18",
            "label": "",
            "link": "",
            "position": "858290",
            "replay": "replay"
        },
        {
            "change_type": "",
            "gameTime": "2 - 14:28",
            "label": "",
            "position": "868189",
            "replay": "other"
        },
        {
            "change_type": "",
            "gameTime": "2 - 14:33",
            "label": "",
            "position": "873721",
            "replay": "other"
        },
        {
            "change_type": "",
            "gameTime": "2 - 21:10",
            "label": "",
            "position": "1270780",
            "replay": "real-time"
        },
        {
            "change_type": "",
            "gameTime": "2 - 21:29",
            "label": "",
            "link": "",
            "position": "1289544",
            "replay": "replay"
        },
        {
            "change_type": "",
            "gameTime": "2 - 21:43",
            "label": "",
            "position": "1303460",
            "replay": "real-time"
        },
        {
            "change_type": "",
            "gameTime": "2 - 21:49",
            "label": "",
            "link": "",
            "position": "1309917",
            "replay": "replay"
        },
        {
            "change_type": "",
            "gameTime": "2 - 21:59",
            "label": "",
            "position": "1319334",
            "replay": "other"
        },
        {
            "change_type": "",
            "gameTime": "2 - 23:16",
            "label": "",
            "position": "1396403",
            "replay": "real-time"
        },
        {
            "change_type": "",
            "gameTime": "2 - 23:25",
            "label": "",
            "link": "",
            "position": "1405771",
            "replay": "replay"
        },
        {
            "change_type": "",
            "gameTime": "2 - 29:55",
            "label": "",
            "position": "1795210",
            "replay": "real-time"
        },
        {
            "change_type": "",
            "gameTime": "2 - 30:03",
            "label": "",
            "link": "",
            "position": "1803508",
            "replay": "replay"
        },
        {
            "change_type": "",
            "gameTime": "2 - 30:08",
            "label": "",
            "link": "",
            "position": "1808964",
            "replay": "replay"
        },
        {
            "change_type": "",
            "gameTime": "2 - 30:13",
            "label": "",
            "link": "",
            "position": "1813889",
            "replay": "replay"
        },
        {
            "change_type": "",
            "gameTime": "2 - 30:21",
            "label": "",
            "link": "",
            "position": "1821406",
            "replay": "replay"
        },
        {
            "change_type": "",
            "gameTime": "2 - 30:27",
            "label": "",
            "position": "1827259",
            "replay": "other"
        },
        {
            "change_type": "",
            "gameTime": "2 - 34:19",
            "label": "",
            "position": "2059364",
            "replay": "real-time"
        },
        {
            "change_type": "",
            "gameTime": "2 - 34:25",
            "label": "",
            "link": "",
            "position": "2065041",
            "replay": "replay"
        },
        {
            "change_type": "",
            "gameTime": "2 - 34:31",
            "label": "",
            "link": "",
            "position": "2071205",
            "replay": "replay"
        },
        {
            "change_type": "",
            "gameTime": "2 - 34:43",
            "label": "",
            "link": "",
            "position": "2083129",
            "replay": "replay"
        }
    ],
    "gameAwayTeam": "Arsenal",
    "gameDate": "2017-03-18 - 18-00",
    "gameHomeTeam": "West Brom",
    "gameScore": "3 - 1"
}