{
    "UrlLocal": "germany_bundesliga/2016-2017/2017-01-21 - 18-00 Leipzig 3 - 0 Frankfurt",
    "predictions": [
        {
            "gameTime": "1 - 14:16",
            "label": "card",
            "position": "856000",
            "half": "1",
            "confidence": "0.9663160443305969"
        },
        {
            "gameTime": "1 - 2:21",
            "label": "card",
            "position": "141000",
            "half": "1",
            "confidence": "0.912916898727417"
        },
        {
            "gameTime": "1 - 2:10",
            "label": "card",
            "position": "130500",
            "half": "1",
            "confidence": "0.8740861415863037"
        },
        {
            "gameTime": "1 - 14:5",
            "label": "card",
            "position": "845500",
            "half": "1",
            "confidence": "0.7145258784294128"
        },
        {
            "gameTime": "1 - 2:48",
            "label": "subs",
            "position": "168500",
            "half": "1",
            "confidence": "0.7688469290733337"
        },
        {
            "gameTime": "1 - 3:2",
            "label": "subs",
            "position": "182000",
            "half": "1",
            "confidence": "0.7647198438644409"
        },
        {
            "gameTime": "1 - 4:29",
            "label": "subs",
            "position": "269000",
            "half": "1",
            "confidence": "0.696125864982605"
        },
        {
            "gameTime": "1 - 22:30",
            "label": "subs",
            "position": "1350500",
            "half": "1",
            "confidence": "0.6393581628799438"
        },
        {
            "gameTime": "1 - 48:19",
            "label": "soccer",
            "position": "2899500",
            "half": "1",
            "confidence": "0.9967603087425232"
        },
        {
            "gameTime": "1 - 5:53",
            "label": "soccer",
            "position": "353000",
            "half": "1",
            "confidence": "0.9847540855407715"
        },
        {
            "gameTime": "1 - 48:29",
            "label": "soccer",
            "position": "2909500",
            "half": "1",
            "confidence": "0.8378465175628662"
        },
        {
            "gameTime": "1 - 6:9",
            "label": "soccer",
            "position": "369500",
            "half": "1",
            "confidence": "0.5505167245864868"
        },
        {
            "gameTime": "2 - 10:25",
            "label": "card",
            "position": "625500",
            "half": "2",
            "confidence": "0.5274789929389954"
        },
        {
            "gameTime": "2 - 24:49",
            "label": "subs",
            "position": "1489500",
            "half": "2",
            "confidence": "0.8135135769844055"
        },
        {
            "gameTime": "2 - 16:26",
            "label": "subs",
            "position": "986500",
            "half": "2",
            "confidence": "0.773723304271698"
        },
        {
            "gameTime": "2 - 45:25",
            "label": "subs",
            "position": "2725500",
            "half": "2",
            "confidence": "0.7172082662582397"
        },
        {
            "gameTime": "2 - 16:40",
            "label": "subs",
            "position": "1000500",
            "half": "2",
            "confidence": "0.6152000427246094"
        },
        {
            "gameTime": "2 - 23:25",
            "label": "subs",
            "position": "1405500",
            "half": "2",
            "confidence": "0.5515281558036804"
        },
        {
            "gameTime": "2 - 21:34",
            "label": "soccer",
            "position": "1294500",
            "half": "2",
            "confidence": "0.9666646122932434"
        }
    ]
}