{
    "UrlLocal": "italy_serie-a/2016-2017/2017-01-08 - 17-00 Genoa 0 - 1 AS Roma",
    "predictions": [
        {
            "gameTime": "1 - 26:57",
            "label": "card",
            "position": "1617000",
            "half": "1",
            "confidence": "0.9478342533111572"
        },
        {
            "gameTime": "1 - 26:46",
            "label": "card",
            "position": "1606500",
            "half": "1",
            "confidence": "0.8276515603065491"
        },
        {
            "gameTime": "1 - 7:53",
            "label": "subs",
            "position": "473000",
            "half": "1",
            "confidence": "0.6259825229644775"
        },
        {
            "gameTime": "1 - 8:35",
            "label": "subs",
            "position": "515000",
            "half": "1",
            "confidence": "0.6076236367225647"
        },
        {
            "gameTime": "1 - 44:57",
            "label": "subs",
            "position": "2697500",
            "half": "1",
            "confidence": "0.5402927994728088"
        },
        {
            "gameTime": "1 - 35:10",
            "label": "soccer",
            "position": "2110500",
            "half": "1",
            "confidence": "0.9620338678359985"
        },
        {
            "gameTime": "2 - 20:5",
            "label": "card",
            "position": "1205500",
            "half": "2",
            "confidence": "0.562088668346405"
        },
        {
            "gameTime": "2 - 32:14",
            "label": "subs",
            "position": "1934000",
            "half": "2",
            "confidence": "0.8442533016204834"
        },
        {
            "gameTime": "2 - 16:47",
            "label": "subs",
            "position": "1007500",
            "half": "2",
            "confidence": "0.8395074009895325"
        },
        {
            "gameTime": "2 - 42:33",
            "label": "subs",
            "position": "2553000",
            "half": "2",
            "confidence": "0.7269541621208191"
        },
        {
            "gameTime": "2 - 32:3",
            "label": "subs",
            "position": "1923500",
            "half": "2",
            "confidence": "0.6754220724105835"
        },
        {
            "gameTime": "2 - 32:33",
            "label": "subs",
            "position": "1953000",
            "half": "2",
            "confidence": "0.6676170825958252"
        },
        {
            "gameTime": "2 - 42:43",
            "label": "subs",
            "position": "2563000",
            "half": "2",
            "confidence": "0.6636070013046265"
        },
        {
            "gameTime": "2 - 32:43",
            "label": "subs",
            "position": "1963500",
            "half": "2",
            "confidence": "0.5800731182098389"
        },
        {
            "gameTime": "2 - 21:24",
            "label": "subs",
            "position": "1284500",
            "half": "2",
            "confidence": "0.5677209496498108"
        },
        {
            "gameTime": "2 - 11:40",
            "label": "subs",
            "position": "700500",
            "half": "2",
            "confidence": "0.5604715347290039"
        },
        {
            "gameTime": "2 - 39:31",
            "label": "subs",
            "position": "2371500",
            "half": "2",
            "confidence": "0.5083754062652588"
        },
        {
            "gameTime": "2 - 39:48",
            "label": "soccer",
            "position": "2388000",
            "half": "2",
            "confidence": "0.6869395971298218"
        }
    ]
}