{
    "UrlLocal": "france_ligue-1/2016-2017/2016-09-11 - 18-00 Nice 3 - 2 Marseille",
    "predictions": [
        {
            "gameTime": "1 - 46:13",
            "label": "subs",
            "position": "2773500",
            "half": "1",
            "confidence": "0.8688626885414124"
        },
        {
            "gameTime": "1 - 6:52",
            "label": "soccer",
            "position": "412500",
            "half": "1",
            "confidence": "0.8741728663444519"
        },
        {
            "gameTime": "1 - 13:20",
            "label": "soccer",
            "position": "800000",
            "half": "1",
            "confidence": "0.5307092666625977"
        },
        {
            "gameTime": "2 - 25:51",
            "label": "card",
            "position": "1551000",
            "half": "2",
            "confidence": "0.973663866519928"
        },
        {
            "gameTime": "2 - 20:44",
            "label": "card",
            "position": "1244000",
            "half": "2",
            "confidence": "0.9504940509796143"
        },
        {
            "gameTime": "2 - 41:9",
            "label": "card",
            "position": "2469500",
            "half": "2",
            "confidence": "0.9452955722808838"
        },
        {
            "gameTime": "2 - 25:40",
            "label": "card",
            "position": "1540500",
            "half": "2",
            "confidence": "0.9146565794944763"
        },
        {
            "gameTime": "2 - 40:58",
            "label": "card",
            "position": "2458500",
            "half": "2",
            "confidence": "0.904689610004425"
        },
        {
            "gameTime": "2 - 20:33",
            "label": "card",
            "position": "1233500",
            "half": "2",
            "confidence": "0.802082896232605"
        },
        {
            "gameTime": "2 - 46:16",
            "label": "subs",
            "position": "2776000",
            "half": "2",
            "confidence": "0.9643553495407104"
        },
        {
            "gameTime": "2 - 22:16",
            "label": "subs",
            "position": "1336000",
            "half": "2",
            "confidence": "0.9503682851791382"
        },
        {
            "gameTime": "2 - 11:37",
            "label": "subs",
            "position": "697000",
            "half": "2",
            "confidence": "0.939069390296936"
        },
        {
            "gameTime": "2 - 30:37",
            "label": "subs",
            "position": "1837000",
            "half": "2",
            "confidence": "0.8959272503852844"
        },
        {
            "gameTime": "2 - 46:26",
            "label": "subs",
            "position": "2786000",
            "half": "2",
            "confidence": "0.8352593183517456"
        },
        {
            "gameTime": "2 - 22:26",
            "label": "subs",
            "position": "1346000",
            "half": "2",
            "confidence": "0.8180901408195496"
        },
        {
            "gameTime": "2 - 11:24",
            "label": "subs",
            "position": "684500",
            "half": "2",
            "confidence": "0.8056526780128479"
        },
        {
            "gameTime": "2 - 30:49",
            "label": "subs",
            "position": "1849500",
            "half": "2",
            "confidence": "0.7995584011077881"
        },
        {
            "gameTime": "2 - 31:0",
            "label": "subs",
            "position": "1860500",
            "half": "2",
            "confidence": "0.7603631615638733"
        },
        {
            "gameTime": "2 - 11:47",
            "label": "subs",
            "position": "707000",
            "half": "2",
            "confidence": "0.7023376822471619"
        },
        {
            "gameTime": "2 - 30:26",
            "label": "subs",
            "position": "1826000",
            "half": "2",
            "confidence": "0.6133565306663513"
        },
        {
            "gameTime": "2 - 41:57",
            "label": "soccer",
            "position": "2517500",
            "half": "2",
            "confidence": "0.9151971340179443"
        },
        {
            "gameTime": "2 - 32:11",
            "label": "soccer",
            "position": "1931500",
            "half": "2",
            "confidence": "0.899677574634552"
        },
        {
            "gameTime": "2 - 43:16",
            "label": "soccer",
            "position": "2596000",
            "half": "2",
            "confidence": "0.5451748967170715"
        }
    ]
}