{
    "UrlLocal": "england_epl/2016-2017/2016-11-19 - 18-00 Manchester United 1 - 1 Arsenal",
    "predictions": [
        {
            "gameTime": "1 - 0:0",
            "label": "Kick-off",
            "position": "0",
            "half": "1",
            "confidence": "0.6968734264373779"
        },
        {
            "gameTime": "1 - 33:8",
            "label": "Substitution",
            "position": "1988000",
            "half": "1",
            "confidence": "0.8816992044448853"
        },
        {
            "gameTime": "1 - 18:55",
            "label": "Substitution",
            "position": "1135000",
            "half": "1",
            "confidence": "0.5399890542030334"
        },
        {
            "gameTime": "1 - 40:20",
            "label": "Shots on target",
            "position": "2420000",
            "half": "1",
            "confidence": "0.5347582101821899"
        },
        {
            "gameTime": "1 - 40:51",
            "label": "Shots on target",
            "position": "2451000",
            "half": "1",
            "confidence": "0.5302881598472595"
        },
        {
            "gameTime": "1 - 22:55",
            "label": "Shots off target",
            "position": "1375500",
            "half": "1",
            "confidence": "0.6004469394683838"
        },
        {
            "gameTime": "1 - 7:3",
            "label": "Clearance",
            "position": "423000",
            "half": "1",
            "confidence": "0.717587411403656"
        },
        {
            "gameTime": "1 - 26:56",
            "label": "Clearance",
            "position": "1616000",
            "half": "1",
            "confidence": "0.6715831756591797"
        },
        {
            "gameTime": "1 - 41:9",
            "label": "Clearance",
            "position": "2469000",
            "half": "1",
            "confidence": "0.5438995361328125"
        },
        {
            "gameTime": "1 - 33:30",
            "label": "Ball out of play",
            "position": "2010500",
            "half": "1",
            "confidence": "0.914972722530365"
        },
        {
            "gameTime": "1 - 29:5",
            "label": "Ball out of play",
            "position": "1745500",
            "half": "1",
            "confidence": "0.8525294065475464"
        },
        {
            "gameTime": "1 - 27:33",
            "label": "Ball out of play",
            "position": "1653000",
            "half": "1",
            "confidence": "0.8453658819198608"
        },
        {
            "gameTime": "1 - 2:41",
            "label": "Ball out of play",
            "position": "161500",
            "half": "1",
            "confidence": "0.820759117603302"
        },
        {
            "gameTime": "1 - 6:33",
            "label": "Ball out of play",
            "position": "393000",
            "half": "1",
            "confidence": "0.8072744607925415"
        },
        {
            "gameTime": "1 - 44:56",
            "label": "Ball out of play",
            "position": "2696000",
            "half": "1",
            "confidence": "0.8014010787010193"
        },
        {
            "gameTime": "1 - 33:41",
            "label": "Ball out of play",
            "position": "2021000",
            "half": "1",
            "confidence": "0.794428288936615"
        },
        {
            "gameTime": "1 - 16:39",
            "label": "Ball out of play",
            "position": "999500",
            "half": "1",
            "confidence": "0.7914921045303345"
        },
        {
            "gameTime": "1 - 29:44",
            "label": "Ball out of play",
            "position": "1784000",
            "half": "1",
            "confidence": "0.769432008266449"
        },
        {
            "gameTime": "1 - 8:37",
            "label": "Ball out of play",
            "position": "517000",
            "half": "1",
            "confidence": "0.7463060617446899"
        },
        {
            "gameTime": "1 - 20:54",
            "label": "Ball out of play",
            "position": "1254500",
            "half": "1",
            "confidence": "0.7392089366912842"
        },
        {
            "gameTime": "1 - 36:46",
            "label": "Ball out of play",
            "position": "2206000",
            "half": "1",
            "confidence": "0.7388274073600769"
        },
        {
            "gameTime": "1 - 28:55",
            "label": "Ball out of play",
            "position": "1735000",
            "half": "1",
            "confidence": "0.7337625026702881"
        },
        {
            "gameTime": "1 - 27:47",
            "label": "Ball out of play",
            "position": "1667000",
            "half": "1",
            "confidence": "0.7325236201286316"
        },
        {
            "gameTime": "1 - 32:45",
            "label": "Ball out of play",
            "position": "1965500",
            "half": "1",
            "confidence": "0.7213460206985474"
        },
        {
            "gameTime": "1 - 14:46",
            "label": "Ball out of play",
            "position": "886500",
            "half": "1",
            "confidence": "0.6980322599411011"
        },
        {
            "gameTime": "1 - 18:11",
            "label": "Ball out of play",
            "position": "1091500",
            "half": "1",
            "confidence": "0.6957364082336426"
        },
        {
            "gameTime": "1 - 4:56",
            "label": "Ball out of play",
            "position": "296500",
            "half": "1",
            "confidence": "0.6839048862457275"
        },
        {
            "gameTime": "1 - 29:15",
            "label": "Ball out of play",
            "position": "1755500",
            "half": "1",
            "confidence": "0.6809350848197937"
        },
        {
            "gameTime": "1 - 25:15",
            "label": "Ball out of play",
            "position": "1515000",
            "half": "1",
            "confidence": "0.6789450645446777"
        },
        {
            "gameTime": "1 - 45:6",
            "label": "Ball out of play",
            "position": "2706000",
            "half": "1",
            "confidence": "0.678196370601654"
        },
        {
            "gameTime": "1 - 9:37",
            "label": "Ball out of play",
            "position": "577000",
            "half": "1",
            "confidence": "0.6751090288162231"
        },
        {
            "gameTime": "1 - 28:16",
            "label": "Ball out of play",
            "position": "1696000",
            "half": "1",
            "confidence": "0.6731734275817871"
        },
        {
            "gameTime": "1 - 37:4",
            "label": "Ball out of play",
            "position": "2224000",
            "half": "1",
            "confidence": "0.662257730960846"
        },
        {
            "gameTime": "1 - 40:17",
            "label": "Ball out of play",
            "position": "2417000",
            "half": "1",
            "confidence": "0.6573782563209534"
        },
        {
            "gameTime": "1 - 11:40",
            "label": "Ball out of play",
            "position": "700500",
            "half": "1",
            "confidence": "0.6545928716659546"
        },
        {
            "gameTime": "1 - 40:57",
            "label": "Ball out of play",
            "position": "2457000",
            "half": "1",
            "confidence": "0.6317459344863892"
        },
        {
            "gameTime": "1 - 30:57",
            "label": "Ball out of play",
            "position": "1857500",
            "half": "1",
            "confidence": "0.623100996017456"
        },
        {
            "gameTime": "1 - 36:21",
            "label": "Ball out of play",
            "position": "2181000",
            "half": "1",
            "confidence": "0.6205814480781555"
        },
        {
            "gameTime": "1 - 37:14",
            "label": "Ball out of play",
            "position": "2234000",
            "half": "1",
            "confidence": "0.6130889654159546"
        },
        {
            "gameTime": "1 - 35:56",
            "label": "Ball out of play",
            "position": "2156000",
            "half": "1",
            "confidence": "0.6110314726829529"
        },
        {
            "gameTime": "1 - 17:1",
            "label": "Ball out of play",
            "position": "1021500",
            "half": "1",
            "confidence": "0.6102139949798584"
        },
        {
            "gameTime": "1 - 32:55",
            "label": "Ball out of play",
            "position": "1975500",
            "half": "1",
            "confidence": "0.6071566939353943"
        },
        {
            "gameTime": "1 - 31:53",
            "label": "Ball out of play",
            "position": "1913000",
            "half": "1",
            "confidence": "0.6061850190162659"
        },
        {
            "gameTime": "1 - 18:28",
            "label": "Ball out of play",
            "position": "1108500",
            "half": "1",
            "confidence": "0.6054180860519409"
        },
        {
            "gameTime": "1 - 38:22",
            "label": "Ball out of play",
            "position": "2302500",
            "half": "1",
            "confidence": "0.6034718155860901"
        },
        {
            "gameTime": "1 - 26:32",
            "label": "Ball out of play",
            "position": "1592500",
            "half": "1",
            "confidence": "0.6033501029014587"
        },
        {
            "gameTime": "1 - 8:25",
            "label": "Ball out of play",
            "position": "505500",
            "half": "1",
            "confidence": "0.5994369983673096"
        },
        {
            "gameTime": "1 - 5:7",
            "label": "Ball out of play",
            "position": "307000",
            "half": "1",
            "confidence": "0.5961617231369019"
        },
        {
            "gameTime": "1 - 9:48",
            "label": "Ball out of play",
            "position": "588500",
            "half": "1",
            "confidence": "0.5951141715049744"
        },
        {
            "gameTime": "1 - 36:6",
            "label": "Ball out of play",
            "position": "2166500",
            "half": "1",
            "confidence": "0.5858728885650635"
        },
        {
            "gameTime": "1 - 1:10",
            "label": "Ball out of play",
            "position": "70500",
            "half": "1",
            "confidence": "0.5798720121383667"
        },
        {
            "gameTime": "1 - 5:59",
            "label": "Ball out of play",
            "position": "359000",
            "half": "1",
            "confidence": "0.5707745552062988"
        },
        {
            "gameTime": "1 - 37:30",
            "label": "Ball out of play",
            "position": "2250000",
            "half": "1",
            "confidence": "0.5654725432395935"
        },
        {
            "gameTime": "1 - 11:50",
            "label": "Ball out of play",
            "position": "710500",
            "half": "1",
            "confidence": "0.5566927194595337"
        },
        {
            "gameTime": "1 - 0:31",
            "label": "Ball out of play",
            "position": "31500",
            "half": "1",
            "confidence": "0.5564659833908081"
        },
        {
            "gameTime": "1 - 10:59",
            "label": "Ball out of play",
            "position": "659000",
            "half": "1",
            "confidence": "0.5519490838050842"
        },
        {
            "gameTime": "1 - 23:1",
            "label": "Ball out of play",
            "position": "1381000",
            "half": "1",
            "confidence": "0.5451570749282837"
        },
        {
            "gameTime": "1 - 42:30",
            "label": "Ball out of play",
            "position": "2550500",
            "half": "1",
            "confidence": "0.5326799154281616"
        },
        {
            "gameTime": "1 - 3:0",
            "label": "Ball out of play",
            "position": "180500",
            "half": "1",
            "confidence": "0.5298645496368408"
        },
        {
            "gameTime": "1 - 27:59",
            "label": "Ball out of play",
            "position": "1679000",
            "half": "1",
            "confidence": "0.5297144055366516"
        },
        {
            "gameTime": "1 - 18:1",
            "label": "Ball out of play",
            "position": "1081000",
            "half": "1",
            "confidence": "0.5269451141357422"
        },
        {
            "gameTime": "1 - 35:35",
            "label": "Ball out of play",
            "position": "2135000",
            "half": "1",
            "confidence": "0.5251967906951904"
        },
        {
            "gameTime": "1 - 40:27",
            "label": "Ball out of play",
            "position": "2427000",
            "half": "1",
            "confidence": "0.523859977722168"
        },
        {
            "gameTime": "1 - 36:35",
            "label": "Ball out of play",
            "position": "2195500",
            "half": "1",
            "confidence": "0.5072811841964722"
        },
        {
            "gameTime": "1 - 17:36",
            "label": "Ball out of play",
            "position": "1056000",
            "half": "1",
            "confidence": "0.5048415660858154"
        },
        {
            "gameTime": "1 - 35:23",
            "label": "Ball out of play",
            "position": "2123000",
            "half": "1",
            "confidence": "0.5004132390022278"
        },
        {
            "gameTime": "1 - 28:18",
            "label": "Throw-in",
            "position": "1698000",
            "half": "1",
            "confidence": "0.9503119587898254"
        },
        {
            "gameTime": "1 - 23:51",
            "label": "Throw-in",
            "position": "1431000",
            "half": "1",
            "confidence": "0.8334212899208069"
        },
        {
            "gameTime": "1 - 37:12",
            "label": "Throw-in",
            "position": "2232500",
            "half": "1",
            "confidence": "0.826885998249054"
        },
        {
            "gameTime": "1 - 45:1",
            "label": "Throw-in",
            "position": "2701000",
            "half": "1",
            "confidence": "0.7543870210647583"
        },
        {
            "gameTime": "1 - 28:1",
            "label": "Throw-in",
            "position": "1681000",
            "half": "1",
            "confidence": "0.7527032494544983"
        },
        {
            "gameTime": "1 - 33:39",
            "label": "Throw-in",
            "position": "2019000",
            "half": "1",
            "confidence": "0.7135737538337708"
        },
        {
            "gameTime": "1 - 35:10",
            "label": "Throw-in",
            "position": "2110500",
            "half": "1",
            "confidence": "0.6797705888748169"
        },
        {
            "gameTime": "1 - 14:2",
            "label": "Throw-in",
            "position": "842500",
            "half": "1",
            "confidence": "0.6651665568351746"
        },
        {
            "gameTime": "1 - 37:29",
            "label": "Throw-in",
            "position": "2249500",
            "half": "1",
            "confidence": "0.6437220573425293"
        },
        {
            "gameTime": "1 - 9:37",
            "label": "Throw-in",
            "position": "577000",
            "half": "1",
            "confidence": "0.6298700571060181"
        },
        {
            "gameTime": "1 - 11:9",
            "label": "Throw-in",
            "position": "669500",
            "half": "1",
            "confidence": "0.621098518371582"
        },
        {
            "gameTime": "1 - 10:59",
            "label": "Throw-in",
            "position": "659000",
            "half": "1",
            "confidence": "0.6169085502624512"
        },
        {
            "gameTime": "1 - 9:50",
            "label": "Throw-in",
            "position": "590500",
            "half": "1",
            "confidence": "0.5930856466293335"
        },
        {
            "gameTime": "1 - 8:39",
            "label": "Throw-in",
            "position": "519500",
            "half": "1",
            "confidence": "0.5869269967079163"
        },
        {
            "gameTime": "1 - 20:54",
            "label": "Throw-in",
            "position": "1254500",
            "half": "1",
            "confidence": "0.5730300545692444"
        },
        {
            "gameTime": "1 - 29:5",
            "label": "Throw-in",
            "position": "1745500",
            "half": "1",
            "confidence": "0.5712519288063049"
        },
        {
            "gameTime": "1 - 5:5",
            "label": "Throw-in",
            "position": "305000",
            "half": "1",
            "confidence": "0.5615153908729553"
        },
        {
            "gameTime": "1 - 13:52",
            "label": "Throw-in",
            "position": "832000",
            "half": "1",
            "confidence": "0.5586811304092407"
        },
        {
            "gameTime": "1 - 45:11",
            "label": "Throw-in",
            "position": "2711500",
            "half": "1",
            "confidence": "0.5351504683494568"
        },
        {
            "gameTime": "1 - 24:35",
            "label": "Throw-in",
            "position": "1475500",
            "half": "1",
            "confidence": "0.5341519713401794"
        },
        {
            "gameTime": "1 - 37:2",
            "label": "Throw-in",
            "position": "2222000",
            "half": "1",
            "confidence": "0.5311731696128845"
        },
        {
            "gameTime": "1 - 31:14",
            "label": "Throw-in",
            "position": "1874500",
            "half": "1",
            "confidence": "0.5220257639884949"
        },
        {
            "gameTime": "1 - 35:24",
            "label": "Throw-in",
            "position": "2124500",
            "half": "1",
            "confidence": "0.5149989128112793"
        },
        {
            "gameTime": "1 - 28:33",
            "label": "Foul",
            "position": "1713500",
            "half": "1",
            "confidence": "0.9379594922065735"
        },
        {
            "gameTime": "1 - 28:44",
            "label": "Foul",
            "position": "1724500",
            "half": "1",
            "confidence": "0.8497969508171082"
        },
        {
            "gameTime": "1 - 15:34",
            "label": "Foul",
            "position": "934000",
            "half": "1",
            "confidence": "0.8279147744178772"
        },
        {
            "gameTime": "1 - 35:17",
            "label": "Foul",
            "position": "2117500",
            "half": "1",
            "confidence": "0.7479314804077148"
        },
        {
            "gameTime": "1 - 14:51",
            "label": "Foul",
            "position": "891000",
            "half": "1",
            "confidence": "0.7032655477523804"
        },
        {
            "gameTime": "1 - 3:12",
            "label": "Foul",
            "position": "192000",
            "half": "1",
            "confidence": "0.6376129388809204"
        },
        {
            "gameTime": "1 - 13:30",
            "label": "Foul",
            "position": "810000",
            "half": "1",
            "confidence": "0.5548521876335144"
        },
        {
            "gameTime": "1 - 25:34",
            "label": "Indirect free-kick",
            "position": "1534000",
            "half": "1",
            "confidence": "0.6114678978919983"
        },
        {
            "gameTime": "1 - 25:44",
            "label": "Indirect free-kick",
            "position": "1544000",
            "half": "1",
            "confidence": "0.5663501620292664"
        },
        {
            "gameTime": "1 - 3:54",
            "label": "Direct free-kick",
            "position": "234500",
            "half": "1",
            "confidence": "0.8937957286834717"
        },
        {
            "gameTime": "1 - 29:36",
            "label": "Corner",
            "position": "1776500",
            "half": "1",
            "confidence": "0.9605696797370911"
        },
        {
            "gameTime": "1 - 40:56",
            "label": "Corner",
            "position": "2456500",
            "half": "1",
            "confidence": "0.9055523872375488"
        },
        {
            "gameTime": "1 - 40:46",
            "label": "Corner",
            "position": "2446000",
            "half": "1",
            "confidence": "0.8858285546302795"
        },
        {
            "gameTime": "1 - 17:1",
            "label": "Corner",
            "position": "1021500",
            "half": "1",
            "confidence": "0.7990553975105286"
        },
        {
            "gameTime": "1 - 29:26",
            "label": "Corner",
            "position": "1766000",
            "half": "1",
            "confidence": "0.7165231108665466"
        },
        {
            "gameTime": "1 - 36:38",
            "label": "Corner",
            "position": "2198000",
            "half": "1",
            "confidence": "0.7092199921607971"
        },
        {
            "gameTime": "1 - 24:14",
            "label": "Yellow card",
            "position": "1454500",
            "half": "1",
            "confidence": "0.8501226902008057"
        },
        {
            "gameTime": "1 - 16:3",
            "label": "Yellow card",
            "position": "963500",
            "half": "1",
            "confidence": "0.7000768780708313"
        },
        {
            "gameTime": "1 - 39:17",
            "label": "Yellow card",
            "position": "2357500",
            "half": "1",
            "confidence": "0.5486740469932556"
        },
        {
            "gameTime": "1 - 24:4",
            "label": "Yellow card",
            "position": "1444000",
            "half": "1",
            "confidence": "0.519395649433136"
        },
        {
            "gameTime": "2 - 24:23",
            "label": "Kick-off",
            "position": "1463000",
            "half": "2",
            "confidence": "0.9790881276130676"
        },
        {
            "gameTime": "2 - 44:23",
            "label": "Kick-off",
            "position": "2663500",
            "half": "2",
            "confidence": "0.9736619591712952"
        },
        {
            "gameTime": "2 - 24:12",
            "label": "Kick-off",
            "position": "1452500",
            "half": "2",
            "confidence": "0.9577398896217346"
        },
        {
            "gameTime": "2 - 0:0",
            "label": "Kick-off",
            "position": "0",
            "half": "2",
            "confidence": "0.9412643313407898"
        },
        {
            "gameTime": "2 - 0:10",
            "label": "Kick-off",
            "position": "10000",
            "half": "2",
            "confidence": "0.7912745475769043"
        },
        {
            "gameTime": "2 - 44:33",
            "label": "Kick-off",
            "position": "2673500",
            "half": "2",
            "confidence": "0.6563466787338257"
        },
        {
            "gameTime": "2 - 23:7",
            "label": "Goal",
            "position": "1387000",
            "half": "2",
            "confidence": "0.875038743019104"
        },
        {
            "gameTime": "2 - 17:22",
            "label": "Substitution",
            "position": "1042000",
            "half": "2",
            "confidence": "0.9634267687797546"
        },
        {
            "gameTime": "2 - 18:38",
            "label": "Substitution",
            "position": "1118500",
            "half": "2",
            "confidence": "0.9154688119888306"
        },
        {
            "gameTime": "2 - 40:0",
            "label": "Substitution",
            "position": "2400000",
            "half": "2",
            "confidence": "0.9135806560516357"
        },
        {
            "gameTime": "2 - 27:47",
            "label": "Substitution",
            "position": "1667500",
            "half": "2",
            "confidence": "0.8803794980049133"
        },
        {
            "gameTime": "2 - 34:36",
            "label": "Substitution",
            "position": "2076000",
            "half": "2",
            "confidence": "0.7913044095039368"
        },
        {
            "gameTime": "2 - 27:37",
            "label": "Substitution",
            "position": "1657000",
            "half": "2",
            "confidence": "0.6722879409790039"
        },
        {
            "gameTime": "2 - 46:43",
            "label": "Offside",
            "position": "2803500",
            "half": "2",
            "confidence": "0.5507833957672119"
        },
        {
            "gameTime": "2 - 23:7",
            "label": "Shots on target",
            "position": "1387000",
            "half": "2",
            "confidence": "0.5575222969055176"
        },
        {
            "gameTime": "2 - 31:35",
            "label": "Shots off target",
            "position": "1895500",
            "half": "2",
            "confidence": "0.6370877027511597"
        },
        {
            "gameTime": "2 - 32:0",
            "label": "Clearance",
            "position": "1920000",
            "half": "2",
            "confidence": "0.9514191150665283"
        },
        {
            "gameTime": "2 - 49:48",
            "label": "Clearance",
            "position": "2988500",
            "half": "2",
            "confidence": "0.7690778970718384"
        },
        {
            "gameTime": "2 - 32:10",
            "label": "Clearance",
            "position": "1930000",
            "half": "2",
            "confidence": "0.7612557411193848"
        },
        {
            "gameTime": "2 - 5:39",
            "label": "Ball out of play",
            "position": "339500",
            "half": "2",
            "confidence": "0.9706478118896484"
        },
        {
            "gameTime": "2 - 25:18",
            "label": "Ball out of play",
            "position": "1518500",
            "half": "2",
            "confidence": "0.9651673436164856"
        },
        {
            "gameTime": "2 - 5:25",
            "label": "Ball out of play",
            "position": "325000",
            "half": "2",
            "confidence": "0.9235434532165527"
        },
        {
            "gameTime": "2 - 4:38",
            "label": "Ball out of play",
            "position": "278500",
            "half": "2",
            "confidence": "0.8953800797462463"
        },
        {
            "gameTime": "2 - 3:46",
            "label": "Ball out of play",
            "position": "226000",
            "half": "2",
            "confidence": "0.8772702217102051"
        },
        {
            "gameTime": "2 - 31:36",
            "label": "Ball out of play",
            "position": "1896500",
            "half": "2",
            "confidence": "0.8691062927246094"
        },
        {
            "gameTime": "2 - 34:0",
            "label": "Ball out of play",
            "position": "2040500",
            "half": "2",
            "confidence": "0.8679329752922058"
        },
        {
            "gameTime": "2 - 36:34",
            "label": "Ball out of play",
            "position": "2194500",
            "half": "2",
            "confidence": "0.8567903637886047"
        },
        {
            "gameTime": "2 - 19:52",
            "label": "Ball out of play",
            "position": "1192000",
            "half": "2",
            "confidence": "0.8556475639343262"
        },
        {
            "gameTime": "2 - 7:48",
            "label": "Ball out of play",
            "position": "468000",
            "half": "2",
            "confidence": "0.8390397429466248"
        },
        {
            "gameTime": "2 - 22:10",
            "label": "Ball out of play",
            "position": "1330500",
            "half": "2",
            "confidence": "0.8332141041755676"
        },
        {
            "gameTime": "2 - 33:48",
            "label": "Ball out of play",
            "position": "2028500",
            "half": "2",
            "confidence": "0.8035584688186646"
        },
        {
            "gameTime": "2 - 42:44",
            "label": "Ball out of play",
            "position": "2564500",
            "half": "2",
            "confidence": "0.7988025546073914"
        },
        {
            "gameTime": "2 - 22:58",
            "label": "Ball out of play",
            "position": "1378500",
            "half": "2",
            "confidence": "0.790981113910675"
        },
        {
            "gameTime": "2 - 34:17",
            "label": "Ball out of play",
            "position": "2057500",
            "half": "2",
            "confidence": "0.7822138071060181"
        },
        {
            "gameTime": "2 - 31:25",
            "label": "Ball out of play",
            "position": "1885500",
            "half": "2",
            "confidence": "0.7797316908836365"
        },
        {
            "gameTime": "2 - 46:26",
            "label": "Ball out of play",
            "position": "2786500",
            "half": "2",
            "confidence": "0.778645396232605"
        },
        {
            "gameTime": "2 - 49:16",
            "label": "Ball out of play",
            "position": "2956500",
            "half": "2",
            "confidence": "0.7765271067619324"
        },
        {
            "gameTime": "2 - 27:56",
            "label": "Ball out of play",
            "position": "1676000",
            "half": "2",
            "confidence": "0.7634998559951782"
        },
        {
            "gameTime": "2 - 36:44",
            "label": "Ball out of play",
            "position": "2204500",
            "half": "2",
            "confidence": "0.7478923797607422"
        },
        {
            "gameTime": "2 - 42:57",
            "label": "Ball out of play",
            "position": "2577000",
            "half": "2",
            "confidence": "0.7456285953521729"
        },
        {
            "gameTime": "2 - 25:28",
            "label": "Ball out of play",
            "position": "1528500",
            "half": "2",
            "confidence": "0.7452412843704224"
        },
        {
            "gameTime": "2 - 10:32",
            "label": "Ball out of play",
            "position": "632000",
            "half": "2",
            "confidence": "0.7375711798667908"
        },
        {
            "gameTime": "2 - 44:30",
            "label": "Ball out of play",
            "position": "2670500",
            "half": "2",
            "confidence": "0.7369222044944763"
        },
        {
            "gameTime": "2 - 18:17",
            "label": "Ball out of play",
            "position": "1097000",
            "half": "2",
            "confidence": "0.7284289598464966"
        },
        {
            "gameTime": "2 - 22:21",
            "label": "Ball out of play",
            "position": "1341500",
            "half": "2",
            "confidence": "0.7167041897773743"
        },
        {
            "gameTime": "2 - 19:36",
            "label": "Ball out of play",
            "position": "1176000",
            "half": "2",
            "confidence": "0.707127571105957"
        },
        {
            "gameTime": "2 - 33:33",
            "label": "Ball out of play",
            "position": "2013000",
            "half": "2",
            "confidence": "0.6991320848464966"
        },
        {
            "gameTime": "2 - 6:49",
            "label": "Ball out of play",
            "position": "409500",
            "half": "2",
            "confidence": "0.6966142654418945"
        },
        {
            "gameTime": "2 - 29:1",
            "label": "Ball out of play",
            "position": "1741500",
            "half": "2",
            "confidence": "0.6955355405807495"
        },
        {
            "gameTime": "2 - 9:47",
            "label": "Ball out of play",
            "position": "587000",
            "half": "2",
            "confidence": "0.6881308555603027"
        },
        {
            "gameTime": "2 - 37:49",
            "label": "Ball out of play",
            "position": "2269000",
            "half": "2",
            "confidence": "0.6806129217147827"
        },
        {
            "gameTime": "2 - 37:59",
            "label": "Ball out of play",
            "position": "2279000",
            "half": "2",
            "confidence": "0.680091142654419"
        },
        {
            "gameTime": "2 - 44:16",
            "label": "Ball out of play",
            "position": "2656000",
            "half": "2",
            "confidence": "0.6625149250030518"
        },
        {
            "gameTime": "2 - 3:35",
            "label": "Ball out of play",
            "position": "215500",
            "half": "2",
            "confidence": "0.654061496257782"
        },
        {
            "gameTime": "2 - 20:23",
            "label": "Ball out of play",
            "position": "1223500",
            "half": "2",
            "confidence": "0.6483737826347351"
        },
        {
            "gameTime": "2 - 14:21",
            "label": "Ball out of play",
            "position": "861000",
            "half": "2",
            "confidence": "0.6255447268486023"
        },
        {
            "gameTime": "2 - 29:12",
            "label": "Ball out of play",
            "position": "1752000",
            "half": "2",
            "confidence": "0.6208823323249817"
        },
        {
            "gameTime": "2 - 45:1",
            "label": "Ball out of play",
            "position": "2701500",
            "half": "2",
            "confidence": "0.6196290850639343"
        },
        {
            "gameTime": "2 - 25:38",
            "label": "Ball out of play",
            "position": "1538500",
            "half": "2",
            "confidence": "0.6068222522735596"
        },
        {
            "gameTime": "2 - 7:37",
            "label": "Ball out of play",
            "position": "457500",
            "half": "2",
            "confidence": "0.6062414050102234"
        },
        {
            "gameTime": "2 - 48:59",
            "label": "Ball out of play",
            "position": "2939500",
            "half": "2",
            "confidence": "0.6041975617408752"
        },
        {
            "gameTime": "2 - 9:27",
            "label": "Ball out of play",
            "position": "567500",
            "half": "2",
            "confidence": "0.5885821580886841"
        },
        {
            "gameTime": "2 - 20:2",
            "label": "Ball out of play",
            "position": "1202000",
            "half": "2",
            "confidence": "0.5794427990913391"
        },
        {
            "gameTime": "2 - 44:1",
            "label": "Ball out of play",
            "position": "2641500",
            "half": "2",
            "confidence": "0.5451021790504456"
        },
        {
            "gameTime": "2 - 9:16",
            "label": "Ball out of play",
            "position": "556000",
            "half": "2",
            "confidence": "0.5386216640472412"
        },
        {
            "gameTime": "2 - 41:11",
            "label": "Ball out of play",
            "position": "2471500",
            "half": "2",
            "confidence": "0.5383182764053345"
        },
        {
            "gameTime": "2 - 28:7",
            "label": "Ball out of play",
            "position": "1687500",
            "half": "2",
            "confidence": "0.5368224382400513"
        },
        {
            "gameTime": "2 - 0:33",
            "label": "Ball out of play",
            "position": "33000",
            "half": "2",
            "confidence": "0.5298454165458679"
        },
        {
            "gameTime": "2 - 31:14",
            "label": "Ball out of play",
            "position": "1874000",
            "half": "2",
            "confidence": "0.5293144583702087"
        },
        {
            "gameTime": "2 - 23:45",
            "label": "Ball out of play",
            "position": "1425500",
            "half": "2",
            "confidence": "0.5247470140457153"
        },
        {
            "gameTime": "2 - 23:30",
            "label": "Ball out of play",
            "position": "1410000",
            "half": "2",
            "confidence": "0.5230097770690918"
        },
        {
            "gameTime": "2 - 23:8",
            "label": "Ball out of play",
            "position": "1388500",
            "half": "2",
            "confidence": "0.5164598822593689"
        },
        {
            "gameTime": "2 - 39:0",
            "label": "Ball out of play",
            "position": "2340000",
            "half": "2",
            "confidence": "0.5134921073913574"
        },
        {
            "gameTime": "2 - 43:27",
            "label": "Ball out of play",
            "position": "2607500",
            "half": "2",
            "confidence": "0.5093838572502136"
        },
        {
            "gameTime": "2 - 9:57",
            "label": "Ball out of play",
            "position": "597000",
            "half": "2",
            "confidence": "0.5072956681251526"
        },
        {
            "gameTime": "2 - 21:8",
            "label": "Ball out of play",
            "position": "1268500",
            "half": "2",
            "confidence": "0.5061213970184326"
        },
        {
            "gameTime": "2 - 36:17",
            "label": "Ball out of play",
            "position": "2177000",
            "half": "2",
            "confidence": "0.503373384475708"
        },
        {
            "gameTime": "2 - 32:52",
            "label": "Ball out of play",
            "position": "1972000",
            "half": "2",
            "confidence": "0.5024296045303345"
        },
        {
            "gameTime": "2 - 36:35",
            "label": "Throw-in",
            "position": "2195000",
            "half": "2",
            "confidence": "0.9636836647987366"
        },
        {
            "gameTime": "2 - 22:43",
            "label": "Throw-in",
            "position": "1363500",
            "half": "2",
            "confidence": "0.9505879878997803"
        },
        {
            "gameTime": "2 - 36:45",
            "label": "Throw-in",
            "position": "2205000",
            "half": "2",
            "confidence": "0.937511146068573"
        },
        {
            "gameTime": "2 - 27:54",
            "label": "Throw-in",
            "position": "1674000",
            "half": "2",
            "confidence": "0.934912919998169"
        },
        {
            "gameTime": "2 - 5:47",
            "label": "Throw-in",
            "position": "347000",
            "half": "2",
            "confidence": "0.9163581132888794"
        },
        {
            "gameTime": "2 - 14:21",
            "label": "Throw-in",
            "position": "861000",
            "half": "2",
            "confidence": "0.8890342712402344"
        },
        {
            "gameTime": "2 - 46:35",
            "label": "Throw-in",
            "position": "2795500",
            "half": "2",
            "confidence": "0.8703216314315796"
        },
        {
            "gameTime": "2 - 36:23",
            "label": "Throw-in",
            "position": "2183500",
            "half": "2",
            "confidence": "0.8666444420814514"
        },
        {
            "gameTime": "2 - 5:31",
            "label": "Throw-in",
            "position": "331000",
            "half": "2",
            "confidence": "0.863604724407196"
        },
        {
            "gameTime": "2 - 49:0",
            "label": "Throw-in",
            "position": "2940000",
            "half": "2",
            "confidence": "0.848706841468811"
        },
        {
            "gameTime": "2 - 42:55",
            "label": "Throw-in",
            "position": "2575000",
            "half": "2",
            "confidence": "0.8257619738578796"
        },
        {
            "gameTime": "2 - 48:9",
            "label": "Throw-in",
            "position": "2889000",
            "half": "2",
            "confidence": "0.7949032783508301"
        },
        {
            "gameTime": "2 - 28:4",
            "label": "Throw-in",
            "position": "1684000",
            "half": "2",
            "confidence": "0.7761694192886353"
        },
        {
            "gameTime": "2 - 3:46",
            "label": "Throw-in",
            "position": "226000",
            "half": "2",
            "confidence": "0.7632530927658081"
        },
        {
            "gameTime": "2 - 27:38",
            "label": "Throw-in",
            "position": "1658500",
            "half": "2",
            "confidence": "0.7497873902320862"
        },
        {
            "gameTime": "2 - 32:51",
            "label": "Throw-in",
            "position": "1971500",
            "half": "2",
            "confidence": "0.7355875372886658"
        },
        {
            "gameTime": "2 - 34:50",
            "label": "Throw-in",
            "position": "2090000",
            "half": "2",
            "confidence": "0.7054780125617981"
        },
        {
            "gameTime": "2 - 47:57",
            "label": "Throw-in",
            "position": "2877500",
            "half": "2",
            "confidence": "0.6913517117500305"
        },
        {
            "gameTime": "2 - 46:25",
            "label": "Throw-in",
            "position": "2785000",
            "half": "2",
            "confidence": "0.6742292642593384"
        },
        {
            "gameTime": "2 - 22:11",
            "label": "Throw-in",
            "position": "1331000",
            "half": "2",
            "confidence": "0.6541897654533386"
        },
        {
            "gameTime": "2 - 42:43",
            "label": "Throw-in",
            "position": "2563500",
            "half": "2",
            "confidence": "0.6513468623161316"
        },
        {
            "gameTime": "2 - 44:54",
            "label": "Throw-in",
            "position": "2694000",
            "half": "2",
            "confidence": "0.6443248391151428"
        },
        {
            "gameTime": "2 - 44:39",
            "label": "Throw-in",
            "position": "2679500",
            "half": "2",
            "confidence": "0.636795163154602"
        },
        {
            "gameTime": "2 - 22:33",
            "label": "Throw-in",
            "position": "1353000",
            "half": "2",
            "confidence": "0.5711005926132202"
        },
        {
            "gameTime": "2 - 49:10",
            "label": "Throw-in",
            "position": "2950000",
            "half": "2",
            "confidence": "0.5689336657524109"
        },
        {
            "gameTime": "2 - 41:10",
            "label": "Throw-in",
            "position": "2470000",
            "half": "2",
            "confidence": "0.5470380783081055"
        },
        {
            "gameTime": "2 - 36:13",
            "label": "Throw-in",
            "position": "2173000",
            "half": "2",
            "confidence": "0.5194523930549622"
        },
        {
            "gameTime": "2 - 18:19",
            "label": "Throw-in",
            "position": "1099000",
            "half": "2",
            "confidence": "0.5124549865722656"
        },
        {
            "gameTime": "2 - 6:1",
            "label": "Foul",
            "position": "361000",
            "half": "2",
            "confidence": "0.9387237429618835"
        },
        {
            "gameTime": "2 - 5:50",
            "label": "Foul",
            "position": "350500",
            "half": "2",
            "confidence": "0.8779491782188416"
        },
        {
            "gameTime": "2 - 40:20",
            "label": "Foul",
            "position": "2420000",
            "half": "2",
            "confidence": "0.8554795384407043"
        },
        {
            "gameTime": "2 - 29:44",
            "label": "Foul",
            "position": "1784000",
            "half": "2",
            "confidence": "0.8493094444274902"
        },
        {
            "gameTime": "2 - 33:9",
            "label": "Foul",
            "position": "1989000",
            "half": "2",
            "confidence": "0.8428060412406921"
        },
        {
            "gameTime": "2 - 48:14",
            "label": "Foul",
            "position": "2894500",
            "half": "2",
            "confidence": "0.814420223236084"
        },
        {
            "gameTime": "2 - 48:24",
            "label": "Foul",
            "position": "2904500",
            "half": "2",
            "confidence": "0.727226197719574"
        },
        {
            "gameTime": "2 - 45:9",
            "label": "Foul",
            "position": "2709500",
            "half": "2",
            "confidence": "0.7268710732460022"
        },
        {
            "gameTime": "2 - 4:5",
            "label": "Foul",
            "position": "245000",
            "half": "2",
            "confidence": "0.7003688216209412"
        },
        {
            "gameTime": "2 - 33:23",
            "label": "Foul",
            "position": "2003000",
            "half": "2",
            "confidence": "0.6534648537635803"
        },
        {
            "gameTime": "2 - 6:11",
            "label": "Foul",
            "position": "371000",
            "half": "2",
            "confidence": "0.6235632300376892"
        },
        {
            "gameTime": "2 - 4:15",
            "label": "Foul",
            "position": "255500",
            "half": "2",
            "confidence": "0.5876897573471069"
        },
        {
            "gameTime": "2 - 48:51",
            "label": "Foul",
            "position": "2931500",
            "half": "2",
            "confidence": "0.5673052668571472"
        },
        {
            "gameTime": "2 - 29:54",
            "label": "Foul",
            "position": "1794000",
            "half": "2",
            "confidence": "0.5571020841598511"
        },
        {
            "gameTime": "2 - 30:15",
            "label": "Foul",
            "position": "1815500",
            "half": "2",
            "confidence": "0.5520915985107422"
        },
        {
            "gameTime": "2 - 40:47",
            "label": "Indirect free-kick",
            "position": "2447500",
            "half": "2",
            "confidence": "0.5753927230834961"
        },
        {
            "gameTime": "2 - 34:54",
            "label": "Indirect free-kick",
            "position": "2094000",
            "half": "2",
            "confidence": "0.5001044869422913"
        },
        {
            "gameTime": "2 - 47:20",
            "label": "Direct free-kick",
            "position": "2840000",
            "half": "2",
            "confidence": "0.5556076169013977"
        },
        {
            "gameTime": "2 - 0:58",
            "label": "Corner",
            "position": "58000",
            "half": "2",
            "confidence": "0.951291024684906"
        },
        {
            "gameTime": "2 - 25:37",
            "label": "Corner",
            "position": "1537000",
            "half": "2",
            "confidence": "0.9487661719322205"
        },
        {
            "gameTime": "2 - 9:44",
            "label": "Corner",
            "position": "584500",
            "half": "2",
            "confidence": "0.94648677110672"
        },
        {
            "gameTime": "2 - 21:32",
            "label": "Corner",
            "position": "1292500",
            "half": "2",
            "confidence": "0.9083287715911865"
        },
        {
            "gameTime": "2 - 1:8",
            "label": "Corner",
            "position": "68000",
            "half": "2",
            "confidence": "0.8552762269973755"
        },
        {
            "gameTime": "2 - 9:54",
            "label": "Corner",
            "position": "594500",
            "half": "2",
            "confidence": "0.7934133410453796"
        },
        {
            "gameTime": "2 - 22:17",
            "label": "Corner",
            "position": "1337000",
            "half": "2",
            "confidence": "0.669197142124176"
        },
        {
            "gameTime": "2 - 25:26",
            "label": "Corner",
            "position": "1526000",
            "half": "2",
            "confidence": "0.6609480977058411"
        },
        {
            "gameTime": "2 - 10:14",
            "label": "Corner",
            "position": "614000",
            "half": "2",
            "confidence": "0.578561007976532"
        },
        {
            "gameTime": "2 - 21:45",
            "label": "Corner",
            "position": "1305000",
            "half": "2",
            "confidence": "0.5638421773910522"
        },
        {
            "gameTime": "2 - 22:27",
            "label": "Corner",
            "position": "1347500",
            "half": "2",
            "confidence": "0.5289579629898071"
        },
        {
            "gameTime": "2 - 46:56",
            "label": "Yellow card",
            "position": "2816000",
            "half": "2",
            "confidence": "0.9970887303352356"
        },
        {
            "gameTime": "2 - 46:45",
            "label": "Yellow card",
            "position": "2805500",
            "half": "2",
            "confidence": "0.9917593598365784"
        },
        {
            "gameTime": "2 - 48:49",
            "label": "Yellow card",
            "position": "2929000",
            "half": "2",
            "confidence": "0.8784292340278625"
        },
        {
            "gameTime": "2 - 40:12",
            "label": "Yellow card",
            "position": "2412500",
            "half": "2",
            "confidence": "0.7621025443077087"
        },
        {
            "gameTime": "2 - 48:32",
            "label": "Yellow card",
            "position": "2912000",
            "half": "2",
            "confidence": "0.664931058883667"
        },
        {
            "gameTime": "2 - 47:6",
            "label": "Yellow card",
            "position": "2826000",
            "half": "2",
            "confidence": "0.6315838098526001"
        },
        {
            "gameTime": "2 - 40:28",
            "label": "Yellow card",
            "position": "2428500",
            "half": "2",
            "confidence": "0.6135622262954712"
        },
        {
            "gameTime": "2 - 48:16",
            "label": "Yellow card",
            "position": "2896000",
            "half": "2",
            "confidence": "0.5578317046165466"
        }
    ]
}