{
    "UrlLocal": "spain_laliga/2019-2020/2019-10-05 - 18-00 Real Madrid 4 - 2 Granada",
    "predictions": [
        {
            "gameTime": "1 - 42:40",
            "label": "card",
            "position": "2560000",
            "half": "1",
            "confidence": "0.9782967567443848"
        },
        {
            "gameTime": "1 - 42:28",
            "label": "card",
            "position": "2548000",
            "half": "1",
            "confidence": "0.9743993878364563"
        },
        {
            "gameTime": "1 - 45:11",
            "label": "subs",
            "position": "2711000",
            "half": "1",
            "confidence": "0.8209365010261536"
        },
        {
            "gameTime": "1 - 5:34",
            "label": "subs",
            "position": "334500",
            "half": "1",
            "confidence": "0.6626786589622498"
        },
        {
            "gameTime": "1 - 33:41",
            "label": "subs",
            "position": "2021000",
            "half": "1",
            "confidence": "0.5397728681564331"
        },
        {
            "gameTime": "1 - 45:47",
            "label": "soccer",
            "position": "2747000",
            "half": "1",
            "confidence": "0.9120576977729797"
        },
        {
            "gameTime": "1 - 1:48",
            "label": "soccer",
            "position": "108500",
            "half": "1",
            "confidence": "0.6729872226715088"
        },
        {
            "gameTime": "2 - 26:55",
            "label": "card",
            "position": "1615500",
            "half": "2",
            "confidence": "0.9411054253578186"
        },
        {
            "gameTime": "2 - 8:15",
            "label": "card",
            "position": "495500",
            "half": "2",
            "confidence": "0.909652829170227"
        },
        {
            "gameTime": "2 - 27:5",
            "label": "card",
            "position": "1625500",
            "half": "2",
            "confidence": "0.8797391057014465"
        },
        {
            "gameTime": "2 - 8:25",
            "label": "card",
            "position": "505500",
            "half": "2",
            "confidence": "0.8680025935173035"
        },
        {
            "gameTime": "2 - 28:3",
            "label": "card",
            "position": "1683000",
            "half": "2",
            "confidence": "0.7477098703384399"
        },
        {
            "gameTime": "2 - 10:40",
            "label": "card",
            "position": "640000",
            "half": "2",
            "confidence": "0.6406853795051575"
        },
        {
            "gameTime": "2 - 11:40",
            "label": "card",
            "position": "700000",
            "half": "2",
            "confidence": "0.6203880310058594"
        },
        {
            "gameTime": "2 - 11:50",
            "label": "card",
            "position": "710000",
            "half": "2",
            "confidence": "0.5012231469154358"
        },
        {
            "gameTime": "2 - 31:54",
            "label": "subs",
            "position": "1914500",
            "half": "2",
            "confidence": "0.9297723770141602"
        },
        {
            "gameTime": "2 - 31:44",
            "label": "subs",
            "position": "1904000",
            "half": "2",
            "confidence": "0.8911033272743225"
        },
        {
            "gameTime": "2 - 18:6",
            "label": "subs",
            "position": "1086000",
            "half": "2",
            "confidence": "0.7619807720184326"
        },
        {
            "gameTime": "2 - 14:49",
            "label": "subs",
            "position": "889500",
            "half": "2",
            "confidence": "0.7557572722434998"
        },
        {
            "gameTime": "2 - 24:22",
            "label": "subs",
            "position": "1462000",
            "half": "2",
            "confidence": "0.7428787350654602"
        },
        {
            "gameTime": "2 - 5:43",
            "label": "subs",
            "position": "343000",
            "half": "2",
            "confidence": "0.6653386354446411"
        },
        {
            "gameTime": "2 - 36:53",
            "label": "subs",
            "position": "2213500",
            "half": "2",
            "confidence": "0.656100869178772"
        },
        {
            "gameTime": "2 - 18:22",
            "label": "subs",
            "position": "1102500",
            "half": "2",
            "confidence": "0.6142485737800598"
        },
        {
            "gameTime": "2 - 12:38",
            "label": "subs",
            "position": "758000",
            "half": "2",
            "confidence": "0.5922374129295349"
        },
        {
            "gameTime": "2 - 5:32",
            "label": "subs",
            "position": "332000",
            "half": "2",
            "confidence": "0.5860487222671509"
        },
        {
            "gameTime": "2 - 18:33",
            "label": "subs",
            "position": "1113500",
            "half": "2",
            "confidence": "0.5856997966766357"
        },
        {
            "gameTime": "2 - 24:8",
            "label": "subs",
            "position": "1448500",
            "half": "2",
            "confidence": "0.5817214846611023"
        },
        {
            "gameTime": "2 - 44:31",
            "label": "subs",
            "position": "2671000",
            "half": "2",
            "confidence": "0.5738703012466431"
        },
        {
            "gameTime": "2 - 37:20",
            "label": "subs",
            "position": "2240000",
            "half": "2",
            "confidence": "0.5385948419570923"
        },
        {
            "gameTime": "2 - 47:30",
            "label": "subs",
            "position": "2850000",
            "half": "2",
            "confidence": "0.5182212591171265"
        },
        {
            "gameTime": "2 - 15:23",
            "label": "soccer",
            "position": "923500",
            "half": "2",
            "confidence": "0.9492771029472351"
        },
        {
            "gameTime": "2 - 46:53",
            "label": "soccer",
            "position": "2813500",
            "half": "2",
            "confidence": "0.8004622459411621"
        },
        {
            "gameTime": "2 - 14:41",
            "label": "soccer",
            "position": "881000",
            "half": "2",
            "confidence": "0.5476595759391785"
        }
    ]
}