{
    "UrlLocal": "europe_uefa-champions-league/2016-2017/2017-05-09 - 18-00 Juventus 2 - 1 Monaco",
    "UrlYoutube": "",
    "annotations": [
        {
            "change_type": "",
            "gameTime": "1 - 01:12",
            "label": "",
            "position": "72068",
            "replay": "real-time"
        },
        {
            "change_type": "",
            "gameTime": "1 - 01:17",
            "label": "",
            "link": "",
            "position": "77885",
            "replay": "replay"
        },
        {
            "change_type": "",
            "gameTime": "1 - 01:32",
            "label": "",
            "link": "",
            "position": "92960",
            "replay": "replay"
        },
        {
            "change_type": "",
            "gameTime": "1 - 04:34",
            "label": "",
            "position": "274240",
            "replay": "real-time"
        },
        {
            "change_type": "",
            "gameTime": "1 - 04:44",
            "label": "",
            "link": "",
            "position": "284036",
            "replay": "replay"
        },
        {
            "change_type": "",
            "gameTime": "1 - 04:49",
            "label": "",
            "link": "",
            "position": "289101",
            "replay": "replay"
        },
        {
            "change_type": "",
            "gameTime": "1 - 04:52",
            "label": "",
            "position": "292139",
            "replay": "other"
        },
        {
            "change_type": "",
            "gameTime": "1 - 06:36",
            "label": "",
            "position": "396966",
            "replay": "real-time"
        },
        {
            "change_type": "",
            "gameTime": "1 - 06:41",
            "label": "",
            "link": "",
            "position": "401253",
            "replay": "replay"
        },
        {
            "change_type": "",
            "gameTime": "1 - 06:47",
            "label": "",
            "link": "",
            "position": "407712",
            "replay": "replay"
        },
        {
            "change_type": "",
            "gameTime": "1 - 06:50",
            "label": "",
            "position": "410543",
            "replay": "other"
        },
        {
            "change_type": "",
            "gameTime": "1 - 08:19",
            "label": "",
            "position": "499393",
            "replay": "real-time"
        },
        {
            "change_type": "",
            "gameTime": "1 - 08:30",
            "label": "",
            "link": "",
            "position": "510456",
            "replay": "replay"
        },
        {
            "change_type": "",
            "gameTime": "1 - 09:09",
            "label": "",
            "position": "549493",
            "replay": "real-time"
        },
        {
            "change_type": "",
            "gameTime": "1 - 09:16",
            "label": "",
            "link": "",
            "position": "556374",
            "replay": "replay"
        },
        {
            "change_type": "",
            "gameTime": "1 - 12:01",
            "label": "",
            "position": "721718",
            "replay": "real-time"
        },
        {
            "change_type": "",
            "gameTime": "1 - 12:10",
            "label": "",
            "link": "",
            "position": "730138",
            "replay": "replay"
        },
        {
            "change_type": "",
            "gameTime": "1 - 12:13",
            "label": "",
            "position": "733040",
            "replay": "other"
        },
        {
            "change_type": "",
            "gameTime": "1 - 14:50",
            "label": "",
            "position": "890660",
            "replay": "real-time"
        },
        {
            "change_type": "",
            "gameTime": "1 - 14:59",
            "label": "",
            "link": "",
            "position": "899173",
            "replay": "replay"
        },
        {
            "change_type": "",
            "gameTime": "1 - 15:03",
            "label": "",
            "position": "903059",
            "replay": "other"
        },
        {
            "change_type": "",
            "gameTime": "1 - 15:51",
            "label": "",
            "position": "951571",
            "replay": "real-time"
        },
        {
            "change_type": "",
            "gameTime": "1 - 15:56",
            "label": "",
            "link": "",
            "position": "956201",
            "replay": "replay"
        },
        {
            "change_type": "",
            "gameTime": "1 - 16:06",
            "label": "",
            "link": "",
            "position": "966847",
            "replay": "replay"
        },
        {
            "change_type": "",
            "gameTime": "1 - 18:00",
            "label": "",
            "position": "1080905",
            "replay": "real-time"
        },
        {
            "change_type": "",
            "gameTime": "1 - 18:05",
            "label": "",
            "link": "",
            "position": "1085775",
            "replay": "replay"
        },
        {
            "change_type": "",
            "gameTime": "1 - 18:10",
            "label": "",
            "link": "",
            "position": "1090202",
            "replay": "replay"
        },
        {
            "change_type": "",
            "gameTime": "1 - 19:03",
            "label": "",
            "position": "1143121",
            "replay": "real-time"
        },
        {
            "change_type": "",
            "gameTime": "1 - 19:07",
            "label": "",
            "link": "",
            "position": "1147702",
            "replay": "replay"
        },
        {
            "change_type": "",
            "gameTime": "1 - 19:12",
            "label": "",
            "link": "",
            "position": "1152704",
            "replay": "replay"
        },
        {
            "change_type": "",
            "gameTime": "1 - 21:27",
            "label": "",
            "position": "1287797",
            "replay": "real-time"
        },
        {
            "change_type": "",
            "gameTime": "1 - 21:32",
            "label": "",
            "link": "",
            "position": "1292896",
            "replay": "replay"
        },
        {
            "change_type": "",
            "gameTime": "1 - 24:39",
            "label": "",
            "position": "1479172",
            "replay": "real-time"
        },
        {
            "change_type": "",
            "gameTime": "1 - 24:47",
            "label": "",
            "link": "",
            "position": "1487290",
            "replay": "replay"
        },
        {
            "change_type": "",
            "gameTime": "1 - 24:55",
            "label": "",
            "link": "",
            "position": "1495220",
            "replay": "replay"
        },
        {
            "change_type": "",
            "gameTime": "1 - 25:02",
            "label": "",
            "link": "",
            "position": "1502175",
            "replay": "replay"
        },
        {
            "change_type": "",
            "gameTime": "1 - 25:17",
            "label": "",
            "position": "1517664",
            "replay": "real-time"
        },
        {
            "change_type": "",
            "gameTime": "1 - 25:21",
            "label": "",
            "link": "",
            "position": "1521482",
            "replay": "replay"
        },
        {
            "change_type": "",
            "gameTime": "1 - 25:25",
            "label": "",
            "link": "",
            "position": "1525420",
            "replay": "replay"
        },
        {
            "change_type": "",
            "gameTime": "1 - 25:29",
            "label": "",
            "position": "1529530",
            "replay": "other"
        },
        {
            "change_type": "",
            "gameTime": "1 - 26:30",
            "label": "",
            "position": "1590233",
            "replay": "real-time"
        },
        {
            "change_type": "",
            "gameTime": "1 - 26:36",
            "label": "",
            "link": "",
            "position": "1596211",
            "replay": "replay"
        },
        {
            "change_type": "",
            "gameTime": "1 - 26:39",
            "label": "",
            "position": "1599664",
            "replay": "other"
        },
        {
            "change_type": "",
            "gameTime": "1 - 27:26",
            "label": "",
            "position": "1646493",
            "replay": "real-time"
        },
        {
            "change_type": "",
            "gameTime": "1 - 27:33",
            "label": "",
            "link": "",
            "position": "1653498",
            "replay": "replay"
        },
        {
            "change_type": "",
            "gameTime": "1 - 27:38",
            "label": "",
            "link": "",
            "position": "1658710",
            "replay": "replay"
        },
        {
            "change_type": "",
            "gameTime": "1 - 27:42",
            "label": "",
            "position": "1662046",
            "replay": "other"
        },
        {
            "change_type": "",
            "gameTime": "1 - 27:44",
            "label": "",
            "position": "1664996",
            "replay": "other"
        },
        {
            "change_type": "",
            "gameTime": "1 - 29:17",
            "label": "",
            "position": "1757880",
            "replay": "real-time"
        },
        {
            "change_type": "",
            "gameTime": "1 - 29:23",
            "label": "",
            "link": "",
            "position": "1763684",
            "replay": "replay"
        },
        {
            "change_type": "",
            "gameTime": "1 - 29:27",
            "label": "",
            "position": "1767491",
            "replay": "real-time"
        },
        {
            "change_type": "",
            "gameTime": "1 - 29:37",
            "label": "",
            "link": "",
            "position": "1777900",
            "replay": "replay"
        },
        {
            "change_type": "",
            "gameTime": "1 - 30:21",
            "label": "",
            "position": "1821313",
            "replay": "real-time"
        },
        {
            "change_type": "",
            "gameTime": "1 - 30:30",
            "label": "",
            "link": "",
            "position": "1830620",
            "replay": "replay"
        },
        {
            "change_type": "",
            "gameTime": "1 - 30:36",
            "label": "",
            "link": "",
            "position": "1836282",
            "replay": "replay"
        },
        {
            "change_type": "",
            "gameTime": "1 - 30:40",
            "label": "",
            "link": "",
            "position": "1840073",
            "replay": "replay"
        },
        {
            "change_type": "",
            "gameTime": "1 - 30:42",
            "label": "",
            "position": "1842678",
            "replay": "other"
        },
        {
            "change_type": "",
            "gameTime": "1 - 31:42",
            "label": "",
            "position": "1902170",
            "replay": "real-time"
        },
        {
            "change_type": "",
            "gameTime": "1 - 31:46",
            "label": "",
            "link": "",
            "position": "1906680",
            "replay": "replay"
        },
        {
            "change_type": "",
            "gameTime": "1 - 31:50",
            "label": "",
            "position": "1910726",
            "replay": "other"
        },
        {
            "change_type": "",
            "gameTime": "1 - 32:57",
            "label": "",
            "position": "1977341",
            "replay": "real-time"
        },
        {
            "change_type": "",
            "gameTime": "1 - 33:01",
            "label": "",
            "link": "",
            "position": "1981130",
            "replay": "replay"
        },
        {
            "change_type": "",
            "gameTime": "1 - 33:21",
            "label": "",
            "link": "",
            "position": "2001929",
            "replay": "replay"
        },
        {
            "change_type": "",
            "gameTime": "1 - 33:32",
            "label": "",
            "link": "",
            "position": "2012697",
            "replay": "replay"
        },
        {
            "change_type": "",
            "gameTime": "1 - 33:39",
            "label": "",
            "link": "",
            "position": "2019794",
            "replay": "replay"
        },
        {
            "change_type": "",
            "gameTime": "1 - 35:22",
            "label": "",
            "position": "2122924",
            "replay": "real-time"
        },
        {
            "change_type": "",
            "gameTime": "1 - 35:32",
            "label": "",
            "link": "",
            "position": "2132600",
            "replay": "replay"
        },
        {
            "change_type": "",
            "gameTime": "1 - 35:35",
            "label": "",
            "position": "2135185",
            "replay": "other"
        },
        {
            "change_type": "",
            "gameTime": "1 - 39:45",
            "label": "",
            "position": "2385602",
            "replay": "real-time"
        },
        {
            "change_type": "",
            "gameTime": "1 - 39:50",
            "label": "",
            "link": "",
            "position": "2390032",
            "replay": "replay"
        },
        {
            "change_type": "",
            "gameTime": "1 - 39:56",
            "label": "",
            "link": "",
            "position": "2396525",
            "replay": "replay"
        },
        {
            "change_type": "",
            "gameTime": "1 - 41:31",
            "label": "",
            "position": "2491632",
            "replay": "real-time"
        },
        {
            "change_type": "",
            "gameTime": "1 - 41:39",
            "label": "",
            "link": "",
            "position": "2499129",
            "replay": "replay"
        },
        {
            "change_type": "",
            "gameTime": "1 - 42:10",
            "label": "",
            "position": "2530322",
            "replay": "real-time"
        },
        {
            "change_type": "",
            "gameTime": "1 - 42:18",
            "label": "",
            "link": "",
            "position": "2538093",
            "replay": "replay"
        },
        {
            "change_type": "",
            "gameTime": "1 - 42:27",
            "label": "",
            "link": "",
            "position": "2547113",
            "replay": "replay"
        },
        {
            "change_type": "",
            "gameTime": "1 - 43:28",
            "label": "",
            "position": "2608726",
            "replay": "real-time"
        },
        {
            "change_type": "",
            "gameTime": "1 - 43:36",
            "label": "",
            "link": "",
            "position": "2616224",
            "replay": "replay"
        },
        {
            "change_type": "",
            "gameTime": "1 - 43:43",
            "label": "",
            "link": "",
            "position": "2623952",
            "replay": "replay"
        },
        {
            "change_type": "",
            "gameTime": "1 - 43:46",
            "label": "",
            "position": "2626670",
            "replay": "other"
        },
        {
            "change_type": "",
            "gameTime": "1 - 44:29",
            "label": "",
            "position": "2669666",
            "replay": "real-time"
        },
        {
            "change_type": "",
            "gameTime": "1 - 44:35",
            "label": "",
            "link": "",
            "position": "2675956",
            "replay": "replay"
        },
        {
            "change_type": "",
            "gameTime": "1 - 44:43",
            "label": "",
            "link": "",
            "position": "2683297",
            "replay": "replay"
        },
        {
            "change_type": "",
            "gameTime": "1 - 44:45",
            "label": "",
            "link": "",
            "position": "2685767",
            "replay": "replay"
        },
        {
            "change_type": "",
            "gameTime": "1 - 46:00",
            "label": "",
            "position": "2760392",
            "replay": "real-time"
        },
        {
            "change_type": "",
            "gameTime": "1 - 46:06",
            "label": "",
            "link": "",
            "position": "2766840",
            "replay": "replay"
        },
        {
            "change_type": "",
            "gameTime": "2 - 01:01",
            "label": "",
            "position": "61947",
            "replay": "real-time"
        },
        {
            "change_type": "",
            "gameTime": "2 - 01:07",
            "label": "",
            "link": "",
            "position": "67891",
            "replay": "replay"
        },
        {
            "change_type": "",
            "gameTime": "2 - 01:13",
            "label": "",
            "link": "",
            "position": "73369",
            "replay": "replay"
        },
        {
            "change_type": "",
            "gameTime": "2 - 03:30",
            "label": "",
            "position": "210172",
            "replay": "real-time"
        },
        {
            "change_type": "",
            "gameTime": "2 - 03:35",
            "label": "",
            "link": "",
            "position": "215965",
            "replay": "replay"
        },
        {
            "change_type": "",
            "gameTime": "2 - 03:40",
            "label": "",
            "position": "220235",
            "replay": "real-time"
        },
        {
            "change_type": "",
            "gameTime": "2 - 03:44",
            "label": "",
            "position": "224860",
            "replay": "other"
        },
        {
            "change_type": "",
            "gameTime": "2 - 06:08",
            "label": "",
            "position": "368079",
            "replay": "real-time"
        },
        {
            "change_type": "",
            "gameTime": "2 - 06:11",
            "label": "",
            "link": "",
            "position": "371823",
            "replay": "replay"
        },
        {
            "change_type": "",
            "gameTime": "2 - 06:16",
            "label": "",
            "link": "",
            "position": "376200",
            "replay": "replay"
        },
        {
            "change_type": "",
            "gameTime": "2 - 06:20",
            "label": "",
            "position": "380404",
            "replay": "real-time"
        },
        {
            "change_type": "",
            "gameTime": "2 - 06:27",
            "label": "",
            "position": "387004",
            "replay": "other"
        },
        {
            "change_type": "",
            "gameTime": "2 - 06:32",
            "label": "",
            "position": "392792",
            "replay": "other"
        },
        {
            "change_type": "",
            "gameTime": "2 - 06:35",
            "label": "",
            "position": "395649",
            "replay": "other"
        },
        {
            "change_type": "",
            "gameTime": "2 - 09:39",
            "label": "",
            "position": "579086",
            "replay": "real-time"
        },
        {
            "change_type": "",
            "gameTime": "2 - 09:48",
            "label": "",
            "link": "",
            "position": "588430",
            "replay": "replay"
        },
        {
            "change_type": "",
            "gameTime": "2 - 09:54",
            "label": "",
            "link": "",
            "position": "594699",
            "replay": "replay"
        },
        {
            "change_type": "",
            "gameTime": "2 - 09:58",
            "label": "",
            "position": "598235",
            "replay": "other"
        },
        {
            "change_type": "",
            "gameTime": "2 - 11:14",
            "label": "",
            "position": "674658",
            "replay": "real-time"
        },
        {
            "change_type": "",
            "gameTime": "2 - 11:19",
            "label": "",
            "link": "",
            "position": "679816",
            "replay": "replay"
        },
        {
            "change_type": "",
            "gameTime": "2 - 11:23",
            "label": "",
            "position": "683695",
            "replay": "other"
        },
        {
            "change_type": "",
            "gameTime": "2 - 11:27",
            "label": "",
            "position": "687772",
            "replay": "other"
        },
        {
            "change_type": "",
            "gameTime": "2 - 12:51",
            "label": "",
            "position": "771519",
            "replay": "real-time"
        },
        {
            "change_type": "",
            "gameTime": "2 - 12:55",
            "label": "",
            "link": "",
            "position": "775319",
            "replay": "replay"
        },
        {
            "change_type": "",
            "gameTime": "2 - 13:02",
            "label": "",
            "position": "782062",
            "replay": "other"
        },
        {
            "change_type": "",
            "gameTime": "2 - 15:12",
            "label": "",
            "position": "912060",
            "replay": "real-time"
        },
        {
            "change_type": "",
            "gameTime": "2 - 15:18",
            "label": "",
            "link": "",
            "position": "918391",
            "replay": "replay"
        },
        {
            "change_type": "",
            "gameTime": "2 - 16:10",
            "label": "",
            "position": "970854",
            "replay": "real-time"
        },
        {
            "change_type": "",
            "gameTime": "2 - 16:17",
            "label": "",
            "link": "",
            "position": "977291",
            "replay": "replay"
        },
        {
            "change_type": "",
            "gameTime": "2 - 17:13",
            "label": "",
            "position": "1033590",
            "replay": "real-time"
        },
        {
            "change_type": "",
            "gameTime": "2 - 17:21",
            "label": "",
            "link": "",
            "position": "1041437",
            "replay": "replay"
        },
        {
            "change_type": "",
            "gameTime": "2 - 17:25",
            "label": "",
            "position": "1045682",
            "replay": "other"
        },
        {
            "change_type": "",
            "gameTime": "2 - 17:28",
            "label": "",
            "position": "1048663",
            "replay": "other"
        },
        {
            "change_type": "",
            "gameTime": "2 - 21:54",
            "label": "",
            "position": "1314221",
            "replay": "real-time"
        },
        {
            "change_type": "",
            "gameTime": "2 - 22:00",
            "label": "",
            "link": "",
            "position": "1320116",
            "replay": "replay"
        },
        {
            "change_type": "",
            "gameTime": "2 - 22:04",
            "label": "",
            "position": "1324327",
            "replay": "other"
        },
        {
            "change_type": "",
            "gameTime": "2 - 22:08",
            "label": "",
            "position": "1328381",
            "replay": "other"
        },
        {
            "change_type": "",
            "gameTime": "2 - 23:24",
            "label": "",
            "position": "1404250",
            "replay": "real-time"
        },
        {
            "change_type": "",
            "gameTime": "2 - 23:31",
            "label": "",
            "link": "",
            "position": "1411190",
            "replay": "replay"
        },
        {
            "change_type": "",
            "gameTime": "2 - 23:35",
            "label": "",
            "link": "",
            "position": "1415036",
            "replay": "replay"
        },
        {
            "change_type": "",
            "gameTime": "2 - 23:37",
            "label": "",
            "link": "",
            "position": "1417654",
            "replay": "replay"
        },
        {
            "change_type": "",
            "gameTime": "2 - 23:43",
            "label": "",
            "link": "",
            "position": "1423737",
            "replay": "replay"
        },
        {
            "change_type": "",
            "gameTime": "2 - 25:35",
            "label": "",
            "position": "1535611",
            "replay": "real-time"
        },
        {
            "change_type": "",
            "gameTime": "2 - 25:41",
            "label": "",
            "link": "",
            "position": "1541548",
            "replay": "replay"
        },
        {
            "change_type": "",
            "gameTime": "2 - 25:48",
            "label": "",
            "position": "1548329",
            "replay": "other"
        },
        {
            "change_type": "",
            "gameTime": "2 - 26:57",
            "label": "",
            "position": "1617896",
            "replay": "real-time"
        },
        {
            "change_type": "",
            "gameTime": "2 - 27:06",
            "label": "",
            "link": "",
            "position": "1626399",
            "replay": "replay"
        },
        {
            "change_type": "",
            "gameTime": "2 - 27:14",
            "label": "",
            "link": "",
            "position": "1634166",
            "replay": "replay"
        },
        {
            "change_type": "",
            "gameTime": "2 - 27:18",
            "label": "",
            "position": "1638990",
            "replay": "real-time"
        },
        {
            "change_type": "",
            "gameTime": "2 - 27:25",
            "label": "",
            "link": "",
            "position": "1645905",
            "replay": "replay"
        },
        {
            "change_type": "",
            "gameTime": "2 - 27:32",
            "label": "",
            "link": "",
            "position": "1652379",
            "replay": "replay"
        },
        {
            "change_type": "",
            "gameTime": "2 - 27:38",
            "label": "",
            "link": "",
            "position": "1658373",
            "replay": "replay"
        },
        {
            "change_type": "",
            "gameTime": "2 - 27:56",
            "label": "",
            "link": "",
            "position": "1676138",
            "replay": "replay"
        },
        {
            "change_type": "",
            "gameTime": "2 - 28:07",
            "label": "",
            "position": "1687980",
            "replay": "real-time"
        },
        {
            "change_type": "",
            "gameTime": "2 - 28:12",
            "label": "",
            "link": "",
            "position": "1692701",
            "replay": "replay"
        },
        {
            "change_type": "",
            "gameTime": "2 - 28:26",
            "label": "",
            "position": "1706634",
            "replay": "real-time"
        },
        {
            "change_type": "",
            "gameTime": "2 - 28:34",
            "label": "",
            "link": "",
            "position": "1714548",
            "replay": "replay"
        },
        {
            "change_type": "",
            "gameTime": "2 - 28:44",
            "label": "",
            "position": "1724389",
            "replay": "other"
        },
        {
            "change_type": "",
            "gameTime": "2 - 31:08",
            "label": "",
            "position": "1868037",
            "replay": "real-time"
        },
        {
            "change_type": "",
            "gameTime": "2 - 31:12",
            "label": "",
            "link": "",
            "position": "1872051",
            "replay": "replay"
        },
        {
            "change_type": "",
            "gameTime": "2 - 31:15",
            "label": "",
            "link": "",
            "position": "1875831",
            "replay": "replay"
        },
        {
            "change_type": "",
            "gameTime": "2 - 31:19",
            "label": "",
            "position": "1879483",
            "replay": "other"
        },
        {
            "change_type": "",
            "gameTime": "2 - 31:23",
            "label": "",
            "position": "1883088",
            "replay": "other"
        },
        {
            "change_type": "",
            "gameTime": "2 - 31:24",
            "label": "",
            "position": "1884976",
            "replay": "other"
        },
        {
            "change_type": "",
            "gameTime": "2 - 31:37",
            "label": "",
            "position": "1897379",
            "replay": "real-time"
        },
        {
            "change_type": "",
            "gameTime": "2 - 31:43",
            "label": "",
            "link": "",
            "position": "1903517",
            "replay": "replay"
        },
        {
            "change_type": "",
            "gameTime": "2 - 34:11",
            "label": "",
            "position": "2051731",
            "replay": "real-time"
        },
        {
            "change_type": "",
            "gameTime": "2 - 34:18",
            "label": "",
            "link": "",
            "position": "2058203",
            "replay": "replay"
        },
        {
            "change_type": "",
            "gameTime": "2 - 34:23",
            "label": "",
            "link": "",
            "position": "2063026",
            "replay": "replay"
        },
        {
            "change_type": "",
            "gameTime": "2 - 35:43",
            "label": "",
            "position": "2143972",
            "replay": "real-time"
        },
        {
            "change_type": "",
            "gameTime": "2 - 35:50",
            "label": "",
            "link": "",
            "position": "2150056",
            "replay": "replay"
        },
        {
            "change_type": "",
            "gameTime": "2 - 35:55",
            "label": "",
            "link": "",
            "position": "2155001",
            "replay": "replay"
        },
        {
            "change_type": "",
            "gameTime": "2 - 36:42",
            "label": "",
            "position": "2202551",
            "replay": "real-time"
        },
        {
            "change_type": "",
            "gameTime": "2 - 36:51",
            "label": "",
            "link": "",
            "position": "2211706",
            "replay": "replay"
        },
        {
            "change_type": "",
            "gameTime": "2 - 36:57",
            "label": "",
            "position": "2217062",
            "replay": "other"
        },
        {
            "change_type": "",
            "gameTime": "2 - 38:32",
            "label": "",
            "position": "2312681",
            "replay": "real-time"
        },
        {
            "change_type": "",
            "gameTime": "2 - 38:38",
            "label": "",
            "link": "",
            "position": "2318577",
            "replay": "replay"
        },
        {
            "change_type": "",
            "gameTime": "2 - 38:41",
            "label": "",
            "link": "",
            "position": "2321944",
            "replay": "replay"
        },
        {
            "change_type": "",
            "gameTime": "2 - 38:52",
            "label": "",
            "position": "2332656",
            "replay": "real-time"
        },
        {
            "change_type": "",
            "gameTime": "2 - 38:57",
            "label": "",
            "position": "2337747",
            "replay": "other"
        },
        {
            "change_type": "",
            "gameTime": "2 - 39:04",
            "label": "",
            "position": "2344001",
            "replay": "other"
        },
        {
            "change_type": "",
            "gameTime": "2 - 40:20",
            "label": "",
            "position": "2420731",
            "replay": "real-time"
        },
        {
            "change_type": "",
            "gameTime": "2 - 40:30",
            "label": "",
            "position": "2430749",
            "replay": "other"
        },
        {
            "change_type": "",
            "gameTime": "2 - 41:13",
            "label": "",
            "position": "2473569",
            "replay": "real-time"
        },
        {
            "change_type": "",
            "gameTime": "2 - 41:19",
            "label": "",
            "link": "",
            "position": "2479801",
            "replay": "replay"
        },
        {
            "change_type": "",
            "gameTime": "2 - 41:47",
            "label": "",
            "position": "2507738",
            "replay": "real-time"
        },
        {
            "change_type": "",
            "gameTime": "2 - 41:57",
            "label": "",
            "position": "2517585",
            "replay": "other"
        },
        {
            "change_type": "",
            "gameTime": "2 - 42:46",
            "label": "",
            "position": "2566013",
            "replay": "real-time"
        },
        {
            "change_type": "",
            "gameTime": "2 - 42:52",
            "label": "",
            "link": "",
            "position": "2572471",
            "replay": "replay"
        },
        {
            "change_type": "",
            "gameTime": "2 - 42:56",
            "label": "",
            "link": "",
            "position": "2576990",
            "replay": "replay"
        },
        {
            "change_type": "",
            "gameTime": "2 - 43:55",
            "label": "",
            "position": "2635417",
            "replay": "real-time"
        },
        {
            "change_type": "",
            "gameTime": "2 - 44:00",
            "label": "",
            "link": "",
            "position": "2640335",
            "replay": "replay"
        },
        {
            "change_type": "",
            "gameTime": "2 - 45:46",
            "label": "",
            "position": "2746561",
            "replay": "real-time"
        },
        {
            "change_type": "",
            "gameTime": "2 - 45:56",
            "label": "",
            "position": "2756392",
            "replay": "other"
        },
        {
            "change_type": "",
            "gameTime": "2 - 46:04",
            "label": "",
            "position": "2764383",
            "replay": "real-time"
        },
        {
            "change_type": "",
            "gameTime": "2 - 46:09",
            "label": "",
            "link": "",
            "position": "2769136",
            "replay": "replay"
        }
    ],
    "gameAwayTeam": "Monaco",
    "gameDate": "2017-05-09 - 18-00",
    "gameHomeTeam": "Juventus",
    "gameScore": "2 - 1"
}