{
    "UrlLocal": "england_epl/2016-2017/2017-02-04 - 18-00 Chelsea 3 - 1 Arsenal",
    "UrlYoutube": "",
    "annotations": [
        {
            "change_type": "",
            "gameTime": "1 - 01:41",
            "label": "",
            "position": "101779",
            "replay": "real-time"
        },
        {
            "change_type": "",
            "gameTime": "1 - 01:55",
            "label": "",
            "link": "",
            "position": "115432",
            "replay": "replay"
        },
        {
            "change_type": "",
            "gameTime": "1 - 07:23",
            "label": "",
            "position": "443908",
            "replay": "real-time"
        },
        {
            "change_type": "",
            "gameTime": "1 - 07:33",
            "label": "",
            "link": "",
            "position": "453266",
            "replay": "replay"
        },
        {
            "change_type": "",
            "gameTime": "1 - 09:39",
            "label": "",
            "position": "579760",
            "replay": "real-time"
        },
        {
            "change_type": "",
            "gameTime": "1 - 09:47",
            "label": "",
            "position": "587901",
            "replay": "other"
        },
        {
            "change_type": "",
            "gameTime": "1 - 09:54",
            "label": "",
            "link": "",
            "position": "594367",
            "replay": "replay"
        },
        {
            "change_type": "",
            "gameTime": "1 - 10:26",
            "label": "",
            "position": "626210",
            "replay": "real-time"
        },
        {
            "change_type": "",
            "gameTime": "1 - 10:33",
            "label": "",
            "link": "",
            "position": "633068",
            "replay": "replay"
        },
        {
            "change_type": "",
            "gameTime": "1 - 12:50",
            "label": "",
            "position": "770412",
            "replay": "real-time"
        },
        {
            "change_type": "",
            "gameTime": "1 - 13:04",
            "label": "",
            "link": "",
            "position": "784427",
            "replay": "replay"
        },
        {
            "change_type": "",
            "gameTime": "1 - 13:14",
            "label": "",
            "link": "",
            "position": "794030",
            "replay": "replay"
        },
        {
            "change_type": "",
            "gameTime": "1 - 13:26",
            "label": "",
            "link": "",
            "position": "806343",
            "replay": "replay"
        },
        {
            "change_type": "",
            "gameTime": "1 - 14:04",
            "label": "",
            "position": "844513",
            "replay": "real-time"
        },
        {
            "change_type": "",
            "gameTime": "1 - 14:16",
            "label": "",
            "link": "",
            "position": "856200",
            "replay": "replay"
        },
        {
            "change_type": "",
            "gameTime": "1 - 14:25",
            "label": "",
            "link": "",
            "position": "865965",
            "replay": "replay"
        },
        {
            "change_type": "",
            "gameTime": "1 - 14:34",
            "label": "",
            "link": "",
            "position": "874762",
            "replay": "replay"
        },
        {
            "change_type": "",
            "gameTime": "1 - 14:43",
            "label": "",
            "position": "883039",
            "replay": "other"
        },
        {
            "change_type": "",
            "gameTime": "1 - 14:51",
            "label": "",
            "position": "891633",
            "replay": "other"
        },
        {
            "change_type": "",
            "gameTime": "1 - 17:41",
            "label": "",
            "position": "1061360",
            "replay": "real-time"
        },
        {
            "change_type": "",
            "gameTime": "1 - 17:47",
            "label": "",
            "link": "",
            "position": "1067501",
            "replay": "replay"
        },
        {
            "change_type": "",
            "gameTime": "1 - 17:54",
            "label": "",
            "link": "",
            "position": "1074344",
            "replay": "replay"
        },
        {
            "change_type": "",
            "gameTime": "1 - 18:14",
            "label": "",
            "position": "1094765",
            "replay": "real-time"
        },
        {
            "change_type": "",
            "gameTime": "1 - 18:22",
            "label": "",
            "link": "",
            "position": "1102287",
            "replay": "replay"
        },
        {
            "change_type": "",
            "gameTime": "1 - 18:26",
            "label": "",
            "link": "",
            "position": "1106966",
            "replay": "replay"
        },
        {
            "change_type": "",
            "gameTime": "1 - 20:47",
            "label": "",
            "position": "1247959",
            "replay": "real-time"
        },
        {
            "change_type": "",
            "gameTime": "1 - 21:07",
            "label": "",
            "link": "",
            "position": "1267666",
            "replay": "replay"
        },
        {
            "change_type": "",
            "gameTime": "1 - 23:00",
            "label": "",
            "position": "1380352",
            "replay": "real-time"
        },
        {
            "change_type": "",
            "gameTime": "1 - 23:09",
            "label": "",
            "link": "",
            "position": "1389550",
            "replay": "replay"
        },
        {
            "change_type": "",
            "gameTime": "1 - 23:18",
            "label": "",
            "link": "",
            "position": "1398518",
            "replay": "replay"
        },
        {
            "change_type": "",
            "gameTime": "1 - 23:47",
            "label": "",
            "position": "1427010",
            "replay": "real-time"
        },
        {
            "change_type": "",
            "gameTime": "1 - 24:01",
            "label": "",
            "link": "",
            "position": "1441802",
            "replay": "replay"
        },
        {
            "change_type": "",
            "gameTime": "1 - 28:54",
            "label": "",
            "position": "1734431",
            "replay": "real-time"
        },
        {
            "change_type": "",
            "gameTime": "1 - 29:00",
            "label": "",
            "link": "",
            "position": "1740494",
            "replay": "replay"
        },
        {
            "change_type": "",
            "gameTime": "1 - 29:54",
            "label": "",
            "position": "1794041",
            "replay": "real-time"
        },
        {
            "change_type": "",
            "gameTime": "1 - 30:07",
            "label": "",
            "position": "1807311",
            "replay": "other"
        },
        {
            "change_type": "",
            "gameTime": "1 - 30:11",
            "label": "",
            "position": "1811712",
            "replay": "other"
        },
        {
            "change_type": "",
            "gameTime": "1 - 32:04",
            "label": "",
            "position": "1924592",
            "replay": "real-time"
        },
        {
            "change_type": "",
            "gameTime": "1 - 32:14",
            "label": "",
            "link": "",
            "position": "1934384",
            "replay": "replay"
        },
        {
            "change_type": "",
            "gameTime": "1 - 37:24",
            "label": "",
            "position": "2244221",
            "replay": "real-time"
        },
        {
            "change_type": "",
            "gameTime": "1 - 37:33",
            "label": "",
            "link": "",
            "position": "2253090",
            "replay": "replay"
        },
        {
            "change_type": "",
            "gameTime": "1 - 38:54",
            "label": "",
            "position": "2334565",
            "replay": "real-time"
        },
        {
            "change_type": "",
            "gameTime": "1 - 39:00",
            "label": "",
            "link": "",
            "position": "2340996",
            "replay": "replay"
        },
        {
            "change_type": "",
            "gameTime": "1 - 39:08",
            "label": "",
            "link": "",
            "position": "2348693",
            "replay": "replay"
        },
        {
            "change_type": "",
            "gameTime": "1 - 43:09",
            "label": "",
            "position": "2589161",
            "replay": "real-time"
        },
        {
            "change_type": "",
            "gameTime": "1 - 43:18",
            "label": "",
            "position": "2598863",
            "replay": "other"
        },
        {
            "change_type": "",
            "gameTime": "1 - 46:57",
            "label": "",
            "position": "2817013",
            "replay": "real-time"
        },
        {
            "change_type": "",
            "gameTime": "1 - 47:08",
            "label": "",
            "link": "",
            "position": "2828103",
            "replay": "replay"
        },
        {
            "change_type": "",
            "gameTime": "2 - 05:51",
            "label": "",
            "position": "351378",
            "replay": "real-time"
        },
        {
            "change_type": "",
            "gameTime": "2 - 06:01",
            "label": "",
            "link": "",
            "position": "361625",
            "replay": "replay"
        },
        {
            "change_type": "",
            "gameTime": "2 - 08:08",
            "label": "",
            "position": "488614",
            "replay": "real-time"
        },
        {
            "change_type": "",
            "gameTime": "2 - 08:23",
            "label": "",
            "link": "",
            "position": "503436",
            "replay": "replay"
        },
        {
            "change_type": "",
            "gameTime": "2 - 08:35",
            "label": "",
            "link": "",
            "position": "515824",
            "replay": "replay"
        },
        {
            "change_type": "",
            "gameTime": "2 - 08:47",
            "label": "",
            "link": "",
            "position": "527830",
            "replay": "replay"
        },
        {
            "change_type": "",
            "gameTime": "2 - 08:51",
            "label": "",
            "position": "531039",
            "replay": "other"
        },
        {
            "change_type": "",
            "gameTime": "2 - 09:03",
            "label": "",
            "position": "543888",
            "replay": "other"
        },
        {
            "change_type": "",
            "gameTime": "2 - 10:38",
            "label": "",
            "position": "638077",
            "replay": "real-time"
        },
        {
            "change_type": "",
            "gameTime": "2 - 10:53",
            "label": "",
            "link": "",
            "position": "653208",
            "replay": "replay"
        },
        {
            "change_type": "",
            "gameTime": "2 - 16:24",
            "label": "",
            "position": "984301",
            "replay": "real-time"
        },
        {
            "change_type": "",
            "gameTime": "2 - 16:32",
            "label": "",
            "position": "992491",
            "replay": "other"
        },
        {
            "change_type": "",
            "gameTime": "2 - 16:45",
            "label": "",
            "position": "1005144",
            "replay": "real-time"
        },
        {
            "change_type": "",
            "gameTime": "2 - 17:00",
            "label": "",
            "link": "",
            "position": "1020364",
            "replay": "replay"
        },
        {
            "change_type": "",
            "gameTime": "2 - 17:13",
            "label": "",
            "link": "",
            "position": "1033081",
            "replay": "replay"
        },
        {
            "change_type": "",
            "gameTime": "2 - 17:21",
            "label": "",
            "link": "",
            "position": "1041891",
            "replay": "replay"
        },
        {
            "change_type": "",
            "gameTime": "2 - 17:30",
            "label": "",
            "position": "1050176",
            "replay": "other"
        },
        {
            "change_type": "",
            "gameTime": "2 - 19:06",
            "label": "",
            "position": "1146055",
            "replay": "real-time"
        },
        {
            "change_type": "",
            "gameTime": "2 - 19:16",
            "label": "",
            "link": "",
            "position": "1156370",
            "replay": "replay"
        },
        {
            "change_type": "",
            "gameTime": "2 - 25:46",
            "label": "",
            "position": "1546369",
            "replay": "real-time"
        },
        {
            "change_type": "",
            "gameTime": "2 - 25:52",
            "label": "",
            "link": "",
            "position": "1552764",
            "replay": "replay"
        },
        {
            "change_type": "",
            "gameTime": "2 - 28:05",
            "label": "",
            "position": "1685740",
            "replay": "real-time"
        },
        {
            "change_type": "",
            "gameTime": "2 - 28:12",
            "label": "",
            "link": "",
            "position": "1692746",
            "replay": "replay"
        },
        {
            "change_type": "",
            "gameTime": "2 - 28:19",
            "label": "",
            "link": "",
            "position": "1699547",
            "replay": "replay"
        },
        {
            "change_type": "",
            "gameTime": "2 - 32:22",
            "label": "",
            "position": "1942887",
            "replay": "real-time"
        },
        {
            "change_type": "",
            "gameTime": "2 - 32:32",
            "label": "",
            "link": "",
            "position": "1952574",
            "replay": "replay"
        },
        {
            "change_type": "",
            "gameTime": "2 - 32:41",
            "label": "",
            "position": "1961754",
            "replay": "real-time"
        },
        {
            "change_type": "",
            "gameTime": "2 - 32:48",
            "label": "",
            "link": "",
            "position": "1968300",
            "replay": "replay"
        },
        {
            "change_type": "",
            "gameTime": "2 - 32:55",
            "label": "",
            "link": "",
            "position": "1975330",
            "replay": "replay"
        },
        {
            "change_type": "",
            "gameTime": "2 - 33:02",
            "label": "",
            "position": "1982424",
            "replay": "other"
        },
        {
            "change_type": "",
            "gameTime": "2 - 34:36",
            "label": "",
            "position": "2076362",
            "replay": "real-time"
        },
        {
            "change_type": "",
            "gameTime": "2 - 34:43",
            "label": "",
            "link": "",
            "position": "2083578",
            "replay": "replay"
        },
        {
            "change_type": "",
            "gameTime": "2 - 40:12",
            "label": "",
            "position": "2412363",
            "replay": "real-time"
        },
        {
            "change_type": "",
            "gameTime": "2 - 40:21",
            "label": "",
            "link": "",
            "position": "2421084",
            "replay": "replay"
        },
        {
            "change_type": "",
            "gameTime": "2 - 40:29",
            "label": "",
            "link": "",
            "position": "2429645",
            "replay": "replay"
        },
        {
            "change_type": "",
            "gameTime": "2 - 40:44",
            "label": "",
            "link": "",
            "position": "2444081",
            "replay": "replay"
        },
        {
            "change_type": "",
            "gameTime": "2 - 40:48",
            "label": "",
            "position": "2448474",
            "replay": "other"
        },
        {
            "change_type": "",
            "gameTime": "2 - 45:19",
            "label": "",
            "position": "2719116",
            "replay": "real-time"
        },
        {
            "change_type": "",
            "gameTime": "2 - 45:27",
            "label": "",
            "link": "",
            "position": "2727128",
            "replay": "replay"
        },
        {
            "change_type": "",
            "gameTime": "2 - 45:33",
            "label": "",
            "link": "",
            "position": "2733989",
            "replay": "replay"
        },
        {
            "change_type": "",
            "gameTime": "2 - 45:42",
            "label": "",
            "link": "",
            "position": "2742240",
            "replay": "replay"
        }
    ],
    "gameAwayTeam": "Arsenal",
    "gameDate": "2017-02-04 - 18-00",
    "gameHomeTeam": "Chelsea",
    "gameScore": "3 - 1"
}