{
    "UrlLocal": "france_ligue-1/2016-2017/2017-05-07 - 18-00 Marseille 2 - 1 Nice",
    "predictions": [
        {
            "gameTime": "1 - 49:50",
            "label": "Penalty",
            "position": "2990500",
            "half": "1",
            "confidence": "0.6505218744277954"
        },
        {
            "gameTime": "1 - 0:0",
            "label": "Kick-off",
            "position": "0",
            "half": "1",
            "confidence": "0.9967106580734253"
        },
        {
            "gameTime": "1 - 0:10",
            "label": "Kick-off",
            "position": "10000",
            "half": "1",
            "confidence": "0.8482794165611267"
        },
        {
            "gameTime": "1 - 21:26",
            "label": "Kick-off",
            "position": "1286000",
            "half": "1",
            "confidence": "0.7306277751922607"
        },
        {
            "gameTime": "1 - 49:50",
            "label": "Goal",
            "position": "2990500",
            "half": "1",
            "confidence": "0.9685303568840027"
        },
        {
            "gameTime": "1 - 20:32",
            "label": "Goal",
            "position": "1232500",
            "half": "1",
            "confidence": "0.960335910320282"
        },
        {
            "gameTime": "1 - 50:0",
            "label": "Goal",
            "position": "3000500",
            "half": "1",
            "confidence": "0.8874561190605164"
        },
        {
            "gameTime": "1 - 20:21",
            "label": "Goal",
            "position": "1221500",
            "half": "1",
            "confidence": "0.7682141661643982"
        },
        {
            "gameTime": "1 - 24:0",
            "label": "Goal",
            "position": "1440000",
            "half": "1",
            "confidence": "0.5554580092430115"
        },
        {
            "gameTime": "1 - 16:52",
            "label": "Substitution",
            "position": "1012500",
            "half": "1",
            "confidence": "0.9817995429039001"
        },
        {
            "gameTime": "1 - 17:2",
            "label": "Substitution",
            "position": "1022500",
            "half": "1",
            "confidence": "0.7082987427711487"
        },
        {
            "gameTime": "1 - 24:6",
            "label": "Shots on target",
            "position": "1446500",
            "half": "1",
            "confidence": "0.723655641078949"
        },
        {
            "gameTime": "1 - 40:47",
            "label": "Shots on target",
            "position": "2447000",
            "half": "1",
            "confidence": "0.6977765560150146"
        },
        {
            "gameTime": "1 - 49:50",
            "label": "Shots on target",
            "position": "2990000",
            "half": "1",
            "confidence": "0.6804611086845398"
        },
        {
            "gameTime": "1 - 24:25",
            "label": "Shots on target",
            "position": "1465000",
            "half": "1",
            "confidence": "0.6442756652832031"
        },
        {
            "gameTime": "1 - 2:38",
            "label": "Shots on target",
            "position": "158500",
            "half": "1",
            "confidence": "0.6374025940895081"
        },
        {
            "gameTime": "1 - 52:10",
            "label": "Shots on target",
            "position": "3130000",
            "half": "1",
            "confidence": "0.6165751218795776"
        },
        {
            "gameTime": "1 - 14:38",
            "label": "Shots on target",
            "position": "878000",
            "half": "1",
            "confidence": "0.6073086261749268"
        },
        {
            "gameTime": "1 - 24:35",
            "label": "Shots on target",
            "position": "1475000",
            "half": "1",
            "confidence": "0.5808325409889221"
        },
        {
            "gameTime": "1 - 19:19",
            "label": "Shots on target",
            "position": "1159500",
            "half": "1",
            "confidence": "0.5637774467468262"
        },
        {
            "gameTime": "1 - 17:22",
            "label": "Shots on target",
            "position": "1042000",
            "half": "1",
            "confidence": "0.5522140264511108"
        },
        {
            "gameTime": "1 - 40:35",
            "label": "Shots on target",
            "position": "2435000",
            "half": "1",
            "confidence": "0.5290685892105103"
        },
        {
            "gameTime": "1 - 34:54",
            "label": "Shots on target",
            "position": "2094000",
            "half": "1",
            "confidence": "0.5176743865013123"
        },
        {
            "gameTime": "1 - 50:0",
            "label": "Shots on target",
            "position": "3000500",
            "half": "1",
            "confidence": "0.5130304098129272"
        },
        {
            "gameTime": "1 - 12:41",
            "label": "Shots off target",
            "position": "761000",
            "half": "1",
            "confidence": "0.9080590009689331"
        },
        {
            "gameTime": "1 - 40:49",
            "label": "Shots off target",
            "position": "2449500",
            "half": "1",
            "confidence": "0.8663123250007629"
        },
        {
            "gameTime": "1 - 14:38",
            "label": "Shots off target",
            "position": "878000",
            "half": "1",
            "confidence": "0.8509899377822876"
        },
        {
            "gameTime": "1 - 2:43",
            "label": "Shots off target",
            "position": "163000",
            "half": "1",
            "confidence": "0.8407445549964905"
        },
        {
            "gameTime": "1 - 2:53",
            "label": "Shots off target",
            "position": "173500",
            "half": "1",
            "confidence": "0.8191617727279663"
        },
        {
            "gameTime": "1 - 19:35",
            "label": "Shots off target",
            "position": "1175000",
            "half": "1",
            "confidence": "0.8181623816490173"
        },
        {
            "gameTime": "1 - 9:51",
            "label": "Shots off target",
            "position": "591000",
            "half": "1",
            "confidence": "0.8066832423210144"
        },
        {
            "gameTime": "1 - 17:34",
            "label": "Shots off target",
            "position": "1054000",
            "half": "1",
            "confidence": "0.7963033318519592"
        },
        {
            "gameTime": "1 - 14:25",
            "label": "Shots off target",
            "position": "865500",
            "half": "1",
            "confidence": "0.7668681144714355"
        },
        {
            "gameTime": "1 - 52:18",
            "label": "Shots off target",
            "position": "3138000",
            "half": "1",
            "confidence": "0.7139167785644531"
        },
        {
            "gameTime": "1 - 17:23",
            "label": "Shots off target",
            "position": "1043500",
            "half": "1",
            "confidence": "0.7028569579124451"
        },
        {
            "gameTime": "1 - 12:30",
            "label": "Shots off target",
            "position": "750000",
            "half": "1",
            "confidence": "0.5936487317085266"
        },
        {
            "gameTime": "1 - 19:45",
            "label": "Shots off target",
            "position": "1185000",
            "half": "1",
            "confidence": "0.5752852559089661"
        },
        {
            "gameTime": "1 - 30:30",
            "label": "Shots off target",
            "position": "1830000",
            "half": "1",
            "confidence": "0.5749242901802063"
        },
        {
            "gameTime": "1 - 45:47",
            "label": "Shots off target",
            "position": "2747500",
            "half": "1",
            "confidence": "0.565533459186554"
        },
        {
            "gameTime": "1 - 52:6",
            "label": "Shots off target",
            "position": "3126500",
            "half": "1",
            "confidence": "0.5618570446968079"
        },
        {
            "gameTime": "1 - 19:24",
            "label": "Shots off target",
            "position": "1164500",
            "half": "1",
            "confidence": "0.5389370322227478"
        },
        {
            "gameTime": "1 - 24:5",
            "label": "Shots off target",
            "position": "1445500",
            "half": "1",
            "confidence": "0.52752685546875"
        },
        {
            "gameTime": "1 - 20:19",
            "label": "Shots off target",
            "position": "1219000",
            "half": "1",
            "confidence": "0.5227979421615601"
        },
        {
            "gameTime": "1 - 23:38",
            "label": "Clearance",
            "position": "1418500",
            "half": "1",
            "confidence": "0.8205596804618835"
        },
        {
            "gameTime": "1 - 38:39",
            "label": "Clearance",
            "position": "2319000",
            "half": "1",
            "confidence": "0.7705482244491577"
        },
        {
            "gameTime": "1 - 10:10",
            "label": "Clearance",
            "position": "610500",
            "half": "1",
            "confidence": "0.6763759851455688"
        },
        {
            "gameTime": "1 - 7:10",
            "label": "Clearance",
            "position": "430500",
            "half": "1",
            "confidence": "0.6496701240539551"
        },
        {
            "gameTime": "1 - 51:55",
            "label": "Clearance",
            "position": "3115000",
            "half": "1",
            "confidence": "0.6350100636482239"
        },
        {
            "gameTime": "1 - 23:48",
            "label": "Clearance",
            "position": "1428500",
            "half": "1",
            "confidence": "0.539835512638092"
        },
        {
            "gameTime": "1 - 8:15",
            "label": "Clearance",
            "position": "495000",
            "half": "1",
            "confidence": "0.520980179309845"
        },
        {
            "gameTime": "1 - 1:16",
            "label": "Ball out of play",
            "position": "76000",
            "half": "1",
            "confidence": "0.9254277348518372"
        },
        {
            "gameTime": "1 - 9:46",
            "label": "Ball out of play",
            "position": "586500",
            "half": "1",
            "confidence": "0.9012411236763"
        },
        {
            "gameTime": "1 - 6:54",
            "label": "Ball out of play",
            "position": "414500",
            "half": "1",
            "confidence": "0.8909938335418701"
        },
        {
            "gameTime": "1 - 26:41",
            "label": "Ball out of play",
            "position": "1601000",
            "half": "1",
            "confidence": "0.8799632787704468"
        },
        {
            "gameTime": "1 - 37:50",
            "label": "Ball out of play",
            "position": "2270000",
            "half": "1",
            "confidence": "0.8787350654602051"
        },
        {
            "gameTime": "1 - 49:45",
            "label": "Ball out of play",
            "position": "2985000",
            "half": "1",
            "confidence": "0.8565784692764282"
        },
        {
            "gameTime": "1 - 26:30",
            "label": "Ball out of play",
            "position": "1590500",
            "half": "1",
            "confidence": "0.8485201597213745"
        },
        {
            "gameTime": "1 - 9:56",
            "label": "Ball out of play",
            "position": "596500",
            "half": "1",
            "confidence": "0.8463160991668701"
        },
        {
            "gameTime": "1 - 19:40",
            "label": "Ball out of play",
            "position": "1180500",
            "half": "1",
            "confidence": "0.8380651473999023"
        },
        {
            "gameTime": "1 - 20:19",
            "label": "Ball out of play",
            "position": "1219000",
            "half": "1",
            "confidence": "0.8321216106414795"
        },
        {
            "gameTime": "1 - 6:42",
            "label": "Ball out of play",
            "position": "402500",
            "half": "1",
            "confidence": "0.817957878112793"
        },
        {
            "gameTime": "1 - 46:25",
            "label": "Ball out of play",
            "position": "2785500",
            "half": "1",
            "confidence": "0.7977913022041321"
        },
        {
            "gameTime": "1 - 45:50",
            "label": "Ball out of play",
            "position": "2750500",
            "half": "1",
            "confidence": "0.7962968349456787"
        },
        {
            "gameTime": "1 - 9:17",
            "label": "Ball out of play",
            "position": "557000",
            "half": "1",
            "confidence": "0.7830552458763123"
        },
        {
            "gameTime": "1 - 44:1",
            "label": "Ball out of play",
            "position": "2641000",
            "half": "1",
            "confidence": "0.771537721157074"
        },
        {
            "gameTime": "1 - 2:51",
            "label": "Ball out of play",
            "position": "171000",
            "half": "1",
            "confidence": "0.7691985368728638"
        },
        {
            "gameTime": "1 - 11:48",
            "label": "Ball out of play",
            "position": "708500",
            "half": "1",
            "confidence": "0.7612854838371277"
        },
        {
            "gameTime": "1 - 38:6",
            "label": "Ball out of play",
            "position": "2286500",
            "half": "1",
            "confidence": "0.7440966963768005"
        },
        {
            "gameTime": "1 - 25:58",
            "label": "Ball out of play",
            "position": "1558500",
            "half": "1",
            "confidence": "0.7384575009346008"
        },
        {
            "gameTime": "1 - 12:39",
            "label": "Ball out of play",
            "position": "759000",
            "half": "1",
            "confidence": "0.7175859212875366"
        },
        {
            "gameTime": "1 - 49:55",
            "label": "Ball out of play",
            "position": "2995000",
            "half": "1",
            "confidence": "0.7120422124862671"
        },
        {
            "gameTime": "1 - 44:12",
            "label": "Ball out of play",
            "position": "2652000",
            "half": "1",
            "confidence": "0.7070396542549133"
        },
        {
            "gameTime": "1 - 43:35",
            "label": "Ball out of play",
            "position": "2615000",
            "half": "1",
            "confidence": "0.7050533294677734"
        },
        {
            "gameTime": "1 - 0:27",
            "label": "Ball out of play",
            "position": "27500",
            "half": "1",
            "confidence": "0.702029824256897"
        },
        {
            "gameTime": "1 - 51:44",
            "label": "Ball out of play",
            "position": "3104500",
            "half": "1",
            "confidence": "0.6938751339912415"
        },
        {
            "gameTime": "1 - 32:22",
            "label": "Ball out of play",
            "position": "1942500",
            "half": "1",
            "confidence": "0.6923872828483582"
        },
        {
            "gameTime": "1 - 25:42",
            "label": "Ball out of play",
            "position": "1542500",
            "half": "1",
            "confidence": "0.6819881796836853"
        },
        {
            "gameTime": "1 - 6:7",
            "label": "Ball out of play",
            "position": "367500",
            "half": "1",
            "confidence": "0.6766131520271301"
        },
        {
            "gameTime": "1 - 50:50",
            "label": "Ball out of play",
            "position": "3050000",
            "half": "1",
            "confidence": "0.6696873903274536"
        },
        {
            "gameTime": "1 - 47:6",
            "label": "Ball out of play",
            "position": "2826000",
            "half": "1",
            "confidence": "0.6664612293243408"
        },
        {
            "gameTime": "1 - 29:55",
            "label": "Ball out of play",
            "position": "1795500",
            "half": "1",
            "confidence": "0.6387611627578735"
        },
        {
            "gameTime": "1 - 17:34",
            "label": "Ball out of play",
            "position": "1054000",
            "half": "1",
            "confidence": "0.6307745575904846"
        },
        {
            "gameTime": "1 - 7:22",
            "label": "Ball out of play",
            "position": "442500",
            "half": "1",
            "confidence": "0.6196199059486389"
        },
        {
            "gameTime": "1 - 6:31",
            "label": "Ball out of play",
            "position": "391000",
            "half": "1",
            "confidence": "0.6087163090705872"
        },
        {
            "gameTime": "1 - 19:21",
            "label": "Ball out of play",
            "position": "1161500",
            "half": "1",
            "confidence": "0.6073734760284424"
        },
        {
            "gameTime": "1 - 9:30",
            "label": "Ball out of play",
            "position": "570000",
            "half": "1",
            "confidence": "0.5957549214363098"
        },
        {
            "gameTime": "1 - 14:34",
            "label": "Ball out of play",
            "position": "874000",
            "half": "1",
            "confidence": "0.5701950192451477"
        },
        {
            "gameTime": "1 - 44:57",
            "label": "Ball out of play",
            "position": "2697000",
            "half": "1",
            "confidence": "0.5673644542694092"
        },
        {
            "gameTime": "1 - 6:17",
            "label": "Ball out of play",
            "position": "377500",
            "half": "1",
            "confidence": "0.5589221119880676"
        },
        {
            "gameTime": "1 - 17:23",
            "label": "Ball out of play",
            "position": "1043000",
            "half": "1",
            "confidence": "0.5472007989883423"
        },
        {
            "gameTime": "1 - 25:30",
            "label": "Ball out of play",
            "position": "1530500",
            "half": "1",
            "confidence": "0.5404905080795288"
        },
        {
            "gameTime": "1 - 39:21",
            "label": "Ball out of play",
            "position": "2361500",
            "half": "1",
            "confidence": "0.5394697785377502"
        },
        {
            "gameTime": "1 - 2:40",
            "label": "Ball out of play",
            "position": "160500",
            "half": "1",
            "confidence": "0.5388599634170532"
        },
        {
            "gameTime": "1 - 11:14",
            "label": "Ball out of play",
            "position": "674500",
            "half": "1",
            "confidence": "0.5367150902748108"
        },
        {
            "gameTime": "1 - 25:19",
            "label": "Ball out of play",
            "position": "1519000",
            "half": "1",
            "confidence": "0.5312957763671875"
        },
        {
            "gameTime": "1 - 1:29",
            "label": "Ball out of play",
            "position": "89500",
            "half": "1",
            "confidence": "0.5215235948562622"
        },
        {
            "gameTime": "1 - 52:18",
            "label": "Ball out of play",
            "position": "3138500",
            "half": "1",
            "confidence": "0.5185096263885498"
        },
        {
            "gameTime": "1 - 43:24",
            "label": "Ball out of play",
            "position": "2604500",
            "half": "1",
            "confidence": "0.5178966522216797"
        },
        {
            "gameTime": "1 - 40:48",
            "label": "Ball out of play",
            "position": "2448000",
            "half": "1",
            "confidence": "0.5131424069404602"
        },
        {
            "gameTime": "1 - 24:4",
            "label": "Ball out of play",
            "position": "1444500",
            "half": "1",
            "confidence": "0.5126057863235474"
        },
        {
            "gameTime": "1 - 1:16",
            "label": "Throw-in",
            "position": "76000",
            "half": "1",
            "confidence": "0.9335299730300903"
        },
        {
            "gameTime": "1 - 37:57",
            "label": "Throw-in",
            "position": "2277500",
            "half": "1",
            "confidence": "0.9216027855873108"
        },
        {
            "gameTime": "1 - 28:42",
            "label": "Throw-in",
            "position": "1722500",
            "half": "1",
            "confidence": "0.8995384573936462"
        },
        {
            "gameTime": "1 - 25:42",
            "label": "Throw-in",
            "position": "1542500",
            "half": "1",
            "confidence": "0.8931017518043518"
        },
        {
            "gameTime": "1 - 25:58",
            "label": "Throw-in",
            "position": "1558500",
            "half": "1",
            "confidence": "0.8912997245788574"
        },
        {
            "gameTime": "1 - 34:42",
            "label": "Throw-in",
            "position": "2082500",
            "half": "1",
            "confidence": "0.7176768779754639"
        },
        {
            "gameTime": "1 - 26:44",
            "label": "Throw-in",
            "position": "1604500",
            "half": "1",
            "confidence": "0.7007721662521362"
        },
        {
            "gameTime": "1 - 11:4",
            "label": "Throw-in",
            "position": "664500",
            "half": "1",
            "confidence": "0.6995494365692139"
        },
        {
            "gameTime": "1 - 50:50",
            "label": "Throw-in",
            "position": "3050000",
            "half": "1",
            "confidence": "0.6944476366043091"
        },
        {
            "gameTime": "1 - 38:7",
            "label": "Throw-in",
            "position": "2287500",
            "half": "1",
            "confidence": "0.683549165725708"
        },
        {
            "gameTime": "1 - 1:27",
            "label": "Throw-in",
            "position": "87500",
            "half": "1",
            "confidence": "0.6810550093650818"
        },
        {
            "gameTime": "1 - 7:23",
            "label": "Throw-in",
            "position": "443500",
            "half": "1",
            "confidence": "0.678514838218689"
        },
        {
            "gameTime": "1 - 0:27",
            "label": "Throw-in",
            "position": "27000",
            "half": "1",
            "confidence": "0.6483309268951416"
        },
        {
            "gameTime": "1 - 26:30",
            "label": "Throw-in",
            "position": "1590500",
            "half": "1",
            "confidence": "0.6261581182479858"
        },
        {
            "gameTime": "1 - 0:40",
            "label": "Throw-in",
            "position": "40500",
            "half": "1",
            "confidence": "0.5675804018974304"
        },
        {
            "gameTime": "1 - 25:31",
            "label": "Throw-in",
            "position": "1531000",
            "half": "1",
            "confidence": "0.567039966583252"
        },
        {
            "gameTime": "1 - 39:21",
            "label": "Throw-in",
            "position": "2361000",
            "half": "1",
            "confidence": "0.5618079304695129"
        },
        {
            "gameTime": "1 - 43:35",
            "label": "Throw-in",
            "position": "2615500",
            "half": "1",
            "confidence": "0.5392739772796631"
        },
        {
            "gameTime": "1 - 37:47",
            "label": "Throw-in",
            "position": "2267000",
            "half": "1",
            "confidence": "0.5380854606628418"
        },
        {
            "gameTime": "1 - 0:50",
            "label": "Throw-in",
            "position": "50500",
            "half": "1",
            "confidence": "0.5055071115493774"
        },
        {
            "gameTime": "1 - 25:19",
            "label": "Throw-in",
            "position": "1519500",
            "half": "1",
            "confidence": "0.505466103553772"
        },
        {
            "gameTime": "1 - 44:30",
            "label": "Foul",
            "position": "2670000",
            "half": "1",
            "confidence": "0.7059469223022461"
        },
        {
            "gameTime": "1 - 35:46",
            "label": "Foul",
            "position": "2146500",
            "half": "1",
            "confidence": "0.6874866485595703"
        },
        {
            "gameTime": "1 - 43:51",
            "label": "Foul",
            "position": "2631000",
            "half": "1",
            "confidence": "0.611864447593689"
        },
        {
            "gameTime": "1 - 35:56",
            "label": "Foul",
            "position": "2156500",
            "half": "1",
            "confidence": "0.5723074674606323"
        },
        {
            "gameTime": "1 - 16:24",
            "label": "Foul",
            "position": "984500",
            "half": "1",
            "confidence": "0.568494439125061"
        },
        {
            "gameTime": "1 - 32:51",
            "label": "Foul",
            "position": "1971500",
            "half": "1",
            "confidence": "0.5484365820884705"
        },
        {
            "gameTime": "1 - 17:7",
            "label": "Indirect free-kick",
            "position": "1027500",
            "half": "1",
            "confidence": "0.5721708536148071"
        },
        {
            "gameTime": "1 - 16:25",
            "label": "Indirect free-kick",
            "position": "985000",
            "half": "1",
            "confidence": "0.5486198663711548"
        },
        {
            "gameTime": "1 - 23:6",
            "label": "Direct free-kick",
            "position": "1386500",
            "half": "1",
            "confidence": "0.8932745456695557"
        },
        {
            "gameTime": "1 - 34:55",
            "label": "Direct free-kick",
            "position": "2095000",
            "half": "1",
            "confidence": "0.7991104125976562"
        },
        {
            "gameTime": "1 - 3:54",
            "label": "Corner",
            "position": "234500",
            "half": "1",
            "confidence": "0.9859819412231445"
        },
        {
            "gameTime": "1 - 49:48",
            "label": "Corner",
            "position": "2988500",
            "half": "1",
            "confidence": "0.9583622217178345"
        },
        {
            "gameTime": "1 - 4:5",
            "label": "Corner",
            "position": "245000",
            "half": "1",
            "confidence": "0.8984427452087402"
        },
        {
            "gameTime": "1 - 11:52",
            "label": "Corner",
            "position": "712500",
            "half": "1",
            "confidence": "0.8734192848205566"
        },
        {
            "gameTime": "1 - 3:26",
            "label": "Corner",
            "position": "206000",
            "half": "1",
            "confidence": "0.8617640137672424"
        },
        {
            "gameTime": "1 - 24:33",
            "label": "Corner",
            "position": "1473500",
            "half": "1",
            "confidence": "0.8216909170150757"
        },
        {
            "gameTime": "1 - 20:19",
            "label": "Corner",
            "position": "1219000",
            "half": "1",
            "confidence": "0.8051050305366516"
        },
        {
            "gameTime": "1 - 30:17",
            "label": "Corner",
            "position": "1817500",
            "half": "1",
            "confidence": "0.7820044159889221"
        },
        {
            "gameTime": "1 - 46:29",
            "label": "Corner",
            "position": "2789500",
            "half": "1",
            "confidence": "0.7785021066665649"
        },
        {
            "gameTime": "1 - 24:21",
            "label": "Corner",
            "position": "1461000",
            "half": "1",
            "confidence": "0.7563021779060364"
        },
        {
            "gameTime": "1 - 11:42",
            "label": "Corner",
            "position": "702000",
            "half": "1",
            "confidence": "0.7482174634933472"
        },
        {
            "gameTime": "1 - 3:39",
            "label": "Corner",
            "position": "219000",
            "half": "1",
            "confidence": "0.6437307596206665"
        },
        {
            "gameTime": "1 - 6:30",
            "label": "Corner",
            "position": "390500",
            "half": "1",
            "confidence": "0.622162938117981"
        },
        {
            "gameTime": "1 - 50:0",
            "label": "Corner",
            "position": "3000000",
            "half": "1",
            "confidence": "0.6013955473899841"
        },
        {
            "gameTime": "2 - 0:0",
            "label": "Kick-off",
            "position": "0",
            "half": "2",
            "confidence": "0.9936975836753845"
        },
        {
            "gameTime": "2 - 21:27",
            "label": "Kick-off",
            "position": "1287000",
            "half": "2",
            "confidence": "0.856201708316803"
        },
        {
            "gameTime": "2 - 0:10",
            "label": "Kick-off",
            "position": "10000",
            "half": "2",
            "confidence": "0.8320362567901611"
        },
        {
            "gameTime": "2 - 4:47",
            "label": "Kick-off",
            "position": "287000",
            "half": "2",
            "confidence": "0.8018026351928711"
        },
        {
            "gameTime": "2 - 21:15",
            "label": "Kick-off",
            "position": "1275500",
            "half": "2",
            "confidence": "0.7141761779785156"
        },
        {
            "gameTime": "2 - 4:14",
            "label": "Goal",
            "position": "254000",
            "half": "2",
            "confidence": "0.9430750012397766"
        },
        {
            "gameTime": "2 - 20:6",
            "label": "Goal",
            "position": "1206000",
            "half": "2",
            "confidence": "0.9290763139724731"
        },
        {
            "gameTime": "2 - 20:16",
            "label": "Goal",
            "position": "1216000",
            "half": "2",
            "confidence": "0.7857935428619385"
        },
        {
            "gameTime": "2 - 22:18",
            "label": "Goal",
            "position": "1338500",
            "half": "2",
            "confidence": "0.5926510095596313"
        },
        {
            "gameTime": "2 - 42:21",
            "label": "Substitution",
            "position": "2541000",
            "half": "2",
            "confidence": "0.9864597320556641"
        },
        {
            "gameTime": "2 - 24:57",
            "label": "Substitution",
            "position": "1497000",
            "half": "2",
            "confidence": "0.9739601612091064"
        },
        {
            "gameTime": "2 - 42:31",
            "label": "Substitution",
            "position": "2551000",
            "half": "2",
            "confidence": "0.927116334438324"
        },
        {
            "gameTime": "2 - 24:46",
            "label": "Substitution",
            "position": "1486500",
            "half": "2",
            "confidence": "0.8895286917686462"
        },
        {
            "gameTime": "2 - 36:59",
            "label": "Substitution",
            "position": "2219500",
            "half": "2",
            "confidence": "0.7753263711929321"
        },
        {
            "gameTime": "2 - 29:18",
            "label": "Substitution",
            "position": "1758000",
            "half": "2",
            "confidence": "0.7180055379867554"
        },
        {
            "gameTime": "2 - 42:10",
            "label": "Substitution",
            "position": "2530500",
            "half": "2",
            "confidence": "0.6283333897590637"
        },
        {
            "gameTime": "2 - 37:9",
            "label": "Substitution",
            "position": "2229500",
            "half": "2",
            "confidence": "0.565324604511261"
        },
        {
            "gameTime": "2 - 29:7",
            "label": "Substitution",
            "position": "1747500",
            "half": "2",
            "confidence": "0.5612501502037048"
        },
        {
            "gameTime": "2 - 12:42",
            "label": "Substitution",
            "position": "762500",
            "half": "2",
            "confidence": "0.5550108551979065"
        },
        {
            "gameTime": "2 - 1:40",
            "label": "Substitution",
            "position": "100500",
            "half": "2",
            "confidence": "0.5171027183532715"
        },
        {
            "gameTime": "2 - 24:8",
            "label": "Offside",
            "position": "1448000",
            "half": "2",
            "confidence": "0.6646751165390015"
        },
        {
            "gameTime": "2 - 4:13",
            "label": "Shots on target",
            "position": "253500",
            "half": "2",
            "confidence": "0.8416288495063782"
        },
        {
            "gameTime": "2 - 20:6",
            "label": "Shots on target",
            "position": "1206000",
            "half": "2",
            "confidence": "0.8093647360801697"
        },
        {
            "gameTime": "2 - 22:20",
            "label": "Shots on target",
            "position": "1340500",
            "half": "2",
            "confidence": "0.7193992137908936"
        },
        {
            "gameTime": "2 - 16:34",
            "label": "Shots on target",
            "position": "994500",
            "half": "2",
            "confidence": "0.6291257739067078"
        },
        {
            "gameTime": "2 - 45:33",
            "label": "Shots on target",
            "position": "2733000",
            "half": "2",
            "confidence": "0.6256925463676453"
        },
        {
            "gameTime": "2 - 5:23",
            "label": "Shots on target",
            "position": "323000",
            "half": "2",
            "confidence": "0.6170428395271301"
        },
        {
            "gameTime": "2 - 38:3",
            "label": "Shots on target",
            "position": "2283000",
            "half": "2",
            "confidence": "0.5901927351951599"
        },
        {
            "gameTime": "2 - 39:22",
            "label": "Shots on target",
            "position": "2362500",
            "half": "2",
            "confidence": "0.5807586312294006"
        },
        {
            "gameTime": "2 - 29:48",
            "label": "Shots on target",
            "position": "1788500",
            "half": "2",
            "confidence": "0.5785179138183594"
        },
        {
            "gameTime": "2 - 4:2",
            "label": "Shots on target",
            "position": "242500",
            "half": "2",
            "confidence": "0.5735633373260498"
        },
        {
            "gameTime": "2 - 5:12",
            "label": "Shots on target",
            "position": "312000",
            "half": "2",
            "confidence": "0.5677802562713623"
        },
        {
            "gameTime": "2 - 19:55",
            "label": "Shots on target",
            "position": "1195000",
            "half": "2",
            "confidence": "0.55202317237854"
        },
        {
            "gameTime": "2 - 7:48",
            "label": "Shots on target",
            "position": "468000",
            "half": "2",
            "confidence": "0.5315829515457153"
        },
        {
            "gameTime": "2 - 2:23",
            "label": "Shots on target",
            "position": "143500",
            "half": "2",
            "confidence": "0.5304394960403442"
        },
        {
            "gameTime": "2 - 38:13",
            "label": "Shots on target",
            "position": "2293000",
            "half": "2",
            "confidence": "0.5039606094360352"
        },
        {
            "gameTime": "2 - 39:6",
            "label": "Shots on target",
            "position": "2346000",
            "half": "2",
            "confidence": "0.50276118516922"
        },
        {
            "gameTime": "2 - 39:2",
            "label": "Shots off target",
            "position": "2342500",
            "half": "2",
            "confidence": "0.9631526470184326"
        },
        {
            "gameTime": "2 - 38:19",
            "label": "Shots off target",
            "position": "2299000",
            "half": "2",
            "confidence": "0.9583454132080078"
        },
        {
            "gameTime": "2 - 29:48",
            "label": "Shots off target",
            "position": "1788000",
            "half": "2",
            "confidence": "0.9422106742858887"
        },
        {
            "gameTime": "2 - 38:8",
            "label": "Shots off target",
            "position": "2288000",
            "half": "2",
            "confidence": "0.8987393975257874"
        },
        {
            "gameTime": "2 - 22:22",
            "label": "Shots off target",
            "position": "1342500",
            "half": "2",
            "confidence": "0.7876595258712769"
        },
        {
            "gameTime": "2 - 39:37",
            "label": "Shots off target",
            "position": "2377500",
            "half": "2",
            "confidence": "0.7597779631614685"
        },
        {
            "gameTime": "2 - 46:12",
            "label": "Shots off target",
            "position": "2772500",
            "half": "2",
            "confidence": "0.7392594814300537"
        },
        {
            "gameTime": "2 - 31:33",
            "label": "Shots off target",
            "position": "1893500",
            "half": "2",
            "confidence": "0.6989080905914307"
        },
        {
            "gameTime": "2 - 18:10",
            "label": "Shots off target",
            "position": "1090000",
            "half": "2",
            "confidence": "0.6784514784812927"
        },
        {
            "gameTime": "2 - 29:36",
            "label": "Shots off target",
            "position": "1776000",
            "half": "2",
            "confidence": "0.6736261248588562"
        },
        {
            "gameTime": "2 - 5:27",
            "label": "Shots off target",
            "position": "327000",
            "half": "2",
            "confidence": "0.6725566387176514"
        },
        {
            "gameTime": "2 - 31:43",
            "label": "Shots off target",
            "position": "1903500",
            "half": "2",
            "confidence": "0.6562533378601074"
        },
        {
            "gameTime": "2 - 34:42",
            "label": "Shots off target",
            "position": "2082500",
            "half": "2",
            "confidence": "0.6317693591117859"
        },
        {
            "gameTime": "2 - 22:32",
            "label": "Shots off target",
            "position": "1352500",
            "half": "2",
            "confidence": "0.6171618700027466"
        },
        {
            "gameTime": "2 - 36:43",
            "label": "Shots off target",
            "position": "2203000",
            "half": "2",
            "confidence": "0.6139161586761475"
        },
        {
            "gameTime": "2 - 3:58",
            "label": "Shots off target",
            "position": "238000",
            "half": "2",
            "confidence": "0.5738522410392761"
        },
        {
            "gameTime": "2 - 23:51",
            "label": "Shots off target",
            "position": "1431000",
            "half": "2",
            "confidence": "0.5678368806838989"
        },
        {
            "gameTime": "2 - 39:27",
            "label": "Shots off target",
            "position": "2367000",
            "half": "2",
            "confidence": "0.5588619709014893"
        },
        {
            "gameTime": "2 - 45:39",
            "label": "Shots off target",
            "position": "2739500",
            "half": "2",
            "confidence": "0.5467740893363953"
        },
        {
            "gameTime": "2 - 12:18",
            "label": "Shots off target",
            "position": "738500",
            "half": "2",
            "confidence": "0.5205825567245483"
        },
        {
            "gameTime": "2 - 30:59",
            "label": "Clearance",
            "position": "1859500",
            "half": "2",
            "confidence": "0.7953007221221924"
        },
        {
            "gameTime": "2 - 29:24",
            "label": "Clearance",
            "position": "1764000",
            "half": "2",
            "confidence": "0.6674425601959229"
        },
        {
            "gameTime": "2 - 10:23",
            "label": "Clearance",
            "position": "623500",
            "half": "2",
            "confidence": "0.5502644777297974"
        },
        {
            "gameTime": "2 - 31:9",
            "label": "Clearance",
            "position": "1869500",
            "half": "2",
            "confidence": "0.5251896977424622"
        },
        {
            "gameTime": "2 - 26:11",
            "label": "Clearance",
            "position": "1571000",
            "half": "2",
            "confidence": "0.5166290998458862"
        },
        {
            "gameTime": "2 - 36:44",
            "label": "Ball out of play",
            "position": "2204500",
            "half": "2",
            "confidence": "0.9002123475074768"
        },
        {
            "gameTime": "2 - 34:32",
            "label": "Ball out of play",
            "position": "2072500",
            "half": "2",
            "confidence": "0.8616535067558289"
        },
        {
            "gameTime": "2 - 31:33",
            "label": "Ball out of play",
            "position": "1893000",
            "half": "2",
            "confidence": "0.8232654333114624"
        },
        {
            "gameTime": "2 - 14:25",
            "label": "Ball out of play",
            "position": "865000",
            "half": "2",
            "confidence": "0.8179571628570557"
        },
        {
            "gameTime": "2 - 5:11",
            "label": "Ball out of play",
            "position": "311500",
            "half": "2",
            "confidence": "0.803449809551239"
        },
        {
            "gameTime": "2 - 39:3",
            "label": "Ball out of play",
            "position": "2343000",
            "half": "2",
            "confidence": "0.7991710901260376"
        },
        {
            "gameTime": "2 - 21:30",
            "label": "Ball out of play",
            "position": "1290500",
            "half": "2",
            "confidence": "0.7963253855705261"
        },
        {
            "gameTime": "2 - 29:48",
            "label": "Ball out of play",
            "position": "1788500",
            "half": "2",
            "confidence": "0.7841977477073669"
        },
        {
            "gameTime": "2 - 38:12",
            "label": "Ball out of play",
            "position": "2292000",
            "half": "2",
            "confidence": "0.7785634994506836"
        },
        {
            "gameTime": "2 - 34:43",
            "label": "Ball out of play",
            "position": "2083500",
            "half": "2",
            "confidence": "0.7621879577636719"
        },
        {
            "gameTime": "2 - 5:30",
            "label": "Ball out of play",
            "position": "330000",
            "half": "2",
            "confidence": "0.7477589845657349"
        },
        {
            "gameTime": "2 - 4:56",
            "label": "Ball out of play",
            "position": "296500",
            "half": "2",
            "confidence": "0.7433257699012756"
        },
        {
            "gameTime": "2 - 39:41",
            "label": "Ball out of play",
            "position": "2381000",
            "half": "2",
            "confidence": "0.7326219081878662"
        },
        {
            "gameTime": "2 - 34:22",
            "label": "Ball out of play",
            "position": "2062000",
            "half": "2",
            "confidence": "0.724256694316864"
        },
        {
            "gameTime": "2 - 36:34",
            "label": "Ball out of play",
            "position": "2194000",
            "half": "2",
            "confidence": "0.7187284231185913"
        },
        {
            "gameTime": "2 - 46:13",
            "label": "Ball out of play",
            "position": "2773000",
            "half": "2",
            "confidence": "0.7115418910980225"
        },
        {
            "gameTime": "2 - 34:59",
            "label": "Ball out of play",
            "position": "2099500",
            "half": "2",
            "confidence": "0.7070193886756897"
        },
        {
            "gameTime": "2 - 31:43",
            "label": "Ball out of play",
            "position": "1903000",
            "half": "2",
            "confidence": "0.7058256268501282"
        },
        {
            "gameTime": "2 - 20:0",
            "label": "Ball out of play",
            "position": "1200000",
            "half": "2",
            "confidence": "0.6993440985679626"
        },
        {
            "gameTime": "2 - 12:18",
            "label": "Ball out of play",
            "position": "738500",
            "half": "2",
            "confidence": "0.6753550171852112"
        },
        {
            "gameTime": "2 - 30:39",
            "label": "Ball out of play",
            "position": "1839000",
            "half": "2",
            "confidence": "0.6716660261154175"
        },
        {
            "gameTime": "2 - 22:22",
            "label": "Ball out of play",
            "position": "1342500",
            "half": "2",
            "confidence": "0.6424544453620911"
        },
        {
            "gameTime": "2 - 35:35",
            "label": "Ball out of play",
            "position": "2135000",
            "half": "2",
            "confidence": "0.636795699596405"
        },
        {
            "gameTime": "2 - 18:59",
            "label": "Ball out of play",
            "position": "1139000",
            "half": "2",
            "confidence": "0.5994933843612671"
        },
        {
            "gameTime": "2 - 14:35",
            "label": "Ball out of play",
            "position": "875000",
            "half": "2",
            "confidence": "0.5949318408966064"
        },
        {
            "gameTime": "2 - 20:12",
            "label": "Ball out of play",
            "position": "1212500",
            "half": "2",
            "confidence": "0.594066858291626"
        },
        {
            "gameTime": "2 - 35:23",
            "label": "Ball out of play",
            "position": "2123500",
            "half": "2",
            "confidence": "0.5885223746299744"
        },
        {
            "gameTime": "2 - 37:22",
            "label": "Ball out of play",
            "position": "2242000",
            "half": "2",
            "confidence": "0.5783732533454895"
        },
        {
            "gameTime": "2 - 30:28",
            "label": "Ball out of play",
            "position": "1828500",
            "half": "2",
            "confidence": "0.5782790184020996"
        },
        {
            "gameTime": "2 - 18:10",
            "label": "Ball out of play",
            "position": "1090000",
            "half": "2",
            "confidence": "0.5691511034965515"
        },
        {
            "gameTime": "2 - 22:35",
            "label": "Ball out of play",
            "position": "1355500",
            "half": "2",
            "confidence": "0.5686850547790527"
        },
        {
            "gameTime": "2 - 44:40",
            "label": "Ball out of play",
            "position": "2680500",
            "half": "2",
            "confidence": "0.5590620040893555"
        },
        {
            "gameTime": "2 - 2:20",
            "label": "Ball out of play",
            "position": "140000",
            "half": "2",
            "confidence": "0.5551483631134033"
        },
        {
            "gameTime": "2 - 23:52",
            "label": "Ball out of play",
            "position": "1432500",
            "half": "2",
            "confidence": "0.5482836365699768"
        },
        {
            "gameTime": "2 - 47:15",
            "label": "Ball out of play",
            "position": "2835000",
            "half": "2",
            "confidence": "0.5482755899429321"
        },
        {
            "gameTime": "2 - 28:40",
            "label": "Ball out of play",
            "position": "1720000",
            "half": "2",
            "confidence": "0.5044230222702026"
        },
        {
            "gameTime": "2 - 42:56",
            "label": "Ball out of play",
            "position": "2576000",
            "half": "2",
            "confidence": "0.5029193758964539"
        },
        {
            "gameTime": "2 - 45:0",
            "label": "Ball out of play",
            "position": "2700500",
            "half": "2",
            "confidence": "0.5018881559371948"
        },
        {
            "gameTime": "2 - 46:46",
            "label": "Throw-in",
            "position": "2806500",
            "half": "2",
            "confidence": "0.8904993534088135"
        },
        {
            "gameTime": "2 - 41:37",
            "label": "Throw-in",
            "position": "2497000",
            "half": "2",
            "confidence": "0.706581175327301"
        },
        {
            "gameTime": "2 - 43:12",
            "label": "Throw-in",
            "position": "2592000",
            "half": "2",
            "confidence": "0.6978223919868469"
        },
        {
            "gameTime": "2 - 46:57",
            "label": "Throw-in",
            "position": "2817500",
            "half": "2",
            "confidence": "0.6627593636512756"
        },
        {
            "gameTime": "2 - 47:8",
            "label": "Throw-in",
            "position": "2828500",
            "half": "2",
            "confidence": "0.5332276225090027"
        },
        {
            "gameTime": "2 - 23:1",
            "label": "Foul",
            "position": "1381500",
            "half": "2",
            "confidence": "0.7586824893951416"
        },
        {
            "gameTime": "2 - 32:31",
            "label": "Foul",
            "position": "1951000",
            "half": "2",
            "confidence": "0.7493526935577393"
        },
        {
            "gameTime": "2 - 6:38",
            "label": "Foul",
            "position": "398500",
            "half": "2",
            "confidence": "0.7443533539772034"
        },
        {
            "gameTime": "2 - 13:3",
            "label": "Foul",
            "position": "783000",
            "half": "2",
            "confidence": "0.7247644662857056"
        },
        {
            "gameTime": "2 - 18:48",
            "label": "Foul",
            "position": "1128500",
            "half": "2",
            "confidence": "0.7131833434104919"
        },
        {
            "gameTime": "2 - 2:45",
            "label": "Foul",
            "position": "165000",
            "half": "2",
            "confidence": "0.661888599395752"
        },
        {
            "gameTime": "2 - 25:17",
            "label": "Foul",
            "position": "1517500",
            "half": "2",
            "confidence": "0.5393006205558777"
        },
        {
            "gameTime": "2 - 3:36",
            "label": "Foul",
            "position": "216000",
            "half": "2",
            "confidence": "0.521950364112854"
        },
        {
            "gameTime": "2 - 41:43",
            "label": "Foul",
            "position": "2503000",
            "half": "2",
            "confidence": "0.5128119587898254"
        },
        {
            "gameTime": "2 - 46:56",
            "label": "Foul",
            "position": "2816000",
            "half": "2",
            "confidence": "0.5033916234970093"
        },
        {
            "gameTime": "2 - 16:47",
            "label": "Foul",
            "position": "1007000",
            "half": "2",
            "confidence": "0.5032423734664917"
        },
        {
            "gameTime": "2 - 38:34",
            "label": "Indirect free-kick",
            "position": "2314500",
            "half": "2",
            "confidence": "0.7172523140907288"
        },
        {
            "gameTime": "2 - 1:52",
            "label": "Indirect free-kick",
            "position": "112000",
            "half": "2",
            "confidence": "0.6175146698951721"
        },
        {
            "gameTime": "2 - 2:47",
            "label": "Indirect free-kick",
            "position": "167500",
            "half": "2",
            "confidence": "0.5462268590927124"
        },
        {
            "gameTime": "2 - 2:2",
            "label": "Indirect free-kick",
            "position": "122000",
            "half": "2",
            "confidence": "0.505392849445343"
        },
        {
            "gameTime": "2 - 4:1",
            "label": "Direct free-kick",
            "position": "241500",
            "half": "2",
            "confidence": "0.9462791085243225"
        },
        {
            "gameTime": "2 - 23:53",
            "label": "Direct free-kick",
            "position": "1433500",
            "half": "2",
            "confidence": "0.907244861125946"
        },
        {
            "gameTime": "2 - 4:11",
            "label": "Direct free-kick",
            "position": "251500",
            "half": "2",
            "confidence": "0.8296204805374146"
        },
        {
            "gameTime": "2 - 32:59",
            "label": "Direct free-kick",
            "position": "1979000",
            "half": "2",
            "confidence": "0.7935054302215576"
        },
        {
            "gameTime": "2 - 18:3",
            "label": "Direct free-kick",
            "position": "1083000",
            "half": "2",
            "confidence": "0.6613302826881409"
        },
        {
            "gameTime": "2 - 24:3",
            "label": "Direct free-kick",
            "position": "1443500",
            "half": "2",
            "confidence": "0.5884122252464294"
        },
        {
            "gameTime": "2 - 35:26",
            "label": "Corner",
            "position": "2126000",
            "half": "2",
            "confidence": "0.7651488780975342"
        },
        {
            "gameTime": "2 - 16:54",
            "label": "Yellow card",
            "position": "1014500",
            "half": "2",
            "confidence": "0.958749532699585"
        },
        {
            "gameTime": "2 - 1:42",
            "label": "Yellow card",
            "position": "102000",
            "half": "2",
            "confidence": "0.9058482050895691"
        },
        {
            "gameTime": "2 - 1:29",
            "label": "Yellow card",
            "position": "89000",
            "half": "2",
            "confidence": "0.7152004837989807"
        },
        {
            "gameTime": "2 - 16:38",
            "label": "Yellow card",
            "position": "998000",
            "half": "2",
            "confidence": "0.7023520469665527"
        }
    ]
}