{
    "UrlLocal": "spain_laliga/2019-2020/2019-12-14 - 18-00 Real Sociedad 2 - 2 Barcelona",
    "predictions": [
        {
            "gameTime": "1 - 0:2",
            "label": "Kick-off",
            "position": "2000",
            "half": "1",
            "confidence": "0.6148308515548706"
        },
        {
            "gameTime": "1 - 38:36",
            "label": "Kick-off",
            "position": "2316000",
            "half": "1",
            "confidence": "0.5695857405662537"
        },
        {
            "gameTime": "1 - 11:22",
            "label": "Goal",
            "position": "682500",
            "half": "1",
            "confidence": "0.902161717414856"
        },
        {
            "gameTime": "1 - 11:32",
            "label": "Goal",
            "position": "692500",
            "half": "1",
            "confidence": "0.6071771383285522"
        },
        {
            "gameTime": "1 - 11:22",
            "label": "Shots on target",
            "position": "682500",
            "half": "1",
            "confidence": "0.6042559742927551"
        },
        {
            "gameTime": "1 - 17:57",
            "label": "Shots off target",
            "position": "1077500",
            "half": "1",
            "confidence": "0.8568029999732971"
        },
        {
            "gameTime": "1 - 2:58",
            "label": "Shots off target",
            "position": "178500",
            "half": "1",
            "confidence": "0.8458977341651917"
        },
        {
            "gameTime": "1 - 45:15",
            "label": "Shots off target",
            "position": "2715500",
            "half": "1",
            "confidence": "0.7778334617614746"
        },
        {
            "gameTime": "1 - 32:59",
            "label": "Shots off target",
            "position": "1979000",
            "half": "1",
            "confidence": "0.7158276438713074"
        },
        {
            "gameTime": "1 - 32:27",
            "label": "Shots off target",
            "position": "1947000",
            "half": "1",
            "confidence": "0.6799228191375732"
        },
        {
            "gameTime": "1 - 2:48",
            "label": "Shots off target",
            "position": "168000",
            "half": "1",
            "confidence": "0.5545072555541992"
        },
        {
            "gameTime": "1 - 32:13",
            "label": "Shots off target",
            "position": "1933500",
            "half": "1",
            "confidence": "0.5523785352706909"
        },
        {
            "gameTime": "1 - 29:20",
            "label": "Shots off target",
            "position": "1760000",
            "half": "1",
            "confidence": "0.527454137802124"
        },
        {
            "gameTime": "1 - 45:25",
            "label": "Shots off target",
            "position": "2725500",
            "half": "1",
            "confidence": "0.5268122553825378"
        },
        {
            "gameTime": "1 - 4:57",
            "label": "Shots off target",
            "position": "297500",
            "half": "1",
            "confidence": "0.5020946860313416"
        },
        {
            "gameTime": "1 - 29:39",
            "label": "Clearance",
            "position": "1779000",
            "half": "1",
            "confidence": "0.7635090947151184"
        },
        {
            "gameTime": "1 - 1:40",
            "label": "Clearance",
            "position": "100500",
            "half": "1",
            "confidence": "0.7319409251213074"
        },
        {
            "gameTime": "1 - 18:20",
            "label": "Clearance",
            "position": "1100000",
            "half": "1",
            "confidence": "0.6727592349052429"
        },
        {
            "gameTime": "1 - 18:8",
            "label": "Clearance",
            "position": "1088000",
            "half": "1",
            "confidence": "0.6323903203010559"
        },
        {
            "gameTime": "1 - 5:19",
            "label": "Clearance",
            "position": "319000",
            "half": "1",
            "confidence": "0.5583162307739258"
        },
        {
            "gameTime": "1 - 42:8",
            "label": "Clearance",
            "position": "2528500",
            "half": "1",
            "confidence": "0.548507571220398"
        },
        {
            "gameTime": "1 - 24:17",
            "label": "Clearance",
            "position": "1457500",
            "half": "1",
            "confidence": "0.5475797653198242"
        },
        {
            "gameTime": "1 - 14:52",
            "label": "Clearance",
            "position": "892000",
            "half": "1",
            "confidence": "0.5280988812446594"
        },
        {
            "gameTime": "1 - 29:28",
            "label": "Clearance",
            "position": "1768500",
            "half": "1",
            "confidence": "0.5220901966094971"
        },
        {
            "gameTime": "1 - 17:59",
            "label": "Ball out of play",
            "position": "1079500",
            "half": "1",
            "confidence": "0.884064793586731"
        },
        {
            "gameTime": "1 - 32:28",
            "label": "Ball out of play",
            "position": "1948500",
            "half": "1",
            "confidence": "0.8787832260131836"
        },
        {
            "gameTime": "1 - 3:1",
            "label": "Ball out of play",
            "position": "181500",
            "half": "1",
            "confidence": "0.8712564706802368"
        },
        {
            "gameTime": "1 - 2:49",
            "label": "Ball out of play",
            "position": "169000",
            "half": "1",
            "confidence": "0.8238541483879089"
        },
        {
            "gameTime": "1 - 9:11",
            "label": "Ball out of play",
            "position": "551500",
            "half": "1",
            "confidence": "0.8060958981513977"
        },
        {
            "gameTime": "1 - 19:42",
            "label": "Ball out of play",
            "position": "1182000",
            "half": "1",
            "confidence": "0.8050702214241028"
        },
        {
            "gameTime": "1 - 27:45",
            "label": "Ball out of play",
            "position": "1665500",
            "half": "1",
            "confidence": "0.7869842648506165"
        },
        {
            "gameTime": "1 - 17:49",
            "label": "Ball out of play",
            "position": "1069000",
            "half": "1",
            "confidence": "0.7808460593223572"
        },
        {
            "gameTime": "1 - 23:47",
            "label": "Ball out of play",
            "position": "1427500",
            "half": "1",
            "confidence": "0.7758662104606628"
        },
        {
            "gameTime": "1 - 45:16",
            "label": "Ball out of play",
            "position": "2716500",
            "half": "1",
            "confidence": "0.7752876281738281"
        },
        {
            "gameTime": "1 - 1:16",
            "label": "Ball out of play",
            "position": "76500",
            "half": "1",
            "confidence": "0.7658306956291199"
        },
        {
            "gameTime": "1 - 30:15",
            "label": "Ball out of play",
            "position": "1815500",
            "half": "1",
            "confidence": "0.755562961101532"
        },
        {
            "gameTime": "1 - 33:11",
            "label": "Ball out of play",
            "position": "1991000",
            "half": "1",
            "confidence": "0.7507889270782471"
        },
        {
            "gameTime": "1 - 32:59",
            "label": "Ball out of play",
            "position": "1979000",
            "half": "1",
            "confidence": "0.7385407090187073"
        },
        {
            "gameTime": "1 - 29:19",
            "label": "Ball out of play",
            "position": "1759000",
            "half": "1",
            "confidence": "0.735612690448761"
        },
        {
            "gameTime": "1 - 43:15",
            "label": "Ball out of play",
            "position": "2595500",
            "half": "1",
            "confidence": "0.7028704881668091"
        },
        {
            "gameTime": "1 - 11:18",
            "label": "Ball out of play",
            "position": "678000",
            "half": "1",
            "confidence": "0.7013154625892639"
        },
        {
            "gameTime": "1 - 29:7",
            "label": "Ball out of play",
            "position": "1747000",
            "half": "1",
            "confidence": "0.6977623701095581"
        },
        {
            "gameTime": "1 - 32:18",
            "label": "Ball out of play",
            "position": "1938000",
            "half": "1",
            "confidence": "0.697677493095398"
        },
        {
            "gameTime": "1 - 4:58",
            "label": "Ball out of play",
            "position": "298000",
            "half": "1",
            "confidence": "0.6861595511436462"
        },
        {
            "gameTime": "1 - 23:58",
            "label": "Ball out of play",
            "position": "1438000",
            "half": "1",
            "confidence": "0.6597079634666443"
        },
        {
            "gameTime": "1 - 37:36",
            "label": "Ball out of play",
            "position": "2256000",
            "half": "1",
            "confidence": "0.6429134011268616"
        },
        {
            "gameTime": "1 - 42:34",
            "label": "Ball out of play",
            "position": "2554000",
            "half": "1",
            "confidence": "0.6361371874809265"
        },
        {
            "gameTime": "1 - 4:46",
            "label": "Ball out of play",
            "position": "286000",
            "half": "1",
            "confidence": "0.6317161321640015"
        },
        {
            "gameTime": "1 - 14:34",
            "label": "Ball out of play",
            "position": "874500",
            "half": "1",
            "confidence": "0.6157898902893066"
        },
        {
            "gameTime": "1 - 43:25",
            "label": "Ball out of play",
            "position": "2605500",
            "half": "1",
            "confidence": "0.5999132990837097"
        },
        {
            "gameTime": "1 - 35:48",
            "label": "Ball out of play",
            "position": "2148000",
            "half": "1",
            "confidence": "0.579564094543457"
        },
        {
            "gameTime": "1 - 30:31",
            "label": "Ball out of play",
            "position": "1831500",
            "half": "1",
            "confidence": "0.5738131403923035"
        },
        {
            "gameTime": "1 - 45:26",
            "label": "Ball out of play",
            "position": "2726500",
            "half": "1",
            "confidence": "0.573585033416748"
        },
        {
            "gameTime": "1 - 36:29",
            "label": "Ball out of play",
            "position": "2189500",
            "half": "1",
            "confidence": "0.5713688731193542"
        },
        {
            "gameTime": "1 - 42:23",
            "label": "Ball out of play",
            "position": "2543500",
            "half": "1",
            "confidence": "0.5698525309562683"
        },
        {
            "gameTime": "1 - 17:14",
            "label": "Ball out of play",
            "position": "1034500",
            "half": "1",
            "confidence": "0.5669792890548706"
        },
        {
            "gameTime": "1 - 17:0",
            "label": "Ball out of play",
            "position": "1020000",
            "half": "1",
            "confidence": "0.5539299249649048"
        },
        {
            "gameTime": "1 - 36:41",
            "label": "Ball out of play",
            "position": "2201500",
            "half": "1",
            "confidence": "0.547203779220581"
        },
        {
            "gameTime": "1 - 27:35",
            "label": "Ball out of play",
            "position": "1655000",
            "half": "1",
            "confidence": "0.529100775718689"
        },
        {
            "gameTime": "1 - 15:18",
            "label": "Ball out of play",
            "position": "918000",
            "half": "1",
            "confidence": "0.5197049975395203"
        },
        {
            "gameTime": "1 - 3:29",
            "label": "Ball out of play",
            "position": "209500",
            "half": "1",
            "confidence": "0.5156203508377075"
        },
        {
            "gameTime": "1 - 28:27",
            "label": "Ball out of play",
            "position": "1707500",
            "half": "1",
            "confidence": "0.5088645815849304"
        },
        {
            "gameTime": "1 - 15:36",
            "label": "Ball out of play",
            "position": "936000",
            "half": "1",
            "confidence": "0.5056924223899841"
        },
        {
            "gameTime": "1 - 11:29",
            "label": "Ball out of play",
            "position": "689500",
            "half": "1",
            "confidence": "0.5016611814498901"
        },
        {
            "gameTime": "1 - 37:9",
            "label": "Ball out of play",
            "position": "2229500",
            "half": "1",
            "confidence": "0.5014921426773071"
        },
        {
            "gameTime": "1 - 43:22",
            "label": "Throw-in",
            "position": "2602500",
            "half": "1",
            "confidence": "0.9619110822677612"
        },
        {
            "gameTime": "1 - 43:12",
            "label": "Throw-in",
            "position": "2592000",
            "half": "1",
            "confidence": "0.9539413452148438"
        },
        {
            "gameTime": "1 - 42:32",
            "label": "Throw-in",
            "position": "2552500",
            "half": "1",
            "confidence": "0.7888296246528625"
        },
        {
            "gameTime": "1 - 7:19",
            "label": "Throw-in",
            "position": "439000",
            "half": "1",
            "confidence": "0.67226642370224"
        },
        {
            "gameTime": "1 - 42:20",
            "label": "Throw-in",
            "position": "2540000",
            "half": "1",
            "confidence": "0.6549481153488159"
        },
        {
            "gameTime": "1 - 45:58",
            "label": "Throw-in",
            "position": "2758000",
            "half": "1",
            "confidence": "0.5620929002761841"
        },
        {
            "gameTime": "1 - 13:26",
            "label": "Throw-in",
            "position": "806000",
            "half": "1",
            "confidence": "0.5142061710357666"
        },
        {
            "gameTime": "1 - 16:59",
            "label": "Throw-in",
            "position": "1019500",
            "half": "1",
            "confidence": "0.5063437819480896"
        },
        {
            "gameTime": "1 - 44:34",
            "label": "Foul",
            "position": "2674000",
            "half": "1",
            "confidence": "0.8215419054031372"
        },
        {
            "gameTime": "1 - 44:23",
            "label": "Foul",
            "position": "2663500",
            "half": "1",
            "confidence": "0.7906520366668701"
        },
        {
            "gameTime": "1 - 41:7",
            "label": "Foul",
            "position": "2467500",
            "half": "1",
            "confidence": "0.7073260545730591"
        },
        {
            "gameTime": "1 - 41:17",
            "label": "Foul",
            "position": "2477500",
            "half": "1",
            "confidence": "0.6092569828033447"
        },
        {
            "gameTime": "1 - 1:56",
            "label": "Foul",
            "position": "116500",
            "half": "1",
            "confidence": "0.5456243753433228"
        },
        {
            "gameTime": "1 - 30:12",
            "label": "Indirect free-kick",
            "position": "1812000",
            "half": "1",
            "confidence": "0.6311660408973694"
        },
        {
            "gameTime": "1 - 21:44",
            "label": "Indirect free-kick",
            "position": "1304500",
            "half": "1",
            "confidence": "0.6199808120727539"
        },
        {
            "gameTime": "1 - 26:30",
            "label": "Indirect free-kick",
            "position": "1590000",
            "half": "1",
            "confidence": "0.5472807884216309"
        },
        {
            "gameTime": "1 - 22:12",
            "label": "Indirect free-kick",
            "position": "1332500",
            "half": "1",
            "confidence": "0.5350990295410156"
        },
        {
            "gameTime": "1 - 40:0",
            "label": "Indirect free-kick",
            "position": "2400000",
            "half": "1",
            "confidence": "0.5274033546447754"
        },
        {
            "gameTime": "1 - 11:15",
            "label": "Direct free-kick",
            "position": "675000",
            "half": "1",
            "confidence": "0.8566147685050964"
        },
        {
            "gameTime": "1 - 27:6",
            "label": "Direct free-kick",
            "position": "1626000",
            "half": "1",
            "confidence": "0.5741151571273804"
        },
        {
            "gameTime": "1 - 9:43",
            "label": "Corner",
            "position": "583000",
            "half": "1",
            "confidence": "0.9799839854240417"
        },
        {
            "gameTime": "1 - 3:16",
            "label": "Corner",
            "position": "196500",
            "half": "1",
            "confidence": "0.9786651730537415"
        },
        {
            "gameTime": "1 - 15:34",
            "label": "Corner",
            "position": "934000",
            "half": "1",
            "confidence": "0.9647436141967773"
        },
        {
            "gameTime": "1 - 27:18",
            "label": "Corner",
            "position": "1638500",
            "half": "1",
            "confidence": "0.9583186507225037"
        },
        {
            "gameTime": "1 - 27:33",
            "label": "Corner",
            "position": "1653000",
            "half": "1",
            "confidence": "0.9301782846450806"
        },
        {
            "gameTime": "1 - 3:26",
            "label": "Corner",
            "position": "206500",
            "half": "1",
            "confidence": "0.8882716298103333"
        },
        {
            "gameTime": "1 - 9:32",
            "label": "Corner",
            "position": "572500",
            "half": "1",
            "confidence": "0.7725526094436646"
        },
        {
            "gameTime": "1 - 15:47",
            "label": "Corner",
            "position": "947000",
            "half": "1",
            "confidence": "0.7600376009941101"
        },
        {
            "gameTime": "1 - 24:15",
            "label": "Corner",
            "position": "1455000",
            "half": "1",
            "confidence": "0.7578861713409424"
        },
        {
            "gameTime": "1 - 35:56",
            "label": "Corner",
            "position": "2156500",
            "half": "1",
            "confidence": "0.7209275960922241"
        },
        {
            "gameTime": "1 - 27:7",
            "label": "Corner",
            "position": "1627500",
            "half": "1",
            "confidence": "0.6498059630393982"
        },
        {
            "gameTime": "1 - 10:28",
            "label": "Corner",
            "position": "628000",
            "half": "1",
            "confidence": "0.6278631091117859"
        },
        {
            "gameTime": "1 - 45:17",
            "label": "Corner",
            "position": "2717500",
            "half": "1",
            "confidence": "0.6254181265830994"
        },
        {
            "gameTime": "1 - 27:43",
            "label": "Corner",
            "position": "1663000",
            "half": "1",
            "confidence": "0.6181265711784363"
        },
        {
            "gameTime": "1 - 11:20",
            "label": "Corner",
            "position": "680000",
            "half": "1",
            "confidence": "0.5802103281021118"
        },
        {
            "gameTime": "1 - 15:3",
            "label": "Corner",
            "position": "903500",
            "half": "1",
            "confidence": "0.540791392326355"
        },
        {
            "gameTime": "1 - 24:0",
            "label": "Corner",
            "position": "1440000",
            "half": "1",
            "confidence": "0.5153867602348328"
        },
        {
            "gameTime": "1 - 13:17",
            "label": "Yellow card",
            "position": "797000",
            "half": "1",
            "confidence": "0.5851479768753052"
        },
        {
            "gameTime": "2 - 0:2",
            "label": "Kick-off",
            "position": "2500",
            "half": "2",
            "confidence": "0.9336794018745422"
        },
        {
            "gameTime": "2 - 18:37",
            "label": "Kick-off",
            "position": "1117500",
            "half": "2",
            "confidence": "0.6875391006469727"
        },
        {
            "gameTime": "2 - 17:28",
            "label": "Kick-off",
            "position": "1048000",
            "half": "2",
            "confidence": "0.6606881618499756"
        },
        {
            "gameTime": "2 - 0:13",
            "label": "Kick-off",
            "position": "13000",
            "half": "2",
            "confidence": "0.528575599193573"
        },
        {
            "gameTime": "2 - 16:41",
            "label": "Goal",
            "position": "1001000",
            "half": "2",
            "confidence": "0.9499269127845764"
        },
        {
            "gameTime": "2 - 25:45",
            "label": "Goal",
            "position": "1545000",
            "half": "2",
            "confidence": "0.6546726822853088"
        },
        {
            "gameTime": "2 - 46:33",
            "label": "Goal",
            "position": "2793000",
            "half": "2",
            "confidence": "0.6111580729484558"
        },
        {
            "gameTime": "2 - 16:27",
            "label": "Goal",
            "position": "987500",
            "half": "2",
            "confidence": "0.5494945645332336"
        },
        {
            "gameTime": "2 - 27:52",
            "label": "Substitution",
            "position": "1672500",
            "half": "2",
            "confidence": "0.9796088337898254"
        },
        {
            "gameTime": "2 - 27:42",
            "label": "Substitution",
            "position": "1662000",
            "half": "2",
            "confidence": "0.9409356713294983"
        },
        {
            "gameTime": "2 - 39:15",
            "label": "Substitution",
            "position": "2355500",
            "half": "2",
            "confidence": "0.895890474319458"
        },
        {
            "gameTime": "2 - 33:34",
            "label": "Substitution",
            "position": "2014000",
            "half": "2",
            "confidence": "0.7368760108947754"
        },
        {
            "gameTime": "2 - 20:15",
            "label": "Substitution",
            "position": "1215500",
            "half": "2",
            "confidence": "0.7107163071632385"
        },
        {
            "gameTime": "2 - 19:46",
            "label": "Substitution",
            "position": "1186500",
            "half": "2",
            "confidence": "0.6255669593811035"
        },
        {
            "gameTime": "2 - 28:2",
            "label": "Substitution",
            "position": "1682500",
            "half": "2",
            "confidence": "0.6056236028671265"
        },
        {
            "gameTime": "2 - 46:34",
            "label": "Shots on target",
            "position": "2794000",
            "half": "2",
            "confidence": "0.7619205117225647"
        },
        {
            "gameTime": "2 - 16:40",
            "label": "Shots on target",
            "position": "1000000",
            "half": "2",
            "confidence": "0.7222282290458679"
        },
        {
            "gameTime": "2 - 24:57",
            "label": "Shots on target",
            "position": "1497000",
            "half": "2",
            "confidence": "0.649779200553894"
        },
        {
            "gameTime": "2 - 28:30",
            "label": "Shots on target",
            "position": "1710000",
            "half": "2",
            "confidence": "0.5893990397453308"
        },
        {
            "gameTime": "2 - 16:29",
            "label": "Shots on target",
            "position": "989000",
            "half": "2",
            "confidence": "0.5854454636573792"
        },
        {
            "gameTime": "2 - 25:45",
            "label": "Shots on target",
            "position": "1545000",
            "half": "2",
            "confidence": "0.5725125074386597"
        },
        {
            "gameTime": "2 - 46:37",
            "label": "Shots off target",
            "position": "2797000",
            "half": "2",
            "confidence": "0.7524053454399109"
        },
        {
            "gameTime": "2 - 32:39",
            "label": "Shots off target",
            "position": "1959500",
            "half": "2",
            "confidence": "0.7082385420799255"
        },
        {
            "gameTime": "2 - 46:25",
            "label": "Shots off target",
            "position": "2785500",
            "half": "2",
            "confidence": "0.5206092000007629"
        },
        {
            "gameTime": "2 - 23:28",
            "label": "Clearance",
            "position": "1408500",
            "half": "2",
            "confidence": "0.8689256906509399"
        },
        {
            "gameTime": "2 - 29:6",
            "label": "Clearance",
            "position": "1746500",
            "half": "2",
            "confidence": "0.8576774001121521"
        },
        {
            "gameTime": "2 - 47:15",
            "label": "Clearance",
            "position": "2835500",
            "half": "2",
            "confidence": "0.737570583820343"
        },
        {
            "gameTime": "2 - 38:7",
            "label": "Clearance",
            "position": "2287000",
            "half": "2",
            "confidence": "0.6671429872512817"
        },
        {
            "gameTime": "2 - 34:33",
            "label": "Clearance",
            "position": "2073000",
            "half": "2",
            "confidence": "0.6430193781852722"
        },
        {
            "gameTime": "2 - 42:57",
            "label": "Clearance",
            "position": "2577000",
            "half": "2",
            "confidence": "0.5541940331459045"
        },
        {
            "gameTime": "2 - 4:30",
            "label": "Clearance",
            "position": "270500",
            "half": "2",
            "confidence": "0.5406509637832642"
        },
        {
            "gameTime": "2 - 9:45",
            "label": "Clearance",
            "position": "585000",
            "half": "2",
            "confidence": "0.5133272409439087"
        },
        {
            "gameTime": "2 - 6:35",
            "label": "Ball out of play",
            "position": "395000",
            "half": "2",
            "confidence": "0.9045482873916626"
        },
        {
            "gameTime": "2 - 12:20",
            "label": "Ball out of play",
            "position": "740000",
            "half": "2",
            "confidence": "0.8933022022247314"
        },
        {
            "gameTime": "2 - 22:40",
            "label": "Ball out of play",
            "position": "1360000",
            "half": "2",
            "confidence": "0.7941131591796875"
        },
        {
            "gameTime": "2 - 13:27",
            "label": "Ball out of play",
            "position": "807000",
            "half": "2",
            "confidence": "0.7872372269630432"
        },
        {
            "gameTime": "2 - 40:47",
            "label": "Ball out of play",
            "position": "2447000",
            "half": "2",
            "confidence": "0.7816217541694641"
        },
        {
            "gameTime": "2 - 46:41",
            "label": "Ball out of play",
            "position": "2801500",
            "half": "2",
            "confidence": "0.7633190155029297"
        },
        {
            "gameTime": "2 - 6:45",
            "label": "Ball out of play",
            "position": "405000",
            "half": "2",
            "confidence": "0.7587238550186157"
        },
        {
            "gameTime": "2 - 43:22",
            "label": "Ball out of play",
            "position": "2602000",
            "half": "2",
            "confidence": "0.7573454976081848"
        },
        {
            "gameTime": "2 - 23:42",
            "label": "Ball out of play",
            "position": "1422500",
            "half": "2",
            "confidence": "0.7483934760093689"
        },
        {
            "gameTime": "2 - 27:17",
            "label": "Ball out of play",
            "position": "1637500",
            "half": "2",
            "confidence": "0.7448051571846008"
        },
        {
            "gameTime": "2 - 31:11",
            "label": "Ball out of play",
            "position": "1871000",
            "half": "2",
            "confidence": "0.7443374395370483"
        },
        {
            "gameTime": "2 - 22:58",
            "label": "Ball out of play",
            "position": "1378500",
            "half": "2",
            "confidence": "0.7197162508964539"
        },
        {
            "gameTime": "2 - 27:32",
            "label": "Ball out of play",
            "position": "1652000",
            "half": "2",
            "confidence": "0.7146545648574829"
        },
        {
            "gameTime": "2 - 14:24",
            "label": "Ball out of play",
            "position": "864000",
            "half": "2",
            "confidence": "0.7105388045310974"
        },
        {
            "gameTime": "2 - 38:41",
            "label": "Ball out of play",
            "position": "2321500",
            "half": "2",
            "confidence": "0.6915071606636047"
        },
        {
            "gameTime": "2 - 7:9",
            "label": "Ball out of play",
            "position": "429500",
            "half": "2",
            "confidence": "0.6858386397361755"
        },
        {
            "gameTime": "2 - 37:37",
            "label": "Ball out of play",
            "position": "2257500",
            "half": "2",
            "confidence": "0.6854507923126221"
        },
        {
            "gameTime": "2 - 38:51",
            "label": "Ball out of play",
            "position": "2331500",
            "half": "2",
            "confidence": "0.6838023066520691"
        },
        {
            "gameTime": "2 - 43:32",
            "label": "Ball out of play",
            "position": "2612000",
            "half": "2",
            "confidence": "0.6745061278343201"
        },
        {
            "gameTime": "2 - 33:4",
            "label": "Ball out of play",
            "position": "1984000",
            "half": "2",
            "confidence": "0.6594409942626953"
        },
        {
            "gameTime": "2 - 15:47",
            "label": "Ball out of play",
            "position": "947000",
            "half": "2",
            "confidence": "0.6294280290603638"
        },
        {
            "gameTime": "2 - 16:32",
            "label": "Ball out of play",
            "position": "992000",
            "half": "2",
            "confidence": "0.6255195140838623"
        },
        {
            "gameTime": "2 - 27:4",
            "label": "Ball out of play",
            "position": "1624500",
            "half": "2",
            "confidence": "0.6136409640312195"
        },
        {
            "gameTime": "2 - 34:35",
            "label": "Ball out of play",
            "position": "2075000",
            "half": "2",
            "confidence": "0.6084778904914856"
        },
        {
            "gameTime": "2 - 7:19",
            "label": "Ball out of play",
            "position": "439500",
            "half": "2",
            "confidence": "0.6023830771446228"
        },
        {
            "gameTime": "2 - 15:57",
            "label": "Ball out of play",
            "position": "957000",
            "half": "2",
            "confidence": "0.5912513136863708"
        },
        {
            "gameTime": "2 - 20:55",
            "label": "Ball out of play",
            "position": "1255000",
            "half": "2",
            "confidence": "0.5910558700561523"
        },
        {
            "gameTime": "2 - 38:21",
            "label": "Ball out of play",
            "position": "2301500",
            "half": "2",
            "confidence": "0.5891737937927246"
        },
        {
            "gameTime": "2 - 12:41",
            "label": "Ball out of play",
            "position": "761000",
            "half": "2",
            "confidence": "0.5829315185546875"
        },
        {
            "gameTime": "2 - 6:24",
            "label": "Ball out of play",
            "position": "384500",
            "half": "2",
            "confidence": "0.5817769765853882"
        },
        {
            "gameTime": "2 - 46:31",
            "label": "Ball out of play",
            "position": "2791000",
            "half": "2",
            "confidence": "0.5762971043586731"
        },
        {
            "gameTime": "2 - 19:16",
            "label": "Ball out of play",
            "position": "1156000",
            "half": "2",
            "confidence": "0.5668862462043762"
        },
        {
            "gameTime": "2 - 30:59",
            "label": "Ball out of play",
            "position": "1859500",
            "half": "2",
            "confidence": "0.5652627944946289"
        },
        {
            "gameTime": "2 - 32:21",
            "label": "Ball out of play",
            "position": "1941000",
            "half": "2",
            "confidence": "0.5557625889778137"
        },
        {
            "gameTime": "2 - 9:44",
            "label": "Ball out of play",
            "position": "584500",
            "half": "2",
            "confidence": "0.5454983115196228"
        },
        {
            "gameTime": "2 - 40:35",
            "label": "Ball out of play",
            "position": "2435500",
            "half": "2",
            "confidence": "0.539465606212616"
        },
        {
            "gameTime": "2 - 25:55",
            "label": "Ball out of play",
            "position": "1555500",
            "half": "2",
            "confidence": "0.5355839133262634"
        },
        {
            "gameTime": "2 - 28:27",
            "label": "Ball out of play",
            "position": "1707500",
            "half": "2",
            "confidence": "0.532829225063324"
        },
        {
            "gameTime": "2 - 26:52",
            "label": "Ball out of play",
            "position": "1612500",
            "half": "2",
            "confidence": "0.5155574083328247"
        },
        {
            "gameTime": "2 - 32:41",
            "label": "Ball out of play",
            "position": "1961500",
            "half": "2",
            "confidence": "0.5127955079078674"
        },
        {
            "gameTime": "2 - 6:7",
            "label": "Ball out of play",
            "position": "367000",
            "half": "2",
            "confidence": "0.5051032900810242"
        },
        {
            "gameTime": "2 - 21:6",
            "label": "Ball out of play",
            "position": "1266000",
            "half": "2",
            "confidence": "0.5030932426452637"
        },
        {
            "gameTime": "2 - 22:47",
            "label": "Throw-in",
            "position": "1367500",
            "half": "2",
            "confidence": "0.9485034346580505"
        },
        {
            "gameTime": "2 - 22:37",
            "label": "Throw-in",
            "position": "1357000",
            "half": "2",
            "confidence": "0.9280819296836853"
        },
        {
            "gameTime": "2 - 43:32",
            "label": "Throw-in",
            "position": "2612500",
            "half": "2",
            "confidence": "0.915547788143158"
        },
        {
            "gameTime": "2 - 13:34",
            "label": "Throw-in",
            "position": "814000",
            "half": "2",
            "confidence": "0.906560480594635"
        },
        {
            "gameTime": "2 - 31:8",
            "label": "Throw-in",
            "position": "1868000",
            "half": "2",
            "confidence": "0.9015432000160217"
        },
        {
            "gameTime": "2 - 21:23",
            "label": "Throw-in",
            "position": "1283000",
            "half": "2",
            "confidence": "0.8254560828208923"
        },
        {
            "gameTime": "2 - 13:44",
            "label": "Throw-in",
            "position": "824000",
            "half": "2",
            "confidence": "0.7491092681884766"
        },
        {
            "gameTime": "2 - 31:18",
            "label": "Throw-in",
            "position": "1878000",
            "half": "2",
            "confidence": "0.700272798538208"
        },
        {
            "gameTime": "2 - 21:33",
            "label": "Throw-in",
            "position": "1293500",
            "half": "2",
            "confidence": "0.6528946161270142"
        },
        {
            "gameTime": "2 - 6:18",
            "label": "Throw-in",
            "position": "378500",
            "half": "2",
            "confidence": "0.6476765275001526"
        },
        {
            "gameTime": "2 - 12:27",
            "label": "Throw-in",
            "position": "747000",
            "half": "2",
            "confidence": "0.6444308757781982"
        },
        {
            "gameTime": "2 - 7:45",
            "label": "Throw-in",
            "position": "465000",
            "half": "2",
            "confidence": "0.6045053005218506"
        },
        {
            "gameTime": "2 - 43:22",
            "label": "Throw-in",
            "position": "2602000",
            "half": "2",
            "confidence": "0.569123387336731"
        },
        {
            "gameTime": "2 - 19:23",
            "label": "Throw-in",
            "position": "1163500",
            "half": "2",
            "confidence": "0.5645597577095032"
        },
        {
            "gameTime": "2 - 38:31",
            "label": "Throw-in",
            "position": "2311000",
            "half": "2",
            "confidence": "0.5309857726097107"
        },
        {
            "gameTime": "2 - 7:34",
            "label": "Throw-in",
            "position": "454500",
            "half": "2",
            "confidence": "0.5172370672225952"
        },
        {
            "gameTime": "2 - 28:23",
            "label": "Direct free-kick",
            "position": "1703500",
            "half": "2",
            "confidence": "0.7108476161956787"
        },
        {
            "gameTime": "2 - 28:33",
            "label": "Direct free-kick",
            "position": "1713500",
            "half": "2",
            "confidence": "0.5194969177246094"
        },
        {
            "gameTime": "2 - 25:0",
            "label": "Corner",
            "position": "1500000",
            "half": "2",
            "confidence": "0.9588788747787476"
        },
        {
            "gameTime": "2 - 28:34",
            "label": "Corner",
            "position": "1714500",
            "half": "2",
            "confidence": "0.948073148727417"
        },
        {
            "gameTime": "2 - 7:22",
            "label": "Corner",
            "position": "442000",
            "half": "2",
            "confidence": "0.9339240789413452"
        },
        {
            "gameTime": "2 - 13:14",
            "label": "Corner",
            "position": "794500",
            "half": "2",
            "confidence": "0.9203970432281494"
        },
        {
            "gameTime": "2 - 41:0",
            "label": "Corner",
            "position": "2460000",
            "half": "2",
            "confidence": "0.9192686676979065"
        },
        {
            "gameTime": "2 - 37:0",
            "label": "Corner",
            "position": "2220000",
            "half": "2",
            "confidence": "0.9017296433448792"
        },
        {
            "gameTime": "2 - 28:23",
            "label": "Corner",
            "position": "1703500",
            "half": "2",
            "confidence": "0.899412989616394"
        },
        {
            "gameTime": "2 - 7:9",
            "label": "Corner",
            "position": "429500",
            "half": "2",
            "confidence": "0.8928948640823364"
        },
        {
            "gameTime": "2 - 13:24",
            "label": "Corner",
            "position": "804500",
            "half": "2",
            "confidence": "0.7800390720367432"
        },
        {
            "gameTime": "2 - 45:48",
            "label": "Corner",
            "position": "2748000",
            "half": "2",
            "confidence": "0.7297821640968323"
        },
        {
            "gameTime": "2 - 37:11",
            "label": "Corner",
            "position": "2231000",
            "half": "2",
            "confidence": "0.7231543660163879"
        },
        {
            "gameTime": "2 - 12:55",
            "label": "Corner",
            "position": "775000",
            "half": "2",
            "confidence": "0.7194363474845886"
        },
        {
            "gameTime": "2 - 25:55",
            "label": "Corner",
            "position": "1555000",
            "half": "2",
            "confidence": "0.6996433734893799"
        },
        {
            "gameTime": "2 - 46:40",
            "label": "Corner",
            "position": "2800500",
            "half": "2",
            "confidence": "0.6927716732025146"
        },
        {
            "gameTime": "2 - 32:41",
            "label": "Corner",
            "position": "1961000",
            "half": "2",
            "confidence": "0.6836453080177307"
        },
        {
            "gameTime": "2 - 12:7",
            "label": "Corner",
            "position": "727000",
            "half": "2",
            "confidence": "0.6812855005264282"
        },
        {
            "gameTime": "2 - 25:16",
            "label": "Corner",
            "position": "1516000",
            "half": "2",
            "confidence": "0.6669023036956787"
        },
        {
            "gameTime": "2 - 16:41",
            "label": "Corner",
            "position": "1001000",
            "half": "2",
            "confidence": "0.6397649049758911"
        },
        {
            "gameTime": "2 - 14:26",
            "label": "Corner",
            "position": "866000",
            "half": "2",
            "confidence": "0.5881374478340149"
        },
        {
            "gameTime": "2 - 39:22",
            "label": "Corner",
            "position": "2362500",
            "half": "2",
            "confidence": "0.5839495658874512"
        },
        {
            "gameTime": "2 - 41:10",
            "label": "Corner",
            "position": "2470000",
            "half": "2",
            "confidence": "0.5782602429389954"
        }
    ]
}