{
    "UrlLocal": "germany_bundesliga/2015-2016/2015-11-08 - 17-30 Dortmund 3 - 2 Schalke",
    "predictions": [
        {
            "gameTime": "1 - 0:0",
            "label": "Kick-off",
            "position": "0",
            "half": "1",
            "confidence": "0.8007836937904358"
        },
        {
            "gameTime": "1 - 43:31",
            "label": "Kick-off",
            "position": "2611500",
            "half": "1",
            "confidence": "0.7079318165779114"
        },
        {
            "gameTime": "1 - 30:40",
            "label": "Kick-off",
            "position": "1840500",
            "half": "1",
            "confidence": "0.7057584524154663"
        },
        {
            "gameTime": "1 - 37:38",
            "label": "Kick-off",
            "position": "2258000",
            "half": "1",
            "confidence": "0.5158610343933105"
        },
        {
            "gameTime": "1 - 29:39",
            "label": "Goal",
            "position": "1779000",
            "half": "1",
            "confidence": "0.9858825206756592"
        },
        {
            "gameTime": "1 - 42:42",
            "label": "Goal",
            "position": "2562000",
            "half": "1",
            "confidence": "0.9333969950675964"
        },
        {
            "gameTime": "1 - 32:12",
            "label": "Goal",
            "position": "1932000",
            "half": "1",
            "confidence": "0.8399695754051208"
        },
        {
            "gameTime": "1 - 32:1",
            "label": "Goal",
            "position": "1921500",
            "half": "1",
            "confidence": "0.8105836510658264"
        },
        {
            "gameTime": "1 - 40:15",
            "label": "Offside",
            "position": "2415500",
            "half": "1",
            "confidence": "0.6527463793754578"
        },
        {
            "gameTime": "1 - 40:5",
            "label": "Offside",
            "position": "2405000",
            "half": "1",
            "confidence": "0.5398721694946289"
        },
        {
            "gameTime": "1 - 29:39",
            "label": "Shots on target",
            "position": "1779000",
            "half": "1",
            "confidence": "0.9166932106018066"
        },
        {
            "gameTime": "1 - 41:41",
            "label": "Shots on target",
            "position": "2501500",
            "half": "1",
            "confidence": "0.7364382147789001"
        },
        {
            "gameTime": "1 - 7:31",
            "label": "Shots on target",
            "position": "451000",
            "half": "1",
            "confidence": "0.6807454824447632"
        },
        {
            "gameTime": "1 - 27:46",
            "label": "Shots on target",
            "position": "1666000",
            "half": "1",
            "confidence": "0.6592015027999878"
        },
        {
            "gameTime": "1 - 32:11",
            "label": "Shots on target",
            "position": "1931500",
            "half": "1",
            "confidence": "0.647103488445282"
        },
        {
            "gameTime": "1 - 36:58",
            "label": "Shots on target",
            "position": "2218000",
            "half": "1",
            "confidence": "0.6428858041763306"
        },
        {
            "gameTime": "1 - 7:18",
            "label": "Shots on target",
            "position": "438000",
            "half": "1",
            "confidence": "0.6269969940185547"
        },
        {
            "gameTime": "1 - 27:10",
            "label": "Shots on target",
            "position": "1630000",
            "half": "1",
            "confidence": "0.6245649456977844"
        },
        {
            "gameTime": "1 - 21:46",
            "label": "Shots on target",
            "position": "1306000",
            "half": "1",
            "confidence": "0.6194851398468018"
        },
        {
            "gameTime": "1 - 42:42",
            "label": "Shots on target",
            "position": "2562000",
            "half": "1",
            "confidence": "0.5655211210250854"
        },
        {
            "gameTime": "1 - 34:47",
            "label": "Shots on target",
            "position": "2087500",
            "half": "1",
            "confidence": "0.5619733929634094"
        },
        {
            "gameTime": "1 - 21:59",
            "label": "Shots on target",
            "position": "1319000",
            "half": "1",
            "confidence": "0.5565333962440491"
        },
        {
            "gameTime": "1 - 34:38",
            "label": "Shots off target",
            "position": "2078500",
            "half": "1",
            "confidence": "0.9158930778503418"
        },
        {
            "gameTime": "1 - 36:58",
            "label": "Shots off target",
            "position": "2218000",
            "half": "1",
            "confidence": "0.84745192527771"
        },
        {
            "gameTime": "1 - 34:48",
            "label": "Shots off target",
            "position": "2088500",
            "half": "1",
            "confidence": "0.773897111415863"
        },
        {
            "gameTime": "1 - 21:58",
            "label": "Shots off target",
            "position": "1318500",
            "half": "1",
            "confidence": "0.7709410190582275"
        },
        {
            "gameTime": "1 - 21:48",
            "label": "Shots off target",
            "position": "1308000",
            "half": "1",
            "confidence": "0.5968266725540161"
        },
        {
            "gameTime": "1 - 42:9",
            "label": "Shots off target",
            "position": "2529500",
            "half": "1",
            "confidence": "0.5432643890380859"
        },
        {
            "gameTime": "1 - 8:36",
            "label": "Clearance",
            "position": "516500",
            "half": "1",
            "confidence": "0.8903470635414124"
        },
        {
            "gameTime": "1 - 20:43",
            "label": "Clearance",
            "position": "1243500",
            "half": "1",
            "confidence": "0.8705753087997437"
        },
        {
            "gameTime": "1 - 20:53",
            "label": "Clearance",
            "position": "1253500",
            "half": "1",
            "confidence": "0.8202633261680603"
        },
        {
            "gameTime": "1 - 8:25",
            "label": "Clearance",
            "position": "505500",
            "half": "1",
            "confidence": "0.7793043851852417"
        },
        {
            "gameTime": "1 - 30:45",
            "label": "Clearance",
            "position": "1845000",
            "half": "1",
            "confidence": "0.6475621461868286"
        },
        {
            "gameTime": "1 - 39:32",
            "label": "Clearance",
            "position": "2372000",
            "half": "1",
            "confidence": "0.5272864699363708"
        },
        {
            "gameTime": "1 - 32:9",
            "label": "Ball out of play",
            "position": "1929500",
            "half": "1",
            "confidence": "0.9339110851287842"
        },
        {
            "gameTime": "1 - 28:59",
            "label": "Ball out of play",
            "position": "1739000",
            "half": "1",
            "confidence": "0.9332939982414246"
        },
        {
            "gameTime": "1 - 2:4",
            "label": "Ball out of play",
            "position": "124000",
            "half": "1",
            "confidence": "0.9207908511161804"
        },
        {
            "gameTime": "1 - 10:55",
            "label": "Ball out of play",
            "position": "655000",
            "half": "1",
            "confidence": "0.9097779989242554"
        },
        {
            "gameTime": "1 - 1:49",
            "label": "Ball out of play",
            "position": "109500",
            "half": "1",
            "confidence": "0.9088560938835144"
        },
        {
            "gameTime": "1 - 4:29",
            "label": "Ball out of play",
            "position": "269000",
            "half": "1",
            "confidence": "0.9066706299781799"
        },
        {
            "gameTime": "1 - 17:9",
            "label": "Ball out of play",
            "position": "1029500",
            "half": "1",
            "confidence": "0.9033975601196289"
        },
        {
            "gameTime": "1 - 11:49",
            "label": "Ball out of play",
            "position": "709000",
            "half": "1",
            "confidence": "0.8798109889030457"
        },
        {
            "gameTime": "1 - 41:59",
            "label": "Ball out of play",
            "position": "2519000",
            "half": "1",
            "confidence": "0.8636653423309326"
        },
        {
            "gameTime": "1 - 10:42",
            "label": "Ball out of play",
            "position": "642500",
            "half": "1",
            "confidence": "0.8634797930717468"
        },
        {
            "gameTime": "1 - 38:46",
            "label": "Ball out of play",
            "position": "2326000",
            "half": "1",
            "confidence": "0.8608503341674805"
        },
        {
            "gameTime": "1 - 42:9",
            "label": "Ball out of play",
            "position": "2529500",
            "half": "1",
            "confidence": "0.8540375828742981"
        },
        {
            "gameTime": "1 - 21:59",
            "label": "Ball out of play",
            "position": "1319500",
            "half": "1",
            "confidence": "0.853760302066803"
        },
        {
            "gameTime": "1 - 4:39",
            "label": "Ball out of play",
            "position": "279000",
            "half": "1",
            "confidence": "0.8498144149780273"
        },
        {
            "gameTime": "1 - 19:11",
            "label": "Ball out of play",
            "position": "1151500",
            "half": "1",
            "confidence": "0.8409424424171448"
        },
        {
            "gameTime": "1 - 16:59",
            "label": "Ball out of play",
            "position": "1019000",
            "half": "1",
            "confidence": "0.8274814486503601"
        },
        {
            "gameTime": "1 - 34:36",
            "label": "Ball out of play",
            "position": "2076500",
            "half": "1",
            "confidence": "0.8246168494224548"
        },
        {
            "gameTime": "1 - 44:20",
            "label": "Ball out of play",
            "position": "2660000",
            "half": "1",
            "confidence": "0.8211501240730286"
        },
        {
            "gameTime": "1 - 18:55",
            "label": "Ball out of play",
            "position": "1135500",
            "half": "1",
            "confidence": "0.8132612705230713"
        },
        {
            "gameTime": "1 - 34:48",
            "label": "Ball out of play",
            "position": "2088500",
            "half": "1",
            "confidence": "0.8052268624305725"
        },
        {
            "gameTime": "1 - 26:59",
            "label": "Ball out of play",
            "position": "1619500",
            "half": "1",
            "confidence": "0.8018423318862915"
        },
        {
            "gameTime": "1 - 25:29",
            "label": "Ball out of play",
            "position": "1529500",
            "half": "1",
            "confidence": "0.7958826422691345"
        },
        {
            "gameTime": "1 - 18:11",
            "label": "Ball out of play",
            "position": "1091000",
            "half": "1",
            "confidence": "0.7704473733901978"
        },
        {
            "gameTime": "1 - 3:35",
            "label": "Ball out of play",
            "position": "215500",
            "half": "1",
            "confidence": "0.7664739489555359"
        },
        {
            "gameTime": "1 - 44:47",
            "label": "Ball out of play",
            "position": "2687000",
            "half": "1",
            "confidence": "0.7664576768875122"
        },
        {
            "gameTime": "1 - 44:9",
            "label": "Ball out of play",
            "position": "2649500",
            "half": "1",
            "confidence": "0.7553032040596008"
        },
        {
            "gameTime": "1 - 31:59",
            "label": "Ball out of play",
            "position": "1919000",
            "half": "1",
            "confidence": "0.753247857093811"
        },
        {
            "gameTime": "1 - 11:5",
            "label": "Ball out of play",
            "position": "665500",
            "half": "1",
            "confidence": "0.7523931860923767"
        },
        {
            "gameTime": "1 - 38:56",
            "label": "Ball out of play",
            "position": "2336000",
            "half": "1",
            "confidence": "0.7459649443626404"
        },
        {
            "gameTime": "1 - 25:19",
            "label": "Ball out of play",
            "position": "1519000",
            "half": "1",
            "confidence": "0.7422577142715454"
        },
        {
            "gameTime": "1 - 36:57",
            "label": "Ball out of play",
            "position": "2217000",
            "half": "1",
            "confidence": "0.7418821454048157"
        },
        {
            "gameTime": "1 - 25:39",
            "label": "Ball out of play",
            "position": "1539500",
            "half": "1",
            "confidence": "0.7345241904258728"
        },
        {
            "gameTime": "1 - 21:48",
            "label": "Ball out of play",
            "position": "1308000",
            "half": "1",
            "confidence": "0.7213917970657349"
        },
        {
            "gameTime": "1 - 3:24",
            "label": "Ball out of play",
            "position": "204000",
            "half": "1",
            "confidence": "0.7112283110618591"
        },
        {
            "gameTime": "1 - 0:13",
            "label": "Ball out of play",
            "position": "13500",
            "half": "1",
            "confidence": "0.7086677551269531"
        },
        {
            "gameTime": "1 - 9:4",
            "label": "Ball out of play",
            "position": "544500",
            "half": "1",
            "confidence": "0.6945822834968567"
        },
        {
            "gameTime": "1 - 11:59",
            "label": "Ball out of play",
            "position": "719000",
            "half": "1",
            "confidence": "0.6908143162727356"
        },
        {
            "gameTime": "1 - 21:3",
            "label": "Ball out of play",
            "position": "1263500",
            "half": "1",
            "confidence": "0.6735082864761353"
        },
        {
            "gameTime": "1 - 2:14",
            "label": "Ball out of play",
            "position": "134000",
            "half": "1",
            "confidence": "0.6474449038505554"
        },
        {
            "gameTime": "1 - 29:38",
            "label": "Ball out of play",
            "position": "1778000",
            "half": "1",
            "confidence": "0.6444874405860901"
        },
        {
            "gameTime": "1 - 31:25",
            "label": "Ball out of play",
            "position": "1885500",
            "half": "1",
            "confidence": "0.6299005746841431"
        },
        {
            "gameTime": "1 - 18:0",
            "label": "Ball out of play",
            "position": "1080500",
            "half": "1",
            "confidence": "0.629006028175354"
        },
        {
            "gameTime": "1 - 15:2",
            "label": "Ball out of play",
            "position": "902500",
            "half": "1",
            "confidence": "0.6279860734939575"
        },
        {
            "gameTime": "1 - 11:38",
            "label": "Ball out of play",
            "position": "698500",
            "half": "1",
            "confidence": "0.6250375509262085"
        },
        {
            "gameTime": "1 - 27:46",
            "label": "Ball out of play",
            "position": "1666500",
            "half": "1",
            "confidence": "0.6214296221733093"
        },
        {
            "gameTime": "1 - 24:11",
            "label": "Ball out of play",
            "position": "1451500",
            "half": "1",
            "confidence": "0.6207980513572693"
        },
        {
            "gameTime": "1 - 1:38",
            "label": "Ball out of play",
            "position": "98000",
            "half": "1",
            "confidence": "0.6176989674568176"
        },
        {
            "gameTime": "1 - 42:28",
            "label": "Ball out of play",
            "position": "2548500",
            "half": "1",
            "confidence": "0.5885261297225952"
        },
        {
            "gameTime": "1 - 41:25",
            "label": "Ball out of play",
            "position": "2485000",
            "half": "1",
            "confidence": "0.5872116088867188"
        },
        {
            "gameTime": "1 - 29:14",
            "label": "Ball out of play",
            "position": "1754500",
            "half": "1",
            "confidence": "0.5776220560073853"
        },
        {
            "gameTime": "1 - 0:24",
            "label": "Ball out of play",
            "position": "24000",
            "half": "1",
            "confidence": "0.576416015625"
        },
        {
            "gameTime": "1 - 19:48",
            "label": "Ball out of play",
            "position": "1188000",
            "half": "1",
            "confidence": "0.5719996690750122"
        },
        {
            "gameTime": "1 - 27:57",
            "label": "Ball out of play",
            "position": "1677500",
            "half": "1",
            "confidence": "0.547337532043457"
        },
        {
            "gameTime": "1 - 27:9",
            "label": "Ball out of play",
            "position": "1629500",
            "half": "1",
            "confidence": "0.5431432723999023"
        },
        {
            "gameTime": "1 - 36:27",
            "label": "Ball out of play",
            "position": "2187000",
            "half": "1",
            "confidence": "0.5262869000434875"
        },
        {
            "gameTime": "1 - 25:3",
            "label": "Ball out of play",
            "position": "1503000",
            "half": "1",
            "confidence": "0.5231704711914062"
        },
        {
            "gameTime": "1 - 8:10",
            "label": "Ball out of play",
            "position": "490000",
            "half": "1",
            "confidence": "0.5219830274581909"
        },
        {
            "gameTime": "1 - 20:50",
            "label": "Ball out of play",
            "position": "1250000",
            "half": "1",
            "confidence": "0.5173311829566956"
        },
        {
            "gameTime": "1 - 6:23",
            "label": "Ball out of play",
            "position": "383500",
            "half": "1",
            "confidence": "0.5162484645843506"
        },
        {
            "gameTime": "1 - 13:58",
            "label": "Ball out of play",
            "position": "838000",
            "half": "1",
            "confidence": "0.5068936347961426"
        },
        {
            "gameTime": "1 - 24:21",
            "label": "Ball out of play",
            "position": "1461500",
            "half": "1",
            "confidence": "0.5040984153747559"
        },
        {
            "gameTime": "1 - 11:7",
            "label": "Throw-in",
            "position": "667500",
            "half": "1",
            "confidence": "0.9958666563034058"
        },
        {
            "gameTime": "1 - 10:56",
            "label": "Throw-in",
            "position": "656500",
            "half": "1",
            "confidence": "0.9887686967849731"
        },
        {
            "gameTime": "1 - 28:59",
            "label": "Throw-in",
            "position": "1739000",
            "half": "1",
            "confidence": "0.9877496361732483"
        },
        {
            "gameTime": "1 - 25:39",
            "label": "Throw-in",
            "position": "1539500",
            "half": "1",
            "confidence": "0.9844697713851929"
        },
        {
            "gameTime": "1 - 2:4",
            "label": "Throw-in",
            "position": "124000",
            "half": "1",
            "confidence": "0.9746382236480713"
        },
        {
            "gameTime": "1 - 44:46",
            "label": "Throw-in",
            "position": "2686000",
            "half": "1",
            "confidence": "0.9707177877426147"
        },
        {
            "gameTime": "1 - 29:11",
            "label": "Throw-in",
            "position": "1751500",
            "half": "1",
            "confidence": "0.9672320485115051"
        },
        {
            "gameTime": "1 - 17:4",
            "label": "Throw-in",
            "position": "1024000",
            "half": "1",
            "confidence": "0.9543787240982056"
        },
        {
            "gameTime": "1 - 31:26",
            "label": "Throw-in",
            "position": "1886500",
            "half": "1",
            "confidence": "0.942901611328125"
        },
        {
            "gameTime": "1 - 4:31",
            "label": "Throw-in",
            "position": "271000",
            "half": "1",
            "confidence": "0.9361019730567932"
        },
        {
            "gameTime": "1 - 44:25",
            "label": "Throw-in",
            "position": "2665500",
            "half": "1",
            "confidence": "0.9169124364852905"
        },
        {
            "gameTime": "1 - 13:51",
            "label": "Throw-in",
            "position": "831000",
            "half": "1",
            "confidence": "0.8792269229888916"
        },
        {
            "gameTime": "1 - 21:4",
            "label": "Throw-in",
            "position": "1264000",
            "half": "1",
            "confidence": "0.8750770688056946"
        },
        {
            "gameTime": "1 - 44:11",
            "label": "Throw-in",
            "position": "2651500",
            "half": "1",
            "confidence": "0.8746737837791443"
        },
        {
            "gameTime": "1 - 38:55",
            "label": "Throw-in",
            "position": "2335500",
            "half": "1",
            "confidence": "0.8737366199493408"
        },
        {
            "gameTime": "1 - 31:36",
            "label": "Throw-in",
            "position": "1896500",
            "half": "1",
            "confidence": "0.8667634725570679"
        },
        {
            "gameTime": "1 - 25:52",
            "label": "Throw-in",
            "position": "1552000",
            "half": "1",
            "confidence": "0.8525349497795105"
        },
        {
            "gameTime": "1 - 9:11",
            "label": "Throw-in",
            "position": "551000",
            "half": "1",
            "confidence": "0.8379898071289062"
        },
        {
            "gameTime": "1 - 3:35",
            "label": "Throw-in",
            "position": "215500",
            "half": "1",
            "confidence": "0.8305613398551941"
        },
        {
            "gameTime": "1 - 25:29",
            "label": "Throw-in",
            "position": "1529000",
            "half": "1",
            "confidence": "0.8196420073509216"
        },
        {
            "gameTime": "1 - 16:53",
            "label": "Throw-in",
            "position": "1013500",
            "half": "1",
            "confidence": "0.8158266544342041"
        },
        {
            "gameTime": "1 - 4:41",
            "label": "Throw-in",
            "position": "281000",
            "half": "1",
            "confidence": "0.80516117811203"
        },
        {
            "gameTime": "1 - 38:45",
            "label": "Throw-in",
            "position": "2325000",
            "half": "1",
            "confidence": "0.7978286147117615"
        },
        {
            "gameTime": "1 - 44:56",
            "label": "Throw-in",
            "position": "2696000",
            "half": "1",
            "confidence": "0.7919482588768005"
        },
        {
            "gameTime": "1 - 11:56",
            "label": "Throw-in",
            "position": "716500",
            "half": "1",
            "confidence": "0.7771885395050049"
        },
        {
            "gameTime": "1 - 2:14",
            "label": "Throw-in",
            "position": "134000",
            "half": "1",
            "confidence": "0.7645823955535889"
        },
        {
            "gameTime": "1 - 41:25",
            "label": "Throw-in",
            "position": "2485000",
            "half": "1",
            "confidence": "0.720356822013855"
        },
        {
            "gameTime": "1 - 24:11",
            "label": "Throw-in",
            "position": "1451000",
            "half": "1",
            "confidence": "0.7065140604972839"
        },
        {
            "gameTime": "1 - 10:45",
            "label": "Throw-in",
            "position": "645000",
            "half": "1",
            "confidence": "0.6640552878379822"
        },
        {
            "gameTime": "1 - 28:4",
            "label": "Throw-in",
            "position": "1684000",
            "half": "1",
            "confidence": "0.6238902807235718"
        },
        {
            "gameTime": "1 - 18:4",
            "label": "Throw-in",
            "position": "1084500",
            "half": "1",
            "confidence": "0.6229314208030701"
        },
        {
            "gameTime": "1 - 14:1",
            "label": "Throw-in",
            "position": "841000",
            "half": "1",
            "confidence": "0.6063187718391418"
        },
        {
            "gameTime": "1 - 27:53",
            "label": "Throw-in",
            "position": "1673500",
            "half": "1",
            "confidence": "0.6048301458358765"
        },
        {
            "gameTime": "1 - 9:24",
            "label": "Throw-in",
            "position": "564000",
            "half": "1",
            "confidence": "0.5841942429542542"
        },
        {
            "gameTime": "1 - 3:24",
            "label": "Throw-in",
            "position": "204000",
            "half": "1",
            "confidence": "0.5696682929992676"
        },
        {
            "gameTime": "1 - 6:17",
            "label": "Throw-in",
            "position": "377500",
            "half": "1",
            "confidence": "0.5619217753410339"
        },
        {
            "gameTime": "1 - 26:51",
            "label": "Throw-in",
            "position": "1611500",
            "half": "1",
            "confidence": "0.5354553461074829"
        },
        {
            "gameTime": "1 - 13:37",
            "label": "Throw-in",
            "position": "817000",
            "half": "1",
            "confidence": "0.5309398174285889"
        },
        {
            "gameTime": "1 - 19:49",
            "label": "Throw-in",
            "position": "1189500",
            "half": "1",
            "confidence": "0.51679927110672"
        },
        {
            "gameTime": "1 - 19:59",
            "label": "Throw-in",
            "position": "1199500",
            "half": "1",
            "confidence": "0.5002537965774536"
        },
        {
            "gameTime": "1 - 35:54",
            "label": "Foul",
            "position": "2154000",
            "half": "1",
            "confidence": "0.8202348947525024"
        },
        {
            "gameTime": "1 - 0:56",
            "label": "Foul",
            "position": "56000",
            "half": "1",
            "confidence": "0.7963228225708008"
        },
        {
            "gameTime": "1 - 15:58",
            "label": "Foul",
            "position": "958500",
            "half": "1",
            "confidence": "0.743423581123352"
        },
        {
            "gameTime": "1 - 37:27",
            "label": "Foul",
            "position": "2247500",
            "half": "1",
            "confidence": "0.7284890413284302"
        },
        {
            "gameTime": "1 - 21:11",
            "label": "Foul",
            "position": "1271500",
            "half": "1",
            "confidence": "0.7140467762947083"
        },
        {
            "gameTime": "1 - 18:36",
            "label": "Foul",
            "position": "1116500",
            "half": "1",
            "confidence": "0.7027410268783569"
        },
        {
            "gameTime": "1 - 18:46",
            "label": "Foul",
            "position": "1126500",
            "half": "1",
            "confidence": "0.6917228102684021"
        },
        {
            "gameTime": "1 - 25:58",
            "label": "Foul",
            "position": "1558000",
            "half": "1",
            "confidence": "0.6757374405860901"
        },
        {
            "gameTime": "1 - 43:43",
            "label": "Foul",
            "position": "2623500",
            "half": "1",
            "confidence": "0.6621721982955933"
        },
        {
            "gameTime": "1 - 6:40",
            "label": "Foul",
            "position": "400500",
            "half": "1",
            "confidence": "0.657882034778595"
        },
        {
            "gameTime": "1 - 23:16",
            "label": "Foul",
            "position": "1396000",
            "half": "1",
            "confidence": "0.6461390256881714"
        },
        {
            "gameTime": "1 - 27:52",
            "label": "Foul",
            "position": "1672000",
            "half": "1",
            "confidence": "0.6138396859169006"
        },
        {
            "gameTime": "1 - 1:6",
            "label": "Foul",
            "position": "66500",
            "half": "1",
            "confidence": "0.601938009262085"
        },
        {
            "gameTime": "1 - 44:1",
            "label": "Foul",
            "position": "2641500",
            "half": "1",
            "confidence": "0.6002781987190247"
        },
        {
            "gameTime": "1 - 5:10",
            "label": "Foul",
            "position": "310500",
            "half": "1",
            "confidence": "0.5660192370414734"
        },
        {
            "gameTime": "1 - 41:23",
            "label": "Foul",
            "position": "2483000",
            "half": "1",
            "confidence": "0.5210422873497009"
        },
        {
            "gameTime": "1 - 20:28",
            "label": "Foul",
            "position": "1228000",
            "half": "1",
            "confidence": "0.50889652967453"
        },
        {
            "gameTime": "1 - 37:44",
            "label": "Indirect free-kick",
            "position": "2264500",
            "half": "1",
            "confidence": "0.791261613368988"
        },
        {
            "gameTime": "1 - 35:45",
            "label": "Indirect free-kick",
            "position": "2145500",
            "half": "1",
            "confidence": "0.6694331765174866"
        },
        {
            "gameTime": "1 - 5:29",
            "label": "Indirect free-kick",
            "position": "329500",
            "half": "1",
            "confidence": "0.6648471355438232"
        },
        {
            "gameTime": "1 - 40:17",
            "label": "Indirect free-kick",
            "position": "2417500",
            "half": "1",
            "confidence": "0.6522983908653259"
        },
        {
            "gameTime": "1 - 5:12",
            "label": "Indirect free-kick",
            "position": "312000",
            "half": "1",
            "confidence": "0.6491705775260925"
        },
        {
            "gameTime": "1 - 38:33",
            "label": "Indirect free-kick",
            "position": "2313000",
            "half": "1",
            "confidence": "0.6338584423065186"
        },
        {
            "gameTime": "1 - 22:7",
            "label": "Indirect free-kick",
            "position": "1327000",
            "half": "1",
            "confidence": "0.5779637694358826"
        },
        {
            "gameTime": "1 - 18:52",
            "label": "Indirect free-kick",
            "position": "1132000",
            "half": "1",
            "confidence": "0.555959165096283"
        },
        {
            "gameTime": "1 - 27:59",
            "label": "Indirect free-kick",
            "position": "1679000",
            "half": "1",
            "confidence": "0.5457987189292908"
        },
        {
            "gameTime": "1 - 26:1",
            "label": "Indirect free-kick",
            "position": "1561000",
            "half": "1",
            "confidence": "0.5131838321685791"
        },
        {
            "gameTime": "1 - 23:43",
            "label": "Indirect free-kick",
            "position": "1423000",
            "half": "1",
            "confidence": "0.5118077397346497"
        },
        {
            "gameTime": "1 - 7:14",
            "label": "Direct free-kick",
            "position": "434500",
            "half": "1",
            "confidence": "0.9919630289077759"
        },
        {
            "gameTime": "1 - 36:15",
            "label": "Direct free-kick",
            "position": "2175000",
            "half": "1",
            "confidence": "0.9618266820907593"
        },
        {
            "gameTime": "1 - 36:25",
            "label": "Direct free-kick",
            "position": "2185000",
            "half": "1",
            "confidence": "0.9526878595352173"
        },
        {
            "gameTime": "1 - 21:49",
            "label": "Direct free-kick",
            "position": "1309000",
            "half": "1",
            "confidence": "0.8042190670967102"
        },
        {
            "gameTime": "1 - 7:24",
            "label": "Direct free-kick",
            "position": "444500",
            "half": "1",
            "confidence": "0.7816179394721985"
        },
        {
            "gameTime": "1 - 36:48",
            "label": "Corner",
            "position": "2208000",
            "half": "1",
            "confidence": "0.9473057985305786"
        },
        {
            "gameTime": "1 - 1:31",
            "label": "Corner",
            "position": "91000",
            "half": "1",
            "confidence": "0.9225074052810669"
        },
        {
            "gameTime": "1 - 42:24",
            "label": "Corner",
            "position": "2544000",
            "half": "1",
            "confidence": "0.8504577279090881"
        },
        {
            "gameTime": "1 - 1:41",
            "label": "Corner",
            "position": "101000",
            "half": "1",
            "confidence": "0.804589033126831"
        },
        {
            "gameTime": "1 - 27:31",
            "label": "Corner",
            "position": "1651000",
            "half": "1",
            "confidence": "0.685438334941864"
        },
        {
            "gameTime": "1 - 16:12",
            "label": "Yellow card",
            "position": "972500",
            "half": "1",
            "confidence": "0.7307880520820618"
        },
        {
            "gameTime": "1 - 21:23",
            "label": "Yellow card",
            "position": "1283500",
            "half": "1",
            "confidence": "0.6381736397743225"
        },
        {
            "gameTime": "1 - 37:35",
            "label": "Yellow card",
            "position": "2255500",
            "half": "1",
            "confidence": "0.5597271919250488"
        },
        {
            "gameTime": "2 - 1:37",
            "label": "Kick-off",
            "position": "97000",
            "half": "2",
            "confidence": "0.8632704615592957"
        },
        {
            "gameTime": "2 - 0:0",
            "label": "Kick-off",
            "position": "0",
            "half": "2",
            "confidence": "0.832502007484436"
        },
        {
            "gameTime": "2 - 42:24",
            "label": "Kick-off",
            "position": "2544000",
            "half": "2",
            "confidence": "0.7973293662071228"
        },
        {
            "gameTime": "2 - 36:6",
            "label": "Kick-off",
            "position": "2166000",
            "half": "2",
            "confidence": "0.6753127574920654"
        },
        {
            "gameTime": "2 - 1:59",
            "label": "Goal",
            "position": "119000",
            "half": "2",
            "confidence": "0.9617747664451599"
        },
        {
            "gameTime": "2 - 25:10",
            "label": "Goal",
            "position": "1510000",
            "half": "2",
            "confidence": "0.5058189034461975"
        },
        {
            "gameTime": "2 - 41:3",
            "label": "Substitution",
            "position": "2463500",
            "half": "2",
            "confidence": "0.9924086332321167"
        },
        {
            "gameTime": "2 - 10:1",
            "label": "Substitution",
            "position": "601000",
            "half": "2",
            "confidence": "0.9721887111663818"
        },
        {
            "gameTime": "2 - 10:11",
            "label": "Substitution",
            "position": "611000",
            "half": "2",
            "confidence": "0.6098713874816895"
        },
        {
            "gameTime": "2 - 9:50",
            "label": "Substitution",
            "position": "590500",
            "half": "2",
            "confidence": "0.6084296107292175"
        },
        {
            "gameTime": "2 - 41:41",
            "label": "Offside",
            "position": "2501500",
            "half": "2",
            "confidence": "0.7403812408447266"
        },
        {
            "gameTime": "2 - 1:59",
            "label": "Shots on target",
            "position": "119000",
            "half": "2",
            "confidence": "0.9145817756652832"
        },
        {
            "gameTime": "2 - 8:10",
            "label": "Shots on target",
            "position": "490500",
            "half": "2",
            "confidence": "0.7684048414230347"
        },
        {
            "gameTime": "2 - 1:46",
            "label": "Shots on target",
            "position": "106000",
            "half": "2",
            "confidence": "0.7020868062973022"
        },
        {
            "gameTime": "2 - 34:7",
            "label": "Shots on target",
            "position": "2047500",
            "half": "2",
            "confidence": "0.6969504356384277"
        },
        {
            "gameTime": "2 - 25:10",
            "label": "Shots on target",
            "position": "1510000",
            "half": "2",
            "confidence": "0.686908483505249"
        },
        {
            "gameTime": "2 - 1:27",
            "label": "Shots on target",
            "position": "87500",
            "half": "2",
            "confidence": "0.63652104139328"
        },
        {
            "gameTime": "2 - 31:25",
            "label": "Shots on target",
            "position": "1885500",
            "half": "2",
            "confidence": "0.5842124819755554"
        },
        {
            "gameTime": "2 - 10:41",
            "label": "Shots on target",
            "position": "641000",
            "half": "2",
            "confidence": "0.5685282945632935"
        },
        {
            "gameTime": "2 - 8:0",
            "label": "Shots on target",
            "position": "480000",
            "half": "2",
            "confidence": "0.5672641396522522"
        },
        {
            "gameTime": "2 - 36:58",
            "label": "Shots on target",
            "position": "2218500",
            "half": "2",
            "confidence": "0.5659216642379761"
        },
        {
            "gameTime": "2 - 4:36",
            "label": "Shots on target",
            "position": "276500",
            "half": "2",
            "confidence": "0.5382304787635803"
        },
        {
            "gameTime": "2 - 36:58",
            "label": "Shots off target",
            "position": "2218500",
            "half": "2",
            "confidence": "0.8168334364891052"
        },
        {
            "gameTime": "2 - 3:48",
            "label": "Shots off target",
            "position": "228500",
            "half": "2",
            "confidence": "0.6949079632759094"
        },
        {
            "gameTime": "2 - 37:8",
            "label": "Shots off target",
            "position": "2228500",
            "half": "2",
            "confidence": "0.6810600161552429"
        },
        {
            "gameTime": "2 - 23:7",
            "label": "Shots off target",
            "position": "1387000",
            "half": "2",
            "confidence": "0.6447970867156982"
        },
        {
            "gameTime": "2 - 22:41",
            "label": "Shots off target",
            "position": "1361000",
            "half": "2",
            "confidence": "0.5073818564414978"
        },
        {
            "gameTime": "2 - 13:34",
            "label": "Shots off target",
            "position": "814000",
            "half": "2",
            "confidence": "0.5022974610328674"
        },
        {
            "gameTime": "2 - 3:55",
            "label": "Clearance",
            "position": "235500",
            "half": "2",
            "confidence": "0.9549853801727295"
        },
        {
            "gameTime": "2 - 1:40",
            "label": "Clearance",
            "position": "100000",
            "half": "2",
            "confidence": "0.9292799234390259"
        },
        {
            "gameTime": "2 - 7:50",
            "label": "Clearance",
            "position": "470000",
            "half": "2",
            "confidence": "0.7777097821235657"
        },
        {
            "gameTime": "2 - 40:1",
            "label": "Clearance",
            "position": "2401000",
            "half": "2",
            "confidence": "0.6513478755950928"
        },
        {
            "gameTime": "2 - 48:12",
            "label": "Clearance",
            "position": "2892500",
            "half": "2",
            "confidence": "0.5719428658485413"
        },
        {
            "gameTime": "2 - 42:20",
            "label": "Clearance",
            "position": "2540000",
            "half": "2",
            "confidence": "0.5330941081047058"
        },
        {
            "gameTime": "2 - 11:46",
            "label": "Clearance",
            "position": "706000",
            "half": "2",
            "confidence": "0.5329542756080627"
        },
        {
            "gameTime": "2 - 35:53",
            "label": "Clearance",
            "position": "2153000",
            "half": "2",
            "confidence": "0.5158933401107788"
        },
        {
            "gameTime": "2 - 17:44",
            "label": "Ball out of play",
            "position": "1064000",
            "half": "2",
            "confidence": "0.9391692280769348"
        },
        {
            "gameTime": "2 - 10:20",
            "label": "Ball out of play",
            "position": "620500",
            "half": "2",
            "confidence": "0.9374077320098877"
        },
        {
            "gameTime": "2 - 19:51",
            "label": "Ball out of play",
            "position": "1191500",
            "half": "2",
            "confidence": "0.9337716102600098"
        },
        {
            "gameTime": "2 - 18:11",
            "label": "Ball out of play",
            "position": "1091000",
            "half": "2",
            "confidence": "0.923851728439331"
        },
        {
            "gameTime": "2 - 6:50",
            "label": "Ball out of play",
            "position": "410000",
            "half": "2",
            "confidence": "0.9188061952590942"
        },
        {
            "gameTime": "2 - 22:49",
            "label": "Ball out of play",
            "position": "1369500",
            "half": "2",
            "confidence": "0.9155929088592529"
        },
        {
            "gameTime": "2 - 12:2",
            "label": "Ball out of play",
            "position": "722500",
            "half": "2",
            "confidence": "0.9066150188446045"
        },
        {
            "gameTime": "2 - 17:54",
            "label": "Ball out of play",
            "position": "1074000",
            "half": "2",
            "confidence": "0.8978184461593628"
        },
        {
            "gameTime": "2 - 23:23",
            "label": "Ball out of play",
            "position": "1403500",
            "half": "2",
            "confidence": "0.8907963633537292"
        },
        {
            "gameTime": "2 - 3:25",
            "label": "Ball out of play",
            "position": "205000",
            "half": "2",
            "confidence": "0.8902718424797058"
        },
        {
            "gameTime": "2 - 22:34",
            "label": "Ball out of play",
            "position": "1354500",
            "half": "2",
            "confidence": "0.8894510865211487"
        },
        {
            "gameTime": "2 - 28:41",
            "label": "Ball out of play",
            "position": "1721000",
            "half": "2",
            "confidence": "0.8840246200561523"
        },
        {
            "gameTime": "2 - 35:13",
            "label": "Ball out of play",
            "position": "2113000",
            "half": "2",
            "confidence": "0.8735069036483765"
        },
        {
            "gameTime": "2 - 7:0",
            "label": "Ball out of play",
            "position": "420500",
            "half": "2",
            "confidence": "0.8705218434333801"
        },
        {
            "gameTime": "2 - 17:33",
            "label": "Ball out of play",
            "position": "1053500",
            "half": "2",
            "confidence": "0.8693141937255859"
        },
        {
            "gameTime": "2 - 23:13",
            "label": "Ball out of play",
            "position": "1393000",
            "half": "2",
            "confidence": "0.857884407043457"
        },
        {
            "gameTime": "2 - 47:7",
            "label": "Ball out of play",
            "position": "2827000",
            "half": "2",
            "confidence": "0.8544984459877014"
        },
        {
            "gameTime": "2 - 4:55",
            "label": "Ball out of play",
            "position": "295500",
            "half": "2",
            "confidence": "0.8536137342453003"
        },
        {
            "gameTime": "2 - 6:39",
            "label": "Ball out of play",
            "position": "399000",
            "half": "2",
            "confidence": "0.8516282439231873"
        },
        {
            "gameTime": "2 - 5:20",
            "label": "Ball out of play",
            "position": "320000",
            "half": "2",
            "confidence": "0.8465279936790466"
        },
        {
            "gameTime": "2 - 37:10",
            "label": "Ball out of play",
            "position": "2230500",
            "half": "2",
            "confidence": "0.8447921872138977"
        },
        {
            "gameTime": "2 - 28:28",
            "label": "Ball out of play",
            "position": "1708000",
            "half": "2",
            "confidence": "0.8385477066040039"
        },
        {
            "gameTime": "2 - 25:16",
            "label": "Ball out of play",
            "position": "1516500",
            "half": "2",
            "confidence": "0.8314180970191956"
        },
        {
            "gameTime": "2 - 33:49",
            "label": "Ball out of play",
            "position": "2029000",
            "half": "2",
            "confidence": "0.8164705038070679"
        },
        {
            "gameTime": "2 - 38:22",
            "label": "Ball out of play",
            "position": "2302000",
            "half": "2",
            "confidence": "0.8123821020126343"
        },
        {
            "gameTime": "2 - 48:30",
            "label": "Ball out of play",
            "position": "2910000",
            "half": "2",
            "confidence": "0.8069430589675903"
        },
        {
            "gameTime": "2 - 47:19",
            "label": "Ball out of play",
            "position": "2839500",
            "half": "2",
            "confidence": "0.789584219455719"
        },
        {
            "gameTime": "2 - 18:21",
            "label": "Ball out of play",
            "position": "1101500",
            "half": "2",
            "confidence": "0.7889928817749023"
        },
        {
            "gameTime": "2 - 35:23",
            "label": "Ball out of play",
            "position": "2123000",
            "half": "2",
            "confidence": "0.7861696481704712"
        },
        {
            "gameTime": "2 - 39:19",
            "label": "Ball out of play",
            "position": "2359500",
            "half": "2",
            "confidence": "0.7805256843566895"
        },
        {
            "gameTime": "2 - 3:36",
            "label": "Ball out of play",
            "position": "216500",
            "half": "2",
            "confidence": "0.7743730545043945"
        },
        {
            "gameTime": "2 - 3:47",
            "label": "Ball out of play",
            "position": "227500",
            "half": "2",
            "confidence": "0.7738664746284485"
        },
        {
            "gameTime": "2 - 28:51",
            "label": "Ball out of play",
            "position": "1731500",
            "half": "2",
            "confidence": "0.7684281468391418"
        },
        {
            "gameTime": "2 - 33:59",
            "label": "Ball out of play",
            "position": "2039000",
            "half": "2",
            "confidence": "0.7674702405929565"
        },
        {
            "gameTime": "2 - 41:23",
            "label": "Ball out of play",
            "position": "2483000",
            "half": "2",
            "confidence": "0.7574916481971741"
        },
        {
            "gameTime": "2 - 5:6",
            "label": "Ball out of play",
            "position": "306000",
            "half": "2",
            "confidence": "0.7563831210136414"
        },
        {
            "gameTime": "2 - 12:57",
            "label": "Ball out of play",
            "position": "777000",
            "half": "2",
            "confidence": "0.7506056427955627"
        },
        {
            "gameTime": "2 - 5:34",
            "label": "Ball out of play",
            "position": "334500",
            "half": "2",
            "confidence": "0.7455679774284363"
        },
        {
            "gameTime": "2 - 25:40",
            "label": "Ball out of play",
            "position": "1540500",
            "half": "2",
            "confidence": "0.7418467402458191"
        },
        {
            "gameTime": "2 - 1:10",
            "label": "Ball out of play",
            "position": "70500",
            "half": "2",
            "confidence": "0.7405648231506348"
        },
        {
            "gameTime": "2 - 0:38",
            "label": "Ball out of play",
            "position": "38000",
            "half": "2",
            "confidence": "0.7372162938117981"
        },
        {
            "gameTime": "2 - 19:41",
            "label": "Ball out of play",
            "position": "1181000",
            "half": "2",
            "confidence": "0.7353947758674622"
        },
        {
            "gameTime": "2 - 23:1",
            "label": "Ball out of play",
            "position": "1381000",
            "half": "2",
            "confidence": "0.7180657386779785"
        },
        {
            "gameTime": "2 - 15:57",
            "label": "Ball out of play",
            "position": "957000",
            "half": "2",
            "confidence": "0.7090221047401428"
        },
        {
            "gameTime": "2 - 46:11",
            "label": "Ball out of play",
            "position": "2771500",
            "half": "2",
            "confidence": "0.7078694701194763"
        },
        {
            "gameTime": "2 - 38:57",
            "label": "Ball out of play",
            "position": "2337500",
            "half": "2",
            "confidence": "0.6918004751205444"
        },
        {
            "gameTime": "2 - 42:58",
            "label": "Ball out of play",
            "position": "2578500",
            "half": "2",
            "confidence": "0.6859556436538696"
        },
        {
            "gameTime": "2 - 16:45",
            "label": "Ball out of play",
            "position": "1005000",
            "half": "2",
            "confidence": "0.6811457276344299"
        },
        {
            "gameTime": "2 - 48:40",
            "label": "Ball out of play",
            "position": "2920000",
            "half": "2",
            "confidence": "0.6791384816169739"
        },
        {
            "gameTime": "2 - 39:7",
            "label": "Ball out of play",
            "position": "2347500",
            "half": "2",
            "confidence": "0.6789571642875671"
        },
        {
            "gameTime": "2 - 39:30",
            "label": "Ball out of play",
            "position": "2370500",
            "half": "2",
            "confidence": "0.6709445714950562"
        },
        {
            "gameTime": "2 - 13:35",
            "label": "Ball out of play",
            "position": "815000",
            "half": "2",
            "confidence": "0.666641891002655"
        },
        {
            "gameTime": "2 - 37:0",
            "label": "Ball out of play",
            "position": "2220000",
            "half": "2",
            "confidence": "0.6588494181632996"
        },
        {
            "gameTime": "2 - 41:11",
            "label": "Ball out of play",
            "position": "2471000",
            "half": "2",
            "confidence": "0.6457920670509338"
        },
        {
            "gameTime": "2 - 1:20",
            "label": "Ball out of play",
            "position": "80500",
            "half": "2",
            "confidence": "0.641688346862793"
        },
        {
            "gameTime": "2 - 28:17",
            "label": "Ball out of play",
            "position": "1697500",
            "half": "2",
            "confidence": "0.6276130080223083"
        },
        {
            "gameTime": "2 - 38:32",
            "label": "Ball out of play",
            "position": "2312500",
            "half": "2",
            "confidence": "0.6230718493461609"
        },
        {
            "gameTime": "2 - 11:52",
            "label": "Ball out of play",
            "position": "712000",
            "half": "2",
            "confidence": "0.6086563467979431"
        },
        {
            "gameTime": "2 - 20:2",
            "label": "Ball out of play",
            "position": "1202000",
            "half": "2",
            "confidence": "0.599014937877655"
        },
        {
            "gameTime": "2 - 12:12",
            "label": "Ball out of play",
            "position": "732500",
            "half": "2",
            "confidence": "0.5968543887138367"
        },
        {
            "gameTime": "2 - 17:23",
            "label": "Ball out of play",
            "position": "1043000",
            "half": "2",
            "confidence": "0.5903381109237671"
        },
        {
            "gameTime": "2 - 16:32",
            "label": "Ball out of play",
            "position": "992000",
            "half": "2",
            "confidence": "0.5838587284088135"
        },
        {
            "gameTime": "2 - 12:46",
            "label": "Ball out of play",
            "position": "766500",
            "half": "2",
            "confidence": "0.579243004322052"
        },
        {
            "gameTime": "2 - 34:14",
            "label": "Ball out of play",
            "position": "2054500",
            "half": "2",
            "confidence": "0.5770517587661743"
        },
        {
            "gameTime": "2 - 1:0",
            "label": "Ball out of play",
            "position": "60000",
            "half": "2",
            "confidence": "0.5701800584793091"
        },
        {
            "gameTime": "2 - 24:3",
            "label": "Ball out of play",
            "position": "1443500",
            "half": "2",
            "confidence": "0.5480193495750427"
        },
        {
            "gameTime": "2 - 46:45",
            "label": "Ball out of play",
            "position": "2805000",
            "half": "2",
            "confidence": "0.5339146256446838"
        },
        {
            "gameTime": "2 - 46:56",
            "label": "Ball out of play",
            "position": "2816500",
            "half": "2",
            "confidence": "0.5182127356529236"
        },
        {
            "gameTime": "2 - 33:23",
            "label": "Ball out of play",
            "position": "2003500",
            "half": "2",
            "confidence": "0.5045527219772339"
        },
        {
            "gameTime": "2 - 10:21",
            "label": "Throw-in",
            "position": "621000",
            "half": "2",
            "confidence": "0.9982317090034485"
        },
        {
            "gameTime": "2 - 6:43",
            "label": "Throw-in",
            "position": "403000",
            "half": "2",
            "confidence": "0.9973600506782532"
        },
        {
            "gameTime": "2 - 18:11",
            "label": "Throw-in",
            "position": "1091000",
            "half": "2",
            "confidence": "0.9944820404052734"
        },
        {
            "gameTime": "2 - 19:55",
            "label": "Throw-in",
            "position": "1195500",
            "half": "2",
            "confidence": "0.9910483956336975"
        },
        {
            "gameTime": "2 - 38:24",
            "label": "Throw-in",
            "position": "2304500",
            "half": "2",
            "confidence": "0.9907649755477905"
        },
        {
            "gameTime": "2 - 18:0",
            "label": "Throw-in",
            "position": "1080500",
            "half": "2",
            "confidence": "0.9905204772949219"
        },
        {
            "gameTime": "2 - 5:3",
            "label": "Throw-in",
            "position": "303000",
            "half": "2",
            "confidence": "0.9826188087463379"
        },
        {
            "gameTime": "2 - 23:58",
            "label": "Throw-in",
            "position": "1438500",
            "half": "2",
            "confidence": "0.980966329574585"
        },
        {
            "gameTime": "2 - 6:53",
            "label": "Throw-in",
            "position": "413000",
            "half": "2",
            "confidence": "0.9786499738693237"
        },
        {
            "gameTime": "2 - 10:10",
            "label": "Throw-in",
            "position": "610500",
            "half": "2",
            "confidence": "0.9769368767738342"
        },
        {
            "gameTime": "2 - 17:47",
            "label": "Throw-in",
            "position": "1067500",
            "half": "2",
            "confidence": "0.970652163028717"
        },
        {
            "gameTime": "2 - 5:34",
            "label": "Throw-in",
            "position": "334500",
            "half": "2",
            "confidence": "0.966555118560791"
        },
        {
            "gameTime": "2 - 38:34",
            "label": "Throw-in",
            "position": "2314500",
            "half": "2",
            "confidence": "0.9658966660499573"
        },
        {
            "gameTime": "2 - 12:1",
            "label": "Throw-in",
            "position": "721000",
            "half": "2",
            "confidence": "0.9631892442703247"
        },
        {
            "gameTime": "2 - 48:37",
            "label": "Throw-in",
            "position": "2917000",
            "half": "2",
            "confidence": "0.959947407245636"
        },
        {
            "gameTime": "2 - 39:21",
            "label": "Throw-in",
            "position": "2361000",
            "half": "2",
            "confidence": "0.953040361404419"
        },
        {
            "gameTime": "2 - 19:45",
            "label": "Throw-in",
            "position": "1185000",
            "half": "2",
            "confidence": "0.9525244832038879"
        },
        {
            "gameTime": "2 - 17:37",
            "label": "Throw-in",
            "position": "1057000",
            "half": "2",
            "confidence": "0.9460570216178894"
        },
        {
            "gameTime": "2 - 28:31",
            "label": "Throw-in",
            "position": "1711500",
            "half": "2",
            "confidence": "0.9121279120445251"
        },
        {
            "gameTime": "2 - 28:55",
            "label": "Throw-in",
            "position": "1735500",
            "half": "2",
            "confidence": "0.9087315201759338"
        },
        {
            "gameTime": "2 - 28:45",
            "label": "Throw-in",
            "position": "1725000",
            "half": "2",
            "confidence": "0.9003141522407532"
        },
        {
            "gameTime": "2 - 23:46",
            "label": "Throw-in",
            "position": "1426000",
            "half": "2",
            "confidence": "0.8968700170516968"
        },
        {
            "gameTime": "2 - 24:8",
            "label": "Throw-in",
            "position": "1448500",
            "half": "2",
            "confidence": "0.8853238224983215"
        },
        {
            "gameTime": "2 - 5:13",
            "label": "Throw-in",
            "position": "313000",
            "half": "2",
            "confidence": "0.881570041179657"
        },
        {
            "gameTime": "2 - 47:14",
            "label": "Throw-in",
            "position": "2834500",
            "half": "2",
            "confidence": "0.8586807250976562"
        },
        {
            "gameTime": "2 - 33:48",
            "label": "Throw-in",
            "position": "2028000",
            "half": "2",
            "confidence": "0.8433759212493896"
        },
        {
            "gameTime": "2 - 12:11",
            "label": "Throw-in",
            "position": "731000",
            "half": "2",
            "confidence": "0.8403544425964355"
        },
        {
            "gameTime": "2 - 35:22",
            "label": "Throw-in",
            "position": "2122500",
            "half": "2",
            "confidence": "0.8282778859138489"
        },
        {
            "gameTime": "2 - 41:11",
            "label": "Throw-in",
            "position": "2471500",
            "half": "2",
            "confidence": "0.825535774230957"
        },
        {
            "gameTime": "2 - 28:19",
            "label": "Throw-in",
            "position": "1699500",
            "half": "2",
            "confidence": "0.819555938243866"
        },
        {
            "gameTime": "2 - 3:25",
            "label": "Throw-in",
            "position": "205000",
            "half": "2",
            "confidence": "0.7982281446456909"
        },
        {
            "gameTime": "2 - 39:31",
            "label": "Throw-in",
            "position": "2371000",
            "half": "2",
            "confidence": "0.7889456152915955"
        },
        {
            "gameTime": "2 - 35:12",
            "label": "Throw-in",
            "position": "2112000",
            "half": "2",
            "confidence": "0.7821632027626038"
        },
        {
            "gameTime": "2 - 21:30",
            "label": "Throw-in",
            "position": "1290500",
            "half": "2",
            "confidence": "0.7721215486526489"
        },
        {
            "gameTime": "2 - 41:21",
            "label": "Throw-in",
            "position": "2481500",
            "half": "2",
            "confidence": "0.7171030044555664"
        },
        {
            "gameTime": "2 - 16:45",
            "label": "Throw-in",
            "position": "1005000",
            "half": "2",
            "confidence": "0.6883359551429749"
        },
        {
            "gameTime": "2 - 39:9",
            "label": "Throw-in",
            "position": "2349000",
            "half": "2",
            "confidence": "0.6832247972488403"
        },
        {
            "gameTime": "2 - 12:48",
            "label": "Throw-in",
            "position": "768000",
            "half": "2",
            "confidence": "0.6637627482414246"
        },
        {
            "gameTime": "2 - 48:25",
            "label": "Throw-in",
            "position": "2905500",
            "half": "2",
            "confidence": "0.6569192409515381"
        },
        {
            "gameTime": "2 - 20:5",
            "label": "Throw-in",
            "position": "1205500",
            "half": "2",
            "confidence": "0.6460847854614258"
        },
        {
            "gameTime": "2 - 11:24",
            "label": "Throw-in",
            "position": "684500",
            "half": "2",
            "confidence": "0.6392110586166382"
        },
        {
            "gameTime": "2 - 9:36",
            "label": "Throw-in",
            "position": "576500",
            "half": "2",
            "confidence": "0.6033681631088257"
        },
        {
            "gameTime": "2 - 45:41",
            "label": "Throw-in",
            "position": "2741500",
            "half": "2",
            "confidence": "0.5651211142539978"
        },
        {
            "gameTime": "2 - 18:21",
            "label": "Throw-in",
            "position": "1101500",
            "half": "2",
            "confidence": "0.5597250461578369"
        },
        {
            "gameTime": "2 - 33:58",
            "label": "Throw-in",
            "position": "2038000",
            "half": "2",
            "confidence": "0.5205937623977661"
        },
        {
            "gameTime": "2 - 47:4",
            "label": "Throw-in",
            "position": "2824000",
            "half": "2",
            "confidence": "0.5201072692871094"
        },
        {
            "gameTime": "2 - 10:31",
            "label": "Throw-in",
            "position": "631000",
            "half": "2",
            "confidence": "0.5149714350700378"
        },
        {
            "gameTime": "2 - 36:25",
            "label": "Foul",
            "position": "2185000",
            "half": "2",
            "confidence": "0.9870542883872986"
        },
        {
            "gameTime": "2 - 36:14",
            "label": "Foul",
            "position": "2174500",
            "half": "2",
            "confidence": "0.9518040418624878"
        },
        {
            "gameTime": "2 - 20:9",
            "label": "Foul",
            "position": "1209500",
            "half": "2",
            "confidence": "0.7181553840637207"
        },
        {
            "gameTime": "2 - 27:25",
            "label": "Foul",
            "position": "1645000",
            "half": "2",
            "confidence": "0.6815471649169922"
        },
        {
            "gameTime": "2 - 18:48",
            "label": "Foul",
            "position": "1128500",
            "half": "2",
            "confidence": "0.6066120266914368"
        },
        {
            "gameTime": "2 - 39:35",
            "label": "Foul",
            "position": "2375000",
            "half": "2",
            "confidence": "0.599198043346405"
        },
        {
            "gameTime": "2 - 44:10",
            "label": "Foul",
            "position": "2650000",
            "half": "2",
            "confidence": "0.5234380960464478"
        },
        {
            "gameTime": "2 - 27:35",
            "label": "Foul",
            "position": "1655000",
            "half": "2",
            "confidence": "0.5214592218399048"
        },
        {
            "gameTime": "2 - 13:15",
            "label": "Indirect free-kick",
            "position": "795500",
            "half": "2",
            "confidence": "0.7858044505119324"
        },
        {
            "gameTime": "2 - 39:53",
            "label": "Indirect free-kick",
            "position": "2393500",
            "half": "2",
            "confidence": "0.7375553846359253"
        },
        {
            "gameTime": "2 - 43:27",
            "label": "Indirect free-kick",
            "position": "2607500",
            "half": "2",
            "confidence": "0.6170337200164795"
        },
        {
            "gameTime": "2 - 33:5",
            "label": "Indirect free-kick",
            "position": "1985500",
            "half": "2",
            "confidence": "0.6028183102607727"
        },
        {
            "gameTime": "2 - 39:43",
            "label": "Indirect free-kick",
            "position": "2383000",
            "half": "2",
            "confidence": "0.5535207986831665"
        },
        {
            "gameTime": "2 - 14:59",
            "label": "Indirect free-kick",
            "position": "899500",
            "half": "2",
            "confidence": "0.5523757338523865"
        },
        {
            "gameTime": "2 - 27:38",
            "label": "Indirect free-kick",
            "position": "1658000",
            "half": "2",
            "confidence": "0.5358827114105225"
        },
        {
            "gameTime": "2 - 13:5",
            "label": "Indirect free-kick",
            "position": "785000",
            "half": "2",
            "confidence": "0.518551766872406"
        },
        {
            "gameTime": "2 - 34:40",
            "label": "Indirect free-kick",
            "position": "2080000",
            "half": "2",
            "confidence": "0.512130856513977"
        },
        {
            "gameTime": "2 - 13:56",
            "label": "Corner",
            "position": "836000",
            "half": "2",
            "confidence": "0.9889688491821289"
        },
        {
            "gameTime": "2 - 34:15",
            "label": "Corner",
            "position": "2055500",
            "half": "2",
            "confidence": "0.9808931350708008"
        },
        {
            "gameTime": "2 - 1:15",
            "label": "Corner",
            "position": "75500",
            "half": "2",
            "confidence": "0.9551621079444885"
        },
        {
            "gameTime": "2 - 34:25",
            "label": "Corner",
            "position": "2065500",
            "half": "2",
            "confidence": "0.9295763969421387"
        },
        {
            "gameTime": "2 - 14:6",
            "label": "Corner",
            "position": "846500",
            "half": "2",
            "confidence": "0.8550127744674683"
        },
        {
            "gameTime": "2 - 23:4",
            "label": "Corner",
            "position": "1384000",
            "half": "2",
            "confidence": "0.8383334279060364"
        },
        {
            "gameTime": "2 - 1:26",
            "label": "Corner",
            "position": "86500",
            "half": "2",
            "confidence": "0.8263563513755798"
        },
        {
            "gameTime": "2 - 13:41",
            "label": "Corner",
            "position": "821500",
            "half": "2",
            "confidence": "0.7986397743225098"
        },
        {
            "gameTime": "2 - 37:10",
            "label": "Corner",
            "position": "2230000",
            "half": "2",
            "confidence": "0.7984275221824646"
        },
        {
            "gameTime": "2 - 22:48",
            "label": "Corner",
            "position": "1368500",
            "half": "2",
            "confidence": "0.7800316214561462"
        },
        {
            "gameTime": "2 - 37:25",
            "label": "Corner",
            "position": "2245500",
            "half": "2",
            "confidence": "0.6673441529273987"
        },
        {
            "gameTime": "2 - 1:5",
            "label": "Corner",
            "position": "65000",
            "half": "2",
            "confidence": "0.6070799827575684"
        },
        {
            "gameTime": "2 - 36:59",
            "label": "Corner",
            "position": "2219500",
            "half": "2",
            "confidence": "0.5158732533454895"
        },
        {
            "gameTime": "2 - 36:18",
            "label": "Yellow card",
            "position": "2178000",
            "half": "2",
            "confidence": "0.9853591918945312"
        },
        {
            "gameTime": "2 - 36:28",
            "label": "Yellow card",
            "position": "2188000",
            "half": "2",
            "confidence": "0.9662394523620605"
        },
        {
            "gameTime": "2 - 44:57",
            "label": "Yellow card",
            "position": "2697500",
            "half": "2",
            "confidence": "0.854965090751648"
        },
        {
            "gameTime": "2 - 45:9",
            "label": "Yellow card",
            "position": "2709000",
            "half": "2",
            "confidence": "0.6098836660385132"
        },
        {
            "gameTime": "2 - 44:42",
            "label": "Yellow card",
            "position": "2682000",
            "half": "2",
            "confidence": "0.542175829410553"
        },
        {
            "gameTime": "2 - 44:28",
            "label": "Yellow card",
            "position": "2668000",
            "half": "2",
            "confidence": "0.5046005845069885"
        }
    ]
}