{
    "UrlLocal": "germany_bundesliga/2014-2015/2015-05-09 - 16-30 Bayern Munich 0 - 1 FC Augsburg",
    "predictions": [
        {
            "gameTime": "1 - 0:0",
            "label": "Kick-off",
            "position": "0",
            "half": "1",
            "confidence": "0.8955615758895874"
        },
        {
            "gameTime": "1 - 20:51",
            "label": "Kick-off",
            "position": "1251000",
            "half": "1",
            "confidence": "0.8476313352584839"
        },
        {
            "gameTime": "1 - 39:53",
            "label": "Kick-off",
            "position": "2393500",
            "half": "1",
            "confidence": "0.6021556854248047"
        },
        {
            "gameTime": "1 - 31:24",
            "label": "Substitution",
            "position": "1884500",
            "half": "1",
            "confidence": "0.9824628829956055"
        },
        {
            "gameTime": "1 - 33:2",
            "label": "Shots on target",
            "position": "1982000",
            "half": "1",
            "confidence": "0.5821660161018372"
        },
        {
            "gameTime": "1 - 42:35",
            "label": "Shots off target",
            "position": "2555500",
            "half": "1",
            "confidence": "0.6191874742507935"
        },
        {
            "gameTime": "1 - 27:8",
            "label": "Shots off target",
            "position": "1628500",
            "half": "1",
            "confidence": "0.5990819334983826"
        },
        {
            "gameTime": "1 - 27:17",
            "label": "Clearance",
            "position": "1637000",
            "half": "1",
            "confidence": "0.9007933139801025"
        },
        {
            "gameTime": "1 - 44:25",
            "label": "Clearance",
            "position": "2665500",
            "half": "1",
            "confidence": "0.8556421399116516"
        },
        {
            "gameTime": "1 - 16:17",
            "label": "Clearance",
            "position": "977500",
            "half": "1",
            "confidence": "0.7872735857963562"
        },
        {
            "gameTime": "1 - 10:34",
            "label": "Clearance",
            "position": "634500",
            "half": "1",
            "confidence": "0.7750805020332336"
        },
        {
            "gameTime": "1 - 44:14",
            "label": "Clearance",
            "position": "2654000",
            "half": "1",
            "confidence": "0.7264299392700195"
        },
        {
            "gameTime": "1 - 30:21",
            "label": "Clearance",
            "position": "1821000",
            "half": "1",
            "confidence": "0.7242879271507263"
        },
        {
            "gameTime": "1 - 23:36",
            "label": "Clearance",
            "position": "1416000",
            "half": "1",
            "confidence": "0.7083026170730591"
        },
        {
            "gameTime": "1 - 27:27",
            "label": "Clearance",
            "position": "1647000",
            "half": "1",
            "confidence": "0.6572888493537903"
        },
        {
            "gameTime": "1 - 16:7",
            "label": "Clearance",
            "position": "967000",
            "half": "1",
            "confidence": "0.6476109027862549"
        },
        {
            "gameTime": "1 - 30:31",
            "label": "Clearance",
            "position": "1831000",
            "half": "1",
            "confidence": "0.5535526871681213"
        },
        {
            "gameTime": "1 - 41:10",
            "label": "Clearance",
            "position": "2470500",
            "half": "1",
            "confidence": "0.5427021980285645"
        },
        {
            "gameTime": "1 - 10:44",
            "label": "Clearance",
            "position": "644500",
            "half": "1",
            "confidence": "0.529273509979248"
        },
        {
            "gameTime": "1 - 20:40",
            "label": "Clearance",
            "position": "1240500",
            "half": "1",
            "confidence": "0.5125632882118225"
        },
        {
            "gameTime": "1 - 42:35",
            "label": "Ball out of play",
            "position": "2555000",
            "half": "1",
            "confidence": "0.9414299726486206"
        },
        {
            "gameTime": "1 - 38:30",
            "label": "Ball out of play",
            "position": "2310500",
            "half": "1",
            "confidence": "0.9400778412818909"
        },
        {
            "gameTime": "1 - 43:53",
            "label": "Ball out of play",
            "position": "2633000",
            "half": "1",
            "confidence": "0.9392269849777222"
        },
        {
            "gameTime": "1 - 17:27",
            "label": "Ball out of play",
            "position": "1047500",
            "half": "1",
            "confidence": "0.9292020797729492"
        },
        {
            "gameTime": "1 - 38:13",
            "label": "Ball out of play",
            "position": "2293500",
            "half": "1",
            "confidence": "0.9120524525642395"
        },
        {
            "gameTime": "1 - 44:3",
            "label": "Ball out of play",
            "position": "2643000",
            "half": "1",
            "confidence": "0.8735318183898926"
        },
        {
            "gameTime": "1 - 42:45",
            "label": "Ball out of play",
            "position": "2565000",
            "half": "1",
            "confidence": "0.8708456754684448"
        },
        {
            "gameTime": "1 - 40:45",
            "label": "Ball out of play",
            "position": "2445500",
            "half": "1",
            "confidence": "0.8414662480354309"
        },
        {
            "gameTime": "1 - 10:9",
            "label": "Ball out of play",
            "position": "609500",
            "half": "1",
            "confidence": "0.8409099578857422"
        },
        {
            "gameTime": "1 - 20:20",
            "label": "Ball out of play",
            "position": "1220500",
            "half": "1",
            "confidence": "0.8269010782241821"
        },
        {
            "gameTime": "1 - 14:45",
            "label": "Ball out of play",
            "position": "885000",
            "half": "1",
            "confidence": "0.7830135226249695"
        },
        {
            "gameTime": "1 - 18:49",
            "label": "Ball out of play",
            "position": "1129500",
            "half": "1",
            "confidence": "0.781548023223877"
        },
        {
            "gameTime": "1 - 9:45",
            "label": "Ball out of play",
            "position": "585500",
            "half": "1",
            "confidence": "0.7798470258712769"
        },
        {
            "gameTime": "1 - 17:17",
            "label": "Ball out of play",
            "position": "1037000",
            "half": "1",
            "confidence": "0.7643136978149414"
        },
        {
            "gameTime": "1 - 43:6",
            "label": "Ball out of play",
            "position": "2586000",
            "half": "1",
            "confidence": "0.7636280059814453"
        },
        {
            "gameTime": "1 - 9:31",
            "label": "Ball out of play",
            "position": "571500",
            "half": "1",
            "confidence": "0.7368628978729248"
        },
        {
            "gameTime": "1 - 38:42",
            "label": "Ball out of play",
            "position": "2322000",
            "half": "1",
            "confidence": "0.7160162925720215"
        },
        {
            "gameTime": "1 - 17:51",
            "label": "Ball out of play",
            "position": "1071000",
            "half": "1",
            "confidence": "0.707962691783905"
        },
        {
            "gameTime": "1 - 8:12",
            "label": "Ball out of play",
            "position": "492000",
            "half": "1",
            "confidence": "0.7066716551780701"
        },
        {
            "gameTime": "1 - 4:8",
            "label": "Ball out of play",
            "position": "248500",
            "half": "1",
            "confidence": "0.6879433393478394"
        },
        {
            "gameTime": "1 - 23:15",
            "label": "Ball out of play",
            "position": "1395500",
            "half": "1",
            "confidence": "0.6694687604904175"
        },
        {
            "gameTime": "1 - 40:56",
            "label": "Ball out of play",
            "position": "2456500",
            "half": "1",
            "confidence": "0.6691890954971313"
        },
        {
            "gameTime": "1 - 41:29",
            "label": "Ball out of play",
            "position": "2489500",
            "half": "1",
            "confidence": "0.6653757691383362"
        },
        {
            "gameTime": "1 - 33:2",
            "label": "Ball out of play",
            "position": "1982000",
            "half": "1",
            "confidence": "0.6577903032302856"
        },
        {
            "gameTime": "1 - 22:20",
            "label": "Ball out of play",
            "position": "1340500",
            "half": "1",
            "confidence": "0.6476329565048218"
        },
        {
            "gameTime": "1 - 23:40",
            "label": "Ball out of play",
            "position": "1420000",
            "half": "1",
            "confidence": "0.6441674828529358"
        },
        {
            "gameTime": "1 - 14:34",
            "label": "Ball out of play",
            "position": "874500",
            "half": "1",
            "confidence": "0.6256054043769836"
        },
        {
            "gameTime": "1 - 24:47",
            "label": "Ball out of play",
            "position": "1487000",
            "half": "1",
            "confidence": "0.6221218109130859"
        },
        {
            "gameTime": "1 - 26:50",
            "label": "Ball out of play",
            "position": "1610000",
            "half": "1",
            "confidence": "0.6145519018173218"
        },
        {
            "gameTime": "1 - 7:27",
            "label": "Ball out of play",
            "position": "447000",
            "half": "1",
            "confidence": "0.614418625831604"
        },
        {
            "gameTime": "1 - 27:8",
            "label": "Ball out of play",
            "position": "1628000",
            "half": "1",
            "confidence": "0.6132512092590332"
        },
        {
            "gameTime": "1 - 9:18",
            "label": "Ball out of play",
            "position": "558000",
            "half": "1",
            "confidence": "0.6103447675704956"
        },
        {
            "gameTime": "1 - 29:58",
            "label": "Ball out of play",
            "position": "1798000",
            "half": "1",
            "confidence": "0.6041295528411865"
        },
        {
            "gameTime": "1 - 28:39",
            "label": "Ball out of play",
            "position": "1719000",
            "half": "1",
            "confidence": "0.5788372159004211"
        },
        {
            "gameTime": "1 - 4:19",
            "label": "Ball out of play",
            "position": "259000",
            "half": "1",
            "confidence": "0.5786582231521606"
        },
        {
            "gameTime": "1 - 24:11",
            "label": "Ball out of play",
            "position": "1451500",
            "half": "1",
            "confidence": "0.5775846838951111"
        },
        {
            "gameTime": "1 - 10:19",
            "label": "Ball out of play",
            "position": "619500",
            "half": "1",
            "confidence": "0.5751684308052063"
        },
        {
            "gameTime": "1 - 34:30",
            "label": "Ball out of play",
            "position": "2070500",
            "half": "1",
            "confidence": "0.5541166067123413"
        },
        {
            "gameTime": "1 - 6:14",
            "label": "Ball out of play",
            "position": "374500",
            "half": "1",
            "confidence": "0.5538885593414307"
        },
        {
            "gameTime": "1 - 6:28",
            "label": "Ball out of play",
            "position": "388000",
            "half": "1",
            "confidence": "0.5399526953697205"
        },
        {
            "gameTime": "1 - 28:58",
            "label": "Ball out of play",
            "position": "1738500",
            "half": "1",
            "confidence": "0.5347420573234558"
        },
        {
            "gameTime": "1 - 18:36",
            "label": "Ball out of play",
            "position": "1116500",
            "half": "1",
            "confidence": "0.5295348167419434"
        },
        {
            "gameTime": "1 - 32:51",
            "label": "Ball out of play",
            "position": "1971500",
            "half": "1",
            "confidence": "0.5280442237854004"
        },
        {
            "gameTime": "1 - 22:9",
            "label": "Ball out of play",
            "position": "1329000",
            "half": "1",
            "confidence": "0.517681896686554"
        },
        {
            "gameTime": "1 - 30:55",
            "label": "Ball out of play",
            "position": "1855000",
            "half": "1",
            "confidence": "0.509195864200592"
        },
        {
            "gameTime": "1 - 35:31",
            "label": "Ball out of play",
            "position": "2131500",
            "half": "1",
            "confidence": "0.5075217485427856"
        },
        {
            "gameTime": "1 - 24:1",
            "label": "Ball out of play",
            "position": "1441000",
            "half": "1",
            "confidence": "0.5066912174224854"
        },
        {
            "gameTime": "1 - 42:55",
            "label": "Ball out of play",
            "position": "2575500",
            "half": "1",
            "confidence": "0.5022222399711609"
        },
        {
            "gameTime": "1 - 41:31",
            "label": "Throw-in",
            "position": "2491000",
            "half": "1",
            "confidence": "0.9540793299674988"
        },
        {
            "gameTime": "1 - 38:31",
            "label": "Throw-in",
            "position": "2311000",
            "half": "1",
            "confidence": "0.9393278360366821"
        },
        {
            "gameTime": "1 - 34:30",
            "label": "Throw-in",
            "position": "2070500",
            "half": "1",
            "confidence": "0.9202374815940857"
        },
        {
            "gameTime": "1 - 41:45",
            "label": "Throw-in",
            "position": "2505000",
            "half": "1",
            "confidence": "0.9069747924804688"
        },
        {
            "gameTime": "1 - 36:37",
            "label": "Throw-in",
            "position": "2197500",
            "half": "1",
            "confidence": "0.8964613080024719"
        },
        {
            "gameTime": "1 - 24:45",
            "label": "Throw-in",
            "position": "1485000",
            "half": "1",
            "confidence": "0.8631395101547241"
        },
        {
            "gameTime": "1 - 9:45",
            "label": "Throw-in",
            "position": "585000",
            "half": "1",
            "confidence": "0.8625496625900269"
        },
        {
            "gameTime": "1 - 9:31",
            "label": "Throw-in",
            "position": "571500",
            "half": "1",
            "confidence": "0.8264350295066833"
        },
        {
            "gameTime": "1 - 35:33",
            "label": "Throw-in",
            "position": "2133000",
            "half": "1",
            "confidence": "0.8086011409759521"
        },
        {
            "gameTime": "1 - 25:22",
            "label": "Throw-in",
            "position": "1522000",
            "half": "1",
            "confidence": "0.8012676239013672"
        },
        {
            "gameTime": "1 - 38:42",
            "label": "Throw-in",
            "position": "2322000",
            "half": "1",
            "confidence": "0.7728279232978821"
        },
        {
            "gameTime": "1 - 14:44",
            "label": "Throw-in",
            "position": "884000",
            "half": "1",
            "confidence": "0.746636688709259"
        },
        {
            "gameTime": "1 - 22:16",
            "label": "Throw-in",
            "position": "1336500",
            "half": "1",
            "confidence": "0.7401642799377441"
        },
        {
            "gameTime": "1 - 41:20",
            "label": "Throw-in",
            "position": "2480500",
            "half": "1",
            "confidence": "0.6893242597579956"
        },
        {
            "gameTime": "1 - 24:11",
            "label": "Throw-in",
            "position": "1451000",
            "half": "1",
            "confidence": "0.6772787570953369"
        },
        {
            "gameTime": "1 - 34:40",
            "label": "Throw-in",
            "position": "2080500",
            "half": "1",
            "confidence": "0.6738723516464233"
        },
        {
            "gameTime": "1 - 43:40",
            "label": "Throw-in",
            "position": "2620500",
            "half": "1",
            "confidence": "0.6686314940452576"
        },
        {
            "gameTime": "1 - 40:27",
            "label": "Throw-in",
            "position": "2427000",
            "half": "1",
            "confidence": "0.6671119332313538"
        },
        {
            "gameTime": "1 - 41:55",
            "label": "Throw-in",
            "position": "2515000",
            "half": "1",
            "confidence": "0.6525439620018005"
        },
        {
            "gameTime": "1 - 16:23",
            "label": "Throw-in",
            "position": "983000",
            "half": "1",
            "confidence": "0.6480793356895447"
        },
        {
            "gameTime": "1 - 39:3",
            "label": "Throw-in",
            "position": "2343500",
            "half": "1",
            "confidence": "0.6460931897163391"
        },
        {
            "gameTime": "1 - 7:47",
            "label": "Throw-in",
            "position": "467000",
            "half": "1",
            "confidence": "0.6287208199501038"
        },
        {
            "gameTime": "1 - 6:16",
            "label": "Throw-in",
            "position": "376000",
            "half": "1",
            "confidence": "0.6227686405181885"
        },
        {
            "gameTime": "1 - 40:6",
            "label": "Throw-in",
            "position": "2406500",
            "half": "1",
            "confidence": "0.6008098721504211"
        },
        {
            "gameTime": "1 - 38:20",
            "label": "Throw-in",
            "position": "2300500",
            "half": "1",
            "confidence": "0.5874238610267639"
        },
        {
            "gameTime": "1 - 35:43",
            "label": "Throw-in",
            "position": "2143000",
            "half": "1",
            "confidence": "0.5839467644691467"
        },
        {
            "gameTime": "1 - 36:6",
            "label": "Throw-in",
            "position": "2166000",
            "half": "1",
            "confidence": "0.5781514644622803"
        },
        {
            "gameTime": "1 - 21:59",
            "label": "Throw-in",
            "position": "1319500",
            "half": "1",
            "confidence": "0.5688957571983337"
        },
        {
            "gameTime": "1 - 0:5",
            "label": "Throw-in",
            "position": "5500",
            "half": "1",
            "confidence": "0.5649194717407227"
        },
        {
            "gameTime": "1 - 42:29",
            "label": "Throw-in",
            "position": "2549000",
            "half": "1",
            "confidence": "0.559005618095398"
        },
        {
            "gameTime": "1 - 17:5",
            "label": "Throw-in",
            "position": "1025000",
            "half": "1",
            "confidence": "0.5381038784980774"
        },
        {
            "gameTime": "1 - 43:51",
            "label": "Throw-in",
            "position": "2631000",
            "half": "1",
            "confidence": "0.538089394569397"
        },
        {
            "gameTime": "1 - 7:27",
            "label": "Throw-in",
            "position": "447500",
            "half": "1",
            "confidence": "0.5332526564598083"
        },
        {
            "gameTime": "1 - 16:52",
            "label": "Throw-in",
            "position": "1012500",
            "half": "1",
            "confidence": "0.5303705930709839"
        },
        {
            "gameTime": "1 - 8:45",
            "label": "Throw-in",
            "position": "525500",
            "half": "1",
            "confidence": "0.5126532912254333"
        },
        {
            "gameTime": "1 - 11:15",
            "label": "Foul",
            "position": "675500",
            "half": "1",
            "confidence": "0.9362313151359558"
        },
        {
            "gameTime": "1 - 1:15",
            "label": "Foul",
            "position": "75000",
            "half": "1",
            "confidence": "0.8132140636444092"
        },
        {
            "gameTime": "1 - 30:37",
            "label": "Foul",
            "position": "1837500",
            "half": "1",
            "confidence": "0.7451485395431519"
        },
        {
            "gameTime": "1 - 11:25",
            "label": "Foul",
            "position": "685500",
            "half": "1",
            "confidence": "0.6447474956512451"
        },
        {
            "gameTime": "1 - 0:28",
            "label": "Foul",
            "position": "28000",
            "half": "1",
            "confidence": "0.5452492833137512"
        },
        {
            "gameTime": "1 - 22:4",
            "label": "Foul",
            "position": "1324000",
            "half": "1",
            "confidence": "0.5173228979110718"
        },
        {
            "gameTime": "1 - 39:2",
            "label": "Indirect free-kick",
            "position": "2342500",
            "half": "1",
            "confidence": "0.6311161518096924"
        },
        {
            "gameTime": "1 - 30:29",
            "label": "Indirect free-kick",
            "position": "1829000",
            "half": "1",
            "confidence": "0.5507550835609436"
        },
        {
            "gameTime": "1 - 32:39",
            "label": "Indirect free-kick",
            "position": "1959000",
            "half": "1",
            "confidence": "0.5118479132652283"
        },
        {
            "gameTime": "1 - 31:35",
            "label": "Indirect free-kick",
            "position": "1895500",
            "half": "1",
            "confidence": "0.5079500079154968"
        },
        {
            "gameTime": "1 - 1:51",
            "label": "Direct free-kick",
            "position": "111500",
            "half": "1",
            "confidence": "0.8149733543395996"
        },
        {
            "gameTime": "1 - 26:50",
            "label": "Direct free-kick",
            "position": "1610500",
            "half": "1",
            "confidence": "0.6143890023231506"
        },
        {
            "gameTime": "1 - 2:1",
            "label": "Direct free-kick",
            "position": "121500",
            "half": "1",
            "confidence": "0.5373971462249756"
        },
        {
            "gameTime": "1 - 2:25",
            "label": "Corner",
            "position": "145500",
            "half": "1",
            "confidence": "0.9717739224433899"
        },
        {
            "gameTime": "1 - 17:50",
            "label": "Corner",
            "position": "1070500",
            "half": "1",
            "confidence": "0.873502254486084"
        },
        {
            "gameTime": "1 - 26:54",
            "label": "Corner",
            "position": "1614500",
            "half": "1",
            "confidence": "0.7720097303390503"
        },
        {
            "gameTime": "1 - 8:16",
            "label": "Corner",
            "position": "496000",
            "half": "1",
            "confidence": "0.6643112897872925"
        },
        {
            "gameTime": "1 - 2:15",
            "label": "Corner",
            "position": "135000",
            "half": "1",
            "confidence": "0.6322529911994934"
        },
        {
            "gameTime": "1 - 27:4",
            "label": "Corner",
            "position": "1624500",
            "half": "1",
            "confidence": "0.5700467824935913"
        },
        {
            "gameTime": "1 - 29:8",
            "label": "Corner",
            "position": "1748500",
            "half": "1",
            "confidence": "0.5502596497535706"
        },
        {
            "gameTime": "2 - 0:1",
            "label": "Kick-off",
            "position": "1500",
            "half": "2",
            "confidence": "0.9576807022094727"
        },
        {
            "gameTime": "2 - 25:47",
            "label": "Kick-off",
            "position": "1547000",
            "half": "2",
            "confidence": "0.8027022480964661"
        },
        {
            "gameTime": "2 - 25:58",
            "label": "Kick-off",
            "position": "1558000",
            "half": "2",
            "confidence": "0.7113795876502991"
        },
        {
            "gameTime": "2 - 6:9",
            "label": "Kick-off",
            "position": "369500",
            "half": "2",
            "confidence": "0.6371140480041504"
        },
        {
            "gameTime": "2 - 25:8",
            "label": "Goal",
            "position": "1508500",
            "half": "2",
            "confidence": "0.6010180115699768"
        },
        {
            "gameTime": "2 - 28:9",
            "label": "Substitution",
            "position": "1689500",
            "half": "2",
            "confidence": "0.9695730209350586"
        },
        {
            "gameTime": "2 - 28:19",
            "label": "Substitution",
            "position": "1699500",
            "half": "2",
            "confidence": "0.8317397832870483"
        },
        {
            "gameTime": "2 - 37:17",
            "label": "Substitution",
            "position": "2237000",
            "half": "2",
            "confidence": "0.7370491027832031"
        },
        {
            "gameTime": "2 - 37:30",
            "label": "Substitution",
            "position": "2250000",
            "half": "2",
            "confidence": "0.6224011182785034"
        },
        {
            "gameTime": "2 - 15:19",
            "label": "Shots off target",
            "position": "919000",
            "half": "2",
            "confidence": "0.6979865431785583"
        },
        {
            "gameTime": "2 - 40:35",
            "label": "Shots off target",
            "position": "2435500",
            "half": "2",
            "confidence": "0.693056046962738"
        },
        {
            "gameTime": "2 - 42:25",
            "label": "Clearance",
            "position": "2545000",
            "half": "2",
            "confidence": "0.832790732383728"
        },
        {
            "gameTime": "2 - 32:53",
            "label": "Clearance",
            "position": "1973000",
            "half": "2",
            "confidence": "0.6384485960006714"
        },
        {
            "gameTime": "2 - 46:55",
            "label": "Clearance",
            "position": "2815500",
            "half": "2",
            "confidence": "0.599244236946106"
        },
        {
            "gameTime": "2 - 42:35",
            "label": "Clearance",
            "position": "2555000",
            "half": "2",
            "confidence": "0.5227567553520203"
        },
        {
            "gameTime": "2 - 40:47",
            "label": "Clearance",
            "position": "2447500",
            "half": "2",
            "confidence": "0.5044539570808411"
        },
        {
            "gameTime": "2 - 15:10",
            "label": "Ball out of play",
            "position": "910500",
            "half": "2",
            "confidence": "0.939554750919342"
        },
        {
            "gameTime": "2 - 33:58",
            "label": "Ball out of play",
            "position": "2038500",
            "half": "2",
            "confidence": "0.9082559943199158"
        },
        {
            "gameTime": "2 - 12:56",
            "label": "Ball out of play",
            "position": "776000",
            "half": "2",
            "confidence": "0.9022606611251831"
        },
        {
            "gameTime": "2 - 38:52",
            "label": "Ball out of play",
            "position": "2332500",
            "half": "2",
            "confidence": "0.8920482993125916"
        },
        {
            "gameTime": "2 - 15:21",
            "label": "Ball out of play",
            "position": "921000",
            "half": "2",
            "confidence": "0.8747106194496155"
        },
        {
            "gameTime": "2 - 38:41",
            "label": "Ball out of play",
            "position": "2321500",
            "half": "2",
            "confidence": "0.8572866320610046"
        },
        {
            "gameTime": "2 - 34:29",
            "label": "Ball out of play",
            "position": "2069000",
            "half": "2",
            "confidence": "0.8548356294631958"
        },
        {
            "gameTime": "2 - 16:58",
            "label": "Ball out of play",
            "position": "1018000",
            "half": "2",
            "confidence": "0.8506371974945068"
        },
        {
            "gameTime": "2 - 33:46",
            "label": "Ball out of play",
            "position": "2026500",
            "half": "2",
            "confidence": "0.835088849067688"
        },
        {
            "gameTime": "2 - 15:57",
            "label": "Ball out of play",
            "position": "957000",
            "half": "2",
            "confidence": "0.8273485898971558"
        },
        {
            "gameTime": "2 - 44:56",
            "label": "Ball out of play",
            "position": "2696000",
            "half": "2",
            "confidence": "0.8189350962638855"
        },
        {
            "gameTime": "2 - 13:6",
            "label": "Ball out of play",
            "position": "786000",
            "half": "2",
            "confidence": "0.8188003301620483"
        },
        {
            "gameTime": "2 - 17:26",
            "label": "Ball out of play",
            "position": "1046500",
            "half": "2",
            "confidence": "0.8163923621177673"
        },
        {
            "gameTime": "2 - 42:44",
            "label": "Ball out of play",
            "position": "2564500",
            "half": "2",
            "confidence": "0.8014794588088989"
        },
        {
            "gameTime": "2 - 16:11",
            "label": "Ball out of play",
            "position": "971000",
            "half": "2",
            "confidence": "0.7992459535598755"
        },
        {
            "gameTime": "2 - 9:0",
            "label": "Ball out of play",
            "position": "540500",
            "half": "2",
            "confidence": "0.7831233143806458"
        },
        {
            "gameTime": "2 - 18:48",
            "label": "Ball out of play",
            "position": "1128000",
            "half": "2",
            "confidence": "0.7829359769821167"
        },
        {
            "gameTime": "2 - 17:37",
            "label": "Ball out of play",
            "position": "1057500",
            "half": "2",
            "confidence": "0.7799976468086243"
        },
        {
            "gameTime": "2 - 44:45",
            "label": "Ball out of play",
            "position": "2685500",
            "half": "2",
            "confidence": "0.7747296094894409"
        },
        {
            "gameTime": "2 - 40:26",
            "label": "Ball out of play",
            "position": "2426500",
            "half": "2",
            "confidence": "0.7476142048835754"
        },
        {
            "gameTime": "2 - 9:26",
            "label": "Ball out of play",
            "position": "566000",
            "half": "2",
            "confidence": "0.7229023575782776"
        },
        {
            "gameTime": "2 - 23:28",
            "label": "Ball out of play",
            "position": "1408000",
            "half": "2",
            "confidence": "0.7173511981964111"
        },
        {
            "gameTime": "2 - 5:20",
            "label": "Ball out of play",
            "position": "320500",
            "half": "2",
            "confidence": "0.7132508754730225"
        },
        {
            "gameTime": "2 - 25:5",
            "label": "Ball out of play",
            "position": "1505500",
            "half": "2",
            "confidence": "0.7121869921684265"
        },
        {
            "gameTime": "2 - 40:38",
            "label": "Ball out of play",
            "position": "2438500",
            "half": "2",
            "confidence": "0.7117201089859009"
        },
        {
            "gameTime": "2 - 37:0",
            "label": "Ball out of play",
            "position": "2220000",
            "half": "2",
            "confidence": "0.7070383429527283"
        },
        {
            "gameTime": "2 - 43:24",
            "label": "Ball out of play",
            "position": "2604000",
            "half": "2",
            "confidence": "0.6865280270576477"
        },
        {
            "gameTime": "2 - 43:13",
            "label": "Ball out of play",
            "position": "2593000",
            "half": "2",
            "confidence": "0.6800925135612488"
        },
        {
            "gameTime": "2 - 9:14",
            "label": "Ball out of play",
            "position": "554000",
            "half": "2",
            "confidence": "0.6623566746711731"
        },
        {
            "gameTime": "2 - 3:7",
            "label": "Ball out of play",
            "position": "187500",
            "half": "2",
            "confidence": "0.6618870496749878"
        },
        {
            "gameTime": "2 - 27:3",
            "label": "Ball out of play",
            "position": "1623500",
            "half": "2",
            "confidence": "0.658431351184845"
        },
        {
            "gameTime": "2 - 37:33",
            "label": "Ball out of play",
            "position": "2253500",
            "half": "2",
            "confidence": "0.6514066457748413"
        },
        {
            "gameTime": "2 - 27:13",
            "label": "Ball out of play",
            "position": "1633500",
            "half": "2",
            "confidence": "0.6317033767700195"
        },
        {
            "gameTime": "2 - 18:34",
            "label": "Ball out of play",
            "position": "1114500",
            "half": "2",
            "confidence": "0.6218602657318115"
        },
        {
            "gameTime": "2 - 20:5",
            "label": "Ball out of play",
            "position": "1205500",
            "half": "2",
            "confidence": "0.6110290884971619"
        },
        {
            "gameTime": "2 - 5:51",
            "label": "Ball out of play",
            "position": "351000",
            "half": "2",
            "confidence": "0.6100014448165894"
        },
        {
            "gameTime": "2 - 45:11",
            "label": "Ball out of play",
            "position": "2711500",
            "half": "2",
            "confidence": "0.6053629517555237"
        },
        {
            "gameTime": "2 - 38:5",
            "label": "Ball out of play",
            "position": "2285500",
            "half": "2",
            "confidence": "0.5956335067749023"
        },
        {
            "gameTime": "2 - 42:23",
            "label": "Ball out of play",
            "position": "2543000",
            "half": "2",
            "confidence": "0.5872297286987305"
        },
        {
            "gameTime": "2 - 42:12",
            "label": "Ball out of play",
            "position": "2532500",
            "half": "2",
            "confidence": "0.5749515891075134"
        },
        {
            "gameTime": "2 - 42:54",
            "label": "Ball out of play",
            "position": "2574500",
            "half": "2",
            "confidence": "0.5706110000610352"
        },
        {
            "gameTime": "2 - 13:36",
            "label": "Ball out of play",
            "position": "816500",
            "half": "2",
            "confidence": "0.569997251033783"
        },
        {
            "gameTime": "2 - 19:2",
            "label": "Ball out of play",
            "position": "1142500",
            "half": "2",
            "confidence": "0.5699504613876343"
        },
        {
            "gameTime": "2 - 17:8",
            "label": "Ball out of play",
            "position": "1028000",
            "half": "2",
            "confidence": "0.562743067741394"
        },
        {
            "gameTime": "2 - 37:53",
            "label": "Ball out of play",
            "position": "2273000",
            "half": "2",
            "confidence": "0.5604421496391296"
        },
        {
            "gameTime": "2 - 5:40",
            "label": "Ball out of play",
            "position": "340500",
            "half": "2",
            "confidence": "0.5541344881057739"
        },
        {
            "gameTime": "2 - 18:12",
            "label": "Ball out of play",
            "position": "1092500",
            "half": "2",
            "confidence": "0.5540424585342407"
        },
        {
            "gameTime": "2 - 21:43",
            "label": "Ball out of play",
            "position": "1303000",
            "half": "2",
            "confidence": "0.5456972718238831"
        },
        {
            "gameTime": "2 - 40:56",
            "label": "Ball out of play",
            "position": "2456500",
            "half": "2",
            "confidence": "0.5453397035598755"
        },
        {
            "gameTime": "2 - 3:24",
            "label": "Ball out of play",
            "position": "204000",
            "half": "2",
            "confidence": "0.5422005653381348"
        },
        {
            "gameTime": "2 - 44:11",
            "label": "Ball out of play",
            "position": "2651000",
            "half": "2",
            "confidence": "0.5413169264793396"
        },
        {
            "gameTime": "2 - 11:5",
            "label": "Ball out of play",
            "position": "665500",
            "half": "2",
            "confidence": "0.5269612669944763"
        },
        {
            "gameTime": "2 - 30:44",
            "label": "Ball out of play",
            "position": "1844000",
            "half": "2",
            "confidence": "0.5262300968170166"
        },
        {
            "gameTime": "2 - 13:24",
            "label": "Ball out of play",
            "position": "804500",
            "half": "2",
            "confidence": "0.5224475860595703"
        },
        {
            "gameTime": "2 - 41:58",
            "label": "Ball out of play",
            "position": "2518500",
            "half": "2",
            "confidence": "0.5214114189147949"
        },
        {
            "gameTime": "2 - 23:38",
            "label": "Ball out of play",
            "position": "1418000",
            "half": "2",
            "confidence": "0.5091979503631592"
        },
        {
            "gameTime": "2 - 34:13",
            "label": "Ball out of play",
            "position": "2053500",
            "half": "2",
            "confidence": "0.503565788269043"
        },
        {
            "gameTime": "2 - 34:30",
            "label": "Throw-in",
            "position": "2070000",
            "half": "2",
            "confidence": "0.993946373462677"
        },
        {
            "gameTime": "2 - 43:12",
            "label": "Throw-in",
            "position": "2592500",
            "half": "2",
            "confidence": "0.9938533306121826"
        },
        {
            "gameTime": "2 - 43:24",
            "label": "Throw-in",
            "position": "2604000",
            "half": "2",
            "confidence": "0.9891901016235352"
        },
        {
            "gameTime": "2 - 23:26",
            "label": "Throw-in",
            "position": "1406500",
            "half": "2",
            "confidence": "0.9748218059539795"
        },
        {
            "gameTime": "2 - 38:53",
            "label": "Throw-in",
            "position": "2333000",
            "half": "2",
            "confidence": "0.9710115790367126"
        },
        {
            "gameTime": "2 - 43:2",
            "label": "Throw-in",
            "position": "2582000",
            "half": "2",
            "confidence": "0.9503016471862793"
        },
        {
            "gameTime": "2 - 37:34",
            "label": "Throw-in",
            "position": "2254000",
            "half": "2",
            "confidence": "0.9490188360214233"
        },
        {
            "gameTime": "2 - 38:42",
            "label": "Throw-in",
            "position": "2322000",
            "half": "2",
            "confidence": "0.941285252571106"
        },
        {
            "gameTime": "2 - 9:0",
            "label": "Throw-in",
            "position": "540500",
            "half": "2",
            "confidence": "0.9358085989952087"
        },
        {
            "gameTime": "2 - 23:13",
            "label": "Throw-in",
            "position": "1393000",
            "half": "2",
            "confidence": "0.9228461980819702"
        },
        {
            "gameTime": "2 - 9:18",
            "label": "Throw-in",
            "position": "558000",
            "half": "2",
            "confidence": "0.9217853546142578"
        },
        {
            "gameTime": "2 - 16:16",
            "label": "Throw-in",
            "position": "976000",
            "half": "2",
            "confidence": "0.9160447120666504"
        },
        {
            "gameTime": "2 - 16:5",
            "label": "Throw-in",
            "position": "965500",
            "half": "2",
            "confidence": "0.8999245762825012"
        },
        {
            "gameTime": "2 - 42:44",
            "label": "Throw-in",
            "position": "2564500",
            "half": "2",
            "confidence": "0.887787401676178"
        },
        {
            "gameTime": "2 - 41:11",
            "label": "Throw-in",
            "position": "2471000",
            "half": "2",
            "confidence": "0.872525155544281"
        },
        {
            "gameTime": "2 - 20:16",
            "label": "Throw-in",
            "position": "1216500",
            "half": "2",
            "confidence": "0.867443323135376"
        },
        {
            "gameTime": "2 - 3:33",
            "label": "Throw-in",
            "position": "213500",
            "half": "2",
            "confidence": "0.829140305519104"
        },
        {
            "gameTime": "2 - 33:46",
            "label": "Throw-in",
            "position": "2026500",
            "half": "2",
            "confidence": "0.8195685148239136"
        },
        {
            "gameTime": "2 - 23:36",
            "label": "Throw-in",
            "position": "1416500",
            "half": "2",
            "confidence": "0.7968754172325134"
        },
        {
            "gameTime": "2 - 22:37",
            "label": "Throw-in",
            "position": "1357000",
            "half": "2",
            "confidence": "0.7849018573760986"
        },
        {
            "gameTime": "2 - 40:56",
            "label": "Throw-in",
            "position": "2456500",
            "half": "2",
            "confidence": "0.7843473553657532"
        },
        {
            "gameTime": "2 - 39:3",
            "label": "Throw-in",
            "position": "2343000",
            "half": "2",
            "confidence": "0.7836220264434814"
        },
        {
            "gameTime": "2 - 33:58",
            "label": "Throw-in",
            "position": "2038500",
            "half": "2",
            "confidence": "0.7569624185562134"
        },
        {
            "gameTime": "2 - 5:59",
            "label": "Throw-in",
            "position": "359000",
            "half": "2",
            "confidence": "0.746711790561676"
        },
        {
            "gameTime": "2 - 6:48",
            "label": "Throw-in",
            "position": "408000",
            "half": "2",
            "confidence": "0.7441781759262085"
        },
        {
            "gameTime": "2 - 9:28",
            "label": "Throw-in",
            "position": "568000",
            "half": "2",
            "confidence": "0.7364450097084045"
        },
        {
            "gameTime": "2 - 34:15",
            "label": "Throw-in",
            "position": "2055000",
            "half": "2",
            "confidence": "0.7333599925041199"
        },
        {
            "gameTime": "2 - 2:20",
            "label": "Throw-in",
            "position": "140000",
            "half": "2",
            "confidence": "0.7177417874336243"
        },
        {
            "gameTime": "2 - 18:19",
            "label": "Throw-in",
            "position": "1099500",
            "half": "2",
            "confidence": "0.6873012781143188"
        },
        {
            "gameTime": "2 - 3:43",
            "label": "Throw-in",
            "position": "223500",
            "half": "2",
            "confidence": "0.6809476017951965"
        },
        {
            "gameTime": "2 - 11:4",
            "label": "Throw-in",
            "position": "664000",
            "half": "2",
            "confidence": "0.6806878447532654"
        },
        {
            "gameTime": "2 - 19:6",
            "label": "Throw-in",
            "position": "1146000",
            "half": "2",
            "confidence": "0.6728007197380066"
        },
        {
            "gameTime": "2 - 43:38",
            "label": "Throw-in",
            "position": "2618000",
            "half": "2",
            "confidence": "0.6534979343414307"
        },
        {
            "gameTime": "2 - 27:13",
            "label": "Throw-in",
            "position": "1633500",
            "half": "2",
            "confidence": "0.644334077835083"
        },
        {
            "gameTime": "2 - 15:54",
            "label": "Throw-in",
            "position": "954500",
            "half": "2",
            "confidence": "0.6343148946762085"
        },
        {
            "gameTime": "2 - 16:58",
            "label": "Throw-in",
            "position": "1018000",
            "half": "2",
            "confidence": "0.6312142610549927"
        },
        {
            "gameTime": "2 - 38:31",
            "label": "Throw-in",
            "position": "2311500",
            "half": "2",
            "confidence": "0.5731838941574097"
        },
        {
            "gameTime": "2 - 10:29",
            "label": "Throw-in",
            "position": "629500",
            "half": "2",
            "confidence": "0.5540478229522705"
        },
        {
            "gameTime": "2 - 44:56",
            "label": "Throw-in",
            "position": "2696000",
            "half": "2",
            "confidence": "0.5473652482032776"
        },
        {
            "gameTime": "2 - 29:22",
            "label": "Throw-in",
            "position": "1762500",
            "half": "2",
            "confidence": "0.5399613380432129"
        },
        {
            "gameTime": "2 - 2:31",
            "label": "Throw-in",
            "position": "151500",
            "half": "2",
            "confidence": "0.539657473564148"
        },
        {
            "gameTime": "2 - 8:50",
            "label": "Throw-in",
            "position": "530000",
            "half": "2",
            "confidence": "0.531916081905365"
        },
        {
            "gameTime": "2 - 40:13",
            "label": "Throw-in",
            "position": "2413000",
            "half": "2",
            "confidence": "0.5280513763427734"
        },
        {
            "gameTime": "2 - 33:20",
            "label": "Throw-in",
            "position": "2000500",
            "half": "2",
            "confidence": "0.5275205373764038"
        },
        {
            "gameTime": "2 - 16:26",
            "label": "Throw-in",
            "position": "986000",
            "half": "2",
            "confidence": "0.5196217894554138"
        },
        {
            "gameTime": "2 - 26:14",
            "label": "Throw-in",
            "position": "1574000",
            "half": "2",
            "confidence": "0.519047200679779"
        },
        {
            "gameTime": "2 - 16:45",
            "label": "Throw-in",
            "position": "1005000",
            "half": "2",
            "confidence": "0.5172260403633118"
        },
        {
            "gameTime": "2 - 12:36",
            "label": "Foul",
            "position": "756500",
            "half": "2",
            "confidence": "0.8721373677253723"
        },
        {
            "gameTime": "2 - 0:59",
            "label": "Foul",
            "position": "59000",
            "half": "2",
            "confidence": "0.7177571654319763"
        },
        {
            "gameTime": "2 - 6:46",
            "label": "Foul",
            "position": "406000",
            "half": "2",
            "confidence": "0.6563114523887634"
        },
        {
            "gameTime": "2 - 41:51",
            "label": "Foul",
            "position": "2511000",
            "half": "2",
            "confidence": "0.6470302939414978"
        },
        {
            "gameTime": "2 - 46:12",
            "label": "Foul",
            "position": "2772500",
            "half": "2",
            "confidence": "0.624186635017395"
        },
        {
            "gameTime": "2 - 9:57",
            "label": "Foul",
            "position": "597500",
            "half": "2",
            "confidence": "0.6213683485984802"
        },
        {
            "gameTime": "2 - 31:33",
            "label": "Foul",
            "position": "1893500",
            "half": "2",
            "confidence": "0.586783230304718"
        },
        {
            "gameTime": "2 - 11:7",
            "label": "Foul",
            "position": "667500",
            "half": "2",
            "confidence": "0.547469973564148"
        },
        {
            "gameTime": "2 - 6:33",
            "label": "Foul",
            "position": "393000",
            "half": "2",
            "confidence": "0.5211551189422607"
        },
        {
            "gameTime": "2 - 30:43",
            "label": "Foul",
            "position": "1843500",
            "half": "2",
            "confidence": "0.5074953436851501"
        },
        {
            "gameTime": "2 - 6:26",
            "label": "Indirect free-kick",
            "position": "386500",
            "half": "2",
            "confidence": "0.5357879996299744"
        },
        {
            "gameTime": "2 - 30:14",
            "label": "Indirect free-kick",
            "position": "1814000",
            "half": "2",
            "confidence": "0.510746419429779"
        },
        {
            "gameTime": "2 - 41:36",
            "label": "Indirect free-kick",
            "position": "2496000",
            "half": "2",
            "confidence": "0.5057878494262695"
        },
        {
            "gameTime": "2 - 41:50",
            "label": "Indirect free-kick",
            "position": "2510500",
            "half": "2",
            "confidence": "0.5028344988822937"
        },
        {
            "gameTime": "2 - 32:24",
            "label": "Direct free-kick",
            "position": "1944500",
            "half": "2",
            "confidence": "0.8060649037361145"
        },
        {
            "gameTime": "2 - 17:50",
            "label": "Corner",
            "position": "1070500",
            "half": "2",
            "confidence": "0.9893938302993774"
        },
        {
            "gameTime": "2 - 5:39",
            "label": "Corner",
            "position": "339000",
            "half": "2",
            "confidence": "0.9773608446121216"
        },
        {
            "gameTime": "2 - 18:0",
            "label": "Corner",
            "position": "1080500",
            "half": "2",
            "confidence": "0.9446120262145996"
        },
        {
            "gameTime": "2 - 15:43",
            "label": "Corner",
            "position": "943500",
            "half": "2",
            "confidence": "0.9344944357872009"
        },
        {
            "gameTime": "2 - 13:22",
            "label": "Corner",
            "position": "802500",
            "half": "2",
            "confidence": "0.8837535381317139"
        },
        {
            "gameTime": "2 - 5:49",
            "label": "Corner",
            "position": "349500",
            "half": "2",
            "confidence": "0.8309085965156555"
        },
        {
            "gameTime": "2 - 13:34",
            "label": "Corner",
            "position": "814500",
            "half": "2",
            "confidence": "0.7206330299377441"
        },
        {
            "gameTime": "2 - 13:56",
            "label": "Corner",
            "position": "836000",
            "half": "2",
            "confidence": "0.6936184763908386"
        },
        {
            "gameTime": "2 - 46:25",
            "label": "Yellow card",
            "position": "2785500",
            "half": "2",
            "confidence": "0.7676321864128113"
        },
        {
            "gameTime": "2 - 46:15",
            "label": "Yellow card",
            "position": "2775000",
            "half": "2",
            "confidence": "0.5003695487976074"
        }
    ]
}