{
    "UrlLocal": "england_epl/2016-2017/2017-01-21 - 15-30 Liverpool 2 - 3 Swansea",
    "predictions": [
        {
            "gameTime": "1 - 0:0",
            "label": "Kick-off",
            "position": "0",
            "half": "1",
            "confidence": "0.798320472240448"
        },
        {
            "gameTime": "1 - 36:2",
            "label": "Goal",
            "position": "2162000",
            "half": "1",
            "confidence": "0.7671900391578674"
        },
        {
            "gameTime": "1 - 24:23",
            "label": "Offside",
            "position": "1463500",
            "half": "1",
            "confidence": "0.9099992513656616"
        },
        {
            "gameTime": "1 - 24:33",
            "label": "Offside",
            "position": "1473500",
            "half": "1",
            "confidence": "0.7329214215278625"
        },
        {
            "gameTime": "1 - 35:7",
            "label": "Offside",
            "position": "2107500",
            "half": "1",
            "confidence": "0.5203580856323242"
        },
        {
            "gameTime": "1 - 2:13",
            "label": "Shots on target",
            "position": "133500",
            "half": "1",
            "confidence": "0.6409134268760681"
        },
        {
            "gameTime": "1 - 33:20",
            "label": "Clearance",
            "position": "2000500",
            "half": "1",
            "confidence": "0.970264732837677"
        },
        {
            "gameTime": "1 - 8:24",
            "label": "Clearance",
            "position": "504500",
            "half": "1",
            "confidence": "0.938004195690155"
        },
        {
            "gameTime": "1 - 2:46",
            "label": "Clearance",
            "position": "166500",
            "half": "1",
            "confidence": "0.9354923963546753"
        },
        {
            "gameTime": "1 - 16:33",
            "label": "Clearance",
            "position": "993500",
            "half": "1",
            "confidence": "0.9155728816986084"
        },
        {
            "gameTime": "1 - 27:18",
            "label": "Clearance",
            "position": "1638000",
            "half": "1",
            "confidence": "0.8748456239700317"
        },
        {
            "gameTime": "1 - 40:59",
            "label": "Clearance",
            "position": "2459500",
            "half": "1",
            "confidence": "0.835189163684845"
        },
        {
            "gameTime": "1 - 44:23",
            "label": "Clearance",
            "position": "2663000",
            "half": "1",
            "confidence": "0.8147826790809631"
        },
        {
            "gameTime": "1 - 16:43",
            "label": "Clearance",
            "position": "1003500",
            "half": "1",
            "confidence": "0.8147730827331543"
        },
        {
            "gameTime": "1 - 15:33",
            "label": "Clearance",
            "position": "933000",
            "half": "1",
            "confidence": "0.7911144495010376"
        },
        {
            "gameTime": "1 - 33:30",
            "label": "Clearance",
            "position": "2010500",
            "half": "1",
            "confidence": "0.7828689217567444"
        },
        {
            "gameTime": "1 - 44:33",
            "label": "Clearance",
            "position": "2673000",
            "half": "1",
            "confidence": "0.7569361329078674"
        },
        {
            "gameTime": "1 - 8:34",
            "label": "Clearance",
            "position": "514500",
            "half": "1",
            "confidence": "0.724929690361023"
        },
        {
            "gameTime": "1 - 41:10",
            "label": "Clearance",
            "position": "2470000",
            "half": "1",
            "confidence": "0.6886293888092041"
        },
        {
            "gameTime": "1 - 2:56",
            "label": "Clearance",
            "position": "176500",
            "half": "1",
            "confidence": "0.6510742902755737"
        },
        {
            "gameTime": "1 - 36:24",
            "label": "Clearance",
            "position": "2184500",
            "half": "1",
            "confidence": "0.5803511738777161"
        },
        {
            "gameTime": "1 - 27:28",
            "label": "Clearance",
            "position": "1648000",
            "half": "1",
            "confidence": "0.5285636186599731"
        },
        {
            "gameTime": "1 - 43:57",
            "label": "Ball out of play",
            "position": "2637000",
            "half": "1",
            "confidence": "0.9390910267829895"
        },
        {
            "gameTime": "1 - 10:41",
            "label": "Ball out of play",
            "position": "641000",
            "half": "1",
            "confidence": "0.9359161257743835"
        },
        {
            "gameTime": "1 - 11:42",
            "label": "Ball out of play",
            "position": "702000",
            "half": "1",
            "confidence": "0.8973085880279541"
        },
        {
            "gameTime": "1 - 24:54",
            "label": "Ball out of play",
            "position": "1494000",
            "half": "1",
            "confidence": "0.8927427530288696"
        },
        {
            "gameTime": "1 - 18:36",
            "label": "Ball out of play",
            "position": "1116500",
            "half": "1",
            "confidence": "0.8873502016067505"
        },
        {
            "gameTime": "1 - 9:28",
            "label": "Ball out of play",
            "position": "568000",
            "half": "1",
            "confidence": "0.8863553404808044"
        },
        {
            "gameTime": "1 - 9:38",
            "label": "Ball out of play",
            "position": "578000",
            "half": "1",
            "confidence": "0.8599371910095215"
        },
        {
            "gameTime": "1 - 12:51",
            "label": "Ball out of play",
            "position": "771000",
            "half": "1",
            "confidence": "0.8561447262763977"
        },
        {
            "gameTime": "1 - 4:7",
            "label": "Ball out of play",
            "position": "247000",
            "half": "1",
            "confidence": "0.8536458015441895"
        },
        {
            "gameTime": "1 - 23:7",
            "label": "Ball out of play",
            "position": "1387500",
            "half": "1",
            "confidence": "0.8462021946907043"
        },
        {
            "gameTime": "1 - 18:26",
            "label": "Ball out of play",
            "position": "1106000",
            "half": "1",
            "confidence": "0.8435521125793457"
        },
        {
            "gameTime": "1 - 14:57",
            "label": "Ball out of play",
            "position": "897500",
            "half": "1",
            "confidence": "0.8339062333106995"
        },
        {
            "gameTime": "1 - 40:32",
            "label": "Ball out of play",
            "position": "2432500",
            "half": "1",
            "confidence": "0.8123534917831421"
        },
        {
            "gameTime": "1 - 20:28",
            "label": "Ball out of play",
            "position": "1228000",
            "half": "1",
            "confidence": "0.807658314704895"
        },
        {
            "gameTime": "1 - 0:47",
            "label": "Ball out of play",
            "position": "47500",
            "half": "1",
            "confidence": "0.8050084114074707"
        },
        {
            "gameTime": "1 - 32:16",
            "label": "Ball out of play",
            "position": "1936000",
            "half": "1",
            "confidence": "0.7938613891601562"
        },
        {
            "gameTime": "1 - 7:56",
            "label": "Ball out of play",
            "position": "476000",
            "half": "1",
            "confidence": "0.7831773161888123"
        },
        {
            "gameTime": "1 - 44:7",
            "label": "Ball out of play",
            "position": "2647000",
            "half": "1",
            "confidence": "0.7725396156311035"
        },
        {
            "gameTime": "1 - 15:7",
            "label": "Ball out of play",
            "position": "907500",
            "half": "1",
            "confidence": "0.7695242166519165"
        },
        {
            "gameTime": "1 - 26:49",
            "label": "Ball out of play",
            "position": "1609000",
            "half": "1",
            "confidence": "0.7678046226501465"
        },
        {
            "gameTime": "1 - 28:53",
            "label": "Ball out of play",
            "position": "1733000",
            "half": "1",
            "confidence": "0.7511390447616577"
        },
        {
            "gameTime": "1 - 40:43",
            "label": "Ball out of play",
            "position": "2443000",
            "half": "1",
            "confidence": "0.7493045926094055"
        },
        {
            "gameTime": "1 - 42:29",
            "label": "Ball out of play",
            "position": "2549500",
            "half": "1",
            "confidence": "0.7481116652488708"
        },
        {
            "gameTime": "1 - 9:48",
            "label": "Ball out of play",
            "position": "588500",
            "half": "1",
            "confidence": "0.7331275343894958"
        },
        {
            "gameTime": "1 - 10:28",
            "label": "Ball out of play",
            "position": "628500",
            "half": "1",
            "confidence": "0.7312607765197754"
        },
        {
            "gameTime": "1 - 20:17",
            "label": "Ball out of play",
            "position": "1217000",
            "half": "1",
            "confidence": "0.7275744676589966"
        },
        {
            "gameTime": "1 - 20:42",
            "label": "Ball out of play",
            "position": "1242500",
            "half": "1",
            "confidence": "0.7162524461746216"
        },
        {
            "gameTime": "1 - 37:31",
            "label": "Ball out of play",
            "position": "2251000",
            "half": "1",
            "confidence": "0.6914801001548767"
        },
        {
            "gameTime": "1 - 25:4",
            "label": "Ball out of play",
            "position": "1504000",
            "half": "1",
            "confidence": "0.6881715059280396"
        },
        {
            "gameTime": "1 - 17:24",
            "label": "Ball out of play",
            "position": "1044000",
            "half": "1",
            "confidence": "0.6865761280059814"
        },
        {
            "gameTime": "1 - 0:35",
            "label": "Ball out of play",
            "position": "35500",
            "half": "1",
            "confidence": "0.6819642186164856"
        },
        {
            "gameTime": "1 - 32:53",
            "label": "Ball out of play",
            "position": "1973500",
            "half": "1",
            "confidence": "0.6757208108901978"
        },
        {
            "gameTime": "1 - 2:17",
            "label": "Ball out of play",
            "position": "137500",
            "half": "1",
            "confidence": "0.6721285581588745"
        },
        {
            "gameTime": "1 - 43:45",
            "label": "Ball out of play",
            "position": "2625500",
            "half": "1",
            "confidence": "0.665052592754364"
        },
        {
            "gameTime": "1 - 18:15",
            "label": "Ball out of play",
            "position": "1095500",
            "half": "1",
            "confidence": "0.6549762487411499"
        },
        {
            "gameTime": "1 - 38:44",
            "label": "Ball out of play",
            "position": "2324000",
            "half": "1",
            "confidence": "0.6453957557678223"
        },
        {
            "gameTime": "1 - 26:59",
            "label": "Ball out of play",
            "position": "1619000",
            "half": "1",
            "confidence": "0.6441097855567932"
        },
        {
            "gameTime": "1 - 13:1",
            "label": "Ball out of play",
            "position": "781000",
            "half": "1",
            "confidence": "0.6304022073745728"
        },
        {
            "gameTime": "1 - 4:17",
            "label": "Ball out of play",
            "position": "257000",
            "half": "1",
            "confidence": "0.620062530040741"
        },
        {
            "gameTime": "1 - 24:43",
            "label": "Ball out of play",
            "position": "1483500",
            "half": "1",
            "confidence": "0.5878104567527771"
        },
        {
            "gameTime": "1 - 11:52",
            "label": "Ball out of play",
            "position": "712000",
            "half": "1",
            "confidence": "0.5648035407066345"
        },
        {
            "gameTime": "1 - 8:9",
            "label": "Ball out of play",
            "position": "489500",
            "half": "1",
            "confidence": "0.5605100989341736"
        },
        {
            "gameTime": "1 - 20:59",
            "label": "Ball out of play",
            "position": "1259000",
            "half": "1",
            "confidence": "0.5485039949417114"
        },
        {
            "gameTime": "1 - 2:27",
            "label": "Ball out of play",
            "position": "147500",
            "half": "1",
            "confidence": "0.5145036578178406"
        },
        {
            "gameTime": "1 - 11:31",
            "label": "Ball out of play",
            "position": "691500",
            "half": "1",
            "confidence": "0.5112792253494263"
        },
        {
            "gameTime": "1 - 25:47",
            "label": "Ball out of play",
            "position": "1547500",
            "half": "1",
            "confidence": "0.508777916431427"
        },
        {
            "gameTime": "1 - 25:1",
            "label": "Throw-in",
            "position": "1501000",
            "half": "1",
            "confidence": "0.9975823163986206"
        },
        {
            "gameTime": "1 - 10:39",
            "label": "Throw-in",
            "position": "639000",
            "half": "1",
            "confidence": "0.9972127079963684"
        },
        {
            "gameTime": "1 - 24:47",
            "label": "Throw-in",
            "position": "1487000",
            "half": "1",
            "confidence": "0.9948765635490417"
        },
        {
            "gameTime": "1 - 10:49",
            "label": "Throw-in",
            "position": "649000",
            "half": "1",
            "confidence": "0.9908566474914551"
        },
        {
            "gameTime": "1 - 10:28",
            "label": "Throw-in",
            "position": "628500",
            "half": "1",
            "confidence": "0.9829176068305969"
        },
        {
            "gameTime": "1 - 9:43",
            "label": "Throw-in",
            "position": "583500",
            "half": "1",
            "confidence": "0.9714925289154053"
        },
        {
            "gameTime": "1 - 11:37",
            "label": "Throw-in",
            "position": "697500",
            "half": "1",
            "confidence": "0.955414354801178"
        },
        {
            "gameTime": "1 - 43:55",
            "label": "Throw-in",
            "position": "2635000",
            "half": "1",
            "confidence": "0.9517389535903931"
        },
        {
            "gameTime": "1 - 9:30",
            "label": "Throw-in",
            "position": "570000",
            "half": "1",
            "confidence": "0.8971198797225952"
        },
        {
            "gameTime": "1 - 4:9",
            "label": "Throw-in",
            "position": "249000",
            "half": "1",
            "confidence": "0.8664671182632446"
        },
        {
            "gameTime": "1 - 18:34",
            "label": "Throw-in",
            "position": "1114000",
            "half": "1",
            "confidence": "0.8394116163253784"
        },
        {
            "gameTime": "1 - 44:5",
            "label": "Throw-in",
            "position": "2645000",
            "half": "1",
            "confidence": "0.8222014307975769"
        },
        {
            "gameTime": "1 - 28:54",
            "label": "Throw-in",
            "position": "1734500",
            "half": "1",
            "confidence": "0.8215829730033875"
        },
        {
            "gameTime": "1 - 11:26",
            "label": "Throw-in",
            "position": "686500",
            "half": "1",
            "confidence": "0.7706393599510193"
        },
        {
            "gameTime": "1 - 0:47",
            "label": "Throw-in",
            "position": "47500",
            "half": "1",
            "confidence": "0.7669698596000671"
        },
        {
            "gameTime": "1 - 18:22",
            "label": "Throw-in",
            "position": "1102000",
            "half": "1",
            "confidence": "0.7431504726409912"
        },
        {
            "gameTime": "1 - 11:48",
            "label": "Throw-in",
            "position": "708000",
            "half": "1",
            "confidence": "0.7268632054328918"
        },
        {
            "gameTime": "1 - 44:58",
            "label": "Throw-in",
            "position": "2698500",
            "half": "1",
            "confidence": "0.7231383919715881"
        },
        {
            "gameTime": "1 - 20:30",
            "label": "Throw-in",
            "position": "1230000",
            "half": "1",
            "confidence": "0.6932249069213867"
        },
        {
            "gameTime": "1 - 20:59",
            "label": "Throw-in",
            "position": "1259000",
            "half": "1",
            "confidence": "0.683312714099884"
        },
        {
            "gameTime": "1 - 20:43",
            "label": "Throw-in",
            "position": "1243500",
            "half": "1",
            "confidence": "0.677462100982666"
        },
        {
            "gameTime": "1 - 3:56",
            "label": "Throw-in",
            "position": "236500",
            "half": "1",
            "confidence": "0.665876567363739"
        },
        {
            "gameTime": "1 - 43:44",
            "label": "Throw-in",
            "position": "2624500",
            "half": "1",
            "confidence": "0.6287434101104736"
        },
        {
            "gameTime": "1 - 4:19",
            "label": "Throw-in",
            "position": "259000",
            "half": "1",
            "confidence": "0.6085066795349121"
        },
        {
            "gameTime": "1 - 10:10",
            "label": "Throw-in",
            "position": "610500",
            "half": "1",
            "confidence": "0.6022706627845764"
        },
        {
            "gameTime": "1 - 9:59",
            "label": "Throw-in",
            "position": "599000",
            "half": "1",
            "confidence": "0.5849507451057434"
        },
        {
            "gameTime": "1 - 44:47",
            "label": "Throw-in",
            "position": "2687500",
            "half": "1",
            "confidence": "0.5555839538574219"
        },
        {
            "gameTime": "1 - 25:47",
            "label": "Throw-in",
            "position": "1547000",
            "half": "1",
            "confidence": "0.532425582408905"
        },
        {
            "gameTime": "1 - 24:8",
            "label": "Throw-in",
            "position": "1448500",
            "half": "1",
            "confidence": "0.5316342711448669"
        },
        {
            "gameTime": "1 - 35:24",
            "label": "Foul",
            "position": "2124000",
            "half": "1",
            "confidence": "0.8545987606048584"
        },
        {
            "gameTime": "1 - 34:54",
            "label": "Foul",
            "position": "2094000",
            "half": "1",
            "confidence": "0.7986497282981873"
        },
        {
            "gameTime": "1 - 35:5",
            "label": "Foul",
            "position": "2105500",
            "half": "1",
            "confidence": "0.7249912023544312"
        },
        {
            "gameTime": "1 - 34:23",
            "label": "Foul",
            "position": "2063000",
            "half": "1",
            "confidence": "0.6044884324073792"
        },
        {
            "gameTime": "1 - 18:6",
            "label": "Foul",
            "position": "1086500",
            "half": "1",
            "confidence": "0.5935982465744019"
        },
        {
            "gameTime": "1 - 28:35",
            "label": "Foul",
            "position": "1715000",
            "half": "1",
            "confidence": "0.5473427772521973"
        },
        {
            "gameTime": "1 - 24:32",
            "label": "Indirect free-kick",
            "position": "1472500",
            "half": "1",
            "confidence": "0.5928761959075928"
        },
        {
            "gameTime": "1 - 35:56",
            "label": "Direct free-kick",
            "position": "2156000",
            "half": "1",
            "confidence": "0.8047322630882263"
        },
        {
            "gameTime": "1 - 13:18",
            "label": "Direct free-kick",
            "position": "798500",
            "half": "1",
            "confidence": "0.548521876335144"
        },
        {
            "gameTime": "1 - 19:8",
            "label": "Corner",
            "position": "1148500",
            "half": "1",
            "confidence": "0.9021251201629639"
        },
        {
            "gameTime": "1 - 32:43",
            "label": "Corner",
            "position": "1963000",
            "half": "1",
            "confidence": "0.8537603616714478"
        },
        {
            "gameTime": "1 - 18:58",
            "label": "Corner",
            "position": "1138000",
            "half": "1",
            "confidence": "0.6628124117851257"
        },
        {
            "gameTime": "1 - 32:56",
            "label": "Corner",
            "position": "1976000",
            "half": "1",
            "confidence": "0.5734039545059204"
        },
        {
            "gameTime": "1 - 35:33",
            "label": "Yellow card",
            "position": "2133000",
            "half": "1",
            "confidence": "0.9324872493743896"
        },
        {
            "gameTime": "1 - 35:16",
            "label": "Yellow card",
            "position": "2116500",
            "half": "1",
            "confidence": "0.7481727004051208"
        },
        {
            "gameTime": "2 - 0:0",
            "label": "Kick-off",
            "position": "500",
            "half": "2",
            "confidence": "0.9937194585800171"
        },
        {
            "gameTime": "2 - 0:10",
            "label": "Kick-off",
            "position": "10500",
            "half": "2",
            "confidence": "0.9770746827125549"
        },
        {
            "gameTime": "2 - 2:56",
            "label": "Kick-off",
            "position": "176000",
            "half": "2",
            "confidence": "0.8590631484985352"
        },
        {
            "gameTime": "2 - 2:45",
            "label": "Kick-off",
            "position": "165000",
            "half": "2",
            "confidence": "0.5592077374458313"
        },
        {
            "gameTime": "2 - 9:58",
            "label": "Kick-off",
            "position": "598500",
            "half": "2",
            "confidence": "0.5557934045791626"
        },
        {
            "gameTime": "2 - 2:11",
            "label": "Goal",
            "position": "131500",
            "half": "2",
            "confidence": "0.9978600144386292"
        },
        {
            "gameTime": "2 - 28:42",
            "label": "Goal",
            "position": "1722000",
            "half": "2",
            "confidence": "0.9973504543304443"
        },
        {
            "gameTime": "2 - 23:54",
            "label": "Goal",
            "position": "1434500",
            "half": "2",
            "confidence": "0.9473937749862671"
        },
        {
            "gameTime": "2 - 2:1",
            "label": "Goal",
            "position": "121000",
            "half": "2",
            "confidence": "0.8799992799758911"
        },
        {
            "gameTime": "2 - 6:52",
            "label": "Goal",
            "position": "412000",
            "half": "2",
            "confidence": "0.8776148557662964"
        },
        {
            "gameTime": "2 - 9:18",
            "label": "Goal",
            "position": "558500",
            "half": "2",
            "confidence": "0.74578857421875"
        },
        {
            "gameTime": "2 - 10:53",
            "label": "Substitution",
            "position": "653500",
            "half": "2",
            "confidence": "0.8108874559402466"
        },
        {
            "gameTime": "2 - 11:3",
            "label": "Substitution",
            "position": "663500",
            "half": "2",
            "confidence": "0.6651992201805115"
        },
        {
            "gameTime": "2 - 33:43",
            "label": "Substitution",
            "position": "2023500",
            "half": "2",
            "confidence": "0.5073662400245667"
        },
        {
            "gameTime": "2 - 23:46",
            "label": "Shots on target",
            "position": "1426000",
            "half": "2",
            "confidence": "0.9048413634300232"
        },
        {
            "gameTime": "2 - 28:42",
            "label": "Shots on target",
            "position": "1722500",
            "half": "2",
            "confidence": "0.8963380455970764"
        },
        {
            "gameTime": "2 - 2:9",
            "label": "Shots on target",
            "position": "129000",
            "half": "2",
            "confidence": "0.8072969317436218"
        },
        {
            "gameTime": "2 - 27:54",
            "label": "Shots on target",
            "position": "1674500",
            "half": "2",
            "confidence": "0.7408955693244934"
        },
        {
            "gameTime": "2 - 40:38",
            "label": "Shots on target",
            "position": "2438000",
            "half": "2",
            "confidence": "0.68620365858078"
        },
        {
            "gameTime": "2 - 35:36",
            "label": "Shots on target",
            "position": "2136500",
            "half": "2",
            "confidence": "0.6852846145629883"
        },
        {
            "gameTime": "2 - 28:29",
            "label": "Shots on target",
            "position": "1709000",
            "half": "2",
            "confidence": "0.6737036108970642"
        },
        {
            "gameTime": "2 - 30:41",
            "label": "Shots on target",
            "position": "1841500",
            "half": "2",
            "confidence": "0.673293948173523"
        },
        {
            "gameTime": "2 - 40:48",
            "label": "Shots on target",
            "position": "2448000",
            "half": "2",
            "confidence": "0.5864891409873962"
        },
        {
            "gameTime": "2 - 12:44",
            "label": "Shots on target",
            "position": "764000",
            "half": "2",
            "confidence": "0.5633392333984375"
        },
        {
            "gameTime": "2 - 9:18",
            "label": "Shots on target",
            "position": "558500",
            "half": "2",
            "confidence": "0.5481752753257751"
        },
        {
            "gameTime": "2 - 35:36",
            "label": "Shots off target",
            "position": "2136000",
            "half": "2",
            "confidence": "0.7584092617034912"
        },
        {
            "gameTime": "2 - 40:42",
            "label": "Shots off target",
            "position": "2442500",
            "half": "2",
            "confidence": "0.7190907597541809"
        },
        {
            "gameTime": "2 - 35:46",
            "label": "Shots off target",
            "position": "2146000",
            "half": "2",
            "confidence": "0.5843945145606995"
        },
        {
            "gameTime": "2 - 18:4",
            "label": "Clearance",
            "position": "1084500",
            "half": "2",
            "confidence": "0.9698960781097412"
        },
        {
            "gameTime": "2 - 46:14",
            "label": "Clearance",
            "position": "2774500",
            "half": "2",
            "confidence": "0.9625920057296753"
        },
        {
            "gameTime": "2 - 46:24",
            "label": "Clearance",
            "position": "2784500",
            "half": "2",
            "confidence": "0.677882730960846"
        },
        {
            "gameTime": "2 - 0:12",
            "label": "Clearance",
            "position": "12500",
            "half": "2",
            "confidence": "0.6280319094657898"
        },
        {
            "gameTime": "2 - 17:51",
            "label": "Clearance",
            "position": "1071500",
            "half": "2",
            "confidence": "0.6145139932632446"
        },
        {
            "gameTime": "2 - 18:14",
            "label": "Clearance",
            "position": "1094500",
            "half": "2",
            "confidence": "0.601990282535553"
        },
        {
            "gameTime": "2 - 27:7",
            "label": "Ball out of play",
            "position": "1627500",
            "half": "2",
            "confidence": "0.9055498242378235"
        },
        {
            "gameTime": "2 - 43:25",
            "label": "Ball out of play",
            "position": "2605500",
            "half": "2",
            "confidence": "0.9047117829322815"
        },
        {
            "gameTime": "2 - 33:13",
            "label": "Ball out of play",
            "position": "1993000",
            "half": "2",
            "confidence": "0.8737459182739258"
        },
        {
            "gameTime": "2 - 33:55",
            "label": "Ball out of play",
            "position": "2035500",
            "half": "2",
            "confidence": "0.871726930141449"
        },
        {
            "gameTime": "2 - 31:19",
            "label": "Ball out of play",
            "position": "1879000",
            "half": "2",
            "confidence": "0.8487653732299805"
        },
        {
            "gameTime": "2 - 6:45",
            "label": "Ball out of play",
            "position": "405000",
            "half": "2",
            "confidence": "0.8485954403877258"
        },
        {
            "gameTime": "2 - 28:35",
            "label": "Ball out of play",
            "position": "1715500",
            "half": "2",
            "confidence": "0.8389573097229004"
        },
        {
            "gameTime": "2 - 34:5",
            "label": "Ball out of play",
            "position": "2045500",
            "half": "2",
            "confidence": "0.8308677673339844"
        },
        {
            "gameTime": "2 - 23:8",
            "label": "Ball out of play",
            "position": "1388500",
            "half": "2",
            "confidence": "0.8153841495513916"
        },
        {
            "gameTime": "2 - 40:45",
            "label": "Ball out of play",
            "position": "2445500",
            "half": "2",
            "confidence": "0.8105695843696594"
        },
        {
            "gameTime": "2 - 36:58",
            "label": "Ball out of play",
            "position": "2218500",
            "half": "2",
            "confidence": "0.8076218962669373"
        },
        {
            "gameTime": "2 - 12:31",
            "label": "Ball out of play",
            "position": "751000",
            "half": "2",
            "confidence": "0.8067728877067566"
        },
        {
            "gameTime": "2 - 22:58",
            "label": "Ball out of play",
            "position": "1378000",
            "half": "2",
            "confidence": "0.8018486499786377"
        },
        {
            "gameTime": "2 - 0:38",
            "label": "Ball out of play",
            "position": "38000",
            "half": "2",
            "confidence": "0.7860315442085266"
        },
        {
            "gameTime": "2 - 19:53",
            "label": "Ball out of play",
            "position": "1193000",
            "half": "2",
            "confidence": "0.7586719393730164"
        },
        {
            "gameTime": "2 - 33:1",
            "label": "Ball out of play",
            "position": "1981000",
            "half": "2",
            "confidence": "0.7483512759208679"
        },
        {
            "gameTime": "2 - 38:20",
            "label": "Ball out of play",
            "position": "2300000",
            "half": "2",
            "confidence": "0.7475508451461792"
        },
        {
            "gameTime": "2 - 40:56",
            "label": "Ball out of play",
            "position": "2456000",
            "half": "2",
            "confidence": "0.7334251403808594"
        },
        {
            "gameTime": "2 - 20:27",
            "label": "Ball out of play",
            "position": "1227000",
            "half": "2",
            "confidence": "0.7323117852210999"
        },
        {
            "gameTime": "2 - 31:29",
            "label": "Ball out of play",
            "position": "1889000",
            "half": "2",
            "confidence": "0.7154167294502258"
        },
        {
            "gameTime": "2 - 43:35",
            "label": "Ball out of play",
            "position": "2615500",
            "half": "2",
            "confidence": "0.7119626402854919"
        },
        {
            "gameTime": "2 - 43:15",
            "label": "Ball out of play",
            "position": "2595000",
            "half": "2",
            "confidence": "0.6887729167938232"
        },
        {
            "gameTime": "2 - 12:20",
            "label": "Ball out of play",
            "position": "740500",
            "half": "2",
            "confidence": "0.6688942313194275"
        },
        {
            "gameTime": "2 - 36:30",
            "label": "Ball out of play",
            "position": "2190500",
            "half": "2",
            "confidence": "0.665385365486145"
        },
        {
            "gameTime": "2 - 35:41",
            "label": "Ball out of play",
            "position": "2141500",
            "half": "2",
            "confidence": "0.6530190110206604"
        },
        {
            "gameTime": "2 - 27:17",
            "label": "Ball out of play",
            "position": "1637500",
            "half": "2",
            "confidence": "0.6451911926269531"
        },
        {
            "gameTime": "2 - 9:14",
            "label": "Ball out of play",
            "position": "554000",
            "half": "2",
            "confidence": "0.6339119076728821"
        },
        {
            "gameTime": "2 - 23:18",
            "label": "Ball out of play",
            "position": "1398500",
            "half": "2",
            "confidence": "0.6321077942848206"
        },
        {
            "gameTime": "2 - 30:48",
            "label": "Ball out of play",
            "position": "1848500",
            "half": "2",
            "confidence": "0.6206539273262024"
        },
        {
            "gameTime": "2 - 7:29",
            "label": "Ball out of play",
            "position": "449000",
            "half": "2",
            "confidence": "0.6182664632797241"
        },
        {
            "gameTime": "2 - 0:49",
            "label": "Ball out of play",
            "position": "49500",
            "half": "2",
            "confidence": "0.6133726239204407"
        },
        {
            "gameTime": "2 - 22:47",
            "label": "Ball out of play",
            "position": "1367500",
            "half": "2",
            "confidence": "0.5959354639053345"
        },
        {
            "gameTime": "2 - 0:27",
            "label": "Ball out of play",
            "position": "27500",
            "half": "2",
            "confidence": "0.5911742448806763"
        },
        {
            "gameTime": "2 - 38:30",
            "label": "Ball out of play",
            "position": "2310000",
            "half": "2",
            "confidence": "0.5882446765899658"
        },
        {
            "gameTime": "2 - 49:8",
            "label": "Ball out of play",
            "position": "2948500",
            "half": "2",
            "confidence": "0.5625699162483215"
        },
        {
            "gameTime": "2 - 1:29",
            "label": "Ball out of play",
            "position": "89500",
            "half": "2",
            "confidence": "0.558543860912323"
        },
        {
            "gameTime": "2 - 38:4",
            "label": "Ball out of play",
            "position": "2284500",
            "half": "2",
            "confidence": "0.529313862323761"
        },
        {
            "gameTime": "2 - 5:33",
            "label": "Ball out of play",
            "position": "333500",
            "half": "2",
            "confidence": "0.5281819701194763"
        },
        {
            "gameTime": "2 - 19:42",
            "label": "Ball out of play",
            "position": "1182500",
            "half": "2",
            "confidence": "0.515196681022644"
        },
        {
            "gameTime": "2 - 17:41",
            "label": "Ball out of play",
            "position": "1061500",
            "half": "2",
            "confidence": "0.5074848532676697"
        },
        {
            "gameTime": "2 - 12:30",
            "label": "Throw-in",
            "position": "750000",
            "half": "2",
            "confidence": "0.9076629281044006"
        },
        {
            "gameTime": "2 - 33:57",
            "label": "Throw-in",
            "position": "2037000",
            "half": "2",
            "confidence": "0.8873388767242432"
        },
        {
            "gameTime": "2 - 12:17",
            "label": "Throw-in",
            "position": "737500",
            "half": "2",
            "confidence": "0.8838410377502441"
        },
        {
            "gameTime": "2 - 43:34",
            "label": "Throw-in",
            "position": "2614500",
            "half": "2",
            "confidence": "0.8571105599403381"
        },
        {
            "gameTime": "2 - 34:7",
            "label": "Throw-in",
            "position": "2047000",
            "half": "2",
            "confidence": "0.8484625816345215"
        },
        {
            "gameTime": "2 - 38:4",
            "label": "Throw-in",
            "position": "2284500",
            "half": "2",
            "confidence": "0.840055525302887"
        },
        {
            "gameTime": "2 - 38:20",
            "label": "Throw-in",
            "position": "2300000",
            "half": "2",
            "confidence": "0.8299577832221985"
        },
        {
            "gameTime": "2 - 36:29",
            "label": "Throw-in",
            "position": "2189500",
            "half": "2",
            "confidence": "0.8048685193061829"
        },
        {
            "gameTime": "2 - 37:0",
            "label": "Throw-in",
            "position": "2220500",
            "half": "2",
            "confidence": "0.7657192945480347"
        },
        {
            "gameTime": "2 - 43:24",
            "label": "Throw-in",
            "position": "2604000",
            "half": "2",
            "confidence": "0.744939386844635"
        },
        {
            "gameTime": "2 - 28:35",
            "label": "Throw-in",
            "position": "1715000",
            "half": "2",
            "confidence": "0.6984879374504089"
        },
        {
            "gameTime": "2 - 6:48",
            "label": "Throw-in",
            "position": "408500",
            "half": "2",
            "confidence": "0.6708676218986511"
        },
        {
            "gameTime": "2 - 37:54",
            "label": "Throw-in",
            "position": "2274000",
            "half": "2",
            "confidence": "0.6450681686401367"
        },
        {
            "gameTime": "2 - 4:53",
            "label": "Throw-in",
            "position": "293500",
            "half": "2",
            "confidence": "0.6310995221138"
        },
        {
            "gameTime": "2 - 0:55",
            "label": "Throw-in",
            "position": "55000",
            "half": "2",
            "confidence": "0.6160363554954529"
        },
        {
            "gameTime": "2 - 17:10",
            "label": "Throw-in",
            "position": "1030500",
            "half": "2",
            "confidence": "0.6160168051719666"
        },
        {
            "gameTime": "2 - 39:57",
            "label": "Throw-in",
            "position": "2397000",
            "half": "2",
            "confidence": "0.6041242480278015"
        },
        {
            "gameTime": "2 - 33:13",
            "label": "Throw-in",
            "position": "1993000",
            "half": "2",
            "confidence": "0.5956732630729675"
        },
        {
            "gameTime": "2 - 0:38",
            "label": "Throw-in",
            "position": "38000",
            "half": "2",
            "confidence": "0.5932707786560059"
        },
        {
            "gameTime": "2 - 5:37",
            "label": "Throw-in",
            "position": "337000",
            "half": "2",
            "confidence": "0.5651078820228577"
        },
        {
            "gameTime": "2 - 5:3",
            "label": "Throw-in",
            "position": "303500",
            "half": "2",
            "confidence": "0.5565328598022461"
        },
        {
            "gameTime": "2 - 33:46",
            "label": "Throw-in",
            "position": "2026500",
            "half": "2",
            "confidence": "0.5516384243965149"
        },
        {
            "gameTime": "2 - 31:23",
            "label": "Throw-in",
            "position": "1883500",
            "half": "2",
            "confidence": "0.5377196073532104"
        },
        {
            "gameTime": "2 - 16:1",
            "label": "Throw-in",
            "position": "961500",
            "half": "2",
            "confidence": "0.5356205105781555"
        },
        {
            "gameTime": "2 - 37:40",
            "label": "Throw-in",
            "position": "2260500",
            "half": "2",
            "confidence": "0.5146217942237854"
        },
        {
            "gameTime": "2 - 1:5",
            "label": "Throw-in",
            "position": "65000",
            "half": "2",
            "confidence": "0.5111950039863586"
        },
        {
            "gameTime": "2 - 38:30",
            "label": "Throw-in",
            "position": "2310000",
            "half": "2",
            "confidence": "0.508152186870575"
        },
        {
            "gameTime": "2 - 14:30",
            "label": "Foul",
            "position": "870500",
            "half": "2",
            "confidence": "0.9163799285888672"
        },
        {
            "gameTime": "2 - 41:46",
            "label": "Foul",
            "position": "2506000",
            "half": "2",
            "confidence": "0.9007315039634705"
        },
        {
            "gameTime": "2 - 11:31",
            "label": "Foul",
            "position": "691500",
            "half": "2",
            "confidence": "0.836661696434021"
        },
        {
            "gameTime": "2 - 44:6",
            "label": "Foul",
            "position": "2646000",
            "half": "2",
            "confidence": "0.7528036832809448"
        },
        {
            "gameTime": "2 - 11:21",
            "label": "Foul",
            "position": "681000",
            "half": "2",
            "confidence": "0.7488104701042175"
        },
        {
            "gameTime": "2 - 41:56",
            "label": "Foul",
            "position": "2516000",
            "half": "2",
            "confidence": "0.6748572587966919"
        },
        {
            "gameTime": "2 - 46:30",
            "label": "Foul",
            "position": "2790000",
            "half": "2",
            "confidence": "0.6063166856765747"
        },
        {
            "gameTime": "2 - 45:16",
            "label": "Foul",
            "position": "2716000",
            "half": "2",
            "confidence": "0.5768736600875854"
        },
        {
            "gameTime": "2 - 46:46",
            "label": "Foul",
            "position": "2806000",
            "half": "2",
            "confidence": "0.5527781248092651"
        },
        {
            "gameTime": "2 - 21:15",
            "label": "Foul",
            "position": "1275500",
            "half": "2",
            "confidence": "0.5375420451164246"
        },
        {
            "gameTime": "2 - 41:48",
            "label": "Indirect free-kick",
            "position": "2508500",
            "half": "2",
            "confidence": "0.6441062688827515"
        },
        {
            "gameTime": "2 - 13:13",
            "label": "Indirect free-kick",
            "position": "793000",
            "half": "2",
            "confidence": "0.6031510829925537"
        },
        {
            "gameTime": "2 - 7:52",
            "label": "Indirect free-kick",
            "position": "472500",
            "half": "2",
            "confidence": "0.5303771495819092"
        },
        {
            "gameTime": "2 - 49:1",
            "label": "Indirect free-kick",
            "position": "2941000",
            "half": "2",
            "confidence": "0.5076892971992493"
        },
        {
            "gameTime": "2 - 27:41",
            "label": "Direct free-kick",
            "position": "1661500",
            "half": "2",
            "confidence": "0.5992043614387512"
        },
        {
            "gameTime": "2 - 2:3",
            "label": "Direct free-kick",
            "position": "123500",
            "half": "2",
            "confidence": "0.5213796496391296"
        },
        {
            "gameTime": "2 - 31:36",
            "label": "Corner",
            "position": "1896000",
            "half": "2",
            "confidence": "0.9282747507095337"
        },
        {
            "gameTime": "2 - 31:4",
            "label": "Corner",
            "position": "1864500",
            "half": "2",
            "confidence": "0.8855316042900085"
        },
        {
            "gameTime": "2 - 23:0",
            "label": "Corner",
            "position": "1380500",
            "half": "2",
            "confidence": "0.7623617053031921"
        },
        {
            "gameTime": "2 - 1:54",
            "label": "Corner",
            "position": "114000",
            "half": "2",
            "confidence": "0.7572697997093201"
        },
        {
            "gameTime": "2 - 31:14",
            "label": "Corner",
            "position": "1874500",
            "half": "2",
            "confidence": "0.7448204159736633"
        },
        {
            "gameTime": "2 - 27:46",
            "label": "Corner",
            "position": "1666500",
            "half": "2",
            "confidence": "0.7310536503791809"
        },
        {
            "gameTime": "2 - 17:48",
            "label": "Corner",
            "position": "1068000",
            "half": "2",
            "confidence": "0.6623632311820984"
        },
        {
            "gameTime": "2 - 23:13",
            "label": "Corner",
            "position": "1393000",
            "half": "2",
            "confidence": "0.61866694688797"
        },
        {
            "gameTime": "2 - 20:21",
            "label": "Corner",
            "position": "1221000",
            "half": "2",
            "confidence": "0.5615184307098389"
        },
        {
            "gameTime": "2 - 35:59",
            "label": "Corner",
            "position": "2159000",
            "half": "2",
            "confidence": "0.5277543663978577"
        },
        {
            "gameTime": "2 - 22:50",
            "label": "Corner",
            "position": "1370000",
            "half": "2",
            "confidence": "0.5024137496948242"
        },
        {
            "gameTime": "2 - 44:15",
            "label": "Yellow card",
            "position": "2655000",
            "half": "2",
            "confidence": "0.910045862197876"
        },
        {
            "gameTime": "2 - 44:3",
            "label": "Yellow card",
            "position": "2643500",
            "half": "2",
            "confidence": "0.5498923063278198"
        }
    ]
}