{
    "UrlLocal": "england_epl/2016-2017/2017-05-13 - 18-00 Stoke City 1 - 4 Arsenal",
    "UrlYoutube": "",
    "annotations": [
        {
            "change_type": "",
            "gameTime": "1 - 04:21",
            "label": "",
            "position": "261173",
            "replay": "real-time"
        },
        {
            "change_type": "",
            "gameTime": "1 - 04:33",
            "label": "",
            "link": "",
            "position": "273880",
            "replay": "replay"
        },
        {
            "change_type": "",
            "gameTime": "1 - 08:30",
            "label": "",
            "position": "510184",
            "replay": "real-time"
        },
        {
            "change_type": "",
            "gameTime": "1 - 08:36",
            "label": "",
            "link": "",
            "position": "516531",
            "replay": "replay"
        },
        {
            "change_type": "",
            "gameTime": "1 - 08:41",
            "label": "",
            "link": "",
            "position": "521460",
            "replay": "replay"
        },
        {
            "change_type": "",
            "gameTime": "1 - 08:47",
            "label": "",
            "link": "",
            "position": "527982",
            "replay": "replay"
        },
        {
            "change_type": "",
            "gameTime": "1 - 12:13",
            "label": "",
            "position": "733576",
            "replay": "real-time"
        },
        {
            "change_type": "",
            "gameTime": "1 - 12:21",
            "label": "",
            "link": "",
            "position": "741882",
            "replay": "replay"
        },
        {
            "change_type": "",
            "gameTime": "1 - 12:28",
            "label": "",
            "link": "",
            "position": "748670",
            "replay": "replay"
        },
        {
            "change_type": "",
            "gameTime": "1 - 17:31",
            "label": "",
            "position": "1051945",
            "replay": "real-time"
        },
        {
            "change_type": "",
            "gameTime": "1 - 17:42",
            "label": "",
            "link": "",
            "position": "1062785",
            "replay": "replay"
        },
        {
            "change_type": "",
            "gameTime": "1 - 17:51",
            "label": "",
            "link": "",
            "position": "1071398",
            "replay": "replay"
        },
        {
            "change_type": "",
            "gameTime": "1 - 17:58",
            "label": "",
            "link": "",
            "position": "1078687",
            "replay": "replay"
        },
        {
            "change_type": "",
            "gameTime": "1 - 21:10",
            "label": "",
            "position": "1270600",
            "replay": "real-time"
        },
        {
            "change_type": "",
            "gameTime": "1 - 21:21",
            "label": "",
            "link": "",
            "position": "1281159",
            "replay": "replay"
        },
        {
            "change_type": "",
            "gameTime": "1 - 21:53",
            "label": "",
            "position": "1313629",
            "replay": "real-time"
        },
        {
            "change_type": "",
            "gameTime": "1 - 22:02",
            "label": "",
            "link": "",
            "position": "1322172",
            "replay": "replay"
        },
        {
            "change_type": "",
            "gameTime": "1 - 27:30",
            "label": "",
            "position": "1650137",
            "replay": "real-time"
        },
        {
            "change_type": "",
            "gameTime": "1 - 27:39",
            "label": "",
            "link": "",
            "position": "1659125",
            "replay": "replay"
        },
        {
            "change_type": "",
            "gameTime": "1 - 27:46",
            "label": "",
            "link": "",
            "position": "1666213",
            "replay": "replay"
        },
        {
            "change_type": "",
            "gameTime": "1 - 28:38",
            "label": "",
            "position": "1718023",
            "replay": "real-time"
        },
        {
            "change_type": "",
            "gameTime": "1 - 28:43",
            "label": "",
            "link": "",
            "position": "1723949",
            "replay": "replay"
        },
        {
            "change_type": "",
            "gameTime": "1 - 30:51",
            "label": "",
            "position": "1851313",
            "replay": "real-time"
        },
        {
            "change_type": "",
            "gameTime": "1 - 31:02",
            "label": "",
            "link": "",
            "position": "1862575",
            "replay": "replay"
        },
        {
            "change_type": "",
            "gameTime": "1 - 33:36",
            "label": "",
            "position": "2016114",
            "replay": "real-time"
        },
        {
            "change_type": "",
            "gameTime": "1 - 33:45",
            "label": "",
            "link": "",
            "position": "2025457",
            "replay": "replay"
        },
        {
            "change_type": "",
            "gameTime": "1 - 33:54",
            "label": "",
            "link": "",
            "position": "2034028",
            "replay": "replay"
        },
        {
            "change_type": "",
            "gameTime": "1 - 34:46",
            "label": "",
            "position": "2086331",
            "replay": "real-time"
        },
        {
            "change_type": "",
            "gameTime": "1 - 34:56",
            "label": "",
            "link": "",
            "position": "2096895",
            "replay": "replay"
        },
        {
            "change_type": "",
            "gameTime": "1 - 37:56",
            "label": "",
            "position": "2276027",
            "replay": "real-time"
        },
        {
            "change_type": "",
            "gameTime": "1 - 38:07",
            "label": "",
            "link": "",
            "position": "2287571",
            "replay": "replay"
        },
        {
            "change_type": "",
            "gameTime": "1 - 40:05",
            "label": "",
            "position": "2405273",
            "replay": "real-time"
        },
        {
            "change_type": "",
            "gameTime": "1 - 40:12",
            "label": "",
            "link": "",
            "position": "2412113",
            "replay": "replay"
        },
        {
            "change_type": "",
            "gameTime": "1 - 41:52",
            "label": "",
            "position": "2512918",
            "replay": "real-time"
        },
        {
            "change_type": "",
            "gameTime": "1 - 42:05",
            "label": "",
            "link": "",
            "position": "2525634",
            "replay": "replay"
        },
        {
            "change_type": "",
            "gameTime": "1 - 42:13",
            "label": "",
            "link": "",
            "position": "2533293",
            "replay": "replay"
        },
        {
            "change_type": "",
            "gameTime": "1 - 42:19",
            "label": "",
            "link": "",
            "position": "2539788",
            "replay": "replay"
        },
        {
            "change_type": "",
            "gameTime": "1 - 42:27",
            "label": "",
            "position": "2547626",
            "replay": "other"
        },
        {
            "change_type": "",
            "gameTime": "2 - 03:02",
            "label": "",
            "position": "182531",
            "replay": "real-time"
        },
        {
            "change_type": "",
            "gameTime": "2 - 03:12",
            "label": "",
            "link": "",
            "position": "192670",
            "replay": "replay"
        },
        {
            "change_type": "",
            "gameTime": "2 - 04:37",
            "label": "",
            "position": "277916",
            "replay": "real-time"
        },
        {
            "change_type": "",
            "gameTime": "2 - 04:45",
            "label": "",
            "link": "",
            "position": "285710",
            "replay": "replay"
        },
        {
            "change_type": "",
            "gameTime": "2 - 10:04",
            "label": "",
            "position": "604898",
            "replay": "real-time"
        },
        {
            "change_type": "",
            "gameTime": "2 - 10:16",
            "label": "",
            "link": "",
            "position": "616718",
            "replay": "replay"
        },
        {
            "change_type": "",
            "gameTime": "2 - 10:23",
            "label": "",
            "link": "",
            "position": "623997",
            "replay": "replay"
        },
        {
            "change_type": "",
            "gameTime": "2 - 10:33",
            "label": "",
            "link": "",
            "position": "633159",
            "replay": "replay"
        },
        {
            "change_type": "",
            "gameTime": "2 - 11:14",
            "label": "",
            "position": "674115",
            "replay": "real-time"
        },
        {
            "change_type": "",
            "gameTime": "2 - 11:24",
            "label": "",
            "link": "",
            "position": "684116",
            "replay": "replay"
        },
        {
            "change_type": "",
            "gameTime": "2 - 11:29",
            "label": "",
            "position": "689729",
            "replay": "other"
        },
        {
            "change_type": "",
            "gameTime": "2 - 11:33",
            "label": "",
            "position": "693148",
            "replay": "other"
        },
        {
            "change_type": "",
            "gameTime": "2 - 12:20",
            "label": "",
            "position": "740614",
            "replay": "real-time"
        },
        {
            "change_type": "",
            "gameTime": "2 - 12:27",
            "label": "",
            "position": "747352",
            "replay": "other"
        },
        {
            "change_type": "",
            "gameTime": "2 - 12:34",
            "label": "",
            "position": "754501",
            "replay": "other"
        },
        {
            "change_type": "",
            "gameTime": "2 - 14:09",
            "label": "",
            "position": "849311",
            "replay": "real-time"
        },
        {
            "change_type": "",
            "gameTime": "2 - 14:18",
            "label": "",
            "link": "",
            "position": "858612",
            "replay": "replay"
        },
        {
            "change_type": "",
            "gameTime": "2 - 14:25",
            "label": "",
            "link": "",
            "position": "865278",
            "replay": "replay"
        },
        {
            "change_type": "",
            "gameTime": "2 - 17:10",
            "label": "",
            "position": "1030948",
            "replay": "real-time"
        },
        {
            "change_type": "",
            "gameTime": "2 - 17:18",
            "label": "",
            "link": "",
            "position": "1038868",
            "replay": "replay"
        },
        {
            "change_type": "",
            "gameTime": "2 - 17:46",
            "label": "",
            "position": "1066742",
            "replay": "real-time"
        },
        {
            "change_type": "",
            "gameTime": "2 - 17:54",
            "label": "",
            "link": "",
            "position": "1074690",
            "replay": "replay"
        },
        {
            "change_type": "",
            "gameTime": "2 - 18:01",
            "label": "",
            "link": "",
            "position": "1081520",
            "replay": "replay"
        },
        {
            "change_type": "",
            "gameTime": "2 - 19:05",
            "label": "",
            "position": "1145744",
            "replay": "real-time"
        },
        {
            "change_type": "",
            "gameTime": "2 - 19:15",
            "label": "",
            "link": "",
            "position": "1155029",
            "replay": "replay"
        },
        {
            "change_type": "",
            "gameTime": "2 - 22:05",
            "label": "",
            "position": "1325018",
            "replay": "real-time"
        },
        {
            "change_type": "",
            "gameTime": "2 - 22:13",
            "label": "",
            "link": "",
            "position": "1333337",
            "replay": "replay"
        },
        {
            "change_type": "",
            "gameTime": "2 - 22:29",
            "label": "",
            "link": "",
            "position": "1349377",
            "replay": "replay"
        },
        {
            "change_type": "",
            "gameTime": "2 - 22:36",
            "label": "",
            "link": "",
            "position": "1356152",
            "replay": "replay"
        },
        {
            "change_type": "",
            "gameTime": "2 - 25:22",
            "label": "",
            "position": "1522040",
            "replay": "real-time"
        },
        {
            "change_type": "",
            "gameTime": "2 - 25:30",
            "label": "",
            "link": "",
            "position": "1530077",
            "replay": "replay"
        },
        {
            "change_type": "",
            "gameTime": "2 - 25:36",
            "label": "",
            "position": "1536674",
            "replay": "other"
        },
        {
            "change_type": "",
            "gameTime": "2 - 25:44",
            "label": "",
            "position": "1544074",
            "replay": "other"
        },
        {
            "change_type": "",
            "gameTime": "2 - 30:35",
            "label": "",
            "position": "1835705",
            "replay": "real-time"
        },
        {
            "change_type": "",
            "gameTime": "2 - 30:47",
            "label": "",
            "link": "",
            "position": "1847830",
            "replay": "replay"
        },
        {
            "change_type": "",
            "gameTime": "2 - 30:54",
            "label": "",
            "link": "",
            "position": "1854238",
            "replay": "replay"
        },
        {
            "change_type": "",
            "gameTime": "2 - 31:01",
            "label": "",
            "link": "",
            "position": "1861302",
            "replay": "replay"
        },
        {
            "change_type": "",
            "gameTime": "2 - 31:09",
            "label": "",
            "position": "1869334",
            "replay": "other"
        },
        {
            "change_type": "",
            "gameTime": "2 - 32:09",
            "label": "",
            "position": "1929034",
            "replay": "real-time"
        },
        {
            "change_type": "",
            "gameTime": "2 - 32:18",
            "label": "",
            "link": "",
            "position": "1938120",
            "replay": "replay"
        },
        {
            "change_type": "",
            "gameTime": "2 - 32:29",
            "label": "",
            "position": "1949786",
            "replay": "real-time"
        },
        {
            "change_type": "",
            "gameTime": "2 - 32:36",
            "label": "",
            "link": "",
            "position": "1956273",
            "replay": "replay"
        },
        {
            "change_type": "",
            "gameTime": "2 - 32:42",
            "label": "",
            "link": "",
            "position": "1962979",
            "replay": "replay"
        },
        {
            "change_type": "",
            "gameTime": "2 - 34:22",
            "label": "",
            "position": "2062253",
            "replay": "real-time"
        },
        {
            "change_type": "",
            "gameTime": "2 - 34:35",
            "label": "",
            "link": "",
            "position": "2075762",
            "replay": "replay"
        },
        {
            "change_type": "",
            "gameTime": "2 - 34:40",
            "label": "",
            "link": "",
            "position": "2080171",
            "replay": "replay"
        },
        {
            "change_type": "",
            "gameTime": "2 - 34:47",
            "label": "",
            "link": "",
            "position": "2087099",
            "replay": "replay"
        },
        {
            "change_type": "",
            "gameTime": "2 - 39:32",
            "label": "",
            "position": "2372135",
            "replay": "real-time"
        },
        {
            "change_type": "",
            "gameTime": "2 - 39:39",
            "label": "",
            "link": "",
            "position": "2379842",
            "replay": "replay"
        },
        {
            "change_type": "",
            "gameTime": "2 - 43:17",
            "label": "",
            "position": "2597958",
            "replay": "real-time"
        },
        {
            "change_type": "",
            "gameTime": "2 - 43:23",
            "label": "",
            "link": "",
            "position": "2603936",
            "replay": "replay"
        },
        {
            "change_type": "",
            "gameTime": "2 - 43:31",
            "label": "",
            "link": "",
            "position": "2611351",
            "replay": "replay"
        }
    ],
    "gameAwayTeam": "Arsenal",
    "gameDate": "2017-05-13 - 18-00",
    "gameHomeTeam": "Stoke City",
    "gameScore": "1 - 4"
}