{
    "UrlLocal": "italy_serie-a/2016-2017/2016-10-02 - 21-45 AS Roma 2 - 1 Inter",
    "predictions": [
        {
            "gameTime": "1 - 23:36",
            "label": "card",
            "position": "1416000",
            "half": "1",
            "confidence": "0.5242568850517273"
        },
        {
            "gameTime": "1 - 1:58",
            "label": "card",
            "position": "118000",
            "half": "1",
            "confidence": "0.5113537907600403"
        },
        {
            "gameTime": "1 - 4:36",
            "label": "soccer",
            "position": "276500",
            "half": "1",
            "confidence": "0.9861930012702942"
        },
        {
            "gameTime": "1 - 24:55",
            "label": "soccer",
            "position": "1495500",
            "half": "1",
            "confidence": "0.5931503772735596"
        },
        {
            "gameTime": "2 - 33:17",
            "label": "card",
            "position": "1997500",
            "half": "2",
            "confidence": "0.696209192276001"
        },
        {
            "gameTime": "2 - 24:9",
            "label": "subs",
            "position": "1449500",
            "half": "2",
            "confidence": "0.9328750371932983"
        },
        {
            "gameTime": "2 - 33:32",
            "label": "subs",
            "position": "2012500",
            "half": "2",
            "confidence": "0.9278753399848938"
        },
        {
            "gameTime": "2 - 24:42",
            "label": "subs",
            "position": "1482500",
            "half": "2",
            "confidence": "0.8956948518753052"
        },
        {
            "gameTime": "2 - 24:26",
            "label": "subs",
            "position": "1466000",
            "half": "2",
            "confidence": "0.8617824912071228"
        },
        {
            "gameTime": "2 - 16:30",
            "label": "subs",
            "position": "990000",
            "half": "2",
            "confidence": "0.8530572652816772"
        },
        {
            "gameTime": "2 - 14:22",
            "label": "subs",
            "position": "862000",
            "half": "2",
            "confidence": "0.8465666174888611"
        },
        {
            "gameTime": "2 - 16:19",
            "label": "subs",
            "position": "979000",
            "half": "2",
            "confidence": "0.6566171646118164"
        },
        {
            "gameTime": "2 - 43:50",
            "label": "subs",
            "position": "2630000",
            "half": "2",
            "confidence": "0.6195288896560669"
        },
        {
            "gameTime": "2 - 14:11",
            "label": "subs",
            "position": "851500",
            "half": "2",
            "confidence": "0.5476637482643127"
        },
        {
            "gameTime": "2 - 44:17",
            "label": "subs",
            "position": "2657500",
            "half": "2",
            "confidence": "0.5262321829795837"
        },
        {
            "gameTime": "2 - 26:40",
            "label": "soccer",
            "position": "1600000",
            "half": "2",
            "confidence": "0.890565037727356"
        }
    ]
}