{
    "UrlLocal": "france_ligue-1/2016-2017/2017-02-08 - 18-00 Nice 1 - 0 Saint Etienne",
    "predictions": [
        {
            "gameTime": "1 - 35:13",
            "label": "card",
            "position": "2113500",
            "half": "1",
            "confidence": "0.9230602383613586"
        },
        {
            "gameTime": "1 - 44:46",
            "label": "card",
            "position": "2686500",
            "half": "1",
            "confidence": "0.9064028859138489"
        },
        {
            "gameTime": "1 - 44:56",
            "label": "card",
            "position": "2696500",
            "half": "1",
            "confidence": "0.8309990763664246"
        },
        {
            "gameTime": "1 - 39:26",
            "label": "card",
            "position": "2366500",
            "half": "1",
            "confidence": "0.7617295384407043"
        },
        {
            "gameTime": "1 - 35:0",
            "label": "card",
            "position": "2100500",
            "half": "1",
            "confidence": "0.7498884797096252"
        },
        {
            "gameTime": "1 - 37:53",
            "label": "card",
            "position": "2273500",
            "half": "1",
            "confidence": "0.7009421586990356"
        },
        {
            "gameTime": "1 - 39:16",
            "label": "card",
            "position": "2356000",
            "half": "1",
            "confidence": "0.5950255990028381"
        },
        {
            "gameTime": "1 - 6:35",
            "label": "soccer",
            "position": "395500",
            "half": "1",
            "confidence": "0.7053565382957458"
        },
        {
            "gameTime": "2 - 15:10",
            "label": "subs",
            "position": "910000",
            "half": "2",
            "confidence": "0.9437748789787292"
        },
        {
            "gameTime": "2 - 26:34",
            "label": "subs",
            "position": "1594000",
            "half": "2",
            "confidence": "0.9086244106292725"
        },
        {
            "gameTime": "2 - 14:59",
            "label": "subs",
            "position": "899500",
            "half": "2",
            "confidence": "0.8974481821060181"
        },
        {
            "gameTime": "2 - 35:25",
            "label": "subs",
            "position": "2125500",
            "half": "2",
            "confidence": "0.8412764668464661"
        },
        {
            "gameTime": "2 - 36:38",
            "label": "subs",
            "position": "2198000",
            "half": "2",
            "confidence": "0.7365204095840454"
        },
        {
            "gameTime": "2 - 26:44",
            "label": "subs",
            "position": "1604000",
            "half": "2",
            "confidence": "0.6079952120780945"
        },
        {
            "gameTime": "2 - 26:23",
            "label": "subs",
            "position": "1583500",
            "half": "2",
            "confidence": "0.5763006210327148"
        },
        {
            "gameTime": "2 - 35:35",
            "label": "subs",
            "position": "2135500",
            "half": "2",
            "confidence": "0.5224456787109375"
        }
    ]
}