{
    "UrlLocal": "spain_laliga/2016-2017/2017-04-08 - 21-45 Malaga 2 - 0 Barcelona",
    "predictions": [
        {
            "gameTime": "1 - 32:55",
            "label": "Kick-off",
            "position": "1975000",
            "half": "1",
            "confidence": "0.8308645486831665"
        },
        {
            "gameTime": "1 - 10:54",
            "label": "Kick-off",
            "position": "654000",
            "half": "1",
            "confidence": "0.7047107815742493"
        },
        {
            "gameTime": "1 - 33:5",
            "label": "Kick-off",
            "position": "1985000",
            "half": "1",
            "confidence": "0.6906521916389465"
        },
        {
            "gameTime": "1 - 32:40",
            "label": "Kick-off",
            "position": "1960000",
            "half": "1",
            "confidence": "0.6611116528511047"
        },
        {
            "gameTime": "1 - 41:1",
            "label": "Kick-off",
            "position": "2461000",
            "half": "1",
            "confidence": "0.6445854306221008"
        },
        {
            "gameTime": "1 - 0:0",
            "label": "Kick-off",
            "position": "500",
            "half": "1",
            "confidence": "0.6296514272689819"
        },
        {
            "gameTime": "1 - 19:25",
            "label": "Kick-off",
            "position": "1165000",
            "half": "1",
            "confidence": "0.5161808729171753"
        },
        {
            "gameTime": "1 - 31:42",
            "label": "Goal",
            "position": "1902000",
            "half": "1",
            "confidence": "0.916973352432251"
        },
        {
            "gameTime": "1 - 31:37",
            "label": "Shots on target",
            "position": "1897500",
            "half": "1",
            "confidence": "0.818181574344635"
        },
        {
            "gameTime": "1 - 29:33",
            "label": "Shots on target",
            "position": "1773000",
            "half": "1",
            "confidence": "0.767074704170227"
        },
        {
            "gameTime": "1 - 40:1",
            "label": "Shots on target",
            "position": "2401000",
            "half": "1",
            "confidence": "0.6796810030937195"
        },
        {
            "gameTime": "1 - 38:32",
            "label": "Shots on target",
            "position": "2312000",
            "half": "1",
            "confidence": "0.6739238500595093"
        },
        {
            "gameTime": "1 - 39:49",
            "label": "Shots on target",
            "position": "2389000",
            "half": "1",
            "confidence": "0.6539416909217834"
        },
        {
            "gameTime": "1 - 29:22",
            "label": "Shots on target",
            "position": "1762500",
            "half": "1",
            "confidence": "0.5510393977165222"
        },
        {
            "gameTime": "1 - 31:27",
            "label": "Shots on target",
            "position": "1887000",
            "half": "1",
            "confidence": "0.5390302538871765"
        },
        {
            "gameTime": "1 - 21:52",
            "label": "Shots off target",
            "position": "1312500",
            "half": "1",
            "confidence": "0.8162603378295898"
        },
        {
            "gameTime": "1 - 21:42",
            "label": "Shots off target",
            "position": "1302000",
            "half": "1",
            "confidence": "0.7480502128601074"
        },
        {
            "gameTime": "1 - 13:16",
            "label": "Shots off target",
            "position": "796000",
            "half": "1",
            "confidence": "0.5993039011955261"
        },
        {
            "gameTime": "1 - 39:59",
            "label": "Shots off target",
            "position": "2399500",
            "half": "1",
            "confidence": "0.5948563814163208"
        },
        {
            "gameTime": "1 - 29:28",
            "label": "Shots off target",
            "position": "1768000",
            "half": "1",
            "confidence": "0.5303167104721069"
        },
        {
            "gameTime": "1 - 12:37",
            "label": "Shots off target",
            "position": "757500",
            "half": "1",
            "confidence": "0.5136595964431763"
        },
        {
            "gameTime": "1 - 22:6",
            "label": "Clearance",
            "position": "1326500",
            "half": "1",
            "confidence": "0.9481881260871887"
        },
        {
            "gameTime": "1 - 32:34",
            "label": "Clearance",
            "position": "1954500",
            "half": "1",
            "confidence": "0.6372044086456299"
        },
        {
            "gameTime": "1 - 16:9",
            "label": "Clearance",
            "position": "969000",
            "half": "1",
            "confidence": "0.596652626991272"
        },
        {
            "gameTime": "1 - 24:53",
            "label": "Clearance",
            "position": "1493000",
            "half": "1",
            "confidence": "0.5384371280670166"
        },
        {
            "gameTime": "1 - 6:3",
            "label": "Clearance",
            "position": "363500",
            "half": "1",
            "confidence": "0.5335500240325928"
        },
        {
            "gameTime": "1 - 36:35",
            "label": "Ball out of play",
            "position": "2195500",
            "half": "1",
            "confidence": "0.9587318301200867"
        },
        {
            "gameTime": "1 - 36:25",
            "label": "Ball out of play",
            "position": "2185000",
            "half": "1",
            "confidence": "0.8987229466438293"
        },
        {
            "gameTime": "1 - 39:51",
            "label": "Ball out of play",
            "position": "2391000",
            "half": "1",
            "confidence": "0.8798890709877014"
        },
        {
            "gameTime": "1 - 14:51",
            "label": "Ball out of play",
            "position": "891500",
            "half": "1",
            "confidence": "0.8750602006912231"
        },
        {
            "gameTime": "1 - 12:36",
            "label": "Ball out of play",
            "position": "756500",
            "half": "1",
            "confidence": "0.8549198508262634"
        },
        {
            "gameTime": "1 - 13:19",
            "label": "Ball out of play",
            "position": "799500",
            "half": "1",
            "confidence": "0.8428232669830322"
        },
        {
            "gameTime": "1 - 40:2",
            "label": "Ball out of play",
            "position": "2402000",
            "half": "1",
            "confidence": "0.8361580967903137"
        },
        {
            "gameTime": "1 - 21:53",
            "label": "Ball out of play",
            "position": "1313000",
            "half": "1",
            "confidence": "0.8356122970581055"
        },
        {
            "gameTime": "1 - 14:41",
            "label": "Ball out of play",
            "position": "881000",
            "half": "1",
            "confidence": "0.8353655338287354"
        },
        {
            "gameTime": "1 - 43:25",
            "label": "Ball out of play",
            "position": "2605500",
            "half": "1",
            "confidence": "0.8293402791023254"
        },
        {
            "gameTime": "1 - 44:6",
            "label": "Ball out of play",
            "position": "2646000",
            "half": "1",
            "confidence": "0.8193223476409912"
        },
        {
            "gameTime": "1 - 29:28",
            "label": "Ball out of play",
            "position": "1768000",
            "half": "1",
            "confidence": "0.8188928961753845"
        },
        {
            "gameTime": "1 - 13:29",
            "label": "Ball out of play",
            "position": "809500",
            "half": "1",
            "confidence": "0.8082281947135925"
        },
        {
            "gameTime": "1 - 33:47",
            "label": "Ball out of play",
            "position": "2027500",
            "half": "1",
            "confidence": "0.8052435517311096"
        },
        {
            "gameTime": "1 - 15:40",
            "label": "Ball out of play",
            "position": "940500",
            "half": "1",
            "confidence": "0.7935353517532349"
        },
        {
            "gameTime": "1 - 32:8",
            "label": "Ball out of play",
            "position": "1928500",
            "half": "1",
            "confidence": "0.7854021787643433"
        },
        {
            "gameTime": "1 - 34:53",
            "label": "Ball out of play",
            "position": "2093500",
            "half": "1",
            "confidence": "0.7830914258956909"
        },
        {
            "gameTime": "1 - 43:35",
            "label": "Ball out of play",
            "position": "2615500",
            "half": "1",
            "confidence": "0.7811564803123474"
        },
        {
            "gameTime": "1 - 33:37",
            "label": "Ball out of play",
            "position": "2017000",
            "half": "1",
            "confidence": "0.7494404315948486"
        },
        {
            "gameTime": "1 - 15:6",
            "label": "Ball out of play",
            "position": "906500",
            "half": "1",
            "confidence": "0.7243310213088989"
        },
        {
            "gameTime": "1 - 0:19",
            "label": "Ball out of play",
            "position": "19500",
            "half": "1",
            "confidence": "0.703516960144043"
        },
        {
            "gameTime": "1 - 30:13",
            "label": "Ball out of play",
            "position": "1813000",
            "half": "1",
            "confidence": "0.6913491487503052"
        },
        {
            "gameTime": "1 - 21:42",
            "label": "Ball out of play",
            "position": "1302500",
            "half": "1",
            "confidence": "0.6906365156173706"
        },
        {
            "gameTime": "1 - 42:39",
            "label": "Ball out of play",
            "position": "2559000",
            "half": "1",
            "confidence": "0.6805967688560486"
        },
        {
            "gameTime": "1 - 31:35",
            "label": "Ball out of play",
            "position": "1895000",
            "half": "1",
            "confidence": "0.6698367595672607"
        },
        {
            "gameTime": "1 - 22:51",
            "label": "Ball out of play",
            "position": "1371000",
            "half": "1",
            "confidence": "0.6675779223442078"
        },
        {
            "gameTime": "1 - 44:16",
            "label": "Ball out of play",
            "position": "2656000",
            "half": "1",
            "confidence": "0.6632502675056458"
        },
        {
            "gameTime": "1 - 11:24",
            "label": "Ball out of play",
            "position": "684500",
            "half": "1",
            "confidence": "0.6607480645179749"
        },
        {
            "gameTime": "1 - 30:2",
            "label": "Ball out of play",
            "position": "1802500",
            "half": "1",
            "confidence": "0.6448389887809753"
        },
        {
            "gameTime": "1 - 41:12",
            "label": "Ball out of play",
            "position": "2472000",
            "half": "1",
            "confidence": "0.600043773651123"
        },
        {
            "gameTime": "1 - 7:58",
            "label": "Ball out of play",
            "position": "478500",
            "half": "1",
            "confidence": "0.5954630970954895"
        },
        {
            "gameTime": "1 - 4:36",
            "label": "Ball out of play",
            "position": "276500",
            "half": "1",
            "confidence": "0.5939206480979919"
        },
        {
            "gameTime": "1 - 38:13",
            "label": "Ball out of play",
            "position": "2293500",
            "half": "1",
            "confidence": "0.5539885759353638"
        },
        {
            "gameTime": "1 - 32:18",
            "label": "Ball out of play",
            "position": "1938500",
            "half": "1",
            "confidence": "0.5520798563957214"
        },
        {
            "gameTime": "1 - 40:24",
            "label": "Ball out of play",
            "position": "2424500",
            "half": "1",
            "confidence": "0.5478767156600952"
        },
        {
            "gameTime": "1 - 24:20",
            "label": "Ball out of play",
            "position": "1460000",
            "half": "1",
            "confidence": "0.5447319149971008"
        },
        {
            "gameTime": "1 - 12:48",
            "label": "Ball out of play",
            "position": "768000",
            "half": "1",
            "confidence": "0.5409673452377319"
        },
        {
            "gameTime": "1 - 6:26",
            "label": "Ball out of play",
            "position": "386500",
            "half": "1",
            "confidence": "0.521242082118988"
        },
        {
            "gameTime": "1 - 11:13",
            "label": "Ball out of play",
            "position": "673500",
            "half": "1",
            "confidence": "0.5053077340126038"
        },
        {
            "gameTime": "1 - 36:35",
            "label": "Throw-in",
            "position": "2195500",
            "half": "1",
            "confidence": "0.9629135131835938"
        },
        {
            "gameTime": "1 - 34:52",
            "label": "Throw-in",
            "position": "2092000",
            "half": "1",
            "confidence": "0.9599378705024719"
        },
        {
            "gameTime": "1 - 36:23",
            "label": "Throw-in",
            "position": "2183000",
            "half": "1",
            "confidence": "0.9538057446479797"
        },
        {
            "gameTime": "1 - 6:26",
            "label": "Throw-in",
            "position": "386000",
            "half": "1",
            "confidence": "0.9401290416717529"
        },
        {
            "gameTime": "1 - 25:14",
            "label": "Throw-in",
            "position": "1514000",
            "half": "1",
            "confidence": "0.9328928589820862"
        },
        {
            "gameTime": "1 - 42:39",
            "label": "Throw-in",
            "position": "2559000",
            "half": "1",
            "confidence": "0.8733317255973816"
        },
        {
            "gameTime": "1 - 30:13",
            "label": "Throw-in",
            "position": "1813000",
            "half": "1",
            "confidence": "0.8019887208938599"
        },
        {
            "gameTime": "1 - 0:19",
            "label": "Throw-in",
            "position": "19500",
            "half": "1",
            "confidence": "0.7837305068969727"
        },
        {
            "gameTime": "1 - 34:41",
            "label": "Throw-in",
            "position": "2081500",
            "half": "1",
            "confidence": "0.7667533159255981"
        },
        {
            "gameTime": "1 - 32:8",
            "label": "Throw-in",
            "position": "1928000",
            "half": "1",
            "confidence": "0.7386182546615601"
        },
        {
            "gameTime": "1 - 1:6",
            "label": "Throw-in",
            "position": "66500",
            "half": "1",
            "confidence": "0.7258726954460144"
        },
        {
            "gameTime": "1 - 30:2",
            "label": "Throw-in",
            "position": "1802500",
            "half": "1",
            "confidence": "0.7205983400344849"
        },
        {
            "gameTime": "1 - 44:5",
            "label": "Throw-in",
            "position": "2645500",
            "half": "1",
            "confidence": "0.7072370648384094"
        },
        {
            "gameTime": "1 - 9:49",
            "label": "Throw-in",
            "position": "589000",
            "half": "1",
            "confidence": "0.7057295441627502"
        },
        {
            "gameTime": "1 - 35:2",
            "label": "Throw-in",
            "position": "2102000",
            "half": "1",
            "confidence": "0.6869573593139648"
        },
        {
            "gameTime": "1 - 22:29",
            "label": "Throw-in",
            "position": "1349000",
            "half": "1",
            "confidence": "0.6852751970291138"
        },
        {
            "gameTime": "1 - 14:55",
            "label": "Throw-in",
            "position": "895500",
            "half": "1",
            "confidence": "0.6735439300537109"
        },
        {
            "gameTime": "1 - 11:11",
            "label": "Throw-in",
            "position": "671500",
            "half": "1",
            "confidence": "0.6688393354415894"
        },
        {
            "gameTime": "1 - 24:20",
            "label": "Throw-in",
            "position": "1460000",
            "half": "1",
            "confidence": "0.6149824857711792"
        },
        {
            "gameTime": "1 - 7:58",
            "label": "Throw-in",
            "position": "478500",
            "half": "1",
            "confidence": "0.6049121618270874"
        },
        {
            "gameTime": "1 - 37:8",
            "label": "Throw-in",
            "position": "2228000",
            "half": "1",
            "confidence": "0.6001288890838623"
        },
        {
            "gameTime": "1 - 4:40",
            "label": "Throw-in",
            "position": "280500",
            "half": "1",
            "confidence": "0.5868499875068665"
        },
        {
            "gameTime": "1 - 33:35",
            "label": "Throw-in",
            "position": "2015000",
            "half": "1",
            "confidence": "0.5635671019554138"
        },
        {
            "gameTime": "1 - 6:14",
            "label": "Throw-in",
            "position": "374500",
            "half": "1",
            "confidence": "0.5620777606964111"
        },
        {
            "gameTime": "1 - 14:43",
            "label": "Throw-in",
            "position": "883000",
            "half": "1",
            "confidence": "0.5515547394752502"
        },
        {
            "gameTime": "1 - 25:31",
            "label": "Throw-in",
            "position": "1531500",
            "half": "1",
            "confidence": "0.5353618860244751"
        },
        {
            "gameTime": "1 - 33:46",
            "label": "Throw-in",
            "position": "2026000",
            "half": "1",
            "confidence": "0.529370129108429"
        },
        {
            "gameTime": "1 - 32:18",
            "label": "Throw-in",
            "position": "1938000",
            "half": "1",
            "confidence": "0.5118087530136108"
        },
        {
            "gameTime": "1 - 25:2",
            "label": "Throw-in",
            "position": "1502000",
            "half": "1",
            "confidence": "0.5039266347885132"
        },
        {
            "gameTime": "1 - 11:22",
            "label": "Throw-in",
            "position": "682000",
            "half": "1",
            "confidence": "0.5014845132827759"
        },
        {
            "gameTime": "1 - 37:25",
            "label": "Foul",
            "position": "2245500",
            "half": "1",
            "confidence": "0.9343822002410889"
        },
        {
            "gameTime": "1 - 25:56",
            "label": "Foul",
            "position": "1556000",
            "half": "1",
            "confidence": "0.8833860158920288"
        },
        {
            "gameTime": "1 - 6:49",
            "label": "Foul",
            "position": "409000",
            "half": "1",
            "confidence": "0.8593672513961792"
        },
        {
            "gameTime": "1 - 2:32",
            "label": "Foul",
            "position": "152000",
            "half": "1",
            "confidence": "0.8143688440322876"
        },
        {
            "gameTime": "1 - 36:5",
            "label": "Foul",
            "position": "2165500",
            "half": "1",
            "confidence": "0.7676496505737305"
        },
        {
            "gameTime": "1 - 20:53",
            "label": "Foul",
            "position": "1253000",
            "half": "1",
            "confidence": "0.7288560271263123"
        },
        {
            "gameTime": "1 - 16:49",
            "label": "Foul",
            "position": "1009500",
            "half": "1",
            "confidence": "0.7087999582290649"
        },
        {
            "gameTime": "1 - 2:42",
            "label": "Foul",
            "position": "162000",
            "half": "1",
            "confidence": "0.6926354169845581"
        },
        {
            "gameTime": "1 - 20:42",
            "label": "Foul",
            "position": "1242500",
            "half": "1",
            "confidence": "0.6703270077705383"
        },
        {
            "gameTime": "1 - 8:27",
            "label": "Foul",
            "position": "507500",
            "half": "1",
            "confidence": "0.640025794506073"
        },
        {
            "gameTime": "1 - 22:26",
            "label": "Foul",
            "position": "1346500",
            "half": "1",
            "confidence": "0.5911299586296082"
        },
        {
            "gameTime": "1 - 11:17",
            "label": "Foul",
            "position": "677000",
            "half": "1",
            "confidence": "0.5818347334861755"
        },
        {
            "gameTime": "1 - 0:28",
            "label": "Foul",
            "position": "28500",
            "half": "1",
            "confidence": "0.568047285079956"
        },
        {
            "gameTime": "1 - 44:35",
            "label": "Foul",
            "position": "2675000",
            "half": "1",
            "confidence": "0.5451169013977051"
        },
        {
            "gameTime": "1 - 4:33",
            "label": "Foul",
            "position": "273500",
            "half": "1",
            "confidence": "0.5140010118484497"
        },
        {
            "gameTime": "1 - 0:51",
            "label": "Indirect free-kick",
            "position": "51000",
            "half": "1",
            "confidence": "0.704521656036377"
        },
        {
            "gameTime": "1 - 0:39",
            "label": "Indirect free-kick",
            "position": "39000",
            "half": "1",
            "confidence": "0.6413727402687073"
        },
        {
            "gameTime": "1 - 8:25",
            "label": "Indirect free-kick",
            "position": "505000",
            "half": "1",
            "confidence": "0.6144022345542908"
        },
        {
            "gameTime": "1 - 21:41",
            "label": "Direct free-kick",
            "position": "1301000",
            "half": "1",
            "confidence": "0.9001975655555725"
        },
        {
            "gameTime": "1 - 38:23",
            "label": "Corner",
            "position": "2303500",
            "half": "1",
            "confidence": "0.9957784414291382"
        },
        {
            "gameTime": "1 - 40:17",
            "label": "Corner",
            "position": "2417500",
            "half": "1",
            "confidence": "0.9784523844718933"
        },
        {
            "gameTime": "1 - 38:13",
            "label": "Corner",
            "position": "2293000",
            "half": "1",
            "confidence": "0.9753286838531494"
        },
        {
            "gameTime": "1 - 15:53",
            "label": "Corner",
            "position": "953500",
            "half": "1",
            "confidence": "0.941743016242981"
        },
        {
            "gameTime": "1 - 40:27",
            "label": "Corner",
            "position": "2427500",
            "half": "1",
            "confidence": "0.9355885982513428"
        },
        {
            "gameTime": "1 - 15:42",
            "label": "Corner",
            "position": "942500",
            "half": "1",
            "confidence": "0.7087982892990112"
        },
        {
            "gameTime": "1 - 43:57",
            "label": "Corner",
            "position": "2637500",
            "half": "1",
            "confidence": "0.5636112093925476"
        },
        {
            "gameTime": "1 - 33:44",
            "label": "Corner",
            "position": "2024500",
            "half": "1",
            "confidence": "0.5016787648200989"
        },
        {
            "gameTime": "1 - 7:12",
            "label": "Yellow card",
            "position": "432500",
            "half": "1",
            "confidence": "0.827817440032959"
        },
        {
            "gameTime": "1 - 7:2",
            "label": "Yellow card",
            "position": "422000",
            "half": "1",
            "confidence": "0.7756305932998657"
        },
        {
            "gameTime": "2 - 0:0",
            "label": "Kick-off",
            "position": "0",
            "half": "2",
            "confidence": "0.9989180564880371"
        },
        {
            "gameTime": "2 - 0:10",
            "label": "Kick-off",
            "position": "10000",
            "half": "2",
            "confidence": "0.9869421124458313"
        },
        {
            "gameTime": "2 - 38:55",
            "label": "Kick-off",
            "position": "2335000",
            "half": "2",
            "confidence": "0.7319725155830383"
        },
        {
            "gameTime": "2 - 34:15",
            "label": "Kick-off",
            "position": "2055000",
            "half": "2",
            "confidence": "0.5184669494628906"
        },
        {
            "gameTime": "2 - 45:4",
            "label": "Goal",
            "position": "2704500",
            "half": "2",
            "confidence": "0.931249737739563"
        },
        {
            "gameTime": "2 - 44:52",
            "label": "Goal",
            "position": "2692000",
            "half": "2",
            "confidence": "0.9227988719940186"
        },
        {
            "gameTime": "2 - 21:9",
            "label": "Substitution",
            "position": "1269500",
            "half": "2",
            "confidence": "0.708527147769928"
        },
        {
            "gameTime": "2 - 44:51",
            "label": "Shots on target",
            "position": "2691500",
            "half": "2",
            "confidence": "0.9348704218864441"
        },
        {
            "gameTime": "2 - 11:52",
            "label": "Shots on target",
            "position": "712000",
            "half": "2",
            "confidence": "0.890377402305603"
        },
        {
            "gameTime": "2 - 45:3",
            "label": "Shots on target",
            "position": "2703000",
            "half": "2",
            "confidence": "0.8849775195121765"
        },
        {
            "gameTime": "2 - 33:55",
            "label": "Shots on target",
            "position": "2035000",
            "half": "2",
            "confidence": "0.8165034651756287"
        },
        {
            "gameTime": "2 - 5:28",
            "label": "Shots on target",
            "position": "328000",
            "half": "2",
            "confidence": "0.7875902652740479"
        },
        {
            "gameTime": "2 - 11:40",
            "label": "Shots on target",
            "position": "700000",
            "half": "2",
            "confidence": "0.7649326324462891"
        },
        {
            "gameTime": "2 - 18:35",
            "label": "Shots on target",
            "position": "1115000",
            "half": "2",
            "confidence": "0.7416473031044006"
        },
        {
            "gameTime": "2 - 34:6",
            "label": "Shots on target",
            "position": "2046500",
            "half": "2",
            "confidence": "0.708985447883606"
        },
        {
            "gameTime": "2 - 33:43",
            "label": "Shots on target",
            "position": "2023000",
            "half": "2",
            "confidence": "0.7045587301254272"
        },
        {
            "gameTime": "2 - 30:29",
            "label": "Shots on target",
            "position": "1829000",
            "half": "2",
            "confidence": "0.58978271484375"
        },
        {
            "gameTime": "2 - 5:32",
            "label": "Shots off target",
            "position": "332500",
            "half": "2",
            "confidence": "0.7788186073303223"
        },
        {
            "gameTime": "2 - 18:1",
            "label": "Shots off target",
            "position": "1081500",
            "half": "2",
            "confidence": "0.6529971957206726"
        },
        {
            "gameTime": "2 - 11:52",
            "label": "Shots off target",
            "position": "712500",
            "half": "2",
            "confidence": "0.5469979047775269"
        },
        {
            "gameTime": "2 - 43:21",
            "label": "Shots off target",
            "position": "2601000",
            "half": "2",
            "confidence": "0.5244145393371582"
        },
        {
            "gameTime": "2 - 37:20",
            "label": "Shots off target",
            "position": "2240000",
            "half": "2",
            "confidence": "0.5061109662055969"
        },
        {
            "gameTime": "2 - 1:39",
            "label": "Clearance",
            "position": "99000",
            "half": "2",
            "confidence": "0.8322088718414307"
        },
        {
            "gameTime": "2 - 1:49",
            "label": "Clearance",
            "position": "109000",
            "half": "2",
            "confidence": "0.57561194896698"
        },
        {
            "gameTime": "2 - 5:59",
            "label": "Clearance",
            "position": "359000",
            "half": "2",
            "confidence": "0.5599883198738098"
        },
        {
            "gameTime": "2 - 9:51",
            "label": "Clearance",
            "position": "591000",
            "half": "2",
            "confidence": "0.5339805483818054"
        },
        {
            "gameTime": "2 - 11:19",
            "label": "Clearance",
            "position": "679500",
            "half": "2",
            "confidence": "0.5291149616241455"
        },
        {
            "gameTime": "2 - 19:44",
            "label": "Ball out of play",
            "position": "1184500",
            "half": "2",
            "confidence": "0.8721791505813599"
        },
        {
            "gameTime": "2 - 16:51",
            "label": "Ball out of play",
            "position": "1011000",
            "half": "2",
            "confidence": "0.8642107844352722"
        },
        {
            "gameTime": "2 - 9:25",
            "label": "Ball out of play",
            "position": "565000",
            "half": "2",
            "confidence": "0.8433337807655334"
        },
        {
            "gameTime": "2 - 1:10",
            "label": "Ball out of play",
            "position": "70500",
            "half": "2",
            "confidence": "0.8387950658798218"
        },
        {
            "gameTime": "2 - 14:36",
            "label": "Ball out of play",
            "position": "876500",
            "half": "2",
            "confidence": "0.8248239755630493"
        },
        {
            "gameTime": "2 - 18:36",
            "label": "Ball out of play",
            "position": "1116500",
            "half": "2",
            "confidence": "0.8195645809173584"
        },
        {
            "gameTime": "2 - 43:15",
            "label": "Ball out of play",
            "position": "2595500",
            "half": "2",
            "confidence": "0.8005241751670837"
        },
        {
            "gameTime": "2 - 17:58",
            "label": "Ball out of play",
            "position": "1078500",
            "half": "2",
            "confidence": "0.7895141243934631"
        },
        {
            "gameTime": "2 - 26:0",
            "label": "Ball out of play",
            "position": "1560500",
            "half": "2",
            "confidence": "0.7849284410476685"
        },
        {
            "gameTime": "2 - 14:48",
            "label": "Ball out of play",
            "position": "888000",
            "half": "2",
            "confidence": "0.7781423330307007"
        },
        {
            "gameTime": "2 - 37:11",
            "label": "Ball out of play",
            "position": "2231500",
            "half": "2",
            "confidence": "0.7649185657501221"
        },
        {
            "gameTime": "2 - 35:55",
            "label": "Ball out of play",
            "position": "2155500",
            "half": "2",
            "confidence": "0.7619384527206421"
        },
        {
            "gameTime": "2 - 31:34",
            "label": "Ball out of play",
            "position": "1894000",
            "half": "2",
            "confidence": "0.7606396079063416"
        },
        {
            "gameTime": "2 - 30:33",
            "label": "Ball out of play",
            "position": "1833000",
            "half": "2",
            "confidence": "0.7596051096916199"
        },
        {
            "gameTime": "2 - 17:48",
            "label": "Ball out of play",
            "position": "1068000",
            "half": "2",
            "confidence": "0.7554665803909302"
        },
        {
            "gameTime": "2 - 11:1",
            "label": "Ball out of play",
            "position": "661500",
            "half": "2",
            "confidence": "0.7526876330375671"
        },
        {
            "gameTime": "2 - 41:55",
            "label": "Ball out of play",
            "position": "2515500",
            "half": "2",
            "confidence": "0.7469308376312256"
        },
        {
            "gameTime": "2 - 9:51",
            "label": "Ball out of play",
            "position": "591000",
            "half": "2",
            "confidence": "0.7438426613807678"
        },
        {
            "gameTime": "2 - 2:31",
            "label": "Ball out of play",
            "position": "151500",
            "half": "2",
            "confidence": "0.7338284850120544"
        },
        {
            "gameTime": "2 - 45:3",
            "label": "Ball out of play",
            "position": "2703500",
            "half": "2",
            "confidence": "0.7112330198287964"
        },
        {
            "gameTime": "2 - 12:52",
            "label": "Ball out of play",
            "position": "772000",
            "half": "2",
            "confidence": "0.7004831433296204"
        },
        {
            "gameTime": "2 - 17:1",
            "label": "Ball out of play",
            "position": "1021000",
            "half": "2",
            "confidence": "0.7001867294311523"
        },
        {
            "gameTime": "2 - 27:56",
            "label": "Ball out of play",
            "position": "1676000",
            "half": "2",
            "confidence": "0.6960936188697815"
        },
        {
            "gameTime": "2 - 4:24",
            "label": "Ball out of play",
            "position": "264000",
            "half": "2",
            "confidence": "0.6891874074935913"
        },
        {
            "gameTime": "2 - 37:21",
            "label": "Ball out of play",
            "position": "2241500",
            "half": "2",
            "confidence": "0.6880255341529846"
        },
        {
            "gameTime": "2 - 26:28",
            "label": "Ball out of play",
            "position": "1588000",
            "half": "2",
            "confidence": "0.6875689625740051"
        },
        {
            "gameTime": "2 - 2:42",
            "label": "Ball out of play",
            "position": "162500",
            "half": "2",
            "confidence": "0.6860729455947876"
        },
        {
            "gameTime": "2 - 30:21",
            "label": "Ball out of play",
            "position": "1821000",
            "half": "2",
            "confidence": "0.6826385855674744"
        },
        {
            "gameTime": "2 - 1:20",
            "label": "Ball out of play",
            "position": "80500",
            "half": "2",
            "confidence": "0.663693904876709"
        },
        {
            "gameTime": "2 - 42:58",
            "label": "Ball out of play",
            "position": "2578000",
            "half": "2",
            "confidence": "0.6624900698661804"
        },
        {
            "gameTime": "2 - 30:4",
            "label": "Ball out of play",
            "position": "1804000",
            "half": "2",
            "confidence": "0.6599958539009094"
        },
        {
            "gameTime": "2 - 13:17",
            "label": "Ball out of play",
            "position": "797500",
            "half": "2",
            "confidence": "0.6579709053039551"
        },
        {
            "gameTime": "2 - 21:45",
            "label": "Ball out of play",
            "position": "1305000",
            "half": "2",
            "confidence": "0.6505877375602722"
        },
        {
            "gameTime": "2 - 33:40",
            "label": "Ball out of play",
            "position": "2020000",
            "half": "2",
            "confidence": "0.6374905705451965"
        },
        {
            "gameTime": "2 - 43:27",
            "label": "Ball out of play",
            "position": "2607000",
            "half": "2",
            "confidence": "0.6287996768951416"
        },
        {
            "gameTime": "2 - 16:40",
            "label": "Ball out of play",
            "position": "1000000",
            "half": "2",
            "confidence": "0.6233747601509094"
        },
        {
            "gameTime": "2 - 40:30",
            "label": "Ball out of play",
            "position": "2430000",
            "half": "2",
            "confidence": "0.609666109085083"
        },
        {
            "gameTime": "2 - 10:50",
            "label": "Ball out of play",
            "position": "650500",
            "half": "2",
            "confidence": "0.6092524528503418"
        },
        {
            "gameTime": "2 - 5:31",
            "label": "Ball out of play",
            "position": "331500",
            "half": "2",
            "confidence": "0.5891213417053223"
        },
        {
            "gameTime": "2 - 22:50",
            "label": "Ball out of play",
            "position": "1370000",
            "half": "2",
            "confidence": "0.5817451477050781"
        },
        {
            "gameTime": "2 - 22:2",
            "label": "Ball out of play",
            "position": "1322000",
            "half": "2",
            "confidence": "0.5784136056900024"
        },
        {
            "gameTime": "2 - 16:21",
            "label": "Ball out of play",
            "position": "981500",
            "half": "2",
            "confidence": "0.5756968259811401"
        },
        {
            "gameTime": "2 - 3:52",
            "label": "Ball out of play",
            "position": "232500",
            "half": "2",
            "confidence": "0.5729239583015442"
        },
        {
            "gameTime": "2 - 13:27",
            "label": "Ball out of play",
            "position": "807500",
            "half": "2",
            "confidence": "0.5716729164123535"
        },
        {
            "gameTime": "2 - 27:43",
            "label": "Ball out of play",
            "position": "1663500",
            "half": "2",
            "confidence": "0.5687255263328552"
        },
        {
            "gameTime": "2 - 11:47",
            "label": "Ball out of play",
            "position": "707500",
            "half": "2",
            "confidence": "0.5397101044654846"
        },
        {
            "gameTime": "2 - 19:54",
            "label": "Ball out of play",
            "position": "1194500",
            "half": "2",
            "confidence": "0.5381904244422913"
        },
        {
            "gameTime": "2 - 31:38",
            "label": "Throw-in",
            "position": "1898000",
            "half": "2",
            "confidence": "0.9060792922973633"
        },
        {
            "gameTime": "2 - 3:52",
            "label": "Throw-in",
            "position": "232500",
            "half": "2",
            "confidence": "0.8385200500488281"
        },
        {
            "gameTime": "2 - 12:51",
            "label": "Throw-in",
            "position": "771000",
            "half": "2",
            "confidence": "0.8232377171516418"
        },
        {
            "gameTime": "2 - 30:4",
            "label": "Throw-in",
            "position": "1804000",
            "half": "2",
            "confidence": "0.7967680096626282"
        },
        {
            "gameTime": "2 - 21:39",
            "label": "Throw-in",
            "position": "1299000",
            "half": "2",
            "confidence": "0.7942088842391968"
        },
        {
            "gameTime": "2 - 13:17",
            "label": "Throw-in",
            "position": "797500",
            "half": "2",
            "confidence": "0.7306489944458008"
        },
        {
            "gameTime": "2 - 22:50",
            "label": "Throw-in",
            "position": "1370000",
            "half": "2",
            "confidence": "0.7157077193260193"
        },
        {
            "gameTime": "2 - 4:19",
            "label": "Throw-in",
            "position": "259000",
            "half": "2",
            "confidence": "0.6990440487861633"
        },
        {
            "gameTime": "2 - 35:55",
            "label": "Throw-in",
            "position": "2155500",
            "half": "2",
            "confidence": "0.6558452248573303"
        },
        {
            "gameTime": "2 - 9:50",
            "label": "Throw-in",
            "position": "590500",
            "half": "2",
            "confidence": "0.6543587446212769"
        },
        {
            "gameTime": "2 - 13:1",
            "label": "Throw-in",
            "position": "781000",
            "half": "2",
            "confidence": "0.6392220258712769"
        },
        {
            "gameTime": "2 - 40:30",
            "label": "Throw-in",
            "position": "2430500",
            "half": "2",
            "confidence": "0.6225215196609497"
        },
        {
            "gameTime": "2 - 13:28",
            "label": "Throw-in",
            "position": "808500",
            "half": "2",
            "confidence": "0.6001365184783936"
        },
        {
            "gameTime": "2 - 16:53",
            "label": "Throw-in",
            "position": "1013000",
            "half": "2",
            "confidence": "0.5589661002159119"
        },
        {
            "gameTime": "2 - 21:49",
            "label": "Throw-in",
            "position": "1309000",
            "half": "2",
            "confidence": "0.546255886554718"
        },
        {
            "gameTime": "2 - 19:48",
            "label": "Throw-in",
            "position": "1188000",
            "half": "2",
            "confidence": "0.5254136919975281"
        },
        {
            "gameTime": "2 - 21:28",
            "label": "Throw-in",
            "position": "1288000",
            "half": "2",
            "confidence": "0.5231507420539856"
        },
        {
            "gameTime": "2 - 1:11",
            "label": "Throw-in",
            "position": "71000",
            "half": "2",
            "confidence": "0.5068473815917969"
        },
        {
            "gameTime": "2 - 29:28",
            "label": "Throw-in",
            "position": "1768500",
            "half": "2",
            "confidence": "0.5053697228431702"
        },
        {
            "gameTime": "2 - 4:47",
            "label": "Foul",
            "position": "287500",
            "half": "2",
            "confidence": "0.8036947846412659"
        },
        {
            "gameTime": "2 - 22:57",
            "label": "Foul",
            "position": "1377000",
            "half": "2",
            "confidence": "0.7635157108306885"
        },
        {
            "gameTime": "2 - 24:2",
            "label": "Foul",
            "position": "1442000",
            "half": "2",
            "confidence": "0.7290108799934387"
        },
        {
            "gameTime": "2 - 1:56",
            "label": "Foul",
            "position": "116000",
            "half": "2",
            "confidence": "0.725645899772644"
        },
        {
            "gameTime": "2 - 7:51",
            "label": "Foul",
            "position": "471500",
            "half": "2",
            "confidence": "0.6788449883460999"
        },
        {
            "gameTime": "2 - 40:22",
            "label": "Foul",
            "position": "2422000",
            "half": "2",
            "confidence": "0.6778207421302795"
        },
        {
            "gameTime": "2 - 13:38",
            "label": "Foul",
            "position": "818500",
            "half": "2",
            "confidence": "0.6481974124908447"
        },
        {
            "gameTime": "2 - 4:37",
            "label": "Foul",
            "position": "277000",
            "half": "2",
            "confidence": "0.6461242437362671"
        },
        {
            "gameTime": "2 - 3:31",
            "label": "Foul",
            "position": "211500",
            "half": "2",
            "confidence": "0.6359865665435791"
        },
        {
            "gameTime": "2 - 23:51",
            "label": "Foul",
            "position": "1431500",
            "half": "2",
            "confidence": "0.6054654717445374"
        },
        {
            "gameTime": "2 - 8:1",
            "label": "Foul",
            "position": "481500",
            "half": "2",
            "confidence": "0.5854820013046265"
        },
        {
            "gameTime": "2 - 16:58",
            "label": "Foul",
            "position": "1018000",
            "half": "2",
            "confidence": "0.5794475078582764"
        },
        {
            "gameTime": "2 - 32:34",
            "label": "Foul",
            "position": "1954500",
            "half": "2",
            "confidence": "0.5411673188209534"
        },
        {
            "gameTime": "2 - 39:47",
            "label": "Foul",
            "position": "2387500",
            "half": "2",
            "confidence": "0.5353496670722961"
        },
        {
            "gameTime": "2 - 14:24",
            "label": "Foul",
            "position": "864000",
            "half": "2",
            "confidence": "0.5089592933654785"
        },
        {
            "gameTime": "2 - 9:3",
            "label": "Direct free-kick",
            "position": "543000",
            "half": "2",
            "confidence": "0.9441178441047668"
        },
        {
            "gameTime": "2 - 5:28",
            "label": "Direct free-kick",
            "position": "328000",
            "half": "2",
            "confidence": "0.8288107514381409"
        },
        {
            "gameTime": "2 - 8:16",
            "label": "Direct free-kick",
            "position": "496500",
            "half": "2",
            "confidence": "0.7823859453201294"
        },
        {
            "gameTime": "2 - 9:13",
            "label": "Direct free-kick",
            "position": "553000",
            "half": "2",
            "confidence": "0.6163930892944336"
        },
        {
            "gameTime": "2 - 23:38",
            "label": "Direct free-kick",
            "position": "1418000",
            "half": "2",
            "confidence": "0.5616230964660645"
        },
        {
            "gameTime": "2 - 33:36",
            "label": "Direct free-kick",
            "position": "2016500",
            "half": "2",
            "confidence": "0.5256032943725586"
        },
        {
            "gameTime": "2 - 3:10",
            "label": "Corner",
            "position": "190500",
            "half": "2",
            "confidence": "0.7202960252761841"
        },
        {
            "gameTime": "2 - 33:37",
            "label": "Corner",
            "position": "2017500",
            "half": "2",
            "confidence": "0.6922736167907715"
        },
        {
            "gameTime": "2 - 1:59",
            "label": "Yellow card",
            "position": "119500",
            "half": "2",
            "confidence": "0.6203808188438416"
        },
        {
            "gameTime": "2 - 40:18",
            "label": "Yellow card",
            "position": "2418500",
            "half": "2",
            "confidence": "0.5254863500595093"
        }
    ]
}