{
    "UrlLocal": "spain_laliga/2019-2020/2020-02-09 - 18-00 Osasuna 1 - 4 Real Madrid",
    "predictions": [
        {
            "gameTime": "1 - 37:18",
            "label": "card",
            "position": "2238500",
            "half": "1",
            "confidence": "0.6711225509643555"
        },
        {
            "gameTime": "1 - 41:15",
            "label": "card",
            "position": "2475000",
            "half": "1",
            "confidence": "0.6174196004867554"
        },
        {
            "gameTime": "1 - 9:6",
            "label": "subs",
            "position": "546500",
            "half": "1",
            "confidence": "0.5407074689865112"
        },
        {
            "gameTime": "1 - 38:0",
            "label": "soccer",
            "position": "2280500",
            "half": "1",
            "confidence": "0.7668753862380981"
        },
        {
            "gameTime": "1 - 37:50",
            "label": "soccer",
            "position": "2270000",
            "half": "1",
            "confidence": "0.7341117858886719"
        },
        {
            "gameTime": "1 - 32:52",
            "label": "soccer",
            "position": "1972000",
            "half": "1",
            "confidence": "0.5928557515144348"
        },
        {
            "gameTime": "1 - 13:42",
            "label": "soccer",
            "position": "822500",
            "half": "1",
            "confidence": "0.5700684189796448"
        },
        {
            "gameTime": "2 - 23:54",
            "label": "card",
            "position": "1434500",
            "half": "2",
            "confidence": "0.9823876619338989"
        },
        {
            "gameTime": "2 - 11:5",
            "label": "card",
            "position": "665000",
            "half": "2",
            "confidence": "0.9403224587440491"
        },
        {
            "gameTime": "2 - 23:44",
            "label": "card",
            "position": "1424000",
            "half": "2",
            "confidence": "0.9167196154594421"
        },
        {
            "gameTime": "2 - 24:59",
            "label": "card",
            "position": "1499000",
            "half": "2",
            "confidence": "0.9025487899780273"
        },
        {
            "gameTime": "2 - 15:49",
            "label": "card",
            "position": "949500",
            "half": "2",
            "confidence": "0.6534274220466614"
        },
        {
            "gameTime": "2 - 33:10",
            "label": "card",
            "position": "1990000",
            "half": "2",
            "confidence": "0.5613542795181274"
        },
        {
            "gameTime": "2 - 11:15",
            "label": "card",
            "position": "675000",
            "half": "2",
            "confidence": "0.5343617796897888"
        },
        {
            "gameTime": "2 - 24:48",
            "label": "card",
            "position": "1488500",
            "half": "2",
            "confidence": "0.5055902600288391"
        },
        {
            "gameTime": "2 - 15:18",
            "label": "subs",
            "position": "918000",
            "half": "2",
            "confidence": "0.9087724685668945"
        },
        {
            "gameTime": "2 - 25:13",
            "label": "subs",
            "position": "1513500",
            "half": "2",
            "confidence": "0.62193763256073"
        },
        {
            "gameTime": "2 - 42:3",
            "label": "subs",
            "position": "2523500",
            "half": "2",
            "confidence": "0.5708195567131042"
        },
        {
            "gameTime": "2 - 15:7",
            "label": "subs",
            "position": "907500",
            "half": "2",
            "confidence": "0.5676753520965576"
        },
        {
            "gameTime": "2 - 31:36",
            "label": "subs",
            "position": "1896000",
            "half": "2",
            "confidence": "0.5526045560836792"
        },
        {
            "gameTime": "2 - 46:16",
            "label": "soccer",
            "position": "2776000",
            "half": "2",
            "confidence": "0.9157204031944275"
        },
        {
            "gameTime": "2 - 39:19",
            "label": "soccer",
            "position": "2359500",
            "half": "2",
            "confidence": "0.6370137929916382"
        },
        {
            "gameTime": "2 - 39:3",
            "label": "soccer",
            "position": "2343500",
            "half": "2",
            "confidence": "0.5655591487884521"
        }
    ]
}