{
    "UrlLocal": "italy_serie-a/2016-2017/2016-09-25 - 21-45 Fiorentina 0 - 0 AC Milan",
    "predictions": [
        {
            "gameTime": "1 - 0:1",
            "label": "Kick-off",
            "position": "1000",
            "half": "1",
            "confidence": "0.8988026976585388"
        },
        {
            "gameTime": "1 - 12:25",
            "label": "Offside",
            "position": "745000",
            "half": "1",
            "confidence": "0.5861574411392212"
        },
        {
            "gameTime": "1 - 22:39",
            "label": "Shots on target",
            "position": "1359500",
            "half": "1",
            "confidence": "0.6064041256904602"
        },
        {
            "gameTime": "1 - 10:12",
            "label": "Shots on target",
            "position": "612000",
            "half": "1",
            "confidence": "0.5452688336372375"
        },
        {
            "gameTime": "1 - 3:48",
            "label": "Shots on target",
            "position": "228000",
            "half": "1",
            "confidence": "0.5444862842559814"
        },
        {
            "gameTime": "1 - 30:58",
            "label": "Shots on target",
            "position": "1858500",
            "half": "1",
            "confidence": "0.5288857817649841"
        },
        {
            "gameTime": "1 - 36:35",
            "label": "Shots on target",
            "position": "2195000",
            "half": "1",
            "confidence": "0.5168976783752441"
        },
        {
            "gameTime": "1 - 45:26",
            "label": "Shots on target",
            "position": "2726000",
            "half": "1",
            "confidence": "0.5089306831359863"
        },
        {
            "gameTime": "1 - 10:41",
            "label": "Shots on target",
            "position": "641000",
            "half": "1",
            "confidence": "0.5062429904937744"
        },
        {
            "gameTime": "1 - 32:3",
            "label": "Shots off target",
            "position": "1923000",
            "half": "1",
            "confidence": "0.7537871599197388"
        },
        {
            "gameTime": "1 - 3:49",
            "label": "Shots off target",
            "position": "229500",
            "half": "1",
            "confidence": "0.7331818342208862"
        },
        {
            "gameTime": "1 - 8:9",
            "label": "Shots off target",
            "position": "489000",
            "half": "1",
            "confidence": "0.7236315011978149"
        },
        {
            "gameTime": "1 - 15:23",
            "label": "Shots off target",
            "position": "923500",
            "half": "1",
            "confidence": "0.6974351406097412"
        },
        {
            "gameTime": "1 - 10:22",
            "label": "Shots off target",
            "position": "622000",
            "half": "1",
            "confidence": "0.6477715969085693"
        },
        {
            "gameTime": "1 - 5:10",
            "label": "Shots off target",
            "position": "310500",
            "half": "1",
            "confidence": "0.6412824392318726"
        },
        {
            "gameTime": "1 - 32:13",
            "label": "Shots off target",
            "position": "1933000",
            "half": "1",
            "confidence": "0.5431609749794006"
        },
        {
            "gameTime": "1 - 17:4",
            "label": "Shots off target",
            "position": "1024500",
            "half": "1",
            "confidence": "0.534704864025116"
        },
        {
            "gameTime": "1 - 1:51",
            "label": "Clearance",
            "position": "111500",
            "half": "1",
            "confidence": "0.5456641316413879"
        },
        {
            "gameTime": "1 - 43:31",
            "label": "Clearance",
            "position": "2611000",
            "half": "1",
            "confidence": "0.5013163089752197"
        },
        {
            "gameTime": "1 - 29:22",
            "label": "Ball out of play",
            "position": "1762500",
            "half": "1",
            "confidence": "0.8950636386871338"
        },
        {
            "gameTime": "1 - 1:11",
            "label": "Ball out of play",
            "position": "71500",
            "half": "1",
            "confidence": "0.8855339288711548"
        },
        {
            "gameTime": "1 - 11:21",
            "label": "Ball out of play",
            "position": "681000",
            "half": "1",
            "confidence": "0.8656409382820129"
        },
        {
            "gameTime": "1 - 32:18",
            "label": "Ball out of play",
            "position": "1938000",
            "half": "1",
            "confidence": "0.801171600818634"
        },
        {
            "gameTime": "1 - 44:16",
            "label": "Ball out of play",
            "position": "2656000",
            "half": "1",
            "confidence": "0.7993441820144653"
        },
        {
            "gameTime": "1 - 10:26",
            "label": "Ball out of play",
            "position": "626000",
            "half": "1",
            "confidence": "0.7898942828178406"
        },
        {
            "gameTime": "1 - 11:8",
            "label": "Ball out of play",
            "position": "668500",
            "half": "1",
            "confidence": "0.7894205451011658"
        },
        {
            "gameTime": "1 - 8:9",
            "label": "Ball out of play",
            "position": "489000",
            "half": "1",
            "confidence": "0.7717914581298828"
        },
        {
            "gameTime": "1 - 2:6",
            "label": "Ball out of play",
            "position": "126500",
            "half": "1",
            "confidence": "0.7652975916862488"
        },
        {
            "gameTime": "1 - 41:39",
            "label": "Ball out of play",
            "position": "2499000",
            "half": "1",
            "confidence": "0.7577289342880249"
        },
        {
            "gameTime": "1 - 1:0",
            "label": "Ball out of play",
            "position": "60500",
            "half": "1",
            "confidence": "0.7540377974510193"
        },
        {
            "gameTime": "1 - 26:27",
            "label": "Ball out of play",
            "position": "1587000",
            "half": "1",
            "confidence": "0.7522581815719604"
        },
        {
            "gameTime": "1 - 43:37",
            "label": "Ball out of play",
            "position": "2617500",
            "half": "1",
            "confidence": "0.7449899911880493"
        },
        {
            "gameTime": "1 - 14:37",
            "label": "Ball out of play",
            "position": "877500",
            "half": "1",
            "confidence": "0.7153285145759583"
        },
        {
            "gameTime": "1 - 45:28",
            "label": "Ball out of play",
            "position": "2728000",
            "half": "1",
            "confidence": "0.7116186022758484"
        },
        {
            "gameTime": "1 - 33:48",
            "label": "Ball out of play",
            "position": "2028000",
            "half": "1",
            "confidence": "0.7112581133842468"
        },
        {
            "gameTime": "1 - 32:7",
            "label": "Ball out of play",
            "position": "1927500",
            "half": "1",
            "confidence": "0.7111225128173828"
        },
        {
            "gameTime": "1 - 17:4",
            "label": "Ball out of play",
            "position": "1024500",
            "half": "1",
            "confidence": "0.684862494468689"
        },
        {
            "gameTime": "1 - 26:16",
            "label": "Ball out of play",
            "position": "1576500",
            "half": "1",
            "confidence": "0.6780517101287842"
        },
        {
            "gameTime": "1 - 1:40",
            "label": "Ball out of play",
            "position": "100000",
            "half": "1",
            "confidence": "0.6766951680183411"
        },
        {
            "gameTime": "1 - 36:49",
            "label": "Ball out of play",
            "position": "2209500",
            "half": "1",
            "confidence": "0.6569342017173767"
        },
        {
            "gameTime": "1 - 18:52",
            "label": "Ball out of play",
            "position": "1132000",
            "half": "1",
            "confidence": "0.656147837638855"
        },
        {
            "gameTime": "1 - 22:48",
            "label": "Ball out of play",
            "position": "1368500",
            "half": "1",
            "confidence": "0.6538147330284119"
        },
        {
            "gameTime": "1 - 12:3",
            "label": "Ball out of play",
            "position": "723500",
            "half": "1",
            "confidence": "0.644525408744812"
        },
        {
            "gameTime": "1 - 1:56",
            "label": "Ball out of play",
            "position": "116000",
            "half": "1",
            "confidence": "0.6352039575576782"
        },
        {
            "gameTime": "1 - 5:37",
            "label": "Ball out of play",
            "position": "337000",
            "half": "1",
            "confidence": "0.6298894882202148"
        },
        {
            "gameTime": "1 - 43:22",
            "label": "Ball out of play",
            "position": "2602000",
            "half": "1",
            "confidence": "0.6296235918998718"
        },
        {
            "gameTime": "1 - 0:43",
            "label": "Ball out of play",
            "position": "43500",
            "half": "1",
            "confidence": "0.6243892312049866"
        },
        {
            "gameTime": "1 - 41:28",
            "label": "Ball out of play",
            "position": "2488500",
            "half": "1",
            "confidence": "0.6038892865180969"
        },
        {
            "gameTime": "1 - 0:13",
            "label": "Ball out of play",
            "position": "13000",
            "half": "1",
            "confidence": "0.5996769666671753"
        },
        {
            "gameTime": "1 - 43:51",
            "label": "Ball out of play",
            "position": "2631000",
            "half": "1",
            "confidence": "0.5976520776748657"
        },
        {
            "gameTime": "1 - 5:11",
            "label": "Ball out of play",
            "position": "311500",
            "half": "1",
            "confidence": "0.5951419472694397"
        },
        {
            "gameTime": "1 - 29:35",
            "label": "Ball out of play",
            "position": "1775000",
            "half": "1",
            "confidence": "0.5942744612693787"
        },
        {
            "gameTime": "1 - 40:2",
            "label": "Ball out of play",
            "position": "2402500",
            "half": "1",
            "confidence": "0.5784974694252014"
        },
        {
            "gameTime": "1 - 14:47",
            "label": "Ball out of play",
            "position": "887500",
            "half": "1",
            "confidence": "0.575935423374176"
        },
        {
            "gameTime": "1 - 14:16",
            "label": "Ball out of play",
            "position": "856500",
            "half": "1",
            "confidence": "0.5756320953369141"
        },
        {
            "gameTime": "1 - 32:30",
            "label": "Ball out of play",
            "position": "1950000",
            "half": "1",
            "confidence": "0.5641617178916931"
        },
        {
            "gameTime": "1 - 1:25",
            "label": "Ball out of play",
            "position": "85500",
            "half": "1",
            "confidence": "0.5532764196395874"
        },
        {
            "gameTime": "1 - 41:50",
            "label": "Ball out of play",
            "position": "2510000",
            "half": "1",
            "confidence": "0.5527945160865784"
        },
        {
            "gameTime": "1 - 17:37",
            "label": "Ball out of play",
            "position": "1057000",
            "half": "1",
            "confidence": "0.5482358932495117"
        },
        {
            "gameTime": "1 - 13:47",
            "label": "Ball out of play",
            "position": "827000",
            "half": "1",
            "confidence": "0.5465550422668457"
        },
        {
            "gameTime": "1 - 29:12",
            "label": "Ball out of play",
            "position": "1752000",
            "half": "1",
            "confidence": "0.5400708913803101"
        },
        {
            "gameTime": "1 - 4:0",
            "label": "Ball out of play",
            "position": "240500",
            "half": "1",
            "confidence": "0.539318323135376"
        },
        {
            "gameTime": "1 - 10:46",
            "label": "Ball out of play",
            "position": "646500",
            "half": "1",
            "confidence": "0.5359817743301392"
        },
        {
            "gameTime": "1 - 10:14",
            "label": "Ball out of play",
            "position": "614500",
            "half": "1",
            "confidence": "0.5223392844200134"
        },
        {
            "gameTime": "1 - 36:27",
            "label": "Ball out of play",
            "position": "2187000",
            "half": "1",
            "confidence": "0.5120272636413574"
        },
        {
            "gameTime": "1 - 40:15",
            "label": "Ball out of play",
            "position": "2415500",
            "half": "1",
            "confidence": "0.5026609301567078"
        },
        {
            "gameTime": "1 - 14:16",
            "label": "Throw-in",
            "position": "856500",
            "half": "1",
            "confidence": "0.9798669815063477"
        },
        {
            "gameTime": "1 - 11:9",
            "label": "Throw-in",
            "position": "669000",
            "half": "1",
            "confidence": "0.9797338843345642"
        },
        {
            "gameTime": "1 - 12:3",
            "label": "Throw-in",
            "position": "723500",
            "half": "1",
            "confidence": "0.9590786099433899"
        },
        {
            "gameTime": "1 - 1:11",
            "label": "Throw-in",
            "position": "71500",
            "half": "1",
            "confidence": "0.9493712186813354"
        },
        {
            "gameTime": "1 - 12:14",
            "label": "Throw-in",
            "position": "734000",
            "half": "1",
            "confidence": "0.9459533095359802"
        },
        {
            "gameTime": "1 - 29:23",
            "label": "Throw-in",
            "position": "1763000",
            "half": "1",
            "confidence": "0.9349133372306824"
        },
        {
            "gameTime": "1 - 5:34",
            "label": "Throw-in",
            "position": "334500",
            "half": "1",
            "confidence": "0.9126268029212952"
        },
        {
            "gameTime": "1 - 1:25",
            "label": "Throw-in",
            "position": "85500",
            "half": "1",
            "confidence": "0.9124696254730225"
        },
        {
            "gameTime": "1 - 14:28",
            "label": "Throw-in",
            "position": "868000",
            "half": "1",
            "confidence": "0.9120839834213257"
        },
        {
            "gameTime": "1 - 0:14",
            "label": "Throw-in",
            "position": "14000",
            "half": "1",
            "confidence": "0.9000399112701416"
        },
        {
            "gameTime": "1 - 36:50",
            "label": "Throw-in",
            "position": "2210000",
            "half": "1",
            "confidence": "0.8852131962776184"
        },
        {
            "gameTime": "1 - 44:22",
            "label": "Throw-in",
            "position": "2662000",
            "half": "1",
            "confidence": "0.851042628288269"
        },
        {
            "gameTime": "1 - 11:52",
            "label": "Throw-in",
            "position": "712500",
            "half": "1",
            "confidence": "0.831591010093689"
        },
        {
            "gameTime": "1 - 2:8",
            "label": "Throw-in",
            "position": "128000",
            "half": "1",
            "confidence": "0.8188433051109314"
        },
        {
            "gameTime": "1 - 5:44",
            "label": "Throw-in",
            "position": "344500",
            "half": "1",
            "confidence": "0.8137459754943848"
        },
        {
            "gameTime": "1 - 29:35",
            "label": "Throw-in",
            "position": "1775500",
            "half": "1",
            "confidence": "0.8003072738647461"
        },
        {
            "gameTime": "1 - 10:58",
            "label": "Throw-in",
            "position": "658500",
            "half": "1",
            "confidence": "0.7675524353981018"
        },
        {
            "gameTime": "1 - 1:1",
            "label": "Throw-in",
            "position": "61000",
            "half": "1",
            "confidence": "0.7622325420379639"
        },
        {
            "gameTime": "1 - 0:24",
            "label": "Throw-in",
            "position": "24000",
            "half": "1",
            "confidence": "0.7336955070495605"
        },
        {
            "gameTime": "1 - 33:56",
            "label": "Throw-in",
            "position": "2036000",
            "half": "1",
            "confidence": "0.67388916015625"
        },
        {
            "gameTime": "1 - 44:32",
            "label": "Throw-in",
            "position": "2672000",
            "half": "1",
            "confidence": "0.5949158668518066"
        },
        {
            "gameTime": "1 - 12:24",
            "label": "Throw-in",
            "position": "744000",
            "half": "1",
            "confidence": "0.5864797830581665"
        },
        {
            "gameTime": "1 - 43:47",
            "label": "Throw-in",
            "position": "2627500",
            "half": "1",
            "confidence": "0.5576414465904236"
        },
        {
            "gameTime": "1 - 11:40",
            "label": "Throw-in",
            "position": "700000",
            "half": "1",
            "confidence": "0.548956036567688"
        },
        {
            "gameTime": "1 - 1:36",
            "label": "Throw-in",
            "position": "96000",
            "half": "1",
            "confidence": "0.5487962365150452"
        },
        {
            "gameTime": "1 - 6:39",
            "label": "Throw-in",
            "position": "399500",
            "half": "1",
            "confidence": "0.5410752892494202"
        },
        {
            "gameTime": "1 - 0:50",
            "label": "Throw-in",
            "position": "50500",
            "half": "1",
            "confidence": "0.5290462970733643"
        },
        {
            "gameTime": "1 - 31:21",
            "label": "Throw-in",
            "position": "1881000",
            "half": "1",
            "confidence": "0.5141879320144653"
        },
        {
            "gameTime": "1 - 43:37",
            "label": "Throw-in",
            "position": "2617000",
            "half": "1",
            "confidence": "0.5086524486541748"
        },
        {
            "gameTime": "1 - 8:44",
            "label": "Foul",
            "position": "524500",
            "half": "1",
            "confidence": "0.9211158752441406"
        },
        {
            "gameTime": "1 - 2:10",
            "label": "Foul",
            "position": "130500",
            "half": "1",
            "confidence": "0.8699744939804077"
        },
        {
            "gameTime": "1 - 29:44",
            "label": "Foul",
            "position": "1784000",
            "half": "1",
            "confidence": "0.7840074896812439"
        },
        {
            "gameTime": "1 - 39:20",
            "label": "Foul",
            "position": "2360500",
            "half": "1",
            "confidence": "0.784006655216217"
        },
        {
            "gameTime": "1 - 44:39",
            "label": "Foul",
            "position": "2679000",
            "half": "1",
            "confidence": "0.7700263261795044"
        },
        {
            "gameTime": "1 - 2:21",
            "label": "Foul",
            "position": "141000",
            "half": "1",
            "confidence": "0.7565954327583313"
        },
        {
            "gameTime": "1 - 8:32",
            "label": "Foul",
            "position": "512500",
            "half": "1",
            "confidence": "0.6882492899894714"
        },
        {
            "gameTime": "1 - 5:51",
            "label": "Foul",
            "position": "351000",
            "half": "1",
            "confidence": "0.6696637868881226"
        },
        {
            "gameTime": "1 - 35:38",
            "label": "Foul",
            "position": "2138500",
            "half": "1",
            "confidence": "0.5718287825584412"
        },
        {
            "gameTime": "1 - 35:20",
            "label": "Foul",
            "position": "2120500",
            "half": "1",
            "confidence": "0.5093975067138672"
        },
        {
            "gameTime": "1 - 45:13",
            "label": "Indirect free-kick",
            "position": "2713500",
            "half": "1",
            "confidence": "0.7740964889526367"
        },
        {
            "gameTime": "1 - 8:28",
            "label": "Indirect free-kick",
            "position": "508500",
            "half": "1",
            "confidence": "0.7116008996963501"
        },
        {
            "gameTime": "1 - 26:46",
            "label": "Indirect free-kick",
            "position": "1606000",
            "half": "1",
            "confidence": "0.7102046608924866"
        },
        {
            "gameTime": "1 - 15:40",
            "label": "Indirect free-kick",
            "position": "940000",
            "half": "1",
            "confidence": "0.6086950302124023"
        },
        {
            "gameTime": "1 - 35:41",
            "label": "Indirect free-kick",
            "position": "2141000",
            "half": "1",
            "confidence": "0.5868057608604431"
        },
        {
            "gameTime": "1 - 8:39",
            "label": "Indirect free-kick",
            "position": "519000",
            "half": "1",
            "confidence": "0.5760365128517151"
        },
        {
            "gameTime": "1 - 42:6",
            "label": "Indirect free-kick",
            "position": "2526000",
            "half": "1",
            "confidence": "0.5588932633399963"
        },
        {
            "gameTime": "1 - 3:48",
            "label": "Direct free-kick",
            "position": "228000",
            "half": "1",
            "confidence": "0.9962564706802368"
        },
        {
            "gameTime": "1 - 3:58",
            "label": "Direct free-kick",
            "position": "238000",
            "half": "1",
            "confidence": "0.8488296270370483"
        },
        {
            "gameTime": "1 - 7:41",
            "label": "Direct free-kick",
            "position": "461000",
            "half": "1",
            "confidence": "0.8165075778961182"
        },
        {
            "gameTime": "1 - 30:40",
            "label": "Direct free-kick",
            "position": "1840500",
            "half": "1",
            "confidence": "0.7951174378395081"
        },
        {
            "gameTime": "1 - 36:30",
            "label": "Direct free-kick",
            "position": "2190000",
            "half": "1",
            "confidence": "0.6505314111709595"
        },
        {
            "gameTime": "1 - 4:26",
            "label": "Corner",
            "position": "266000",
            "half": "1",
            "confidence": "0.9929137229919434"
        },
        {
            "gameTime": "1 - 7:44",
            "label": "Corner",
            "position": "464500",
            "half": "1",
            "confidence": "0.9590412378311157"
        },
        {
            "gameTime": "1 - 4:37",
            "label": "Corner",
            "position": "277000",
            "half": "1",
            "confidence": "0.8975566029548645"
        },
        {
            "gameTime": "1 - 10:43",
            "label": "Corner",
            "position": "643500",
            "half": "1",
            "confidence": "0.8013163805007935"
        },
        {
            "gameTime": "1 - 40:42",
            "label": "Corner",
            "position": "2442500",
            "half": "1",
            "confidence": "0.7632730603218079"
        },
        {
            "gameTime": "1 - 15:10",
            "label": "Corner",
            "position": "910500",
            "half": "1",
            "confidence": "0.6977831125259399"
        },
        {
            "gameTime": "1 - 2:26",
            "label": "Yellow card",
            "position": "146000",
            "half": "1",
            "confidence": "0.9508615732192993"
        },
        {
            "gameTime": "1 - 2:13",
            "label": "Yellow card",
            "position": "133500",
            "half": "1",
            "confidence": "0.9239897131919861"
        },
        {
            "gameTime": "1 - 8:46",
            "label": "Yellow card",
            "position": "526500",
            "half": "1",
            "confidence": "0.9232680201530457"
        },
        {
            "gameTime": "1 - 8:56",
            "label": "Yellow card",
            "position": "536500",
            "half": "1",
            "confidence": "0.8122528791427612"
        },
        {
            "gameTime": "1 - 21:53",
            "label": "Yellow card",
            "position": "1313500",
            "half": "1",
            "confidence": "0.7428103089332581"
        },
        {
            "gameTime": "1 - 44:46",
            "label": "Yellow card",
            "position": "2686000",
            "half": "1",
            "confidence": "0.6972941756248474"
        },
        {
            "gameTime": "2 - 33:14",
            "label": "Substitution",
            "position": "1994500",
            "half": "2",
            "confidence": "0.9402151703834534"
        },
        {
            "gameTime": "2 - 27:32",
            "label": "Substitution",
            "position": "1652500",
            "half": "2",
            "confidence": "0.9350056648254395"
        },
        {
            "gameTime": "2 - 36:40",
            "label": "Substitution",
            "position": "2200000",
            "half": "2",
            "confidence": "0.8200401663780212"
        },
        {
            "gameTime": "2 - 13:16",
            "label": "Substitution",
            "position": "796500",
            "half": "2",
            "confidence": "0.7451697587966919"
        },
        {
            "gameTime": "2 - 42:13",
            "label": "Substitution",
            "position": "2533500",
            "half": "2",
            "confidence": "0.6710143685340881"
        },
        {
            "gameTime": "2 - 36:23",
            "label": "Substitution",
            "position": "2183500",
            "half": "2",
            "confidence": "0.6433024406433105"
        },
        {
            "gameTime": "2 - 27:22",
            "label": "Substitution",
            "position": "1642000",
            "half": "2",
            "confidence": "0.5185624957084656"
        },
        {
            "gameTime": "2 - 48:40",
            "label": "Offside",
            "position": "2920000",
            "half": "2",
            "confidence": "0.6698511838912964"
        },
        {
            "gameTime": "2 - 9:14",
            "label": "Shots on target",
            "position": "554000",
            "half": "2",
            "confidence": "0.9198045134544373"
        },
        {
            "gameTime": "2 - 9:24",
            "label": "Shots on target",
            "position": "564000",
            "half": "2",
            "confidence": "0.8332958817481995"
        },
        {
            "gameTime": "2 - 8:45",
            "label": "Shots on target",
            "position": "525500",
            "half": "2",
            "confidence": "0.6922461986541748"
        },
        {
            "gameTime": "2 - 26:49",
            "label": "Shots on target",
            "position": "1609500",
            "half": "2",
            "confidence": "0.6760852932929993"
        },
        {
            "gameTime": "2 - 12:21",
            "label": "Shots on target",
            "position": "741000",
            "half": "2",
            "confidence": "0.6466569900512695"
        },
        {
            "gameTime": "2 - 8:13",
            "label": "Shots on target",
            "position": "493000",
            "half": "2",
            "confidence": "0.6224370002746582"
        },
        {
            "gameTime": "2 - 49:23",
            "label": "Shots on target",
            "position": "2963500",
            "half": "2",
            "confidence": "0.6136922240257263"
        },
        {
            "gameTime": "2 - 5:39",
            "label": "Shots on target",
            "position": "339500",
            "half": "2",
            "confidence": "0.5880172252655029"
        },
        {
            "gameTime": "2 - 8:58",
            "label": "Shots on target",
            "position": "538500",
            "half": "2",
            "confidence": "0.5380258560180664"
        },
        {
            "gameTime": "2 - 26:38",
            "label": "Shots on target",
            "position": "1598500",
            "half": "2",
            "confidence": "0.511633038520813"
        },
        {
            "gameTime": "2 - 37:22",
            "label": "Shots on target",
            "position": "2242000",
            "half": "2",
            "confidence": "0.5084194540977478"
        },
        {
            "gameTime": "2 - 17:30",
            "label": "Shots on target",
            "position": "1050500",
            "half": "2",
            "confidence": "0.503122091293335"
        },
        {
            "gameTime": "2 - 37:21",
            "label": "Shots off target",
            "position": "2241500",
            "half": "2",
            "confidence": "0.6677983403205872"
        },
        {
            "gameTime": "2 - 26:40",
            "label": "Shots off target",
            "position": "1600000",
            "half": "2",
            "confidence": "0.5854411125183105"
        },
        {
            "gameTime": "2 - 20:56",
            "label": "Shots off target",
            "position": "1256500",
            "half": "2",
            "confidence": "0.5106313228607178"
        },
        {
            "gameTime": "2 - 27:9",
            "label": "Shots off target",
            "position": "1629500",
            "half": "2",
            "confidence": "0.5042617917060852"
        },
        {
            "gameTime": "2 - 33:32",
            "label": "Clearance",
            "position": "2012000",
            "half": "2",
            "confidence": "0.731209933757782"
        },
        {
            "gameTime": "2 - 42:31",
            "label": "Clearance",
            "position": "2551000",
            "half": "2",
            "confidence": "0.7293033003807068"
        },
        {
            "gameTime": "2 - 29:52",
            "label": "Clearance",
            "position": "1792000",
            "half": "2",
            "confidence": "0.6991989016532898"
        },
        {
            "gameTime": "2 - 35:17",
            "label": "Clearance",
            "position": "2117000",
            "half": "2",
            "confidence": "0.5470247864723206"
        },
        {
            "gameTime": "2 - 40:33",
            "label": "Clearance",
            "position": "2433500",
            "half": "2",
            "confidence": "0.5341822504997253"
        },
        {
            "gameTime": "2 - 31:23",
            "label": "Clearance",
            "position": "1883500",
            "half": "2",
            "confidence": "0.5015493035316467"
        },
        {
            "gameTime": "2 - 30:53",
            "label": "Ball out of play",
            "position": "1853500",
            "half": "2",
            "confidence": "0.94792240858078"
        },
        {
            "gameTime": "2 - 30:37",
            "label": "Ball out of play",
            "position": "1837500",
            "half": "2",
            "confidence": "0.8944635987281799"
        },
        {
            "gameTime": "2 - 4:25",
            "label": "Ball out of play",
            "position": "265000",
            "half": "2",
            "confidence": "0.8849910497665405"
        },
        {
            "gameTime": "2 - 31:5",
            "label": "Ball out of play",
            "position": "1865500",
            "half": "2",
            "confidence": "0.8810011744499207"
        },
        {
            "gameTime": "2 - 26:50",
            "label": "Ball out of play",
            "position": "1610000",
            "half": "2",
            "confidence": "0.8796237111091614"
        },
        {
            "gameTime": "2 - 40:11",
            "label": "Ball out of play",
            "position": "2411000",
            "half": "2",
            "confidence": "0.8215665221214294"
        },
        {
            "gameTime": "2 - 13:57",
            "label": "Ball out of play",
            "position": "837000",
            "half": "2",
            "confidence": "0.8123458027839661"
        },
        {
            "gameTime": "2 - 4:5",
            "label": "Ball out of play",
            "position": "245500",
            "half": "2",
            "confidence": "0.7968879342079163"
        },
        {
            "gameTime": "2 - 8:21",
            "label": "Ball out of play",
            "position": "501500",
            "half": "2",
            "confidence": "0.7452717423439026"
        },
        {
            "gameTime": "2 - 8:0",
            "label": "Ball out of play",
            "position": "480500",
            "half": "2",
            "confidence": "0.7348702549934387"
        },
        {
            "gameTime": "2 - 18:4",
            "label": "Ball out of play",
            "position": "1084000",
            "half": "2",
            "confidence": "0.7218673825263977"
        },
        {
            "gameTime": "2 - 43:36",
            "label": "Ball out of play",
            "position": "2616500",
            "half": "2",
            "confidence": "0.7208980917930603"
        },
        {
            "gameTime": "2 - 7:46",
            "label": "Ball out of play",
            "position": "466000",
            "half": "2",
            "confidence": "0.7117497324943542"
        },
        {
            "gameTime": "2 - 26:39",
            "label": "Ball out of play",
            "position": "1599500",
            "half": "2",
            "confidence": "0.7090209126472473"
        },
        {
            "gameTime": "2 - 24:29",
            "label": "Ball out of play",
            "position": "1469500",
            "half": "2",
            "confidence": "0.7070566415786743"
        },
        {
            "gameTime": "2 - 36:51",
            "label": "Ball out of play",
            "position": "2211500",
            "half": "2",
            "confidence": "0.7034077644348145"
        },
        {
            "gameTime": "2 - 37:19",
            "label": "Ball out of play",
            "position": "2239500",
            "half": "2",
            "confidence": "0.6862623691558838"
        },
        {
            "gameTime": "2 - 10:7",
            "label": "Ball out of play",
            "position": "607500",
            "half": "2",
            "confidence": "0.6701695322990417"
        },
        {
            "gameTime": "2 - 40:0",
            "label": "Ball out of play",
            "position": "2400000",
            "half": "2",
            "confidence": "0.6614837646484375"
        },
        {
            "gameTime": "2 - 10:19",
            "label": "Ball out of play",
            "position": "619000",
            "half": "2",
            "confidence": "0.6495386362075806"
        },
        {
            "gameTime": "2 - 20:56",
            "label": "Ball out of play",
            "position": "1256500",
            "half": "2",
            "confidence": "0.6480967402458191"
        },
        {
            "gameTime": "2 - 1:8",
            "label": "Ball out of play",
            "position": "68500",
            "half": "2",
            "confidence": "0.6430292725563049"
        },
        {
            "gameTime": "2 - 1:21",
            "label": "Ball out of play",
            "position": "81500",
            "half": "2",
            "confidence": "0.6405574083328247"
        },
        {
            "gameTime": "2 - 4:35",
            "label": "Ball out of play",
            "position": "275500",
            "half": "2",
            "confidence": "0.6258901357650757"
        },
        {
            "gameTime": "2 - 43:17",
            "label": "Ball out of play",
            "position": "2597000",
            "half": "2",
            "confidence": "0.6194666028022766"
        },
        {
            "gameTime": "2 - 35:56",
            "label": "Ball out of play",
            "position": "2156000",
            "half": "2",
            "confidence": "0.6179462671279907"
        },
        {
            "gameTime": "2 - 13:45",
            "label": "Ball out of play",
            "position": "825000",
            "half": "2",
            "confidence": "0.6064854860305786"
        },
        {
            "gameTime": "2 - 11:33",
            "label": "Ball out of play",
            "position": "693000",
            "half": "2",
            "confidence": "0.5963499546051025"
        },
        {
            "gameTime": "2 - 27:13",
            "label": "Ball out of play",
            "position": "1633500",
            "half": "2",
            "confidence": "0.5953722596168518"
        },
        {
            "gameTime": "2 - 43:47",
            "label": "Ball out of play",
            "position": "2627500",
            "half": "2",
            "confidence": "0.5919746160507202"
        },
        {
            "gameTime": "2 - 31:17",
            "label": "Ball out of play",
            "position": "1877000",
            "half": "2",
            "confidence": "0.5880201458930969"
        },
        {
            "gameTime": "2 - 8:10",
            "label": "Ball out of play",
            "position": "490500",
            "half": "2",
            "confidence": "0.5859773755073547"
        },
        {
            "gameTime": "2 - 9:57",
            "label": "Ball out of play",
            "position": "597000",
            "half": "2",
            "confidence": "0.5741260051727295"
        },
        {
            "gameTime": "2 - 37:31",
            "label": "Ball out of play",
            "position": "2251500",
            "half": "2",
            "confidence": "0.5712112188339233"
        },
        {
            "gameTime": "2 - 27:47",
            "label": "Ball out of play",
            "position": "1667500",
            "half": "2",
            "confidence": "0.5640252232551575"
        },
        {
            "gameTime": "2 - 10:29",
            "label": "Ball out of play",
            "position": "629000",
            "half": "2",
            "confidence": "0.5398628115653992"
        },
        {
            "gameTime": "2 - 28:27",
            "label": "Ball out of play",
            "position": "1707500",
            "half": "2",
            "confidence": "0.5247962474822998"
        },
        {
            "gameTime": "2 - 3:29",
            "label": "Ball out of play",
            "position": "209500",
            "half": "2",
            "confidence": "0.5031930208206177"
        },
        {
            "gameTime": "2 - 29:24",
            "label": "Ball out of play",
            "position": "1764500",
            "half": "2",
            "confidence": "0.5014278292655945"
        },
        {
            "gameTime": "2 - 30:53",
            "label": "Throw-in",
            "position": "1853500",
            "half": "2",
            "confidence": "0.9931580424308777"
        },
        {
            "gameTime": "2 - 31:4",
            "label": "Throw-in",
            "position": "1864000",
            "half": "2",
            "confidence": "0.9785601496696472"
        },
        {
            "gameTime": "2 - 4:24",
            "label": "Throw-in",
            "position": "264500",
            "half": "2",
            "confidence": "0.9741485118865967"
        },
        {
            "gameTime": "2 - 30:36",
            "label": "Throw-in",
            "position": "1836500",
            "half": "2",
            "confidence": "0.9571613669395447"
        },
        {
            "gameTime": "2 - 36:51",
            "label": "Throw-in",
            "position": "2211500",
            "half": "2",
            "confidence": "0.9411763548851013"
        },
        {
            "gameTime": "2 - 4:6",
            "label": "Throw-in",
            "position": "246500",
            "half": "2",
            "confidence": "0.9230881929397583"
        },
        {
            "gameTime": "2 - 44:10",
            "label": "Throw-in",
            "position": "2650000",
            "half": "2",
            "confidence": "0.800803542137146"
        },
        {
            "gameTime": "2 - 14:3",
            "label": "Throw-in",
            "position": "843000",
            "half": "2",
            "confidence": "0.7543211579322815"
        },
        {
            "gameTime": "2 - 1:22",
            "label": "Throw-in",
            "position": "82500",
            "half": "2",
            "confidence": "0.72774338722229"
        },
        {
            "gameTime": "2 - 4:37",
            "label": "Throw-in",
            "position": "277000",
            "half": "2",
            "confidence": "0.6976801156997681"
        },
        {
            "gameTime": "2 - 45:41",
            "label": "Throw-in",
            "position": "2741500",
            "half": "2",
            "confidence": "0.6024634838104248"
        },
        {
            "gameTime": "2 - 43:36",
            "label": "Throw-in",
            "position": "2616000",
            "half": "2",
            "confidence": "0.5710178017616272"
        },
        {
            "gameTime": "2 - 3:46",
            "label": "Throw-in",
            "position": "226500",
            "half": "2",
            "confidence": "0.5316237807273865"
        },
        {
            "gameTime": "2 - 37:1",
            "label": "Throw-in",
            "position": "2221500",
            "half": "2",
            "confidence": "0.516438364982605"
        },
        {
            "gameTime": "2 - 3:31",
            "label": "Throw-in",
            "position": "211000",
            "half": "2",
            "confidence": "0.5056653022766113"
        },
        {
            "gameTime": "2 - 49:39",
            "label": "Foul",
            "position": "2979000",
            "half": "2",
            "confidence": "0.6826668977737427"
        },
        {
            "gameTime": "2 - 11:40",
            "label": "Foul",
            "position": "700000",
            "half": "2",
            "confidence": "0.6402429342269897"
        },
        {
            "gameTime": "2 - 25:11",
            "label": "Foul",
            "position": "1511000",
            "half": "2",
            "confidence": "0.5825414061546326"
        },
        {
            "gameTime": "2 - 16:8",
            "label": "Foul",
            "position": "968500",
            "half": "2",
            "confidence": "0.5550824403762817"
        },
        {
            "gameTime": "2 - 12:44",
            "label": "Foul",
            "position": "764500",
            "half": "2",
            "confidence": "0.5266920924186707"
        },
        {
            "gameTime": "2 - 45:48",
            "label": "Foul",
            "position": "2748500",
            "half": "2",
            "confidence": "0.5263240337371826"
        },
        {
            "gameTime": "2 - 49:28",
            "label": "Foul",
            "position": "2968500",
            "half": "2",
            "confidence": "0.5185485482215881"
        },
        {
            "gameTime": "2 - 14:58",
            "label": "Foul",
            "position": "898500",
            "half": "2",
            "confidence": "0.5117205381393433"
        },
        {
            "gameTime": "2 - 46:10",
            "label": "Indirect free-kick",
            "position": "2770000",
            "half": "2",
            "confidence": "0.6872063279151917"
        },
        {
            "gameTime": "2 - 48:54",
            "label": "Indirect free-kick",
            "position": "2934500",
            "half": "2",
            "confidence": "0.561924934387207"
        },
        {
            "gameTime": "2 - 12:4",
            "label": "Indirect free-kick",
            "position": "724000",
            "half": "2",
            "confidence": "0.5381525158882141"
        },
        {
            "gameTime": "2 - 6:16",
            "label": "Indirect free-kick",
            "position": "376500",
            "half": "2",
            "confidence": "0.5301720499992371"
        },
        {
            "gameTime": "2 - 19:27",
            "label": "Corner",
            "position": "1167000",
            "half": "2",
            "confidence": "0.9986504912376404"
        },
        {
            "gameTime": "2 - 22:2",
            "label": "Corner",
            "position": "1322500",
            "half": "2",
            "confidence": "0.9206399321556091"
        },
        {
            "gameTime": "2 - 8:6",
            "label": "Corner",
            "position": "486000",
            "half": "2",
            "confidence": "0.828463077545166"
        },
        {
            "gameTime": "2 - 27:1",
            "label": "Corner",
            "position": "1621000",
            "half": "2",
            "confidence": "0.7923344969749451"
        },
        {
            "gameTime": "2 - 19:6",
            "label": "Corner",
            "position": "1146500",
            "half": "2",
            "confidence": "0.7086344957351685"
        },
        {
            "gameTime": "2 - 20:59",
            "label": "Corner",
            "position": "1259500",
            "half": "2",
            "confidence": "0.6943715214729309"
        },
        {
            "gameTime": "2 - 27:11",
            "label": "Corner",
            "position": "1631000",
            "half": "2",
            "confidence": "0.6229628324508667"
        },
        {
            "gameTime": "2 - 16:10",
            "label": "Yellow card",
            "position": "970000",
            "half": "2",
            "confidence": "0.9311187267303467"
        },
        {
            "gameTime": "2 - 25:18",
            "label": "Yellow card",
            "position": "1518000",
            "half": "2",
            "confidence": "0.8742942214012146"
        },
        {
            "gameTime": "2 - 15:59",
            "label": "Yellow card",
            "position": "959500",
            "half": "2",
            "confidence": "0.8652316927909851"
        },
        {
            "gameTime": "2 - 25:7",
            "label": "Yellow card",
            "position": "1507500",
            "half": "2",
            "confidence": "0.7766849994659424"
        },
        {
            "gameTime": "2 - 45:49",
            "label": "Yellow card",
            "position": "2749000",
            "half": "2",
            "confidence": "0.7154509425163269"
        },
        {
            "gameTime": "2 - 15:1",
            "label": "Yellow card",
            "position": "901500",
            "half": "2",
            "confidence": "0.6792208552360535"
        },
        {
            "gameTime": "2 - 49:47",
            "label": "Yellow card",
            "position": "2987000",
            "half": "2",
            "confidence": "0.6577942967414856"
        }
    ]
}