{
    "UrlLocal": "spain_laliga/2014-2015/2015-04-18 - 21-00 Real Madrid 3 - 1 Malaga",
    "predictions": [
        {
            "gameTime": "1 - 41:6",
            "label": "card",
            "position": "2466500",
            "half": "1",
            "confidence": "0.5449554920196533"
        },
        {
            "gameTime": "1 - 41:37",
            "label": "subs",
            "position": "2497500",
            "half": "1",
            "confidence": "0.645481526851654"
        },
        {
            "gameTime": "1 - 23:55",
            "label": "soccer",
            "position": "1435000",
            "half": "1",
            "confidence": "0.9672160744667053"
        },
        {
            "gameTime": "1 - 23:44",
            "label": "soccer",
            "position": "1424500",
            "half": "1",
            "confidence": "0.7494052052497864"
        },
        {
            "gameTime": "1 - 6:1",
            "label": "soccer",
            "position": "361000",
            "half": "1",
            "confidence": "0.6774483919143677"
        },
        {
            "gameTime": "2 - 31:19",
            "label": "card",
            "position": "1879000",
            "half": "2",
            "confidence": "0.7566177845001221"
        },
        {
            "gameTime": "2 - 35:48",
            "label": "card",
            "position": "2148000",
            "half": "2",
            "confidence": "0.5896185040473938"
        },
        {
            "gameTime": "2 - 35:37",
            "label": "card",
            "position": "2137000",
            "half": "2",
            "confidence": "0.5129587650299072"
        },
        {
            "gameTime": "2 - 30:49",
            "label": "subs",
            "position": "1849000",
            "half": "2",
            "confidence": "0.9522144198417664"
        },
        {
            "gameTime": "2 - 14:56",
            "label": "subs",
            "position": "896500",
            "half": "2",
            "confidence": "0.8949344158172607"
        },
        {
            "gameTime": "2 - 41:44",
            "label": "subs",
            "position": "2504500",
            "half": "2",
            "confidence": "0.7180675864219666"
        },
        {
            "gameTime": "2 - 29:35",
            "label": "subs",
            "position": "1775000",
            "half": "2",
            "confidence": "0.6180844902992249"
        },
        {
            "gameTime": "2 - 30:38",
            "label": "subs",
            "position": "1838500",
            "half": "2",
            "confidence": "0.6088451743125916"
        },
        {
            "gameTime": "2 - 23:24",
            "label": "soccer",
            "position": "1404000",
            "half": "2",
            "confidence": "0.9845475554466248"
        },
        {
            "gameTime": "2 - 25:18",
            "label": "soccer",
            "position": "1518000",
            "half": "2",
            "confidence": "0.8642520308494568"
        },
        {
            "gameTime": "2 - 25:28",
            "label": "soccer",
            "position": "1528500",
            "half": "2",
            "confidence": "0.7278376221656799"
        },
        {
            "gameTime": "2 - 46:10",
            "label": "soccer",
            "position": "2770000",
            "half": "2",
            "confidence": "0.6480022668838501"
        }
    ]
}