{
    "UrlLocal": "italy_serie-a/2016-2017/2016-08-20 - 18-00 Juventus 2 - 1 Fiorentina",
    "UrlYoutube": "",
    "annotations": [
        {
            "change_type": "",
            "gameTime": "1 - 00:23",
            "label": "",
            "link": "",
            "position": "23598",
            "replay": "replay"
        },
        {
            "change_type": "",
            "gameTime": "1 - 00:28",
            "label": "",
            "link": "",
            "position": "28006",
            "replay": "replay"
        },
        {
            "change_type": "",
            "gameTime": "1 - 00:31",
            "label": "",
            "link": "",
            "position": "31966",
            "replay": "replay"
        },
        {
            "change_type": "",
            "gameTime": "1 - 03:30",
            "label": "",
            "position": "210642",
            "replay": "real-time"
        },
        {
            "change_type": "",
            "gameTime": "1 - 03:37",
            "label": "",
            "link": "",
            "position": "217850",
            "replay": "replay"
        },
        {
            "change_type": "",
            "gameTime": "1 - 03:42",
            "label": "",
            "position": "222162",
            "replay": "other"
        },
        {
            "change_type": "",
            "gameTime": "1 - 03:46",
            "label": "",
            "position": "226140",
            "replay": "other"
        },
        {
            "change_type": "",
            "gameTime": "1 - 07:12",
            "label": "",
            "position": "432339",
            "replay": "real-time"
        },
        {
            "change_type": "",
            "gameTime": "1 - 07:16",
            "label": "",
            "link": "",
            "position": "436056",
            "replay": "replay"
        },
        {
            "change_type": "",
            "gameTime": "1 - 09:13",
            "label": "",
            "position": "553757",
            "replay": "real-time"
        },
        {
            "change_type": "",
            "gameTime": "1 - 09:19",
            "label": "",
            "link": "",
            "position": "559881",
            "replay": "replay"
        },
        {
            "change_type": "",
            "gameTime": "1 - 09:43",
            "label": "",
            "position": "583423",
            "replay": "real-time"
        },
        {
            "change_type": "",
            "gameTime": "1 - 09:48",
            "label": "",
            "link": "",
            "position": "588334",
            "replay": "replay"
        },
        {
            "change_type": "",
            "gameTime": "1 - 09:52",
            "label": "",
            "position": "592406",
            "replay": "other"
        },
        {
            "change_type": "",
            "gameTime": "1 - 09:56",
            "label": "",
            "position": "596491",
            "replay": "other"
        },
        {
            "change_type": "",
            "gameTime": "1 - 09:59",
            "label": "",
            "position": "599651",
            "replay": "other"
        },
        {
            "change_type": "",
            "gameTime": "1 - 10:02",
            "label": "",
            "position": "602851",
            "replay": "other"
        },
        {
            "change_type": "",
            "gameTime": "1 - 10:05",
            "label": "",
            "position": "605651",
            "replay": "other"
        },
        {
            "change_type": "",
            "gameTime": "1 - 10:08",
            "label": "",
            "position": "608571",
            "replay": "other"
        },
        {
            "change_type": "",
            "gameTime": "1 - 18:24",
            "label": "",
            "position": "1104221",
            "replay": "real-time"
        },
        {
            "change_type": "",
            "gameTime": "1 - 18:29",
            "label": "",
            "link": "",
            "position": "1109098",
            "replay": "replay"
        },
        {
            "change_type": "",
            "gameTime": "1 - 18:33",
            "label": "",
            "position": "1113178",
            "replay": "other"
        },
        {
            "change_type": "",
            "gameTime": "1 - 22:15",
            "label": "",
            "position": "1335454",
            "replay": "real-time"
        },
        {
            "change_type": "",
            "gameTime": "1 - 22:20",
            "label": "",
            "link": "",
            "position": "1340094",
            "replay": "replay"
        },
        {
            "change_type": "",
            "gameTime": "1 - 22:23",
            "label": "",
            "position": "1343374",
            "replay": "other"
        },
        {
            "change_type": "",
            "gameTime": "1 - 23:13",
            "label": "",
            "position": "1393080",
            "replay": "real-time"
        },
        {
            "change_type": "",
            "gameTime": "1 - 23:19",
            "label": "",
            "link": "",
            "position": "1399359",
            "replay": "replay"
        },
        {
            "change_type": "",
            "gameTime": "1 - 25:40",
            "label": "",
            "position": "1540884",
            "replay": "real-time"
        },
        {
            "change_type": "",
            "gameTime": "1 - 25:46",
            "label": "",
            "link": "",
            "position": "1546312",
            "replay": "replay"
        },
        {
            "change_type": "",
            "gameTime": "1 - 29:30",
            "label": "",
            "position": "1770069",
            "replay": "real-time"
        },
        {
            "change_type": "",
            "gameTime": "1 - 29:34",
            "label": "",
            "link": "",
            "position": "1774629",
            "replay": "replay"
        },
        {
            "change_type": "",
            "gameTime": "1 - 29:39",
            "label": "",
            "link": "",
            "position": "1779309",
            "replay": "replay"
        },
        {
            "change_type": "",
            "gameTime": "1 - 32:46",
            "label": "",
            "position": "1966419",
            "replay": "real-time"
        },
        {
            "change_type": "",
            "gameTime": "1 - 32:51",
            "label": "",
            "link": "",
            "position": "1971164",
            "replay": "replay"
        },
        {
            "change_type": "",
            "gameTime": "1 - 32:58",
            "label": "",
            "link": "",
            "position": "1978937",
            "replay": "replay"
        },
        {
            "change_type": "",
            "gameTime": "1 - 33:35",
            "label": "",
            "position": "2015869",
            "replay": "real-time"
        },
        {
            "change_type": "",
            "gameTime": "1 - 33:44",
            "label": "",
            "link": "",
            "position": "2024286",
            "replay": "replay"
        },
        {
            "change_type": "",
            "gameTime": "1 - 34:08",
            "label": "",
            "position": "2048663",
            "replay": "real-time"
        },
        {
            "change_type": "",
            "gameTime": "1 - 34:14",
            "label": "",
            "link": "",
            "position": "2054788",
            "replay": "replay"
        },
        {
            "change_type": "",
            "gameTime": "1 - 34:18",
            "label": "",
            "position": "2058864",
            "replay": "other"
        },
        {
            "change_type": "",
            "gameTime": "1 - 36:39",
            "label": "",
            "position": "2199523",
            "replay": "real-time"
        },
        {
            "change_type": "",
            "gameTime": "1 - 36:45",
            "label": "",
            "link": "",
            "position": "2205535",
            "replay": "replay"
        },
        {
            "change_type": "",
            "gameTime": "1 - 36:49",
            "label": "",
            "link": "",
            "position": "2209741",
            "replay": "replay"
        },
        {
            "change_type": "",
            "gameTime": "1 - 36:52",
            "label": "",
            "link": "",
            "position": "2212891",
            "replay": "replay"
        },
        {
            "change_type": "",
            "gameTime": "1 - 37:00",
            "label": "",
            "link": "",
            "position": "2220190",
            "replay": "replay"
        },
        {
            "change_type": "",
            "gameTime": "1 - 37:02",
            "label": "",
            "position": "2222272",
            "replay": "real-time"
        },
        {
            "change_type": "",
            "gameTime": "1 - 37:04",
            "label": "",
            "position": "2224296",
            "replay": "real-time"
        },
        {
            "change_type": "",
            "gameTime": "1 - 38:26",
            "label": "",
            "position": "2306960",
            "replay": "real-time"
        },
        {
            "change_type": "",
            "gameTime": "1 - 38:31",
            "label": "",
            "link": "",
            "position": "2311915",
            "replay": "replay"
        },
        {
            "change_type": "",
            "gameTime": "1 - 38:35",
            "label": "",
            "position": "2315307",
            "replay": "other"
        },
        {
            "change_type": "",
            "gameTime": "1 - 40:06",
            "label": "",
            "position": "2406696",
            "replay": "real-time"
        },
        {
            "change_type": "",
            "gameTime": "1 - 40:11",
            "label": "",
            "link": "",
            "position": "2411416",
            "replay": "replay"
        },
        {
            "change_type": "",
            "gameTime": "1 - 40:16",
            "label": "",
            "link": "",
            "position": "2416795",
            "replay": "replay"
        },
        {
            "change_type": "",
            "gameTime": "1 - 40:21",
            "label": "",
            "position": "2421672",
            "replay": "other"
        },
        {
            "change_type": "",
            "gameTime": "1 - 40:24",
            "label": "",
            "position": "2424552",
            "replay": "other"
        },
        {
            "change_type": "",
            "gameTime": "1 - 43:12",
            "label": "",
            "position": "2592280",
            "replay": "real-time"
        },
        {
            "change_type": "",
            "gameTime": "1 - 43:17",
            "label": "",
            "link": "",
            "position": "2597405",
            "replay": "replay"
        },
        {
            "change_type": "",
            "gameTime": "1 - 43:20",
            "label": "",
            "position": "2600492",
            "replay": "other"
        },
        {
            "change_type": "",
            "gameTime": "1 - 44:03",
            "label": "",
            "position": "2643109",
            "replay": "real-time"
        },
        {
            "change_type": "",
            "gameTime": "1 - 44:08",
            "label": "",
            "link": "",
            "position": "2648899",
            "replay": "replay"
        },
        {
            "change_type": "",
            "gameTime": "1 - 44:12",
            "label": "",
            "link": "",
            "position": "2652191",
            "replay": "replay"
        },
        {
            "change_type": "",
            "gameTime": "1 - 44:15",
            "label": "",
            "position": "2655052",
            "replay": "other"
        },
        {
            "change_type": "",
            "gameTime": "1 - 44:19",
            "label": "",
            "position": "2659284",
            "replay": "other"
        },
        {
            "change_type": "",
            "gameTime": "1 - 44:21",
            "label": "",
            "position": "2661564",
            "replay": "other"
        },
        {
            "change_type": "",
            "gameTime": "2 - 00:27",
            "label": "",
            "position": "27636",
            "replay": "real-time"
        },
        {
            "change_type": "",
            "gameTime": "2 - 00:33",
            "label": "",
            "link": "",
            "position": "33657",
            "replay": "replay"
        },
        {
            "change_type": "",
            "gameTime": "2 - 01:48",
            "label": "",
            "position": "108894",
            "replay": "real-time"
        },
        {
            "change_type": "",
            "gameTime": "2 - 01:53",
            "label": "",
            "link": "",
            "position": "113395",
            "replay": "replay"
        },
        {
            "change_type": "",
            "gameTime": "2 - 02:35",
            "label": "",
            "position": "155928",
            "replay": "real-time"
        },
        {
            "change_type": "",
            "gameTime": "2 - 02:41",
            "label": "",
            "link": "",
            "position": "161306",
            "replay": "replay"
        },
        {
            "change_type": "",
            "gameTime": "2 - 03:59",
            "label": "",
            "position": "239207",
            "replay": "real-time"
        },
        {
            "change_type": "",
            "gameTime": "2 - 04:07",
            "label": "",
            "link": "",
            "position": "247365",
            "replay": "replay"
        },
        {
            "change_type": "",
            "gameTime": "2 - 07:13",
            "label": "",
            "position": "433631",
            "replay": "real-time"
        },
        {
            "change_type": "",
            "gameTime": "2 - 07:19",
            "label": "",
            "link": "",
            "position": "439231",
            "replay": "replay"
        },
        {
            "change_type": "",
            "gameTime": "2 - 08:55",
            "label": "",
            "position": "535955",
            "replay": "real-time"
        },
        {
            "change_type": "",
            "gameTime": "2 - 09:00",
            "label": "",
            "link": "",
            "position": "540455",
            "replay": "replay"
        },
        {
            "change_type": "",
            "gameTime": "2 - 09:03",
            "label": "",
            "position": "543835",
            "replay": "other"
        },
        {
            "change_type": "",
            "gameTime": "2 - 25:09",
            "label": "",
            "position": "1509025",
            "replay": "real-time"
        },
        {
            "change_type": "",
            "gameTime": "2 - 25:14",
            "label": "",
            "link": "",
            "position": "1514234",
            "replay": "replay"
        },
        {
            "change_type": "",
            "gameTime": "2 - 25:17",
            "label": "",
            "link": "",
            "position": "1517929",
            "replay": "replay"
        },
        {
            "change_type": "",
            "gameTime": "2 - 25:22",
            "label": "",
            "link": "",
            "position": "1522041",
            "replay": "replay"
        },
        {
            "change_type": "",
            "gameTime": "2 - 25:30",
            "label": "",
            "position": "1530145",
            "replay": "other"
        },
        {
            "change_type": "",
            "gameTime": "2 - 26:16",
            "label": "",
            "position": "1576811",
            "replay": "real-time"
        },
        {
            "change_type": "",
            "gameTime": "2 - 26:21",
            "label": "",
            "link": "",
            "position": "1581797",
            "replay": "replay"
        },
        {
            "change_type": "",
            "gameTime": "2 - 27:19",
            "label": "",
            "position": "1639662",
            "replay": "real-time"
        },
        {
            "change_type": "",
            "gameTime": "2 - 27:26",
            "label": "",
            "position": "1646421",
            "replay": "other"
        },
        {
            "change_type": "",
            "gameTime": "2 - 27:31",
            "label": "",
            "position": "1651957",
            "replay": "other"
        },
        {
            "change_type": "",
            "gameTime": "2 - 29:30",
            "label": "",
            "position": "1770574",
            "replay": "real-time"
        },
        {
            "change_type": "",
            "gameTime": "2 - 29:41",
            "label": "",
            "link": "",
            "position": "1781325",
            "replay": "replay"
        },
        {
            "change_type": "",
            "gameTime": "2 - 29:46",
            "label": "",
            "link": "",
            "position": "1786311",
            "replay": "replay"
        },
        {
            "change_type": "",
            "gameTime": "2 - 29:51",
            "label": "",
            "link": "",
            "position": "1791654",
            "replay": "replay"
        },
        {
            "change_type": "",
            "gameTime": "2 - 29:56",
            "label": "",
            "link": "",
            "position": "1796790",
            "replay": "replay"
        },
        {
            "change_type": "",
            "gameTime": "2 - 29:59",
            "label": "",
            "position": "1799030",
            "replay": "real-time"
        },
        {
            "change_type": "",
            "gameTime": "2 - 30:08",
            "label": "",
            "position": "1808630",
            "replay": "other"
        },
        {
            "change_type": "",
            "gameTime": "2 - 31:13",
            "label": "",
            "position": "1873275",
            "replay": "real-time"
        },
        {
            "change_type": "",
            "gameTime": "2 - 31:17",
            "label": "",
            "link": "",
            "position": "1877915",
            "replay": "replay"
        },
        {
            "change_type": "",
            "gameTime": "2 - 36:11",
            "label": "",
            "position": "2171162",
            "replay": "real-time"
        },
        {
            "change_type": "",
            "gameTime": "2 - 36:16",
            "label": "",
            "link": "",
            "position": "2176002",
            "replay": "replay"
        },
        {
            "change_type": "",
            "gameTime": "2 - 36:19",
            "label": "",
            "link": "",
            "position": "2179722",
            "replay": "replay"
        },
        {
            "change_type": "",
            "gameTime": "2 - 36:24",
            "label": "",
            "link": "",
            "position": "2184642",
            "replay": "replay"
        },
        {
            "change_type": "",
            "gameTime": "2 - 36:31",
            "label": "",
            "position": "2191082",
            "replay": "other"
        },
        {
            "change_type": "",
            "gameTime": "2 - 38:34",
            "label": "",
            "position": "2314599",
            "replay": "real-time"
        },
        {
            "change_type": "",
            "gameTime": "2 - 38:38",
            "label": "",
            "position": "2318079",
            "replay": "other"
        },
        {
            "change_type": "",
            "gameTime": "2 - 38:40",
            "label": "",
            "position": "2320934",
            "replay": "other"
        },
        {
            "change_type": "",
            "gameTime": "2 - 38:44",
            "label": "",
            "position": "2324454",
            "replay": "other"
        },
        {
            "change_type": "",
            "gameTime": "2 - 40:29",
            "label": "",
            "position": "2429460",
            "replay": "real-time"
        },
        {
            "change_type": "",
            "gameTime": "2 - 40:36",
            "label": "",
            "link": "",
            "position": "2436567",
            "replay": "replay"
        },
        {
            "change_type": "",
            "gameTime": "2 - 40:40",
            "label": "",
            "position": "2440730",
            "replay": "other"
        },
        {
            "change_type": "",
            "gameTime": "2 - 42:12",
            "label": "",
            "position": "2532341",
            "replay": "real-time"
        },
        {
            "change_type": "",
            "gameTime": "2 - 42:22",
            "label": "",
            "link": "",
            "position": "2542421",
            "replay": "replay"
        },
        {
            "change_type": "",
            "gameTime": "2 - 45:19",
            "label": "",
            "position": "2719329",
            "replay": "real-time"
        },
        {
            "change_type": "",
            "gameTime": "2 - 45:24",
            "label": "",
            "link": "",
            "position": "2724369",
            "replay": "replay"
        },
        {
            "change_type": "",
            "gameTime": "2 - 45:27",
            "label": "",
            "position": "2727649",
            "replay": "other"
        },
        {
            "change_type": "",
            "gameTime": "2 - 49:47",
            "label": "",
            "position": "2987676",
            "replay": "real-time"
        },
        {
            "change_type": "",
            "gameTime": "2 - 49:52",
            "label": "",
            "link": "",
            "position": "2992716",
            "replay": "replay"
        },
        {
            "change_type": "",
            "gameTime": "2 - 49:56",
            "label": "",
            "link": "",
            "position": "2996200",
            "replay": "replay"
        },
        {
            "change_type": "",
            "gameTime": "2 - 50:00",
            "label": "",
            "link": "",
            "position": "3000240",
            "replay": "replay"
        }
    ],
    "gameAwayTeam": "Fiorentina",
    "gameDate": "2016-08-20 - 18-00",
    "gameHomeTeam": "Juventus",
    "gameScore": "2 - 1"
}