{
    "UrlLocal": "england_epl/2016-2017/2017-01-03 - 18-00 Bournemouth 3 - 3 Arsenal",
    "UrlYoutube": "",
    "annotations": [
        {
            "change_type": "",
            "gameTime": "1 - 05:05",
            "label": "",
            "position": "305267",
            "replay": "real-time"
        },
        {
            "change_type": "",
            "gameTime": "1 - 05:11",
            "label": "",
            "link": "",
            "position": "311965",
            "replay": "replay"
        },
        {
            "change_type": "",
            "gameTime": "1 - 05:28",
            "label": "",
            "position": "328206",
            "replay": "real-time"
        },
        {
            "change_type": "",
            "gameTime": "1 - 05:34",
            "label": "",
            "link": "",
            "position": "334908",
            "replay": "replay"
        },
        {
            "change_type": "",
            "gameTime": "1 - 08:33",
            "label": "",
            "position": "513083",
            "replay": "real-time"
        },
        {
            "change_type": "",
            "gameTime": "1 - 08:40",
            "label": "",
            "link": "",
            "position": "520801",
            "replay": "replay"
        },
        {
            "change_type": "",
            "gameTime": "1 - 12:28",
            "label": "",
            "position": "748058",
            "replay": "real-time"
        },
        {
            "change_type": "",
            "gameTime": "1 - 12:36",
            "label": "",
            "position": "756873",
            "replay": "other"
        },
        {
            "change_type": "",
            "gameTime": "1 - 12:42",
            "label": "",
            "position": "762106",
            "replay": "other"
        },
        {
            "change_type": "",
            "gameTime": "1 - 14:39",
            "label": "",
            "position": "879410",
            "replay": "real-time"
        },
        {
            "change_type": "",
            "gameTime": "1 - 14:51",
            "label": "",
            "link": "",
            "position": "891220",
            "replay": "replay"
        },
        {
            "change_type": "",
            "gameTime": "1 - 16:10",
            "label": "",
            "position": "970471",
            "replay": "real-time"
        },
        {
            "change_type": "",
            "gameTime": "1 - 16:27",
            "label": "",
            "link": "",
            "position": "987946",
            "replay": "replay"
        },
        {
            "change_type": "",
            "gameTime": "1 - 16:35",
            "label": "",
            "link": "",
            "position": "995739",
            "replay": "replay"
        },
        {
            "change_type": "",
            "gameTime": "1 - 16:45",
            "label": "",
            "link": "",
            "position": "1005575",
            "replay": "replay"
        },
        {
            "change_type": "",
            "gameTime": "1 - 16:54",
            "label": "",
            "link": "",
            "position": "1014602",
            "replay": "replay"
        },
        {
            "change_type": "",
            "gameTime": "1 - 19:23",
            "label": "",
            "position": "1163127",
            "replay": "real-time"
        },
        {
            "change_type": "",
            "gameTime": "1 - 19:27",
            "label": "",
            "link": "",
            "position": "1167679",
            "replay": "replay"
        },
        {
            "change_type": "",
            "gameTime": "1 - 19:35",
            "label": "",
            "link": "",
            "position": "1175217",
            "replay": "replay"
        },
        {
            "change_type": "",
            "gameTime": "1 - 20:18",
            "label": "",
            "position": "1218234",
            "replay": "real-time"
        },
        {
            "change_type": "",
            "gameTime": "1 - 20:21",
            "label": "",
            "link": "",
            "position": "1221899",
            "replay": "replay"
        },
        {
            "change_type": "",
            "gameTime": "1 - 20:29",
            "label": "",
            "link": "",
            "position": "1229052",
            "replay": "replay"
        },
        {
            "change_type": "",
            "gameTime": "1 - 20:37",
            "label": "",
            "link": "",
            "position": "1237404",
            "replay": "replay"
        },
        {
            "change_type": "",
            "gameTime": "1 - 20:45",
            "label": "",
            "link": "",
            "position": "1245685",
            "replay": "replay"
        },
        {
            "change_type": "",
            "gameTime": "1 - 20:53",
            "label": "",
            "position": "1253014",
            "replay": "other"
        },
        {
            "change_type": "",
            "gameTime": "1 - 28:47",
            "label": "",
            "position": "1727289",
            "replay": "real-time"
        },
        {
            "change_type": "",
            "gameTime": "1 - 28:55",
            "label": "",
            "link": "",
            "position": "1735223",
            "replay": "replay"
        },
        {
            "change_type": "",
            "gameTime": "1 - 31:04",
            "label": "",
            "position": "1864601",
            "replay": "real-time"
        },
        {
            "change_type": "",
            "gameTime": "1 - 31:12",
            "label": "",
            "link": "",
            "position": "1872613",
            "replay": "replay"
        },
        {
            "change_type": "",
            "gameTime": "1 - 33:39",
            "label": "",
            "position": "2019309",
            "replay": "real-time"
        },
        {
            "change_type": "",
            "gameTime": "1 - 33:51",
            "label": "",
            "link": "",
            "position": "2031008",
            "replay": "replay"
        },
        {
            "change_type": "",
            "gameTime": "1 - 33:57",
            "label": "",
            "link": "",
            "position": "2037368",
            "replay": "replay"
        },
        {
            "change_type": "",
            "gameTime": "1 - 34:44",
            "label": "",
            "position": "2084221",
            "replay": "real-time"
        },
        {
            "change_type": "",
            "gameTime": "1 - 34:54",
            "label": "",
            "link": "",
            "position": "2094347",
            "replay": "replay"
        },
        {
            "change_type": "",
            "gameTime": "1 - 35:00",
            "label": "",
            "link": "",
            "position": "2100000",
            "replay": "replay"
        },
        {
            "change_type": "",
            "gameTime": "1 - 35:20",
            "label": "",
            "position": "2120167",
            "replay": "real-time"
        },
        {
            "change_type": "",
            "gameTime": "1 - 35:37",
            "label": "",
            "link": "",
            "position": "2137660",
            "replay": "replay"
        },
        {
            "change_type": "",
            "gameTime": "1 - 35:47",
            "label": "",
            "position": "2147191",
            "replay": "other"
        },
        {
            "change_type": "",
            "gameTime": "1 - 40:15",
            "label": "",
            "position": "2415091",
            "replay": "real-time"
        },
        {
            "change_type": "",
            "gameTime": "1 - 40:25",
            "label": "",
            "link": "",
            "position": "2425034",
            "replay": "replay"
        },
        {
            "change_type": "",
            "gameTime": "1 - 40:31",
            "label": "",
            "link": "",
            "position": "2431845",
            "replay": "replay"
        },
        {
            "change_type": "",
            "gameTime": "1 - 43:14",
            "label": "",
            "position": "2594483",
            "replay": "real-time"
        },
        {
            "change_type": "",
            "gameTime": "1 - 43:21",
            "label": "",
            "position": "2601425",
            "replay": "other"
        },
        {
            "change_type": "",
            "gameTime": "1 - 46:30",
            "label": "",
            "position": "2790409",
            "replay": "real-time"
        },
        {
            "change_type": "",
            "gameTime": "1 - 46:37",
            "label": "",
            "link": "",
            "position": "2797245",
            "replay": "replay"
        },
        {
            "change_type": "",
            "gameTime": "1 - 46:46",
            "label": "",
            "link": "",
            "position": "2806258",
            "replay": "replay"
        },
        {
            "change_type": "",
            "gameTime": "1 - 47:32",
            "label": "",
            "position": "2852390",
            "replay": "real-time"
        },
        {
            "change_type": "",
            "gameTime": "1 - 47:42",
            "label": "",
            "link": "",
            "position": "2862203",
            "replay": "replay"
        },
        {
            "change_type": "",
            "gameTime": "2 - 01:35",
            "label": "",
            "position": "95790",
            "replay": "real-time"
        },
        {
            "change_type": "",
            "gameTime": "2 - 01:51",
            "label": "",
            "link": "",
            "position": "111280",
            "replay": "replay"
        },
        {
            "change_type": "",
            "gameTime": "2 - 06:58",
            "label": "",
            "position": "418434",
            "replay": "real-time"
        },
        {
            "change_type": "",
            "gameTime": "2 - 07:11",
            "label": "",
            "position": "431157",
            "replay": "other"
        },
        {
            "change_type": "",
            "gameTime": "2 - 07:26",
            "label": "",
            "position": "446289",
            "replay": "other"
        },
        {
            "change_type": "",
            "gameTime": "2 - 07:36",
            "label": "",
            "position": "456142",
            "replay": "other"
        },
        {
            "change_type": "",
            "gameTime": "2 - 07:46",
            "label": "",
            "position": "466366",
            "replay": "other"
        },
        {
            "change_type": "",
            "gameTime": "2 - 10:52",
            "label": "",
            "position": "652437",
            "replay": "real-time"
        },
        {
            "change_type": "",
            "gameTime": "2 - 11:02",
            "label": "",
            "link": "",
            "position": "662980",
            "replay": "replay"
        },
        {
            "change_type": "",
            "gameTime": "2 - 11:58",
            "label": "",
            "position": "718619",
            "replay": "real-time"
        },
        {
            "change_type": "",
            "gameTime": "2 - 12:05",
            "label": "",
            "link": "",
            "position": "725491",
            "replay": "replay"
        },
        {
            "change_type": "",
            "gameTime": "2 - 12:10",
            "label": "",
            "position": "730529",
            "replay": "other"
        },
        {
            "change_type": "",
            "gameTime": "2 - 12:41",
            "label": "",
            "position": "761352",
            "replay": "real-time"
        },
        {
            "change_type": "",
            "gameTime": "2 - 12:57",
            "label": "",
            "link": "",
            "position": "777971",
            "replay": "replay"
        },
        {
            "change_type": "",
            "gameTime": "2 - 13:09",
            "label": "",
            "link": "",
            "position": "789000",
            "replay": "replay"
        },
        {
            "change_type": "",
            "gameTime": "2 - 13:19",
            "label": "",
            "link": "",
            "position": "799315",
            "replay": "replay"
        },
        {
            "change_type": "",
            "gameTime": "2 - 14:07",
            "label": "",
            "position": "847310",
            "replay": "real-time"
        },
        {
            "change_type": "",
            "gameTime": "2 - 14:14",
            "label": "",
            "link": "",
            "position": "854435",
            "replay": "replay"
        },
        {
            "change_type": "",
            "gameTime": "2 - 14:50",
            "label": "",
            "position": "890775",
            "replay": "real-time"
        },
        {
            "change_type": "",
            "gameTime": "2 - 15:00",
            "label": "",
            "link": "",
            "position": "900044",
            "replay": "replay"
        },
        {
            "change_type": "",
            "gameTime": "2 - 16:48",
            "label": "",
            "position": "1008323",
            "replay": "real-time"
        },
        {
            "change_type": "",
            "gameTime": "2 - 16:54",
            "label": "",
            "link": "",
            "position": "1014700",
            "replay": "replay"
        },
        {
            "change_type": "",
            "gameTime": "2 - 19:03",
            "label": "",
            "position": "1143085",
            "replay": "real-time"
        },
        {
            "change_type": "",
            "gameTime": "2 - 19:11",
            "label": "",
            "link": "",
            "position": "1151237",
            "replay": "replay"
        },
        {
            "change_type": "",
            "gameTime": "2 - 21:18",
            "label": "",
            "position": "1278230",
            "replay": "real-time"
        },
        {
            "change_type": "",
            "gameTime": "2 - 21:28",
            "label": "",
            "position": "1288248",
            "replay": "other"
        },
        {
            "change_type": "",
            "gameTime": "2 - 21:57",
            "label": "",
            "position": "1317901",
            "replay": "real-time"
        },
        {
            "change_type": "",
            "gameTime": "2 - 22:08",
            "label": "",
            "link": "",
            "position": "1328369",
            "replay": "replay"
        },
        {
            "change_type": "",
            "gameTime": "2 - 22:15",
            "label": "",
            "position": "1335386",
            "replay": "other"
        },
        {
            "change_type": "",
            "gameTime": "2 - 24:44",
            "label": "",
            "position": "1484726",
            "replay": "real-time"
        },
        {
            "change_type": "",
            "gameTime": "2 - 24:55",
            "label": "",
            "link": "",
            "position": "1495095",
            "replay": "replay"
        },
        {
            "change_type": "",
            "gameTime": "2 - 25:00",
            "label": "",
            "link": "",
            "position": "1500284",
            "replay": "replay"
        },
        {
            "change_type": "",
            "gameTime": "2 - 25:10",
            "label": "",
            "link": "",
            "position": "1510621",
            "replay": "replay"
        },
        {
            "change_type": "",
            "gameTime": "2 - 27:47",
            "label": "",
            "position": "1667689",
            "replay": "real-time"
        },
        {
            "change_type": "",
            "gameTime": "2 - 27:55",
            "label": "",
            "link": "",
            "position": "1675592",
            "replay": "replay"
        },
        {
            "change_type": "",
            "gameTime": "2 - 28:44",
            "label": "",
            "position": "1724396",
            "replay": "real-time"
        },
        {
            "change_type": "",
            "gameTime": "2 - 28:57",
            "label": "",
            "link": "",
            "position": "1737543",
            "replay": "replay"
        },
        {
            "change_type": "",
            "gameTime": "2 - 29:45",
            "label": "",
            "position": "1785063",
            "replay": "real-time"
        },
        {
            "change_type": "",
            "gameTime": "2 - 30:01",
            "label": "",
            "link": "",
            "position": "1801627",
            "replay": "replay"
        },
        {
            "change_type": "",
            "gameTime": "2 - 30:07",
            "label": "",
            "link": "",
            "position": "1807939",
            "replay": "replay"
        },
        {
            "change_type": "",
            "gameTime": "2 - 30:15",
            "label": "",
            "link": "",
            "position": "1815367",
            "replay": "replay"
        },
        {
            "change_type": "",
            "gameTime": "2 - 31:47",
            "label": "",
            "position": "1907457",
            "replay": "real-time"
        },
        {
            "change_type": "",
            "gameTime": "2 - 31:55",
            "label": "",
            "link": "",
            "position": "1915942",
            "replay": "replay"
        },
        {
            "change_type": "",
            "gameTime": "2 - 34:14",
            "label": "",
            "position": "2054350",
            "replay": "real-time"
        },
        {
            "change_type": "",
            "gameTime": "2 - 34:21",
            "label": "",
            "link": "",
            "position": "2061615",
            "replay": "replay"
        },
        {
            "change_type": "",
            "gameTime": "2 - 36:25",
            "label": "",
            "position": "2185271",
            "replay": "real-time"
        },
        {
            "change_type": "",
            "gameTime": "2 - 36:38",
            "label": "",
            "link": "",
            "position": "2198103",
            "replay": "replay"
        },
        {
            "change_type": "",
            "gameTime": "2 - 36:44",
            "label": "",
            "link": "",
            "position": "2204607",
            "replay": "replay"
        },
        {
            "change_type": "",
            "gameTime": "2 - 37:06",
            "label": "",
            "position": "2226059",
            "replay": "real-time"
        },
        {
            "change_type": "",
            "gameTime": "2 - 37:13",
            "label": "",
            "link": "",
            "position": "2233216",
            "replay": "replay"
        },
        {
            "change_type": "",
            "gameTime": "2 - 37:21",
            "label": "",
            "link": "",
            "position": "2241386",
            "replay": "replay"
        },
        {
            "change_type": "",
            "gameTime": "2 - 37:30",
            "label": "",
            "link": "",
            "position": "2250328",
            "replay": "replay"
        },
        {
            "change_type": "",
            "gameTime": "2 - 38:56",
            "label": "",
            "position": "2336417",
            "replay": "real-time"
        },
        {
            "change_type": "",
            "gameTime": "2 - 39:03",
            "label": "",
            "link": "",
            "position": "2343737",
            "replay": "replay"
        },
        {
            "change_type": "",
            "gameTime": "2 - 40:25",
            "label": "",
            "position": "2425543",
            "replay": "real-time"
        },
        {
            "change_type": "",
            "gameTime": "2 - 40:33",
            "label": "",
            "link": "",
            "position": "2433540",
            "replay": "replay"
        },
        {
            "change_type": "",
            "gameTime": "2 - 42:09",
            "label": "",
            "position": "2529958",
            "replay": "real-time"
        },
        {
            "change_type": "",
            "gameTime": "2 - 42:17",
            "label": "",
            "position": "2537420",
            "replay": "other"
        },
        {
            "change_type": "",
            "gameTime": "2 - 46:27",
            "label": "",
            "position": "2787958",
            "replay": "real-time"
        },
        {
            "change_type": "",
            "gameTime": "2 - 46:37",
            "label": "",
            "link": "",
            "position": "2797607",
            "replay": "replay"
        },
        {
            "change_type": "",
            "gameTime": "2 - 46:44",
            "label": "",
            "link": "",
            "position": "2804592",
            "replay": "replay"
        },
        {
            "change_type": "",
            "gameTime": "2 - 46:55",
            "label": "",
            "link": "",
            "position": "2815170",
            "replay": "replay"
        },
        {
            "change_type": "",
            "gameTime": "2 - 47:01",
            "label": "",
            "position": "2821295",
            "replay": "other"
        },
        {
            "change_type": "",
            "gameTime": "2 - 48:43",
            "label": "",
            "position": "2923860",
            "replay": "real-time"
        },
        {
            "change_type": "",
            "gameTime": "2 - 48:52",
            "label": "",
            "link": "",
            "position": "2932960",
            "replay": "replay"
        }
    ],
    "gameAwayTeam": "Arsenal",
    "gameDate": "2017-01-03 - 18-00",
    "gameHomeTeam": "Bournemouth",
    "gameScore": "3 - 3"
}