{
    "UrlLocal": "germany_bundesliga/2016-2017/2016-11-05 - 17-30 Hamburger SV 2 - 5 Dortmund",
    "predictions": [
        {
            "gameTime": "1 - 30:34",
            "label": "subs",
            "position": "1834000",
            "half": "1",
            "confidence": "0.9635742902755737"
        },
        {
            "gameTime": "1 - 30:44",
            "label": "subs",
            "position": "1844000",
            "half": "1",
            "confidence": "0.8142734169960022"
        },
        {
            "gameTime": "1 - 23:31",
            "label": "subs",
            "position": "1411000",
            "half": "1",
            "confidence": "0.7915159463882446"
        },
        {
            "gameTime": "1 - 30:23",
            "label": "subs",
            "position": "1823500",
            "half": "1",
            "confidence": "0.5152772665023804"
        },
        {
            "gameTime": "1 - 3:9",
            "label": "soccer",
            "position": "189500",
            "half": "1",
            "confidence": "0.9945787191390991"
        },
        {
            "gameTime": "1 - 22:24",
            "label": "soccer",
            "position": "1344000",
            "half": "1",
            "confidence": "0.9913309812545776"
        },
        {
            "gameTime": "1 - 15:22",
            "label": "soccer",
            "position": "922500",
            "half": "1",
            "confidence": "0.883899986743927"
        },
        {
            "gameTime": "1 - 27:0",
            "label": "soccer",
            "position": "1620000",
            "half": "1",
            "confidence": "0.8792486190795898"
        },
        {
            "gameTime": "1 - 22:34",
            "label": "soccer",
            "position": "1354000",
            "half": "1",
            "confidence": "0.8076409697532654"
        },
        {
            "gameTime": "1 - 26:20",
            "label": "soccer",
            "position": "1580000",
            "half": "1",
            "confidence": "0.6438221335411072"
        },
        {
            "gameTime": "1 - 2:59",
            "label": "soccer",
            "position": "179000",
            "half": "1",
            "confidence": "0.6033086180686951"
        },
        {
            "gameTime": "1 - 17:40",
            "label": "soccer",
            "position": "1060500",
            "half": "1",
            "confidence": "0.5351319313049316"
        },
        {
            "gameTime": "1 - 10:29",
            "label": "soccer",
            "position": "629000",
            "half": "1",
            "confidence": "0.5111891627311707"
        },
        {
            "gameTime": "2 - 22:30",
            "label": "card",
            "position": "1350000",
            "half": "2",
            "confidence": "0.7966511845588684"
        },
        {
            "gameTime": "2 - 22:16",
            "label": "card",
            "position": "1336500",
            "half": "2",
            "confidence": "0.7079197764396667"
        },
        {
            "gameTime": "2 - 29:41",
            "label": "card",
            "position": "1781000",
            "half": "2",
            "confidence": "0.5012938976287842"
        },
        {
            "gameTime": "2 - 6:40",
            "label": "subs",
            "position": "400000",
            "half": "2",
            "confidence": "0.9802143573760986"
        },
        {
            "gameTime": "2 - 24:2",
            "label": "subs",
            "position": "1442000",
            "half": "2",
            "confidence": "0.9577349424362183"
        },
        {
            "gameTime": "2 - 6:50",
            "label": "subs",
            "position": "410000",
            "half": "2",
            "confidence": "0.9101904034614563"
        },
        {
            "gameTime": "2 - 23:1",
            "label": "subs",
            "position": "1381000",
            "half": "2",
            "confidence": "0.6220570206642151"
        },
        {
            "gameTime": "2 - 23:51",
            "label": "subs",
            "position": "1431500",
            "half": "2",
            "confidence": "0.5898575782775879"
        },
        {
            "gameTime": "2 - 6:29",
            "label": "subs",
            "position": "389500",
            "half": "2",
            "confidence": "0.5713651776313782"
        },
        {
            "gameTime": "2 - 35:33",
            "label": "subs",
            "position": "2133000",
            "half": "2",
            "confidence": "0.5398477911949158"
        },
        {
            "gameTime": "2 - 2:50",
            "label": "soccer",
            "position": "170500",
            "half": "2",
            "confidence": "0.9847007989883423"
        },
        {
            "gameTime": "2 - 9:40",
            "label": "soccer",
            "position": "580500",
            "half": "2",
            "confidence": "0.9771589040756226"
        },
        {
            "gameTime": "2 - 30:56",
            "label": "soccer",
            "position": "1856000",
            "half": "2",
            "confidence": "0.9765839576721191"
        },
        {
            "gameTime": "2 - 2:40",
            "label": "soccer",
            "position": "160000",
            "half": "2",
            "confidence": "0.9745775461196899"
        },
        {
            "gameTime": "2 - 9:50",
            "label": "soccer",
            "position": "590500",
            "half": "2",
            "confidence": "0.848369836807251"
        },
        {
            "gameTime": "2 - 0:50",
            "label": "soccer",
            "position": "50000",
            "half": "2",
            "confidence": "0.6627787351608276"
        },
        {
            "gameTime": "2 - 14:15",
            "label": "soccer",
            "position": "855500",
            "half": "2",
            "confidence": "0.5442584156990051"
        },
        {
            "gameTime": "2 - 4:15",
            "label": "soccer",
            "position": "255500",
            "half": "2",
            "confidence": "0.5358031988143921"
        }
    ]
}