{
    "UrlLocal": "england_epl/2016-2017/2017-04-30 - 18-00 Tottenham 2 - 0 Arsenal",
    "UrlYoutube": "",
    "annotations": [
        {
            "change_type": "",
            "gameTime": "1 - 00:38",
            "label": "",
            "position": "38173",
            "replay": "real-time"
        },
        {
            "change_type": "",
            "gameTime": "1 - 00:48",
            "label": "",
            "link": "",
            "position": "48359",
            "replay": "replay"
        },
        {
            "change_type": "",
            "gameTime": "1 - 00:56",
            "label": "",
            "link": "",
            "position": "56465",
            "replay": "replay"
        },
        {
            "change_type": "",
            "gameTime": "1 - 05:10",
            "label": "",
            "position": "310384",
            "replay": "real-time"
        },
        {
            "change_type": "",
            "gameTime": "1 - 05:17",
            "label": "",
            "link": "",
            "position": "317397",
            "replay": "replay"
        },
        {
            "change_type": "",
            "gameTime": "1 - 06:06",
            "label": "",
            "position": "366459",
            "replay": "real-time"
        },
        {
            "change_type": "",
            "gameTime": "1 - 06:12",
            "label": "",
            "link": "",
            "position": "372877",
            "replay": "replay"
        },
        {
            "change_type": "",
            "gameTime": "1 - 06:19",
            "label": "",
            "link": "",
            "position": "379799",
            "replay": "replay"
        },
        {
            "change_type": "",
            "gameTime": "1 - 10:59",
            "label": "",
            "position": "659077",
            "replay": "real-time"
        },
        {
            "change_type": "",
            "gameTime": "1 - 11:08",
            "label": "",
            "position": "668056",
            "replay": "other"
        },
        {
            "change_type": "",
            "gameTime": "1 - 17:03",
            "label": "",
            "position": "1023888",
            "replay": "real-time"
        },
        {
            "change_type": "",
            "gameTime": "1 - 17:17",
            "label": "",
            "link": "",
            "position": "1037401",
            "replay": "replay"
        },
        {
            "change_type": "",
            "gameTime": "1 - 17:51",
            "label": "",
            "position": "1071866",
            "replay": "real-time"
        },
        {
            "change_type": "",
            "gameTime": "1 - 18:05",
            "label": "",
            "link": "",
            "position": "1085404",
            "replay": "replay"
        },
        {
            "change_type": "",
            "gameTime": "1 - 21:58",
            "label": "",
            "position": "1318027",
            "replay": "real-time"
        },
        {
            "change_type": "",
            "gameTime": "1 - 22:14",
            "label": "",
            "link": "",
            "position": "1334096",
            "replay": "replay"
        },
        {
            "change_type": "",
            "gameTime": "1 - 22:19",
            "label": "",
            "link": "",
            "position": "1339997",
            "replay": "replay"
        },
        {
            "change_type": "",
            "gameTime": "1 - 22:28",
            "label": "",
            "link": "",
            "position": "1348663",
            "replay": "replay"
        },
        {
            "change_type": "",
            "gameTime": "1 - 22:35",
            "label": "",
            "position": "1355851",
            "replay": "other"
        },
        {
            "change_type": "",
            "gameTime": "1 - 23:24",
            "label": "",
            "position": "1404132",
            "replay": "real-time"
        },
        {
            "change_type": "",
            "gameTime": "1 - 23:31",
            "label": "",
            "link": "",
            "position": "1411082",
            "replay": "replay"
        },
        {
            "change_type": "",
            "gameTime": "1 - 24:57",
            "label": "",
            "position": "1497115",
            "replay": "real-time"
        },
        {
            "change_type": "",
            "gameTime": "1 - 25:12",
            "label": "",
            "link": "",
            "position": "1512409",
            "replay": "replay"
        },
        {
            "change_type": "",
            "gameTime": "1 - 25:20",
            "label": "",
            "link": "",
            "position": "1520496",
            "replay": "replay"
        },
        {
            "change_type": "",
            "gameTime": "1 - 25:25",
            "label": "",
            "link": "",
            "position": "1525768",
            "replay": "replay"
        },
        {
            "change_type": "",
            "gameTime": "1 - 25:31",
            "label": "",
            "position": "1531388",
            "replay": "other"
        },
        {
            "change_type": "",
            "gameTime": "1 - 29:40",
            "label": "",
            "position": "1780961",
            "replay": "real-time"
        },
        {
            "change_type": "",
            "gameTime": "1 - 29:52",
            "label": "",
            "link": "",
            "position": "1792061",
            "replay": "replay"
        },
        {
            "change_type": "",
            "gameTime": "1 - 31:16",
            "label": "",
            "position": "1876593",
            "replay": "real-time"
        },
        {
            "change_type": "",
            "gameTime": "1 - 31:22",
            "label": "",
            "link": "",
            "position": "1882356",
            "replay": "replay"
        },
        {
            "change_type": "",
            "gameTime": "1 - 31:26",
            "label": "",
            "position": "1886290",
            "replay": "other"
        },
        {
            "change_type": "",
            "gameTime": "1 - 31:35",
            "label": "",
            "link": "",
            "position": "1895611",
            "replay": "replay"
        },
        {
            "change_type": "",
            "gameTime": "1 - 31:40",
            "label": "",
            "position": "1900329",
            "replay": "other"
        },
        {
            "change_type": "",
            "gameTime": "1 - 33:53",
            "label": "",
            "position": "2033313",
            "replay": "real-time"
        },
        {
            "change_type": "",
            "gameTime": "1 - 34:00",
            "label": "",
            "link": "",
            "position": "2040868",
            "replay": "replay"
        },
        {
            "change_type": "",
            "gameTime": "1 - 34:10",
            "label": "",
            "link": "",
            "position": "2050531",
            "replay": "replay"
        },
        {
            "change_type": "",
            "gameTime": "1 - 37:57",
            "label": "",
            "position": "2277996",
            "replay": "real-time"
        },
        {
            "change_type": "",
            "gameTime": "1 - 38:06",
            "label": "",
            "link": "",
            "position": "2286313",
            "replay": "replay"
        },
        {
            "change_type": "",
            "gameTime": "1 - 38:58",
            "label": "",
            "position": "2338034",
            "replay": "real-time"
        },
        {
            "change_type": "",
            "gameTime": "1 - 39:09",
            "label": "",
            "link": "",
            "position": "2349896",
            "replay": "replay"
        },
        {
            "change_type": "",
            "gameTime": "1 - 39:48",
            "label": "",
            "position": "2388651",
            "replay": "real-time"
        },
        {
            "change_type": "",
            "gameTime": "1 - 39:56",
            "label": "",
            "link": "",
            "position": "2396261",
            "replay": "replay"
        },
        {
            "change_type": "",
            "gameTime": "1 - 42:46",
            "label": "",
            "position": "2566945",
            "replay": "real-time"
        },
        {
            "change_type": "",
            "gameTime": "1 - 42:55",
            "label": "",
            "link": "",
            "position": "2575961",
            "replay": "replay"
        },
        {
            "change_type": "",
            "gameTime": "1 - 43:26",
            "label": "",
            "position": "2606589",
            "replay": "real-time"
        },
        {
            "change_type": "",
            "gameTime": "1 - 43:37",
            "label": "",
            "link": "",
            "position": "2617684",
            "replay": "replay"
        },
        {
            "change_type": "",
            "gameTime": "1 - 45:32",
            "label": "",
            "position": "2732697",
            "replay": "real-time"
        },
        {
            "change_type": "",
            "gameTime": "1 - 45:40",
            "label": "",
            "link": "",
            "position": "2740852",
            "replay": "replay"
        },
        {
            "change_type": "",
            "gameTime": "1 - 46:09",
            "label": "",
            "position": "2769209",
            "replay": "real-time"
        },
        {
            "change_type": "",
            "gameTime": "1 - 46:16",
            "label": "",
            "link": "",
            "position": "2776841",
            "replay": "replay"
        },
        {
            "change_type": "",
            "gameTime": "1 - 46:46",
            "label": "",
            "position": "2806169",
            "replay": "real-time"
        },
        {
            "change_type": "",
            "gameTime": "1 - 46:58",
            "label": "",
            "link": "",
            "position": "2818332",
            "replay": "replay"
        },
        {
            "change_type": "",
            "gameTime": "2 - 03:03",
            "label": "",
            "position": "183648",
            "replay": "real-time"
        },
        {
            "change_type": "",
            "gameTime": "2 - 03:13",
            "label": "",
            "link": "",
            "position": "193785",
            "replay": "replay"
        },
        {
            "change_type": "",
            "gameTime": "2 - 03:19",
            "label": "",
            "link": "",
            "position": "199067",
            "replay": "replay"
        },
        {
            "change_type": "",
            "gameTime": "2 - 03:30",
            "label": "",
            "position": "210331",
            "replay": "real-time"
        },
        {
            "change_type": "",
            "gameTime": "2 - 03:38",
            "label": "",
            "link": "",
            "position": "218817",
            "replay": "replay"
        },
        {
            "change_type": "",
            "gameTime": "2 - 03:42",
            "label": "",
            "link": "",
            "position": "222696",
            "replay": "replay"
        },
        {
            "change_type": "",
            "gameTime": "2 - 05:38",
            "label": "",
            "position": "338016",
            "replay": "real-time"
        },
        {
            "change_type": "",
            "gameTime": "2 - 05:48",
            "label": "",
            "link": "",
            "position": "348621",
            "replay": "replay"
        },
        {
            "change_type": "",
            "gameTime": "2 - 06:41",
            "label": "",
            "position": "401851",
            "replay": "real-time"
        },
        {
            "change_type": "",
            "gameTime": "2 - 06:48",
            "label": "",
            "link": "",
            "position": "408312",
            "replay": "replay"
        },
        {
            "change_type": "",
            "gameTime": "2 - 06:55",
            "label": "",
            "link": "",
            "position": "415530",
            "replay": "replay"
        },
        {
            "change_type": "",
            "gameTime": "2 - 10:21",
            "label": "",
            "position": "621204",
            "replay": "real-time"
        },
        {
            "change_type": "",
            "gameTime": "2 - 10:36",
            "label": "",
            "link": "",
            "position": "636073",
            "replay": "replay"
        },
        {
            "change_type": "",
            "gameTime": "2 - 10:45",
            "label": "",
            "link": "",
            "position": "645147",
            "replay": "replay"
        },
        {
            "change_type": "",
            "gameTime": "2 - 10:54",
            "label": "",
            "link": "",
            "position": "654128",
            "replay": "replay"
        },
        {
            "change_type": "",
            "gameTime": "2 - 11:01",
            "label": "",
            "position": "661011",
            "replay": "other"
        },
        {
            "change_type": "",
            "gameTime": "2 - 11:06",
            "label": "",
            "position": "666424",
            "replay": "other"
        },
        {
            "change_type": "",
            "gameTime": "2 - 11:30",
            "label": "",
            "position": "690995",
            "replay": "real-time"
        },
        {
            "change_type": "",
            "gameTime": "2 - 11:38",
            "label": "",
            "link": "",
            "position": "698545",
            "replay": "replay"
        },
        {
            "change_type": "",
            "gameTime": "2 - 11:44",
            "label": "",
            "link": "",
            "position": "704011",
            "replay": "replay"
        },
        {
            "change_type": "",
            "gameTime": "2 - 11:51",
            "label": "",
            "link": "",
            "position": "711069",
            "replay": "replay"
        },
        {
            "change_type": "",
            "gameTime": "2 - 12:50",
            "label": "",
            "position": "770069",
            "replay": "real-time"
        },
        {
            "change_type": "",
            "gameTime": "2 - 12:54",
            "label": "",
            "link": "",
            "position": "774071",
            "replay": "replay"
        },
        {
            "change_type": "",
            "gameTime": "2 - 12:59",
            "label": "",
            "link": "",
            "position": "779459",
            "replay": "replay"
        },
        {
            "change_type": "",
            "gameTime": "2 - 13:04",
            "label": "",
            "position": "784841",
            "replay": "other"
        },
        {
            "change_type": "",
            "gameTime": "2 - 13:10",
            "label": "",
            "position": "790184",
            "replay": "other"
        },
        {
            "change_type": "",
            "gameTime": "2 - 14:43",
            "label": "",
            "position": "883876",
            "replay": "real-time"
        },
        {
            "change_type": "",
            "gameTime": "2 - 14:51",
            "label": "",
            "link": "",
            "position": "891447",
            "replay": "replay"
        },
        {
            "change_type": "",
            "gameTime": "2 - 17:21",
            "label": "",
            "position": "1041870",
            "replay": "real-time"
        },
        {
            "change_type": "",
            "gameTime": "2 - 17:30",
            "label": "",
            "link": "",
            "position": "1050846",
            "replay": "replay"
        },
        {
            "change_type": "",
            "gameTime": "2 - 17:38",
            "label": "",
            "link": "",
            "position": "1058754",
            "replay": "replay"
        },
        {
            "change_type": "",
            "gameTime": "2 - 18:20",
            "label": "",
            "position": "1100759",
            "replay": "real-time"
        },
        {
            "change_type": "",
            "gameTime": "2 - 18:44",
            "label": "",
            "link": "",
            "position": "1124563",
            "replay": "replay"
        },
        {
            "change_type": "",
            "gameTime": "2 - 21:33",
            "label": "",
            "position": "1293570",
            "replay": "real-time"
        },
        {
            "change_type": "",
            "gameTime": "2 - 21:43",
            "label": "",
            "link": "",
            "position": "1303525",
            "replay": "replay"
        },
        {
            "change_type": "",
            "gameTime": "2 - 22:08",
            "label": "",
            "position": "1328629",
            "replay": "real-time"
        },
        {
            "change_type": "",
            "gameTime": "2 - 22:16",
            "label": "",
            "link": "",
            "position": "1336256",
            "replay": "replay"
        },
        {
            "change_type": "",
            "gameTime": "2 - 22:23",
            "label": "",
            "link": "",
            "position": "1343109",
            "replay": "replay"
        },
        {
            "change_type": "",
            "gameTime": "2 - 23:05",
            "label": "",
            "position": "1385856",
            "replay": "real-time"
        },
        {
            "change_type": "",
            "gameTime": "2 - 23:12",
            "label": "",
            "link": "",
            "position": "1392450",
            "replay": "replay"
        },
        {
            "change_type": "",
            "gameTime": "2 - 23:19",
            "label": "",
            "position": "1399576",
            "replay": "other"
        },
        {
            "change_type": "",
            "gameTime": "2 - 23:26",
            "label": "",
            "link": "",
            "position": "1406928",
            "replay": "replay"
        },
        {
            "change_type": "",
            "gameTime": "2 - 23:33",
            "label": "",
            "link": "",
            "position": "1413924",
            "replay": "replay"
        },
        {
            "change_type": "",
            "gameTime": "2 - 24:56",
            "label": "",
            "position": "1496207",
            "replay": "real-time"
        },
        {
            "change_type": "",
            "gameTime": "2 - 25:02",
            "label": "",
            "position": "1502761",
            "replay": "other"
        },
        {
            "change_type": "",
            "gameTime": "2 - 25:12",
            "label": "",
            "link": "",
            "position": "1512334",
            "replay": "replay"
        },
        {
            "change_type": "",
            "gameTime": "2 - 25:38",
            "label": "",
            "position": "1538652",
            "replay": "real-time"
        },
        {
            "change_type": "",
            "gameTime": "2 - 25:58",
            "label": "",
            "link": "",
            "position": "1558940",
            "replay": "replay"
        },
        {
            "change_type": "",
            "gameTime": "2 - 26:19",
            "label": "",
            "position": "1579458",
            "replay": "real-time"
        },
        {
            "change_type": "",
            "gameTime": "2 - 26:26",
            "label": "",
            "link": "",
            "position": "1586767",
            "replay": "replay"
        },
        {
            "change_type": "",
            "gameTime": "2 - 27:31",
            "label": "",
            "position": "1651163",
            "replay": "real-time"
        },
        {
            "change_type": "",
            "gameTime": "2 - 27:39",
            "label": "",
            "link": "",
            "position": "1659091",
            "replay": "replay"
        },
        {
            "change_type": "",
            "gameTime": "2 - 29:25",
            "label": "",
            "position": "1765669",
            "replay": "real-time"
        },
        {
            "change_type": "",
            "gameTime": "2 - 29:36",
            "label": "",
            "position": "1776879",
            "replay": "other"
        },
        {
            "change_type": "",
            "gameTime": "2 - 30:27",
            "label": "",
            "position": "1827796",
            "replay": "real-time"
        },
        {
            "change_type": "",
            "gameTime": "2 - 30:34",
            "label": "",
            "link": "",
            "position": "1834032",
            "replay": "replay"
        },
        {
            "change_type": "",
            "gameTime": "2 - 30:41",
            "label": "",
            "link": "",
            "position": "1841376",
            "replay": "replay"
        },
        {
            "change_type": "",
            "gameTime": "2 - 31:50",
            "label": "",
            "position": "1910502",
            "replay": "real-time"
        },
        {
            "change_type": "",
            "gameTime": "2 - 32:03",
            "label": "",
            "link": "",
            "position": "1923476",
            "replay": "replay"
        },
        {
            "change_type": "",
            "gameTime": "2 - 32:08",
            "label": "",
            "link": "",
            "position": "1928808",
            "replay": "replay"
        },
        {
            "change_type": "",
            "gameTime": "2 - 32:58",
            "label": "",
            "position": "1978072",
            "replay": "real-time"
        },
        {
            "change_type": "",
            "gameTime": "2 - 33:04",
            "label": "",
            "link": "",
            "position": "1984076",
            "replay": "replay"
        },
        {
            "change_type": "",
            "gameTime": "2 - 33:10",
            "label": "",
            "link": "",
            "position": "1990083",
            "replay": "replay"
        },
        {
            "change_type": "",
            "gameTime": "2 - 40:28",
            "label": "",
            "position": "2428595",
            "replay": "real-time"
        },
        {
            "change_type": "",
            "gameTime": "2 - 40:38",
            "label": "",
            "link": "",
            "position": "2438036",
            "replay": "replay"
        }
    ],
    "gameAwayTeam": "Arsenal",
    "gameDate": "2017-04-30 - 18-00",
    "gameHomeTeam": "Tottenham",
    "gameScore": "2 - 0"
}