{
    "UrlLocal": "france_ligue-1/2016-2017/2016-12-04 - 18-00 Nice 3 - 0 Toulouse",
    "predictions": [
        {
            "gameTime": "1 - 30:8",
            "label": "card",
            "position": "1808000",
            "half": "1",
            "confidence": "0.8087261319160461"
        },
        {
            "gameTime": "1 - 45:14",
            "label": "subs",
            "position": "2714000",
            "half": "1",
            "confidence": "0.5213258266448975"
        },
        {
            "gameTime": "1 - 22:50",
            "label": "soccer",
            "position": "1370000",
            "half": "1",
            "confidence": "0.9204825758934021"
        },
        {
            "gameTime": "2 - 25:47",
            "label": "card",
            "position": "1547000",
            "half": "2",
            "confidence": "0.9814343452453613"
        },
        {
            "gameTime": "2 - 25:57",
            "label": "card",
            "position": "1557000",
            "half": "2",
            "confidence": "0.9694449305534363"
        },
        {
            "gameTime": "2 - 33:54",
            "label": "subs",
            "position": "2034500",
            "half": "2",
            "confidence": "0.966371476650238"
        },
        {
            "gameTime": "2 - 10:26",
            "label": "subs",
            "position": "626000",
            "half": "2",
            "confidence": "0.9515277743339539"
        },
        {
            "gameTime": "2 - 10:36",
            "label": "subs",
            "position": "636000",
            "half": "2",
            "confidence": "0.9320003390312195"
        },
        {
            "gameTime": "2 - 31:41",
            "label": "subs",
            "position": "1901000",
            "half": "2",
            "confidence": "0.856053352355957"
        },
        {
            "gameTime": "2 - 31:28",
            "label": "subs",
            "position": "1888000",
            "half": "2",
            "confidence": "0.7622068524360657"
        },
        {
            "gameTime": "2 - 34:4",
            "label": "subs",
            "position": "2044500",
            "half": "2",
            "confidence": "0.7526130676269531"
        },
        {
            "gameTime": "2 - 8:20",
            "label": "subs",
            "position": "500000",
            "half": "2",
            "confidence": "0.724134087562561"
        },
        {
            "gameTime": "2 - 31:17",
            "label": "subs",
            "position": "1877500",
            "half": "2",
            "confidence": "0.7097428441047668"
        },
        {
            "gameTime": "2 - 33:44",
            "label": "subs",
            "position": "2024000",
            "half": "2",
            "confidence": "0.7097290754318237"
        }
    ]
}