{
    "UrlLocal": "europe_uefa-champions-league/2016-2017/2016-11-01 - 22-45 Manchester City 3 - 1 Barcelona",
    "predictions": [
        {
            "gameTime": "1 - 0:10",
            "label": "Kick-off",
            "position": "10000",
            "half": "1",
            "confidence": "0.9988101720809937"
        },
        {
            "gameTime": "1 - 20:48",
            "label": "Goal",
            "position": "1248500",
            "half": "1",
            "confidence": "0.9972313046455383"
        },
        {
            "gameTime": "1 - 20:38",
            "label": "Goal",
            "position": "1238000",
            "half": "1",
            "confidence": "0.936250627040863"
        },
        {
            "gameTime": "1 - 38:57",
            "label": "Goal",
            "position": "2337000",
            "half": "1",
            "confidence": "0.6625295877456665"
        },
        {
            "gameTime": "1 - 2:22",
            "label": "Offside",
            "position": "142000",
            "half": "1",
            "confidence": "0.9485651254653931"
        },
        {
            "gameTime": "1 - 2:11",
            "label": "Offside",
            "position": "131500",
            "half": "1",
            "confidence": "0.7627241015434265"
        },
        {
            "gameTime": "1 - 20:42",
            "label": "Shots on target",
            "position": "1242500",
            "half": "1",
            "confidence": "0.9773664474487305"
        },
        {
            "gameTime": "1 - 20:31",
            "label": "Shots on target",
            "position": "1231500",
            "half": "1",
            "confidence": "0.8530350923538208"
        },
        {
            "gameTime": "1 - 40:45",
            "label": "Shots on target",
            "position": "2445500",
            "half": "1",
            "confidence": "0.6266649961471558"
        },
        {
            "gameTime": "1 - 20:21",
            "label": "Shots on target",
            "position": "1221000",
            "half": "1",
            "confidence": "0.576560378074646"
        },
        {
            "gameTime": "1 - 40:57",
            "label": "Shots on target",
            "position": "2457500",
            "half": "1",
            "confidence": "0.5743931531906128"
        },
        {
            "gameTime": "1 - 27:20",
            "label": "Shots on target",
            "position": "1640500",
            "half": "1",
            "confidence": "0.5472014546394348"
        },
        {
            "gameTime": "1 - 23:30",
            "label": "Shots on target",
            "position": "1410000",
            "half": "1",
            "confidence": "0.5264843702316284"
        },
        {
            "gameTime": "1 - 40:59",
            "label": "Shots off target",
            "position": "2459000",
            "half": "1",
            "confidence": "0.6995790004730225"
        },
        {
            "gameTime": "1 - 9:45",
            "label": "Shots off target",
            "position": "585000",
            "half": "1",
            "confidence": "0.634117841720581"
        },
        {
            "gameTime": "1 - 23:31",
            "label": "Shots off target",
            "position": "1411000",
            "half": "1",
            "confidence": "0.5822317004203796"
        },
        {
            "gameTime": "1 - 35:9",
            "label": "Shots off target",
            "position": "2109500",
            "half": "1",
            "confidence": "0.5786426067352295"
        },
        {
            "gameTime": "1 - 32:6",
            "label": "Shots off target",
            "position": "1926000",
            "half": "1",
            "confidence": "0.5752115249633789"
        },
        {
            "gameTime": "1 - 26:17",
            "label": "Shots off target",
            "position": "1577500",
            "half": "1",
            "confidence": "0.536540687084198"
        },
        {
            "gameTime": "1 - 34:14",
            "label": "Shots off target",
            "position": "2054000",
            "half": "1",
            "confidence": "0.5341835618019104"
        },
        {
            "gameTime": "1 - 34:24",
            "label": "Shots off target",
            "position": "2064500",
            "half": "1",
            "confidence": "0.5022623538970947"
        },
        {
            "gameTime": "1 - 32:16",
            "label": "Clearance",
            "position": "1936500",
            "half": "1",
            "confidence": "0.7702709436416626"
        },
        {
            "gameTime": "1 - 18:12",
            "label": "Clearance",
            "position": "1092500",
            "half": "1",
            "confidence": "0.7354691624641418"
        },
        {
            "gameTime": "1 - 41:21",
            "label": "Clearance",
            "position": "2481000",
            "half": "1",
            "confidence": "0.6983837485313416"
        },
        {
            "gameTime": "1 - 18:2",
            "label": "Clearance",
            "position": "1082000",
            "half": "1",
            "confidence": "0.5577195286750793"
        },
        {
            "gameTime": "1 - 2:58",
            "label": "Clearance",
            "position": "178500",
            "half": "1",
            "confidence": "0.5457823276519775"
        },
        {
            "gameTime": "1 - 32:26",
            "label": "Clearance",
            "position": "1946500",
            "half": "1",
            "confidence": "0.5417554378509521"
        },
        {
            "gameTime": "1 - 43:3",
            "label": "Clearance",
            "position": "2583500",
            "half": "1",
            "confidence": "0.5398274064064026"
        },
        {
            "gameTime": "1 - 40:28",
            "label": "Clearance",
            "position": "2428000",
            "half": "1",
            "confidence": "0.5068711042404175"
        },
        {
            "gameTime": "1 - 22:43",
            "label": "Ball out of play",
            "position": "1363500",
            "half": "1",
            "confidence": "0.9553486704826355"
        },
        {
            "gameTime": "1 - 1:14",
            "label": "Ball out of play",
            "position": "74000",
            "half": "1",
            "confidence": "0.9532442092895508"
        },
        {
            "gameTime": "1 - 37:38",
            "label": "Ball out of play",
            "position": "2258500",
            "half": "1",
            "confidence": "0.9443493485450745"
        },
        {
            "gameTime": "1 - 36:33",
            "label": "Ball out of play",
            "position": "2193500",
            "half": "1",
            "confidence": "0.9206097722053528"
        },
        {
            "gameTime": "1 - 30:59",
            "label": "Ball out of play",
            "position": "1859000",
            "half": "1",
            "confidence": "0.9124318361282349"
        },
        {
            "gameTime": "1 - 27:35",
            "label": "Ball out of play",
            "position": "1655000",
            "half": "1",
            "confidence": "0.8787786960601807"
        },
        {
            "gameTime": "1 - 7:10",
            "label": "Ball out of play",
            "position": "430000",
            "half": "1",
            "confidence": "0.8760729432106018"
        },
        {
            "gameTime": "1 - 22:33",
            "label": "Ball out of play",
            "position": "1353000",
            "half": "1",
            "confidence": "0.8751410245895386"
        },
        {
            "gameTime": "1 - 5:40",
            "label": "Ball out of play",
            "position": "340000",
            "half": "1",
            "confidence": "0.8748965859413147"
        },
        {
            "gameTime": "1 - 37:28",
            "label": "Ball out of play",
            "position": "2248000",
            "half": "1",
            "confidence": "0.8719762563705444"
        },
        {
            "gameTime": "1 - 36:56",
            "label": "Ball out of play",
            "position": "2216500",
            "half": "1",
            "confidence": "0.863006591796875"
        },
        {
            "gameTime": "1 - 35:34",
            "label": "Ball out of play",
            "position": "2134000",
            "half": "1",
            "confidence": "0.8627995252609253"
        },
        {
            "gameTime": "1 - 27:24",
            "label": "Ball out of play",
            "position": "1644500",
            "half": "1",
            "confidence": "0.8598308563232422"
        },
        {
            "gameTime": "1 - 28:1",
            "label": "Ball out of play",
            "position": "1681000",
            "half": "1",
            "confidence": "0.859725296497345"
        },
        {
            "gameTime": "1 - 34:8",
            "label": "Ball out of play",
            "position": "2048500",
            "half": "1",
            "confidence": "0.8552526831626892"
        },
        {
            "gameTime": "1 - 36:43",
            "label": "Ball out of play",
            "position": "2203500",
            "half": "1",
            "confidence": "0.8544193506240845"
        },
        {
            "gameTime": "1 - 9:52",
            "label": "Ball out of play",
            "position": "592500",
            "half": "1",
            "confidence": "0.8433359861373901"
        },
        {
            "gameTime": "1 - 29:4",
            "label": "Ball out of play",
            "position": "1744000",
            "half": "1",
            "confidence": "0.8373497128486633"
        },
        {
            "gameTime": "1 - 31:25",
            "label": "Ball out of play",
            "position": "1885500",
            "half": "1",
            "confidence": "0.8373010754585266"
        },
        {
            "gameTime": "1 - 35:5",
            "label": "Ball out of play",
            "position": "2105500",
            "half": "1",
            "confidence": "0.8366875052452087"
        },
        {
            "gameTime": "1 - 6:1",
            "label": "Ball out of play",
            "position": "361500",
            "half": "1",
            "confidence": "0.8357104063034058"
        },
        {
            "gameTime": "1 - 31:11",
            "label": "Ball out of play",
            "position": "1871500",
            "half": "1",
            "confidence": "0.8263645172119141"
        },
        {
            "gameTime": "1 - 11:22",
            "label": "Ball out of play",
            "position": "682000",
            "half": "1",
            "confidence": "0.8246780037879944"
        },
        {
            "gameTime": "1 - 14:18",
            "label": "Ball out of play",
            "position": "858500",
            "half": "1",
            "confidence": "0.8173812627792358"
        },
        {
            "gameTime": "1 - 13:45",
            "label": "Ball out of play",
            "position": "825000",
            "half": "1",
            "confidence": "0.8099851608276367"
        },
        {
            "gameTime": "1 - 19:1",
            "label": "Ball out of play",
            "position": "1141000",
            "half": "1",
            "confidence": "0.8068040013313293"
        },
        {
            "gameTime": "1 - 32:31",
            "label": "Ball out of play",
            "position": "1951500",
            "half": "1",
            "confidence": "0.8024747371673584"
        },
        {
            "gameTime": "1 - 32:49",
            "label": "Ball out of play",
            "position": "1969000",
            "half": "1",
            "confidence": "0.7974788546562195"
        },
        {
            "gameTime": "1 - 28:16",
            "label": "Ball out of play",
            "position": "1696000",
            "half": "1",
            "confidence": "0.7931528091430664"
        },
        {
            "gameTime": "1 - 19:13",
            "label": "Ball out of play",
            "position": "1153000",
            "half": "1",
            "confidence": "0.7921286821365356"
        },
        {
            "gameTime": "1 - 37:15",
            "label": "Ball out of play",
            "position": "2235500",
            "half": "1",
            "confidence": "0.791841983795166"
        },
        {
            "gameTime": "1 - 37:49",
            "label": "Ball out of play",
            "position": "2269500",
            "half": "1",
            "confidence": "0.79156893491745"
        },
        {
            "gameTime": "1 - 32:5",
            "label": "Ball out of play",
            "position": "1925000",
            "half": "1",
            "confidence": "0.7898672819137573"
        },
        {
            "gameTime": "1 - 26:18",
            "label": "Ball out of play",
            "position": "1578000",
            "half": "1",
            "confidence": "0.7896409630775452"
        },
        {
            "gameTime": "1 - 35:16",
            "label": "Ball out of play",
            "position": "2116000",
            "half": "1",
            "confidence": "0.7864841818809509"
        },
        {
            "gameTime": "1 - 43:57",
            "label": "Ball out of play",
            "position": "2637500",
            "half": "1",
            "confidence": "0.7797071933746338"
        },
        {
            "gameTime": "1 - 7:23",
            "label": "Ball out of play",
            "position": "443500",
            "half": "1",
            "confidence": "0.7520070672035217"
        },
        {
            "gameTime": "1 - 30:47",
            "label": "Ball out of play",
            "position": "1847000",
            "half": "1",
            "confidence": "0.7488846778869629"
        },
        {
            "gameTime": "1 - 38:42",
            "label": "Ball out of play",
            "position": "2322000",
            "half": "1",
            "confidence": "0.7457311749458313"
        },
        {
            "gameTime": "1 - 1:24",
            "label": "Ball out of play",
            "position": "84000",
            "half": "1",
            "confidence": "0.7420462965965271"
        },
        {
            "gameTime": "1 - 17:56",
            "label": "Ball out of play",
            "position": "1076500",
            "half": "1",
            "confidence": "0.7416958212852478"
        },
        {
            "gameTime": "1 - 7:36",
            "label": "Ball out of play",
            "position": "456000",
            "half": "1",
            "confidence": "0.7389419078826904"
        },
        {
            "gameTime": "1 - 32:59",
            "label": "Ball out of play",
            "position": "1979500",
            "half": "1",
            "confidence": "0.7367086410522461"
        },
        {
            "gameTime": "1 - 1:0",
            "label": "Ball out of play",
            "position": "60500",
            "half": "1",
            "confidence": "0.7344005703926086"
        },
        {
            "gameTime": "1 - 40:0",
            "label": "Ball out of play",
            "position": "2400500",
            "half": "1",
            "confidence": "0.732843279838562"
        },
        {
            "gameTime": "1 - 3:4",
            "label": "Ball out of play",
            "position": "184000",
            "half": "1",
            "confidence": "0.7156692147254944"
        },
        {
            "gameTime": "1 - 4:16",
            "label": "Ball out of play",
            "position": "256000",
            "half": "1",
            "confidence": "0.7138769626617432"
        },
        {
            "gameTime": "1 - 29:52",
            "label": "Ball out of play",
            "position": "1792000",
            "half": "1",
            "confidence": "0.7118017077445984"
        },
        {
            "gameTime": "1 - 12:6",
            "label": "Ball out of play",
            "position": "726500",
            "half": "1",
            "confidence": "0.6900298595428467"
        },
        {
            "gameTime": "1 - 23:8",
            "label": "Ball out of play",
            "position": "1388500",
            "half": "1",
            "confidence": "0.6847385764122009"
        },
        {
            "gameTime": "1 - 23:23",
            "label": "Ball out of play",
            "position": "1403500",
            "half": "1",
            "confidence": "0.681575357913971"
        },
        {
            "gameTime": "1 - 4:5",
            "label": "Ball out of play",
            "position": "245500",
            "half": "1",
            "confidence": "0.6699807643890381"
        },
        {
            "gameTime": "1 - 19:27",
            "label": "Ball out of play",
            "position": "1167500",
            "half": "1",
            "confidence": "0.6634979844093323"
        },
        {
            "gameTime": "1 - 34:23",
            "label": "Ball out of play",
            "position": "2063500",
            "half": "1",
            "confidence": "0.6630315780639648"
        },
        {
            "gameTime": "1 - 40:19",
            "label": "Ball out of play",
            "position": "2419000",
            "half": "1",
            "confidence": "0.657192051410675"
        },
        {
            "gameTime": "1 - 44:33",
            "label": "Ball out of play",
            "position": "2673000",
            "half": "1",
            "confidence": "0.6563823223114014"
        },
        {
            "gameTime": "1 - 26:46",
            "label": "Ball out of play",
            "position": "1606500",
            "half": "1",
            "confidence": "0.6554563641548157"
        },
        {
            "gameTime": "1 - 6:11",
            "label": "Ball out of play",
            "position": "371500",
            "half": "1",
            "confidence": "0.6452986001968384"
        },
        {
            "gameTime": "1 - 3:14",
            "label": "Ball out of play",
            "position": "194000",
            "half": "1",
            "confidence": "0.6430706977844238"
        },
        {
            "gameTime": "1 - 43:38",
            "label": "Ball out of play",
            "position": "2618500",
            "half": "1",
            "confidence": "0.6427915096282959"
        },
        {
            "gameTime": "1 - 12:54",
            "label": "Ball out of play",
            "position": "774500",
            "half": "1",
            "confidence": "0.6237394213676453"
        },
        {
            "gameTime": "1 - 9:42",
            "label": "Ball out of play",
            "position": "582000",
            "half": "1",
            "confidence": "0.6048056483268738"
        },
        {
            "gameTime": "1 - 15:3",
            "label": "Ball out of play",
            "position": "903000",
            "half": "1",
            "confidence": "0.5883187651634216"
        },
        {
            "gameTime": "1 - 18:50",
            "label": "Ball out of play",
            "position": "1130500",
            "half": "1",
            "confidence": "0.5466960072517395"
        },
        {
            "gameTime": "1 - 15:58",
            "label": "Ball out of play",
            "position": "958000",
            "half": "1",
            "confidence": "0.545935869216919"
        },
        {
            "gameTime": "1 - 26:5",
            "label": "Ball out of play",
            "position": "1565500",
            "half": "1",
            "confidence": "0.5433099865913391"
        },
        {
            "gameTime": "1 - 40:31",
            "label": "Ball out of play",
            "position": "2431000",
            "half": "1",
            "confidence": "0.5359034538269043"
        },
        {
            "gameTime": "1 - 41:44",
            "label": "Ball out of play",
            "position": "2504500",
            "half": "1",
            "confidence": "0.5108218193054199"
        },
        {
            "gameTime": "1 - 15:29",
            "label": "Ball out of play",
            "position": "929500",
            "half": "1",
            "confidence": "0.5096251964569092"
        },
        {
            "gameTime": "1 - 31:19",
            "label": "Throw-in",
            "position": "1879500",
            "half": "1",
            "confidence": "0.9902501702308655"
        },
        {
            "gameTime": "1 - 4:17",
            "label": "Throw-in",
            "position": "257000",
            "half": "1",
            "confidence": "0.9863536357879639"
        },
        {
            "gameTime": "1 - 1:15",
            "label": "Throw-in",
            "position": "75500",
            "half": "1",
            "confidence": "0.9856289029121399"
        },
        {
            "gameTime": "1 - 28:10",
            "label": "Throw-in",
            "position": "1690500",
            "half": "1",
            "confidence": "0.9841427206993103"
        },
        {
            "gameTime": "1 - 32:48",
            "label": "Throw-in",
            "position": "1968000",
            "half": "1",
            "confidence": "0.9768184423446655"
        },
        {
            "gameTime": "1 - 4:27",
            "label": "Throw-in",
            "position": "267000",
            "half": "1",
            "confidence": "0.9701544046401978"
        },
        {
            "gameTime": "1 - 30:59",
            "label": "Throw-in",
            "position": "1859000",
            "half": "1",
            "confidence": "0.9606055617332458"
        },
        {
            "gameTime": "1 - 1:26",
            "label": "Throw-in",
            "position": "86000",
            "half": "1",
            "confidence": "0.9441863894462585"
        },
        {
            "gameTime": "1 - 32:37",
            "label": "Throw-in",
            "position": "1957500",
            "half": "1",
            "confidence": "0.923448920249939"
        },
        {
            "gameTime": "1 - 31:9",
            "label": "Throw-in",
            "position": "1869000",
            "half": "1",
            "confidence": "0.9189056754112244"
        },
        {
            "gameTime": "1 - 36:42",
            "label": "Throw-in",
            "position": "2202500",
            "half": "1",
            "confidence": "0.9143766760826111"
        },
        {
            "gameTime": "1 - 30:42",
            "label": "Throw-in",
            "position": "1842500",
            "half": "1",
            "confidence": "0.8963611125946045"
        },
        {
            "gameTime": "1 - 36:31",
            "label": "Throw-in",
            "position": "2191500",
            "half": "1",
            "confidence": "0.8893208503723145"
        },
        {
            "gameTime": "1 - 29:52",
            "label": "Throw-in",
            "position": "1792000",
            "half": "1",
            "confidence": "0.8601541519165039"
        },
        {
            "gameTime": "1 - 28:0",
            "label": "Throw-in",
            "position": "1680000",
            "half": "1",
            "confidence": "0.8343873023986816"
        },
        {
            "gameTime": "1 - 32:58",
            "label": "Throw-in",
            "position": "1978000",
            "half": "1",
            "confidence": "0.8073562979698181"
        },
        {
            "gameTime": "1 - 11:22",
            "label": "Throw-in",
            "position": "682000",
            "half": "1",
            "confidence": "0.8061113953590393"
        },
        {
            "gameTime": "1 - 7:40",
            "label": "Throw-in",
            "position": "460000",
            "half": "1",
            "confidence": "0.789935827255249"
        },
        {
            "gameTime": "1 - 7:9",
            "label": "Throw-in",
            "position": "429000",
            "half": "1",
            "confidence": "0.7841397523880005"
        },
        {
            "gameTime": "1 - 3:3",
            "label": "Throw-in",
            "position": "183000",
            "half": "1",
            "confidence": "0.7728002667427063"
        },
        {
            "gameTime": "1 - 3:16",
            "label": "Throw-in",
            "position": "196500",
            "half": "1",
            "confidence": "0.7527428865432739"
        },
        {
            "gameTime": "1 - 39:54",
            "label": "Throw-in",
            "position": "2394000",
            "half": "1",
            "confidence": "0.7408289909362793"
        },
        {
            "gameTime": "1 - 19:1",
            "label": "Throw-in",
            "position": "1141000",
            "half": "1",
            "confidence": "0.738281786441803"
        },
        {
            "gameTime": "1 - 35:34",
            "label": "Throw-in",
            "position": "2134000",
            "half": "1",
            "confidence": "0.7240611910820007"
        },
        {
            "gameTime": "1 - 40:4",
            "label": "Throw-in",
            "position": "2404000",
            "half": "1",
            "confidence": "0.711712121963501"
        },
        {
            "gameTime": "1 - 7:24",
            "label": "Throw-in",
            "position": "444500",
            "half": "1",
            "confidence": "0.6920872926712036"
        },
        {
            "gameTime": "1 - 12:54",
            "label": "Throw-in",
            "position": "774500",
            "half": "1",
            "confidence": "0.6876112818717957"
        },
        {
            "gameTime": "1 - 41:59",
            "label": "Throw-in",
            "position": "2519000",
            "half": "1",
            "confidence": "0.6647962927818298"
        },
        {
            "gameTime": "1 - 31:29",
            "label": "Throw-in",
            "position": "1889500",
            "half": "1",
            "confidence": "0.6562601327896118"
        },
        {
            "gameTime": "1 - 29:4",
            "label": "Throw-in",
            "position": "1744500",
            "half": "1",
            "confidence": "0.6431788802146912"
        },
        {
            "gameTime": "1 - 4:6",
            "label": "Throw-in",
            "position": "246000",
            "half": "1",
            "confidence": "0.6387051343917847"
        },
        {
            "gameTime": "1 - 43:34",
            "label": "Throw-in",
            "position": "2614000",
            "half": "1",
            "confidence": "0.624933660030365"
        },
        {
            "gameTime": "1 - 23:16",
            "label": "Throw-in",
            "position": "1396000",
            "half": "1",
            "confidence": "0.6248378157615662"
        },
        {
            "gameTime": "1 - 22:34",
            "label": "Throw-in",
            "position": "1354000",
            "half": "1",
            "confidence": "0.6226620674133301"
        },
        {
            "gameTime": "1 - 14:18",
            "label": "Throw-in",
            "position": "858500",
            "half": "1",
            "confidence": "0.584115207195282"
        },
        {
            "gameTime": "1 - 15:59",
            "label": "Throw-in",
            "position": "959000",
            "half": "1",
            "confidence": "0.5757805705070496"
        },
        {
            "gameTime": "1 - 12:10",
            "label": "Throw-in",
            "position": "730000",
            "half": "1",
            "confidence": "0.5738738775253296"
        },
        {
            "gameTime": "1 - 19:13",
            "label": "Throw-in",
            "position": "1153000",
            "half": "1",
            "confidence": "0.5374093055725098"
        },
        {
            "gameTime": "1 - 41:48",
            "label": "Throw-in",
            "position": "2508000",
            "half": "1",
            "confidence": "0.5138682723045349"
        },
        {
            "gameTime": "1 - 40:25",
            "label": "Throw-in",
            "position": "2425500",
            "half": "1",
            "confidence": "0.5126696228981018"
        },
        {
            "gameTime": "1 - 1:0",
            "label": "Throw-in",
            "position": "60500",
            "half": "1",
            "confidence": "0.5064372420310974"
        },
        {
            "gameTime": "1 - 28:25",
            "label": "Foul",
            "position": "1705500",
            "half": "1",
            "confidence": "0.9468938112258911"
        },
        {
            "gameTime": "1 - 8:58",
            "label": "Foul",
            "position": "538500",
            "half": "1",
            "confidence": "0.7901437282562256"
        },
        {
            "gameTime": "1 - 10:15",
            "label": "Foul",
            "position": "615500",
            "half": "1",
            "confidence": "0.7203715443611145"
        },
        {
            "gameTime": "1 - 19:37",
            "label": "Foul",
            "position": "1177000",
            "half": "1",
            "confidence": "0.7198909521102905"
        },
        {
            "gameTime": "1 - 26:53",
            "label": "Foul",
            "position": "1613000",
            "half": "1",
            "confidence": "0.6542547345161438"
        },
        {
            "gameTime": "1 - 8:13",
            "label": "Foul",
            "position": "493500",
            "half": "1",
            "confidence": "0.6534118056297302"
        },
        {
            "gameTime": "1 - 27:6",
            "label": "Foul",
            "position": "1626000",
            "half": "1",
            "confidence": "0.6495141983032227"
        },
        {
            "gameTime": "1 - 10:26",
            "label": "Foul",
            "position": "626500",
            "half": "1",
            "confidence": "0.6304581165313721"
        },
        {
            "gameTime": "1 - 18:52",
            "label": "Foul",
            "position": "1132000",
            "half": "1",
            "confidence": "0.6148108243942261"
        },
        {
            "gameTime": "1 - 12:34",
            "label": "Foul",
            "position": "754000",
            "half": "1",
            "confidence": "0.606151819229126"
        },
        {
            "gameTime": "1 - 8:48",
            "label": "Foul",
            "position": "528000",
            "half": "1",
            "confidence": "0.5680489540100098"
        },
        {
            "gameTime": "1 - 31:31",
            "label": "Foul",
            "position": "1891000",
            "half": "1",
            "confidence": "0.567589521408081"
        },
        {
            "gameTime": "1 - 33:28",
            "label": "Foul",
            "position": "2008500",
            "half": "1",
            "confidence": "0.5283460021018982"
        },
        {
            "gameTime": "1 - 6:25",
            "label": "Foul",
            "position": "385000",
            "half": "1",
            "confidence": "0.5013184547424316"
        },
        {
            "gameTime": "1 - 7:1",
            "label": "Indirect free-kick",
            "position": "421000",
            "half": "1",
            "confidence": "0.6999034285545349"
        },
        {
            "gameTime": "1 - 34:54",
            "label": "Indirect free-kick",
            "position": "2094500",
            "half": "1",
            "confidence": "0.6537012457847595"
        },
        {
            "gameTime": "1 - 15:49",
            "label": "Indirect free-kick",
            "position": "949500",
            "half": "1",
            "confidence": "0.6509948968887329"
        },
        {
            "gameTime": "1 - 42:20",
            "label": "Indirect free-kick",
            "position": "2540500",
            "half": "1",
            "confidence": "0.6404655575752258"
        },
        {
            "gameTime": "1 - 41:30",
            "label": "Indirect free-kick",
            "position": "2490500",
            "half": "1",
            "confidence": "0.6212313175201416"
        },
        {
            "gameTime": "1 - 42:31",
            "label": "Indirect free-kick",
            "position": "2551500",
            "half": "1",
            "confidence": "0.614841103553772"
        },
        {
            "gameTime": "1 - 6:47",
            "label": "Indirect free-kick",
            "position": "407000",
            "half": "1",
            "confidence": "0.6134283542633057"
        },
        {
            "gameTime": "1 - 34:38",
            "label": "Indirect free-kick",
            "position": "2078500",
            "half": "1",
            "confidence": "0.5980089902877808"
        },
        {
            "gameTime": "1 - 16:6",
            "label": "Indirect free-kick",
            "position": "966000",
            "half": "1",
            "confidence": "0.5749850869178772"
        },
        {
            "gameTime": "1 - 8:18",
            "label": "Indirect free-kick",
            "position": "498500",
            "half": "1",
            "confidence": "0.5291560292243958"
        },
        {
            "gameTime": "1 - 8:28",
            "label": "Indirect free-kick",
            "position": "508500",
            "half": "1",
            "confidence": "0.5263108611106873"
        },
        {
            "gameTime": "1 - 43:5",
            "label": "Indirect free-kick",
            "position": "2585500",
            "half": "1",
            "confidence": "0.5106601119041443"
        },
        {
            "gameTime": "1 - 9:32",
            "label": "Direct free-kick",
            "position": "572000",
            "half": "1",
            "confidence": "0.7914826273918152"
        },
        {
            "gameTime": "1 - 31:57",
            "label": "Direct free-kick",
            "position": "1917000",
            "half": "1",
            "confidence": "0.716997504234314"
        },
        {
            "gameTime": "1 - 37:53",
            "label": "Corner",
            "position": "2273000",
            "half": "1",
            "confidence": "0.9137091040611267"
        },
        {
            "gameTime": "1 - 37:21",
            "label": "Corner",
            "position": "2241500",
            "half": "1",
            "confidence": "0.9060701131820679"
        },
        {
            "gameTime": "1 - 37:41",
            "label": "Corner",
            "position": "2261000",
            "half": "1",
            "confidence": "0.7748571634292603"
        },
        {
            "gameTime": "1 - 37:5",
            "label": "Corner",
            "position": "2225000",
            "half": "1",
            "confidence": "0.6654434204101562"
        },
        {
            "gameTime": "1 - 44:4",
            "label": "Corner",
            "position": "2644000",
            "half": "1",
            "confidence": "0.5670751333236694"
        },
        {
            "gameTime": "1 - 38:55",
            "label": "Corner",
            "position": "2335500",
            "half": "1",
            "confidence": "0.565557599067688"
        },
        {
            "gameTime": "1 - 32:9",
            "label": "Corner",
            "position": "1929500",
            "half": "1",
            "confidence": "0.5493131279945374"
        },
        {
            "gameTime": "1 - 38:3",
            "label": "Corner",
            "position": "2283000",
            "half": "1",
            "confidence": "0.5075727701187134"
        },
        {
            "gameTime": "1 - 19:33",
            "label": "Yellow card",
            "position": "1173500",
            "half": "1",
            "confidence": "0.6695214509963989"
        },
        {
            "gameTime": "1 - 28:27",
            "label": "Yellow card",
            "position": "1707000",
            "half": "1",
            "confidence": "0.6364380717277527"
        },
        {
            "gameTime": "1 - 19:45",
            "label": "Yellow card",
            "position": "1185000",
            "half": "1",
            "confidence": "0.5996283292770386"
        },
        {
            "gameTime": "1 - 10:29",
            "label": "Yellow card",
            "position": "629500",
            "half": "1",
            "confidence": "0.5543042421340942"
        },
        {
            "gameTime": "2 - 30:2",
            "label": "Kick-off",
            "position": "1802500",
            "half": "2",
            "confidence": "0.9492248892784119"
        },
        {
            "gameTime": "2 - 29:52",
            "label": "Kick-off",
            "position": "1792000",
            "half": "2",
            "confidence": "0.7974615693092346"
        },
        {
            "gameTime": "2 - 30:12",
            "label": "Kick-off",
            "position": "1812500",
            "half": "2",
            "confidence": "0.7798272371292114"
        },
        {
            "gameTime": "2 - 0:11",
            "label": "Kick-off",
            "position": "11000",
            "half": "2",
            "confidence": "0.7622500658035278"
        },
        {
            "gameTime": "2 - 6:29",
            "label": "Kick-off",
            "position": "389000",
            "half": "2",
            "confidence": "0.504685640335083"
        },
        {
            "gameTime": "2 - 5:17",
            "label": "Goal",
            "position": "317500",
            "half": "2",
            "confidence": "0.9774272441864014"
        },
        {
            "gameTime": "2 - 28:45",
            "label": "Goal",
            "position": "1725500",
            "half": "2",
            "confidence": "0.9727493524551392"
        },
        {
            "gameTime": "2 - 28:32",
            "label": "Goal",
            "position": "1712000",
            "half": "2",
            "confidence": "0.7015796899795532"
        },
        {
            "gameTime": "2 - 15:53",
            "label": "Substitution",
            "position": "953000",
            "half": "2",
            "confidence": "0.9822964072227478"
        },
        {
            "gameTime": "2 - 43:5",
            "label": "Substitution",
            "position": "2585000",
            "half": "2",
            "confidence": "0.9786791205406189"
        },
        {
            "gameTime": "2 - 14:31",
            "label": "Substitution",
            "position": "871000",
            "half": "2",
            "confidence": "0.9458875060081482"
        },
        {
            "gameTime": "2 - 43:15",
            "label": "Substitution",
            "position": "2595000",
            "half": "2",
            "confidence": "0.9204249978065491"
        },
        {
            "gameTime": "2 - 25:8",
            "label": "Substitution",
            "position": "1508500",
            "half": "2",
            "confidence": "0.845151960849762"
        },
        {
            "gameTime": "2 - 14:41",
            "label": "Substitution",
            "position": "881000",
            "half": "2",
            "confidence": "0.7639902830123901"
        },
        {
            "gameTime": "2 - 25:18",
            "label": "Substitution",
            "position": "1518500",
            "half": "2",
            "confidence": "0.6393357515335083"
        },
        {
            "gameTime": "2 - 16:4",
            "label": "Substitution",
            "position": "964000",
            "half": "2",
            "confidence": "0.5954294800758362"
        },
        {
            "gameTime": "2 - 42:42",
            "label": "Substitution",
            "position": "2562000",
            "half": "2",
            "confidence": "0.5220948457717896"
        },
        {
            "gameTime": "2 - 22:8",
            "label": "Offside",
            "position": "1328000",
            "half": "2",
            "confidence": "0.900981605052948"
        },
        {
            "gameTime": "2 - 21:57",
            "label": "Offside",
            "position": "1317500",
            "half": "2",
            "confidence": "0.8219786882400513"
        },
        {
            "gameTime": "2 - 32:18",
            "label": "Offside",
            "position": "1938000",
            "half": "2",
            "confidence": "0.6435577273368835"
        },
        {
            "gameTime": "2 - 1:14",
            "label": "Shots on target",
            "position": "74000",
            "half": "2",
            "confidence": "0.8768184185028076"
        },
        {
            "gameTime": "2 - 5:21",
            "label": "Shots on target",
            "position": "321500",
            "half": "2",
            "confidence": "0.830924391746521"
        },
        {
            "gameTime": "2 - 28:45",
            "label": "Shots on target",
            "position": "1725500",
            "half": "2",
            "confidence": "0.8034775853157043"
        },
        {
            "gameTime": "2 - 28:31",
            "label": "Shots on target",
            "position": "1711000",
            "half": "2",
            "confidence": "0.6939507126808167"
        },
        {
            "gameTime": "2 - 1:27",
            "label": "Shots on target",
            "position": "87500",
            "half": "2",
            "confidence": "0.6678361892700195"
        },
        {
            "gameTime": "2 - 5:10",
            "label": "Shots on target",
            "position": "310500",
            "half": "2",
            "confidence": "0.6575691103935242"
        },
        {
            "gameTime": "2 - 21:31",
            "label": "Shots on target",
            "position": "1291500",
            "half": "2",
            "confidence": "0.6091577410697937"
        },
        {
            "gameTime": "2 - 20:1",
            "label": "Shots on target",
            "position": "1201500",
            "half": "2",
            "confidence": "0.5286186337471008"
        },
        {
            "gameTime": "2 - 10:3",
            "label": "Shots off target",
            "position": "603000",
            "half": "2",
            "confidence": "0.7694595456123352"
        },
        {
            "gameTime": "2 - 1:21",
            "label": "Shots off target",
            "position": "81000",
            "half": "2",
            "confidence": "0.6354276537895203"
        },
        {
            "gameTime": "2 - 1:41",
            "label": "Clearance",
            "position": "101000",
            "half": "2",
            "confidence": "0.8524978756904602"
        },
        {
            "gameTime": "2 - 41:12",
            "label": "Clearance",
            "position": "2472000",
            "half": "2",
            "confidence": "0.5922555327415466"
        },
        {
            "gameTime": "2 - 6:21",
            "label": "Clearance",
            "position": "381000",
            "half": "2",
            "confidence": "0.5896362662315369"
        },
        {
            "gameTime": "2 - 11:41",
            "label": "Clearance",
            "position": "701500",
            "half": "2",
            "confidence": "0.556485652923584"
        },
        {
            "gameTime": "2 - 38:21",
            "label": "Ball out of play",
            "position": "2301000",
            "half": "2",
            "confidence": "0.9620444178581238"
        },
        {
            "gameTime": "2 - 42:36",
            "label": "Ball out of play",
            "position": "2556000",
            "half": "2",
            "confidence": "0.9508829712867737"
        },
        {
            "gameTime": "2 - 1:21",
            "label": "Ball out of play",
            "position": "81000",
            "half": "2",
            "confidence": "0.9130301475524902"
        },
        {
            "gameTime": "2 - 7:22",
            "label": "Ball out of play",
            "position": "442000",
            "half": "2",
            "confidence": "0.9095820784568787"
        },
        {
            "gameTime": "2 - 27:23",
            "label": "Ball out of play",
            "position": "1643500",
            "half": "2",
            "confidence": "0.9017305374145508"
        },
        {
            "gameTime": "2 - 43:24",
            "label": "Ball out of play",
            "position": "2604500",
            "half": "2",
            "confidence": "0.8825949430465698"
        },
        {
            "gameTime": "2 - 42:25",
            "label": "Ball out of play",
            "position": "2545500",
            "half": "2",
            "confidence": "0.8777196407318115"
        },
        {
            "gameTime": "2 - 13:23",
            "label": "Ball out of play",
            "position": "803000",
            "half": "2",
            "confidence": "0.8680431842803955"
        },
        {
            "gameTime": "2 - 2:11",
            "label": "Ball out of play",
            "position": "131500",
            "half": "2",
            "confidence": "0.8600873351097107"
        },
        {
            "gameTime": "2 - 26:0",
            "label": "Ball out of play",
            "position": "1560500",
            "half": "2",
            "confidence": "0.8492525815963745"
        },
        {
            "gameTime": "2 - 12:53",
            "label": "Ball out of play",
            "position": "773500",
            "half": "2",
            "confidence": "0.8467006683349609"
        },
        {
            "gameTime": "2 - 27:35",
            "label": "Ball out of play",
            "position": "1655000",
            "half": "2",
            "confidence": "0.8443195223808289"
        },
        {
            "gameTime": "2 - 1:31",
            "label": "Ball out of play",
            "position": "91000",
            "half": "2",
            "confidence": "0.8258280754089355"
        },
        {
            "gameTime": "2 - 32:4",
            "label": "Ball out of play",
            "position": "1924500",
            "half": "2",
            "confidence": "0.8200869560241699"
        },
        {
            "gameTime": "2 - 37:37",
            "label": "Ball out of play",
            "position": "2257500",
            "half": "2",
            "confidence": "0.8107540011405945"
        },
        {
            "gameTime": "2 - 37:12",
            "label": "Ball out of play",
            "position": "2232500",
            "half": "2",
            "confidence": "0.7927485704421997"
        },
        {
            "gameTime": "2 - 7:48",
            "label": "Ball out of play",
            "position": "468500",
            "half": "2",
            "confidence": "0.7820107936859131"
        },
        {
            "gameTime": "2 - 7:33",
            "label": "Ball out of play",
            "position": "453000",
            "half": "2",
            "confidence": "0.7784180641174316"
        },
        {
            "gameTime": "2 - 21:35",
            "label": "Ball out of play",
            "position": "1295000",
            "half": "2",
            "confidence": "0.774721086025238"
        },
        {
            "gameTime": "2 - 13:33",
            "label": "Ball out of play",
            "position": "813500",
            "half": "2",
            "confidence": "0.7742116451263428"
        },
        {
            "gameTime": "2 - 38:31",
            "label": "Ball out of play",
            "position": "2311000",
            "half": "2",
            "confidence": "0.7567903399467468"
        },
        {
            "gameTime": "2 - 10:46",
            "label": "Ball out of play",
            "position": "646000",
            "half": "2",
            "confidence": "0.7506720423698425"
        },
        {
            "gameTime": "2 - 10:1",
            "label": "Ball out of play",
            "position": "601500",
            "half": "2",
            "confidence": "0.7390584945678711"
        },
        {
            "gameTime": "2 - 13:7",
            "label": "Ball out of play",
            "position": "787500",
            "half": "2",
            "confidence": "0.7373195886611938"
        },
        {
            "gameTime": "2 - 7:4",
            "label": "Ball out of play",
            "position": "424500",
            "half": "2",
            "confidence": "0.7295233607292175"
        },
        {
            "gameTime": "2 - 15:41",
            "label": "Ball out of play",
            "position": "941500",
            "half": "2",
            "confidence": "0.7255429625511169"
        },
        {
            "gameTime": "2 - 19:34",
            "label": "Ball out of play",
            "position": "1174500",
            "half": "2",
            "confidence": "0.7188754081726074"
        },
        {
            "gameTime": "2 - 17:43",
            "label": "Ball out of play",
            "position": "1063500",
            "half": "2",
            "confidence": "0.7094444036483765"
        },
        {
            "gameTime": "2 - 30:32",
            "label": "Ball out of play",
            "position": "1832000",
            "half": "2",
            "confidence": "0.6970452666282654"
        },
        {
            "gameTime": "2 - 43:14",
            "label": "Ball out of play",
            "position": "2594000",
            "half": "2",
            "confidence": "0.6907303929328918"
        },
        {
            "gameTime": "2 - 37:23",
            "label": "Ball out of play",
            "position": "2243000",
            "half": "2",
            "confidence": "0.6875488758087158"
        },
        {
            "gameTime": "2 - 21:45",
            "label": "Ball out of play",
            "position": "1305000",
            "half": "2",
            "confidence": "0.6573501229286194"
        },
        {
            "gameTime": "2 - 19:24",
            "label": "Ball out of play",
            "position": "1164000",
            "half": "2",
            "confidence": "0.6534956097602844"
        },
        {
            "gameTime": "2 - 43:49",
            "label": "Ball out of play",
            "position": "2629000",
            "half": "2",
            "confidence": "0.6530341506004333"
        },
        {
            "gameTime": "2 - 43:34",
            "label": "Ball out of play",
            "position": "2614500",
            "half": "2",
            "confidence": "0.6501916646957397"
        },
        {
            "gameTime": "2 - 39:0",
            "label": "Ball out of play",
            "position": "2340000",
            "half": "2",
            "confidence": "0.6290736794471741"
        },
        {
            "gameTime": "2 - 11:32",
            "label": "Ball out of play",
            "position": "692500",
            "half": "2",
            "confidence": "0.6284634470939636"
        },
        {
            "gameTime": "2 - 37:2",
            "label": "Ball out of play",
            "position": "2222000",
            "half": "2",
            "confidence": "0.6275174021720886"
        },
        {
            "gameTime": "2 - 15:12",
            "label": "Ball out of play",
            "position": "912000",
            "half": "2",
            "confidence": "0.6092214584350586"
        },
        {
            "gameTime": "2 - 33:32",
            "label": "Ball out of play",
            "position": "2012500",
            "half": "2",
            "confidence": "0.6082268953323364"
        },
        {
            "gameTime": "2 - 32:59",
            "label": "Ball out of play",
            "position": "1979500",
            "half": "2",
            "confidence": "0.5967745780944824"
        },
        {
            "gameTime": "2 - 2:1",
            "label": "Ball out of play",
            "position": "121000",
            "half": "2",
            "confidence": "0.5942021012306213"
        },
        {
            "gameTime": "2 - 28:38",
            "label": "Ball out of play",
            "position": "1718500",
            "half": "2",
            "confidence": "0.582965612411499"
        },
        {
            "gameTime": "2 - 34:37",
            "label": "Ball out of play",
            "position": "2077000",
            "half": "2",
            "confidence": "0.5803259611129761"
        },
        {
            "gameTime": "2 - 10:35",
            "label": "Ball out of play",
            "position": "635500",
            "half": "2",
            "confidence": "0.5775750875473022"
        },
        {
            "gameTime": "2 - 14:49",
            "label": "Ball out of play",
            "position": "889500",
            "half": "2",
            "confidence": "0.5712499618530273"
        },
        {
            "gameTime": "2 - 24:19",
            "label": "Ball out of play",
            "position": "1459000",
            "half": "2",
            "confidence": "0.5705386400222778"
        },
        {
            "gameTime": "2 - 22:1",
            "label": "Ball out of play",
            "position": "1321000",
            "half": "2",
            "confidence": "0.5674842000007629"
        },
        {
            "gameTime": "2 - 32:18",
            "label": "Ball out of play",
            "position": "1938500",
            "half": "2",
            "confidence": "0.5631927251815796"
        },
        {
            "gameTime": "2 - 18:27",
            "label": "Ball out of play",
            "position": "1107000",
            "half": "2",
            "confidence": "0.5627015233039856"
        },
        {
            "gameTime": "2 - 11:16",
            "label": "Ball out of play",
            "position": "676000",
            "half": "2",
            "confidence": "0.5493669509887695"
        },
        {
            "gameTime": "2 - 10:56",
            "label": "Ball out of play",
            "position": "656500",
            "half": "2",
            "confidence": "0.536446750164032"
        },
        {
            "gameTime": "2 - 6:20",
            "label": "Ball out of play",
            "position": "380000",
            "half": "2",
            "confidence": "0.5358183979988098"
        },
        {
            "gameTime": "2 - 20:15",
            "label": "Ball out of play",
            "position": "1215500",
            "half": "2",
            "confidence": "0.5350641012191772"
        },
        {
            "gameTime": "2 - 8:45",
            "label": "Ball out of play",
            "position": "525000",
            "half": "2",
            "confidence": "0.5282514691352844"
        },
        {
            "gameTime": "2 - 20:41",
            "label": "Ball out of play",
            "position": "1241500",
            "half": "2",
            "confidence": "0.5258213877677917"
        },
        {
            "gameTime": "2 - 17:31",
            "label": "Ball out of play",
            "position": "1051000",
            "half": "2",
            "confidence": "0.5169700980186462"
        },
        {
            "gameTime": "2 - 38:49",
            "label": "Ball out of play",
            "position": "2329500",
            "half": "2",
            "confidence": "0.5120244026184082"
        },
        {
            "gameTime": "2 - 43:17",
            "label": "Throw-in",
            "position": "2597500",
            "half": "2",
            "confidence": "0.9612102508544922"
        },
        {
            "gameTime": "2 - 43:32",
            "label": "Throw-in",
            "position": "2612000",
            "half": "2",
            "confidence": "0.9303218722343445"
        },
        {
            "gameTime": "2 - 15:47",
            "label": "Throw-in",
            "position": "947000",
            "half": "2",
            "confidence": "0.9230205416679382"
        },
        {
            "gameTime": "2 - 27:32",
            "label": "Throw-in",
            "position": "1652500",
            "half": "2",
            "confidence": "0.877295732498169"
        },
        {
            "gameTime": "2 - 13:22",
            "label": "Throw-in",
            "position": "802000",
            "half": "2",
            "confidence": "0.8739653825759888"
        },
        {
            "gameTime": "2 - 13:9",
            "label": "Throw-in",
            "position": "789000",
            "half": "2",
            "confidence": "0.8179602026939392"
        },
        {
            "gameTime": "2 - 16:8",
            "label": "Throw-in",
            "position": "968500",
            "half": "2",
            "confidence": "0.8175157308578491"
        },
        {
            "gameTime": "2 - 42:35",
            "label": "Throw-in",
            "position": "2555000",
            "half": "2",
            "confidence": "0.7930127382278442"
        },
        {
            "gameTime": "2 - 15:36",
            "label": "Throw-in",
            "position": "936000",
            "half": "2",
            "confidence": "0.7830321192741394"
        },
        {
            "gameTime": "2 - 13:32",
            "label": "Throw-in",
            "position": "812000",
            "half": "2",
            "confidence": "0.7815882563591003"
        },
        {
            "gameTime": "2 - 30:34",
            "label": "Throw-in",
            "position": "1834000",
            "half": "2",
            "confidence": "0.770816445350647"
        },
        {
            "gameTime": "2 - 7:32",
            "label": "Throw-in",
            "position": "452000",
            "half": "2",
            "confidence": "0.7468432188034058"
        },
        {
            "gameTime": "2 - 6:31",
            "label": "Throw-in",
            "position": "391500",
            "half": "2",
            "confidence": "0.7246358394622803"
        },
        {
            "gameTime": "2 - 27:22",
            "label": "Throw-in",
            "position": "1642000",
            "half": "2",
            "confidence": "0.7122752666473389"
        },
        {
            "gameTime": "2 - 24:19",
            "label": "Throw-in",
            "position": "1459000",
            "half": "2",
            "confidence": "0.7064111232757568"
        },
        {
            "gameTime": "2 - 10:38",
            "label": "Throw-in",
            "position": "638500",
            "half": "2",
            "confidence": "0.7060535550117493"
        },
        {
            "gameTime": "2 - 12:53",
            "label": "Throw-in",
            "position": "773000",
            "half": "2",
            "confidence": "0.6969771385192871"
        },
        {
            "gameTime": "2 - 6:43",
            "label": "Throw-in",
            "position": "403500",
            "half": "2",
            "confidence": "0.6852707862854004"
        },
        {
            "gameTime": "2 - 6:57",
            "label": "Throw-in",
            "position": "417500",
            "half": "2",
            "confidence": "0.6376008987426758"
        },
        {
            "gameTime": "2 - 43:7",
            "label": "Throw-in",
            "position": "2587000",
            "half": "2",
            "confidence": "0.629336416721344"
        },
        {
            "gameTime": "2 - 15:58",
            "label": "Throw-in",
            "position": "958000",
            "half": "2",
            "confidence": "0.6110867857933044"
        },
        {
            "gameTime": "2 - 19:38",
            "label": "Throw-in",
            "position": "1178000",
            "half": "2",
            "confidence": "0.5468062162399292"
        },
        {
            "gameTime": "2 - 38:42",
            "label": "Throw-in",
            "position": "2322500",
            "half": "2",
            "confidence": "0.5342142581939697"
        },
        {
            "gameTime": "2 - 25:54",
            "label": "Throw-in",
            "position": "1554000",
            "half": "2",
            "confidence": "0.5181703567504883"
        },
        {
            "gameTime": "2 - 9:37",
            "label": "Foul",
            "position": "577500",
            "half": "2",
            "confidence": "0.7439703345298767"
        },
        {
            "gameTime": "2 - 44:49",
            "label": "Foul",
            "position": "2689000",
            "half": "2",
            "confidence": "0.7354732751846313"
        },
        {
            "gameTime": "2 - 35:41",
            "label": "Foul",
            "position": "2141000",
            "half": "2",
            "confidence": "0.7173820734024048"
        },
        {
            "gameTime": "2 - 9:47",
            "label": "Foul",
            "position": "587500",
            "half": "2",
            "confidence": "0.6066450476646423"
        },
        {
            "gameTime": "2 - 35:2",
            "label": "Foul",
            "position": "2102500",
            "half": "2",
            "confidence": "0.59352707862854"
        },
        {
            "gameTime": "2 - 11:55",
            "label": "Foul",
            "position": "715000",
            "half": "2",
            "confidence": "0.5733766555786133"
        },
        {
            "gameTime": "2 - 30:36",
            "label": "Foul",
            "position": "1836500",
            "half": "2",
            "confidence": "0.5273568630218506"
        },
        {
            "gameTime": "2 - 4:1",
            "label": "Foul",
            "position": "241000",
            "half": "2",
            "confidence": "0.5109959244728088"
        },
        {
            "gameTime": "2 - 35:23",
            "label": "Indirect free-kick",
            "position": "2123000",
            "half": "2",
            "confidence": "0.7734388709068298"
        },
        {
            "gameTime": "2 - 44:51",
            "label": "Indirect free-kick",
            "position": "2691000",
            "half": "2",
            "confidence": "0.7395516037940979"
        },
        {
            "gameTime": "2 - 15:30",
            "label": "Indirect free-kick",
            "position": "930500",
            "half": "2",
            "confidence": "0.7267032265663147"
        },
        {
            "gameTime": "2 - 12:1",
            "label": "Indirect free-kick",
            "position": "721000",
            "half": "2",
            "confidence": "0.6915550231933594"
        },
        {
            "gameTime": "2 - 3:51",
            "label": "Indirect free-kick",
            "position": "231500",
            "half": "2",
            "confidence": "0.6688567399978638"
        },
        {
            "gameTime": "2 - 12:28",
            "label": "Indirect free-kick",
            "position": "748000",
            "half": "2",
            "confidence": "0.6275621056556702"
        },
        {
            "gameTime": "2 - 32:59",
            "label": "Indirect free-kick",
            "position": "1979000",
            "half": "2",
            "confidence": "0.6083354353904724"
        },
        {
            "gameTime": "2 - 8:40",
            "label": "Indirect free-kick",
            "position": "520000",
            "half": "2",
            "confidence": "0.5987708568572998"
        },
        {
            "gameTime": "2 - 41:26",
            "label": "Indirect free-kick",
            "position": "2486000",
            "half": "2",
            "confidence": "0.5798397660255432"
        },
        {
            "gameTime": "2 - 25:15",
            "label": "Indirect free-kick",
            "position": "1515500",
            "half": "2",
            "confidence": "0.5743773579597473"
        },
        {
            "gameTime": "2 - 11:50",
            "label": "Indirect free-kick",
            "position": "710500",
            "half": "2",
            "confidence": "0.5711045861244202"
        },
        {
            "gameTime": "2 - 34:46",
            "label": "Indirect free-kick",
            "position": "2086500",
            "half": "2",
            "confidence": "0.5702382326126099"
        },
        {
            "gameTime": "2 - 2:58",
            "label": "Indirect free-kick",
            "position": "178500",
            "half": "2",
            "confidence": "0.543917179107666"
        },
        {
            "gameTime": "2 - 24:24",
            "label": "Indirect free-kick",
            "position": "1464500",
            "half": "2",
            "confidence": "0.536514401435852"
        },
        {
            "gameTime": "2 - 33:12",
            "label": "Indirect free-kick",
            "position": "1992500",
            "half": "2",
            "confidence": "0.5361032485961914"
        },
        {
            "gameTime": "2 - 15:40",
            "label": "Indirect free-kick",
            "position": "940500",
            "half": "2",
            "confidence": "0.5250916481018066"
        },
        {
            "gameTime": "2 - 9:31",
            "label": "Indirect free-kick",
            "position": "571500",
            "half": "2",
            "confidence": "0.5210958123207092"
        },
        {
            "gameTime": "2 - 22:27",
            "label": "Indirect free-kick",
            "position": "1347000",
            "half": "2",
            "confidence": "0.5191007256507874"
        },
        {
            "gameTime": "2 - 5:4",
            "label": "Direct free-kick",
            "position": "304500",
            "half": "2",
            "confidence": "0.9247394800186157"
        },
        {
            "gameTime": "2 - 36:43",
            "label": "Direct free-kick",
            "position": "2203500",
            "half": "2",
            "confidence": "0.8157097101211548"
        },
        {
            "gameTime": "2 - 4:54",
            "label": "Direct free-kick",
            "position": "294000",
            "half": "2",
            "confidence": "0.5740612149238586"
        },
        {
            "gameTime": "2 - 28:18",
            "label": "Corner",
            "position": "1698000",
            "half": "2",
            "confidence": "0.9919245839118958"
        },
        {
            "gameTime": "2 - 37:10",
            "label": "Corner",
            "position": "2230500",
            "half": "2",
            "confidence": "0.9908684492111206"
        },
        {
            "gameTime": "2 - 28:6",
            "label": "Corner",
            "position": "1686000",
            "half": "2",
            "confidence": "0.985859215259552"
        },
        {
            "gameTime": "2 - 37:0",
            "label": "Corner",
            "position": "2220000",
            "half": "2",
            "confidence": "0.9765526652336121"
        },
        {
            "gameTime": "2 - 37:20",
            "label": "Corner",
            "position": "2240500",
            "half": "2",
            "confidence": "0.9243510961532593"
        },
        {
            "gameTime": "2 - 37:39",
            "label": "Corner",
            "position": "2259000",
            "half": "2",
            "confidence": "0.9218091368675232"
        },
        {
            "gameTime": "2 - 18:9",
            "label": "Corner",
            "position": "1089000",
            "half": "2",
            "confidence": "0.9164871573448181"
        },
        {
            "gameTime": "2 - 18:21",
            "label": "Corner",
            "position": "1101500",
            "half": "2",
            "confidence": "0.7520525455474854"
        },
        {
            "gameTime": "2 - 7:36",
            "label": "Corner",
            "position": "456500",
            "half": "2",
            "confidence": "0.61507248878479"
        },
        {
            "gameTime": "2 - 5:22",
            "label": "Corner",
            "position": "322000",
            "half": "2",
            "confidence": "0.527696967124939"
        },
        {
            "gameTime": "2 - 37:49",
            "label": "Corner",
            "position": "2269000",
            "half": "2",
            "confidence": "0.5004533529281616"
        },
        {
            "gameTime": "2 - 14:12",
            "label": "Yellow card",
            "position": "852000",
            "half": "2",
            "confidence": "0.8663654923439026"
        }
    ]
}