{
    "UrlLocal": "italy_serie-a/2016-2017/2017-02-25 - 20-00 Napoli 0 - 2 Atalanta",
    "predictions": [
        {
            "gameTime": "1 - 39:58",
            "label": "card",
            "position": "2398000",
            "half": "1",
            "confidence": "0.9608446359634399"
        },
        {
            "gameTime": "1 - 40:8",
            "label": "card",
            "position": "2408000",
            "half": "1",
            "confidence": "0.9140140414237976"
        },
        {
            "gameTime": "1 - 19:54",
            "label": "card",
            "position": "1194500",
            "half": "1",
            "confidence": "0.8442678451538086"
        },
        {
            "gameTime": "1 - 20:4",
            "label": "card",
            "position": "1204500",
            "half": "1",
            "confidence": "0.739623486995697"
        },
        {
            "gameTime": "1 - 27:51",
            "label": "soccer",
            "position": "1671000",
            "half": "1",
            "confidence": "0.754734456539154"
        },
        {
            "gameTime": "2 - 21:16",
            "label": "card",
            "position": "1276500",
            "half": "2",
            "confidence": "0.9423259496688843"
        },
        {
            "gameTime": "2 - 31:46",
            "label": "card",
            "position": "1906500",
            "half": "2",
            "confidence": "0.5337185263633728"
        },
        {
            "gameTime": "2 - 40:27",
            "label": "card",
            "position": "2427000",
            "half": "2",
            "confidence": "0.5289230346679688"
        },
        {
            "gameTime": "2 - 38:24",
            "label": "card",
            "position": "2304000",
            "half": "2",
            "confidence": "0.5014986991882324"
        },
        {
            "gameTime": "2 - 13:30",
            "label": "subs",
            "position": "810000",
            "half": "2",
            "confidence": "0.8315497040748596"
        },
        {
            "gameTime": "2 - 22:6",
            "label": "subs",
            "position": "1326500",
            "half": "2",
            "confidence": "0.8023773431777954"
        },
        {
            "gameTime": "2 - 33:25",
            "label": "subs",
            "position": "2005000",
            "half": "2",
            "confidence": "0.787929892539978"
        },
        {
            "gameTime": "2 - 21:52",
            "label": "subs",
            "position": "1312500",
            "half": "2",
            "confidence": "0.7506341338157654"
        },
        {
            "gameTime": "2 - 45:44",
            "label": "subs",
            "position": "2744500",
            "half": "2",
            "confidence": "0.7216798067092896"
        },
        {
            "gameTime": "2 - 45:31",
            "label": "subs",
            "position": "2731500",
            "half": "2",
            "confidence": "0.7156970500946045"
        },
        {
            "gameTime": "2 - 13:40",
            "label": "subs",
            "position": "820000",
            "half": "2",
            "confidence": "0.6961765885353088"
        },
        {
            "gameTime": "2 - 36:57",
            "label": "subs",
            "position": "2217500",
            "half": "2",
            "confidence": "0.5834053158760071"
        },
        {
            "gameTime": "2 - 33:35",
            "label": "subs",
            "position": "2015000",
            "half": "2",
            "confidence": "0.5780482888221741"
        },
        {
            "gameTime": "2 - 33:46",
            "label": "subs",
            "position": "2026000",
            "half": "2",
            "confidence": "0.544287919998169"
        },
        {
            "gameTime": "2 - 37:10",
            "label": "subs",
            "position": "2230500",
            "half": "2",
            "confidence": "0.5189118385314941"
        },
        {
            "gameTime": "2 - 24:7",
            "label": "soccer",
            "position": "1447500",
            "half": "2",
            "confidence": "0.5926240086555481"
        }
    ]
}