{
    "UrlLocal": "spain_laliga/2015-2016/2016-05-08 - 18-00 Real Madrid 3 - 2 Valencia",
    "predictions": [
        {
            "gameTime": "1 - 12:58",
            "label": "card",
            "position": "778000",
            "half": "1",
            "confidence": "0.6187373995780945"
        },
        {
            "gameTime": "1 - 38:39",
            "label": "card",
            "position": "2319000",
            "half": "1",
            "confidence": "0.5063506960868835"
        },
        {
            "gameTime": "1 - 42:3",
            "label": "subs",
            "position": "2523500",
            "half": "1",
            "confidence": "0.5046535134315491"
        },
        {
            "gameTime": "1 - 25:36",
            "label": "soccer",
            "position": "1536500",
            "half": "1",
            "confidence": "0.5660165548324585"
        },
        {
            "gameTime": "2 - 23:29",
            "label": "card",
            "position": "1409000",
            "half": "2",
            "confidence": "0.7291673421859741"
        },
        {
            "gameTime": "2 - 38:6",
            "label": "card",
            "position": "2286000",
            "half": "2",
            "confidence": "0.6484901309013367"
        },
        {
            "gameTime": "2 - 37:51",
            "label": "card",
            "position": "2271000",
            "half": "2",
            "confidence": "0.6011629700660706"
        },
        {
            "gameTime": "2 - 30:37",
            "label": "subs",
            "position": "1837500",
            "half": "2",
            "confidence": "0.5588617324829102"
        },
        {
            "gameTime": "2 - 13:5",
            "label": "soccer",
            "position": "785000",
            "half": "2",
            "confidence": "0.9909648895263672"
        },
        {
            "gameTime": "2 - 33:26",
            "label": "soccer",
            "position": "2006000",
            "half": "2",
            "confidence": "0.5044608116149902"
        }
    ]
}