{
    "UrlLocal": "germany_bundesliga/2016-2017/2017-01-21 - 17-30 SV Werder Bremen 1 - 2 Dortmund",
    "predictions": [
        {
            "gameTime": "1 - 4:53",
            "label": "Kick-off",
            "position": "293500",
            "half": "1",
            "confidence": "0.9146507978439331"
        },
        {
            "gameTime": "1 - 0:0",
            "label": "Kick-off",
            "position": "0",
            "half": "1",
            "confidence": "0.9038479924201965"
        },
        {
            "gameTime": "1 - 11:18",
            "label": "Goal",
            "position": "678500",
            "half": "1",
            "confidence": "0.8549999594688416"
        },
        {
            "gameTime": "1 - 11:8",
            "label": "Goal",
            "position": "668000",
            "half": "1",
            "confidence": "0.665691077709198"
        },
        {
            "gameTime": "1 - 4:6",
            "label": "Goal",
            "position": "246000",
            "half": "1",
            "confidence": "0.5387258529663086"
        },
        {
            "gameTime": "1 - 26:4",
            "label": "Substitution",
            "position": "1564500",
            "half": "1",
            "confidence": "0.998119056224823"
        },
        {
            "gameTime": "1 - 41:3",
            "label": "Substitution",
            "position": "2463500",
            "half": "1",
            "confidence": "0.9908629655838013"
        },
        {
            "gameTime": "1 - 25:53",
            "label": "Substitution",
            "position": "1553500",
            "half": "1",
            "confidence": "0.7965608835220337"
        },
        {
            "gameTime": "1 - 13:37",
            "label": "Substitution",
            "position": "817000",
            "half": "1",
            "confidence": "0.7920426726341248"
        },
        {
            "gameTime": "1 - 26:14",
            "label": "Substitution",
            "position": "1574500",
            "half": "1",
            "confidence": "0.779667854309082"
        },
        {
            "gameTime": "1 - 41:13",
            "label": "Substitution",
            "position": "2473500",
            "half": "1",
            "confidence": "0.6132757067680359"
        },
        {
            "gameTime": "1 - 35:25",
            "label": "Substitution",
            "position": "2125000",
            "half": "1",
            "confidence": "0.5388780832290649"
        },
        {
            "gameTime": "1 - 11:15",
            "label": "Shots on target",
            "position": "675000",
            "half": "1",
            "confidence": "0.8393060564994812"
        },
        {
            "gameTime": "1 - 11:4",
            "label": "Shots on target",
            "position": "664500",
            "half": "1",
            "confidence": "0.724628746509552"
        },
        {
            "gameTime": "1 - 4:5",
            "label": "Shots on target",
            "position": "245000",
            "half": "1",
            "confidence": "0.6304384469985962"
        },
        {
            "gameTime": "1 - 9:30",
            "label": "Shots on target",
            "position": "570500",
            "half": "1",
            "confidence": "0.5981167554855347"
        },
        {
            "gameTime": "1 - 36:52",
            "label": "Shots on target",
            "position": "2212500",
            "half": "1",
            "confidence": "0.521841824054718"
        },
        {
            "gameTime": "1 - 15:29",
            "label": "Shots on target",
            "position": "929500",
            "half": "1",
            "confidence": "0.5152919888496399"
        },
        {
            "gameTime": "1 - 34:23",
            "label": "Shots off target",
            "position": "2063000",
            "half": "1",
            "confidence": "0.9476860761642456"
        },
        {
            "gameTime": "1 - 11:20",
            "label": "Shots off target",
            "position": "680500",
            "half": "1",
            "confidence": "0.9054032564163208"
        },
        {
            "gameTime": "1 - 11:10",
            "label": "Shots off target",
            "position": "670000",
            "half": "1",
            "confidence": "0.8094258904457092"
        },
        {
            "gameTime": "1 - 15:38",
            "label": "Shots off target",
            "position": "938500",
            "half": "1",
            "confidence": "0.7597527503967285"
        },
        {
            "gameTime": "1 - 42:1",
            "label": "Shots off target",
            "position": "2521000",
            "half": "1",
            "confidence": "0.7445633411407471"
        },
        {
            "gameTime": "1 - 9:32",
            "label": "Shots off target",
            "position": "572000",
            "half": "1",
            "confidence": "0.6990230083465576"
        },
        {
            "gameTime": "1 - 10:19",
            "label": "Shots off target",
            "position": "619500",
            "half": "1",
            "confidence": "0.6025277376174927"
        },
        {
            "gameTime": "1 - 10:31",
            "label": "Shots off target",
            "position": "631500",
            "half": "1",
            "confidence": "0.5800143480300903"
        },
        {
            "gameTime": "1 - 33:10",
            "label": "Shots off target",
            "position": "1990000",
            "half": "1",
            "confidence": "0.5567003488540649"
        },
        {
            "gameTime": "1 - 5:59",
            "label": "Shots off target",
            "position": "359500",
            "half": "1",
            "confidence": "0.5502757430076599"
        },
        {
            "gameTime": "1 - 4:0",
            "label": "Shots off target",
            "position": "240000",
            "half": "1",
            "confidence": "0.507888913154602"
        },
        {
            "gameTime": "1 - 34:46",
            "label": "Clearance",
            "position": "2086500",
            "half": "1",
            "confidence": "0.9155346155166626"
        },
        {
            "gameTime": "1 - 13:43",
            "label": "Clearance",
            "position": "823000",
            "half": "1",
            "confidence": "0.9031143188476562"
        },
        {
            "gameTime": "1 - 27:27",
            "label": "Clearance",
            "position": "1647000",
            "half": "1",
            "confidence": "0.7577487230300903"
        },
        {
            "gameTime": "1 - 37:22",
            "label": "Clearance",
            "position": "2242000",
            "half": "1",
            "confidence": "0.7497894167900085"
        },
        {
            "gameTime": "1 - 15:59",
            "label": "Clearance",
            "position": "959000",
            "half": "1",
            "confidence": "0.6485006809234619"
        },
        {
            "gameTime": "1 - 34:56",
            "label": "Clearance",
            "position": "2096500",
            "half": "1",
            "confidence": "0.6002834439277649"
        },
        {
            "gameTime": "1 - 13:53",
            "label": "Clearance",
            "position": "833500",
            "half": "1",
            "confidence": "0.574832022190094"
        },
        {
            "gameTime": "1 - 12:47",
            "label": "Clearance",
            "position": "767500",
            "half": "1",
            "confidence": "0.5459433197975159"
        },
        {
            "gameTime": "1 - 4:1",
            "label": "Ball out of play",
            "position": "241000",
            "half": "1",
            "confidence": "0.9797654747962952"
        },
        {
            "gameTime": "1 - 37:49",
            "label": "Ball out of play",
            "position": "2269000",
            "half": "1",
            "confidence": "0.9180733561515808"
        },
        {
            "gameTime": "1 - 2:24",
            "label": "Ball out of play",
            "position": "144000",
            "half": "1",
            "confidence": "0.9174477458000183"
        },
        {
            "gameTime": "1 - 15:40",
            "label": "Ball out of play",
            "position": "940000",
            "half": "1",
            "confidence": "0.9165506362915039"
        },
        {
            "gameTime": "1 - 32:35",
            "label": "Ball out of play",
            "position": "1955000",
            "half": "1",
            "confidence": "0.8904265761375427"
        },
        {
            "gameTime": "1 - 32:45",
            "label": "Ball out of play",
            "position": "1965500",
            "half": "1",
            "confidence": "0.8865737915039062"
        },
        {
            "gameTime": "1 - 29:38",
            "label": "Ball out of play",
            "position": "1778500",
            "half": "1",
            "confidence": "0.883005678653717"
        },
        {
            "gameTime": "1 - 24:47",
            "label": "Ball out of play",
            "position": "1487000",
            "half": "1",
            "confidence": "0.882911205291748"
        },
        {
            "gameTime": "1 - 30:26",
            "label": "Ball out of play",
            "position": "1826000",
            "half": "1",
            "confidence": "0.8690443634986877"
        },
        {
            "gameTime": "1 - 23:30",
            "label": "Ball out of play",
            "position": "1410000",
            "half": "1",
            "confidence": "0.8632156252861023"
        },
        {
            "gameTime": "1 - 34:23",
            "label": "Ball out of play",
            "position": "2063000",
            "half": "1",
            "confidence": "0.8631399869918823"
        },
        {
            "gameTime": "1 - 14:44",
            "label": "Ball out of play",
            "position": "884000",
            "half": "1",
            "confidence": "0.8596445322036743"
        },
        {
            "gameTime": "1 - 37:59",
            "label": "Ball out of play",
            "position": "2279000",
            "half": "1",
            "confidence": "0.85891193151474"
        },
        {
            "gameTime": "1 - 20:35",
            "label": "Ball out of play",
            "position": "1235000",
            "half": "1",
            "confidence": "0.843377947807312"
        },
        {
            "gameTime": "1 - 27:15",
            "label": "Ball out of play",
            "position": "1635000",
            "half": "1",
            "confidence": "0.8395591378211975"
        },
        {
            "gameTime": "1 - 25:27",
            "label": "Ball out of play",
            "position": "1527000",
            "half": "1",
            "confidence": "0.8292290568351746"
        },
        {
            "gameTime": "1 - 25:11",
            "label": "Ball out of play",
            "position": "1511000",
            "half": "1",
            "confidence": "0.8245636224746704"
        },
        {
            "gameTime": "1 - 15:29",
            "label": "Ball out of play",
            "position": "929000",
            "half": "1",
            "confidence": "0.8216650485992432"
        },
        {
            "gameTime": "1 - 11:21",
            "label": "Ball out of play",
            "position": "681500",
            "half": "1",
            "confidence": "0.8168511390686035"
        },
        {
            "gameTime": "1 - 31:33",
            "label": "Ball out of play",
            "position": "1893000",
            "half": "1",
            "confidence": "0.8144447803497314"
        },
        {
            "gameTime": "1 - 37:38",
            "label": "Ball out of play",
            "position": "2258500",
            "half": "1",
            "confidence": "0.8142445683479309"
        },
        {
            "gameTime": "1 - 9:34",
            "label": "Ball out of play",
            "position": "574500",
            "half": "1",
            "confidence": "0.8123830556869507"
        },
        {
            "gameTime": "1 - 24:57",
            "label": "Ball out of play",
            "position": "1497000",
            "half": "1",
            "confidence": "0.8111037015914917"
        },
        {
            "gameTime": "1 - 39:30",
            "label": "Ball out of play",
            "position": "2370500",
            "half": "1",
            "confidence": "0.7964617013931274"
        },
        {
            "gameTime": "1 - 31:18",
            "label": "Ball out of play",
            "position": "1878000",
            "half": "1",
            "confidence": "0.7867463827133179"
        },
        {
            "gameTime": "1 - 14:58",
            "label": "Ball out of play",
            "position": "898000",
            "half": "1",
            "confidence": "0.7859724760055542"
        },
        {
            "gameTime": "1 - 35:7",
            "label": "Ball out of play",
            "position": "2107500",
            "half": "1",
            "confidence": "0.7822832465171814"
        },
        {
            "gameTime": "1 - 29:28",
            "label": "Ball out of play",
            "position": "1768000",
            "half": "1",
            "confidence": "0.7818934321403503"
        },
        {
            "gameTime": "1 - 20:46",
            "label": "Ball out of play",
            "position": "1246500",
            "half": "1",
            "confidence": "0.7735446691513062"
        },
        {
            "gameTime": "1 - 30:15",
            "label": "Ball out of play",
            "position": "1815500",
            "half": "1",
            "confidence": "0.7523308396339417"
        },
        {
            "gameTime": "1 - 28:15",
            "label": "Ball out of play",
            "position": "1695500",
            "half": "1",
            "confidence": "0.6951773762702942"
        },
        {
            "gameTime": "1 - 11:9",
            "label": "Ball out of play",
            "position": "669000",
            "half": "1",
            "confidence": "0.683752715587616"
        },
        {
            "gameTime": "1 - 17:49",
            "label": "Ball out of play",
            "position": "1069000",
            "half": "1",
            "confidence": "0.6771302819252014"
        },
        {
            "gameTime": "1 - 44:15",
            "label": "Ball out of play",
            "position": "2655000",
            "half": "1",
            "confidence": "0.6695678234100342"
        },
        {
            "gameTime": "1 - 23:19",
            "label": "Ball out of play",
            "position": "1399500",
            "half": "1",
            "confidence": "0.6488581299781799"
        },
        {
            "gameTime": "1 - 26:45",
            "label": "Ball out of play",
            "position": "1605000",
            "half": "1",
            "confidence": "0.6466802358627319"
        },
        {
            "gameTime": "1 - 42:24",
            "label": "Ball out of play",
            "position": "2544500",
            "half": "1",
            "confidence": "0.6417791247367859"
        },
        {
            "gameTime": "1 - 28:36",
            "label": "Ball out of play",
            "position": "1716000",
            "half": "1",
            "confidence": "0.6392491459846497"
        },
        {
            "gameTime": "1 - 10:30",
            "label": "Ball out of play",
            "position": "630500",
            "half": "1",
            "confidence": "0.6368395090103149"
        },
        {
            "gameTime": "1 - 23:48",
            "label": "Ball out of play",
            "position": "1428500",
            "half": "1",
            "confidence": "0.6356716752052307"
        },
        {
            "gameTime": "1 - 4:11",
            "label": "Ball out of play",
            "position": "251000",
            "half": "1",
            "confidence": "0.6342262625694275"
        },
        {
            "gameTime": "1 - 44:25",
            "label": "Ball out of play",
            "position": "2665000",
            "half": "1",
            "confidence": "0.6260043382644653"
        },
        {
            "gameTime": "1 - 26:58",
            "label": "Ball out of play",
            "position": "1618500",
            "half": "1",
            "confidence": "0.613846480846405"
        },
        {
            "gameTime": "1 - 6:37",
            "label": "Ball out of play",
            "position": "397000",
            "half": "1",
            "confidence": "0.608039140701294"
        },
        {
            "gameTime": "1 - 10:18",
            "label": "Ball out of play",
            "position": "618500",
            "half": "1",
            "confidence": "0.5965389609336853"
        },
        {
            "gameTime": "1 - 28:46",
            "label": "Ball out of play",
            "position": "1726500",
            "half": "1",
            "confidence": "0.5847927927970886"
        },
        {
            "gameTime": "1 - 6:1",
            "label": "Ball out of play",
            "position": "361000",
            "half": "1",
            "confidence": "0.575755774974823"
        },
        {
            "gameTime": "1 - 2:34",
            "label": "Ball out of play",
            "position": "154000",
            "half": "1",
            "confidence": "0.5626230239868164"
        },
        {
            "gameTime": "1 - 13:15",
            "label": "Ball out of play",
            "position": "795500",
            "half": "1",
            "confidence": "0.5624817609786987"
        },
        {
            "gameTime": "1 - 2:9",
            "label": "Ball out of play",
            "position": "129500",
            "half": "1",
            "confidence": "0.5588086247444153"
        },
        {
            "gameTime": "1 - 5:17",
            "label": "Ball out of play",
            "position": "317000",
            "half": "1",
            "confidence": "0.5503382682800293"
        },
        {
            "gameTime": "1 - 3:26",
            "label": "Ball out of play",
            "position": "206500",
            "half": "1",
            "confidence": "0.5253896713256836"
        },
        {
            "gameTime": "1 - 27:25",
            "label": "Ball out of play",
            "position": "1645000",
            "half": "1",
            "confidence": "0.5240072011947632"
        },
        {
            "gameTime": "1 - 5:50",
            "label": "Ball out of play",
            "position": "350500",
            "half": "1",
            "confidence": "0.522931694984436"
        },
        {
            "gameTime": "1 - 15:8",
            "label": "Ball out of play",
            "position": "908000",
            "half": "1",
            "confidence": "0.5138296484947205"
        },
        {
            "gameTime": "1 - 26:33",
            "label": "Ball out of play",
            "position": "1593500",
            "half": "1",
            "confidence": "0.5028161406517029"
        },
        {
            "gameTime": "1 - 6:49",
            "label": "Ball out of play",
            "position": "409500",
            "half": "1",
            "confidence": "0.502679705619812"
        },
        {
            "gameTime": "1 - 24:53",
            "label": "Throw-in",
            "position": "1493500",
            "half": "1",
            "confidence": "0.9954941272735596"
        },
        {
            "gameTime": "1 - 32:38",
            "label": "Throw-in",
            "position": "1958000",
            "half": "1",
            "confidence": "0.9853807091712952"
        },
        {
            "gameTime": "1 - 25:3",
            "label": "Throw-in",
            "position": "1503500",
            "half": "1",
            "confidence": "0.9844081997871399"
        },
        {
            "gameTime": "1 - 37:49",
            "label": "Throw-in",
            "position": "2269000",
            "half": "1",
            "confidence": "0.9798306822776794"
        },
        {
            "gameTime": "1 - 37:59",
            "label": "Throw-in",
            "position": "2279000",
            "half": "1",
            "confidence": "0.968377411365509"
        },
        {
            "gameTime": "1 - 32:0",
            "label": "Throw-in",
            "position": "1920000",
            "half": "1",
            "confidence": "0.9681621193885803"
        },
        {
            "gameTime": "1 - 32:48",
            "label": "Throw-in",
            "position": "1968000",
            "half": "1",
            "confidence": "0.9667752981185913"
        },
        {
            "gameTime": "1 - 3:1",
            "label": "Throw-in",
            "position": "181500",
            "half": "1",
            "confidence": "0.9659536480903625"
        },
        {
            "gameTime": "1 - 44:2",
            "label": "Throw-in",
            "position": "2642000",
            "half": "1",
            "confidence": "0.962300717830658"
        },
        {
            "gameTime": "1 - 2:50",
            "label": "Throw-in",
            "position": "170500",
            "half": "1",
            "confidence": "0.9373790621757507"
        },
        {
            "gameTime": "1 - 32:10",
            "label": "Throw-in",
            "position": "1930000",
            "half": "1",
            "confidence": "0.9372283220291138"
        },
        {
            "gameTime": "1 - 43:48",
            "label": "Throw-in",
            "position": "2628000",
            "half": "1",
            "confidence": "0.8941342830657959"
        },
        {
            "gameTime": "1 - 28:14",
            "label": "Throw-in",
            "position": "1694500",
            "half": "1",
            "confidence": "0.863041341304779"
        },
        {
            "gameTime": "1 - 2:15",
            "label": "Throw-in",
            "position": "135500",
            "half": "1",
            "confidence": "0.8471006155014038"
        },
        {
            "gameTime": "1 - 20:46",
            "label": "Throw-in",
            "position": "1246500",
            "half": "1",
            "confidence": "0.8278419971466064"
        },
        {
            "gameTime": "1 - 37:38",
            "label": "Throw-in",
            "position": "2258500",
            "half": "1",
            "confidence": "0.8253780603408813"
        },
        {
            "gameTime": "1 - 3:49",
            "label": "Throw-in",
            "position": "229500",
            "half": "1",
            "confidence": "0.8008798956871033"
        },
        {
            "gameTime": "1 - 35:3",
            "label": "Throw-in",
            "position": "2103500",
            "half": "1",
            "confidence": "0.782311737537384"
        },
        {
            "gameTime": "1 - 30:27",
            "label": "Throw-in",
            "position": "1827000",
            "half": "1",
            "confidence": "0.7770249247550964"
        },
        {
            "gameTime": "1 - 20:34",
            "label": "Throw-in",
            "position": "1234000",
            "half": "1",
            "confidence": "0.7631800770759583"
        },
        {
            "gameTime": "1 - 44:25",
            "label": "Throw-in",
            "position": "2665000",
            "half": "1",
            "confidence": "0.7472982406616211"
        },
        {
            "gameTime": "1 - 9:50",
            "label": "Throw-in",
            "position": "590500",
            "half": "1",
            "confidence": "0.7404703497886658"
        },
        {
            "gameTime": "1 - 2:28",
            "label": "Throw-in",
            "position": "148500",
            "half": "1",
            "confidence": "0.708849310874939"
        },
        {
            "gameTime": "1 - 15:9",
            "label": "Throw-in",
            "position": "909500",
            "half": "1",
            "confidence": "0.7018454074859619"
        },
        {
            "gameTime": "1 - 26:45",
            "label": "Throw-in",
            "position": "1605500",
            "half": "1",
            "confidence": "0.6983107328414917"
        },
        {
            "gameTime": "1 - 14:59",
            "label": "Throw-in",
            "position": "899000",
            "half": "1",
            "confidence": "0.6834911704063416"
        },
        {
            "gameTime": "1 - 8:18",
            "label": "Throw-in",
            "position": "498500",
            "half": "1",
            "confidence": "0.6749800443649292"
        },
        {
            "gameTime": "1 - 2:5",
            "label": "Throw-in",
            "position": "125000",
            "half": "1",
            "confidence": "0.6612623333930969"
        },
        {
            "gameTime": "1 - 8:37",
            "label": "Throw-in",
            "position": "517000",
            "half": "1",
            "confidence": "0.6466471552848816"
        },
        {
            "gameTime": "1 - 32:26",
            "label": "Throw-in",
            "position": "1946500",
            "half": "1",
            "confidence": "0.6190610527992249"
        },
        {
            "gameTime": "1 - 39:32",
            "label": "Throw-in",
            "position": "2372000",
            "half": "1",
            "confidence": "0.6009193062782288"
        },
        {
            "gameTime": "1 - 4:0",
            "label": "Throw-in",
            "position": "240500",
            "half": "1",
            "confidence": "0.5872254967689514"
        },
        {
            "gameTime": "1 - 26:55",
            "label": "Throw-in",
            "position": "1615500",
            "half": "1",
            "confidence": "0.5675894618034363"
        },
        {
            "gameTime": "1 - 10:1",
            "label": "Throw-in",
            "position": "601500",
            "half": "1",
            "confidence": "0.5620203018188477"
        },
        {
            "gameTime": "1 - 28:4",
            "label": "Throw-in",
            "position": "1684000",
            "half": "1",
            "confidence": "0.5210348963737488"
        },
        {
            "gameTime": "1 - 26:35",
            "label": "Throw-in",
            "position": "1595000",
            "half": "1",
            "confidence": "0.5035772919654846"
        },
        {
            "gameTime": "1 - 22:1",
            "label": "Foul",
            "position": "1321500",
            "half": "1",
            "confidence": "0.942173421382904"
        },
        {
            "gameTime": "1 - 40:40",
            "label": "Foul",
            "position": "2440500",
            "half": "1",
            "confidence": "0.9072149991989136"
        },
        {
            "gameTime": "1 - 36:10",
            "label": "Foul",
            "position": "2170000",
            "half": "1",
            "confidence": "0.7915124297142029"
        },
        {
            "gameTime": "1 - 40:30",
            "label": "Foul",
            "position": "2430000",
            "half": "1",
            "confidence": "0.7339311242103577"
        },
        {
            "gameTime": "1 - 27:40",
            "label": "Foul",
            "position": "1660500",
            "half": "1",
            "confidence": "0.6860606670379639"
        },
        {
            "gameTime": "1 - 42:44",
            "label": "Foul",
            "position": "2564500",
            "half": "1",
            "confidence": "0.6616394519805908"
        },
        {
            "gameTime": "1 - 22:11",
            "label": "Foul",
            "position": "1331500",
            "half": "1",
            "confidence": "0.6557509303092957"
        },
        {
            "gameTime": "1 - 18:24",
            "label": "Foul",
            "position": "1104500",
            "half": "1",
            "confidence": "0.625864565372467"
        },
        {
            "gameTime": "1 - 27:51",
            "label": "Foul",
            "position": "1671000",
            "half": "1",
            "confidence": "0.6139963865280151"
        },
        {
            "gameTime": "1 - 36:59",
            "label": "Foul",
            "position": "2219000",
            "half": "1",
            "confidence": "0.5986166000366211"
        },
        {
            "gameTime": "1 - 30:53",
            "label": "Foul",
            "position": "1853000",
            "half": "1",
            "confidence": "0.5703716278076172"
        },
        {
            "gameTime": "1 - 38:9",
            "label": "Foul",
            "position": "2289500",
            "half": "1",
            "confidence": "0.5700181126594543"
        },
        {
            "gameTime": "1 - 18:34",
            "label": "Foul",
            "position": "1114500",
            "half": "1",
            "confidence": "0.5337262749671936"
        },
        {
            "gameTime": "1 - 33:33",
            "label": "Foul",
            "position": "2013500",
            "half": "1",
            "confidence": "0.5266541838645935"
        },
        {
            "gameTime": "1 - 22:31",
            "label": "Indirect free-kick",
            "position": "1351500",
            "half": "1",
            "confidence": "0.7748352289199829"
        },
        {
            "gameTime": "1 - 12:47",
            "label": "Indirect free-kick",
            "position": "767000",
            "half": "1",
            "confidence": "0.6822853684425354"
        },
        {
            "gameTime": "1 - 30:45",
            "label": "Indirect free-kick",
            "position": "1845000",
            "half": "1",
            "confidence": "0.6759040355682373"
        },
        {
            "gameTime": "1 - 43:11",
            "label": "Indirect free-kick",
            "position": "2591500",
            "half": "1",
            "confidence": "0.6745818257331848"
        },
        {
            "gameTime": "1 - 40:36",
            "label": "Indirect free-kick",
            "position": "2436500",
            "half": "1",
            "confidence": "0.6438031196594238"
        },
        {
            "gameTime": "1 - 21:8",
            "label": "Indirect free-kick",
            "position": "1268500",
            "half": "1",
            "confidence": "0.5891966223716736"
        },
        {
            "gameTime": "1 - 22:1",
            "label": "Indirect free-kick",
            "position": "1321500",
            "half": "1",
            "confidence": "0.5782684087753296"
        },
        {
            "gameTime": "1 - 39:4",
            "label": "Indirect free-kick",
            "position": "2344500",
            "half": "1",
            "confidence": "0.5745882987976074"
        },
        {
            "gameTime": "1 - 31:13",
            "label": "Indirect free-kick",
            "position": "1873500",
            "half": "1",
            "confidence": "0.5676425695419312"
        },
        {
            "gameTime": "1 - 28:23",
            "label": "Indirect free-kick",
            "position": "1703000",
            "half": "1",
            "confidence": "0.5670854449272156"
        },
        {
            "gameTime": "1 - 21:25",
            "label": "Indirect free-kick",
            "position": "1285000",
            "half": "1",
            "confidence": "0.5385807752609253"
        },
        {
            "gameTime": "1 - 33:17",
            "label": "Indirect free-kick",
            "position": "1997000",
            "half": "1",
            "confidence": "0.536994993686676"
        },
        {
            "gameTime": "1 - 36:39",
            "label": "Indirect free-kick",
            "position": "2199000",
            "half": "1",
            "confidence": "0.5322718024253845"
        },
        {
            "gameTime": "1 - 24:21",
            "label": "Indirect free-kick",
            "position": "1461000",
            "half": "1",
            "confidence": "0.5138998627662659"
        },
        {
            "gameTime": "1 - 41:53",
            "label": "Direct free-kick",
            "position": "2513000",
            "half": "1",
            "confidence": "0.9978992938995361"
        },
        {
            "gameTime": "1 - 42:3",
            "label": "Direct free-kick",
            "position": "2523000",
            "half": "1",
            "confidence": "0.9701531529426575"
        },
        {
            "gameTime": "1 - 34:8",
            "label": "Direct free-kick",
            "position": "2048000",
            "half": "1",
            "confidence": "0.9447370171546936"
        },
        {
            "gameTime": "1 - 34:18",
            "label": "Direct free-kick",
            "position": "2058500",
            "half": "1",
            "confidence": "0.7645485997200012"
        },
        {
            "gameTime": "1 - 31:14",
            "label": "Direct free-kick",
            "position": "1874500",
            "half": "1",
            "confidence": "0.7439323663711548"
        },
        {
            "gameTime": "1 - 43:12",
            "label": "Direct free-kick",
            "position": "2592500",
            "half": "1",
            "confidence": "0.6615599393844604"
        },
        {
            "gameTime": "1 - 31:28",
            "label": "Direct free-kick",
            "position": "1888000",
            "half": "1",
            "confidence": "0.5327444076538086"
        },
        {
            "gameTime": "1 - 29:51",
            "label": "Corner",
            "position": "1791000",
            "half": "1",
            "confidence": "0.9993522763252258"
        },
        {
            "gameTime": "1 - 11:3",
            "label": "Corner",
            "position": "663000",
            "half": "1",
            "confidence": "0.9985647797584534"
        },
        {
            "gameTime": "1 - 11:13",
            "label": "Corner",
            "position": "673000",
            "half": "1",
            "confidence": "0.9977891445159912"
        },
        {
            "gameTime": "1 - 23:53",
            "label": "Corner",
            "position": "1433500",
            "half": "1",
            "confidence": "0.9977033734321594"
        },
        {
            "gameTime": "1 - 30:1",
            "label": "Corner",
            "position": "1801000",
            "half": "1",
            "confidence": "0.9882414937019348"
        },
        {
            "gameTime": "1 - 5:52",
            "label": "Corner",
            "position": "352000",
            "half": "1",
            "confidence": "0.9732696413993835"
        },
        {
            "gameTime": "1 - 24:3",
            "label": "Corner",
            "position": "1443500",
            "half": "1",
            "confidence": "0.9703176021575928"
        },
        {
            "gameTime": "1 - 34:8",
            "label": "Corner",
            "position": "2048000",
            "half": "1",
            "confidence": "0.9050372838973999"
        },
        {
            "gameTime": "1 - 29:40",
            "label": "Corner",
            "position": "1780000",
            "half": "1",
            "confidence": "0.9032581448554993"
        },
        {
            "gameTime": "1 - 34:18",
            "label": "Corner",
            "position": "2058000",
            "half": "1",
            "confidence": "0.7480980753898621"
        },
        {
            "gameTime": "1 - 6:2",
            "label": "Corner",
            "position": "362500",
            "half": "1",
            "confidence": "0.6668108105659485"
        },
        {
            "gameTime": "1 - 25:23",
            "label": "Corner",
            "position": "1523500",
            "half": "1",
            "confidence": "0.6451665163040161"
        },
        {
            "gameTime": "1 - 31:34",
            "label": "Corner",
            "position": "1894000",
            "half": "1",
            "confidence": "0.6310802698135376"
        },
        {
            "gameTime": "1 - 42:57",
            "label": "Yellow card",
            "position": "2577500",
            "half": "1",
            "confidence": "0.691469132900238"
        },
        {
            "gameTime": "1 - 40:42",
            "label": "Yellow card",
            "position": "2442000",
            "half": "1",
            "confidence": "0.643938422203064"
        },
        {
            "gameTime": "1 - 18:1",
            "label": "Yellow card",
            "position": "1081000",
            "half": "1",
            "confidence": "0.5147264003753662"
        },
        {
            "gameTime": "2 - 14:27",
            "label": "Kick-off",
            "position": "867500",
            "half": "2",
            "confidence": "0.9983372688293457"
        },
        {
            "gameTime": "2 - 14:37",
            "label": "Kick-off",
            "position": "877500",
            "half": "2",
            "confidence": "0.9262275099754333"
        },
        {
            "gameTime": "2 - 0:4",
            "label": "Kick-off",
            "position": "4500",
            "half": "2",
            "confidence": "0.8690100908279419"
        },
        {
            "gameTime": "2 - 14:16",
            "label": "Kick-off",
            "position": "856000",
            "half": "2",
            "confidence": "0.8679621815681458"
        },
        {
            "gameTime": "2 - 26:8",
            "label": "Kick-off",
            "position": "1568000",
            "half": "2",
            "confidence": "0.7707228660583496"
        },
        {
            "gameTime": "2 - 25:24",
            "label": "Goal",
            "position": "1524000",
            "half": "2",
            "confidence": "0.9686601161956787"
        },
        {
            "gameTime": "2 - 13:35",
            "label": "Goal",
            "position": "815500",
            "half": "2",
            "confidence": "0.8893028497695923"
        },
        {
            "gameTime": "2 - 34:14",
            "label": "Substitution",
            "position": "2054000",
            "half": "2",
            "confidence": "0.9919087290763855"
        },
        {
            "gameTime": "2 - 24:32",
            "label": "Substitution",
            "position": "1472500",
            "half": "2",
            "confidence": "0.9725000262260437"
        },
        {
            "gameTime": "2 - 34:3",
            "label": "Substitution",
            "position": "2043500",
            "half": "2",
            "confidence": "0.7973552942276001"
        },
        {
            "gameTime": "2 - 34:24",
            "label": "Substitution",
            "position": "2064000",
            "half": "2",
            "confidence": "0.5080315470695496"
        },
        {
            "gameTime": "2 - 13:34",
            "label": "Shots on target",
            "position": "814000",
            "half": "2",
            "confidence": "0.9161892533302307"
        },
        {
            "gameTime": "2 - 25:28",
            "label": "Shots on target",
            "position": "1528500",
            "half": "2",
            "confidence": "0.8021968007087708"
        },
        {
            "gameTime": "2 - 29:40",
            "label": "Shots on target",
            "position": "1780000",
            "half": "2",
            "confidence": "0.7435982823371887"
        },
        {
            "gameTime": "2 - 3:51",
            "label": "Shots on target",
            "position": "231500",
            "half": "2",
            "confidence": "0.6372255682945251"
        },
        {
            "gameTime": "2 - 29:29",
            "label": "Shots on target",
            "position": "1769500",
            "half": "2",
            "confidence": "0.6295150518417358"
        },
        {
            "gameTime": "2 - 41:17",
            "label": "Shots on target",
            "position": "2477000",
            "half": "2",
            "confidence": "0.5773814916610718"
        },
        {
            "gameTime": "2 - 35:15",
            "label": "Shots on target",
            "position": "2115500",
            "half": "2",
            "confidence": "0.5759149789810181"
        },
        {
            "gameTime": "2 - 5:7",
            "label": "Shots off target",
            "position": "307000",
            "half": "2",
            "confidence": "0.6813825368881226"
        },
        {
            "gameTime": "2 - 24:56",
            "label": "Shots off target",
            "position": "1496000",
            "half": "2",
            "confidence": "0.554858386516571"
        },
        {
            "gameTime": "2 - 23:33",
            "label": "Shots off target",
            "position": "1413500",
            "half": "2",
            "confidence": "0.5464460253715515"
        },
        {
            "gameTime": "2 - 7:32",
            "label": "Shots off target",
            "position": "452000",
            "half": "2",
            "confidence": "0.5284612774848938"
        },
        {
            "gameTime": "2 - 3:20",
            "label": "Clearance",
            "position": "200000",
            "half": "2",
            "confidence": "0.9088385701179504"
        },
        {
            "gameTime": "2 - 23:57",
            "label": "Clearance",
            "position": "1437500",
            "half": "2",
            "confidence": "0.8544363975524902"
        },
        {
            "gameTime": "2 - 5:17",
            "label": "Clearance",
            "position": "317000",
            "half": "2",
            "confidence": "0.8377007246017456"
        },
        {
            "gameTime": "2 - 26:18",
            "label": "Clearance",
            "position": "1578500",
            "half": "2",
            "confidence": "0.6083447337150574"
        },
        {
            "gameTime": "2 - 3:30",
            "label": "Clearance",
            "position": "210000",
            "half": "2",
            "confidence": "0.5873377323150635"
        },
        {
            "gameTime": "2 - 10:54",
            "label": "Ball out of play",
            "position": "654000",
            "half": "2",
            "confidence": "0.9485024809837341"
        },
        {
            "gameTime": "2 - 0:51",
            "label": "Ball out of play",
            "position": "51500",
            "half": "2",
            "confidence": "0.9467448592185974"
        },
        {
            "gameTime": "2 - 42:5",
            "label": "Ball out of play",
            "position": "2525500",
            "half": "2",
            "confidence": "0.9324821829795837"
        },
        {
            "gameTime": "2 - 41:19",
            "label": "Ball out of play",
            "position": "2479000",
            "half": "2",
            "confidence": "0.9257949590682983"
        },
        {
            "gameTime": "2 - 7:27",
            "label": "Ball out of play",
            "position": "447500",
            "half": "2",
            "confidence": "0.9233258366584778"
        },
        {
            "gameTime": "2 - 24:54",
            "label": "Ball out of play",
            "position": "1494000",
            "half": "2",
            "confidence": "0.9027205109596252"
        },
        {
            "gameTime": "2 - 23:36",
            "label": "Ball out of play",
            "position": "1416500",
            "half": "2",
            "confidence": "0.885311484336853"
        },
        {
            "gameTime": "2 - 19:35",
            "label": "Ball out of play",
            "position": "1175000",
            "half": "2",
            "confidence": "0.8765442967414856"
        },
        {
            "gameTime": "2 - 39:30",
            "label": "Ball out of play",
            "position": "2370500",
            "half": "2",
            "confidence": "0.8440130949020386"
        },
        {
            "gameTime": "2 - 3:51",
            "label": "Ball out of play",
            "position": "231000",
            "half": "2",
            "confidence": "0.8418937921524048"
        },
        {
            "gameTime": "2 - 18:30",
            "label": "Ball out of play",
            "position": "1110500",
            "half": "2",
            "confidence": "0.8271773457527161"
        },
        {
            "gameTime": "2 - 41:7",
            "label": "Ball out of play",
            "position": "2467000",
            "half": "2",
            "confidence": "0.8251191973686218"
        },
        {
            "gameTime": "2 - 24:18",
            "label": "Ball out of play",
            "position": "1458000",
            "half": "2",
            "confidence": "0.8195098638534546"
        },
        {
            "gameTime": "2 - 25:4",
            "label": "Ball out of play",
            "position": "1504000",
            "half": "2",
            "confidence": "0.8155721426010132"
        },
        {
            "gameTime": "2 - 0:39",
            "label": "Ball out of play",
            "position": "39500",
            "half": "2",
            "confidence": "0.8061635494232178"
        },
        {
            "gameTime": "2 - 1:2",
            "label": "Ball out of play",
            "position": "62000",
            "half": "2",
            "confidence": "0.8047440052032471"
        },
        {
            "gameTime": "2 - 14:54",
            "label": "Ball out of play",
            "position": "894500",
            "half": "2",
            "confidence": "0.8043315410614014"
        },
        {
            "gameTime": "2 - 0:21",
            "label": "Ball out of play",
            "position": "21500",
            "half": "2",
            "confidence": "0.8031661510467529"
        },
        {
            "gameTime": "2 - 4:6",
            "label": "Ball out of play",
            "position": "246000",
            "half": "2",
            "confidence": "0.8000436425209045"
        },
        {
            "gameTime": "2 - 23:26",
            "label": "Ball out of play",
            "position": "1406000",
            "half": "2",
            "confidence": "0.7939009666442871"
        },
        {
            "gameTime": "2 - 30:52",
            "label": "Ball out of play",
            "position": "1852000",
            "half": "2",
            "confidence": "0.7874174118041992"
        },
        {
            "gameTime": "2 - 29:31",
            "label": "Ball out of play",
            "position": "1771500",
            "half": "2",
            "confidence": "0.7868830561637878"
        },
        {
            "gameTime": "2 - 28:5",
            "label": "Ball out of play",
            "position": "1685000",
            "half": "2",
            "confidence": "0.7700182199478149"
        },
        {
            "gameTime": "2 - 19:24",
            "label": "Ball out of play",
            "position": "1164500",
            "half": "2",
            "confidence": "0.7563588619232178"
        },
        {
            "gameTime": "2 - 5:4",
            "label": "Ball out of play",
            "position": "304000",
            "half": "2",
            "confidence": "0.7461956143379211"
        },
        {
            "gameTime": "2 - 12:52",
            "label": "Ball out of play",
            "position": "772000",
            "half": "2",
            "confidence": "0.7438273429870605"
        },
        {
            "gameTime": "2 - 10:43",
            "label": "Ball out of play",
            "position": "643500",
            "half": "2",
            "confidence": "0.7427657842636108"
        },
        {
            "gameTime": "2 - 19:47",
            "label": "Ball out of play",
            "position": "1187500",
            "half": "2",
            "confidence": "0.7404600977897644"
        },
        {
            "gameTime": "2 - 31:24",
            "label": "Ball out of play",
            "position": "1884000",
            "half": "2",
            "confidence": "0.731319785118103"
        },
        {
            "gameTime": "2 - 25:14",
            "label": "Ball out of play",
            "position": "1514500",
            "half": "2",
            "confidence": "0.7298793196678162"
        },
        {
            "gameTime": "2 - 17:52",
            "label": "Ball out of play",
            "position": "1072000",
            "half": "2",
            "confidence": "0.7168931365013123"
        },
        {
            "gameTime": "2 - 29:44",
            "label": "Ball out of play",
            "position": "1784500",
            "half": "2",
            "confidence": "0.7159750461578369"
        },
        {
            "gameTime": "2 - 18:20",
            "label": "Ball out of play",
            "position": "1100000",
            "half": "2",
            "confidence": "0.7091668248176575"
        },
        {
            "gameTime": "2 - 41:55",
            "label": "Ball out of play",
            "position": "2515000",
            "half": "2",
            "confidence": "0.6911028623580933"
        },
        {
            "gameTime": "2 - 28:43",
            "label": "Ball out of play",
            "position": "1723500",
            "half": "2",
            "confidence": "0.6905837655067444"
        },
        {
            "gameTime": "2 - 41:39",
            "label": "Ball out of play",
            "position": "2499500",
            "half": "2",
            "confidence": "0.6848271489143372"
        },
        {
            "gameTime": "2 - 7:17",
            "label": "Ball out of play",
            "position": "437000",
            "half": "2",
            "confidence": "0.6839102506637573"
        },
        {
            "gameTime": "2 - 18:40",
            "label": "Ball out of play",
            "position": "1120500",
            "half": "2",
            "confidence": "0.6763467192649841"
        },
        {
            "gameTime": "2 - 15:44",
            "label": "Ball out of play",
            "position": "944000",
            "half": "2",
            "confidence": "0.6530179977416992"
        },
        {
            "gameTime": "2 - 40:10",
            "label": "Ball out of play",
            "position": "2410000",
            "half": "2",
            "confidence": "0.6347954273223877"
        },
        {
            "gameTime": "2 - 1:56",
            "label": "Ball out of play",
            "position": "116500",
            "half": "2",
            "confidence": "0.629631757736206"
        },
        {
            "gameTime": "2 - 31:2",
            "label": "Ball out of play",
            "position": "1862000",
            "half": "2",
            "confidence": "0.6218410134315491"
        },
        {
            "gameTime": "2 - 2:39",
            "label": "Ball out of play",
            "position": "159500",
            "half": "2",
            "confidence": "0.618990957736969"
        },
        {
            "gameTime": "2 - 15:33",
            "label": "Ball out of play",
            "position": "933500",
            "half": "2",
            "confidence": "0.6117979884147644"
        },
        {
            "gameTime": "2 - 27:28",
            "label": "Ball out of play",
            "position": "1648000",
            "half": "2",
            "confidence": "0.6057489514350891"
        },
        {
            "gameTime": "2 - 29:12",
            "label": "Ball out of play",
            "position": "1752000",
            "half": "2",
            "confidence": "0.5703386664390564"
        },
        {
            "gameTime": "2 - 18:2",
            "label": "Ball out of play",
            "position": "1082000",
            "half": "2",
            "confidence": "0.5659501552581787"
        },
        {
            "gameTime": "2 - 21:27",
            "label": "Ball out of play",
            "position": "1287500",
            "half": "2",
            "confidence": "0.5654395818710327"
        },
        {
            "gameTime": "2 - 11:30",
            "label": "Ball out of play",
            "position": "690500",
            "half": "2",
            "confidence": "0.5599092245101929"
        },
        {
            "gameTime": "2 - 21:3",
            "label": "Ball out of play",
            "position": "1263000",
            "half": "2",
            "confidence": "0.5510412454605103"
        },
        {
            "gameTime": "2 - 8:54",
            "label": "Ball out of play",
            "position": "534500",
            "half": "2",
            "confidence": "0.5276575088500977"
        },
        {
            "gameTime": "2 - 38:9",
            "label": "Ball out of play",
            "position": "2289500",
            "half": "2",
            "confidence": "0.5194607973098755"
        },
        {
            "gameTime": "2 - 13:27",
            "label": "Ball out of play",
            "position": "807500",
            "half": "2",
            "confidence": "0.517448365688324"
        },
        {
            "gameTime": "2 - 15:23",
            "label": "Ball out of play",
            "position": "923000",
            "half": "2",
            "confidence": "0.5026920437812805"
        },
        {
            "gameTime": "2 - 0:52",
            "label": "Throw-in",
            "position": "52000",
            "half": "2",
            "confidence": "0.9847519993782043"
        },
        {
            "gameTime": "2 - 21:28",
            "label": "Throw-in",
            "position": "1288000",
            "half": "2",
            "confidence": "0.963361918926239"
        },
        {
            "gameTime": "2 - 0:38",
            "label": "Throw-in",
            "position": "38500",
            "half": "2",
            "confidence": "0.959217369556427"
        },
        {
            "gameTime": "2 - 1:4",
            "label": "Throw-in",
            "position": "64500",
            "half": "2",
            "confidence": "0.8735616207122803"
        },
        {
            "gameTime": "2 - 24:23",
            "label": "Throw-in",
            "position": "1463500",
            "half": "2",
            "confidence": "0.8428225517272949"
        },
        {
            "gameTime": "2 - 18:49",
            "label": "Throw-in",
            "position": "1129500",
            "half": "2",
            "confidence": "0.8428118824958801"
        },
        {
            "gameTime": "2 - 19:35",
            "label": "Throw-in",
            "position": "1175000",
            "half": "2",
            "confidence": "0.7977019548416138"
        },
        {
            "gameTime": "2 - 40:10",
            "label": "Throw-in",
            "position": "2410000",
            "half": "2",
            "confidence": "0.7865951657295227"
        },
        {
            "gameTime": "2 - 38:55",
            "label": "Throw-in",
            "position": "2335500",
            "half": "2",
            "confidence": "0.7558042407035828"
        },
        {
            "gameTime": "2 - 0:23",
            "label": "Throw-in",
            "position": "23000",
            "half": "2",
            "confidence": "0.7239965796470642"
        },
        {
            "gameTime": "2 - 24:13",
            "label": "Throw-in",
            "position": "1453000",
            "half": "2",
            "confidence": "0.7132842540740967"
        },
        {
            "gameTime": "2 - 2:0",
            "label": "Throw-in",
            "position": "120000",
            "half": "2",
            "confidence": "0.6952842473983765"
        },
        {
            "gameTime": "2 - 15:44",
            "label": "Throw-in",
            "position": "944000",
            "half": "2",
            "confidence": "0.6866080164909363"
        },
        {
            "gameTime": "2 - 29:50",
            "label": "Throw-in",
            "position": "1790000",
            "half": "2",
            "confidence": "0.6724509596824646"
        },
        {
            "gameTime": "2 - 19:24",
            "label": "Throw-in",
            "position": "1164500",
            "half": "2",
            "confidence": "0.5708171129226685"
        },
        {
            "gameTime": "2 - 21:17",
            "label": "Throw-in",
            "position": "1277500",
            "half": "2",
            "confidence": "0.5707857608795166"
        },
        {
            "gameTime": "2 - 19:47",
            "label": "Throw-in",
            "position": "1187500",
            "half": "2",
            "confidence": "0.5606274008750916"
        },
        {
            "gameTime": "2 - 2:19",
            "label": "Throw-in",
            "position": "139000",
            "half": "2",
            "confidence": "0.5495750904083252"
        },
        {
            "gameTime": "2 - 22:25",
            "label": "Throw-in",
            "position": "1345500",
            "half": "2",
            "confidence": "0.5257182121276855"
        },
        {
            "gameTime": "2 - 6:41",
            "label": "Foul",
            "position": "401000",
            "half": "2",
            "confidence": "0.9419897198677063"
        },
        {
            "gameTime": "2 - 33:38",
            "label": "Foul",
            "position": "2018500",
            "half": "2",
            "confidence": "0.9131898880004883"
        },
        {
            "gameTime": "2 - 8:31",
            "label": "Foul",
            "position": "511000",
            "half": "2",
            "confidence": "0.8177114129066467"
        },
        {
            "gameTime": "2 - 7:10",
            "label": "Foul",
            "position": "430500",
            "half": "2",
            "confidence": "0.8120198845863342"
        },
        {
            "gameTime": "2 - 8:20",
            "label": "Foul",
            "position": "500000",
            "half": "2",
            "confidence": "0.7521998286247253"
        },
        {
            "gameTime": "2 - 44:46",
            "label": "Foul",
            "position": "2686000",
            "half": "2",
            "confidence": "0.7446833848953247"
        },
        {
            "gameTime": "2 - 38:28",
            "label": "Foul",
            "position": "2308500",
            "half": "2",
            "confidence": "0.6613289713859558"
        },
        {
            "gameTime": "2 - 44:35",
            "label": "Foul",
            "position": "2675500",
            "half": "2",
            "confidence": "0.6212098002433777"
        },
        {
            "gameTime": "2 - 38:18",
            "label": "Foul",
            "position": "2298000",
            "half": "2",
            "confidence": "0.5637415051460266"
        },
        {
            "gameTime": "2 - 35:29",
            "label": "Indirect free-kick",
            "position": "2129000",
            "half": "2",
            "confidence": "0.6783578395843506"
        },
        {
            "gameTime": "2 - 33:41",
            "label": "Indirect free-kick",
            "position": "2021500",
            "half": "2",
            "confidence": "0.6439302563667297"
        },
        {
            "gameTime": "2 - 29:12",
            "label": "Indirect free-kick",
            "position": "1752500",
            "half": "2",
            "confidence": "0.5357925891876221"
        },
        {
            "gameTime": "2 - 22:1",
            "label": "Indirect free-kick",
            "position": "1321500",
            "half": "2",
            "confidence": "0.5189085602760315"
        },
        {
            "gameTime": "2 - 38:0",
            "label": "Indirect free-kick",
            "position": "2280500",
            "half": "2",
            "confidence": "0.5053250193595886"
        },
        {
            "gameTime": "2 - 7:4",
            "label": "Direct free-kick",
            "position": "424000",
            "half": "2",
            "confidence": "0.9574037790298462"
        },
        {
            "gameTime": "2 - 8:52",
            "label": "Direct free-kick",
            "position": "532500",
            "half": "2",
            "confidence": "0.9423325061798096"
        },
        {
            "gameTime": "2 - 4:53",
            "label": "Direct free-kick",
            "position": "293500",
            "half": "2",
            "confidence": "0.8666561245918274"
        },
        {
            "gameTime": "2 - 5:9",
            "label": "Direct free-kick",
            "position": "309500",
            "half": "2",
            "confidence": "0.7088651657104492"
        },
        {
            "gameTime": "2 - 41:32",
            "label": "Corner",
            "position": "2492500",
            "half": "2",
            "confidence": "0.9985805749893188"
        },
        {
            "gameTime": "2 - 25:9",
            "label": "Corner",
            "position": "1509500",
            "half": "2",
            "confidence": "0.9605166912078857"
        },
        {
            "gameTime": "2 - 18:2",
            "label": "Corner",
            "position": "1082500",
            "half": "2",
            "confidence": "0.9469649195671082"
        },
        {
            "gameTime": "2 - 41:42",
            "label": "Corner",
            "position": "2502500",
            "half": "2",
            "confidence": "0.9301213026046753"
        },
        {
            "gameTime": "2 - 17:52",
            "label": "Corner",
            "position": "1072000",
            "half": "2",
            "confidence": "0.791754961013794"
        },
        {
            "gameTime": "2 - 42:28",
            "label": "Corner",
            "position": "2548000",
            "half": "2",
            "confidence": "0.7290443778038025"
        },
        {
            "gameTime": "2 - 25:19",
            "label": "Corner",
            "position": "1519500",
            "half": "2",
            "confidence": "0.7118613123893738"
        },
        {
            "gameTime": "2 - 24:56",
            "label": "Corner",
            "position": "1496500",
            "half": "2",
            "confidence": "0.5664957761764526"
        },
        {
            "gameTime": "2 - 38:32",
            "label": "Yellow card",
            "position": "2312500",
            "half": "2",
            "confidence": "0.9459934234619141"
        },
        {
            "gameTime": "2 - 38:22",
            "label": "Yellow card",
            "position": "2302000",
            "half": "2",
            "confidence": "0.5970336198806763"
        },
        {
            "gameTime": "2 - 8:30",
            "label": "Yellow card",
            "position": "510500",
            "half": "2",
            "confidence": "0.5557299852371216"
        }
    ]
}