{
    "UrlLocal": "germany_bundesliga/2016-2017/2016-09-30 - 18-00 Leipzig 2 - 1 Augsburg",
    "UrlYoutube": "",
    "annotations": [
        {
            "change_type": "",
            "gameTime": "1 - 02:28",
            "label": "",
            "position": "148801",
            "replay": "real-time"
        },
        {
            "change_type": "",
            "gameTime": "1 - 02:34",
            "label": "",
            "link": "",
            "position": "154987",
            "replay": "replay"
        },
        {
            "change_type": "",
            "gameTime": "1 - 06:03",
            "label": "",
            "position": "363213",
            "replay": "real-time"
        },
        {
            "change_type": "",
            "gameTime": "1 - 06:13",
            "label": "",
            "position": "373649",
            "replay": "other"
        },
        {
            "change_type": "",
            "gameTime": "1 - 11:01",
            "label": "",
            "position": "661850",
            "replay": "real-time"
        },
        {
            "change_type": "",
            "gameTime": "1 - 11:11",
            "label": "",
            "link": "",
            "position": "671422",
            "replay": "replay"
        },
        {
            "change_type": "",
            "gameTime": "1 - 11:16",
            "label": "",
            "link": "",
            "position": "676872",
            "replay": "replay"
        },
        {
            "change_type": "",
            "gameTime": "1 - 11:25",
            "label": "",
            "link": "",
            "position": "685304",
            "replay": "replay"
        },
        {
            "change_type": "",
            "gameTime": "1 - 11:44",
            "label": "",
            "link": "",
            "position": "704134",
            "replay": "replay"
        },
        {
            "change_type": "",
            "gameTime": "1 - 13:51",
            "label": "",
            "position": "831292",
            "replay": "real-time"
        },
        {
            "change_type": "",
            "gameTime": "1 - 14:03",
            "label": "",
            "link": "",
            "position": "843690",
            "replay": "replay"
        },
        {
            "change_type": "",
            "gameTime": "1 - 14:12",
            "label": "",
            "link": "",
            "position": "852002",
            "replay": "replay"
        },
        {
            "change_type": "",
            "gameTime": "1 - 14:18",
            "label": "",
            "link": "",
            "position": "858918",
            "replay": "replay"
        },
        {
            "change_type": "",
            "gameTime": "1 - 22:16",
            "label": "",
            "position": "1336929",
            "replay": "real-time"
        },
        {
            "change_type": "",
            "gameTime": "1 - 22:22",
            "label": "",
            "link": "",
            "position": "1342972",
            "replay": "replay"
        },
        {
            "change_type": "",
            "gameTime": "1 - 24:37",
            "label": "",
            "position": "1477728",
            "replay": "real-time"
        },
        {
            "change_type": "",
            "gameTime": "1 - 24:48",
            "label": "",
            "link": "",
            "position": "1488096",
            "replay": "replay"
        },
        {
            "change_type": "",
            "gameTime": "1 - 25:33",
            "label": "",
            "position": "1533389",
            "replay": "real-time"
        },
        {
            "change_type": "",
            "gameTime": "1 - 25:40",
            "label": "",
            "link": "",
            "position": "1540959",
            "replay": "replay"
        },
        {
            "change_type": "",
            "gameTime": "1 - 25:48",
            "label": "",
            "link": "",
            "position": "1548809",
            "replay": "replay"
        },
        {
            "change_type": "",
            "gameTime": "1 - 26:32",
            "label": "",
            "position": "1592831",
            "replay": "real-time"
        },
        {
            "change_type": "",
            "gameTime": "1 - 26:37",
            "label": "",
            "link": "",
            "position": "1597684",
            "replay": "replay"
        },
        {
            "change_type": "",
            "gameTime": "1 - 26:42",
            "label": "",
            "link": "",
            "position": "1602326",
            "replay": "replay"
        },
        {
            "change_type": "",
            "gameTime": "1 - 26:48",
            "label": "",
            "position": "1608869",
            "replay": "other"
        },
        {
            "change_type": "",
            "gameTime": "1 - 35:04",
            "label": "",
            "position": "2104216",
            "replay": "real-time"
        },
        {
            "change_type": "",
            "gameTime": "1 - 35:12",
            "label": "",
            "link": "",
            "position": "2112621",
            "replay": "replay"
        },
        {
            "change_type": "",
            "gameTime": "1 - 38:22",
            "label": "",
            "position": "2302804",
            "replay": "real-time"
        },
        {
            "change_type": "",
            "gameTime": "1 - 38:31",
            "label": "",
            "link": "",
            "position": "2311072",
            "replay": "replay"
        },
        {
            "change_type": "",
            "gameTime": "1 - 38:36",
            "label": "",
            "position": "2316329",
            "replay": "other"
        },
        {
            "change_type": "",
            "gameTime": "1 - 41:44",
            "label": "",
            "position": "2504990",
            "replay": "real-time"
        },
        {
            "change_type": "",
            "gameTime": "1 - 41:55",
            "label": "",
            "link": "",
            "position": "2515752",
            "replay": "replay"
        },
        {
            "change_type": "",
            "gameTime": "1 - 42:03",
            "label": "",
            "position": "2523142",
            "replay": "other"
        },
        {
            "change_type": "",
            "gameTime": "1 - 42:07",
            "label": "",
            "position": "2527234",
            "replay": "other"
        },
        {
            "change_type": "",
            "gameTime": "1 - 42:51",
            "label": "",
            "position": "2571264",
            "replay": "real-time"
        },
        {
            "change_type": "",
            "gameTime": "1 - 43:00",
            "label": "",
            "link": "",
            "position": "2580770",
            "replay": "replay"
        },
        {
            "change_type": "",
            "gameTime": "1 - 43:06",
            "label": "",
            "position": "2586521",
            "replay": "other"
        },
        {
            "change_type": "",
            "gameTime": "2 - 02:51",
            "label": "",
            "position": "171292",
            "replay": "real-time"
        },
        {
            "change_type": "",
            "gameTime": "2 - 02:58",
            "label": "",
            "link": "",
            "position": "178454",
            "replay": "replay"
        },
        {
            "change_type": "",
            "gameTime": "2 - 03:04",
            "label": "",
            "link": "",
            "position": "184966",
            "replay": "replay"
        },
        {
            "change_type": "",
            "gameTime": "2 - 04:00",
            "label": "",
            "position": "240401",
            "replay": "real-time"
        },
        {
            "change_type": "",
            "gameTime": "2 - 04:07",
            "label": "",
            "position": "247942",
            "replay": "other"
        },
        {
            "change_type": "",
            "gameTime": "2 - 06:23",
            "label": "",
            "position": "383674",
            "replay": "real-time"
        },
        {
            "change_type": "",
            "gameTime": "2 - 06:35",
            "label": "",
            "link": "",
            "position": "395213",
            "replay": "replay"
        },
        {
            "change_type": "",
            "gameTime": "2 - 06:39",
            "label": "",
            "link": "",
            "position": "399884",
            "replay": "replay"
        },
        {
            "change_type": "",
            "gameTime": "2 - 06:50",
            "label": "",
            "link": "",
            "position": "410917",
            "replay": "replay"
        },
        {
            "change_type": "",
            "gameTime": "2 - 07:48",
            "label": "",
            "position": "468861",
            "replay": "real-time"
        },
        {
            "change_type": "",
            "gameTime": "2 - 07:55",
            "label": "",
            "link": "",
            "position": "475336",
            "replay": "replay"
        },
        {
            "change_type": "",
            "gameTime": "2 - 15:31",
            "label": "",
            "position": "931301",
            "replay": "real-time"
        },
        {
            "change_type": "",
            "gameTime": "2 - 15:37",
            "label": "",
            "position": "937628",
            "replay": "other"
        },
        {
            "change_type": "",
            "gameTime": "2 - 15:44",
            "label": "",
            "link": "",
            "position": "944051",
            "replay": "replay"
        },
        {
            "change_type": "",
            "gameTime": "2 - 15:48",
            "label": "",
            "link": "",
            "position": "948466",
            "replay": "replay"
        },
        {
            "change_type": "",
            "gameTime": "2 - 19:03",
            "label": "",
            "position": "1143753",
            "replay": "real-time"
        },
        {
            "change_type": "",
            "gameTime": "2 - 19:10",
            "label": "",
            "link": "",
            "position": "1150693",
            "replay": "replay"
        },
        {
            "change_type": "",
            "gameTime": "2 - 19:16",
            "label": "",
            "link": "",
            "position": "1156229",
            "replay": "replay"
        },
        {
            "change_type": "",
            "gameTime": "2 - 19:20",
            "label": "",
            "position": "1160631",
            "replay": "other"
        },
        {
            "change_type": "",
            "gameTime": "2 - 19:25",
            "label": "",
            "position": "1165711",
            "replay": "other"
        },
        {
            "change_type": "",
            "gameTime": "2 - 19:30",
            "label": "",
            "position": "1170358",
            "replay": "other"
        },
        {
            "change_type": "",
            "gameTime": "2 - 22:56",
            "label": "",
            "position": "1376350",
            "replay": "real-time"
        },
        {
            "change_type": "",
            "gameTime": "2 - 23:05",
            "label": "",
            "link": "",
            "position": "1385143",
            "replay": "replay"
        },
        {
            "change_type": "",
            "gameTime": "2 - 29:36",
            "label": "",
            "position": "1776289",
            "replay": "real-time"
        },
        {
            "change_type": "",
            "gameTime": "2 - 29:42",
            "label": "",
            "position": "1782296",
            "replay": "other"
        },
        {
            "change_type": "",
            "gameTime": "2 - 29:52",
            "label": "",
            "position": "1792617",
            "replay": "other"
        },
        {
            "change_type": "",
            "gameTime": "2 - 30:24",
            "label": "",
            "position": "1824861",
            "replay": "real-time"
        },
        {
            "change_type": "",
            "gameTime": "2 - 30:31",
            "label": "",
            "link": "",
            "position": "1831467",
            "replay": "replay"
        },
        {
            "change_type": "",
            "gameTime": "2 - 32:26",
            "label": "",
            "position": "1946731",
            "replay": "real-time"
        },
        {
            "change_type": "",
            "gameTime": "2 - 32:35",
            "label": "",
            "link": "",
            "position": "1955714",
            "replay": "replay"
        },
        {
            "change_type": "",
            "gameTime": "2 - 33:54",
            "label": "",
            "position": "2034600",
            "replay": "real-time"
        },
        {
            "change_type": "",
            "gameTime": "2 - 34:00",
            "label": "",
            "link": "",
            "position": "2040569",
            "replay": "replay"
        },
        {
            "change_type": "",
            "gameTime": "2 - 34:56",
            "label": "",
            "position": "2096554",
            "replay": "real-time"
        },
        {
            "change_type": "",
            "gameTime": "2 - 35:03",
            "label": "",
            "link": "",
            "position": "2103698",
            "replay": "replay"
        },
        {
            "change_type": "",
            "gameTime": "2 - 36:03",
            "label": "",
            "position": "2163184",
            "replay": "real-time"
        },
        {
            "change_type": "",
            "gameTime": "2 - 36:10",
            "label": "",
            "link": "",
            "position": "2170266",
            "replay": "replay"
        },
        {
            "change_type": "",
            "gameTime": "2 - 38:35",
            "label": "",
            "position": "2315262",
            "replay": "real-time"
        },
        {
            "change_type": "",
            "gameTime": "2 - 38:43",
            "label": "",
            "link": "",
            "position": "2323116",
            "replay": "replay"
        },
        {
            "change_type": "",
            "gameTime": "2 - 43:59",
            "label": "",
            "position": "2639559",
            "replay": "real-time"
        },
        {
            "change_type": "",
            "gameTime": "2 - 44:04",
            "label": "",
            "link": "",
            "position": "2644634",
            "replay": "replay"
        },
        {
            "change_type": "",
            "gameTime": "2 - 44:10",
            "label": "",
            "link": "",
            "position": "2650302",
            "replay": "replay"
        },
        {
            "change_type": "",
            "gameTime": "2 - 44:15",
            "label": "",
            "position": "2655432",
            "replay": "other"
        },
        {
            "change_type": "",
            "gameTime": "2 - 44:50",
            "label": "",
            "position": "2690050",
            "replay": "real-time"
        },
        {
            "change_type": "",
            "gameTime": "2 - 44:56",
            "label": "",
            "link": "",
            "position": "2696515",
            "replay": "replay"
        },
        {
            "change_type": "",
            "gameTime": "2 - 45:01",
            "label": "",
            "link": "",
            "position": "2701940",
            "replay": "replay"
        }
    ],
    "gameAwayTeam": "Augsburg",
    "gameDate": "2016-09-30 - 18-00",
    "gameHomeTeam": "Leipzig",
    "gameScore": "2 - 1"
}