{
    "UrlLocal": "england_epl/2016-2017/2017-02-04 - 18-00 Chelsea 3 - 1 Arsenal",
    "predictions": [
        {
            "gameTime": "1 - 15:17",
            "label": "Kick-off",
            "position": "917500",
            "half": "1",
            "confidence": "0.8952678442001343"
        },
        {
            "gameTime": "1 - 14:35",
            "label": "Kick-off",
            "position": "875000",
            "half": "1",
            "confidence": "0.8007305860519409"
        },
        {
            "gameTime": "1 - 0:1",
            "label": "Kick-off",
            "position": "1500",
            "half": "1",
            "confidence": "0.7786314487457275"
        },
        {
            "gameTime": "1 - 15:3",
            "label": "Kick-off",
            "position": "903000",
            "half": "1",
            "confidence": "0.7347043752670288"
        },
        {
            "gameTime": "1 - 12:38",
            "label": "Goal",
            "position": "758000",
            "half": "1",
            "confidence": "0.6088213324546814"
        },
        {
            "gameTime": "1 - 12:27",
            "label": "Goal",
            "position": "747500",
            "half": "1",
            "confidence": "0.563482940196991"
        },
        {
            "gameTime": "1 - 49:31",
            "label": "Substitution",
            "position": "2971000",
            "half": "1",
            "confidence": "0.6574088335037231"
        },
        {
            "gameTime": "1 - 7:28",
            "label": "Offside",
            "position": "448500",
            "half": "1",
            "confidence": "0.9750438928604126"
        },
        {
            "gameTime": "1 - 7:17",
            "label": "Offside",
            "position": "437000",
            "half": "1",
            "confidence": "0.9437962174415588"
        },
        {
            "gameTime": "1 - 12:38",
            "label": "Shots on target",
            "position": "758000",
            "half": "1",
            "confidence": "0.6634443998336792"
        },
        {
            "gameTime": "1 - 46:53",
            "label": "Shots on target",
            "position": "2813000",
            "half": "1",
            "confidence": "0.5254138112068176"
        },
        {
            "gameTime": "1 - 29:33",
            "label": "Shots on target",
            "position": "1773500",
            "half": "1",
            "confidence": "0.5200484991073608"
        },
        {
            "gameTime": "1 - 10:26",
            "label": "Shots off target",
            "position": "626000",
            "half": "1",
            "confidence": "0.8849132657051086"
        },
        {
            "gameTime": "1 - 37:23",
            "label": "Shots off target",
            "position": "2243000",
            "half": "1",
            "confidence": "0.7586247324943542"
        },
        {
            "gameTime": "1 - 1:36",
            "label": "Shots off target",
            "position": "96500",
            "half": "1",
            "confidence": "0.7083005905151367"
        },
        {
            "gameTime": "1 - 18:12",
            "label": "Shots off target",
            "position": "1092000",
            "half": "1",
            "confidence": "0.5309631824493408"
        },
        {
            "gameTime": "1 - 17:35",
            "label": "Shots off target",
            "position": "1055000",
            "half": "1",
            "confidence": "0.5265657901763916"
        },
        {
            "gameTime": "1 - 10:13",
            "label": "Shots off target",
            "position": "613500",
            "half": "1",
            "confidence": "0.5057903528213501"
        },
        {
            "gameTime": "1 - 30:6",
            "label": "Clearance",
            "position": "1806000",
            "half": "1",
            "confidence": "0.6002945303916931"
        },
        {
            "gameTime": "1 - 17:52",
            "label": "Clearance",
            "position": "1072500",
            "half": "1",
            "confidence": "0.5457109212875366"
        },
        {
            "gameTime": "1 - 0:47",
            "label": "Clearance",
            "position": "47500",
            "half": "1",
            "confidence": "0.5040042400360107"
        },
        {
            "gameTime": "1 - 25:41",
            "label": "Ball out of play",
            "position": "1541500",
            "half": "1",
            "confidence": "0.9780552983283997"
        },
        {
            "gameTime": "1 - 16:26",
            "label": "Ball out of play",
            "position": "986500",
            "half": "1",
            "confidence": "0.9398516416549683"
        },
        {
            "gameTime": "1 - 19:54",
            "label": "Ball out of play",
            "position": "1194000",
            "half": "1",
            "confidence": "0.9351567029953003"
        },
        {
            "gameTime": "1 - 45:5",
            "label": "Ball out of play",
            "position": "2705000",
            "half": "1",
            "confidence": "0.9241870045661926"
        },
        {
            "gameTime": "1 - 37:18",
            "label": "Ball out of play",
            "position": "2238000",
            "half": "1",
            "confidence": "0.9220560789108276"
        },
        {
            "gameTime": "1 - 19:43",
            "label": "Ball out of play",
            "position": "1183000",
            "half": "1",
            "confidence": "0.9174781441688538"
        },
        {
            "gameTime": "1 - 38:52",
            "label": "Ball out of play",
            "position": "2332000",
            "half": "1",
            "confidence": "0.9114280939102173"
        },
        {
            "gameTime": "1 - 37:28",
            "label": "Ball out of play",
            "position": "2248500",
            "half": "1",
            "confidence": "0.9064038395881653"
        },
        {
            "gameTime": "1 - 16:50",
            "label": "Ball out of play",
            "position": "1010500",
            "half": "1",
            "confidence": "0.8946526646614075"
        },
        {
            "gameTime": "1 - 17:4",
            "label": "Ball out of play",
            "position": "1024500",
            "half": "1",
            "confidence": "0.8890748620033264"
        },
        {
            "gameTime": "1 - 26:16",
            "label": "Ball out of play",
            "position": "1576500",
            "half": "1",
            "confidence": "0.8871523141860962"
        },
        {
            "gameTime": "1 - 18:13",
            "label": "Ball out of play",
            "position": "1093500",
            "half": "1",
            "confidence": "0.8815180063247681"
        },
        {
            "gameTime": "1 - 48:27",
            "label": "Ball out of play",
            "position": "2907000",
            "half": "1",
            "confidence": "0.8771867752075195"
        },
        {
            "gameTime": "1 - 12:26",
            "label": "Ball out of play",
            "position": "746000",
            "half": "1",
            "confidence": "0.873935341835022"
        },
        {
            "gameTime": "1 - 46:6",
            "label": "Ball out of play",
            "position": "2766500",
            "half": "1",
            "confidence": "0.8723792433738708"
        },
        {
            "gameTime": "1 - 25:31",
            "label": "Ball out of play",
            "position": "1531000",
            "half": "1",
            "confidence": "0.8704590797424316"
        },
        {
            "gameTime": "1 - 2:22",
            "label": "Ball out of play",
            "position": "142000",
            "half": "1",
            "confidence": "0.8682791590690613"
        },
        {
            "gameTime": "1 - 48:16",
            "label": "Ball out of play",
            "position": "2896500",
            "half": "1",
            "confidence": "0.8682568669319153"
        },
        {
            "gameTime": "1 - 21:40",
            "label": "Ball out of play",
            "position": "1300500",
            "half": "1",
            "confidence": "0.8640897870063782"
        },
        {
            "gameTime": "1 - 2:49",
            "label": "Ball out of play",
            "position": "169000",
            "half": "1",
            "confidence": "0.8575148582458496"
        },
        {
            "gameTime": "1 - 32:14",
            "label": "Ball out of play",
            "position": "1934000",
            "half": "1",
            "confidence": "0.8553364872932434"
        },
        {
            "gameTime": "1 - 1:44",
            "label": "Ball out of play",
            "position": "104500",
            "half": "1",
            "confidence": "0.8461349606513977"
        },
        {
            "gameTime": "1 - 17:17",
            "label": "Ball out of play",
            "position": "1037000",
            "half": "1",
            "confidence": "0.8452185392379761"
        },
        {
            "gameTime": "1 - 33:1",
            "label": "Ball out of play",
            "position": "1981500",
            "half": "1",
            "confidence": "0.8377383947372437"
        },
        {
            "gameTime": "1 - 30:16",
            "label": "Ball out of play",
            "position": "1816000",
            "half": "1",
            "confidence": "0.83473140001297"
        },
        {
            "gameTime": "1 - 43:31",
            "label": "Ball out of play",
            "position": "2611000",
            "half": "1",
            "confidence": "0.8322028517723083"
        },
        {
            "gameTime": "1 - 16:16",
            "label": "Ball out of play",
            "position": "976000",
            "half": "1",
            "confidence": "0.8201959133148193"
        },
        {
            "gameTime": "1 - 44:54",
            "label": "Ball out of play",
            "position": "2694500",
            "half": "1",
            "confidence": "0.8201644420623779"
        },
        {
            "gameTime": "1 - 2:34",
            "label": "Ball out of play",
            "position": "154500",
            "half": "1",
            "confidence": "0.7985177636146545"
        },
        {
            "gameTime": "1 - 25:51",
            "label": "Ball out of play",
            "position": "1551500",
            "half": "1",
            "confidence": "0.7982667684555054"
        },
        {
            "gameTime": "1 - 26:28",
            "label": "Ball out of play",
            "position": "1588000",
            "half": "1",
            "confidence": "0.7950804829597473"
        },
        {
            "gameTime": "1 - 8:20",
            "label": "Ball out of play",
            "position": "500000",
            "half": "1",
            "confidence": "0.7888959050178528"
        },
        {
            "gameTime": "1 - 8:32",
            "label": "Ball out of play",
            "position": "512500",
            "half": "1",
            "confidence": "0.7884777188301086"
        },
        {
            "gameTime": "1 - 2:59",
            "label": "Ball out of play",
            "position": "179500",
            "half": "1",
            "confidence": "0.7851188778877258"
        },
        {
            "gameTime": "1 - 33:46",
            "label": "Ball out of play",
            "position": "2026000",
            "half": "1",
            "confidence": "0.7829316854476929"
        },
        {
            "gameTime": "1 - 36:6",
            "label": "Ball out of play",
            "position": "2166000",
            "half": "1",
            "confidence": "0.7708515524864197"
        },
        {
            "gameTime": "1 - 46:57",
            "label": "Ball out of play",
            "position": "2817500",
            "half": "1",
            "confidence": "0.7498499155044556"
        },
        {
            "gameTime": "1 - 22:12",
            "label": "Ball out of play",
            "position": "1332000",
            "half": "1",
            "confidence": "0.7469777464866638"
        },
        {
            "gameTime": "1 - 10:30",
            "label": "Ball out of play",
            "position": "630000",
            "half": "1",
            "confidence": "0.7465023398399353"
        },
        {
            "gameTime": "1 - 21:29",
            "label": "Ball out of play",
            "position": "1289500",
            "half": "1",
            "confidence": "0.7442606687545776"
        },
        {
            "gameTime": "1 - 49:0",
            "label": "Ball out of play",
            "position": "2940000",
            "half": "1",
            "confidence": "0.7435281276702881"
        },
        {
            "gameTime": "1 - 32:24",
            "label": "Ball out of play",
            "position": "1944500",
            "half": "1",
            "confidence": "0.7421854734420776"
        },
        {
            "gameTime": "1 - 4:18",
            "label": "Ball out of play",
            "position": "258500",
            "half": "1",
            "confidence": "0.741793155670166"
        },
        {
            "gameTime": "1 - 1:9",
            "label": "Ball out of play",
            "position": "69000",
            "half": "1",
            "confidence": "0.7375268340110779"
        },
        {
            "gameTime": "1 - 38:41",
            "label": "Ball out of play",
            "position": "2321500",
            "half": "1",
            "confidence": "0.733567476272583"
        },
        {
            "gameTime": "1 - 1:34",
            "label": "Ball out of play",
            "position": "94000",
            "half": "1",
            "confidence": "0.7218947410583496"
        },
        {
            "gameTime": "1 - 5:55",
            "label": "Ball out of play",
            "position": "355500",
            "half": "1",
            "confidence": "0.7203707695007324"
        },
        {
            "gameTime": "1 - 36:51",
            "label": "Ball out of play",
            "position": "2211000",
            "half": "1",
            "confidence": "0.7202905416488647"
        },
        {
            "gameTime": "1 - 46:17",
            "label": "Ball out of play",
            "position": "2777000",
            "half": "1",
            "confidence": "0.7183557152748108"
        },
        {
            "gameTime": "1 - 12:36",
            "label": "Ball out of play",
            "position": "756000",
            "half": "1",
            "confidence": "0.7105129361152649"
        },
        {
            "gameTime": "1 - 43:4",
            "label": "Ball out of play",
            "position": "2584500",
            "half": "1",
            "confidence": "0.7089317440986633"
        },
        {
            "gameTime": "1 - 33:29",
            "label": "Ball out of play",
            "position": "2009500",
            "half": "1",
            "confidence": "0.7046987414360046"
        },
        {
            "gameTime": "1 - 45:30",
            "label": "Ball out of play",
            "position": "2730000",
            "half": "1",
            "confidence": "0.6980432868003845"
        },
        {
            "gameTime": "1 - 6:14",
            "label": "Ball out of play",
            "position": "374500",
            "half": "1",
            "confidence": "0.6919500231742859"
        },
        {
            "gameTime": "1 - 17:33",
            "label": "Ball out of play",
            "position": "1053500",
            "half": "1",
            "confidence": "0.6911114454269409"
        },
        {
            "gameTime": "1 - 5:14",
            "label": "Ball out of play",
            "position": "314000",
            "half": "1",
            "confidence": "0.6805164217948914"
        },
        {
            "gameTime": "1 - 40:5",
            "label": "Ball out of play",
            "position": "2405000",
            "half": "1",
            "confidence": "0.6753445267677307"
        },
        {
            "gameTime": "1 - 33:13",
            "label": "Ball out of play",
            "position": "1993500",
            "half": "1",
            "confidence": "0.6731241941452026"
        },
        {
            "gameTime": "1 - 28:0",
            "label": "Ball out of play",
            "position": "1680000",
            "half": "1",
            "confidence": "0.6700692772865295"
        },
        {
            "gameTime": "1 - 14:14",
            "label": "Ball out of play",
            "position": "854500",
            "half": "1",
            "confidence": "0.6631104946136475"
        },
        {
            "gameTime": "1 - 3:16",
            "label": "Ball out of play",
            "position": "196500",
            "half": "1",
            "confidence": "0.6551491022109985"
        },
        {
            "gameTime": "1 - 33:56",
            "label": "Ball out of play",
            "position": "2036000",
            "half": "1",
            "confidence": "0.6517457365989685"
        },
        {
            "gameTime": "1 - 43:41",
            "label": "Ball out of play",
            "position": "2621000",
            "half": "1",
            "confidence": "0.6402398943901062"
        },
        {
            "gameTime": "1 - 44:29",
            "label": "Ball out of play",
            "position": "2669500",
            "half": "1",
            "confidence": "0.6401508450508118"
        },
        {
            "gameTime": "1 - 18:3",
            "label": "Ball out of play",
            "position": "1083000",
            "half": "1",
            "confidence": "0.6300921440124512"
        },
        {
            "gameTime": "1 - 34:33",
            "label": "Ball out of play",
            "position": "2073000",
            "half": "1",
            "confidence": "0.6293198466300964"
        },
        {
            "gameTime": "1 - 36:40",
            "label": "Ball out of play",
            "position": "2200500",
            "half": "1",
            "confidence": "0.6256548166275024"
        },
        {
            "gameTime": "1 - 30:4",
            "label": "Ball out of play",
            "position": "1804500",
            "half": "1",
            "confidence": "0.6244398951530457"
        },
        {
            "gameTime": "1 - 32:1",
            "label": "Ball out of play",
            "position": "1921000",
            "half": "1",
            "confidence": "0.6171649098396301"
        },
        {
            "gameTime": "1 - 46:47",
            "label": "Ball out of play",
            "position": "2807000",
            "half": "1",
            "confidence": "0.6020004749298096"
        },
        {
            "gameTime": "1 - 42:54",
            "label": "Ball out of play",
            "position": "2574000",
            "half": "1",
            "confidence": "0.6002563238143921"
        },
        {
            "gameTime": "1 - 28:10",
            "label": "Ball out of play",
            "position": "1690000",
            "half": "1",
            "confidence": "0.5984749794006348"
        },
        {
            "gameTime": "1 - 18:43",
            "label": "Ball out of play",
            "position": "1123500",
            "half": "1",
            "confidence": "0.586270809173584"
        },
        {
            "gameTime": "1 - 1:20",
            "label": "Ball out of play",
            "position": "80000",
            "half": "1",
            "confidence": "0.5846970677375793"
        },
        {
            "gameTime": "1 - 43:20",
            "label": "Ball out of play",
            "position": "2600500",
            "half": "1",
            "confidence": "0.5448504686355591"
        },
        {
            "gameTime": "1 - 3:51",
            "label": "Ball out of play",
            "position": "231000",
            "half": "1",
            "confidence": "0.5395269989967346"
        },
        {
            "gameTime": "1 - 19:2",
            "label": "Ball out of play",
            "position": "1142500",
            "half": "1",
            "confidence": "0.5383775234222412"
        },
        {
            "gameTime": "1 - 4:30",
            "label": "Ball out of play",
            "position": "270000",
            "half": "1",
            "confidence": "0.5279065370559692"
        },
        {
            "gameTime": "1 - 30:31",
            "label": "Ball out of play",
            "position": "1831000",
            "half": "1",
            "confidence": "0.5205134153366089"
        },
        {
            "gameTime": "1 - 30:47",
            "label": "Ball out of play",
            "position": "1847000",
            "half": "1",
            "confidence": "0.5157400965690613"
        },
        {
            "gameTime": "1 - 10:18",
            "label": "Ball out of play",
            "position": "618000",
            "half": "1",
            "confidence": "0.5146289467811584"
        },
        {
            "gameTime": "1 - 29:39",
            "label": "Ball out of play",
            "position": "1779000",
            "half": "1",
            "confidence": "0.5109284520149231"
        },
        {
            "gameTime": "1 - 37:7",
            "label": "Ball out of play",
            "position": "2227500",
            "half": "1",
            "confidence": "0.5095986723899841"
        },
        {
            "gameTime": "1 - 37:38",
            "label": "Ball out of play",
            "position": "2258500",
            "half": "1",
            "confidence": "0.5073708891868591"
        },
        {
            "gameTime": "1 - 8:33",
            "label": "Throw-in",
            "position": "513500",
            "half": "1",
            "confidence": "0.9423311948776245"
        },
        {
            "gameTime": "1 - 8:23",
            "label": "Throw-in",
            "position": "503000",
            "half": "1",
            "confidence": "0.9316973686218262"
        },
        {
            "gameTime": "1 - 40:10",
            "label": "Throw-in",
            "position": "2410500",
            "half": "1",
            "confidence": "0.9164310097694397"
        },
        {
            "gameTime": "1 - 6:12",
            "label": "Throw-in",
            "position": "372500",
            "half": "1",
            "confidence": "0.9131276607513428"
        },
        {
            "gameTime": "1 - 26:35",
            "label": "Throw-in",
            "position": "1595500",
            "half": "1",
            "confidence": "0.8708348870277405"
        },
        {
            "gameTime": "1 - 4:18",
            "label": "Throw-in",
            "position": "258500",
            "half": "1",
            "confidence": "0.8660081624984741"
        },
        {
            "gameTime": "1 - 43:37",
            "label": "Throw-in",
            "position": "2617500",
            "half": "1",
            "confidence": "0.8639675378799438"
        },
        {
            "gameTime": "1 - 25:40",
            "label": "Throw-in",
            "position": "1540500",
            "half": "1",
            "confidence": "0.8637072443962097"
        },
        {
            "gameTime": "1 - 26:24",
            "label": "Throw-in",
            "position": "1584500",
            "half": "1",
            "confidence": "0.860116720199585"
        },
        {
            "gameTime": "1 - 6:22",
            "label": "Throw-in",
            "position": "382500",
            "half": "1",
            "confidence": "0.846643328666687"
        },
        {
            "gameTime": "1 - 19:43",
            "label": "Throw-in",
            "position": "1183000",
            "half": "1",
            "confidence": "0.8408190011978149"
        },
        {
            "gameTime": "1 - 5:55",
            "label": "Throw-in",
            "position": "355500",
            "half": "1",
            "confidence": "0.8398910164833069"
        },
        {
            "gameTime": "1 - 45:23",
            "label": "Throw-in",
            "position": "2723000",
            "half": "1",
            "confidence": "0.8067613244056702"
        },
        {
            "gameTime": "1 - 40:0",
            "label": "Throw-in",
            "position": "2400000",
            "half": "1",
            "confidence": "0.8031458854675293"
        },
        {
            "gameTime": "1 - 18:45",
            "label": "Throw-in",
            "position": "1125500",
            "half": "1",
            "confidence": "0.778772234916687"
        },
        {
            "gameTime": "1 - 46:6",
            "label": "Throw-in",
            "position": "2766500",
            "half": "1",
            "confidence": "0.777472734451294"
        },
        {
            "gameTime": "1 - 45:4",
            "label": "Throw-in",
            "position": "2704000",
            "half": "1",
            "confidence": "0.765919029712677"
        },
        {
            "gameTime": "1 - 44:22",
            "label": "Throw-in",
            "position": "2662000",
            "half": "1",
            "confidence": "0.7514564990997314"
        },
        {
            "gameTime": "1 - 45:34",
            "label": "Throw-in",
            "position": "2734000",
            "half": "1",
            "confidence": "0.7472373247146606"
        },
        {
            "gameTime": "1 - 33:58",
            "label": "Throw-in",
            "position": "2038500",
            "half": "1",
            "confidence": "0.7385075092315674"
        },
        {
            "gameTime": "1 - 43:26",
            "label": "Throw-in",
            "position": "2606000",
            "half": "1",
            "confidence": "0.6907784938812256"
        },
        {
            "gameTime": "1 - 4:28",
            "label": "Throw-in",
            "position": "268500",
            "half": "1",
            "confidence": "0.6768264174461365"
        },
        {
            "gameTime": "1 - 43:47",
            "label": "Throw-in",
            "position": "2627500",
            "half": "1",
            "confidence": "0.6485166549682617"
        },
        {
            "gameTime": "1 - 47:4",
            "label": "Throw-in",
            "position": "2824000",
            "half": "1",
            "confidence": "0.6347627639770508"
        },
        {
            "gameTime": "1 - 28:3",
            "label": "Throw-in",
            "position": "1683000",
            "half": "1",
            "confidence": "0.6217110753059387"
        },
        {
            "gameTime": "1 - 19:53",
            "label": "Throw-in",
            "position": "1193000",
            "half": "1",
            "confidence": "0.6047133803367615"
        },
        {
            "gameTime": "1 - 19:4",
            "label": "Throw-in",
            "position": "1144000",
            "half": "1",
            "confidence": "0.5906225442886353"
        },
        {
            "gameTime": "1 - 16:26",
            "label": "Throw-in",
            "position": "986500",
            "half": "1",
            "confidence": "0.5691011548042297"
        },
        {
            "gameTime": "1 - 30:18",
            "label": "Throw-in",
            "position": "1818000",
            "half": "1",
            "confidence": "0.5660165548324585"
        },
        {
            "gameTime": "1 - 25:50",
            "label": "Throw-in",
            "position": "1550500",
            "half": "1",
            "confidence": "0.5476722717285156"
        },
        {
            "gameTime": "1 - 7:1",
            "label": "Throw-in",
            "position": "421000",
            "half": "1",
            "confidence": "0.537115752696991"
        },
        {
            "gameTime": "1 - 33:48",
            "label": "Throw-in",
            "position": "2028000",
            "half": "1",
            "confidence": "0.5247191786766052"
        },
        {
            "gameTime": "1 - 46:16",
            "label": "Throw-in",
            "position": "2776500",
            "half": "1",
            "confidence": "0.5225224494934082"
        },
        {
            "gameTime": "1 - 47:49",
            "label": "Foul",
            "position": "2869500",
            "half": "1",
            "confidence": "0.7702178955078125"
        },
        {
            "gameTime": "1 - 10:16",
            "label": "Direct free-kick",
            "position": "616000",
            "half": "1",
            "confidence": "0.986775279045105"
        },
        {
            "gameTime": "1 - 24:24",
            "label": "Direct free-kick",
            "position": "1464000",
            "half": "1",
            "confidence": "0.9644842147827148"
        },
        {
            "gameTime": "1 - 24:34",
            "label": "Direct free-kick",
            "position": "1474000",
            "half": "1",
            "confidence": "0.8694628477096558"
        },
        {
            "gameTime": "1 - 29:19",
            "label": "Direct free-kick",
            "position": "1759500",
            "half": "1",
            "confidence": "0.8458468914031982"
        },
        {
            "gameTime": "1 - 10:26",
            "label": "Direct free-kick",
            "position": "626000",
            "half": "1",
            "confidence": "0.7223348617553711"
        },
        {
            "gameTime": "1 - 10:5",
            "label": "Direct free-kick",
            "position": "605500",
            "half": "1",
            "confidence": "0.6774305105209351"
        },
        {
            "gameTime": "1 - 3:21",
            "label": "Direct free-kick",
            "position": "201500",
            "half": "1",
            "confidence": "0.6349671483039856"
        },
        {
            "gameTime": "1 - 29:29",
            "label": "Direct free-kick",
            "position": "1769500",
            "half": "1",
            "confidence": "0.5052319169044495"
        },
        {
            "gameTime": "1 - 37:5",
            "label": "Direct free-kick",
            "position": "2225500",
            "half": "1",
            "confidence": "0.5020449161529541"
        },
        {
            "gameTime": "1 - 37:6",
            "label": "Corner",
            "position": "2226000",
            "half": "1",
            "confidence": "0.9797858595848083"
        },
        {
            "gameTime": "1 - 17:24",
            "label": "Corner",
            "position": "1044000",
            "half": "1",
            "confidence": "0.9525208473205566"
        },
        {
            "gameTime": "1 - 36:26",
            "label": "Corner",
            "position": "2186500",
            "half": "1",
            "confidence": "0.9344733953475952"
        },
        {
            "gameTime": "1 - 32:31",
            "label": "Corner",
            "position": "1951000",
            "half": "1",
            "confidence": "0.9221281409263611"
        },
        {
            "gameTime": "1 - 32:15",
            "label": "Corner",
            "position": "1935500",
            "half": "1",
            "confidence": "0.9134441614151001"
        },
        {
            "gameTime": "1 - 36:36",
            "label": "Corner",
            "position": "2196500",
            "half": "1",
            "confidence": "0.8543035387992859"
        },
        {
            "gameTime": "1 - 48:39",
            "label": "Corner",
            "position": "2919000",
            "half": "1",
            "confidence": "0.8436600565910339"
        },
        {
            "gameTime": "1 - 33:29",
            "label": "Corner",
            "position": "2009000",
            "half": "1",
            "confidence": "0.8169118762016296"
        },
        {
            "gameTime": "1 - 1:53",
            "label": "Corner",
            "position": "113500",
            "half": "1",
            "confidence": "0.8087716698646545"
        },
        {
            "gameTime": "1 - 16:56",
            "label": "Corner",
            "position": "1016000",
            "half": "1",
            "confidence": "0.8075023889541626"
        },
        {
            "gameTime": "1 - 26:10",
            "label": "Corner",
            "position": "1570500",
            "half": "1",
            "confidence": "0.699691116809845"
        },
        {
            "gameTime": "1 - 37:16",
            "label": "Corner",
            "position": "2236500",
            "half": "1",
            "confidence": "0.6753493547439575"
        },
        {
            "gameTime": "1 - 10:9",
            "label": "Corner",
            "position": "609000",
            "half": "1",
            "confidence": "0.6492070555686951"
        },
        {
            "gameTime": "1 - 16:45",
            "label": "Corner",
            "position": "1005500",
            "half": "1",
            "confidence": "0.6408453583717346"
        },
        {
            "gameTime": "1 - 2:49",
            "label": "Corner",
            "position": "169500",
            "half": "1",
            "confidence": "0.5788764953613281"
        },
        {
            "gameTime": "1 - 3:10",
            "label": "Corner",
            "position": "190500",
            "half": "1",
            "confidence": "0.5710421800613403"
        },
        {
            "gameTime": "1 - 10:19",
            "label": "Corner",
            "position": "619500",
            "half": "1",
            "confidence": "0.5684233903884888"
        },
        {
            "gameTime": "1 - 33:18",
            "label": "Corner",
            "position": "1998500",
            "half": "1",
            "confidence": "0.5150970220565796"
        },
        {
            "gameTime": "1 - 23:1",
            "label": "Yellow card",
            "position": "1381500",
            "half": "1",
            "confidence": "0.8030955791473389"
        },
        {
            "gameTime": "1 - 22:50",
            "label": "Yellow card",
            "position": "1370000",
            "half": "1",
            "confidence": "0.5788697600364685"
        },
        {
            "gameTime": "2 - 45:39",
            "label": "Kick-off",
            "position": "2739500",
            "half": "2",
            "confidence": "0.9683024287223816"
        },
        {
            "gameTime": "2 - 40:46",
            "label": "Kick-off",
            "position": "2446000",
            "half": "2",
            "confidence": "0.6402691006660461"
        },
        {
            "gameTime": "2 - 7:50",
            "label": "Goal",
            "position": "470500",
            "half": "2",
            "confidence": "0.9904628396034241"
        },
        {
            "gameTime": "2 - 7:40",
            "label": "Goal",
            "position": "460000",
            "half": "2",
            "confidence": "0.6999895572662354"
        },
        {
            "gameTime": "2 - 24:8",
            "label": "Substitution",
            "position": "1448000",
            "half": "2",
            "confidence": "0.9983494281768799"
        },
        {
            "gameTime": "2 - 24:18",
            "label": "Substitution",
            "position": "1458000",
            "half": "2",
            "confidence": "0.9775803089141846"
        },
        {
            "gameTime": "2 - 42:9",
            "label": "Substitution",
            "position": "2529000",
            "half": "2",
            "confidence": "0.9340947270393372"
        },
        {
            "gameTime": "2 - 19:14",
            "label": "Substitution",
            "position": "1154500",
            "half": "2",
            "confidence": "0.9177045822143555"
        },
        {
            "gameTime": "2 - 19:26",
            "label": "Substitution",
            "position": "1166500",
            "half": "2",
            "confidence": "0.9164723753929138"
        },
        {
            "gameTime": "2 - 41:58",
            "label": "Substitution",
            "position": "2518500",
            "half": "2",
            "confidence": "0.8091354370117188"
        },
        {
            "gameTime": "2 - 23:57",
            "label": "Substitution",
            "position": "1437500",
            "half": "2",
            "confidence": "0.7772119045257568"
        },
        {
            "gameTime": "2 - 37:53",
            "label": "Substitution",
            "position": "2273500",
            "half": "2",
            "confidence": "0.6681269407272339"
        },
        {
            "gameTime": "2 - 41:48",
            "label": "Substitution",
            "position": "2508000",
            "half": "2",
            "confidence": "0.5876948237419128"
        },
        {
            "gameTime": "2 - 7:50",
            "label": "Shots on target",
            "position": "470500",
            "half": "2",
            "confidence": "0.7822384834289551"
        },
        {
            "gameTime": "2 - 5:41",
            "label": "Shots off target",
            "position": "341500",
            "half": "2",
            "confidence": "0.5133283138275146"
        },
        {
            "gameTime": "2 - 19:36",
            "label": "Clearance",
            "position": "1176500",
            "half": "2",
            "confidence": "0.7495130300521851"
        },
        {
            "gameTime": "2 - 33:11",
            "label": "Clearance",
            "position": "1991500",
            "half": "2",
            "confidence": "0.621605396270752"
        },
        {
            "gameTime": "2 - 9:55",
            "label": "Clearance",
            "position": "595500",
            "half": "2",
            "confidence": "0.611372709274292"
        },
        {
            "gameTime": "2 - 40:32",
            "label": "Clearance",
            "position": "2432000",
            "half": "2",
            "confidence": "0.5567002892494202"
        },
        {
            "gameTime": "2 - 15:30",
            "label": "Ball out of play",
            "position": "930500",
            "half": "2",
            "confidence": "0.9529948830604553"
        },
        {
            "gameTime": "2 - 31:43",
            "label": "Ball out of play",
            "position": "1903500",
            "half": "2",
            "confidence": "0.9390958547592163"
        },
        {
            "gameTime": "2 - 9:18",
            "label": "Ball out of play",
            "position": "558500",
            "half": "2",
            "confidence": "0.9386119842529297"
        },
        {
            "gameTime": "2 - 34:31",
            "label": "Ball out of play",
            "position": "2071500",
            "half": "2",
            "confidence": "0.9166234731674194"
        },
        {
            "gameTime": "2 - 0:35",
            "label": "Ball out of play",
            "position": "35000",
            "half": "2",
            "confidence": "0.8925298452377319"
        },
        {
            "gameTime": "2 - 40:22",
            "label": "Ball out of play",
            "position": "2422000",
            "half": "2",
            "confidence": "0.8839408159255981"
        },
        {
            "gameTime": "2 - 24:32",
            "label": "Ball out of play",
            "position": "1472000",
            "half": "2",
            "confidence": "0.8791866302490234"
        },
        {
            "gameTime": "2 - 36:28",
            "label": "Ball out of play",
            "position": "2188500",
            "half": "2",
            "confidence": "0.8691316843032837"
        },
        {
            "gameTime": "2 - 6:45",
            "label": "Ball out of play",
            "position": "405000",
            "half": "2",
            "confidence": "0.867706298828125"
        },
        {
            "gameTime": "2 - 19:10",
            "label": "Ball out of play",
            "position": "1150000",
            "half": "2",
            "confidence": "0.8650457262992859"
        },
        {
            "gameTime": "2 - 32:14",
            "label": "Ball out of play",
            "position": "1934500",
            "half": "2",
            "confidence": "0.8469820022583008"
        },
        {
            "gameTime": "2 - 22:28",
            "label": "Ball out of play",
            "position": "1348500",
            "half": "2",
            "confidence": "0.8259483575820923"
        },
        {
            "gameTime": "2 - 31:27",
            "label": "Ball out of play",
            "position": "1887000",
            "half": "2",
            "confidence": "0.8221832513809204"
        },
        {
            "gameTime": "2 - 32:42",
            "label": "Ball out of play",
            "position": "1962500",
            "half": "2",
            "confidence": "0.8198001384735107"
        },
        {
            "gameTime": "2 - 0:45",
            "label": "Ball out of play",
            "position": "45000",
            "half": "2",
            "confidence": "0.8122450709342957"
        },
        {
            "gameTime": "2 - 11:28",
            "label": "Ball out of play",
            "position": "688500",
            "half": "2",
            "confidence": "0.7970141172409058"
        },
        {
            "gameTime": "2 - 31:53",
            "label": "Ball out of play",
            "position": "1913500",
            "half": "2",
            "confidence": "0.7894213795661926"
        },
        {
            "gameTime": "2 - 15:42",
            "label": "Ball out of play",
            "position": "942000",
            "half": "2",
            "confidence": "0.7862221002578735"
        },
        {
            "gameTime": "2 - 44:40",
            "label": "Ball out of play",
            "position": "2680500",
            "half": "2",
            "confidence": "0.7814247608184814"
        },
        {
            "gameTime": "2 - 6:55",
            "label": "Ball out of play",
            "position": "415500",
            "half": "2",
            "confidence": "0.7802445292472839"
        },
        {
            "gameTime": "2 - 47:14",
            "label": "Ball out of play",
            "position": "2834000",
            "half": "2",
            "confidence": "0.7781432867050171"
        },
        {
            "gameTime": "2 - 18:59",
            "label": "Ball out of play",
            "position": "1139500",
            "half": "2",
            "confidence": "0.7748505473136902"
        },
        {
            "gameTime": "2 - 33:47",
            "label": "Ball out of play",
            "position": "2027000",
            "half": "2",
            "confidence": "0.7737221121788025"
        },
        {
            "gameTime": "2 - 48:17",
            "label": "Ball out of play",
            "position": "2897000",
            "half": "2",
            "confidence": "0.7715421319007874"
        },
        {
            "gameTime": "2 - 32:27",
            "label": "Ball out of play",
            "position": "1947000",
            "half": "2",
            "confidence": "0.7539141178131104"
        },
        {
            "gameTime": "2 - 20:11",
            "label": "Ball out of play",
            "position": "1211500",
            "half": "2",
            "confidence": "0.7518535852432251"
        },
        {
            "gameTime": "2 - 26:39",
            "label": "Ball out of play",
            "position": "1599500",
            "half": "2",
            "confidence": "0.7387477159500122"
        },
        {
            "gameTime": "2 - 20:53",
            "label": "Ball out of play",
            "position": "1253000",
            "half": "2",
            "confidence": "0.7364768385887146"
        },
        {
            "gameTime": "2 - 48:27",
            "label": "Ball out of play",
            "position": "2907000",
            "half": "2",
            "confidence": "0.7347643971443176"
        },
        {
            "gameTime": "2 - 29:29",
            "label": "Ball out of play",
            "position": "1769500",
            "half": "2",
            "confidence": "0.7215672731399536"
        },
        {
            "gameTime": "2 - 34:21",
            "label": "Ball out of play",
            "position": "2061000",
            "half": "2",
            "confidence": "0.7151795625686646"
        },
        {
            "gameTime": "2 - 47:26",
            "label": "Ball out of play",
            "position": "2846000",
            "half": "2",
            "confidence": "0.7100043892860413"
        },
        {
            "gameTime": "2 - 36:38",
            "label": "Ball out of play",
            "position": "2198500",
            "half": "2",
            "confidence": "0.6966385841369629"
        },
        {
            "gameTime": "2 - 32:3",
            "label": "Ball out of play",
            "position": "1923500",
            "half": "2",
            "confidence": "0.6773986220359802"
        },
        {
            "gameTime": "2 - 39:41",
            "label": "Ball out of play",
            "position": "2381000",
            "half": "2",
            "confidence": "0.6763399839401245"
        },
        {
            "gameTime": "2 - 41:17",
            "label": "Ball out of play",
            "position": "2477500",
            "half": "2",
            "confidence": "0.6681453585624695"
        },
        {
            "gameTime": "2 - 15:57",
            "label": "Ball out of play",
            "position": "957000",
            "half": "2",
            "confidence": "0.6594351530075073"
        },
        {
            "gameTime": "2 - 1:58",
            "label": "Ball out of play",
            "position": "118000",
            "half": "2",
            "confidence": "0.6574364304542542"
        },
        {
            "gameTime": "2 - 0:24",
            "label": "Ball out of play",
            "position": "24500",
            "half": "2",
            "confidence": "0.6474416851997375"
        },
        {
            "gameTime": "2 - 20:22",
            "label": "Ball out of play",
            "position": "1222000",
            "half": "2",
            "confidence": "0.6342245936393738"
        },
        {
            "gameTime": "2 - 29:18",
            "label": "Ball out of play",
            "position": "1758000",
            "half": "2",
            "confidence": "0.6229357123374939"
        },
        {
            "gameTime": "2 - 7:42",
            "label": "Ball out of play",
            "position": "462000",
            "half": "2",
            "confidence": "0.6208063364028931"
        },
        {
            "gameTime": "2 - 2:14",
            "label": "Ball out of play",
            "position": "134000",
            "half": "2",
            "confidence": "0.61967533826828"
        },
        {
            "gameTime": "2 - 26:24",
            "label": "Ball out of play",
            "position": "1584000",
            "half": "2",
            "confidence": "0.6168454885482788"
        },
        {
            "gameTime": "2 - 20:42",
            "label": "Ball out of play",
            "position": "1242000",
            "half": "2",
            "confidence": "0.6112871766090393"
        },
        {
            "gameTime": "2 - 2:26",
            "label": "Ball out of play",
            "position": "146000",
            "half": "2",
            "confidence": "0.5916978716850281"
        },
        {
            "gameTime": "2 - 3:7",
            "label": "Ball out of play",
            "position": "187000",
            "half": "2",
            "confidence": "0.5893858671188354"
        },
        {
            "gameTime": "2 - 22:42",
            "label": "Ball out of play",
            "position": "1362000",
            "half": "2",
            "confidence": "0.5789473056793213"
        },
        {
            "gameTime": "2 - 33:57",
            "label": "Ball out of play",
            "position": "2037000",
            "half": "2",
            "confidence": "0.5788280963897705"
        },
        {
            "gameTime": "2 - 22:58",
            "label": "Ball out of play",
            "position": "1378000",
            "half": "2",
            "confidence": "0.5706573128700256"
        },
        {
            "gameTime": "2 - 23:43",
            "label": "Ball out of play",
            "position": "1423000",
            "half": "2",
            "confidence": "0.5693226456642151"
        },
        {
            "gameTime": "2 - 35:2",
            "label": "Ball out of play",
            "position": "2102000",
            "half": "2",
            "confidence": "0.5683438777923584"
        },
        {
            "gameTime": "2 - 5:37",
            "label": "Ball out of play",
            "position": "337500",
            "half": "2",
            "confidence": "0.5612235069274902"
        },
        {
            "gameTime": "2 - 12:16",
            "label": "Ball out of play",
            "position": "736000",
            "half": "2",
            "confidence": "0.5605600476264954"
        },
        {
            "gameTime": "2 - 44:29",
            "label": "Ball out of play",
            "position": "2669500",
            "half": "2",
            "confidence": "0.5583612322807312"
        },
        {
            "gameTime": "2 - 37:41",
            "label": "Ball out of play",
            "position": "2261000",
            "half": "2",
            "confidence": "0.5522830486297607"
        },
        {
            "gameTime": "2 - 40:32",
            "label": "Ball out of play",
            "position": "2432000",
            "half": "2",
            "confidence": "0.5502992272377014"
        },
        {
            "gameTime": "2 - 5:54",
            "label": "Ball out of play",
            "position": "354000",
            "half": "2",
            "confidence": "0.5463164448738098"
        },
        {
            "gameTime": "2 - 30:47",
            "label": "Ball out of play",
            "position": "1847000",
            "half": "2",
            "confidence": "0.5443788170814514"
        },
        {
            "gameTime": "2 - 27:11",
            "label": "Ball out of play",
            "position": "1631500",
            "half": "2",
            "confidence": "0.5411174893379211"
        },
        {
            "gameTime": "2 - 24:46",
            "label": "Ball out of play",
            "position": "1486000",
            "half": "2",
            "confidence": "0.5285179615020752"
        },
        {
            "gameTime": "2 - 2:36",
            "label": "Ball out of play",
            "position": "156000",
            "half": "2",
            "confidence": "0.5190593600273132"
        },
        {
            "gameTime": "2 - 10:6",
            "label": "Ball out of play",
            "position": "606500",
            "half": "2",
            "confidence": "0.5165563821792603"
        },
        {
            "gameTime": "2 - 3:17",
            "label": "Ball out of play",
            "position": "197500",
            "half": "2",
            "confidence": "0.5133360624313354"
        },
        {
            "gameTime": "2 - 12:5",
            "label": "Ball out of play",
            "position": "725500",
            "half": "2",
            "confidence": "0.5065141916275024"
        },
        {
            "gameTime": "2 - 23:8",
            "label": "Ball out of play",
            "position": "1388500",
            "half": "2",
            "confidence": "0.5054075121879578"
        },
        {
            "gameTime": "2 - 39:51",
            "label": "Ball out of play",
            "position": "2391000",
            "half": "2",
            "confidence": "0.502833366394043"
        },
        {
            "gameTime": "2 - 24:33",
            "label": "Throw-in",
            "position": "1473500",
            "half": "2",
            "confidence": "0.9533656239509583"
        },
        {
            "gameTime": "2 - 0:38",
            "label": "Throw-in",
            "position": "38000",
            "half": "2",
            "confidence": "0.9249640107154846"
        },
        {
            "gameTime": "2 - 0:27",
            "label": "Throw-in",
            "position": "27500",
            "half": "2",
            "confidence": "0.8957813382148743"
        },
        {
            "gameTime": "2 - 42:30",
            "label": "Throw-in",
            "position": "2550000",
            "half": "2",
            "confidence": "0.8934458494186401"
        },
        {
            "gameTime": "2 - 0:48",
            "label": "Throw-in",
            "position": "48000",
            "half": "2",
            "confidence": "0.8786032795906067"
        },
        {
            "gameTime": "2 - 11:28",
            "label": "Throw-in",
            "position": "688500",
            "half": "2",
            "confidence": "0.8672963976860046"
        },
        {
            "gameTime": "2 - 20:16",
            "label": "Throw-in",
            "position": "1216000",
            "half": "2",
            "confidence": "0.8278213143348694"
        },
        {
            "gameTime": "2 - 3:21",
            "label": "Throw-in",
            "position": "201000",
            "half": "2",
            "confidence": "0.7955918312072754"
        },
        {
            "gameTime": "2 - 47:14",
            "label": "Throw-in",
            "position": "2834500",
            "half": "2",
            "confidence": "0.7697793841362"
        },
        {
            "gameTime": "2 - 18:55",
            "label": "Throw-in",
            "position": "1135500",
            "half": "2",
            "confidence": "0.7561056017875671"
        },
        {
            "gameTime": "2 - 33:33",
            "label": "Throw-in",
            "position": "2013000",
            "half": "2",
            "confidence": "0.7538660764694214"
        },
        {
            "gameTime": "2 - 11:41",
            "label": "Throw-in",
            "position": "701500",
            "half": "2",
            "confidence": "0.7469460368156433"
        },
        {
            "gameTime": "2 - 20:26",
            "label": "Throw-in",
            "position": "1226500",
            "half": "2",
            "confidence": "0.7434381246566772"
        },
        {
            "gameTime": "2 - 3:10",
            "label": "Throw-in",
            "position": "190500",
            "half": "2",
            "confidence": "0.7087329030036926"
        },
        {
            "gameTime": "2 - 31:44",
            "label": "Throw-in",
            "position": "1904500",
            "half": "2",
            "confidence": "0.67465740442276"
        },
        {
            "gameTime": "2 - 2:25",
            "label": "Throw-in",
            "position": "145500",
            "half": "2",
            "confidence": "0.67253577709198"
        },
        {
            "gameTime": "2 - 24:23",
            "label": "Throw-in",
            "position": "1463000",
            "half": "2",
            "confidence": "0.6624394059181213"
        },
        {
            "gameTime": "2 - 26:45",
            "label": "Throw-in",
            "position": "1605000",
            "half": "2",
            "confidence": "0.6605675220489502"
        },
        {
            "gameTime": "2 - 2:40",
            "label": "Throw-in",
            "position": "160000",
            "half": "2",
            "confidence": "0.6572261452674866"
        },
        {
            "gameTime": "2 - 44:52",
            "label": "Throw-in",
            "position": "2692000",
            "half": "2",
            "confidence": "0.640026867389679"
        },
        {
            "gameTime": "2 - 19:5",
            "label": "Throw-in",
            "position": "1145500",
            "half": "2",
            "confidence": "0.623171329498291"
        },
        {
            "gameTime": "2 - 47:43",
            "label": "Throw-in",
            "position": "2863000",
            "half": "2",
            "confidence": "0.6060550808906555"
        },
        {
            "gameTime": "2 - 15:37",
            "label": "Throw-in",
            "position": "937000",
            "half": "2",
            "confidence": "0.5942261815071106"
        },
        {
            "gameTime": "2 - 29:31",
            "label": "Throw-in",
            "position": "1771000",
            "half": "2",
            "confidence": "0.5897111892700195"
        },
        {
            "gameTime": "2 - 36:26",
            "label": "Throw-in",
            "position": "2186500",
            "half": "2",
            "confidence": "0.5774152874946594"
        },
        {
            "gameTime": "2 - 25:14",
            "label": "Throw-in",
            "position": "1514500",
            "half": "2",
            "confidence": "0.5755302906036377"
        },
        {
            "gameTime": "2 - 2:15",
            "label": "Throw-in",
            "position": "135000",
            "half": "2",
            "confidence": "0.5734562873840332"
        },
        {
            "gameTime": "2 - 33:22",
            "label": "Throw-in",
            "position": "2002500",
            "half": "2",
            "confidence": "0.5699947476387024"
        },
        {
            "gameTime": "2 - 1:58",
            "label": "Throw-in",
            "position": "118000",
            "half": "2",
            "confidence": "0.5618677735328674"
        },
        {
            "gameTime": "2 - 27:11",
            "label": "Throw-in",
            "position": "1631500",
            "half": "2",
            "confidence": "0.5419245362281799"
        },
        {
            "gameTime": "2 - 11:52",
            "label": "Throw-in",
            "position": "712000",
            "half": "2",
            "confidence": "0.5365002155303955"
        },
        {
            "gameTime": "2 - 30:44",
            "label": "Throw-in",
            "position": "1844000",
            "half": "2",
            "confidence": "0.5128879547119141"
        },
        {
            "gameTime": "2 - 27:52",
            "label": "Foul",
            "position": "1672000",
            "half": "2",
            "confidence": "0.6243606805801392"
        },
        {
            "gameTime": "2 - 33:16",
            "label": "Foul",
            "position": "1996000",
            "half": "2",
            "confidence": "0.6173318028450012"
        },
        {
            "gameTime": "2 - 25:33",
            "label": "Foul",
            "position": "1533500",
            "half": "2",
            "confidence": "0.5604379773139954"
        },
        {
            "gameTime": "2 - 17:43",
            "label": "Foul",
            "position": "1063000",
            "half": "2",
            "confidence": "0.516204297542572"
        },
        {
            "gameTime": "2 - 16:2",
            "label": "Foul",
            "position": "962500",
            "half": "2",
            "confidence": "0.5071554183959961"
        },
        {
            "gameTime": "2 - 37:14",
            "label": "Foul",
            "position": "2234000",
            "half": "2",
            "confidence": "0.5000276565551758"
        },
        {
            "gameTime": "2 - 22:19",
            "label": "Direct free-kick",
            "position": "1339000",
            "half": "2",
            "confidence": "0.7969207167625427"
        },
        {
            "gameTime": "2 - 26:23",
            "label": "Direct free-kick",
            "position": "1583000",
            "half": "2",
            "confidence": "0.7485206723213196"
        },
        {
            "gameTime": "2 - 26:3",
            "label": "Direct free-kick",
            "position": "1563500",
            "half": "2",
            "confidence": "0.5648763179779053"
        },
        {
            "gameTime": "2 - 36:51",
            "label": "Corner",
            "position": "2211000",
            "half": "2",
            "confidence": "0.9882440567016602"
        },
        {
            "gameTime": "2 - 32:35",
            "label": "Corner",
            "position": "1955500",
            "half": "2",
            "confidence": "0.9849795699119568"
        },
        {
            "gameTime": "2 - 37:1",
            "label": "Corner",
            "position": "2221500",
            "half": "2",
            "confidence": "0.9793103337287903"
        },
        {
            "gameTime": "2 - 32:25",
            "label": "Corner",
            "position": "1945000",
            "half": "2",
            "confidence": "0.9740821123123169"
        },
        {
            "gameTime": "2 - 31:53",
            "label": "Corner",
            "position": "1913000",
            "half": "2",
            "confidence": "0.9451352953910828"
        },
        {
            "gameTime": "2 - 32:8",
            "label": "Corner",
            "position": "1928000",
            "half": "2",
            "confidence": "0.91359543800354"
        },
        {
            "gameTime": "2 - 9:29",
            "label": "Corner",
            "position": "569000",
            "half": "2",
            "confidence": "0.8855077624320984"
        },
        {
            "gameTime": "2 - 20:56",
            "label": "Corner",
            "position": "1256000",
            "half": "2",
            "confidence": "0.6221405863761902"
        },
        {
            "gameTime": "2 - 9:18",
            "label": "Corner",
            "position": "558000",
            "half": "2",
            "confidence": "0.5483947396278381"
        },
        {
            "gameTime": "2 - 9:41",
            "label": "Corner",
            "position": "581500",
            "half": "2",
            "confidence": "0.5388522744178772"
        },
        {
            "gameTime": "2 - 15:46",
            "label": "Corner",
            "position": "946000",
            "half": "2",
            "confidence": "0.5085293054580688"
        },
        {
            "gameTime": "2 - 17:52",
            "label": "Yellow card",
            "position": "1072000",
            "half": "2",
            "confidence": "0.6421951055526733"
        },
        {
            "gameTime": "2 - 12:33",
            "label": "Yellow card",
            "position": "753000",
            "half": "2",
            "confidence": "0.5774226188659668"
        }
    ]
}