{
    "UrlLocal": "france_ligue-1/2016-2017/2017-02-24 - 18-00 Nice 2 - 1 Montpellier",
    "UrlYoutube": "",
    "annotations": [
        {
            "change_type": "",
            "gameTime": "1 - 05:00",
            "label": "",
            "position": "300107",
            "replay": "real-time"
        },
        {
            "change_type": "",
            "gameTime": "1 - 05:06",
            "label": "",
            "position": "306441",
            "replay": "other"
        },
        {
            "change_type": "",
            "gameTime": "1 - 05:10",
            "label": "",
            "position": "310858",
            "replay": "other"
        },
        {
            "change_type": "",
            "gameTime": "1 - 06:35",
            "label": "",
            "position": "395549",
            "replay": "real-time"
        },
        {
            "change_type": "",
            "gameTime": "1 - 06:38",
            "label": "",
            "link": "",
            "position": "398951",
            "replay": "replay"
        },
        {
            "change_type": "",
            "gameTime": "1 - 07:38",
            "label": "",
            "position": "458551",
            "replay": "real-time"
        },
        {
            "change_type": "",
            "gameTime": "1 - 07:48",
            "label": "",
            "link": "",
            "position": "468343",
            "replay": "replay"
        },
        {
            "change_type": "",
            "gameTime": "1 - 08:43",
            "label": "",
            "position": "523022",
            "replay": "real-time"
        },
        {
            "change_type": "",
            "gameTime": "1 - 08:51",
            "label": "",
            "link": "",
            "position": "531312",
            "replay": "replay"
        },
        {
            "change_type": "",
            "gameTime": "1 - 08:57",
            "label": "",
            "link": "",
            "position": "537542",
            "replay": "replay"
        },
        {
            "change_type": "",
            "gameTime": "1 - 09:02",
            "label": "",
            "link": "",
            "position": "542020",
            "replay": "replay"
        },
        {
            "change_type": "",
            "gameTime": "1 - 09:09",
            "label": "",
            "link": "",
            "position": "549611",
            "replay": "replay"
        },
        {
            "change_type": "",
            "gameTime": "1 - 11:41",
            "label": "",
            "position": "701659",
            "replay": "real-time"
        },
        {
            "change_type": "",
            "gameTime": "1 - 11:46",
            "label": "",
            "link": "",
            "position": "706775",
            "replay": "replay"
        },
        {
            "change_type": "",
            "gameTime": "1 - 11:50",
            "label": "",
            "link": "",
            "position": "710249",
            "replay": "replay"
        },
        {
            "change_type": "",
            "gameTime": "1 - 11:54",
            "label": "",
            "link": "",
            "position": "714997",
            "replay": "replay"
        },
        {
            "change_type": "",
            "gameTime": "1 - 11:57",
            "label": "",
            "position": "717553",
            "replay": "other"
        },
        {
            "change_type": "",
            "gameTime": "1 - 13:14",
            "label": "",
            "position": "794609",
            "replay": "real-time"
        },
        {
            "change_type": "",
            "gameTime": "1 - 13:22",
            "label": "",
            "link": "",
            "position": "802808",
            "replay": "replay"
        },
        {
            "change_type": "",
            "gameTime": "1 - 13:30",
            "label": "",
            "link": "",
            "position": "810109",
            "replay": "replay"
        },
        {
            "change_type": "",
            "gameTime": "1 - 13:35",
            "label": "",
            "link": "",
            "position": "815487",
            "replay": "replay"
        },
        {
            "change_type": "",
            "gameTime": "1 - 13:37",
            "label": "",
            "position": "817822",
            "replay": "other"
        },
        {
            "change_type": "",
            "gameTime": "1 - 13:40",
            "label": "",
            "position": "820772",
            "replay": "other"
        },
        {
            "change_type": "",
            "gameTime": "1 - 14:02",
            "label": "",
            "position": "842283",
            "replay": "real-time"
        },
        {
            "change_type": "",
            "gameTime": "1 - 14:06",
            "label": "",
            "link": "",
            "position": "846439",
            "replay": "replay"
        },
        {
            "change_type": "",
            "gameTime": "1 - 15:50",
            "label": "",
            "position": "950587",
            "replay": "real-time"
        },
        {
            "change_type": "",
            "gameTime": "1 - 15:56",
            "label": "",
            "position": "956764",
            "replay": "other"
        },
        {
            "change_type": "",
            "gameTime": "1 - 16:18",
            "label": "",
            "position": "978641",
            "replay": "real-time"
        },
        {
            "change_type": "",
            "gameTime": "1 - 16:24",
            "label": "",
            "link": "",
            "position": "984868",
            "replay": "replay"
        },
        {
            "change_type": "",
            "gameTime": "1 - 16:28",
            "label": "",
            "link": "",
            "position": "988990",
            "replay": "replay"
        },
        {
            "change_type": "",
            "gameTime": "1 - 17:20",
            "label": "",
            "position": "1040690",
            "replay": "real-time"
        },
        {
            "change_type": "",
            "gameTime": "1 - 17:26",
            "label": "",
            "link": "",
            "position": "1046051",
            "replay": "replay"
        },
        {
            "change_type": "",
            "gameTime": "1 - 19:38",
            "label": "",
            "position": "1178302",
            "replay": "real-time"
        },
        {
            "change_type": "",
            "gameTime": "1 - 19:47",
            "label": "",
            "link": "",
            "position": "1187341",
            "replay": "replay"
        },
        {
            "change_type": "",
            "gameTime": "1 - 23:54",
            "label": "",
            "position": "1434683",
            "replay": "real-time"
        },
        {
            "change_type": "",
            "gameTime": "1 - 24:00",
            "label": "",
            "link": "",
            "position": "1440343",
            "replay": "replay"
        },
        {
            "change_type": "",
            "gameTime": "1 - 24:07",
            "label": "",
            "position": "1447431",
            "replay": "other"
        },
        {
            "change_type": "",
            "gameTime": "1 - 24:19",
            "label": "",
            "position": "1459642",
            "replay": "other"
        },
        {
            "change_type": "",
            "gameTime": "1 - 25:38",
            "label": "",
            "position": "1538538",
            "replay": "real-time"
        },
        {
            "change_type": "",
            "gameTime": "1 - 25:45",
            "label": "",
            "link": "",
            "position": "1545235",
            "replay": "replay"
        },
        {
            "change_type": "",
            "gameTime": "1 - 25:49",
            "label": "",
            "link": "",
            "position": "1549460",
            "replay": "replay"
        },
        {
            "change_type": "",
            "gameTime": "1 - 25:54",
            "label": "",
            "link": "",
            "position": "1554334",
            "replay": "replay"
        },
        {
            "change_type": "",
            "gameTime": "1 - 26:49",
            "label": "",
            "position": "1609979",
            "replay": "real-time"
        },
        {
            "change_type": "",
            "gameTime": "1 - 26:56",
            "label": "",
            "link": "",
            "position": "1616217",
            "replay": "replay"
        },
        {
            "change_type": "",
            "gameTime": "1 - 27:23",
            "label": "",
            "position": "1643732",
            "replay": "real-time"
        },
        {
            "change_type": "",
            "gameTime": "1 - 27:28",
            "label": "",
            "link": "",
            "position": "1648146",
            "replay": "replay"
        },
        {
            "change_type": "",
            "gameTime": "1 - 28:39",
            "label": "",
            "position": "1719826",
            "replay": "real-time"
        },
        {
            "change_type": "",
            "gameTime": "1 - 28:46",
            "label": "",
            "position": "1726587",
            "replay": "other"
        },
        {
            "change_type": "",
            "gameTime": "1 - 30:43",
            "label": "",
            "position": "1843319",
            "replay": "real-time"
        },
        {
            "change_type": "",
            "gameTime": "1 - 30:56",
            "label": "",
            "position": "1856198",
            "replay": "other"
        },
        {
            "change_type": "",
            "gameTime": "1 - 31:32",
            "label": "",
            "position": "1892597",
            "replay": "real-time"
        },
        {
            "change_type": "",
            "gameTime": "1 - 31:38",
            "label": "",
            "position": "1898492",
            "replay": "other"
        },
        {
            "change_type": "",
            "gameTime": "1 - 31:41",
            "label": "",
            "position": "1901395",
            "replay": "other"
        },
        {
            "change_type": "",
            "gameTime": "1 - 32:38",
            "label": "",
            "position": "1958036",
            "replay": "real-time"
        },
        {
            "change_type": "",
            "gameTime": "1 - 32:46",
            "label": "",
            "position": "1966020",
            "replay": "other"
        },
        {
            "change_type": "",
            "gameTime": "1 - 33:54",
            "label": "",
            "position": "2034471",
            "replay": "real-time"
        },
        {
            "change_type": "",
            "gameTime": "1 - 34:04",
            "label": "",
            "link": "",
            "position": "2044163",
            "replay": "replay"
        },
        {
            "change_type": "",
            "gameTime": "1 - 34:08",
            "label": "",
            "position": "2048691",
            "replay": "other"
        },
        {
            "change_type": "",
            "gameTime": "1 - 34:13",
            "label": "",
            "link": "",
            "position": "2053221",
            "replay": "replay"
        },
        {
            "change_type": "",
            "gameTime": "1 - 34:23",
            "label": "",
            "position": "2063536",
            "replay": "other"
        },
        {
            "change_type": "",
            "gameTime": "1 - 36:24",
            "label": "",
            "position": "2184201",
            "replay": "real-time"
        },
        {
            "change_type": "",
            "gameTime": "1 - 36:30",
            "label": "",
            "link": "",
            "position": "2190847",
            "replay": "replay"
        },
        {
            "change_type": "",
            "gameTime": "1 - 36:38",
            "label": "",
            "link": "",
            "position": "2198757",
            "replay": "replay"
        },
        {
            "change_type": "",
            "gameTime": "1 - 39:12",
            "label": "",
            "position": "2352598",
            "replay": "real-time"
        },
        {
            "change_type": "",
            "gameTime": "1 - 39:19",
            "label": "",
            "link": "",
            "position": "2359510",
            "replay": "replay"
        },
        {
            "change_type": "",
            "gameTime": "1 - 39:22",
            "label": "",
            "link": "",
            "position": "2362879",
            "replay": "replay"
        },
        {
            "change_type": "",
            "gameTime": "1 - 39:28",
            "label": "",
            "link": "",
            "position": "2368068",
            "replay": "replay"
        },
        {
            "change_type": "",
            "gameTime": "1 - 39:54",
            "label": "",
            "position": "2394990",
            "replay": "real-time"
        },
        {
            "change_type": "",
            "gameTime": "1 - 40:01",
            "label": "",
            "position": "2401093",
            "replay": "other"
        },
        {
            "change_type": "",
            "gameTime": "1 - 41:43",
            "label": "",
            "position": "2503203",
            "replay": "real-time"
        },
        {
            "change_type": "",
            "gameTime": "1 - 41:52",
            "label": "",
            "link": "",
            "position": "2512836",
            "replay": "replay"
        },
        {
            "change_type": "",
            "gameTime": "1 - 41:56",
            "label": "",
            "link": "",
            "position": "2516933",
            "replay": "replay"
        },
        {
            "change_type": "",
            "gameTime": "1 - 42:01",
            "label": "",
            "link": "",
            "position": "2521861",
            "replay": "replay"
        },
        {
            "change_type": "",
            "gameTime": "1 - 45:40",
            "label": "",
            "position": "2740259",
            "replay": "real-time"
        },
        {
            "change_type": "",
            "gameTime": "2 - 01:45",
            "label": "",
            "position": "105221",
            "replay": "real-time"
        },
        {
            "change_type": "",
            "gameTime": "2 - 01:49",
            "label": "",
            "position": "109025",
            "replay": "other"
        },
        {
            "change_type": "",
            "gameTime": "2 - 02:49",
            "label": "",
            "position": "169393",
            "replay": "real-time"
        },
        {
            "change_type": "",
            "gameTime": "2 - 02:55",
            "label": "",
            "link": "",
            "position": "175408",
            "replay": "replay"
        },
        {
            "change_type": "",
            "gameTime": "2 - 03:40",
            "label": "",
            "position": "220916",
            "replay": "real-time"
        },
        {
            "change_type": "",
            "gameTime": "2 - 03:49",
            "label": "",
            "link": "",
            "position": "229926",
            "replay": "replay"
        },
        {
            "change_type": "",
            "gameTime": "2 - 03:55",
            "label": "",
            "link": "",
            "position": "235509",
            "replay": "replay"
        },
        {
            "change_type": "",
            "gameTime": "2 - 04:03",
            "label": "",
            "position": "243171",
            "replay": "other"
        },
        {
            "change_type": "",
            "gameTime": "2 - 10:41",
            "label": "",
            "position": "641701",
            "replay": "real-time"
        },
        {
            "change_type": "",
            "gameTime": "2 - 10:48",
            "label": "",
            "position": "648739",
            "replay": "other"
        },
        {
            "change_type": "",
            "gameTime": "2 - 10:53",
            "label": "",
            "position": "653239",
            "replay": "other"
        },
        {
            "change_type": "",
            "gameTime": "2 - 10:57",
            "label": "",
            "position": "657863",
            "replay": "other"
        },
        {
            "change_type": "",
            "gameTime": "2 - 11:23",
            "label": "",
            "position": "683312",
            "replay": "real-time"
        },
        {
            "change_type": "",
            "gameTime": "2 - 11:27",
            "label": "",
            "link": "",
            "position": "687692",
            "replay": "replay"
        },
        {
            "change_type": "",
            "gameTime": "2 - 11:32",
            "label": "",
            "link": "",
            "position": "692681",
            "replay": "replay"
        },
        {
            "change_type": "",
            "gameTime": "2 - 12:41",
            "label": "",
            "position": "761993",
            "replay": "real-time"
        },
        {
            "change_type": "",
            "gameTime": "2 - 12:45",
            "label": "",
            "link": "",
            "position": "765551",
            "replay": "replay"
        },
        {
            "change_type": "",
            "gameTime": "2 - 12:51",
            "label": "",
            "position": "771020",
            "replay": "other"
        },
        {
            "change_type": "",
            "gameTime": "2 - 13:16",
            "label": "",
            "position": "796659",
            "replay": "real-time"
        },
        {
            "change_type": "",
            "gameTime": "2 - 13:21",
            "label": "",
            "link": "",
            "position": "801735",
            "replay": "replay"
        },
        {
            "change_type": "",
            "gameTime": "2 - 13:25",
            "label": "",
            "link": "",
            "position": "805497",
            "replay": "replay"
        },
        {
            "change_type": "",
            "gameTime": "2 - 15:37",
            "label": "",
            "position": "937698",
            "replay": "real-time"
        },
        {
            "change_type": "",
            "gameTime": "2 - 15:42",
            "label": "",
            "link": "",
            "position": "942526",
            "replay": "replay"
        },
        {
            "change_type": "",
            "gameTime": "2 - 18:01",
            "label": "",
            "position": "1081224",
            "replay": "real-time"
        },
        {
            "change_type": "",
            "gameTime": "2 - 18:10",
            "label": "",
            "link": "",
            "position": "1090235",
            "replay": "replay"
        },
        {
            "change_type": "",
            "gameTime": "2 - 18:12",
            "label": "",
            "position": "1092430",
            "replay": "other"
        },
        {
            "change_type": "",
            "gameTime": "2 - 18:16",
            "label": "",
            "position": "1096124",
            "replay": "other"
        },
        {
            "change_type": "",
            "gameTime": "2 - 19:27",
            "label": "",
            "position": "1167494",
            "replay": "real-time"
        },
        {
            "change_type": "",
            "gameTime": "2 - 19:36",
            "label": "",
            "link": "",
            "position": "1176638",
            "replay": "replay"
        },
        {
            "change_type": "",
            "gameTime": "2 - 19:41",
            "label": "",
            "link": "",
            "position": "1181849",
            "replay": "replay"
        },
        {
            "change_type": "",
            "gameTime": "2 - 19:44",
            "label": "",
            "position": "1184932",
            "replay": "other"
        },
        {
            "change_type": "",
            "gameTime": "2 - 21:05",
            "label": "",
            "position": "1265914",
            "replay": "real-time"
        },
        {
            "change_type": "",
            "gameTime": "2 - 21:12",
            "label": "",
            "link": "",
            "position": "1272465",
            "replay": "replay"
        },
        {
            "change_type": "",
            "gameTime": "2 - 21:16",
            "label": "",
            "link": "",
            "position": "1276221",
            "replay": "replay"
        },
        {
            "change_type": "",
            "gameTime": "2 - 21:23",
            "label": "",
            "link": "",
            "position": "1283849",
            "replay": "replay"
        },
        {
            "change_type": "",
            "gameTime": "2 - 22:59",
            "label": "",
            "position": "1379141",
            "replay": "real-time"
        },
        {
            "change_type": "",
            "gameTime": "2 - 23:02",
            "label": "",
            "position": "1382818",
            "replay": "other"
        },
        {
            "change_type": "",
            "gameTime": "2 - 23:11",
            "label": "",
            "link": "",
            "position": "1391847",
            "replay": "replay"
        },
        {
            "change_type": "",
            "gameTime": "2 - 23:19",
            "label": "",
            "link": "",
            "position": "1399155",
            "replay": "replay"
        },
        {
            "change_type": "",
            "gameTime": "2 - 23:25",
            "label": "",
            "position": "1405308",
            "replay": "other"
        },
        {
            "change_type": "",
            "gameTime": "2 - 25:41",
            "label": "",
            "position": "1541334",
            "replay": "real-time"
        },
        {
            "change_type": "",
            "gameTime": "2 - 25:44",
            "label": "",
            "link": "",
            "position": "1544851",
            "replay": "replay"
        },
        {
            "change_type": "",
            "gameTime": "2 - 25:49",
            "label": "",
            "link": "",
            "position": "1549030",
            "replay": "replay"
        },
        {
            "change_type": "",
            "gameTime": "2 - 30:57",
            "label": "",
            "position": "1857991",
            "replay": "real-time"
        },
        {
            "change_type": "",
            "gameTime": "2 - 31:03",
            "label": "",
            "link": "",
            "position": "1863396",
            "replay": "replay"
        },
        {
            "change_type": "",
            "gameTime": "2 - 31:08",
            "label": "",
            "link": "",
            "position": "1868072",
            "replay": "replay"
        },
        {
            "change_type": "",
            "gameTime": "2 - 31:14",
            "label": "",
            "link": "",
            "position": "1874829",
            "replay": "replay"
        },
        {
            "change_type": "",
            "gameTime": "2 - 33:27",
            "label": "",
            "position": "2007893",
            "replay": "real-time"
        },
        {
            "change_type": "",
            "gameTime": "2 - 33:33",
            "label": "",
            "link": "",
            "position": "2013319",
            "replay": "replay"
        },
        {
            "change_type": "",
            "gameTime": "2 - 33:37",
            "label": "",
            "link": "",
            "position": "2017838",
            "replay": "replay"
        },
        {
            "change_type": "",
            "gameTime": "2 - 40:17",
            "label": "",
            "position": "2417824",
            "replay": "real-time"
        },
        {
            "change_type": "",
            "gameTime": "2 - 40:26",
            "label": "",
            "link": "",
            "position": "2426743",
            "replay": "replay"
        },
        {
            "change_type": "",
            "gameTime": "2 - 40:31",
            "label": "",
            "link": "",
            "position": "2431770",
            "replay": "replay"
        },
        {
            "change_type": "",
            "gameTime": "2 - 40:34",
            "label": "",
            "link": "",
            "position": "2434918",
            "replay": "replay"
        },
        {
            "change_type": "",
            "gameTime": "2 - 40:41",
            "label": "",
            "link": "",
            "position": "2441786",
            "replay": "replay"
        },
        {
            "change_type": "",
            "gameTime": "2 - 40:47",
            "label": "",
            "position": "2447302",
            "replay": "other"
        },
        {
            "change_type": "",
            "gameTime": "2 - 40:51",
            "label": "",
            "position": "2451769",
            "replay": "other"
        },
        {
            "change_type": "",
            "gameTime": "2 - 40:55",
            "label": "",
            "position": "2455649",
            "replay": "other"
        },
        {
            "change_type": "",
            "gameTime": "2 - 41:03",
            "label": "",
            "position": "2463379",
            "replay": "other"
        },
        {
            "change_type": "",
            "gameTime": "2 - 44:34",
            "label": "",
            "position": "2674351",
            "replay": "real-time"
        },
        {
            "change_type": "",
            "gameTime": "2 - 44:40",
            "label": "",
            "position": "2680415",
            "replay": "other"
        },
        {
            "change_type": "",
            "gameTime": "2 - 44:44",
            "label": "",
            "position": "2684332",
            "replay": "other"
        },
        {
            "change_type": "",
            "gameTime": "2 - 44:49",
            "label": "",
            "position": "2689616",
            "replay": "other"
        },
        {
            "change_type": "",
            "gameTime": "2 - 46:26",
            "label": "",
            "position": "2786243",
            "replay": "real-time"
        },
        {
            "change_type": "",
            "gameTime": "2 - 46:30",
            "label": "",
            "link": "",
            "position": "2790647",
            "replay": "replay"
        },
        {
            "change_type": "",
            "gameTime": "2 - 46:37",
            "label": "",
            "link": "",
            "position": "2797259",
            "replay": "replay"
        },
        {
            "change_type": "",
            "gameTime": "2 - 46:44",
            "label": "",
            "position": "2804245",
            "replay": "other"
        }
    ],
    "gameAwayTeam": "Montpellier",
    "gameDate": "2017-02-24 - 18-00",
    "gameHomeTeam": "Nice",
    "gameScore": "2 - 1"
}