{
    "UrlLocal": "italy_serie-a/2016-2017/2016-11-20 - 17-00 Atalanta 2 - 1 AS Roma",
    "predictions": [
        {
            "gameTime": "1 - 38:51",
            "label": "card",
            "position": "2331000",
            "half": "1",
            "confidence": "0.6077362895011902"
        },
        {
            "gameTime": "1 - 39:39",
            "label": "soccer",
            "position": "2379000",
            "half": "1",
            "confidence": "0.934404730796814"
        },
        {
            "gameTime": "2 - 31:10",
            "label": "card",
            "position": "1870000",
            "half": "2",
            "confidence": "0.8652614951133728"
        },
        {
            "gameTime": "2 - 12:25",
            "label": "subs",
            "position": "745000",
            "half": "2",
            "confidence": "0.8904745578765869"
        },
        {
            "gameTime": "2 - 27:49",
            "label": "subs",
            "position": "1669500",
            "half": "2",
            "confidence": "0.8888751268386841"
        },
        {
            "gameTime": "2 - 12:50",
            "label": "subs",
            "position": "770000",
            "half": "2",
            "confidence": "0.8566811680793762"
        },
        {
            "gameTime": "2 - 12:35",
            "label": "subs",
            "position": "755000",
            "half": "2",
            "confidence": "0.8313589692115784"
        },
        {
            "gameTime": "2 - 28:0",
            "label": "subs",
            "position": "1680000",
            "half": "2",
            "confidence": "0.7218900918960571"
        },
        {
            "gameTime": "2 - 47:1",
            "label": "subs",
            "position": "2821000",
            "half": "2",
            "confidence": "0.6770984530448914"
        },
        {
            "gameTime": "2 - 40:18",
            "label": "subs",
            "position": "2418500",
            "half": "2",
            "confidence": "0.5839592814445496"
        },
        {
            "gameTime": "2 - 4:10",
            "label": "subs",
            "position": "250000",
            "half": "2",
            "confidence": "0.5304612517356873"
        },
        {
            "gameTime": "2 - 46:50",
            "label": "subs",
            "position": "2810500",
            "half": "2",
            "confidence": "0.5250667333602905"
        },
        {
            "gameTime": "2 - 27:37",
            "label": "subs",
            "position": "1657000",
            "half": "2",
            "confidence": "0.5081175565719604"
        },
        {
            "gameTime": "2 - 45:0",
            "label": "soccer",
            "position": "2700500",
            "half": "2",
            "confidence": "0.8485890030860901"
        },
        {
            "gameTime": "2 - 43:54",
            "label": "soccer",
            "position": "2634000",
            "half": "2",
            "confidence": "0.8250856399536133"
        },
        {
            "gameTime": "2 - 16:31",
            "label": "soccer",
            "position": "991000",
            "half": "2",
            "confidence": "0.7300910949707031"
        }
    ]
}