{
    "UrlLocal": "europe_uefa-champions-league/2016-2017/2017-05-09 - 18-00 Juventus 2 - 1 Monaco",
    "predictions": [
        {
            "gameTime": "1 - 0:1",
            "label": "Kick-off",
            "position": "1000",
            "half": "1",
            "confidence": "0.9635664224624634"
        },
        {
            "gameTime": "1 - 44:48",
            "label": "Kick-off",
            "position": "2688000",
            "half": "1",
            "confidence": "0.9079625606536865"
        },
        {
            "gameTime": "1 - 33:41",
            "label": "Kick-off",
            "position": "2021000",
            "half": "1",
            "confidence": "0.8785297274589539"
        },
        {
            "gameTime": "1 - 46:14",
            "label": "Kick-off",
            "position": "2774500",
            "half": "1",
            "confidence": "0.5971774458885193"
        },
        {
            "gameTime": "1 - 26:40",
            "label": "Kick-off",
            "position": "1600000",
            "half": "1",
            "confidence": "0.5137928128242493"
        },
        {
            "gameTime": "1 - 32:38",
            "label": "Goal",
            "position": "1958500",
            "half": "1",
            "confidence": "0.9585111737251282"
        },
        {
            "gameTime": "1 - 44:0",
            "label": "Goal",
            "position": "2640500",
            "half": "1",
            "confidence": "0.9377663731575012"
        },
        {
            "gameTime": "1 - 32:28",
            "label": "Goal",
            "position": "1948000",
            "half": "1",
            "confidence": "0.5387224555015564"
        },
        {
            "gameTime": "1 - 9:47",
            "label": "Substitution",
            "position": "587500",
            "half": "1",
            "confidence": "0.9618823528289795"
        },
        {
            "gameTime": "1 - 9:58",
            "label": "Substitution",
            "position": "598000",
            "half": "1",
            "confidence": "0.5568777918815613"
        },
        {
            "gameTime": "1 - 32:31",
            "label": "Shots on target",
            "position": "1951500",
            "half": "1",
            "confidence": "0.7368625998497009"
        },
        {
            "gameTime": "1 - 43:59",
            "label": "Shots on target",
            "position": "2639000",
            "half": "1",
            "confidence": "0.6724322438240051"
        },
        {
            "gameTime": "1 - 4:24",
            "label": "Shots on target",
            "position": "264500",
            "half": "1",
            "confidence": "0.6560245156288147"
        },
        {
            "gameTime": "1 - 36:50",
            "label": "Shots on target",
            "position": "2210000",
            "half": "1",
            "confidence": "0.5943952798843384"
        },
        {
            "gameTime": "1 - 41:56",
            "label": "Shots on target",
            "position": "2516500",
            "half": "1",
            "confidence": "0.5925708413124084"
        },
        {
            "gameTime": "1 - 7:28",
            "label": "Shots on target",
            "position": "448500",
            "half": "1",
            "confidence": "0.5589876770973206"
        },
        {
            "gameTime": "1 - 32:21",
            "label": "Shots on target",
            "position": "1941000",
            "half": "1",
            "confidence": "0.5532369017601013"
        },
        {
            "gameTime": "1 - 24:27",
            "label": "Shots on target",
            "position": "1467500",
            "half": "1",
            "confidence": "0.547412633895874"
        },
        {
            "gameTime": "1 - 27:22",
            "label": "Shots off target",
            "position": "1642000",
            "half": "1",
            "confidence": "0.8018922805786133"
        },
        {
            "gameTime": "1 - 26:20",
            "label": "Shots off target",
            "position": "1580000",
            "half": "1",
            "confidence": "0.7979125380516052"
        },
        {
            "gameTime": "1 - 30:12",
            "label": "Shots off target",
            "position": "1812000",
            "half": "1",
            "confidence": "0.781670331954956"
        },
        {
            "gameTime": "1 - 42:0",
            "label": "Shots off target",
            "position": "2520500",
            "half": "1",
            "confidence": "0.7640389800071716"
        },
        {
            "gameTime": "1 - 4:14",
            "label": "Shots off target",
            "position": "254500",
            "half": "1",
            "confidence": "0.713318943977356"
        },
        {
            "gameTime": "1 - 42:11",
            "label": "Shots off target",
            "position": "2531000",
            "half": "1",
            "confidence": "0.5949205160140991"
        },
        {
            "gameTime": "1 - 24:28",
            "label": "Shots off target",
            "position": "1468000",
            "half": "1",
            "confidence": "0.5528518557548523"
        },
        {
            "gameTime": "1 - 7:38",
            "label": "Shots off target",
            "position": "458000",
            "half": "1",
            "confidence": "0.5005133152008057"
        },
        {
            "gameTime": "1 - 7:48",
            "label": "Clearance",
            "position": "468500",
            "half": "1",
            "confidence": "0.9828507900238037"
        },
        {
            "gameTime": "1 - 15:6",
            "label": "Clearance",
            "position": "906500",
            "half": "1",
            "confidence": "0.9388101696968079"
        },
        {
            "gameTime": "1 - 19:17",
            "label": "Clearance",
            "position": "1157500",
            "half": "1",
            "confidence": "0.9114991426467896"
        },
        {
            "gameTime": "1 - 26:40",
            "label": "Clearance",
            "position": "1600000",
            "half": "1",
            "confidence": "0.850675642490387"
        },
        {
            "gameTime": "1 - 8:28",
            "label": "Clearance",
            "position": "508000",
            "half": "1",
            "confidence": "0.8467386960983276"
        },
        {
            "gameTime": "1 - 8:38",
            "label": "Clearance",
            "position": "518000",
            "half": "1",
            "confidence": "0.7946785688400269"
        },
        {
            "gameTime": "1 - 25:2",
            "label": "Clearance",
            "position": "1502000",
            "half": "1",
            "confidence": "0.7877973318099976"
        },
        {
            "gameTime": "1 - 42:27",
            "label": "Clearance",
            "position": "2547500",
            "half": "1",
            "confidence": "0.7748009562492371"
        },
        {
            "gameTime": "1 - 7:58",
            "label": "Clearance",
            "position": "478500",
            "half": "1",
            "confidence": "0.756942093372345"
        },
        {
            "gameTime": "1 - 13:24",
            "label": "Clearance",
            "position": "804500",
            "half": "1",
            "confidence": "0.753689706325531"
        },
        {
            "gameTime": "1 - 30:40",
            "label": "Clearance",
            "position": "1840000",
            "half": "1",
            "confidence": "0.6739680171012878"
        },
        {
            "gameTime": "1 - 30:29",
            "label": "Clearance",
            "position": "1829000",
            "half": "1",
            "confidence": "0.6219021081924438"
        },
        {
            "gameTime": "1 - 14:56",
            "label": "Clearance",
            "position": "896000",
            "half": "1",
            "confidence": "0.6183574795722961"
        },
        {
            "gameTime": "1 - 25:16",
            "label": "Clearance",
            "position": "1516000",
            "half": "1",
            "confidence": "0.6135308742523193"
        },
        {
            "gameTime": "1 - 15:16",
            "label": "Clearance",
            "position": "916500",
            "half": "1",
            "confidence": "0.5587734580039978"
        },
        {
            "gameTime": "1 - 33:48",
            "label": "Clearance",
            "position": "2028500",
            "half": "1",
            "confidence": "0.5381820201873779"
        },
        {
            "gameTime": "1 - 26:22",
            "label": "Clearance",
            "position": "1582000",
            "half": "1",
            "confidence": "0.5054646134376526"
        },
        {
            "gameTime": "1 - 1:29",
            "label": "Clearance",
            "position": "89500",
            "half": "1",
            "confidence": "0.5005112886428833"
        },
        {
            "gameTime": "1 - 38:45",
            "label": "Ball out of play",
            "position": "2325500",
            "half": "1",
            "confidence": "0.9249616861343384"
        },
        {
            "gameTime": "1 - 17:50",
            "label": "Ball out of play",
            "position": "1070500",
            "half": "1",
            "confidence": "0.9227863550186157"
        },
        {
            "gameTime": "1 - 0:36",
            "label": "Ball out of play",
            "position": "36500",
            "half": "1",
            "confidence": "0.9110123515129089"
        },
        {
            "gameTime": "1 - 32:27",
            "label": "Ball out of play",
            "position": "1947000",
            "half": "1",
            "confidence": "0.8947482705116272"
        },
        {
            "gameTime": "1 - 30:21",
            "label": "Ball out of play",
            "position": "1821000",
            "half": "1",
            "confidence": "0.8885697722434998"
        },
        {
            "gameTime": "1 - 38:34",
            "label": "Ball out of play",
            "position": "2314500",
            "half": "1",
            "confidence": "0.8550118207931519"
        },
        {
            "gameTime": "1 - 4:25",
            "label": "Ball out of play",
            "position": "265500",
            "half": "1",
            "confidence": "0.8534483909606934"
        },
        {
            "gameTime": "1 - 18:51",
            "label": "Ball out of play",
            "position": "1131500",
            "half": "1",
            "confidence": "0.8419001698493958"
        },
        {
            "gameTime": "1 - 31:4",
            "label": "Ball out of play",
            "position": "1864500",
            "half": "1",
            "confidence": "0.8415157794952393"
        },
        {
            "gameTime": "1 - 6:36",
            "label": "Ball out of play",
            "position": "396000",
            "half": "1",
            "confidence": "0.8388808369636536"
        },
        {
            "gameTime": "1 - 18:38",
            "label": "Ball out of play",
            "position": "1118000",
            "half": "1",
            "confidence": "0.8271386027336121"
        },
        {
            "gameTime": "1 - 45:19",
            "label": "Ball out of play",
            "position": "2719500",
            "half": "1",
            "confidence": "0.8266404271125793"
        },
        {
            "gameTime": "1 - 26:19",
            "label": "Ball out of play",
            "position": "1579000",
            "half": "1",
            "confidence": "0.8261157274246216"
        },
        {
            "gameTime": "1 - 24:29",
            "label": "Ball out of play",
            "position": "1469000",
            "half": "1",
            "confidence": "0.8235607147216797"
        },
        {
            "gameTime": "1 - 7:39",
            "label": "Ball out of play",
            "position": "459500",
            "half": "1",
            "confidence": "0.8169277310371399"
        },
        {
            "gameTime": "1 - 10:17",
            "label": "Ball out of play",
            "position": "617000",
            "half": "1",
            "confidence": "0.8167964220046997"
        },
        {
            "gameTime": "1 - 30:10",
            "label": "Ball out of play",
            "position": "1810500",
            "half": "1",
            "confidence": "0.7960218787193298"
        },
        {
            "gameTime": "1 - 6:25",
            "label": "Ball out of play",
            "position": "385000",
            "half": "1",
            "confidence": "0.7959317564964294"
        },
        {
            "gameTime": "1 - 10:30",
            "label": "Ball out of play",
            "position": "630000",
            "half": "1",
            "confidence": "0.7905716300010681"
        },
        {
            "gameTime": "1 - 6:10",
            "label": "Ball out of play",
            "position": "370000",
            "half": "1",
            "confidence": "0.7785089015960693"
        },
        {
            "gameTime": "1 - 4:15",
            "label": "Ball out of play",
            "position": "255000",
            "half": "1",
            "confidence": "0.7776294946670532"
        },
        {
            "gameTime": "1 - 42:8",
            "label": "Ball out of play",
            "position": "2528000",
            "half": "1",
            "confidence": "0.7755852341651917"
        },
        {
            "gameTime": "1 - 23:12",
            "label": "Ball out of play",
            "position": "1392000",
            "half": "1",
            "confidence": "0.7662102580070496"
        },
        {
            "gameTime": "1 - 23:53",
            "label": "Ball out of play",
            "position": "1433500",
            "half": "1",
            "confidence": "0.7654041647911072"
        },
        {
            "gameTime": "1 - 43:51",
            "label": "Ball out of play",
            "position": "2631000",
            "half": "1",
            "confidence": "0.7401152849197388"
        },
        {
            "gameTime": "1 - 38:24",
            "label": "Ball out of play",
            "position": "2304000",
            "half": "1",
            "confidence": "0.7398362159729004"
        },
        {
            "gameTime": "1 - 42:47",
            "label": "Ball out of play",
            "position": "2567000",
            "half": "1",
            "confidence": "0.7372679710388184"
        },
        {
            "gameTime": "1 - 25:30",
            "label": "Ball out of play",
            "position": "1530500",
            "half": "1",
            "confidence": "0.7269555926322937"
        },
        {
            "gameTime": "1 - 27:43",
            "label": "Ball out of play",
            "position": "1663000",
            "half": "1",
            "confidence": "0.719525933265686"
        },
        {
            "gameTime": "1 - 37:35",
            "label": "Ball out of play",
            "position": "2255500",
            "half": "1",
            "confidence": "0.71873539686203"
        },
        {
            "gameTime": "1 - 27:12",
            "label": "Ball out of play",
            "position": "1632500",
            "half": "1",
            "confidence": "0.7178013920783997"
        },
        {
            "gameTime": "1 - 34:23",
            "label": "Ball out of play",
            "position": "2063000",
            "half": "1",
            "confidence": "0.7161067724227905"
        },
        {
            "gameTime": "1 - 27:28",
            "label": "Ball out of play",
            "position": "1648000",
            "half": "1",
            "confidence": "0.7133399844169617"
        },
        {
            "gameTime": "1 - 23:1",
            "label": "Ball out of play",
            "position": "1381500",
            "half": "1",
            "confidence": "0.6947500705718994"
        },
        {
            "gameTime": "1 - 20:0",
            "label": "Ball out of play",
            "position": "1200500",
            "half": "1",
            "confidence": "0.6918215751647949"
        },
        {
            "gameTime": "1 - 17:40",
            "label": "Ball out of play",
            "position": "1060000",
            "half": "1",
            "confidence": "0.6836671233177185"
        },
        {
            "gameTime": "1 - 31:32",
            "label": "Ball out of play",
            "position": "1892000",
            "half": "1",
            "confidence": "0.6788454055786133"
        },
        {
            "gameTime": "1 - 10:46",
            "label": "Ball out of play",
            "position": "646500",
            "half": "1",
            "confidence": "0.6764847040176392"
        },
        {
            "gameTime": "1 - 24:39",
            "label": "Ball out of play",
            "position": "1479000",
            "half": "1",
            "confidence": "0.6745561361312866"
        },
        {
            "gameTime": "1 - 7:29",
            "label": "Ball out of play",
            "position": "449000",
            "half": "1",
            "confidence": "0.6702334880828857"
        },
        {
            "gameTime": "1 - 35:24",
            "label": "Ball out of play",
            "position": "2124500",
            "half": "1",
            "confidence": "0.6670686602592468"
        },
        {
            "gameTime": "1 - 22:38",
            "label": "Ball out of play",
            "position": "1358500",
            "half": "1",
            "confidence": "0.6656783819198608"
        },
        {
            "gameTime": "1 - 41:57",
            "label": "Ball out of play",
            "position": "2517500",
            "half": "1",
            "confidence": "0.6651269793510437"
        },
        {
            "gameTime": "1 - 31:42",
            "label": "Ball out of play",
            "position": "1902000",
            "half": "1",
            "confidence": "0.6599223017692566"
        },
        {
            "gameTime": "1 - 14:51",
            "label": "Ball out of play",
            "position": "891500",
            "half": "1",
            "confidence": "0.6552519798278809"
        },
        {
            "gameTime": "1 - 13:28",
            "label": "Ball out of play",
            "position": "808500",
            "half": "1",
            "confidence": "0.6362631320953369"
        },
        {
            "gameTime": "1 - 26:29",
            "label": "Ball out of play",
            "position": "1589000",
            "half": "1",
            "confidence": "0.6359322667121887"
        },
        {
            "gameTime": "1 - 34:7",
            "label": "Ball out of play",
            "position": "2047500",
            "half": "1",
            "confidence": "0.6202430129051208"
        },
        {
            "gameTime": "1 - 23:43",
            "label": "Ball out of play",
            "position": "1423000",
            "half": "1",
            "confidence": "0.6157713532447815"
        },
        {
            "gameTime": "1 - 41:19",
            "label": "Ball out of play",
            "position": "2479000",
            "half": "1",
            "confidence": "0.6118769645690918"
        },
        {
            "gameTime": "1 - 2:19",
            "label": "Ball out of play",
            "position": "139500",
            "half": "1",
            "confidence": "0.6115745902061462"
        },
        {
            "gameTime": "1 - 43:1",
            "label": "Ball out of play",
            "position": "2581000",
            "half": "1",
            "confidence": "0.610834002494812"
        },
        {
            "gameTime": "1 - 29:4",
            "label": "Ball out of play",
            "position": "1744500",
            "half": "1",
            "confidence": "0.6087543368339539"
        },
        {
            "gameTime": "1 - 35:42",
            "label": "Ball out of play",
            "position": "2142000",
            "half": "1",
            "confidence": "0.5865262150764465"
        },
        {
            "gameTime": "1 - 27:53",
            "label": "Ball out of play",
            "position": "1673000",
            "half": "1",
            "confidence": "0.5640682578086853"
        },
        {
            "gameTime": "1 - 35:12",
            "label": "Ball out of play",
            "position": "2112500",
            "half": "1",
            "confidence": "0.5486586093902588"
        },
        {
            "gameTime": "1 - 43:18",
            "label": "Ball out of play",
            "position": "2598000",
            "half": "1",
            "confidence": "0.5347405672073364"
        },
        {
            "gameTime": "1 - 5:54",
            "label": "Ball out of play",
            "position": "354000",
            "half": "1",
            "confidence": "0.5277926921844482"
        },
        {
            "gameTime": "1 - 13:38",
            "label": "Ball out of play",
            "position": "818500",
            "half": "1",
            "confidence": "0.5270652174949646"
        },
        {
            "gameTime": "1 - 19:50",
            "label": "Ball out of play",
            "position": "1190000",
            "half": "1",
            "confidence": "0.518755316734314"
        },
        {
            "gameTime": "1 - 45:57",
            "label": "Ball out of play",
            "position": "2757500",
            "half": "1",
            "confidence": "0.5163403153419495"
        },
        {
            "gameTime": "1 - 10:30",
            "label": "Throw-in",
            "position": "630500",
            "half": "1",
            "confidence": "0.9969890713691711"
        },
        {
            "gameTime": "1 - 10:46",
            "label": "Throw-in",
            "position": "646500",
            "half": "1",
            "confidence": "0.9886816740036011"
        },
        {
            "gameTime": "1 - 10:19",
            "label": "Throw-in",
            "position": "619500",
            "half": "1",
            "confidence": "0.9881587624549866"
        },
        {
            "gameTime": "1 - 34:25",
            "label": "Throw-in",
            "position": "2065000",
            "half": "1",
            "confidence": "0.9808951020240784"
        },
        {
            "gameTime": "1 - 18:52",
            "label": "Throw-in",
            "position": "1132000",
            "half": "1",
            "confidence": "0.9291026592254639"
        },
        {
            "gameTime": "1 - 43:0",
            "label": "Throw-in",
            "position": "2580500",
            "half": "1",
            "confidence": "0.9237269163131714"
        },
        {
            "gameTime": "1 - 38:45",
            "label": "Throw-in",
            "position": "2325000",
            "half": "1",
            "confidence": "0.9001052379608154"
        },
        {
            "gameTime": "1 - 42:49",
            "label": "Throw-in",
            "position": "2569500",
            "half": "1",
            "confidence": "0.8715027570724487"
        },
        {
            "gameTime": "1 - 23:48",
            "label": "Throw-in",
            "position": "1428500",
            "half": "1",
            "confidence": "0.8446363210678101"
        },
        {
            "gameTime": "1 - 10:59",
            "label": "Throw-in",
            "position": "659000",
            "half": "1",
            "confidence": "0.8424235582351685"
        },
        {
            "gameTime": "1 - 2:20",
            "label": "Throw-in",
            "position": "140000",
            "half": "1",
            "confidence": "0.8181799054145813"
        },
        {
            "gameTime": "1 - 25:30",
            "label": "Throw-in",
            "position": "1530500",
            "half": "1",
            "confidence": "0.8038402795791626"
        },
        {
            "gameTime": "1 - 38:34",
            "label": "Throw-in",
            "position": "2314500",
            "half": "1",
            "confidence": "0.7551007270812988"
        },
        {
            "gameTime": "1 - 37:44",
            "label": "Throw-in",
            "position": "2264500",
            "half": "1",
            "confidence": "0.7422710061073303"
        },
        {
            "gameTime": "1 - 45:44",
            "label": "Throw-in",
            "position": "2744000",
            "half": "1",
            "confidence": "0.7346924543380737"
        },
        {
            "gameTime": "1 - 45:22",
            "label": "Throw-in",
            "position": "2722500",
            "half": "1",
            "confidence": "0.6882840394973755"
        },
        {
            "gameTime": "1 - 34:14",
            "label": "Throw-in",
            "position": "2054500",
            "half": "1",
            "confidence": "0.6862183809280396"
        },
        {
            "gameTime": "1 - 18:38",
            "label": "Throw-in",
            "position": "1118000",
            "half": "1",
            "confidence": "0.6693980097770691"
        },
        {
            "gameTime": "1 - 43:10",
            "label": "Throw-in",
            "position": "2590500",
            "half": "1",
            "confidence": "0.6642047166824341"
        },
        {
            "gameTime": "1 - 17:50",
            "label": "Throw-in",
            "position": "1070500",
            "half": "1",
            "confidence": "0.6010656356811523"
        },
        {
            "gameTime": "1 - 17:40",
            "label": "Throw-in",
            "position": "1060000",
            "half": "1",
            "confidence": "0.5997315645217896"
        },
        {
            "gameTime": "1 - 19:56",
            "label": "Throw-in",
            "position": "1196000",
            "half": "1",
            "confidence": "0.5692598819732666"
        },
        {
            "gameTime": "1 - 13:38",
            "label": "Throw-in",
            "position": "818500",
            "half": "1",
            "confidence": "0.556479275226593"
        },
        {
            "gameTime": "1 - 45:33",
            "label": "Throw-in",
            "position": "2733500",
            "half": "1",
            "confidence": "0.5425480604171753"
        },
        {
            "gameTime": "1 - 25:40",
            "label": "Throw-in",
            "position": "1540500",
            "half": "1",
            "confidence": "0.5175976753234863"
        },
        {
            "gameTime": "1 - 2:39",
            "label": "Throw-in",
            "position": "159000",
            "half": "1",
            "confidence": "0.501969575881958"
        },
        {
            "gameTime": "1 - 39:22",
            "label": "Foul",
            "position": "2362500",
            "half": "1",
            "confidence": "0.8734425902366638"
        },
        {
            "gameTime": "1 - 5:47",
            "label": "Foul",
            "position": "347000",
            "half": "1",
            "confidence": "0.8342425227165222"
        },
        {
            "gameTime": "1 - 29:5",
            "label": "Foul",
            "position": "1745000",
            "half": "1",
            "confidence": "0.8032713532447815"
        },
        {
            "gameTime": "1 - 15:33",
            "label": "Foul",
            "position": "933500",
            "half": "1",
            "confidence": "0.7649894952774048"
        },
        {
            "gameTime": "1 - 16:33",
            "label": "Foul",
            "position": "993500",
            "half": "1",
            "confidence": "0.6678867340087891"
        },
        {
            "gameTime": "1 - 39:33",
            "label": "Foul",
            "position": "2373500",
            "half": "1",
            "confidence": "0.6557694673538208"
        },
        {
            "gameTime": "1 - 5:35",
            "label": "Foul",
            "position": "335500",
            "half": "1",
            "confidence": "0.5775146484375"
        },
        {
            "gameTime": "1 - 18:3",
            "label": "Foul",
            "position": "1083000",
            "half": "1",
            "confidence": "0.5668814182281494"
        },
        {
            "gameTime": "1 - 29:15",
            "label": "Foul",
            "position": "1755000",
            "half": "1",
            "confidence": "0.5540074706077576"
        },
        {
            "gameTime": "1 - 11:26",
            "label": "Foul",
            "position": "686000",
            "half": "1",
            "confidence": "0.533803403377533"
        },
        {
            "gameTime": "1 - 16:21",
            "label": "Foul",
            "position": "981000",
            "half": "1",
            "confidence": "0.5207294225692749"
        },
        {
            "gameTime": "1 - 8:43",
            "label": "Foul",
            "position": "523000",
            "half": "1",
            "confidence": "0.5129812359809875"
        },
        {
            "gameTime": "1 - 39:50",
            "label": "Indirect free-kick",
            "position": "2390500",
            "half": "1",
            "confidence": "0.8232285380363464"
        },
        {
            "gameTime": "1 - 21:35",
            "label": "Indirect free-kick",
            "position": "1295000",
            "half": "1",
            "confidence": "0.8152168989181519"
        },
        {
            "gameTime": "1 - 12:10",
            "label": "Indirect free-kick",
            "position": "730500",
            "half": "1",
            "confidence": "0.7549735903739929"
        },
        {
            "gameTime": "1 - 18:4",
            "label": "Indirect free-kick",
            "position": "1084500",
            "half": "1",
            "confidence": "0.7507235407829285"
        },
        {
            "gameTime": "1 - 16:38",
            "label": "Indirect free-kick",
            "position": "998500",
            "half": "1",
            "confidence": "0.7228430509567261"
        },
        {
            "gameTime": "1 - 40:0",
            "label": "Indirect free-kick",
            "position": "2400500",
            "half": "1",
            "confidence": "0.6735053658485413"
        },
        {
            "gameTime": "1 - 18:14",
            "label": "Indirect free-kick",
            "position": "1094500",
            "half": "1",
            "confidence": "0.6139784455299377"
        },
        {
            "gameTime": "1 - 13:20",
            "label": "Indirect free-kick",
            "position": "800500",
            "half": "1",
            "confidence": "0.6059862375259399"
        },
        {
            "gameTime": "1 - 22:56",
            "label": "Indirect free-kick",
            "position": "1376500",
            "half": "1",
            "confidence": "0.5576981902122498"
        },
        {
            "gameTime": "1 - 26:49",
            "label": "Indirect free-kick",
            "position": "1609000",
            "half": "1",
            "confidence": "0.549811601638794"
        },
        {
            "gameTime": "1 - 8:42",
            "label": "Indirect free-kick",
            "position": "522500",
            "half": "1",
            "confidence": "0.5108213424682617"
        },
        {
            "gameTime": "1 - 29:52",
            "label": "Direct free-kick",
            "position": "1792000",
            "half": "1",
            "confidence": "0.8893710374832153"
        },
        {
            "gameTime": "1 - 32:3",
            "label": "Corner",
            "position": "1923000",
            "half": "1",
            "confidence": "0.9985498785972595"
        },
        {
            "gameTime": "1 - 1:1",
            "label": "Corner",
            "position": "61000",
            "half": "1",
            "confidence": "0.9391879439353943"
        },
        {
            "gameTime": "1 - 31:44",
            "label": "Corner",
            "position": "1904500",
            "half": "1",
            "confidence": "0.928716242313385"
        },
        {
            "gameTime": "1 - 27:43",
            "label": "Corner",
            "position": "1663000",
            "half": "1",
            "confidence": "0.909993052482605"
        },
        {
            "gameTime": "1 - 31:25",
            "label": "Corner",
            "position": "1885500",
            "half": "1",
            "confidence": "0.908565878868103"
        },
        {
            "gameTime": "1 - 41:48",
            "label": "Corner",
            "position": "2508000",
            "half": "1",
            "confidence": "0.8847348093986511"
        },
        {
            "gameTime": "1 - 31:15",
            "label": "Corner",
            "position": "1875000",
            "half": "1",
            "confidence": "0.8402574062347412"
        },
        {
            "gameTime": "1 - 27:53",
            "label": "Corner",
            "position": "1673000",
            "half": "1",
            "confidence": "0.691118061542511"
        },
        {
            "gameTime": "1 - 39:29",
            "label": "Yellow card",
            "position": "2369000",
            "half": "1",
            "confidence": "0.9521467685699463"
        },
        {
            "gameTime": "1 - 39:39",
            "label": "Yellow card",
            "position": "2379000",
            "half": "1",
            "confidence": "0.8900829553604126"
        },
        {
            "gameTime": "2 - 0:3",
            "label": "Kick-off",
            "position": "3000",
            "half": "2",
            "confidence": "0.9894837737083435"
        },
        {
            "gameTime": "2 - 24:0",
            "label": "Kick-off",
            "position": "1440000",
            "half": "2",
            "confidence": "0.9431920051574707"
        },
        {
            "gameTime": "2 - 23:49",
            "label": "Kick-off",
            "position": "1429000",
            "half": "2",
            "confidence": "0.8427429795265198"
        },
        {
            "gameTime": "2 - 29:55",
            "label": "Kick-off",
            "position": "1795000",
            "half": "2",
            "confidence": "0.5807806253433228"
        },
        {
            "gameTime": "2 - 23:14",
            "label": "Goal",
            "position": "1394000",
            "half": "2",
            "confidence": "0.7781247496604919"
        },
        {
            "gameTime": "2 - 43:43",
            "label": "Goal",
            "position": "2623000",
            "half": "2",
            "confidence": "0.6873186230659485"
        },
        {
            "gameTime": "2 - 21:52",
            "label": "Goal",
            "position": "1312500",
            "half": "2",
            "confidence": "0.6871893405914307"
        },
        {
            "gameTime": "2 - 22:58",
            "label": "Goal",
            "position": "1378500",
            "half": "2",
            "confidence": "0.622556746006012"
        },
        {
            "gameTime": "2 - 22:45",
            "label": "Goal",
            "position": "1365500",
            "half": "2",
            "confidence": "0.5929305553436279"
        },
        {
            "gameTime": "2 - 48:14",
            "label": "Goal",
            "position": "2894500",
            "half": "2",
            "confidence": "0.5800345540046692"
        },
        {
            "gameTime": "2 - 32:42",
            "label": "Substitution",
            "position": "1962500",
            "half": "2",
            "confidence": "0.9869084358215332"
        },
        {
            "gameTime": "2 - 8:54",
            "label": "Substitution",
            "position": "534500",
            "half": "2",
            "confidence": "0.9621140360832214"
        },
        {
            "gameTime": "2 - 39:45",
            "label": "Substitution",
            "position": "2385500",
            "half": "2",
            "confidence": "0.9232761263847351"
        },
        {
            "gameTime": "2 - 9:4",
            "label": "Substitution",
            "position": "544500",
            "half": "2",
            "confidence": "0.9060302376747131"
        },
        {
            "gameTime": "2 - 39:35",
            "label": "Substitution",
            "position": "2375000",
            "half": "2",
            "confidence": "0.8318584561347961"
        },
        {
            "gameTime": "2 - 39:24",
            "label": "Substitution",
            "position": "2364500",
            "half": "2",
            "confidence": "0.8255544900894165"
        },
        {
            "gameTime": "2 - 23:53",
            "label": "Substitution",
            "position": "1433500",
            "half": "2",
            "confidence": "0.5121663808822632"
        },
        {
            "gameTime": "2 - 23:8",
            "label": "Shots on target",
            "position": "1388000",
            "half": "2",
            "confidence": "0.7103472948074341"
        },
        {
            "gameTime": "2 - 16:0",
            "label": "Shots on target",
            "position": "960500",
            "half": "2",
            "confidence": "0.6180519461631775"
        },
        {
            "gameTime": "2 - 22:18",
            "label": "Shots on target",
            "position": "1338500",
            "half": "2",
            "confidence": "0.5312631726264954"
        },
        {
            "gameTime": "2 - 26:28",
            "label": "Shots on target",
            "position": "1588000",
            "half": "2",
            "confidence": "0.523546040058136"
        },
        {
            "gameTime": "2 - 43:41",
            "label": "Shots on target",
            "position": "2621500",
            "half": "2",
            "confidence": "0.5178777575492859"
        },
        {
            "gameTime": "2 - 34:4",
            "label": "Shots off target",
            "position": "2044500",
            "half": "2",
            "confidence": "0.7950083017349243"
        },
        {
            "gameTime": "2 - 26:28",
            "label": "Shots off target",
            "position": "1588000",
            "half": "2",
            "confidence": "0.6369581818580627"
        },
        {
            "gameTime": "2 - 25:23",
            "label": "Shots off target",
            "position": "1523500",
            "half": "2",
            "confidence": "0.5673280358314514"
        },
        {
            "gameTime": "2 - 17:4",
            "label": "Shots off target",
            "position": "1024000",
            "half": "2",
            "confidence": "0.5634846091270447"
        },
        {
            "gameTime": "2 - 11:6",
            "label": "Shots off target",
            "position": "666000",
            "half": "2",
            "confidence": "0.5558751821517944"
        },
        {
            "gameTime": "2 - 16:51",
            "label": "Shots off target",
            "position": "1011500",
            "half": "2",
            "confidence": "0.5335919260978699"
        },
        {
            "gameTime": "2 - 11:29",
            "label": "Clearance",
            "position": "689000",
            "half": "2",
            "confidence": "0.9144108891487122"
        },
        {
            "gameTime": "2 - 35:59",
            "label": "Clearance",
            "position": "2159500",
            "half": "2",
            "confidence": "0.8067083954811096"
        },
        {
            "gameTime": "2 - 16:27",
            "label": "Clearance",
            "position": "987000",
            "half": "2",
            "confidence": "0.7898927927017212"
        },
        {
            "gameTime": "2 - 17:28",
            "label": "Clearance",
            "position": "1048500",
            "half": "2",
            "confidence": "0.7263044118881226"
        },
        {
            "gameTime": "2 - 40:40",
            "label": "Clearance",
            "position": "2440000",
            "half": "2",
            "confidence": "0.7145112156867981"
        },
        {
            "gameTime": "2 - 9:13",
            "label": "Clearance",
            "position": "553000",
            "half": "2",
            "confidence": "0.6882548332214355"
        },
        {
            "gameTime": "2 - 38:25",
            "label": "Clearance",
            "position": "2305500",
            "half": "2",
            "confidence": "0.6762319803237915"
        },
        {
            "gameTime": "2 - 41:52",
            "label": "Clearance",
            "position": "2512500",
            "half": "2",
            "confidence": "0.6148968935012817"
        },
        {
            "gameTime": "2 - 25:49",
            "label": "Clearance",
            "position": "1549000",
            "half": "2",
            "confidence": "0.5642145276069641"
        },
        {
            "gameTime": "2 - 15:22",
            "label": "Clearance",
            "position": "922500",
            "half": "2",
            "confidence": "0.5409770011901855"
        },
        {
            "gameTime": "2 - 33:17",
            "label": "Ball out of play",
            "position": "1997000",
            "half": "2",
            "confidence": "0.952277421951294"
        },
        {
            "gameTime": "2 - 24:52",
            "label": "Ball out of play",
            "position": "1492000",
            "half": "2",
            "confidence": "0.9492750763893127"
        },
        {
            "gameTime": "2 - 1:57",
            "label": "Ball out of play",
            "position": "117500",
            "half": "2",
            "confidence": "0.9406941533088684"
        },
        {
            "gameTime": "2 - 33:30",
            "label": "Ball out of play",
            "position": "2010500",
            "half": "2",
            "confidence": "0.9185699820518494"
        },
        {
            "gameTime": "2 - 41:36",
            "label": "Ball out of play",
            "position": "2496000",
            "half": "2",
            "confidence": "0.9150270819664001"
        },
        {
            "gameTime": "2 - 19:19",
            "label": "Ball out of play",
            "position": "1159000",
            "half": "2",
            "confidence": "0.900561511516571"
        },
        {
            "gameTime": "2 - 9:38",
            "label": "Ball out of play",
            "position": "578000",
            "half": "2",
            "confidence": "0.8995150327682495"
        },
        {
            "gameTime": "2 - 7:56",
            "label": "Ball out of play",
            "position": "476500",
            "half": "2",
            "confidence": "0.897408664226532"
        },
        {
            "gameTime": "2 - 33:2",
            "label": "Ball out of play",
            "position": "1982500",
            "half": "2",
            "confidence": "0.894477367401123"
        },
        {
            "gameTime": "2 - 17:0",
            "label": "Ball out of play",
            "position": "1020500",
            "half": "2",
            "confidence": "0.890420138835907"
        },
        {
            "gameTime": "2 - 2:12",
            "label": "Ball out of play",
            "position": "132000",
            "half": "2",
            "confidence": "0.8804643154144287"
        },
        {
            "gameTime": "2 - 40:0",
            "label": "Ball out of play",
            "position": "2400500",
            "half": "2",
            "confidence": "0.8797717690467834"
        },
        {
            "gameTime": "2 - 44:10",
            "label": "Ball out of play",
            "position": "2650500",
            "half": "2",
            "confidence": "0.8779447674751282"
        },
        {
            "gameTime": "2 - 37:20",
            "label": "Ball out of play",
            "position": "2240500",
            "half": "2",
            "confidence": "0.8765186667442322"
        },
        {
            "gameTime": "2 - 19:30",
            "label": "Ball out of play",
            "position": "1170500",
            "half": "2",
            "confidence": "0.8575136065483093"
        },
        {
            "gameTime": "2 - 41:3",
            "label": "Ball out of play",
            "position": "2463000",
            "half": "2",
            "confidence": "0.8418305516242981"
        },
        {
            "gameTime": "2 - 9:27",
            "label": "Ball out of play",
            "position": "567500",
            "half": "2",
            "confidence": "0.8311416506767273"
        },
        {
            "gameTime": "2 - 30:58",
            "label": "Ball out of play",
            "position": "1858500",
            "half": "2",
            "confidence": "0.8069964647293091"
        },
        {
            "gameTime": "2 - 25:5",
            "label": "Ball out of play",
            "position": "1505000",
            "half": "2",
            "confidence": "0.8058538436889648"
        },
        {
            "gameTime": "2 - 37:53",
            "label": "Ball out of play",
            "position": "2273500",
            "half": "2",
            "confidence": "0.8036088347434998"
        },
        {
            "gameTime": "2 - 40:10",
            "label": "Ball out of play",
            "position": "2410500",
            "half": "2",
            "confidence": "0.8011230230331421"
        },
        {
            "gameTime": "2 - 10:39",
            "label": "Ball out of play",
            "position": "639000",
            "half": "2",
            "confidence": "0.7996414303779602"
        },
        {
            "gameTime": "2 - 16:3",
            "label": "Ball out of play",
            "position": "963500",
            "half": "2",
            "confidence": "0.7952086925506592"
        },
        {
            "gameTime": "2 - 13:18",
            "label": "Ball out of play",
            "position": "798000",
            "half": "2",
            "confidence": "0.7852014899253845"
        },
        {
            "gameTime": "2 - 21:45",
            "label": "Ball out of play",
            "position": "1305500",
            "half": "2",
            "confidence": "0.767487645149231"
        },
        {
            "gameTime": "2 - 22:54",
            "label": "Ball out of play",
            "position": "1374000",
            "half": "2",
            "confidence": "0.7643541693687439"
        },
        {
            "gameTime": "2 - 36:12",
            "label": "Ball out of play",
            "position": "2172500",
            "half": "2",
            "confidence": "0.7482547760009766"
        },
        {
            "gameTime": "2 - 25:20",
            "label": "Ball out of play",
            "position": "1520500",
            "half": "2",
            "confidence": "0.7465682625770569"
        },
        {
            "gameTime": "2 - 18:14",
            "label": "Ball out of play",
            "position": "1094500",
            "half": "2",
            "confidence": "0.7390938997268677"
        },
        {
            "gameTime": "2 - 20:34",
            "label": "Ball out of play",
            "position": "1234500",
            "half": "2",
            "confidence": "0.7362015247344971"
        },
        {
            "gameTime": "2 - 45:3",
            "label": "Ball out of play",
            "position": "2703500",
            "half": "2",
            "confidence": "0.7262296676635742"
        },
        {
            "gameTime": "2 - 45:36",
            "label": "Ball out of play",
            "position": "2736000",
            "half": "2",
            "confidence": "0.7031309604644775"
        },
        {
            "gameTime": "2 - 41:25",
            "label": "Ball out of play",
            "position": "2485000",
            "half": "2",
            "confidence": "0.6980306506156921"
        },
        {
            "gameTime": "2 - 11:4",
            "label": "Ball out of play",
            "position": "664500",
            "half": "2",
            "confidence": "0.6938477158546448"
        },
        {
            "gameTime": "2 - 10:49",
            "label": "Ball out of play",
            "position": "649000",
            "half": "2",
            "confidence": "0.6719799637794495"
        },
        {
            "gameTime": "2 - 17:56",
            "label": "Ball out of play",
            "position": "1076000",
            "half": "2",
            "confidence": "0.6598309874534607"
        },
        {
            "gameTime": "2 - 34:1",
            "label": "Ball out of play",
            "position": "2041500",
            "half": "2",
            "confidence": "0.6478356719017029"
        },
        {
            "gameTime": "2 - 48:30",
            "label": "Ball out of play",
            "position": "2910000",
            "half": "2",
            "confidence": "0.64661705493927"
        },
        {
            "gameTime": "2 - 17:41",
            "label": "Ball out of play",
            "position": "1061500",
            "half": "2",
            "confidence": "0.6446142792701721"
        },
        {
            "gameTime": "2 - 37:10",
            "label": "Ball out of play",
            "position": "2230000",
            "half": "2",
            "confidence": "0.6386093497276306"
        },
        {
            "gameTime": "2 - 0:25",
            "label": "Ball out of play",
            "position": "25000",
            "half": "2",
            "confidence": "0.637772262096405"
        },
        {
            "gameTime": "2 - 24:4",
            "label": "Ball out of play",
            "position": "1444500",
            "half": "2",
            "confidence": "0.6306203007698059"
        },
        {
            "gameTime": "2 - 33:40",
            "label": "Ball out of play",
            "position": "2020500",
            "half": "2",
            "confidence": "0.6250763535499573"
        },
        {
            "gameTime": "2 - 32:52",
            "label": "Ball out of play",
            "position": "1972000",
            "half": "2",
            "confidence": "0.6196010708808899"
        },
        {
            "gameTime": "2 - 29:3",
            "label": "Ball out of play",
            "position": "1743500",
            "half": "2",
            "confidence": "0.616622269153595"
        },
        {
            "gameTime": "2 - 10:7",
            "label": "Ball out of play",
            "position": "607500",
            "half": "2",
            "confidence": "0.5947360396385193"
        },
        {
            "gameTime": "2 - 3:6",
            "label": "Ball out of play",
            "position": "186500",
            "half": "2",
            "confidence": "0.5920997858047485"
        },
        {
            "gameTime": "2 - 15:53",
            "label": "Ball out of play",
            "position": "953000",
            "half": "2",
            "confidence": "0.5913596153259277"
        },
        {
            "gameTime": "2 - 8:7",
            "label": "Ball out of play",
            "position": "487000",
            "half": "2",
            "confidence": "0.5873597860336304"
        },
        {
            "gameTime": "2 - 3:18",
            "label": "Ball out of play",
            "position": "198000",
            "half": "2",
            "confidence": "0.5706813931465149"
        },
        {
            "gameTime": "2 - 12:41",
            "label": "Ball out of play",
            "position": "761000",
            "half": "2",
            "confidence": "0.5574661493301392"
        },
        {
            "gameTime": "2 - 47:58",
            "label": "Ball out of play",
            "position": "2878500",
            "half": "2",
            "confidence": "0.5526026487350464"
        },
        {
            "gameTime": "2 - 12:30",
            "label": "Ball out of play",
            "position": "750500",
            "half": "2",
            "confidence": "0.5494603514671326"
        },
        {
            "gameTime": "2 - 44:49",
            "label": "Ball out of play",
            "position": "2689500",
            "half": "2",
            "confidence": "0.5467069745063782"
        },
        {
            "gameTime": "2 - 35:25",
            "label": "Ball out of play",
            "position": "2125000",
            "half": "2",
            "confidence": "0.5436415672302246"
        },
        {
            "gameTime": "2 - 18:27",
            "label": "Ball out of play",
            "position": "1107000",
            "half": "2",
            "confidence": "0.5311775207519531"
        },
        {
            "gameTime": "2 - 32:24",
            "label": "Ball out of play",
            "position": "1944000",
            "half": "2",
            "confidence": "0.5208695530891418"
        },
        {
            "gameTime": "2 - 36:23",
            "label": "Ball out of play",
            "position": "2183000",
            "half": "2",
            "confidence": "0.5139035582542419"
        },
        {
            "gameTime": "2 - 47:32",
            "label": "Ball out of play",
            "position": "2852500",
            "half": "2",
            "confidence": "0.5124304294586182"
        },
        {
            "gameTime": "2 - 4:32",
            "label": "Ball out of play",
            "position": "272000",
            "half": "2",
            "confidence": "0.5054367780685425"
        },
        {
            "gameTime": "2 - 2:7",
            "label": "Throw-in",
            "position": "127000",
            "half": "2",
            "confidence": "0.985474705696106"
        },
        {
            "gameTime": "2 - 45:33",
            "label": "Throw-in",
            "position": "2733500",
            "half": "2",
            "confidence": "0.9775110483169556"
        },
        {
            "gameTime": "2 - 33:32",
            "label": "Throw-in",
            "position": "2012000",
            "half": "2",
            "confidence": "0.9697136878967285"
        },
        {
            "gameTime": "2 - 33:42",
            "label": "Throw-in",
            "position": "2022500",
            "half": "2",
            "confidence": "0.9663668274879456"
        },
        {
            "gameTime": "2 - 32:24",
            "label": "Throw-in",
            "position": "1944000",
            "half": "2",
            "confidence": "0.9302226305007935"
        },
        {
            "gameTime": "2 - 41:29",
            "label": "Throw-in",
            "position": "2489500",
            "half": "2",
            "confidence": "0.9203343987464905"
        },
        {
            "gameTime": "2 - 33:2",
            "label": "Throw-in",
            "position": "1982500",
            "half": "2",
            "confidence": "0.9156103730201721"
        },
        {
            "gameTime": "2 - 46:10",
            "label": "Throw-in",
            "position": "2770000",
            "half": "2",
            "confidence": "0.9080243110656738"
        },
        {
            "gameTime": "2 - 19:30",
            "label": "Throw-in",
            "position": "1170500",
            "half": "2",
            "confidence": "0.8872604370117188"
        },
        {
            "gameTime": "2 - 40:0",
            "label": "Throw-in",
            "position": "2400500",
            "half": "2",
            "confidence": "0.8552778363227844"
        },
        {
            "gameTime": "2 - 33:12",
            "label": "Throw-in",
            "position": "1992500",
            "half": "2",
            "confidence": "0.8551121354103088"
        },
        {
            "gameTime": "2 - 45:2",
            "label": "Throw-in",
            "position": "2702500",
            "half": "2",
            "confidence": "0.8507025837898254"
        },
        {
            "gameTime": "2 - 41:11",
            "label": "Throw-in",
            "position": "2471000",
            "half": "2",
            "confidence": "0.8386979103088379"
        },
        {
            "gameTime": "2 - 18:14",
            "label": "Throw-in",
            "position": "1094500",
            "half": "2",
            "confidence": "0.804803729057312"
        },
        {
            "gameTime": "2 - 32:52",
            "label": "Throw-in",
            "position": "1972000",
            "half": "2",
            "confidence": "0.7919315099716187"
        },
        {
            "gameTime": "2 - 32:34",
            "label": "Throw-in",
            "position": "1954000",
            "half": "2",
            "confidence": "0.7896080017089844"
        },
        {
            "gameTime": "2 - 1:56",
            "label": "Throw-in",
            "position": "116000",
            "half": "2",
            "confidence": "0.7874615788459778"
        },
        {
            "gameTime": "2 - 19:20",
            "label": "Throw-in",
            "position": "1160000",
            "half": "2",
            "confidence": "0.7725837230682373"
        },
        {
            "gameTime": "2 - 40:10",
            "label": "Throw-in",
            "position": "2410500",
            "half": "2",
            "confidence": "0.7659618854522705"
        },
        {
            "gameTime": "2 - 2:17",
            "label": "Throw-in",
            "position": "137500",
            "half": "2",
            "confidence": "0.7402838468551636"
        },
        {
            "gameTime": "2 - 44:52",
            "label": "Throw-in",
            "position": "2692000",
            "half": "2",
            "confidence": "0.7307959794998169"
        },
        {
            "gameTime": "2 - 20:39",
            "label": "Throw-in",
            "position": "1239500",
            "half": "2",
            "confidence": "0.6972408294677734"
        },
        {
            "gameTime": "2 - 20:25",
            "label": "Throw-in",
            "position": "1225000",
            "half": "2",
            "confidence": "0.6917961239814758"
        },
        {
            "gameTime": "2 - 0:36",
            "label": "Throw-in",
            "position": "36000",
            "half": "2",
            "confidence": "0.6872106194496155"
        },
        {
            "gameTime": "2 - 45:20",
            "label": "Throw-in",
            "position": "2720500",
            "half": "2",
            "confidence": "0.6610478758811951"
        },
        {
            "gameTime": "2 - 20:12",
            "label": "Throw-in",
            "position": "1212500",
            "half": "2",
            "confidence": "0.6582789421081543"
        },
        {
            "gameTime": "2 - 41:40",
            "label": "Throw-in",
            "position": "2500000",
            "half": "2",
            "confidence": "0.6271932125091553"
        },
        {
            "gameTime": "2 - 44:11",
            "label": "Throw-in",
            "position": "2651000",
            "half": "2",
            "confidence": "0.5911153554916382"
        },
        {
            "gameTime": "2 - 13:35",
            "label": "Throw-in",
            "position": "815500",
            "half": "2",
            "confidence": "0.5633310079574585"
        },
        {
            "gameTime": "2 - 21:31",
            "label": "Throw-in",
            "position": "1291500",
            "half": "2",
            "confidence": "0.5505814552307129"
        },
        {
            "gameTime": "2 - 0:25",
            "label": "Throw-in",
            "position": "25500",
            "half": "2",
            "confidence": "0.5457018613815308"
        },
        {
            "gameTime": "2 - 32:11",
            "label": "Throw-in",
            "position": "1931000",
            "half": "2",
            "confidence": "0.5234498381614685"
        },
        {
            "gameTime": "2 - 5:39",
            "label": "Throw-in",
            "position": "339000",
            "half": "2",
            "confidence": "0.5174605250358582"
        },
        {
            "gameTime": "2 - 28:54",
            "label": "Throw-in",
            "position": "1734500",
            "half": "2",
            "confidence": "0.5044375061988831"
        },
        {
            "gameTime": "2 - 5:48",
            "label": "Foul",
            "position": "348500",
            "half": "2",
            "confidence": "0.8487750887870789"
        },
        {
            "gameTime": "2 - 0:47",
            "label": "Foul",
            "position": "47500",
            "half": "2",
            "confidence": "0.8106145262718201"
        },
        {
            "gameTime": "2 - 3:25",
            "label": "Foul",
            "position": "205000",
            "half": "2",
            "confidence": "0.6202793717384338"
        },
        {
            "gameTime": "2 - 21:14",
            "label": "Foul",
            "position": "1274500",
            "half": "2",
            "confidence": "0.5939280986785889"
        },
        {
            "gameTime": "2 - 1:21",
            "label": "Foul",
            "position": "81500",
            "half": "2",
            "confidence": "0.556757390499115"
        },
        {
            "gameTime": "2 - 42:45",
            "label": "Foul",
            "position": "2565000",
            "half": "2",
            "confidence": "0.5426949858665466"
        },
        {
            "gameTime": "2 - 42:8",
            "label": "Foul",
            "position": "2528500",
            "half": "2",
            "confidence": "0.5209802985191345"
        },
        {
            "gameTime": "2 - 15:8",
            "label": "Foul",
            "position": "908000",
            "half": "2",
            "confidence": "0.5034237504005432"
        },
        {
            "gameTime": "2 - 42:32",
            "label": "Foul",
            "position": "2552000",
            "half": "2",
            "confidence": "0.5033396482467651"
        },
        {
            "gameTime": "2 - 1:20",
            "label": "Indirect free-kick",
            "position": "80500",
            "half": "2",
            "confidence": "0.8778941631317139"
        },
        {
            "gameTime": "2 - 41:55",
            "label": "Indirect free-kick",
            "position": "2515000",
            "half": "2",
            "confidence": "0.7900917530059814"
        },
        {
            "gameTime": "2 - 3:52",
            "label": "Indirect free-kick",
            "position": "232000",
            "half": "2",
            "confidence": "0.7699434161186218"
        },
        {
            "gameTime": "2 - 38:30",
            "label": "Indirect free-kick",
            "position": "2310000",
            "half": "2",
            "confidence": "0.6921475529670715"
        },
        {
            "gameTime": "2 - 15:12",
            "label": "Indirect free-kick",
            "position": "912500",
            "half": "2",
            "confidence": "0.6872798800468445"
        },
        {
            "gameTime": "2 - 15:25",
            "label": "Indirect free-kick",
            "position": "925000",
            "half": "2",
            "confidence": "0.678070604801178"
        },
        {
            "gameTime": "2 - 17:37",
            "label": "Indirect free-kick",
            "position": "1057000",
            "half": "2",
            "confidence": "0.6511722207069397"
        },
        {
            "gameTime": "2 - 31:34",
            "label": "Indirect free-kick",
            "position": "1894500",
            "half": "2",
            "confidence": "0.6302956342697144"
        },
        {
            "gameTime": "2 - 34:21",
            "label": "Indirect free-kick",
            "position": "2061000",
            "half": "2",
            "confidence": "0.6275840997695923"
        },
        {
            "gameTime": "2 - 1:10",
            "label": "Indirect free-kick",
            "position": "70000",
            "half": "2",
            "confidence": "0.5829529762268066"
        },
        {
            "gameTime": "2 - 29:58",
            "label": "Indirect free-kick",
            "position": "1798500",
            "half": "2",
            "confidence": "0.5455859899520874"
        },
        {
            "gameTime": "2 - 3:39",
            "label": "Indirect free-kick",
            "position": "219500",
            "half": "2",
            "confidence": "0.5396668910980225"
        },
        {
            "gameTime": "2 - 23:56",
            "label": "Indirect free-kick",
            "position": "1436000",
            "half": "2",
            "confidence": "0.5151504278182983"
        },
        {
            "gameTime": "2 - 40:39",
            "label": "Indirect free-kick",
            "position": "2439500",
            "half": "2",
            "confidence": "0.5020389556884766"
        },
        {
            "gameTime": "2 - 6:41",
            "label": "Direct free-kick",
            "position": "401000",
            "half": "2",
            "confidence": "0.8585914969444275"
        },
        {
            "gameTime": "2 - 25:16",
            "label": "Corner",
            "position": "1516000",
            "half": "2",
            "confidence": "0.9659531712532043"
        },
        {
            "gameTime": "2 - 22:11",
            "label": "Corner",
            "position": "1331500",
            "half": "2",
            "confidence": "0.9211743474006653"
        },
        {
            "gameTime": "2 - 25:5",
            "label": "Corner",
            "position": "1505500",
            "half": "2",
            "confidence": "0.8983620405197144"
        },
        {
            "gameTime": "2 - 9:53",
            "label": "Corner",
            "position": "593000",
            "half": "2",
            "confidence": "0.881312370300293"
        },
        {
            "gameTime": "2 - 48:17",
            "label": "Corner",
            "position": "2897000",
            "half": "2",
            "confidence": "0.8045733571052551"
        },
        {
            "gameTime": "2 - 48:27",
            "label": "Corner",
            "position": "2907000",
            "half": "2",
            "confidence": "0.7006567716598511"
        },
        {
            "gameTime": "2 - 23:1",
            "label": "Corner",
            "position": "1381500",
            "half": "2",
            "confidence": "0.674584150314331"
        },
        {
            "gameTime": "2 - 10:53",
            "label": "Corner",
            "position": "653000",
            "half": "2",
            "confidence": "0.6080489754676819"
        },
        {
            "gameTime": "2 - 6:5",
            "label": "Yellow card",
            "position": "365000",
            "half": "2",
            "confidence": "0.8980391621589661"
        },
        {
            "gameTime": "2 - 5:54",
            "label": "Yellow card",
            "position": "354000",
            "half": "2",
            "confidence": "0.7070828676223755"
        }
    ]
}