{
    "UrlLocal": "spain_laliga/2019-2020/2019-08-17 - 18-00 Celta Vigo 1 - 3 Real Madrid",
    "UrlYoutube": "",
    "annotations": [
        {
            "change_type": "",
            "gameTime": "1 - 02:42",
            "label": "",
            "position": "162351",
            "replay": "real-time"
        },
        {
            "change_type": "",
            "gameTime": "1 - 02:54",
            "label": "",
            "link": "",
            "position": "174093",
            "replay": "replay"
        },
        {
            "change_type": "",
            "gameTime": "1 - 03:30",
            "label": "",
            "position": "210361",
            "replay": "real-time"
        },
        {
            "change_type": "",
            "gameTime": "1 - 03:35",
            "label": "",
            "link": "",
            "position": "215823",
            "replay": "replay"
        },
        {
            "change_type": "",
            "gameTime": "1 - 06:33",
            "label": "",
            "position": "393320",
            "replay": "real-time"
        },
        {
            "change_type": "",
            "gameTime": "1 - 06:39",
            "label": "",
            "link": "",
            "position": "399806",
            "replay": "replay"
        },
        {
            "change_type": "",
            "gameTime": "1 - 06:45",
            "label": "",
            "link": "",
            "position": "405589",
            "replay": "replay"
        },
        {
            "change_type": "",
            "gameTime": "1 - 07:10",
            "label": "",
            "position": "430293",
            "replay": "real-time"
        },
        {
            "change_type": "",
            "gameTime": "1 - 07:17",
            "label": "",
            "link": "",
            "position": "437093",
            "replay": "replay"
        },
        {
            "change_type": "",
            "gameTime": "1 - 07:25",
            "label": "",
            "link": "",
            "position": "445878",
            "replay": "replay"
        },
        {
            "change_type": "",
            "gameTime": "1 - 07:30",
            "label": "",
            "position": "450818",
            "replay": "other"
        },
        {
            "change_type": "",
            "gameTime": "1 - 08:14",
            "label": "",
            "position": "494941",
            "replay": "real-time"
        },
        {
            "change_type": "",
            "gameTime": "1 - 08:20",
            "label": "",
            "link": "",
            "position": "500433",
            "replay": "replay"
        },
        {
            "change_type": "",
            "gameTime": "1 - 09:32",
            "label": "",
            "position": "572193",
            "replay": "real-time"
        },
        {
            "change_type": "",
            "gameTime": "1 - 09:37",
            "label": "",
            "link": "",
            "position": "577724",
            "replay": "replay"
        },
        {
            "change_type": "",
            "gameTime": "1 - 12:00",
            "label": "",
            "position": "720269",
            "replay": "real-time"
        },
        {
            "change_type": "",
            "gameTime": "1 - 12:07",
            "label": "",
            "position": "727380",
            "replay": "other"
        },
        {
            "change_type": "",
            "gameTime": "1 - 12:17",
            "label": "",
            "link": "",
            "position": "737721",
            "replay": "replay"
        },
        {
            "change_type": "",
            "gameTime": "1 - 12:27",
            "label": "",
            "link": "",
            "position": "747171",
            "replay": "replay"
        },
        {
            "change_type": "",
            "gameTime": "1 - 12:33",
            "label": "",
            "link": "",
            "position": "753465",
            "replay": "replay"
        },
        {
            "change_type": "",
            "gameTime": "1 - 12:37",
            "label": "",
            "position": "757689",
            "replay": "other"
        },
        {
            "change_type": "",
            "gameTime": "1 - 16:17",
            "label": "",
            "position": "977175",
            "replay": "real-time"
        },
        {
            "change_type": "",
            "gameTime": "1 - 16:31",
            "label": "",
            "link": "",
            "position": "991901",
            "replay": "replay"
        },
        {
            "change_type": "",
            "gameTime": "1 - 16:35",
            "label": "",
            "link": "",
            "position": "995975",
            "replay": "replay"
        },
        {
            "change_type": "",
            "gameTime": "1 - 16:41",
            "label": "",
            "position": "1001814",
            "replay": "other"
        },
        {
            "change_type": "",
            "gameTime": "1 - 21:16",
            "label": "",
            "position": "1276257",
            "replay": "real-time"
        },
        {
            "change_type": "",
            "gameTime": "1 - 21:23",
            "label": "",
            "link": "",
            "position": "1283335",
            "replay": "replay"
        },
        {
            "change_type": "",
            "gameTime": "1 - 21:27",
            "label": "",
            "position": "1287168",
            "replay": "other"
        },
        {
            "change_type": "",
            "gameTime": "1 - 22:31",
            "label": "",
            "position": "1351401",
            "replay": "real-time"
        },
        {
            "change_type": "",
            "gameTime": "1 - 22:36",
            "label": "",
            "link": "",
            "position": "1356224",
            "replay": "replay"
        },
        {
            "change_type": "",
            "gameTime": "1 - 22:41",
            "label": "",
            "link": "",
            "position": "1361022",
            "replay": "replay"
        },
        {
            "change_type": "",
            "gameTime": "1 - 24:02",
            "label": "",
            "position": "1442313",
            "replay": "real-time"
        },
        {
            "change_type": "",
            "gameTime": "1 - 24:06",
            "label": "",
            "link": "",
            "position": "1446384",
            "replay": "replay"
        },
        {
            "change_type": "",
            "gameTime": "1 - 24:11",
            "label": "",
            "position": "1451881",
            "replay": "other"
        },
        {
            "change_type": "",
            "gameTime": "1 - 25:38",
            "label": "",
            "position": "1538321",
            "replay": "real-time"
        },
        {
            "change_type": "",
            "gameTime": "1 - 25:43",
            "label": "",
            "position": "1543722",
            "replay": "other"
        },
        {
            "change_type": "",
            "gameTime": "1 - 25:57",
            "label": "",
            "link": "",
            "position": "1557483",
            "replay": "replay"
        },
        {
            "change_type": "",
            "gameTime": "1 - 26:03",
            "label": "",
            "position": "1563318",
            "replay": "other"
        },
        {
            "change_type": "",
            "gameTime": "1 - 27:23",
            "label": "",
            "position": "1643426",
            "replay": "real-time"
        },
        {
            "change_type": "",
            "gameTime": "1 - 27:29",
            "label": "",
            "link": "",
            "position": "1649178",
            "replay": "replay"
        },
        {
            "change_type": "",
            "gameTime": "1 - 27:59",
            "label": "",
            "position": "1679632",
            "replay": "real-time"
        },
        {
            "change_type": "",
            "gameTime": "1 - 28:04",
            "label": "",
            "link": "",
            "position": "1684697",
            "replay": "replay"
        },
        {
            "change_type": "",
            "gameTime": "1 - 29:16",
            "label": "",
            "position": "1756379",
            "replay": "real-time"
        },
        {
            "change_type": "",
            "gameTime": "1 - 29:25",
            "label": "",
            "link": "",
            "position": "1765874",
            "replay": "replay"
        },
        {
            "change_type": "",
            "gameTime": "1 - 29:35",
            "label": "",
            "position": "1775020",
            "replay": "other"
        },
        {
            "change_type": "",
            "gameTime": "1 - 30:34",
            "label": "",
            "position": "1834665",
            "replay": "real-time"
        },
        {
            "change_type": "",
            "gameTime": "1 - 30:42",
            "label": "",
            "link": "",
            "position": "1842914",
            "replay": "replay"
        },
        {
            "change_type": "",
            "gameTime": "1 - 31:05",
            "label": "",
            "position": "1865985",
            "replay": "real-time"
        },
        {
            "change_type": "",
            "gameTime": "1 - 31:15",
            "label": "",
            "link": "",
            "position": "1875376",
            "replay": "replay"
        },
        {
            "change_type": "",
            "gameTime": "1 - 31:23",
            "label": "",
            "link": "",
            "position": "1883721",
            "replay": "replay"
        },
        {
            "change_type": "",
            "gameTime": "1 - 31:27",
            "label": "",
            "position": "1887676",
            "replay": "other"
        },
        {
            "change_type": "",
            "gameTime": "1 - 34:53",
            "label": "",
            "position": "2093726",
            "replay": "real-time"
        },
        {
            "change_type": "",
            "gameTime": "1 - 35:00",
            "label": "",
            "link": "",
            "position": "2100090",
            "replay": "replay"
        },
        {
            "change_type": "",
            "gameTime": "1 - 35:06",
            "label": "",
            "link": "",
            "position": "2106854",
            "replay": "replay"
        },
        {
            "change_type": "",
            "gameTime": "1 - 35:56",
            "label": "",
            "position": "2156101",
            "replay": "real-time"
        },
        {
            "change_type": "",
            "gameTime": "1 - 36:01",
            "label": "",
            "link": "",
            "position": "2161952",
            "replay": "replay"
        },
        {
            "change_type": "",
            "gameTime": "1 - 36:08",
            "label": "",
            "link": "",
            "position": "2168861",
            "replay": "replay"
        },
        {
            "change_type": "",
            "gameTime": "1 - 36:18",
            "label": "",
            "link": "",
            "position": "2178313",
            "replay": "replay"
        },
        {
            "change_type": "",
            "gameTime": "1 - 38:21",
            "label": "",
            "position": "2301344",
            "replay": "real-time"
        },
        {
            "change_type": "",
            "gameTime": "1 - 38:27",
            "label": "",
            "link": "",
            "position": "2307643",
            "replay": "replay"
        },
        {
            "change_type": "",
            "gameTime": "1 - 38:34",
            "label": "",
            "link": "",
            "position": "2314235",
            "replay": "replay"
        },
        {
            "change_type": "",
            "gameTime": "1 - 38:37",
            "label": "",
            "position": "2317334",
            "replay": "other"
        },
        {
            "change_type": "",
            "gameTime": "1 - 39:12",
            "label": "",
            "position": "2352781",
            "replay": "real-time"
        },
        {
            "change_type": "",
            "gameTime": "1 - 39:20",
            "label": "",
            "link": "",
            "position": "2360522",
            "replay": "replay"
        },
        {
            "change_type": "",
            "gameTime": "1 - 43:56",
            "label": "",
            "position": "2636783",
            "replay": "real-time"
        },
        {
            "change_type": "",
            "gameTime": "1 - 44:04",
            "label": "",
            "link": "",
            "position": "2644814",
            "replay": "replay"
        },
        {
            "change_type": "",
            "gameTime": "1 - 44:11",
            "label": "",
            "link": "",
            "position": "2651535",
            "replay": "replay"
        },
        {
            "change_type": "",
            "gameTime": "1 - 44:18",
            "label": "",
            "link": "",
            "position": "2658900",
            "replay": "replay"
        },
        {
            "change_type": "",
            "gameTime": "1 - 46:09",
            "label": "",
            "position": "2769829",
            "replay": "real-time"
        },
        {
            "change_type": "",
            "gameTime": "1 - 46:24",
            "label": "",
            "link": "",
            "position": "2784005",
            "replay": "replay"
        },
        {
            "change_type": "",
            "gameTime": "1 - 46:32",
            "label": "",
            "link": "",
            "position": "2792291",
            "replay": "replay"
        },
        {
            "change_type": "",
            "gameTime": "1 - 46:35",
            "label": "",
            "position": "2795649",
            "replay": "other"
        },
        {
            "change_type": "",
            "gameTime": "1 - 46:40",
            "label": "",
            "position": "2800633",
            "replay": "other"
        },
        {
            "change_type": "",
            "gameTime": "2 - 01:06",
            "label": "",
            "position": "66287",
            "replay": "real-time"
        },
        {
            "change_type": "",
            "gameTime": "2 - 01:16",
            "label": "",
            "link": "",
            "position": "76091",
            "replay": "replay"
        },
        {
            "change_type": "",
            "gameTime": "2 - 01:21",
            "label": "",
            "link": "",
            "position": "81392",
            "replay": "replay"
        },
        {
            "change_type": "",
            "gameTime": "2 - 01:24",
            "label": "",
            "position": "84719",
            "replay": "other"
        },
        {
            "change_type": "",
            "gameTime": "2 - 01:39",
            "label": "",
            "position": "99650",
            "replay": "real-time"
        },
        {
            "change_type": "",
            "gameTime": "2 - 01:47",
            "label": "",
            "link": "",
            "position": "107142",
            "replay": "replay"
        },
        {
            "change_type": "",
            "gameTime": "2 - 03:15",
            "label": "",
            "position": "195331",
            "replay": "real-time"
        },
        {
            "change_type": "",
            "gameTime": "2 - 03:21",
            "label": "",
            "link": "",
            "position": "201802",
            "replay": "replay"
        },
        {
            "change_type": "",
            "gameTime": "2 - 03:31",
            "label": "",
            "link": "",
            "position": "211769",
            "replay": "replay"
        },
        {
            "change_type": "",
            "gameTime": "2 - 03:37",
            "label": "",
            "position": "217487",
            "replay": "other"
        },
        {
            "change_type": "",
            "gameTime": "2 - 03:42",
            "label": "",
            "link": "",
            "position": "222711",
            "replay": "replay"
        },
        {
            "change_type": "",
            "gameTime": "2 - 03:52",
            "label": "",
            "position": "232720",
            "replay": "real-time"
        },
        {
            "change_type": "",
            "gameTime": "2 - 04:08",
            "label": "",
            "link": "",
            "position": "248898",
            "replay": "replay"
        },
        {
            "change_type": "",
            "gameTime": "2 - 04:14",
            "label": "",
            "position": "254524",
            "replay": "other"
        },
        {
            "change_type": "",
            "gameTime": "2 - 04:19",
            "label": "",
            "position": "259886",
            "replay": "other"
        },
        {
            "change_type": "",
            "gameTime": "2 - 06:17",
            "label": "",
            "position": "377178",
            "replay": "real-time"
        },
        {
            "change_type": "",
            "gameTime": "2 - 06:22",
            "label": "",
            "link": "",
            "position": "382857",
            "replay": "replay"
        },
        {
            "change_type": "",
            "gameTime": "2 - 06:27",
            "label": "",
            "link": "",
            "position": "387918",
            "replay": "replay"
        },
        {
            "change_type": "",
            "gameTime": "2 - 06:33",
            "label": "",
            "link": "",
            "position": "393064",
            "replay": "replay"
        },
        {
            "change_type": "",
            "gameTime": "2 - 08:48",
            "label": "",
            "position": "528044",
            "replay": "real-time"
        },
        {
            "change_type": "",
            "gameTime": "2 - 08:53",
            "label": "",
            "link": "",
            "position": "533205",
            "replay": "replay"
        },
        {
            "change_type": "",
            "gameTime": "2 - 09:00",
            "label": "",
            "link": "",
            "position": "540020",
            "replay": "replay"
        },
        {
            "change_type": "",
            "gameTime": "2 - 11:22",
            "label": "",
            "position": "682279",
            "replay": "real-time"
        },
        {
            "change_type": "",
            "gameTime": "2 - 11:28",
            "label": "",
            "link": "",
            "position": "688853",
            "replay": "replay"
        },
        {
            "change_type": "",
            "gameTime": "2 - 11:35",
            "label": "",
            "link": "",
            "position": "695956",
            "replay": "replay"
        },
        {
            "change_type": "",
            "gameTime": "2 - 11:44",
            "label": "",
            "link": "",
            "position": "704116",
            "replay": "replay"
        },
        {
            "change_type": "",
            "gameTime": "2 - 12:59",
            "label": "",
            "position": "779631",
            "replay": "real-time"
        },
        {
            "change_type": "",
            "gameTime": "2 - 13:06",
            "label": "",
            "link": "",
            "position": "786423",
            "replay": "replay"
        },
        {
            "change_type": "",
            "gameTime": "2 - 13:13",
            "label": "",
            "link": "",
            "position": "793624",
            "replay": "replay"
        },
        {
            "change_type": "",
            "gameTime": "2 - 13:22",
            "label": "",
            "link": "",
            "position": "802998",
            "replay": "replay"
        },
        {
            "change_type": "",
            "gameTime": "2 - 16:15",
            "label": "",
            "position": "975953",
            "replay": "real-time"
        },
        {
            "change_type": "",
            "gameTime": "2 - 16:24",
            "label": "",
            "link": "",
            "position": "984617",
            "replay": "replay"
        },
        {
            "change_type": "",
            "gameTime": "2 - 16:31",
            "label": "",
            "link": "",
            "position": "991066",
            "replay": "replay"
        },
        {
            "change_type": "",
            "gameTime": "2 - 16:38",
            "label": "",
            "link": "",
            "position": "998803",
            "replay": "replay"
        },
        {
            "change_type": "",
            "gameTime": "2 - 16:43",
            "label": "",
            "link": "",
            "position": "1003826",
            "replay": "replay"
        },
        {
            "change_type": "",
            "gameTime": "2 - 16:46",
            "label": "",
            "position": "1006600",
            "replay": "other"
        },
        {
            "change_type": "",
            "gameTime": "2 - 16:50",
            "label": "",
            "position": "1010445",
            "replay": "other"
        },
        {
            "change_type": "",
            "gameTime": "2 - 18:46",
            "label": "",
            "position": "1126354",
            "replay": "real-time"
        },
        {
            "change_type": "",
            "gameTime": "2 - 18:52",
            "label": "",
            "link": "",
            "position": "1132709",
            "replay": "replay"
        },
        {
            "change_type": "",
            "gameTime": "2 - 19:42",
            "label": "",
            "position": "1182342",
            "replay": "real-time"
        },
        {
            "change_type": "",
            "gameTime": "2 - 19:48",
            "label": "",
            "link": "",
            "position": "1188978",
            "replay": "replay"
        },
        {
            "change_type": "",
            "gameTime": "2 - 19:56",
            "label": "",
            "link": "",
            "position": "1196271",
            "replay": "replay"
        },
        {
            "change_type": "",
            "gameTime": "2 - 19:59",
            "label": "",
            "position": "1199490",
            "replay": "other"
        },
        {
            "change_type": "",
            "gameTime": "2 - 20:01",
            "label": "",
            "position": "1201956",
            "replay": "other"
        },
        {
            "change_type": "",
            "gameTime": "2 - 25:15",
            "label": "",
            "position": "1515314",
            "replay": "real-time"
        },
        {
            "change_type": "",
            "gameTime": "2 - 25:21",
            "label": "",
            "link": "",
            "position": "1521095",
            "replay": "replay"
        },
        {
            "change_type": "",
            "gameTime": "2 - 27:11",
            "label": "",
            "position": "1631321",
            "replay": "real-time"
        },
        {
            "change_type": "",
            "gameTime": "2 - 27:18",
            "label": "",
            "link": "",
            "position": "1638996",
            "replay": "replay"
        },
        {
            "change_type": "",
            "gameTime": "2 - 27:25",
            "label": "",
            "link": "",
            "position": "1645816",
            "replay": "replay"
        },
        {
            "change_type": "",
            "gameTime": "2 - 28:53",
            "label": "",
            "position": "1733970",
            "replay": "real-time"
        },
        {
            "change_type": "",
            "gameTime": "2 - 28:59",
            "label": "",
            "link": "",
            "position": "1739482",
            "replay": "replay"
        },
        {
            "change_type": "",
            "gameTime": "2 - 29:04",
            "label": "",
            "link": "",
            "position": "1744118",
            "replay": "replay"
        },
        {
            "change_type": "",
            "gameTime": "2 - 35:13",
            "label": "",
            "position": "2113255",
            "replay": "real-time"
        },
        {
            "change_type": "",
            "gameTime": "2 - 35:25",
            "label": "",
            "link": "",
            "position": "2125234",
            "replay": "replay"
        },
        {
            "change_type": "",
            "gameTime": "2 - 35:35",
            "label": "",
            "link": "",
            "position": "2135373",
            "replay": "replay"
        },
        {
            "change_type": "",
            "gameTime": "2 - 35:40",
            "label": "",
            "link": "",
            "position": "2140667",
            "replay": "replay"
        },
        {
            "change_type": "",
            "gameTime": "2 - 35:46",
            "label": "",
            "position": "2146037",
            "replay": "other"
        },
        {
            "change_type": "",
            "gameTime": "2 - 37:19",
            "label": "",
            "position": "2239933",
            "replay": "real-time"
        },
        {
            "change_type": "",
            "gameTime": "2 - 37:26",
            "label": "",
            "link": "",
            "position": "2246960",
            "replay": "replay"
        },
        {
            "change_type": "",
            "gameTime": "2 - 39:24",
            "label": "",
            "position": "2364859",
            "replay": "real-time"
        },
        {
            "change_type": "",
            "gameTime": "2 - 39:31",
            "label": "",
            "link": "",
            "position": "2371013",
            "replay": "replay"
        },
        {
            "change_type": "",
            "gameTime": "2 - 39:42",
            "label": "",
            "link": "",
            "position": "2382743",
            "replay": "replay"
        },
        {
            "change_type": "",
            "gameTime": "2 - 39:51",
            "label": "",
            "link": "",
            "position": "2391102",
            "replay": "replay"
        },
        {
            "change_type": "",
            "gameTime": "2 - 39:53",
            "label": "",
            "position": "2393506",
            "replay": "other"
        },
        {
            "change_type": "",
            "gameTime": "2 - 40:09",
            "label": "",
            "position": "2409138",
            "replay": "real-time"
        },
        {
            "change_type": "",
            "gameTime": "2 - 40:16",
            "label": "",
            "link": "",
            "position": "2416587",
            "replay": "replay"
        },
        {
            "change_type": "",
            "gameTime": "2 - 41:49",
            "label": "",
            "position": "2509039",
            "replay": "real-time"
        },
        {
            "change_type": "",
            "gameTime": "2 - 41:55",
            "label": "",
            "link": "",
            "position": "2515802",
            "replay": "replay"
        },
        {
            "change_type": "",
            "gameTime": "2 - 42:02",
            "label": "",
            "link": "",
            "position": "2522909",
            "replay": "replay"
        },
        {
            "change_type": "",
            "gameTime": "2 - 42:08",
            "label": "",
            "link": "",
            "position": "2528150",
            "replay": "replay"
        },
        {
            "change_type": "",
            "gameTime": "2 - 46:00",
            "label": "",
            "position": "2760166",
            "replay": "real-time"
        },
        {
            "change_type": "",
            "gameTime": "2 - 46:08",
            "label": "",
            "link": "",
            "position": "2768997",
            "replay": "replay"
        },
        {
            "change_type": "",
            "gameTime": "2 - 46:18",
            "label": "",
            "link": "",
            "position": "2778622",
            "replay": "replay"
        },
        {
            "change_type": "",
            "gameTime": "2 - 46:28",
            "label": "",
            "link": "",
            "position": "2788015",
            "replay": "replay"
        },
        {
            "change_type": "",
            "gameTime": "2 - 46:32",
            "label": "",
            "link": "",
            "position": "2792653",
            "replay": "replay"
        },
        {
            "change_type": "",
            "gameTime": "2 - 46:35",
            "label": "",
            "position": "2795905",
            "replay": "other"
        },
        {
            "change_type": "",
            "gameTime": "2 - 47:38",
            "label": "",
            "position": "2858872",
            "replay": "real-time"
        },
        {
            "change_type": "",
            "gameTime": "2 - 47:45",
            "label": "",
            "link": "",
            "position": "2865377",
            "replay": "replay"
        },
        {
            "change_type": "",
            "gameTime": "2 - 49:09",
            "label": "",
            "position": "2949392",
            "replay": "real-time"
        },
        {
            "change_type": "",
            "gameTime": "2 - 49:18",
            "label": "",
            "link": "",
            "position": "2958345",
            "replay": "replay"
        }
    ],
    "gameAwayTeam": "Real Madrid",
    "gameDate": "2019-08-17 - 18-00",
    "gameHomeTeam": "Celta Vigo",
    "gameScore": "1 - 3"
}