{
    "UrlLocal": "spain_laliga/2016-2017/2017-04-02 - 17-15 Real Madrid 3 - 0 Alaves",
    "predictions": [
        {
            "gameTime": "1 - 0:1",
            "label": "Kick-off",
            "position": "1000",
            "half": "1",
            "confidence": "0.9245476722717285"
        },
        {
            "gameTime": "1 - 0:11",
            "label": "Kick-off",
            "position": "11000",
            "half": "1",
            "confidence": "0.6036586165428162"
        },
        {
            "gameTime": "1 - 30:20",
            "label": "Goal",
            "position": "1820000",
            "half": "1",
            "confidence": "0.9132463335990906"
        },
        {
            "gameTime": "1 - 30:20",
            "label": "Shots on target",
            "position": "1820000",
            "half": "1",
            "confidence": "0.6850128173828125"
        },
        {
            "gameTime": "1 - 19:41",
            "label": "Shots on target",
            "position": "1181500",
            "half": "1",
            "confidence": "0.6586559414863586"
        },
        {
            "gameTime": "1 - 24:16",
            "label": "Shots off target",
            "position": "1456500",
            "half": "1",
            "confidence": "0.6696663498878479"
        },
        {
            "gameTime": "1 - 15:11",
            "label": "Shots off target",
            "position": "911000",
            "half": "1",
            "confidence": "0.6123301982879639"
        },
        {
            "gameTime": "1 - 43:35",
            "label": "Clearance",
            "position": "2615500",
            "half": "1",
            "confidence": "0.9639614820480347"
        },
        {
            "gameTime": "1 - 0:59",
            "label": "Clearance",
            "position": "59500",
            "half": "1",
            "confidence": "0.8094602227210999"
        },
        {
            "gameTime": "1 - 17:34",
            "label": "Clearance",
            "position": "1054500",
            "half": "1",
            "confidence": "0.782404363155365"
        },
        {
            "gameTime": "1 - 20:2",
            "label": "Clearance",
            "position": "1202500",
            "half": "1",
            "confidence": "0.7467036843299866"
        },
        {
            "gameTime": "1 - 43:45",
            "label": "Clearance",
            "position": "2625500",
            "half": "1",
            "confidence": "0.7404472827911377"
        },
        {
            "gameTime": "1 - 15:25",
            "label": "Clearance",
            "position": "925000",
            "half": "1",
            "confidence": "0.653389036655426"
        },
        {
            "gameTime": "1 - 43:25",
            "label": "Clearance",
            "position": "2605000",
            "half": "1",
            "confidence": "0.5193473696708679"
        },
        {
            "gameTime": "1 - 30:12",
            "label": "Ball out of play",
            "position": "1812500",
            "half": "1",
            "confidence": "0.9377784132957458"
        },
        {
            "gameTime": "1 - 1:31",
            "label": "Ball out of play",
            "position": "91500",
            "half": "1",
            "confidence": "0.8865344524383545"
        },
        {
            "gameTime": "1 - 18:12",
            "label": "Ball out of play",
            "position": "1092000",
            "half": "1",
            "confidence": "0.8859511613845825"
        },
        {
            "gameTime": "1 - 21:57",
            "label": "Ball out of play",
            "position": "1317500",
            "half": "1",
            "confidence": "0.8855817914009094"
        },
        {
            "gameTime": "1 - 27:31",
            "label": "Ball out of play",
            "position": "1651000",
            "half": "1",
            "confidence": "0.8783937692642212"
        },
        {
            "gameTime": "1 - 37:31",
            "label": "Ball out of play",
            "position": "2251000",
            "half": "1",
            "confidence": "0.859047532081604"
        },
        {
            "gameTime": "1 - 42:57",
            "label": "Ball out of play",
            "position": "2577000",
            "half": "1",
            "confidence": "0.8560908436775208"
        },
        {
            "gameTime": "1 - 1:20",
            "label": "Ball out of play",
            "position": "80500",
            "half": "1",
            "confidence": "0.8490952849388123"
        },
        {
            "gameTime": "1 - 25:26",
            "label": "Ball out of play",
            "position": "1526500",
            "half": "1",
            "confidence": "0.8367204666137695"
        },
        {
            "gameTime": "1 - 41:28",
            "label": "Ball out of play",
            "position": "2488500",
            "half": "1",
            "confidence": "0.831705629825592"
        },
        {
            "gameTime": "1 - 20:44",
            "label": "Ball out of play",
            "position": "1244000",
            "half": "1",
            "confidence": "0.8226407170295715"
        },
        {
            "gameTime": "1 - 26:26",
            "label": "Ball out of play",
            "position": "1586000",
            "half": "1",
            "confidence": "0.8223698139190674"
        },
        {
            "gameTime": "1 - 43:8",
            "label": "Ball out of play",
            "position": "2588500",
            "half": "1",
            "confidence": "0.8208446502685547"
        },
        {
            "gameTime": "1 - 15:14",
            "label": "Ball out of play",
            "position": "914000",
            "half": "1",
            "confidence": "0.8091257810592651"
        },
        {
            "gameTime": "1 - 42:39",
            "label": "Ball out of play",
            "position": "2559500",
            "half": "1",
            "confidence": "0.8089122772216797"
        },
        {
            "gameTime": "1 - 37:20",
            "label": "Ball out of play",
            "position": "2240500",
            "half": "1",
            "confidence": "0.7861375212669373"
        },
        {
            "gameTime": "1 - 9:29",
            "label": "Ball out of play",
            "position": "569000",
            "half": "1",
            "confidence": "0.7816638946533203"
        },
        {
            "gameTime": "1 - 33:34",
            "label": "Ball out of play",
            "position": "2014000",
            "half": "1",
            "confidence": "0.7811474204063416"
        },
        {
            "gameTime": "1 - 15:3",
            "label": "Ball out of play",
            "position": "903500",
            "half": "1",
            "confidence": "0.7800805568695068"
        },
        {
            "gameTime": "1 - 36:5",
            "label": "Ball out of play",
            "position": "2165500",
            "half": "1",
            "confidence": "0.777809202671051"
        },
        {
            "gameTime": "1 - 20:27",
            "label": "Ball out of play",
            "position": "1227000",
            "half": "1",
            "confidence": "0.768851637840271"
        },
        {
            "gameTime": "1 - 18:30",
            "label": "Ball out of play",
            "position": "1110000",
            "half": "1",
            "confidence": "0.7624768018722534"
        },
        {
            "gameTime": "1 - 20:55",
            "label": "Ball out of play",
            "position": "1255000",
            "half": "1",
            "confidence": "0.759515106678009"
        },
        {
            "gameTime": "1 - 18:1",
            "label": "Ball out of play",
            "position": "1081500",
            "half": "1",
            "confidence": "0.7544969320297241"
        },
        {
            "gameTime": "1 - 1:1",
            "label": "Ball out of play",
            "position": "61000",
            "half": "1",
            "confidence": "0.7484074234962463"
        },
        {
            "gameTime": "1 - 4:29",
            "label": "Ball out of play",
            "position": "269500",
            "half": "1",
            "confidence": "0.738527238368988"
        },
        {
            "gameTime": "1 - 1:58",
            "label": "Ball out of play",
            "position": "118500",
            "half": "1",
            "confidence": "0.7317667007446289"
        },
        {
            "gameTime": "1 - 24:16",
            "label": "Ball out of play",
            "position": "1456500",
            "half": "1",
            "confidence": "0.7291370630264282"
        },
        {
            "gameTime": "1 - 28:54",
            "label": "Ball out of play",
            "position": "1734000",
            "half": "1",
            "confidence": "0.7286617755889893"
        },
        {
            "gameTime": "1 - 10:57",
            "label": "Ball out of play",
            "position": "657000",
            "half": "1",
            "confidence": "0.7231208682060242"
        },
        {
            "gameTime": "1 - 25:36",
            "label": "Ball out of play",
            "position": "1536500",
            "half": "1",
            "confidence": "0.720510721206665"
        },
        {
            "gameTime": "1 - 10:41",
            "label": "Ball out of play",
            "position": "641500",
            "half": "1",
            "confidence": "0.7104872465133667"
        },
        {
            "gameTime": "1 - 19:41",
            "label": "Ball out of play",
            "position": "1181000",
            "half": "1",
            "confidence": "0.7075130939483643"
        },
        {
            "gameTime": "1 - 11:28",
            "label": "Ball out of play",
            "position": "688500",
            "half": "1",
            "confidence": "0.699794590473175"
        },
        {
            "gameTime": "1 - 27:20",
            "label": "Ball out of play",
            "position": "1640500",
            "half": "1",
            "confidence": "0.6984887719154358"
        },
        {
            "gameTime": "1 - 38:58",
            "label": "Ball out of play",
            "position": "2338000",
            "half": "1",
            "confidence": "0.6959363222122192"
        },
        {
            "gameTime": "1 - 11:10",
            "label": "Ball out of play",
            "position": "670500",
            "half": "1",
            "confidence": "0.6898868680000305"
        },
        {
            "gameTime": "1 - 26:12",
            "label": "Ball out of play",
            "position": "1572500",
            "half": "1",
            "confidence": "0.6816892623901367"
        },
        {
            "gameTime": "1 - 2:15",
            "label": "Ball out of play",
            "position": "135500",
            "half": "1",
            "confidence": "0.6814554333686829"
        },
        {
            "gameTime": "1 - 33:58",
            "label": "Ball out of play",
            "position": "2038500",
            "half": "1",
            "confidence": "0.6814244985580444"
        },
        {
            "gameTime": "1 - 43:18",
            "label": "Ball out of play",
            "position": "2598500",
            "half": "1",
            "confidence": "0.6798319220542908"
        },
        {
            "gameTime": "1 - 23:47",
            "label": "Ball out of play",
            "position": "1427500",
            "half": "1",
            "confidence": "0.6775010228157043"
        },
        {
            "gameTime": "1 - 21:45",
            "label": "Ball out of play",
            "position": "1305000",
            "half": "1",
            "confidence": "0.6764960885047913"
        },
        {
            "gameTime": "1 - 38:43",
            "label": "Ball out of play",
            "position": "2323000",
            "half": "1",
            "confidence": "0.6736569404602051"
        },
        {
            "gameTime": "1 - 4:39",
            "label": "Ball out of play",
            "position": "279500",
            "half": "1",
            "confidence": "0.6699193120002747"
        },
        {
            "gameTime": "1 - 30:22",
            "label": "Ball out of play",
            "position": "1822500",
            "half": "1",
            "confidence": "0.6692600846290588"
        },
        {
            "gameTime": "1 - 24:26",
            "label": "Ball out of play",
            "position": "1466500",
            "half": "1",
            "confidence": "0.6588292717933655"
        },
        {
            "gameTime": "1 - 10:30",
            "label": "Ball out of play",
            "position": "630500",
            "half": "1",
            "confidence": "0.6583496332168579"
        },
        {
            "gameTime": "1 - 21:11",
            "label": "Ball out of play",
            "position": "1271500",
            "half": "1",
            "confidence": "0.6573193669319153"
        },
        {
            "gameTime": "1 - 17:33",
            "label": "Ball out of play",
            "position": "1053000",
            "half": "1",
            "confidence": "0.6564568877220154"
        },
        {
            "gameTime": "1 - 34:58",
            "label": "Ball out of play",
            "position": "2098500",
            "half": "1",
            "confidence": "0.6536337733268738"
        },
        {
            "gameTime": "1 - 26:36",
            "label": "Ball out of play",
            "position": "1596000",
            "half": "1",
            "confidence": "0.6413166522979736"
        },
        {
            "gameTime": "1 - 3:9",
            "label": "Ball out of play",
            "position": "189000",
            "half": "1",
            "confidence": "0.6409171223640442"
        },
        {
            "gameTime": "1 - 12:39",
            "label": "Ball out of play",
            "position": "759000",
            "half": "1",
            "confidence": "0.6370969414710999"
        },
        {
            "gameTime": "1 - 27:41",
            "label": "Ball out of play",
            "position": "1661000",
            "half": "1",
            "confidence": "0.6241017580032349"
        },
        {
            "gameTime": "1 - 3:22",
            "label": "Ball out of play",
            "position": "202000",
            "half": "1",
            "confidence": "0.6216272711753845"
        },
        {
            "gameTime": "1 - 0:27",
            "label": "Ball out of play",
            "position": "27500",
            "half": "1",
            "confidence": "0.5976091027259827"
        },
        {
            "gameTime": "1 - 33:48",
            "label": "Ball out of play",
            "position": "2028000",
            "half": "1",
            "confidence": "0.5922723412513733"
        },
        {
            "gameTime": "1 - 5:37",
            "label": "Ball out of play",
            "position": "337500",
            "half": "1",
            "confidence": "0.5839105844497681"
        },
        {
            "gameTime": "1 - 35:39",
            "label": "Ball out of play",
            "position": "2139000",
            "half": "1",
            "confidence": "0.5787463188171387"
        },
        {
            "gameTime": "1 - 5:51",
            "label": "Ball out of play",
            "position": "351000",
            "half": "1",
            "confidence": "0.567867636680603"
        },
        {
            "gameTime": "1 - 40:44",
            "label": "Ball out of play",
            "position": "2444500",
            "half": "1",
            "confidence": "0.5510860681533813"
        },
        {
            "gameTime": "1 - 12:7",
            "label": "Ball out of play",
            "position": "727000",
            "half": "1",
            "confidence": "0.5502182245254517"
        },
        {
            "gameTime": "1 - 33:17",
            "label": "Ball out of play",
            "position": "1997000",
            "half": "1",
            "confidence": "0.5464999675750732"
        },
        {
            "gameTime": "1 - 36:15",
            "label": "Ball out of play",
            "position": "2175500",
            "half": "1",
            "confidence": "0.543384850025177"
        },
        {
            "gameTime": "1 - 4:53",
            "label": "Ball out of play",
            "position": "293000",
            "half": "1",
            "confidence": "0.5275413393974304"
        },
        {
            "gameTime": "1 - 14:29",
            "label": "Ball out of play",
            "position": "869000",
            "half": "1",
            "confidence": "0.516204833984375"
        },
        {
            "gameTime": "1 - 12:17",
            "label": "Ball out of play",
            "position": "737500",
            "half": "1",
            "confidence": "0.514284610748291"
        },
        {
            "gameTime": "1 - 29:40",
            "label": "Ball out of play",
            "position": "1780000",
            "half": "1",
            "confidence": "0.5067846775054932"
        },
        {
            "gameTime": "1 - 25:13",
            "label": "Ball out of play",
            "position": "1513000",
            "half": "1",
            "confidence": "0.5052163600921631"
        },
        {
            "gameTime": "1 - 33:3",
            "label": "Ball out of play",
            "position": "1983000",
            "half": "1",
            "confidence": "0.501566469669342"
        },
        {
            "gameTime": "1 - 6:1",
            "label": "Ball out of play",
            "position": "361500",
            "half": "1",
            "confidence": "0.5002756714820862"
        },
        {
            "gameTime": "1 - 20:34",
            "label": "Throw-in",
            "position": "1234500",
            "half": "1",
            "confidence": "0.9645435214042664"
        },
        {
            "gameTime": "1 - 27:34",
            "label": "Throw-in",
            "position": "1654500",
            "half": "1",
            "confidence": "0.8786681294441223"
        },
        {
            "gameTime": "1 - 25:28",
            "label": "Throw-in",
            "position": "1528500",
            "half": "1",
            "confidence": "0.8470304012298584"
        },
        {
            "gameTime": "1 - 1:31",
            "label": "Throw-in",
            "position": "91500",
            "half": "1",
            "confidence": "0.8401824831962585"
        },
        {
            "gameTime": "1 - 36:5",
            "label": "Throw-in",
            "position": "2165000",
            "half": "1",
            "confidence": "0.8333789110183716"
        },
        {
            "gameTime": "1 - 1:17",
            "label": "Throw-in",
            "position": "77500",
            "half": "1",
            "confidence": "0.8247578740119934"
        },
        {
            "gameTime": "1 - 20:24",
            "label": "Throw-in",
            "position": "1224000",
            "half": "1",
            "confidence": "0.8093264698982239"
        },
        {
            "gameTime": "1 - 27:44",
            "label": "Throw-in",
            "position": "1664500",
            "half": "1",
            "confidence": "0.8090786337852478"
        },
        {
            "gameTime": "1 - 2:0",
            "label": "Throw-in",
            "position": "120500",
            "half": "1",
            "confidence": "0.807884693145752"
        },
        {
            "gameTime": "1 - 20:44",
            "label": "Throw-in",
            "position": "1244500",
            "half": "1",
            "confidence": "0.8016855716705322"
        },
        {
            "gameTime": "1 - 38:55",
            "label": "Throw-in",
            "position": "2335500",
            "half": "1",
            "confidence": "0.7868571877479553"
        },
        {
            "gameTime": "1 - 36:17",
            "label": "Throw-in",
            "position": "2177000",
            "half": "1",
            "confidence": "0.7759203314781189"
        },
        {
            "gameTime": "1 - 42:46",
            "label": "Throw-in",
            "position": "2566000",
            "half": "1",
            "confidence": "0.7624367475509644"
        },
        {
            "gameTime": "1 - 20:58",
            "label": "Throw-in",
            "position": "1258500",
            "half": "1",
            "confidence": "0.7476489543914795"
        },
        {
            "gameTime": "1 - 27:24",
            "label": "Throw-in",
            "position": "1644000",
            "half": "1",
            "confidence": "0.7264931797981262"
        },
        {
            "gameTime": "1 - 10:30",
            "label": "Throw-in",
            "position": "630500",
            "half": "1",
            "confidence": "0.6832999587059021"
        },
        {
            "gameTime": "1 - 21:9",
            "label": "Throw-in",
            "position": "1269000",
            "half": "1",
            "confidence": "0.6828520894050598"
        },
        {
            "gameTime": "1 - 37:35",
            "label": "Throw-in",
            "position": "2255500",
            "half": "1",
            "confidence": "0.6441228985786438"
        },
        {
            "gameTime": "1 - 11:30",
            "label": "Throw-in",
            "position": "690000",
            "half": "1",
            "confidence": "0.6378673911094666"
        },
        {
            "gameTime": "1 - 2:10",
            "label": "Throw-in",
            "position": "130500",
            "half": "1",
            "confidence": "0.6107051372528076"
        },
        {
            "gameTime": "1 - 26:11",
            "label": "Throw-in",
            "position": "1571000",
            "half": "1",
            "confidence": "0.6074140071868896"
        },
        {
            "gameTime": "1 - 42:35",
            "label": "Throw-in",
            "position": "2555500",
            "half": "1",
            "confidence": "0.5976794362068176"
        },
        {
            "gameTime": "1 - 25:38",
            "label": "Throw-in",
            "position": "1538500",
            "half": "1",
            "confidence": "0.5857733488082886"
        },
        {
            "gameTime": "1 - 23:54",
            "label": "Throw-in",
            "position": "1434000",
            "half": "1",
            "confidence": "0.5793477892875671"
        },
        {
            "gameTime": "1 - 1:50",
            "label": "Throw-in",
            "position": "110000",
            "half": "1",
            "confidence": "0.5579975247383118"
        },
        {
            "gameTime": "1 - 8:9",
            "label": "Throw-in",
            "position": "489500",
            "half": "1",
            "confidence": "0.5494326949119568"
        },
        {
            "gameTime": "1 - 37:25",
            "label": "Throw-in",
            "position": "2245000",
            "half": "1",
            "confidence": "0.5449303984642029"
        },
        {
            "gameTime": "1 - 13:23",
            "label": "Throw-in",
            "position": "803500",
            "half": "1",
            "confidence": "0.5226739645004272"
        },
        {
            "gameTime": "1 - 38:45",
            "label": "Throw-in",
            "position": "2325000",
            "half": "1",
            "confidence": "0.510974645614624"
        },
        {
            "gameTime": "1 - 22:38",
            "label": "Foul",
            "position": "1358500",
            "half": "1",
            "confidence": "0.880800187587738"
        },
        {
            "gameTime": "1 - 13:55",
            "label": "Foul",
            "position": "835000",
            "half": "1",
            "confidence": "0.8629673719406128"
        },
        {
            "gameTime": "1 - 37:40",
            "label": "Foul",
            "position": "2260000",
            "half": "1",
            "confidence": "0.6383548378944397"
        },
        {
            "gameTime": "1 - 40:19",
            "label": "Foul",
            "position": "2419500",
            "half": "1",
            "confidence": "0.6121736168861389"
        },
        {
            "gameTime": "1 - 5:11",
            "label": "Foul",
            "position": "311000",
            "half": "1",
            "confidence": "0.5718260407447815"
        },
        {
            "gameTime": "1 - 27:57",
            "label": "Foul",
            "position": "1677500",
            "half": "1",
            "confidence": "0.5620138645172119"
        },
        {
            "gameTime": "1 - 28:40",
            "label": "Foul",
            "position": "1720500",
            "half": "1",
            "confidence": "0.5161194801330566"
        },
        {
            "gameTime": "1 - 17:6",
            "label": "Direct free-kick",
            "position": "1026500",
            "half": "1",
            "confidence": "0.5493781566619873"
        },
        {
            "gameTime": "1 - 14:24",
            "label": "Direct free-kick",
            "position": "864000",
            "half": "1",
            "confidence": "0.5151744484901428"
        },
        {
            "gameTime": "1 - 35:38",
            "label": "Corner",
            "position": "2138500",
            "half": "1",
            "confidence": "0.980319082736969"
        },
        {
            "gameTime": "1 - 11:14",
            "label": "Corner",
            "position": "674500",
            "half": "1",
            "confidence": "0.9678677916526794"
        },
        {
            "gameTime": "1 - 35:28",
            "label": "Corner",
            "position": "2128000",
            "half": "1",
            "confidence": "0.930662989616394"
        },
        {
            "gameTime": "1 - 33:43",
            "label": "Corner",
            "position": "2023500",
            "half": "1",
            "confidence": "0.9271013736724854"
        },
        {
            "gameTime": "1 - 18:22",
            "label": "Corner",
            "position": "1102500",
            "half": "1",
            "confidence": "0.9202325344085693"
        },
        {
            "gameTime": "1 - 11:24",
            "label": "Corner",
            "position": "684500",
            "half": "1",
            "confidence": "0.8154237270355225"
        },
        {
            "gameTime": "1 - 11:3",
            "label": "Corner",
            "position": "663000",
            "half": "1",
            "confidence": "0.7079628705978394"
        },
        {
            "gameTime": "1 - 41:26",
            "label": "Corner",
            "position": "2486000",
            "half": "1",
            "confidence": "0.6711432933807373"
        },
        {
            "gameTime": "1 - 33:53",
            "label": "Corner",
            "position": "2033500",
            "half": "1",
            "confidence": "0.5885481238365173"
        },
        {
            "gameTime": "1 - 18:32",
            "label": "Corner",
            "position": "1112500",
            "half": "1",
            "confidence": "0.530775785446167"
        },
        {
            "gameTime": "1 - 16:10",
            "label": "Yellow card",
            "position": "970500",
            "half": "1",
            "confidence": "0.9238207340240479"
        },
        {
            "gameTime": "1 - 16:0",
            "label": "Yellow card",
            "position": "960000",
            "half": "1",
            "confidence": "0.7155522704124451"
        },
        {
            "gameTime": "2 - 0:0",
            "label": "Kick-off",
            "position": "500",
            "half": "2",
            "confidence": "0.9598585367202759"
        },
        {
            "gameTime": "2 - 0:10",
            "label": "Kick-off",
            "position": "10500",
            "half": "2",
            "confidence": "0.9348999857902527"
        },
        {
            "gameTime": "2 - 43:32",
            "label": "Kick-off",
            "position": "2612000",
            "half": "2",
            "confidence": "0.6289102435112"
        },
        {
            "gameTime": "2 - 40:58",
            "label": "Kick-off",
            "position": "2458000",
            "half": "2",
            "confidence": "0.5116979479789734"
        },
        {
            "gameTime": "2 - 39:51",
            "label": "Goal",
            "position": "2391500",
            "half": "2",
            "confidence": "0.9872444272041321"
        },
        {
            "gameTime": "2 - 42:38",
            "label": "Goal",
            "position": "2558500",
            "half": "2",
            "confidence": "0.9442028999328613"
        },
        {
            "gameTime": "2 - 2:5",
            "label": "Goal",
            "position": "125500",
            "half": "2",
            "confidence": "0.7745667099952698"
        },
        {
            "gameTime": "2 - 39:3",
            "label": "Goal",
            "position": "2343500",
            "half": "2",
            "confidence": "0.6922737956047058"
        },
        {
            "gameTime": "2 - 35:37",
            "label": "Substitution",
            "position": "2137000",
            "half": "2",
            "confidence": "0.8105536699295044"
        },
        {
            "gameTime": "2 - 22:42",
            "label": "Substitution",
            "position": "1362500",
            "half": "2",
            "confidence": "0.6663018465042114"
        },
        {
            "gameTime": "2 - 23:11",
            "label": "Substitution",
            "position": "1391000",
            "half": "2",
            "confidence": "0.5666366815567017"
        },
        {
            "gameTime": "2 - 22:31",
            "label": "Substitution",
            "position": "1351500",
            "half": "2",
            "confidence": "0.5071650147438049"
        },
        {
            "gameTime": "2 - 42:36",
            "label": "Shots on target",
            "position": "2556000",
            "half": "2",
            "confidence": "0.8379369974136353"
        },
        {
            "gameTime": "2 - 39:48",
            "label": "Shots on target",
            "position": "2388500",
            "half": "2",
            "confidence": "0.7814283967018127"
        },
        {
            "gameTime": "2 - 2:5",
            "label": "Shots on target",
            "position": "125000",
            "half": "2",
            "confidence": "0.6391718983650208"
        },
        {
            "gameTime": "2 - 32:58",
            "label": "Shots on target",
            "position": "1978000",
            "half": "2",
            "confidence": "0.6323123574256897"
        },
        {
            "gameTime": "2 - 42:21",
            "label": "Shots on target",
            "position": "2541500",
            "half": "2",
            "confidence": "0.6073571443557739"
        },
        {
            "gameTime": "2 - 2:16",
            "label": "Shots on target",
            "position": "136000",
            "half": "2",
            "confidence": "0.5956565141677856"
        },
        {
            "gameTime": "2 - 14:37",
            "label": "Shots on target",
            "position": "877000",
            "half": "2",
            "confidence": "0.5647721290588379"
        },
        {
            "gameTime": "2 - 39:15",
            "label": "Shots on target",
            "position": "2355000",
            "half": "2",
            "confidence": "0.5562746524810791"
        },
        {
            "gameTime": "2 - 9:4",
            "label": "Shots on target",
            "position": "544000",
            "half": "2",
            "confidence": "0.540225088596344"
        },
        {
            "gameTime": "2 - 39:8",
            "label": "Shots off target",
            "position": "2348000",
            "half": "2",
            "confidence": "0.8068773150444031"
        },
        {
            "gameTime": "2 - 42:21",
            "label": "Shots off target",
            "position": "2541500",
            "half": "2",
            "confidence": "0.7753458023071289"
        },
        {
            "gameTime": "2 - 31:27",
            "label": "Shots off target",
            "position": "1887000",
            "half": "2",
            "confidence": "0.7310230731964111"
        },
        {
            "gameTime": "2 - 24:38",
            "label": "Shots off target",
            "position": "1478000",
            "half": "2",
            "confidence": "0.7210579514503479"
        },
        {
            "gameTime": "2 - 9:1",
            "label": "Shots off target",
            "position": "541000",
            "half": "2",
            "confidence": "0.6469507813453674"
        },
        {
            "gameTime": "2 - 14:40",
            "label": "Shots off target",
            "position": "880500",
            "half": "2",
            "confidence": "0.5965936183929443"
        },
        {
            "gameTime": "2 - 24:27",
            "label": "Shots off target",
            "position": "1467500",
            "half": "2",
            "confidence": "0.5951582789421082"
        },
        {
            "gameTime": "2 - 21:41",
            "label": "Clearance",
            "position": "1301500",
            "half": "2",
            "confidence": "0.933079719543457"
        },
        {
            "gameTime": "2 - 18:51",
            "label": "Clearance",
            "position": "1131000",
            "half": "2",
            "confidence": "0.9018656015396118"
        },
        {
            "gameTime": "2 - 18:40",
            "label": "Clearance",
            "position": "1120500",
            "half": "2",
            "confidence": "0.8540324568748474"
        },
        {
            "gameTime": "2 - 22:49",
            "label": "Clearance",
            "position": "1369000",
            "half": "2",
            "confidence": "0.8134446144104004"
        },
        {
            "gameTime": "2 - 38:8",
            "label": "Clearance",
            "position": "2288000",
            "half": "2",
            "confidence": "0.8037956953048706"
        },
        {
            "gameTime": "2 - 35:42",
            "label": "Clearance",
            "position": "2142500",
            "half": "2",
            "confidence": "0.7936103940010071"
        },
        {
            "gameTime": "2 - 16:51",
            "label": "Clearance",
            "position": "1011000",
            "half": "2",
            "confidence": "0.7731881141662598"
        },
        {
            "gameTime": "2 - 22:59",
            "label": "Clearance",
            "position": "1379000",
            "half": "2",
            "confidence": "0.7701825499534607"
        },
        {
            "gameTime": "2 - 31:43",
            "label": "Clearance",
            "position": "1903500",
            "half": "2",
            "confidence": "0.759471595287323"
        },
        {
            "gameTime": "2 - 35:6",
            "label": "Clearance",
            "position": "2106000",
            "half": "2",
            "confidence": "0.5571979284286499"
        },
        {
            "gameTime": "2 - 36:12",
            "label": "Ball out of play",
            "position": "2172000",
            "half": "2",
            "confidence": "0.9010726809501648"
        },
        {
            "gameTime": "2 - 2:3",
            "label": "Ball out of play",
            "position": "123000",
            "half": "2",
            "confidence": "0.8867896795272827"
        },
        {
            "gameTime": "2 - 14:42",
            "label": "Ball out of play",
            "position": "882500",
            "half": "2",
            "confidence": "0.8632240295410156"
        },
        {
            "gameTime": "2 - 8:9",
            "label": "Ball out of play",
            "position": "489000",
            "half": "2",
            "confidence": "0.8616119027137756"
        },
        {
            "gameTime": "2 - 36:23",
            "label": "Ball out of play",
            "position": "2183500",
            "half": "2",
            "confidence": "0.8558467626571655"
        },
        {
            "gameTime": "2 - 17:46",
            "label": "Ball out of play",
            "position": "1066000",
            "half": "2",
            "confidence": "0.8496612906455994"
        },
        {
            "gameTime": "2 - 31:22",
            "label": "Ball out of play",
            "position": "1882500",
            "half": "2",
            "confidence": "0.835033655166626"
        },
        {
            "gameTime": "2 - 14:32",
            "label": "Ball out of play",
            "position": "872000",
            "half": "2",
            "confidence": "0.8332210779190063"
        },
        {
            "gameTime": "2 - 32:33",
            "label": "Ball out of play",
            "position": "1953000",
            "half": "2",
            "confidence": "0.8287978768348694"
        },
        {
            "gameTime": "2 - 22:4",
            "label": "Ball out of play",
            "position": "1324000",
            "half": "2",
            "confidence": "0.82170170545578"
        },
        {
            "gameTime": "2 - 42:23",
            "label": "Ball out of play",
            "position": "2543500",
            "half": "2",
            "confidence": "0.8174921274185181"
        },
        {
            "gameTime": "2 - 44:24",
            "label": "Ball out of play",
            "position": "2664000",
            "half": "2",
            "confidence": "0.8108599185943604"
        },
        {
            "gameTime": "2 - 5:54",
            "label": "Ball out of play",
            "position": "354500",
            "half": "2",
            "confidence": "0.8099415302276611"
        },
        {
            "gameTime": "2 - 44:48",
            "label": "Ball out of play",
            "position": "2688000",
            "half": "2",
            "confidence": "0.8098618984222412"
        },
        {
            "gameTime": "2 - 39:1",
            "label": "Ball out of play",
            "position": "2341500",
            "half": "2",
            "confidence": "0.8061466217041016"
        },
        {
            "gameTime": "2 - 8:26",
            "label": "Ball out of play",
            "position": "506000",
            "half": "2",
            "confidence": "0.8044407963752747"
        },
        {
            "gameTime": "2 - 3:9",
            "label": "Ball out of play",
            "position": "189500",
            "half": "2",
            "confidence": "0.7968572378158569"
        },
        {
            "gameTime": "2 - 26:45",
            "label": "Ball out of play",
            "position": "1605500",
            "half": "2",
            "confidence": "0.7847244143486023"
        },
        {
            "gameTime": "2 - 1:52",
            "label": "Ball out of play",
            "position": "112500",
            "half": "2",
            "confidence": "0.7743807435035706"
        },
        {
            "gameTime": "2 - 8:51",
            "label": "Ball out of play",
            "position": "531000",
            "half": "2",
            "confidence": "0.7672788500785828"
        },
        {
            "gameTime": "2 - 30:19",
            "label": "Ball out of play",
            "position": "1819000",
            "half": "2",
            "confidence": "0.766514241695404"
        },
        {
            "gameTime": "2 - 41:20",
            "label": "Ball out of play",
            "position": "2480000",
            "half": "2",
            "confidence": "0.7663856148719788"
        },
        {
            "gameTime": "2 - 3:52",
            "label": "Ball out of play",
            "position": "232500",
            "half": "2",
            "confidence": "0.7659475803375244"
        },
        {
            "gameTime": "2 - 11:12",
            "label": "Ball out of play",
            "position": "672500",
            "half": "2",
            "confidence": "0.7658711075782776"
        },
        {
            "gameTime": "2 - 24:42",
            "label": "Ball out of play",
            "position": "1482000",
            "half": "2",
            "confidence": "0.7627177238464355"
        },
        {
            "gameTime": "2 - 21:53",
            "label": "Ball out of play",
            "position": "1313500",
            "half": "2",
            "confidence": "0.7625799179077148"
        },
        {
            "gameTime": "2 - 2:13",
            "label": "Ball out of play",
            "position": "133000",
            "half": "2",
            "confidence": "0.7571688890457153"
        },
        {
            "gameTime": "2 - 28:47",
            "label": "Ball out of play",
            "position": "1727500",
            "half": "2",
            "confidence": "0.7463928461074829"
        },
        {
            "gameTime": "2 - 21:19",
            "label": "Ball out of play",
            "position": "1279500",
            "half": "2",
            "confidence": "0.74321049451828"
        },
        {
            "gameTime": "2 - 39:47",
            "label": "Ball out of play",
            "position": "2387000",
            "half": "2",
            "confidence": "0.7413024306297302"
        },
        {
            "gameTime": "2 - 38:45",
            "label": "Ball out of play",
            "position": "2325500",
            "half": "2",
            "confidence": "0.7283504009246826"
        },
        {
            "gameTime": "2 - 11:23",
            "label": "Ball out of play",
            "position": "683500",
            "half": "2",
            "confidence": "0.7268970608711243"
        },
        {
            "gameTime": "2 - 15:55",
            "label": "Ball out of play",
            "position": "955500",
            "half": "2",
            "confidence": "0.7215743660926819"
        },
        {
            "gameTime": "2 - 37:43",
            "label": "Ball out of play",
            "position": "2263500",
            "half": "2",
            "confidence": "0.7190669178962708"
        },
        {
            "gameTime": "2 - 13:28",
            "label": "Ball out of play",
            "position": "808000",
            "half": "2",
            "confidence": "0.711501955986023"
        },
        {
            "gameTime": "2 - 25:27",
            "label": "Ball out of play",
            "position": "1527500",
            "half": "2",
            "confidence": "0.7099291682243347"
        },
        {
            "gameTime": "2 - 1:20",
            "label": "Ball out of play",
            "position": "80500",
            "half": "2",
            "confidence": "0.7067192792892456"
        },
        {
            "gameTime": "2 - 34:58",
            "label": "Ball out of play",
            "position": "2098000",
            "half": "2",
            "confidence": "0.7029356360435486"
        },
        {
            "gameTime": "2 - 44:37",
            "label": "Ball out of play",
            "position": "2677500",
            "half": "2",
            "confidence": "0.6869493126869202"
        },
        {
            "gameTime": "2 - 31:34",
            "label": "Ball out of play",
            "position": "1894000",
            "half": "2",
            "confidence": "0.6741358041763306"
        },
        {
            "gameTime": "2 - 21:7",
            "label": "Ball out of play",
            "position": "1267500",
            "half": "2",
            "confidence": "0.6730263829231262"
        },
        {
            "gameTime": "2 - 26:56",
            "label": "Ball out of play",
            "position": "1616000",
            "half": "2",
            "confidence": "0.6684942245483398"
        },
        {
            "gameTime": "2 - 2:40",
            "label": "Ball out of play",
            "position": "160500",
            "half": "2",
            "confidence": "0.6661262512207031"
        },
        {
            "gameTime": "2 - 0:37",
            "label": "Ball out of play",
            "position": "37000",
            "half": "2",
            "confidence": "0.6609752774238586"
        },
        {
            "gameTime": "2 - 39:17",
            "label": "Ball out of play",
            "position": "2357000",
            "half": "2",
            "confidence": "0.6600129008293152"
        },
        {
            "gameTime": "2 - 37:29",
            "label": "Ball out of play",
            "position": "2249500",
            "half": "2",
            "confidence": "0.6582261323928833"
        },
        {
            "gameTime": "2 - 13:42",
            "label": "Ball out of play",
            "position": "822500",
            "half": "2",
            "confidence": "0.6574886441230774"
        },
        {
            "gameTime": "2 - 16:29",
            "label": "Ball out of play",
            "position": "989500",
            "half": "2",
            "confidence": "0.6544501185417175"
        },
        {
            "gameTime": "2 - 4:24",
            "label": "Ball out of play",
            "position": "264000",
            "half": "2",
            "confidence": "0.6527418494224548"
        },
        {
            "gameTime": "2 - 16:40",
            "label": "Ball out of play",
            "position": "1000500",
            "half": "2",
            "confidence": "0.6282253861427307"
        },
        {
            "gameTime": "2 - 24:24",
            "label": "Ball out of play",
            "position": "1464500",
            "half": "2",
            "confidence": "0.6236151456832886"
        },
        {
            "gameTime": "2 - 32:43",
            "label": "Ball out of play",
            "position": "1963000",
            "half": "2",
            "confidence": "0.620063841342926"
        },
        {
            "gameTime": "2 - 3:19",
            "label": "Ball out of play",
            "position": "199500",
            "half": "2",
            "confidence": "0.6013379096984863"
        },
        {
            "gameTime": "2 - 34:47",
            "label": "Ball out of play",
            "position": "2087500",
            "half": "2",
            "confidence": "0.5993527770042419"
        },
        {
            "gameTime": "2 - 18:4",
            "label": "Ball out of play",
            "position": "1084500",
            "half": "2",
            "confidence": "0.5955445170402527"
        },
        {
            "gameTime": "2 - 43:46",
            "label": "Ball out of play",
            "position": "2626000",
            "half": "2",
            "confidence": "0.5923231840133667"
        },
        {
            "gameTime": "2 - 19:21",
            "label": "Ball out of play",
            "position": "1161000",
            "half": "2",
            "confidence": "0.5890184044837952"
        },
        {
            "gameTime": "2 - 44:58",
            "label": "Ball out of play",
            "position": "2698000",
            "half": "2",
            "confidence": "0.579399049282074"
        },
        {
            "gameTime": "2 - 43:56",
            "label": "Ball out of play",
            "position": "2636000",
            "half": "2",
            "confidence": "0.5772679448127747"
        },
        {
            "gameTime": "2 - 1:10",
            "label": "Ball out of play",
            "position": "70000",
            "half": "2",
            "confidence": "0.5678075551986694"
        },
        {
            "gameTime": "2 - 9:1",
            "label": "Ball out of play",
            "position": "541000",
            "half": "2",
            "confidence": "0.558936595916748"
        },
        {
            "gameTime": "2 - 2:51",
            "label": "Ball out of play",
            "position": "171000",
            "half": "2",
            "confidence": "0.5518270134925842"
        },
        {
            "gameTime": "2 - 17:35",
            "label": "Ball out of play",
            "position": "1055500",
            "half": "2",
            "confidence": "0.5379804372787476"
        },
        {
            "gameTime": "2 - 37:9",
            "label": "Ball out of play",
            "position": "2229000",
            "half": "2",
            "confidence": "0.5355313420295715"
        },
        {
            "gameTime": "2 - 32:11",
            "label": "Ball out of play",
            "position": "1931500",
            "half": "2",
            "confidence": "0.5346340537071228"
        },
        {
            "gameTime": "2 - 3:35",
            "label": "Ball out of play",
            "position": "215000",
            "half": "2",
            "confidence": "0.5286022424697876"
        },
        {
            "gameTime": "2 - 27:19",
            "label": "Ball out of play",
            "position": "1639000",
            "half": "2",
            "confidence": "0.5086308121681213"
        },
        {
            "gameTime": "2 - 41:9",
            "label": "Ball out of play",
            "position": "2469500",
            "half": "2",
            "confidence": "0.5024401545524597"
        },
        {
            "gameTime": "2 - 26:57",
            "label": "Throw-in",
            "position": "1617500",
            "half": "2",
            "confidence": "0.9258608818054199"
        },
        {
            "gameTime": "2 - 26:47",
            "label": "Throw-in",
            "position": "1607000",
            "half": "2",
            "confidence": "0.8758979439735413"
        },
        {
            "gameTime": "2 - 38:47",
            "label": "Throw-in",
            "position": "2327000",
            "half": "2",
            "confidence": "0.8050240278244019"
        },
        {
            "gameTime": "2 - 38:58",
            "label": "Throw-in",
            "position": "2338000",
            "half": "2",
            "confidence": "0.7875015139579773"
        },
        {
            "gameTime": "2 - 5:47",
            "label": "Throw-in",
            "position": "347000",
            "half": "2",
            "confidence": "0.7747039198875427"
        },
        {
            "gameTime": "2 - 5:57",
            "label": "Throw-in",
            "position": "357000",
            "half": "2",
            "confidence": "0.7311988472938538"
        },
        {
            "gameTime": "2 - 19:28",
            "label": "Throw-in",
            "position": "1168500",
            "half": "2",
            "confidence": "0.7142657041549683"
        },
        {
            "gameTime": "2 - 17:57",
            "label": "Throw-in",
            "position": "1077000",
            "half": "2",
            "confidence": "0.6408821940422058"
        },
        {
            "gameTime": "2 - 36:12",
            "label": "Throw-in",
            "position": "2172500",
            "half": "2",
            "confidence": "0.60225909948349"
        },
        {
            "gameTime": "2 - 32:33",
            "label": "Throw-in",
            "position": "1953000",
            "half": "2",
            "confidence": "0.5817747116088867"
        },
        {
            "gameTime": "2 - 32:3",
            "label": "Throw-in",
            "position": "1923000",
            "half": "2",
            "confidence": "0.5675750970840454"
        },
        {
            "gameTime": "2 - 25:24",
            "label": "Throw-in",
            "position": "1524000",
            "half": "2",
            "confidence": "0.5476852655410767"
        },
        {
            "gameTime": "2 - 19:38",
            "label": "Throw-in",
            "position": "1178500",
            "half": "2",
            "confidence": "0.5419741272926331"
        },
        {
            "gameTime": "2 - 9:49",
            "label": "Foul",
            "position": "589000",
            "half": "2",
            "confidence": "0.6689424514770508"
        },
        {
            "gameTime": "2 - 41:18",
            "label": "Foul",
            "position": "2478000",
            "half": "2",
            "confidence": "0.6355994343757629"
        },
        {
            "gameTime": "2 - 33:54",
            "label": "Foul",
            "position": "2034500",
            "half": "2",
            "confidence": "0.632712721824646"
        },
        {
            "gameTime": "2 - 6:4",
            "label": "Foul",
            "position": "364000",
            "half": "2",
            "confidence": "0.6281291246414185"
        },
        {
            "gameTime": "2 - 42:22",
            "label": "Direct free-kick",
            "position": "2542000",
            "half": "2",
            "confidence": "0.8857381343841553"
        },
        {
            "gameTime": "2 - 24:35",
            "label": "Direct free-kick",
            "position": "1475000",
            "half": "2",
            "confidence": "0.6679090261459351"
        },
        {
            "gameTime": "2 - 3:28",
            "label": "Corner",
            "position": "208000",
            "half": "2",
            "confidence": "0.9236671924591064"
        },
        {
            "gameTime": "2 - 3:38",
            "label": "Corner",
            "position": "218000",
            "half": "2",
            "confidence": "0.8410124182701111"
        },
        {
            "gameTime": "2 - 32:58",
            "label": "Corner",
            "position": "1978000",
            "half": "2",
            "confidence": "0.7879316806793213"
        },
        {
            "gameTime": "2 - 32:42",
            "label": "Corner",
            "position": "1962500",
            "half": "2",
            "confidence": "0.7642815113067627"
        }
    ]
}