{
    "UrlLocal": "germany_bundesliga/2016-2017/2016-12-20 - 18-00 Bayern 3 - 0 Leipzig",
    "UrlYoutube": "",
    "annotations": [
        {
            "change_type": "",
            "gameTime": "1 - 01:49",
            "label": "",
            "position": "109810",
            "replay": "real-time"
        },
        {
            "change_type": "",
            "gameTime": "1 - 01:57",
            "label": "",
            "link": "",
            "position": "117690",
            "replay": "replay"
        },
        {
            "change_type": "",
            "gameTime": "1 - 03:37",
            "label": "",
            "position": "217266",
            "replay": "real-time"
        },
        {
            "change_type": "",
            "gameTime": "1 - 03:42",
            "label": "",
            "link": "",
            "position": "222226",
            "replay": "replay"
        },
        {
            "change_type": "",
            "gameTime": "1 - 03:47",
            "label": "",
            "link": "",
            "position": "227226",
            "replay": "replay"
        },
        {
            "change_type": "",
            "gameTime": "1 - 04:06",
            "label": "",
            "position": "246949",
            "replay": "real-time"
        },
        {
            "change_type": "",
            "gameTime": "1 - 04:16",
            "label": "",
            "position": "256429",
            "replay": "other"
        },
        {
            "change_type": "",
            "gameTime": "1 - 07:21",
            "label": "",
            "position": "441304",
            "replay": "real-time"
        },
        {
            "change_type": "",
            "gameTime": "1 - 07:26",
            "label": "",
            "link": "",
            "position": "446744",
            "replay": "replay"
        },
        {
            "change_type": "",
            "gameTime": "1 - 07:32",
            "label": "",
            "link": "",
            "position": "452464",
            "replay": "replay"
        },
        {
            "change_type": "",
            "gameTime": "1 - 08:11",
            "label": "",
            "position": "491445",
            "replay": "real-time"
        },
        {
            "change_type": "",
            "gameTime": "1 - 08:18",
            "label": "",
            "position": "498125",
            "replay": "other"
        },
        {
            "change_type": "",
            "gameTime": "1 - 13:44",
            "label": "",
            "position": "824914",
            "replay": "real-time"
        },
        {
            "change_type": "",
            "gameTime": "1 - 13:53",
            "label": "",
            "link": "",
            "position": "833994",
            "replay": "replay"
        },
        {
            "change_type": "",
            "gameTime": "1 - 14:00",
            "label": "",
            "link": "",
            "position": "840034",
            "replay": "replay"
        },
        {
            "change_type": "",
            "gameTime": "1 - 15:23",
            "label": "",
            "position": "923609",
            "replay": "real-time"
        },
        {
            "change_type": "",
            "gameTime": "1 - 15:31",
            "label": "",
            "link": "",
            "position": "931632",
            "replay": "replay"
        },
        {
            "change_type": "",
            "gameTime": "1 - 16:45",
            "label": "",
            "position": "1005588",
            "replay": "real-time"
        },
        {
            "change_type": "",
            "gameTime": "1 - 16:56",
            "label": "",
            "link": "",
            "position": "1016276",
            "replay": "replay"
        },
        {
            "change_type": "",
            "gameTime": "1 - 17:03",
            "label": "",
            "link": "",
            "position": "1023438",
            "replay": "replay"
        },
        {
            "change_type": "",
            "gameTime": "1 - 17:09",
            "label": "",
            "link": "",
            "position": "1029821",
            "replay": "replay"
        },
        {
            "change_type": "",
            "gameTime": "1 - 17:20",
            "label": "",
            "position": "1040741",
            "replay": "other"
        },
        {
            "change_type": "",
            "gameTime": "1 - 18:02",
            "label": "",
            "position": "1082443",
            "replay": "real-time"
        },
        {
            "change_type": "",
            "gameTime": "1 - 18:09",
            "label": "",
            "link": "",
            "position": "1089723",
            "replay": "replay"
        },
        {
            "change_type": "",
            "gameTime": "1 - 20:06",
            "label": "",
            "position": "1206712",
            "replay": "real-time"
        },
        {
            "change_type": "",
            "gameTime": "1 - 20:12",
            "label": "",
            "link": "",
            "position": "1212832",
            "replay": "replay"
        },
        {
            "change_type": "",
            "gameTime": "1 - 20:47",
            "label": "",
            "position": "1247045",
            "replay": "real-time"
        },
        {
            "change_type": "",
            "gameTime": "1 - 20:55",
            "label": "",
            "link": "",
            "position": "1255525",
            "replay": "replay"
        },
        {
            "change_type": "",
            "gameTime": "1 - 21:14",
            "label": "",
            "position": "1274490",
            "replay": "real-time"
        },
        {
            "change_type": "",
            "gameTime": "1 - 21:22",
            "label": "",
            "link": "",
            "position": "1282010",
            "replay": "replay"
        },
        {
            "change_type": "",
            "gameTime": "1 - 21:33",
            "label": "",
            "position": "1293853",
            "replay": "other"
        },
        {
            "change_type": "",
            "gameTime": "1 - 25:07",
            "label": "",
            "position": "1507510",
            "replay": "real-time"
        },
        {
            "change_type": "",
            "gameTime": "1 - 25:21",
            "label": "",
            "link": "",
            "position": "1521590",
            "replay": "replay"
        },
        {
            "change_type": "",
            "gameTime": "1 - 25:35",
            "label": "",
            "link": "",
            "position": "1535910",
            "replay": "replay"
        },
        {
            "change_type": "",
            "gameTime": "1 - 25:42",
            "label": "",
            "link": "",
            "position": "1542630",
            "replay": "replay"
        },
        {
            "change_type": "",
            "gameTime": "1 - 25:49",
            "label": "",
            "position": "1549510",
            "replay": "other"
        },
        {
            "change_type": "",
            "gameTime": "1 - 28:39",
            "label": "",
            "position": "1719823",
            "replay": "real-time"
        },
        {
            "change_type": "",
            "gameTime": "1 - 28:50",
            "label": "",
            "link": "",
            "position": "1730383",
            "replay": "replay"
        },
        {
            "change_type": "",
            "gameTime": "1 - 29:58",
            "label": "",
            "position": "1798116",
            "replay": "real-time"
        },
        {
            "change_type": "",
            "gameTime": "1 - 30:05",
            "label": "",
            "link": "",
            "position": "1805236",
            "replay": "replay"
        },
        {
            "change_type": "",
            "gameTime": "1 - 30:19",
            "label": "",
            "link": "",
            "position": "1819196",
            "replay": "replay"
        },
        {
            "change_type": "",
            "gameTime": "1 - 30:26",
            "label": "",
            "position": "1826316",
            "replay": "other"
        },
        {
            "change_type": "",
            "gameTime": "1 - 32:25",
            "label": "",
            "position": "1945758",
            "replay": "real-time"
        },
        {
            "change_type": "",
            "gameTime": "1 - 32:30",
            "label": "",
            "link": "",
            "position": "1950878",
            "replay": "replay"
        },
        {
            "change_type": "",
            "gameTime": "1 - 32:36",
            "label": "",
            "link": "",
            "position": "1956198",
            "replay": "replay"
        },
        {
            "change_type": "",
            "gameTime": "1 - 32:43",
            "label": "",
            "position": "1963213",
            "replay": "other"
        },
        {
            "change_type": "",
            "gameTime": "1 - 36:04",
            "label": "",
            "position": "2164912",
            "replay": "real-time"
        },
        {
            "change_type": "",
            "gameTime": "1 - 36:11",
            "label": "",
            "link": "",
            "position": "2171109",
            "replay": "replay"
        },
        {
            "change_type": "",
            "gameTime": "1 - 36:20",
            "label": "",
            "position": "2180236",
            "replay": "other"
        },
        {
            "change_type": "",
            "gameTime": "1 - 37:46",
            "label": "",
            "position": "2266278",
            "replay": "real-time"
        },
        {
            "change_type": "",
            "gameTime": "1 - 37:54",
            "label": "",
            "position": "2274598",
            "replay": "other"
        },
        {
            "change_type": "",
            "gameTime": "1 - 38:01",
            "label": "",
            "position": "2281151",
            "replay": "other"
        },
        {
            "change_type": "",
            "gameTime": "1 - 40:53",
            "label": "",
            "position": "2453732",
            "replay": "real-time"
        },
        {
            "change_type": "",
            "gameTime": "1 - 41:02",
            "label": "",
            "link": "",
            "position": "2462012",
            "replay": "replay"
        },
        {
            "change_type": "",
            "gameTime": "1 - 41:45",
            "label": "",
            "position": "2505612",
            "replay": "real-time"
        },
        {
            "change_type": "",
            "gameTime": "1 - 41:53",
            "label": "",
            "link": "",
            "position": "2513742",
            "replay": "replay"
        },
        {
            "change_type": "",
            "gameTime": "1 - 41:58",
            "label": "",
            "link": "",
            "position": "2518985",
            "replay": "replay"
        },
        {
            "change_type": "",
            "gameTime": "1 - 43:18",
            "label": "",
            "position": "2598617",
            "replay": "real-time"
        },
        {
            "change_type": "",
            "gameTime": "1 - 43:28",
            "label": "",
            "link": "",
            "position": "2608377",
            "replay": "replay"
        },
        {
            "change_type": "",
            "gameTime": "1 - 43:34",
            "label": "",
            "link": "",
            "position": "2614219",
            "replay": "replay"
        },
        {
            "change_type": "",
            "gameTime": "1 - 43:41",
            "label": "",
            "link": "",
            "position": "2621939",
            "replay": "replay"
        },
        {
            "change_type": "",
            "gameTime": "1 - 44:19",
            "label": "",
            "position": "2659039",
            "replay": "real-time"
        },
        {
            "change_type": "",
            "gameTime": "1 - 44:26",
            "label": "",
            "link": "",
            "position": "2666158",
            "replay": "replay"
        },
        {
            "change_type": "",
            "gameTime": "1 - 44:34",
            "label": "",
            "link": "",
            "position": "2674002",
            "replay": "replay"
        },
        {
            "change_type": "",
            "gameTime": "1 - 44:40",
            "label": "",
            "link": "",
            "position": "2680653",
            "replay": "replay"
        },
        {
            "change_type": "",
            "gameTime": "1 - 44:46",
            "label": "",
            "position": "2686373",
            "replay": "other"
        },
        {
            "change_type": "",
            "gameTime": "2 - 02:56",
            "label": "",
            "position": "176575",
            "replay": "real-time"
        },
        {
            "change_type": "",
            "gameTime": "2 - 03:03",
            "label": "",
            "link": "",
            "position": "183495",
            "replay": "replay"
        },
        {
            "change_type": "",
            "gameTime": "2 - 07:33",
            "label": "",
            "position": "453247",
            "replay": "real-time"
        },
        {
            "change_type": "",
            "gameTime": "2 - 07:39",
            "label": "",
            "link": "",
            "position": "459607",
            "replay": "replay"
        },
        {
            "change_type": "",
            "gameTime": "2 - 08:14",
            "label": "",
            "position": "494325",
            "replay": "real-time"
        },
        {
            "change_type": "",
            "gameTime": "2 - 08:23",
            "label": "",
            "position": "503285",
            "replay": "other"
        },
        {
            "change_type": "",
            "gameTime": "2 - 08:32",
            "label": "",
            "position": "512478",
            "replay": "other"
        },
        {
            "change_type": "",
            "gameTime": "2 - 10:55",
            "label": "",
            "position": "655130",
            "replay": "real-time"
        },
        {
            "change_type": "",
            "gameTime": "2 - 11:02",
            "label": "",
            "link": "",
            "position": "662250",
            "replay": "replay"
        },
        {
            "change_type": "",
            "gameTime": "2 - 11:06",
            "label": "",
            "link": "",
            "position": "666290",
            "replay": "replay"
        },
        {
            "change_type": "",
            "gameTime": "2 - 11:49",
            "label": "",
            "position": "709866",
            "replay": "real-time"
        },
        {
            "change_type": "",
            "gameTime": "2 - 11:57",
            "label": "",
            "link": "",
            "position": "717506",
            "replay": "replay"
        },
        {
            "change_type": "",
            "gameTime": "2 - 12:58",
            "label": "",
            "position": "778696",
            "replay": "real-time"
        },
        {
            "change_type": "",
            "gameTime": "2 - 13:09",
            "label": "",
            "link": "",
            "position": "789256",
            "replay": "replay"
        },
        {
            "change_type": "",
            "gameTime": "2 - 15:36",
            "label": "",
            "position": "936714",
            "replay": "real-time"
        },
        {
            "change_type": "",
            "gameTime": "2 - 15:47",
            "label": "",
            "link": "",
            "position": "947874",
            "replay": "replay"
        },
        {
            "change_type": "",
            "gameTime": "2 - 15:52",
            "label": "",
            "position": "952011",
            "replay": "other"
        },
        {
            "change_type": "",
            "gameTime": "2 - 16:47",
            "label": "",
            "position": "1007456",
            "replay": "real-time"
        },
        {
            "change_type": "",
            "gameTime": "2 - 16:53",
            "label": "",
            "link": "",
            "position": "1013136",
            "replay": "replay"
        },
        {
            "change_type": "",
            "gameTime": "2 - 19:49",
            "label": "",
            "position": "1189699",
            "replay": "real-time"
        },
        {
            "change_type": "",
            "gameTime": "2 - 20:03",
            "label": "",
            "link": "",
            "position": "1203339",
            "replay": "replay"
        },
        {
            "change_type": "",
            "gameTime": "2 - 24:03",
            "label": "",
            "position": "1443660",
            "replay": "real-time"
        },
        {
            "change_type": "",
            "gameTime": "2 - 24:10",
            "label": "",
            "link": "",
            "position": "1450580",
            "replay": "replay"
        },
        {
            "change_type": "",
            "gameTime": "2 - 28:02",
            "label": "",
            "position": "1682375",
            "replay": "real-time"
        },
        {
            "change_type": "",
            "gameTime": "2 - 28:13",
            "label": "",
            "position": "1693855",
            "replay": "other"
        },
        {
            "change_type": "",
            "gameTime": "2 - 31:26",
            "label": "",
            "position": "1886179",
            "replay": "real-time"
        },
        {
            "change_type": "",
            "gameTime": "2 - 31:35",
            "label": "",
            "link": "",
            "position": "1895219",
            "replay": "replay"
        },
        {
            "change_type": "",
            "gameTime": "2 - 33:47",
            "label": "",
            "position": "2027174",
            "replay": "real-time"
        },
        {
            "change_type": "",
            "gameTime": "2 - 33:58",
            "label": "",
            "link": "",
            "position": "2038134",
            "replay": "replay"
        },
        {
            "change_type": "",
            "gameTime": "2 - 35:09",
            "label": "",
            "position": "2109111",
            "replay": "real-time"
        },
        {
            "change_type": "",
            "gameTime": "2 - 35:16",
            "label": "",
            "link": "",
            "position": "2116111",
            "replay": "replay"
        },
        {
            "change_type": "",
            "gameTime": "2 - 40:18",
            "label": "",
            "position": "2418369",
            "replay": "real-time"
        },
        {
            "change_type": "",
            "gameTime": "2 - 40:24",
            "label": "",
            "link": "",
            "position": "2424649",
            "replay": "replay"
        },
        {
            "change_type": "",
            "gameTime": "2 - 41:15",
            "label": "",
            "position": "2475803",
            "replay": "real-time"
        },
        {
            "change_type": "",
            "gameTime": "2 - 41:30",
            "label": "",
            "link": "",
            "position": "2490203",
            "replay": "replay"
        },
        {
            "change_type": "",
            "gameTime": "2 - 42:16",
            "label": "",
            "position": "2536339",
            "replay": "real-time"
        },
        {
            "change_type": "",
            "gameTime": "2 - 42:30",
            "label": "",
            "link": "",
            "position": "2550539",
            "replay": "replay"
        },
        {
            "change_type": "",
            "gameTime": "2 - 42:48",
            "label": "",
            "position": "2568559",
            "replay": "real-time"
        },
        {
            "change_type": "",
            "gameTime": "2 - 42:56",
            "label": "",
            "link": "",
            "position": "2576879",
            "replay": "replay"
        }
    ],
    "gameAwayTeam": "Leipzig",
    "gameDate": "2016-12-20 - 18-00",
    "gameHomeTeam": "Bayern",
    "gameScore": "3 - 0"
}