{
    "UrlLocal": "europe_uefa-champions-league/2016-2017/2016-12-06 - 18-00 Basel 1 - 4 Arsenal",
    "predictions": [
        {
            "gameTime": "1 - 35:14",
            "label": "card",
            "position": "2114000",
            "half": "1",
            "confidence": "0.673774778842926"
        },
        {
            "gameTime": "1 - 10:41",
            "label": "card",
            "position": "641500",
            "half": "1",
            "confidence": "0.6038965582847595"
        },
        {
            "gameTime": "1 - 10:31",
            "label": "card",
            "position": "631000",
            "half": "1",
            "confidence": "0.5629563927650452"
        },
        {
            "gameTime": "1 - 35:24",
            "label": "card",
            "position": "2124000",
            "half": "1",
            "confidence": "0.5102308988571167"
        },
        {
            "gameTime": "1 - 7:43",
            "label": "soccer",
            "position": "463500",
            "half": "1",
            "confidence": "0.7941774129867554"
        },
        {
            "gameTime": "1 - 4:28",
            "label": "soccer",
            "position": "268000",
            "half": "1",
            "confidence": "0.673388659954071"
        },
        {
            "gameTime": "2 - 28:18",
            "label": "subs",
            "position": "1698000",
            "half": "2",
            "confidence": "0.8983317017555237"
        },
        {
            "gameTime": "2 - 47:55",
            "label": "subs",
            "position": "2875500",
            "half": "2",
            "confidence": "0.8769163489341736"
        },
        {
            "gameTime": "2 - 9:4",
            "label": "subs",
            "position": "544000",
            "half": "2",
            "confidence": "0.8175552487373352"
        },
        {
            "gameTime": "2 - 28:30",
            "label": "subs",
            "position": "1710000",
            "half": "2",
            "confidence": "0.8100734353065491"
        },
        {
            "gameTime": "2 - 14:1",
            "label": "subs",
            "position": "841000",
            "half": "2",
            "confidence": "0.7944255471229553"
        },
        {
            "gameTime": "2 - 23:57",
            "label": "subs",
            "position": "1437000",
            "half": "2",
            "confidence": "0.7715882062911987"
        },
        {
            "gameTime": "2 - 13:50",
            "label": "subs",
            "position": "830500",
            "half": "2",
            "confidence": "0.732690691947937"
        },
        {
            "gameTime": "2 - 47:45",
            "label": "subs",
            "position": "2865000",
            "half": "2",
            "confidence": "0.6142709255218506"
        },
        {
            "gameTime": "2 - 49:8",
            "label": "subs",
            "position": "2948000",
            "half": "2",
            "confidence": "0.5671274065971375"
        },
        {
            "gameTime": "2 - 8:53",
            "label": "subs",
            "position": "533500",
            "half": "2",
            "confidence": "0.5382259488105774"
        }
    ]
}