{
    "UrlLocal": "france_ligue-1/2016-2017/2016-09-11 - 18-00 Nice 3 - 2 Marseille",
    "predictions": [
        {
            "gameTime": "1 - 6:53",
            "label": "Penalty",
            "position": "413500",
            "half": "1",
            "confidence": "0.7721015810966492"
        },
        {
            "gameTime": "1 - 49:13",
            "label": "Penalty",
            "position": "2953500",
            "half": "1",
            "confidence": "0.6973187327384949"
        },
        {
            "gameTime": "1 - 6:26",
            "label": "Penalty",
            "position": "386000",
            "half": "1",
            "confidence": "0.6430003046989441"
        },
        {
            "gameTime": "1 - 6:39",
            "label": "Penalty",
            "position": "399500",
            "half": "1",
            "confidence": "0.5450984835624695"
        },
        {
            "gameTime": "1 - 0:0",
            "label": "Kick-off",
            "position": "500",
            "half": "1",
            "confidence": "0.9996660947799683"
        },
        {
            "gameTime": "1 - 13:58",
            "label": "Kick-off",
            "position": "838000",
            "half": "1",
            "confidence": "0.9958679676055908"
        },
        {
            "gameTime": "1 - 39:6",
            "label": "Kick-off",
            "position": "2346000",
            "half": "1",
            "confidence": "0.9893296360969543"
        },
        {
            "gameTime": "1 - 7:32",
            "label": "Kick-off",
            "position": "452000",
            "half": "1",
            "confidence": "0.9588966369628906"
        },
        {
            "gameTime": "1 - 14:8",
            "label": "Kick-off",
            "position": "848000",
            "half": "1",
            "confidence": "0.9287091493606567"
        },
        {
            "gameTime": "1 - 38:55",
            "label": "Kick-off",
            "position": "2335500",
            "half": "1",
            "confidence": "0.8682942390441895"
        },
        {
            "gameTime": "1 - 39:16",
            "label": "Kick-off",
            "position": "2356000",
            "half": "1",
            "confidence": "0.8375079035758972"
        },
        {
            "gameTime": "1 - 17:18",
            "label": "Kick-off",
            "position": "1038500",
            "half": "1",
            "confidence": "0.8167712092399597"
        },
        {
            "gameTime": "1 - 7:42",
            "label": "Kick-off",
            "position": "462000",
            "half": "1",
            "confidence": "0.7794495224952698"
        },
        {
            "gameTime": "1 - 0:10",
            "label": "Kick-off",
            "position": "10500",
            "half": "1",
            "confidence": "0.7576674818992615"
        },
        {
            "gameTime": "1 - 45:55",
            "label": "Kick-off",
            "position": "2755500",
            "half": "1",
            "confidence": "0.7471694350242615"
        },
        {
            "gameTime": "1 - 46:7",
            "label": "Kick-off",
            "position": "2767000",
            "half": "1",
            "confidence": "0.6937035918235779"
        },
        {
            "gameTime": "1 - 13:46",
            "label": "Kick-off",
            "position": "826000",
            "half": "1",
            "confidence": "0.5854370594024658"
        },
        {
            "gameTime": "1 - 6:56",
            "label": "Goal",
            "position": "416500",
            "half": "1",
            "confidence": "0.884061336517334"
        },
        {
            "gameTime": "1 - 49:23",
            "label": "Goal",
            "position": "2963500",
            "half": "1",
            "confidence": "0.6668856143951416"
        },
        {
            "gameTime": "1 - 49:12",
            "label": "Goal",
            "position": "2952000",
            "half": "1",
            "confidence": "0.6357174515724182"
        },
        {
            "gameTime": "1 - 13:16",
            "label": "Goal",
            "position": "796000",
            "half": "1",
            "confidence": "0.5192817449569702"
        },
        {
            "gameTime": "1 - 46:11",
            "label": "Substitution",
            "position": "2771500",
            "half": "1",
            "confidence": "0.8822558522224426"
        },
        {
            "gameTime": "1 - 25:24",
            "label": "Offside",
            "position": "1524000",
            "half": "1",
            "confidence": "0.5118111968040466"
        },
        {
            "gameTime": "1 - 6:52",
            "label": "Shots on target",
            "position": "412000",
            "half": "1",
            "confidence": "0.6446546316146851"
        },
        {
            "gameTime": "1 - 40:46",
            "label": "Shots on target",
            "position": "2446500",
            "half": "1",
            "confidence": "0.5714230537414551"
        },
        {
            "gameTime": "1 - 51:9",
            "label": "Shots on target",
            "position": "3069500",
            "half": "1",
            "confidence": "0.5242980718612671"
        },
        {
            "gameTime": "1 - 13:8",
            "label": "Shots on target",
            "position": "788500",
            "half": "1",
            "confidence": "0.5170264840126038"
        },
        {
            "gameTime": "1 - 27:58",
            "label": "Shots off target",
            "position": "1678000",
            "half": "1",
            "confidence": "0.8077324032783508"
        },
        {
            "gameTime": "1 - 42:17",
            "label": "Shots off target",
            "position": "2537000",
            "half": "1",
            "confidence": "0.7153684496879578"
        },
        {
            "gameTime": "1 - 2:56",
            "label": "Shots off target",
            "position": "176500",
            "half": "1",
            "confidence": "0.6235758662223816"
        },
        {
            "gameTime": "1 - 13:10",
            "label": "Shots off target",
            "position": "790500",
            "half": "1",
            "confidence": "0.5337821245193481"
        },
        {
            "gameTime": "1 - 42:46",
            "label": "Clearance",
            "position": "2566500",
            "half": "1",
            "confidence": "0.739154040813446"
        },
        {
            "gameTime": "1 - 10:0",
            "label": "Clearance",
            "position": "600500",
            "half": "1",
            "confidence": "0.7193349599838257"
        },
        {
            "gameTime": "1 - 15:16",
            "label": "Clearance",
            "position": "916000",
            "half": "1",
            "confidence": "0.5464921593666077"
        },
        {
            "gameTime": "1 - 45:16",
            "label": "Ball out of play",
            "position": "2716500",
            "half": "1",
            "confidence": "0.8824712038040161"
        },
        {
            "gameTime": "1 - 30:56",
            "label": "Ball out of play",
            "position": "1856500",
            "half": "1",
            "confidence": "0.8503644466400146"
        },
        {
            "gameTime": "1 - 33:25",
            "label": "Ball out of play",
            "position": "2005000",
            "half": "1",
            "confidence": "0.8415583372116089"
        },
        {
            "gameTime": "1 - 33:43",
            "label": "Ball out of play",
            "position": "2023000",
            "half": "1",
            "confidence": "0.8314428329467773"
        },
        {
            "gameTime": "1 - 42:7",
            "label": "Ball out of play",
            "position": "2527500",
            "half": "1",
            "confidence": "0.7817845940589905"
        },
        {
            "gameTime": "1 - 31:6",
            "label": "Ball out of play",
            "position": "1866500",
            "half": "1",
            "confidence": "0.7487421035766602"
        },
        {
            "gameTime": "1 - 38:9",
            "label": "Ball out of play",
            "position": "2289000",
            "half": "1",
            "confidence": "0.7483912110328674"
        },
        {
            "gameTime": "1 - 41:49",
            "label": "Ball out of play",
            "position": "2509500",
            "half": "1",
            "confidence": "0.7335923910140991"
        },
        {
            "gameTime": "1 - 33:14",
            "label": "Ball out of play",
            "position": "1994500",
            "half": "1",
            "confidence": "0.7217293381690979"
        },
        {
            "gameTime": "1 - 33:53",
            "label": "Ball out of play",
            "position": "2033500",
            "half": "1",
            "confidence": "0.7075061798095703"
        },
        {
            "gameTime": "1 - 9:20",
            "label": "Ball out of play",
            "position": "560000",
            "half": "1",
            "confidence": "0.7052753567695618"
        },
        {
            "gameTime": "1 - 3:6",
            "label": "Ball out of play",
            "position": "186500",
            "half": "1",
            "confidence": "0.7010650038719177"
        },
        {
            "gameTime": "1 - 21:33",
            "label": "Ball out of play",
            "position": "1293000",
            "half": "1",
            "confidence": "0.6839098930358887"
        },
        {
            "gameTime": "1 - 49:0",
            "label": "Ball out of play",
            "position": "2940000",
            "half": "1",
            "confidence": "0.6445790529251099"
        },
        {
            "gameTime": "1 - 26:14",
            "label": "Ball out of play",
            "position": "1574500",
            "half": "1",
            "confidence": "0.6322335004806519"
        },
        {
            "gameTime": "1 - 37:58",
            "label": "Ball out of play",
            "position": "2278500",
            "half": "1",
            "confidence": "0.6102649569511414"
        },
        {
            "gameTime": "1 - 10:3",
            "label": "Ball out of play",
            "position": "603500",
            "half": "1",
            "confidence": "0.6071938276290894"
        },
        {
            "gameTime": "1 - 28:31",
            "label": "Ball out of play",
            "position": "1711000",
            "half": "1",
            "confidence": "0.6029157638549805"
        },
        {
            "gameTime": "1 - 24:25",
            "label": "Ball out of play",
            "position": "1465500",
            "half": "1",
            "confidence": "0.6019672751426697"
        },
        {
            "gameTime": "1 - 35:35",
            "label": "Ball out of play",
            "position": "2135000",
            "half": "1",
            "confidence": "0.6001208424568176"
        },
        {
            "gameTime": "1 - 27:5",
            "label": "Ball out of play",
            "position": "1625000",
            "half": "1",
            "confidence": "0.5972282886505127"
        },
        {
            "gameTime": "1 - 27:57",
            "label": "Ball out of play",
            "position": "1677000",
            "half": "1",
            "confidence": "0.5932210087776184"
        },
        {
            "gameTime": "1 - 41:38",
            "label": "Ball out of play",
            "position": "2498500",
            "half": "1",
            "confidence": "0.5931202173233032"
        },
        {
            "gameTime": "1 - 42:18",
            "label": "Ball out of play",
            "position": "2538000",
            "half": "1",
            "confidence": "0.5872538089752197"
        },
        {
            "gameTime": "1 - 34:23",
            "label": "Ball out of play",
            "position": "2063500",
            "half": "1",
            "confidence": "0.5863916277885437"
        },
        {
            "gameTime": "1 - 9:48",
            "label": "Ball out of play",
            "position": "588000",
            "half": "1",
            "confidence": "0.5628039836883545"
        },
        {
            "gameTime": "1 - 45:4",
            "label": "Ball out of play",
            "position": "2704000",
            "half": "1",
            "confidence": "0.5424031019210815"
        },
        {
            "gameTime": "1 - 35:45",
            "label": "Ball out of play",
            "position": "2145000",
            "half": "1",
            "confidence": "0.5345795154571533"
        },
        {
            "gameTime": "1 - 24:15",
            "label": "Ball out of play",
            "position": "1455000",
            "half": "1",
            "confidence": "0.5316174030303955"
        },
        {
            "gameTime": "1 - 37:33",
            "label": "Ball out of play",
            "position": "2253000",
            "half": "1",
            "confidence": "0.5221500992774963"
        },
        {
            "gameTime": "1 - 45:26",
            "label": "Ball out of play",
            "position": "2726500",
            "half": "1",
            "confidence": "0.5158050656318665"
        },
        {
            "gameTime": "1 - 6:41",
            "label": "Ball out of play",
            "position": "401500",
            "half": "1",
            "confidence": "0.5106251835823059"
        },
        {
            "gameTime": "1 - 5:46",
            "label": "Ball out of play",
            "position": "346000",
            "half": "1",
            "confidence": "0.5046465396881104"
        },
        {
            "gameTime": "1 - 33:43",
            "label": "Throw-in",
            "position": "2023000",
            "half": "1",
            "confidence": "0.9827114939689636"
        },
        {
            "gameTime": "1 - 31:44",
            "label": "Throw-in",
            "position": "1904000",
            "half": "1",
            "confidence": "0.9543468952178955"
        },
        {
            "gameTime": "1 - 27:5",
            "label": "Throw-in",
            "position": "1625000",
            "half": "1",
            "confidence": "0.9481559991836548"
        },
        {
            "gameTime": "1 - 31:14",
            "label": "Throw-in",
            "position": "1874500",
            "half": "1",
            "confidence": "0.9473527669906616"
        },
        {
            "gameTime": "1 - 34:2",
            "label": "Throw-in",
            "position": "2042000",
            "half": "1",
            "confidence": "0.9336325526237488"
        },
        {
            "gameTime": "1 - 42:1",
            "label": "Throw-in",
            "position": "2521500",
            "half": "1",
            "confidence": "0.864663302898407"
        },
        {
            "gameTime": "1 - 31:2",
            "label": "Throw-in",
            "position": "1862000",
            "half": "1",
            "confidence": "0.864337146282196"
        },
        {
            "gameTime": "1 - 33:31",
            "label": "Throw-in",
            "position": "2011500",
            "half": "1",
            "confidence": "0.8565686345100403"
        },
        {
            "gameTime": "1 - 23:10",
            "label": "Throw-in",
            "position": "1390500",
            "half": "1",
            "confidence": "0.8249779343605042"
        },
        {
            "gameTime": "1 - 12:55",
            "label": "Throw-in",
            "position": "775500",
            "half": "1",
            "confidence": "0.7844273447990417"
        },
        {
            "gameTime": "1 - 1:38",
            "label": "Throw-in",
            "position": "98500",
            "half": "1",
            "confidence": "0.7769213914871216"
        },
        {
            "gameTime": "1 - 1:53",
            "label": "Throw-in",
            "position": "113500",
            "half": "1",
            "confidence": "0.7732458710670471"
        },
        {
            "gameTime": "1 - 41:49",
            "label": "Throw-in",
            "position": "2509500",
            "half": "1",
            "confidence": "0.7719558477401733"
        },
        {
            "gameTime": "1 - 21:33",
            "label": "Throw-in",
            "position": "1293000",
            "half": "1",
            "confidence": "0.7451030015945435"
        },
        {
            "gameTime": "1 - 22:53",
            "label": "Throw-in",
            "position": "1373500",
            "half": "1",
            "confidence": "0.7208834290504456"
        },
        {
            "gameTime": "1 - 26:51",
            "label": "Throw-in",
            "position": "1611500",
            "half": "1",
            "confidence": "0.6993169784545898"
        },
        {
            "gameTime": "1 - 31:33",
            "label": "Throw-in",
            "position": "1893500",
            "half": "1",
            "confidence": "0.6959515810012817"
        },
        {
            "gameTime": "1 - 27:23",
            "label": "Throw-in",
            "position": "1643000",
            "half": "1",
            "confidence": "0.6706001162528992"
        },
        {
            "gameTime": "1 - 12:45",
            "label": "Throw-in",
            "position": "765000",
            "half": "1",
            "confidence": "0.6033830046653748"
        },
        {
            "gameTime": "1 - 50:15",
            "label": "Throw-in",
            "position": "3015500",
            "half": "1",
            "confidence": "0.5623762011528015"
        },
        {
            "gameTime": "1 - 30:48",
            "label": "Throw-in",
            "position": "1848500",
            "half": "1",
            "confidence": "0.5305196642875671"
        },
        {
            "gameTime": "1 - 34:23",
            "label": "Throw-in",
            "position": "2063500",
            "half": "1",
            "confidence": "0.5212559103965759"
        },
        {
            "gameTime": "1 - 3:56",
            "label": "Throw-in",
            "position": "236000",
            "half": "1",
            "confidence": "0.5048642754554749"
        },
        {
            "gameTime": "1 - 5:38",
            "label": "Foul",
            "position": "338500",
            "half": "1",
            "confidence": "0.8556550741195679"
        },
        {
            "gameTime": "1 - 29:53",
            "label": "Foul",
            "position": "1793000",
            "half": "1",
            "confidence": "0.7301945090293884"
        },
        {
            "gameTime": "1 - 17:43",
            "label": "Foul",
            "position": "1063500",
            "half": "1",
            "confidence": "0.6823088526725769"
        },
        {
            "gameTime": "1 - 34:45",
            "label": "Foul",
            "position": "2085500",
            "half": "1",
            "confidence": "0.6745964884757996"
        },
        {
            "gameTime": "1 - 37:9",
            "label": "Foul",
            "position": "2229500",
            "half": "1",
            "confidence": "0.662172257900238"
        },
        {
            "gameTime": "1 - 5:27",
            "label": "Foul",
            "position": "327500",
            "half": "1",
            "confidence": "0.6566312313079834"
        },
        {
            "gameTime": "1 - 11:12",
            "label": "Foul",
            "position": "672000",
            "half": "1",
            "confidence": "0.6521645188331604"
        },
        {
            "gameTime": "1 - 34:58",
            "label": "Foul",
            "position": "2098500",
            "half": "1",
            "confidence": "0.6175488233566284"
        },
        {
            "gameTime": "1 - 5:49",
            "label": "Foul",
            "position": "349000",
            "half": "1",
            "confidence": "0.6092515587806702"
        },
        {
            "gameTime": "1 - 42:45",
            "label": "Foul",
            "position": "2565500",
            "half": "1",
            "confidence": "0.5424747467041016"
        },
        {
            "gameTime": "1 - 14:8",
            "label": "Foul",
            "position": "848500",
            "half": "1",
            "confidence": "0.5278092622756958"
        },
        {
            "gameTime": "1 - 11:22",
            "label": "Foul",
            "position": "682000",
            "half": "1",
            "confidence": "0.5270612239837646"
        },
        {
            "gameTime": "1 - 4:41",
            "label": "Foul",
            "position": "281500",
            "half": "1",
            "confidence": "0.5098538398742676"
        },
        {
            "gameTime": "1 - 2:56",
            "label": "Direct free-kick",
            "position": "176000",
            "half": "1",
            "confidence": "0.9645498394966125"
        },
        {
            "gameTime": "1 - 2:41",
            "label": "Direct free-kick",
            "position": "161500",
            "half": "1",
            "confidence": "0.7945998311042786"
        },
        {
            "gameTime": "1 - 27:52",
            "label": "Direct free-kick",
            "position": "1672500",
            "half": "1",
            "confidence": "0.766754150390625"
        },
        {
            "gameTime": "1 - 3:7",
            "label": "Direct free-kick",
            "position": "187000",
            "half": "1",
            "confidence": "0.6616701483726501"
        },
        {
            "gameTime": "1 - 2:30",
            "label": "Direct free-kick",
            "position": "150000",
            "half": "1",
            "confidence": "0.554512619972229"
        },
        {
            "gameTime": "1 - 41:28",
            "label": "Corner",
            "position": "2488000",
            "half": "1",
            "confidence": "0.9906919598579407"
        },
        {
            "gameTime": "1 - 41:38",
            "label": "Corner",
            "position": "2498000",
            "half": "1",
            "confidence": "0.9676318764686584"
        },
        {
            "gameTime": "1 - 28:56",
            "label": "Corner",
            "position": "1736500",
            "half": "1",
            "confidence": "0.9585186243057251"
        },
        {
            "gameTime": "1 - 28:16",
            "label": "Corner",
            "position": "1696500",
            "half": "1",
            "confidence": "0.9544656872749329"
        },
        {
            "gameTime": "1 - 28:26",
            "label": "Corner",
            "position": "1706500",
            "half": "1",
            "confidence": "0.8699023127555847"
        },
        {
            "gameTime": "1 - 38:34",
            "label": "Corner",
            "position": "2314500",
            "half": "1",
            "confidence": "0.8475568890571594"
        },
        {
            "gameTime": "1 - 29:6",
            "label": "Corner",
            "position": "1746500",
            "half": "1",
            "confidence": "0.7107986211776733"
        },
        {
            "gameTime": "1 - 30:29",
            "label": "Yellow card",
            "position": "1829000",
            "half": "1",
            "confidence": "0.5658972859382629"
        },
        {
            "gameTime": "1 - 17:43",
            "label": "Yellow card",
            "position": "1063500",
            "half": "1",
            "confidence": "0.5380377173423767"
        },
        {
            "gameTime": "2 - 27:7",
            "label": "Penalty",
            "position": "1627500",
            "half": "2",
            "confidence": "0.619107186794281"
        },
        {
            "gameTime": "2 - 26:56",
            "label": "Penalty",
            "position": "1616500",
            "half": "2",
            "confidence": "0.6158949136734009"
        },
        {
            "gameTime": "2 - 0:2",
            "label": "Kick-off",
            "position": "2000",
            "half": "2",
            "confidence": "0.9980270266532898"
        },
        {
            "gameTime": "2 - 27:53",
            "label": "Kick-off",
            "position": "1673000",
            "half": "2",
            "confidence": "0.9679388403892517"
        },
        {
            "gameTime": "2 - 0:12",
            "label": "Kick-off",
            "position": "12000",
            "half": "2",
            "confidence": "0.8856521844863892"
        },
        {
            "gameTime": "2 - 28:3",
            "label": "Kick-off",
            "position": "1683000",
            "half": "2",
            "confidence": "0.8327381610870361"
        },
        {
            "gameTime": "2 - 53:33",
            "label": "Kick-off",
            "position": "3213000",
            "half": "2",
            "confidence": "0.729705810546875"
        },
        {
            "gameTime": "2 - 27:42",
            "label": "Kick-off",
            "position": "1662500",
            "half": "2",
            "confidence": "0.6372784376144409"
        },
        {
            "gameTime": "2 - 32:50",
            "label": "Kick-off",
            "position": "1970500",
            "half": "2",
            "confidence": "0.6304659247398376"
        },
        {
            "gameTime": "2 - 40:38",
            "label": "Kick-off",
            "position": "2438000",
            "half": "2",
            "confidence": "0.5374839305877686"
        },
        {
            "gameTime": "2 - 48:26",
            "label": "Kick-off",
            "position": "2906500",
            "half": "2",
            "confidence": "0.5076029300689697"
        },
        {
            "gameTime": "2 - 32:11",
            "label": "Goal",
            "position": "1931000",
            "half": "2",
            "confidence": "0.8726837635040283"
        },
        {
            "gameTime": "2 - 41:57",
            "label": "Goal",
            "position": "2517000",
            "half": "2",
            "confidence": "0.8679527640342712"
        },
        {
            "gameTime": "2 - 43:16",
            "label": "Goal",
            "position": "2596000",
            "half": "2",
            "confidence": "0.8112565875053406"
        },
        {
            "gameTime": "2 - 41:46",
            "label": "Goal",
            "position": "2506500",
            "half": "2",
            "confidence": "0.61396324634552"
        },
        {
            "gameTime": "2 - 11:38",
            "label": "Substitution",
            "position": "698500",
            "half": "2",
            "confidence": "0.9934937357902527"
        },
        {
            "gameTime": "2 - 46:16",
            "label": "Substitution",
            "position": "2776500",
            "half": "2",
            "confidence": "0.9929406642913818"
        },
        {
            "gameTime": "2 - 22:16",
            "label": "Substitution",
            "position": "1336000",
            "half": "2",
            "confidence": "0.9834428429603577"
        },
        {
            "gameTime": "2 - 30:49",
            "label": "Substitution",
            "position": "1849500",
            "half": "2",
            "confidence": "0.9520110487937927"
        },
        {
            "gameTime": "2 - 46:26",
            "label": "Substitution",
            "position": "2786500",
            "half": "2",
            "confidence": "0.9092925786972046"
        },
        {
            "gameTime": "2 - 30:37",
            "label": "Substitution",
            "position": "1837500",
            "half": "2",
            "confidence": "0.8776171803474426"
        },
        {
            "gameTime": "2 - 11:28",
            "label": "Substitution",
            "position": "688000",
            "half": "2",
            "confidence": "0.7797529101371765"
        },
        {
            "gameTime": "2 - 11:48",
            "label": "Substitution",
            "position": "708500",
            "half": "2",
            "confidence": "0.7782187461853027"
        },
        {
            "gameTime": "2 - 30:59",
            "label": "Substitution",
            "position": "1859500",
            "half": "2",
            "confidence": "0.7232407927513123"
        },
        {
            "gameTime": "2 - 46:6",
            "label": "Substitution",
            "position": "2766000",
            "half": "2",
            "confidence": "0.6622301340103149"
        },
        {
            "gameTime": "2 - 52:57",
            "label": "Substitution",
            "position": "3177500",
            "half": "2",
            "confidence": "0.5590272545814514"
        },
        {
            "gameTime": "2 - 27:28",
            "label": "Substitution",
            "position": "1648000",
            "half": "2",
            "confidence": "0.5548763275146484"
        },
        {
            "gameTime": "2 - 30:27",
            "label": "Substitution",
            "position": "1827000",
            "half": "2",
            "confidence": "0.5381761193275452"
        },
        {
            "gameTime": "2 - 41:59",
            "label": "Shots on target",
            "position": "2519500",
            "half": "2",
            "confidence": "0.7181875109672546"
        },
        {
            "gameTime": "2 - 7:27",
            "label": "Shots on target",
            "position": "447500",
            "half": "2",
            "confidence": "0.6178045272827148"
        },
        {
            "gameTime": "2 - 32:11",
            "label": "Shots on target",
            "position": "1931000",
            "half": "2",
            "confidence": "0.60295170545578"
        },
        {
            "gameTime": "2 - 48:1",
            "label": "Shots on target",
            "position": "2881500",
            "half": "2",
            "confidence": "0.5897841453552246"
        },
        {
            "gameTime": "2 - 19:38",
            "label": "Shots on target",
            "position": "1178500",
            "half": "2",
            "confidence": "0.563521146774292"
        },
        {
            "gameTime": "2 - 2:20",
            "label": "Shots on target",
            "position": "140000",
            "half": "2",
            "confidence": "0.5246767997741699"
        },
        {
            "gameTime": "2 - 48:11",
            "label": "Shots on target",
            "position": "2891500",
            "half": "2",
            "confidence": "0.5187736749649048"
        },
        {
            "gameTime": "2 - 33:37",
            "label": "Shots on target",
            "position": "2017000",
            "half": "2",
            "confidence": "0.5127747058868408"
        },
        {
            "gameTime": "2 - 33:24",
            "label": "Shots on target",
            "position": "2004500",
            "half": "2",
            "confidence": "0.50152188539505"
        },
        {
            "gameTime": "2 - 33:40",
            "label": "Shots off target",
            "position": "2020500",
            "half": "2",
            "confidence": "0.7277610898017883"
        },
        {
            "gameTime": "2 - 21:51",
            "label": "Shots off target",
            "position": "1311500",
            "half": "2",
            "confidence": "0.5531038641929626"
        },
        {
            "gameTime": "2 - 9:4",
            "label": "Clearance",
            "position": "544500",
            "half": "2",
            "confidence": "0.677535891532898"
        },
        {
            "gameTime": "2 - 32:40",
            "label": "Clearance",
            "position": "1960500",
            "half": "2",
            "confidence": "0.6714602112770081"
        },
        {
            "gameTime": "2 - 8:0",
            "label": "Clearance",
            "position": "480500",
            "half": "2",
            "confidence": "0.563863217830658"
        },
        {
            "gameTime": "2 - 38:35",
            "label": "Ball out of play",
            "position": "2315000",
            "half": "2",
            "confidence": "0.837680995464325"
        },
        {
            "gameTime": "2 - 21:52",
            "label": "Ball out of play",
            "position": "1312000",
            "half": "2",
            "confidence": "0.8366631269454956"
        },
        {
            "gameTime": "2 - 19:10",
            "label": "Ball out of play",
            "position": "1150500",
            "half": "2",
            "confidence": "0.8354076147079468"
        },
        {
            "gameTime": "2 - 22:37",
            "label": "Ball out of play",
            "position": "1357000",
            "half": "2",
            "confidence": "0.8257145881652832"
        },
        {
            "gameTime": "2 - 14:15",
            "label": "Ball out of play",
            "position": "855500",
            "half": "2",
            "confidence": "0.721052885055542"
        },
        {
            "gameTime": "2 - 9:48",
            "label": "Ball out of play",
            "position": "588500",
            "half": "2",
            "confidence": "0.704704999923706"
        },
        {
            "gameTime": "2 - 9:29",
            "label": "Ball out of play",
            "position": "569000",
            "half": "2",
            "confidence": "0.7046803832054138"
        },
        {
            "gameTime": "2 - 19:28",
            "label": "Ball out of play",
            "position": "1168000",
            "half": "2",
            "confidence": "0.7005278468132019"
        },
        {
            "gameTime": "2 - 8:10",
            "label": "Ball out of play",
            "position": "490500",
            "half": "2",
            "confidence": "0.6376374363899231"
        },
        {
            "gameTime": "2 - 33:21",
            "label": "Ball out of play",
            "position": "2001000",
            "half": "2",
            "confidence": "0.6366260647773743"
        },
        {
            "gameTime": "2 - 22:57",
            "label": "Ball out of play",
            "position": "1377000",
            "half": "2",
            "confidence": "0.619050920009613"
        },
        {
            "gameTime": "2 - 10:3",
            "label": "Ball out of play",
            "position": "603000",
            "half": "2",
            "confidence": "0.6180501580238342"
        },
        {
            "gameTime": "2 - 16:43",
            "label": "Ball out of play",
            "position": "1003000",
            "half": "2",
            "confidence": "0.617932140827179"
        },
        {
            "gameTime": "2 - 48:13",
            "label": "Ball out of play",
            "position": "2893000",
            "half": "2",
            "confidence": "0.6082921028137207"
        },
        {
            "gameTime": "2 - 16:53",
            "label": "Ball out of play",
            "position": "1013000",
            "half": "2",
            "confidence": "0.593062162399292"
        },
        {
            "gameTime": "2 - 39:28",
            "label": "Ball out of play",
            "position": "2368500",
            "half": "2",
            "confidence": "0.5928299427032471"
        },
        {
            "gameTime": "2 - 30:14",
            "label": "Ball out of play",
            "position": "1814500",
            "half": "2",
            "confidence": "0.5850623250007629"
        },
        {
            "gameTime": "2 - 24:50",
            "label": "Ball out of play",
            "position": "1490000",
            "half": "2",
            "confidence": "0.5695726275444031"
        },
        {
            "gameTime": "2 - 19:46",
            "label": "Ball out of play",
            "position": "1186000",
            "half": "2",
            "confidence": "0.5673742890357971"
        },
        {
            "gameTime": "2 - 9:17",
            "label": "Ball out of play",
            "position": "557500",
            "half": "2",
            "confidence": "0.5661604404449463"
        },
        {
            "gameTime": "2 - 6:33",
            "label": "Ball out of play",
            "position": "393000",
            "half": "2",
            "confidence": "0.563879132270813"
        },
        {
            "gameTime": "2 - 12:27",
            "label": "Ball out of play",
            "position": "747000",
            "half": "2",
            "confidence": "0.5620743632316589"
        },
        {
            "gameTime": "2 - 46:36",
            "label": "Ball out of play",
            "position": "2796000",
            "half": "2",
            "confidence": "0.5614829659461975"
        },
        {
            "gameTime": "2 - 11:53",
            "label": "Ball out of play",
            "position": "713500",
            "half": "2",
            "confidence": "0.560194730758667"
        },
        {
            "gameTime": "2 - 21:41",
            "label": "Ball out of play",
            "position": "1301500",
            "half": "2",
            "confidence": "0.5392410755157471"
        },
        {
            "gameTime": "2 - 8:45",
            "label": "Ball out of play",
            "position": "525000",
            "half": "2",
            "confidence": "0.5383740067481995"
        },
        {
            "gameTime": "2 - 45:58",
            "label": "Ball out of play",
            "position": "2758500",
            "half": "2",
            "confidence": "0.5204471945762634"
        },
        {
            "gameTime": "2 - 26:50",
            "label": "Ball out of play",
            "position": "1610000",
            "half": "2",
            "confidence": "0.5157026648521423"
        },
        {
            "gameTime": "2 - 23:7",
            "label": "Ball out of play",
            "position": "1387500",
            "half": "2",
            "confidence": "0.512108564376831"
        },
        {
            "gameTime": "2 - 11:7",
            "label": "Ball out of play",
            "position": "667500",
            "half": "2",
            "confidence": "0.5058155059814453"
        },
        {
            "gameTime": "2 - 34:7",
            "label": "Ball out of play",
            "position": "2047000",
            "half": "2",
            "confidence": "0.5003702640533447"
        },
        {
            "gameTime": "2 - 29:45",
            "label": "Throw-in",
            "position": "1785500",
            "half": "2",
            "confidence": "0.9351547360420227"
        },
        {
            "gameTime": "2 - 12:29",
            "label": "Throw-in",
            "position": "749500",
            "half": "2",
            "confidence": "0.9116773009300232"
        },
        {
            "gameTime": "2 - 12:16",
            "label": "Throw-in",
            "position": "736000",
            "half": "2",
            "confidence": "0.8851207494735718"
        },
        {
            "gameTime": "2 - 29:55",
            "label": "Throw-in",
            "position": "1795500",
            "half": "2",
            "confidence": "0.8743942379951477"
        },
        {
            "gameTime": "2 - 11:55",
            "label": "Throw-in",
            "position": "715500",
            "half": "2",
            "confidence": "0.8551707863807678"
        },
        {
            "gameTime": "2 - 10:3",
            "label": "Throw-in",
            "position": "603000",
            "half": "2",
            "confidence": "0.8266886472702026"
        },
        {
            "gameTime": "2 - 47:37",
            "label": "Throw-in",
            "position": "2857500",
            "half": "2",
            "confidence": "0.8100700974464417"
        },
        {
            "gameTime": "2 - 30:12",
            "label": "Throw-in",
            "position": "1812000",
            "half": "2",
            "confidence": "0.7447431683540344"
        },
        {
            "gameTime": "2 - 9:31",
            "label": "Throw-in",
            "position": "571500",
            "half": "2",
            "confidence": "0.7381404042243958"
        },
        {
            "gameTime": "2 - 47:11",
            "label": "Throw-in",
            "position": "2831500",
            "half": "2",
            "confidence": "0.7103288769721985"
        },
        {
            "gameTime": "2 - 22:42",
            "label": "Throw-in",
            "position": "1362000",
            "half": "2",
            "confidence": "0.6913843154907227"
        },
        {
            "gameTime": "2 - 11:45",
            "label": "Throw-in",
            "position": "705000",
            "half": "2",
            "confidence": "0.6850696802139282"
        },
        {
            "gameTime": "2 - 6:5",
            "label": "Throw-in",
            "position": "365500",
            "half": "2",
            "confidence": "0.6687436699867249"
        },
        {
            "gameTime": "2 - 34:7",
            "label": "Throw-in",
            "position": "2047000",
            "half": "2",
            "confidence": "0.6576715111732483"
        },
        {
            "gameTime": "2 - 9:47",
            "label": "Throw-in",
            "position": "587500",
            "half": "2",
            "confidence": "0.6559403538703918"
        },
        {
            "gameTime": "2 - 6:19",
            "label": "Throw-in",
            "position": "379500",
            "half": "2",
            "confidence": "0.6458442211151123"
        },
        {
            "gameTime": "2 - 47:48",
            "label": "Throw-in",
            "position": "2868500",
            "half": "2",
            "confidence": "0.6299659609794617"
        },
        {
            "gameTime": "2 - 43:3",
            "label": "Throw-in",
            "position": "2583000",
            "half": "2",
            "confidence": "0.6216288805007935"
        },
        {
            "gameTime": "2 - 36:42",
            "label": "Throw-in",
            "position": "2202000",
            "half": "2",
            "confidence": "0.5965214967727661"
        },
        {
            "gameTime": "2 - 10:13",
            "label": "Throw-in",
            "position": "613000",
            "half": "2",
            "confidence": "0.579943835735321"
        },
        {
            "gameTime": "2 - 8:26",
            "label": "Throw-in",
            "position": "506500",
            "half": "2",
            "confidence": "0.5650711059570312"
        },
        {
            "gameTime": "2 - 9:17",
            "label": "Throw-in",
            "position": "557500",
            "half": "2",
            "confidence": "0.5616403818130493"
        },
        {
            "gameTime": "2 - 8:10",
            "label": "Throw-in",
            "position": "490500",
            "half": "2",
            "confidence": "0.5595810413360596"
        },
        {
            "gameTime": "2 - 40:53",
            "label": "Foul",
            "position": "2453000",
            "half": "2",
            "confidence": "0.7160021662712097"
        },
        {
            "gameTime": "2 - 25:41",
            "label": "Foul",
            "position": "1541000",
            "half": "2",
            "confidence": "0.7093863487243652"
        },
        {
            "gameTime": "2 - 40:7",
            "label": "Foul",
            "position": "2407000",
            "half": "2",
            "confidence": "0.7020209431648254"
        },
        {
            "gameTime": "2 - 20:37",
            "label": "Foul",
            "position": "1237500",
            "half": "2",
            "confidence": "0.6858109831809998"
        },
        {
            "gameTime": "2 - 30:1",
            "label": "Foul",
            "position": "1801500",
            "half": "2",
            "confidence": "0.611836850643158"
        },
        {
            "gameTime": "2 - 25:51",
            "label": "Foul",
            "position": "1551000",
            "half": "2",
            "confidence": "0.5904033780097961"
        },
        {
            "gameTime": "2 - 10:21",
            "label": "Foul",
            "position": "621500",
            "half": "2",
            "confidence": "0.5561789274215698"
        },
        {
            "gameTime": "2 - 15:58",
            "label": "Foul",
            "position": "958000",
            "half": "2",
            "confidence": "0.5305725336074829"
        },
        {
            "gameTime": "2 - 10:32",
            "label": "Indirect free-kick",
            "position": "632500",
            "half": "2",
            "confidence": "0.669690728187561"
        },
        {
            "gameTime": "2 - 4:53",
            "label": "Direct free-kick",
            "position": "293500",
            "half": "2",
            "confidence": "0.9568403363227844"
        },
        {
            "gameTime": "2 - 44:1",
            "label": "Direct free-kick",
            "position": "2641000",
            "half": "2",
            "confidence": "0.8695000410079956"
        },
        {
            "gameTime": "2 - 21:36",
            "label": "Direct free-kick",
            "position": "1296000",
            "half": "2",
            "confidence": "0.8232961297035217"
        },
        {
            "gameTime": "2 - 5:3",
            "label": "Direct free-kick",
            "position": "303500",
            "half": "2",
            "confidence": "0.8115232586860657"
        },
        {
            "gameTime": "2 - 33:49",
            "label": "Direct free-kick",
            "position": "2029000",
            "half": "2",
            "confidence": "0.5062240958213806"
        },
        {
            "gameTime": "2 - 33:34",
            "label": "Corner",
            "position": "2014500",
            "half": "2",
            "confidence": "0.9972332119941711"
        },
        {
            "gameTime": "2 - 39:4",
            "label": "Corner",
            "position": "2344000",
            "half": "2",
            "confidence": "0.983939528465271"
        },
        {
            "gameTime": "2 - 33:24",
            "label": "Corner",
            "position": "2004000",
            "half": "2",
            "confidence": "0.9640330672264099"
        },
        {
            "gameTime": "2 - 38:53",
            "label": "Corner",
            "position": "2333000",
            "half": "2",
            "confidence": "0.9570943117141724"
        },
        {
            "gameTime": "2 - 39:22",
            "label": "Corner",
            "position": "2362500",
            "half": "2",
            "confidence": "0.9489073753356934"
        },
        {
            "gameTime": "2 - 44:5",
            "label": "Corner",
            "position": "2645000",
            "half": "2",
            "confidence": "0.798170268535614"
        },
        {
            "gameTime": "2 - 33:10",
            "label": "Corner",
            "position": "1990500",
            "half": "2",
            "confidence": "0.7437940835952759"
        },
        {
            "gameTime": "2 - 22:31",
            "label": "Corner",
            "position": "1351000",
            "half": "2",
            "confidence": "0.6213902831077576"
        },
        {
            "gameTime": "2 - 21:34",
            "label": "Corner",
            "position": "1294500",
            "half": "2",
            "confidence": "0.5741506814956665"
        },
        {
            "gameTime": "2 - 20:38",
            "label": "Yellow card",
            "position": "1238000",
            "half": "2",
            "confidence": "0.975973904132843"
        },
        {
            "gameTime": "2 - 25:43",
            "label": "Yellow card",
            "position": "1543000",
            "half": "2",
            "confidence": "0.9629965424537659"
        },
        {
            "gameTime": "2 - 41:0",
            "label": "Yellow card",
            "position": "2460000",
            "half": "2",
            "confidence": "0.9447222948074341"
        },
        {
            "gameTime": "2 - 25:56",
            "label": "Yellow card",
            "position": "1556500",
            "half": "2",
            "confidence": "0.936691403388977"
        },
        {
            "gameTime": "2 - 20:48",
            "label": "Yellow card",
            "position": "1248000",
            "half": "2",
            "confidence": "0.8881281018257141"
        },
        {
            "gameTime": "2 - 41:10",
            "label": "Yellow card",
            "position": "2470000",
            "half": "2",
            "confidence": "0.7808125615119934"
        },
        {
            "gameTime": "2 - 40:10",
            "label": "Yellow card",
            "position": "2410500",
            "half": "2",
            "confidence": "0.5266695618629456"
        }
    ]
}