{
    "UrlLocal": "europe_uefa-champions-league/2014-2015/2015-04-22 - 21-45 Real Madrid 1 - 0 Atl. Madrid",
    "predictions": [
        {
            "gameTime": "1 - 30:41",
            "label": "card",
            "position": "1841500",
            "half": "1",
            "confidence": "0.8921607136726379"
        },
        {
            "gameTime": "1 - 30:51",
            "label": "card",
            "position": "1851500",
            "half": "1",
            "confidence": "0.837825357913971"
        },
        {
            "gameTime": "2 - 28:38",
            "label": "card",
            "position": "1718000",
            "half": "2",
            "confidence": "0.9762980937957764"
        },
        {
            "gameTime": "2 - 28:27",
            "label": "card",
            "position": "1707500",
            "half": "2",
            "confidence": "0.847830593585968"
        },
        {
            "gameTime": "2 - 28:48",
            "label": "card",
            "position": "1728000",
            "half": "2",
            "confidence": "0.722909688949585"
        },
        {
            "gameTime": "2 - 30:23",
            "label": "card",
            "position": "1823000",
            "half": "2",
            "confidence": "0.689820408821106"
        },
        {
            "gameTime": "2 - 19:28",
            "label": "card",
            "position": "1168500",
            "half": "2",
            "confidence": "0.5543124675750732"
        },
        {
            "gameTime": "2 - 19:18",
            "label": "card",
            "position": "1158000",
            "half": "2",
            "confidence": "0.548231840133667"
        },
        {
            "gameTime": "2 - 28:58",
            "label": "card",
            "position": "1738000",
            "half": "2",
            "confidence": "0.5201656222343445"
        },
        {
            "gameTime": "2 - 46:21",
            "label": "subs",
            "position": "2781500",
            "half": "2",
            "confidence": "0.8421752452850342"
        },
        {
            "gameTime": "2 - 40:27",
            "label": "subs",
            "position": "2427500",
            "half": "2",
            "confidence": "0.8304328918457031"
        },
        {
            "gameTime": "2 - 45:56",
            "label": "subs",
            "position": "2756000",
            "half": "2",
            "confidence": "0.7491675019264221"
        },
        {
            "gameTime": "2 - 46:9",
            "label": "subs",
            "position": "2769500",
            "half": "2",
            "confidence": "0.7031788229942322"
        },
        {
            "gameTime": "2 - 40:17",
            "label": "subs",
            "position": "2417000",
            "half": "2",
            "confidence": "0.6212976574897766"
        },
        {
            "gameTime": "2 - 19:50",
            "label": "subs",
            "position": "1190000",
            "half": "2",
            "confidence": "0.5922005772590637"
        },
        {
            "gameTime": "2 - 39:29",
            "label": "subs",
            "position": "2369000",
            "half": "2",
            "confidence": "0.5761737823486328"
        }
    ]
}