{
    "UrlLocal": "spain_laliga/2019-2020/2019-10-05 - 18-00 Real Madrid 4 - 2 Granada",
    "predictions": [
        {
            "gameTime": "1 - 0:0",
            "label": "Kick-off",
            "position": "0",
            "half": "1",
            "confidence": "0.9213311076164246"
        },
        {
            "gameTime": "1 - 3:4",
            "label": "Kick-off",
            "position": "184000",
            "half": "1",
            "confidence": "0.8432601690292358"
        },
        {
            "gameTime": "1 - 0:10",
            "label": "Kick-off",
            "position": "10500",
            "half": "1",
            "confidence": "0.8338162302970886"
        },
        {
            "gameTime": "1 - 47:10",
            "label": "Kick-off",
            "position": "2830000",
            "half": "1",
            "confidence": "0.7098718881607056"
        },
        {
            "gameTime": "1 - 5:46",
            "label": "Kick-off",
            "position": "346500",
            "half": "1",
            "confidence": "0.5332528948783875"
        },
        {
            "gameTime": "1 - 45:45",
            "label": "Goal",
            "position": "2745000",
            "half": "1",
            "confidence": "0.9927944540977478"
        },
        {
            "gameTime": "1 - 45:55",
            "label": "Goal",
            "position": "2755000",
            "half": "1",
            "confidence": "0.9542526602745056"
        },
        {
            "gameTime": "1 - 1:46",
            "label": "Goal",
            "position": "106500",
            "half": "1",
            "confidence": "0.7222209572792053"
        },
        {
            "gameTime": "1 - 45:7",
            "label": "Substitution",
            "position": "2707500",
            "half": "1",
            "confidence": "0.7682061791419983"
        },
        {
            "gameTime": "1 - 5:30",
            "label": "Substitution",
            "position": "330500",
            "half": "1",
            "confidence": "0.5962913036346436"
        },
        {
            "gameTime": "1 - 45:46",
            "label": "Shots on target",
            "position": "2746000",
            "half": "1",
            "confidence": "0.5492932796478271"
        },
        {
            "gameTime": "1 - 13:43",
            "label": "Clearance",
            "position": "823000",
            "half": "1",
            "confidence": "0.8656912446022034"
        },
        {
            "gameTime": "1 - 26:8",
            "label": "Clearance",
            "position": "1568000",
            "half": "1",
            "confidence": "0.7694640755653381"
        },
        {
            "gameTime": "1 - 30:54",
            "label": "Clearance",
            "position": "1854000",
            "half": "1",
            "confidence": "0.7256182432174683"
        },
        {
            "gameTime": "1 - 18:1",
            "label": "Clearance",
            "position": "1081000",
            "half": "1",
            "confidence": "0.6213886737823486"
        },
        {
            "gameTime": "1 - 13:56",
            "label": "Clearance",
            "position": "836000",
            "half": "1",
            "confidence": "0.5631266832351685"
        },
        {
            "gameTime": "1 - 46:35",
            "label": "Clearance",
            "position": "2795500",
            "half": "1",
            "confidence": "0.5567577481269836"
        },
        {
            "gameTime": "1 - 15:59",
            "label": "Clearance",
            "position": "959500",
            "half": "1",
            "confidence": "0.5496001839637756"
        },
        {
            "gameTime": "1 - 26:18",
            "label": "Clearance",
            "position": "1578500",
            "half": "1",
            "confidence": "0.541534423828125"
        },
        {
            "gameTime": "1 - 45:28",
            "label": "Clearance",
            "position": "2728500",
            "half": "1",
            "confidence": "0.534921407699585"
        },
        {
            "gameTime": "1 - 31:4",
            "label": "Clearance",
            "position": "1864000",
            "half": "1",
            "confidence": "0.5198100209236145"
        },
        {
            "gameTime": "1 - 15:10",
            "label": "Clearance",
            "position": "910500",
            "half": "1",
            "confidence": "0.5010783672332764"
        },
        {
            "gameTime": "1 - 25:54",
            "label": "Ball out of play",
            "position": "1554000",
            "half": "1",
            "confidence": "0.9507246613502502"
        },
        {
            "gameTime": "1 - 39:50",
            "label": "Ball out of play",
            "position": "2390500",
            "half": "1",
            "confidence": "0.9079883098602295"
        },
        {
            "gameTime": "1 - 40:36",
            "label": "Ball out of play",
            "position": "2436000",
            "half": "1",
            "confidence": "0.8563122749328613"
        },
        {
            "gameTime": "1 - 25:43",
            "label": "Ball out of play",
            "position": "1543500",
            "half": "1",
            "confidence": "0.8509981036186218"
        },
        {
            "gameTime": "1 - 17:25",
            "label": "Ball out of play",
            "position": "1045000",
            "half": "1",
            "confidence": "0.8474685549736023"
        },
        {
            "gameTime": "1 - 44:58",
            "label": "Ball out of play",
            "position": "2698000",
            "half": "1",
            "confidence": "0.8282961249351501"
        },
        {
            "gameTime": "1 - 12:30",
            "label": "Ball out of play",
            "position": "750500",
            "half": "1",
            "confidence": "0.8274953365325928"
        },
        {
            "gameTime": "1 - 9:14",
            "label": "Ball out of play",
            "position": "554500",
            "half": "1",
            "confidence": "0.8270037770271301"
        },
        {
            "gameTime": "1 - 12:40",
            "label": "Ball out of play",
            "position": "760500",
            "half": "1",
            "confidence": "0.8234061002731323"
        },
        {
            "gameTime": "1 - 28:23",
            "label": "Ball out of play",
            "position": "1703000",
            "half": "1",
            "confidence": "0.8218557238578796"
        },
        {
            "gameTime": "1 - 38:48",
            "label": "Ball out of play",
            "position": "2328000",
            "half": "1",
            "confidence": "0.820159375667572"
        },
        {
            "gameTime": "1 - 19:16",
            "label": "Ball out of play",
            "position": "1156000",
            "half": "1",
            "confidence": "0.8194158673286438"
        },
        {
            "gameTime": "1 - 1:41",
            "label": "Ball out of play",
            "position": "101000",
            "half": "1",
            "confidence": "0.813580334186554"
        },
        {
            "gameTime": "1 - 34:36",
            "label": "Ball out of play",
            "position": "2076000",
            "half": "1",
            "confidence": "0.812582790851593"
        },
        {
            "gameTime": "1 - 15:46",
            "label": "Ball out of play",
            "position": "946000",
            "half": "1",
            "confidence": "0.805676281452179"
        },
        {
            "gameTime": "1 - 13:27",
            "label": "Ball out of play",
            "position": "807000",
            "half": "1",
            "confidence": "0.8006647825241089"
        },
        {
            "gameTime": "1 - 44:13",
            "label": "Ball out of play",
            "position": "2653000",
            "half": "1",
            "confidence": "0.790736973285675"
        },
        {
            "gameTime": "1 - 40:10",
            "label": "Ball out of play",
            "position": "2410000",
            "half": "1",
            "confidence": "0.7841556072235107"
        },
        {
            "gameTime": "1 - 0:47",
            "label": "Ball out of play",
            "position": "47000",
            "half": "1",
            "confidence": "0.7741053104400635"
        },
        {
            "gameTime": "1 - 36:48",
            "label": "Ball out of play",
            "position": "2208500",
            "half": "1",
            "confidence": "0.7674428820610046"
        },
        {
            "gameTime": "1 - 38:37",
            "label": "Ball out of play",
            "position": "2317500",
            "half": "1",
            "confidence": "0.7651717662811279"
        },
        {
            "gameTime": "1 - 42:5",
            "label": "Ball out of play",
            "position": "2525000",
            "half": "1",
            "confidence": "0.757448136806488"
        },
        {
            "gameTime": "1 - 8:7",
            "label": "Ball out of play",
            "position": "487000",
            "half": "1",
            "confidence": "0.7400644421577454"
        },
        {
            "gameTime": "1 - 40:25",
            "label": "Ball out of play",
            "position": "2425500",
            "half": "1",
            "confidence": "0.7194870710372925"
        },
        {
            "gameTime": "1 - 13:37",
            "label": "Ball out of play",
            "position": "817000",
            "half": "1",
            "confidence": "0.715020477771759"
        },
        {
            "gameTime": "1 - 33:51",
            "label": "Ball out of play",
            "position": "2031000",
            "half": "1",
            "confidence": "0.6977916359901428"
        },
        {
            "gameTime": "1 - 9:39",
            "label": "Ball out of play",
            "position": "579000",
            "half": "1",
            "confidence": "0.6941713094711304"
        },
        {
            "gameTime": "1 - 36:38",
            "label": "Ball out of play",
            "position": "2198000",
            "half": "1",
            "confidence": "0.6838982105255127"
        },
        {
            "gameTime": "1 - 1:2",
            "label": "Ball out of play",
            "position": "62000",
            "half": "1",
            "confidence": "0.6671268939971924"
        },
        {
            "gameTime": "1 - 13:7",
            "label": "Ball out of play",
            "position": "787000",
            "half": "1",
            "confidence": "0.6634566783905029"
        },
        {
            "gameTime": "1 - 9:4",
            "label": "Ball out of play",
            "position": "544000",
            "half": "1",
            "confidence": "0.6505086421966553"
        },
        {
            "gameTime": "1 - 45:42",
            "label": "Ball out of play",
            "position": "2742000",
            "half": "1",
            "confidence": "0.6496714353561401"
        },
        {
            "gameTime": "1 - 40:47",
            "label": "Ball out of play",
            "position": "2447000",
            "half": "1",
            "confidence": "0.649057924747467"
        },
        {
            "gameTime": "1 - 23:24",
            "label": "Ball out of play",
            "position": "1404500",
            "half": "1",
            "confidence": "0.6434366106987"
        },
        {
            "gameTime": "1 - 28:33",
            "label": "Ball out of play",
            "position": "1713000",
            "half": "1",
            "confidence": "0.6261451840400696"
        },
        {
            "gameTime": "1 - 34:46",
            "label": "Ball out of play",
            "position": "2086000",
            "half": "1",
            "confidence": "0.6185409426689148"
        },
        {
            "gameTime": "1 - 11:40",
            "label": "Ball out of play",
            "position": "700500",
            "half": "1",
            "confidence": "0.6092676520347595"
        },
        {
            "gameTime": "1 - 30:47",
            "label": "Ball out of play",
            "position": "1847500",
            "half": "1",
            "confidence": "0.6080401539802551"
        },
        {
            "gameTime": "1 - 14:57",
            "label": "Ball out of play",
            "position": "897500",
            "half": "1",
            "confidence": "0.602479875087738"
        },
        {
            "gameTime": "1 - 9:28",
            "label": "Ball out of play",
            "position": "568000",
            "half": "1",
            "confidence": "0.5958750247955322"
        },
        {
            "gameTime": "1 - 19:26",
            "label": "Ball out of play",
            "position": "1166500",
            "half": "1",
            "confidence": "0.5860252380371094"
        },
        {
            "gameTime": "1 - 15:35",
            "label": "Ball out of play",
            "position": "935500",
            "half": "1",
            "confidence": "0.5734753608703613"
        },
        {
            "gameTime": "1 - 41:39",
            "label": "Ball out of play",
            "position": "2499000",
            "half": "1",
            "confidence": "0.5689188241958618"
        },
        {
            "gameTime": "1 - 24:4",
            "label": "Ball out of play",
            "position": "1444000",
            "half": "1",
            "confidence": "0.5533820390701294"
        },
        {
            "gameTime": "1 - 29:24",
            "label": "Ball out of play",
            "position": "1764500",
            "half": "1",
            "confidence": "0.5516475439071655"
        },
        {
            "gameTime": "1 - 46:25",
            "label": "Ball out of play",
            "position": "2785500",
            "half": "1",
            "confidence": "0.5506179928779602"
        },
        {
            "gameTime": "1 - 31:11",
            "label": "Ball out of play",
            "position": "1871000",
            "half": "1",
            "confidence": "0.5416149497032166"
        },
        {
            "gameTime": "1 - 37:50",
            "label": "Ball out of play",
            "position": "2270500",
            "half": "1",
            "confidence": "0.5413691401481628"
        },
        {
            "gameTime": "1 - 10:38",
            "label": "Ball out of play",
            "position": "638000",
            "half": "1",
            "confidence": "0.5381744503974915"
        },
        {
            "gameTime": "1 - 27:21",
            "label": "Ball out of play",
            "position": "1641500",
            "half": "1",
            "confidence": "0.5312918424606323"
        },
        {
            "gameTime": "1 - 11:21",
            "label": "Ball out of play",
            "position": "681000",
            "half": "1",
            "confidence": "0.5224990248680115"
        },
        {
            "gameTime": "1 - 27:57",
            "label": "Ball out of play",
            "position": "1677500",
            "half": "1",
            "confidence": "0.5224708318710327"
        },
        {
            "gameTime": "1 - 37:7",
            "label": "Ball out of play",
            "position": "2227000",
            "half": "1",
            "confidence": "0.5170440673828125"
        },
        {
            "gameTime": "1 - 17:14",
            "label": "Ball out of play",
            "position": "1034500",
            "half": "1",
            "confidence": "0.5034641027450562"
        },
        {
            "gameTime": "1 - 14:58",
            "label": "Throw-in",
            "position": "898500",
            "half": "1",
            "confidence": "0.8124349117279053"
        },
        {
            "gameTime": "1 - 13:25",
            "label": "Throw-in",
            "position": "805500",
            "half": "1",
            "confidence": "0.7464043498039246"
        },
        {
            "gameTime": "1 - 19:10",
            "label": "Throw-in",
            "position": "1150500",
            "half": "1",
            "confidence": "0.7447872161865234"
        },
        {
            "gameTime": "1 - 36:48",
            "label": "Throw-in",
            "position": "2208500",
            "half": "1",
            "confidence": "0.7180979251861572"
        },
        {
            "gameTime": "1 - 37:7",
            "label": "Throw-in",
            "position": "2227000",
            "half": "1",
            "confidence": "0.7138975858688354"
        },
        {
            "gameTime": "1 - 9:20",
            "label": "Throw-in",
            "position": "560000",
            "half": "1",
            "confidence": "0.6869625449180603"
        },
        {
            "gameTime": "1 - 9:37",
            "label": "Throw-in",
            "position": "577000",
            "half": "1",
            "confidence": "0.6428620219230652"
        },
        {
            "gameTime": "1 - 36:24",
            "label": "Throw-in",
            "position": "2184000",
            "half": "1",
            "confidence": "0.6134427189826965"
        },
        {
            "gameTime": "1 - 44:8",
            "label": "Throw-in",
            "position": "2648000",
            "half": "1",
            "confidence": "0.6052831411361694"
        },
        {
            "gameTime": "1 - 19:20",
            "label": "Throw-in",
            "position": "1160500",
            "half": "1",
            "confidence": "0.5719683766365051"
        },
        {
            "gameTime": "1 - 36:38",
            "label": "Throw-in",
            "position": "2198000",
            "half": "1",
            "confidence": "0.5620031356811523"
        },
        {
            "gameTime": "1 - 29:24",
            "label": "Throw-in",
            "position": "1764500",
            "half": "1",
            "confidence": "0.5534543991088867"
        },
        {
            "gameTime": "1 - 42:2",
            "label": "Throw-in",
            "position": "2522000",
            "half": "1",
            "confidence": "0.5302854180335999"
        },
        {
            "gameTime": "1 - 29:3",
            "label": "Throw-in",
            "position": "1743500",
            "half": "1",
            "confidence": "0.5170504450798035"
        },
        {
            "gameTime": "1 - 28:23",
            "label": "Throw-in",
            "position": "1703000",
            "half": "1",
            "confidence": "0.5124160051345825"
        },
        {
            "gameTime": "1 - 0:45",
            "label": "Throw-in",
            "position": "45500",
            "half": "1",
            "confidence": "0.5091388821601868"
        },
        {
            "gameTime": "1 - 42:26",
            "label": "Foul",
            "position": "2546500",
            "half": "1",
            "confidence": "0.72843337059021"
        },
        {
            "gameTime": "1 - 19:34",
            "label": "Foul",
            "position": "1174500",
            "half": "1",
            "confidence": "0.6400685906410217"
        },
        {
            "gameTime": "1 - 29:28",
            "label": "Foul",
            "position": "1768500",
            "half": "1",
            "confidence": "0.5903320908546448"
        },
        {
            "gameTime": "1 - 8:22",
            "label": "Foul",
            "position": "502500",
            "half": "1",
            "confidence": "0.5737629532814026"
        },
        {
            "gameTime": "1 - 7:44",
            "label": "Foul",
            "position": "464000",
            "half": "1",
            "confidence": "0.5486584901809692"
        },
        {
            "gameTime": "1 - 32:47",
            "label": "Foul",
            "position": "1967500",
            "half": "1",
            "confidence": "0.5081866979598999"
        },
        {
            "gameTime": "1 - 43:18",
            "label": "Direct free-kick",
            "position": "2598500",
            "half": "1",
            "confidence": "0.9220378398895264"
        },
        {
            "gameTime": "1 - 23:25",
            "label": "Direct free-kick",
            "position": "1405000",
            "half": "1",
            "confidence": "0.6903343796730042"
        },
        {
            "gameTime": "1 - 43:28",
            "label": "Direct free-kick",
            "position": "2608500",
            "half": "1",
            "confidence": "0.6114242076873779"
        },
        {
            "gameTime": "1 - 42:39",
            "label": "Yellow card",
            "position": "2559000",
            "half": "1",
            "confidence": "0.9504369497299194"
        },
        {
            "gameTime": "1 - 42:28",
            "label": "Yellow card",
            "position": "2548000",
            "half": "1",
            "confidence": "0.9427226185798645"
        },
        {
            "gameTime": "2 - 16:30",
            "label": "Kick-off",
            "position": "990000",
            "half": "2",
            "confidence": "0.9363337159156799"
        },
        {
            "gameTime": "2 - 0:11",
            "label": "Kick-off",
            "position": "11000",
            "half": "2",
            "confidence": "0.905767023563385"
        },
        {
            "gameTime": "2 - 0:0",
            "label": "Kick-off",
            "position": "500",
            "half": "2",
            "confidence": "0.7519028782844543"
        },
        {
            "gameTime": "2 - 25:35",
            "label": "Kick-off",
            "position": "1535000",
            "half": "2",
            "confidence": "0.6519401669502258"
        },
        {
            "gameTime": "2 - 48:18",
            "label": "Kick-off",
            "position": "2898500",
            "half": "2",
            "confidence": "0.5861742496490479"
        },
        {
            "gameTime": "2 - 16:42",
            "label": "Kick-off",
            "position": "1002500",
            "half": "2",
            "confidence": "0.519133448600769"
        },
        {
            "gameTime": "2 - 43:20",
            "label": "Kick-off",
            "position": "2600500",
            "half": "2",
            "confidence": "0.5088348388671875"
        },
        {
            "gameTime": "2 - 10:24",
            "label": "Kick-off",
            "position": "624500",
            "half": "2",
            "confidence": "0.5070799589157104"
        },
        {
            "gameTime": "2 - 15:24",
            "label": "Goal",
            "position": "924000",
            "half": "2",
            "confidence": "0.9778468608856201"
        },
        {
            "gameTime": "2 - 46:53",
            "label": "Goal",
            "position": "2813000",
            "half": "2",
            "confidence": "0.926777184009552"
        },
        {
            "gameTime": "2 - 47:3",
            "label": "Goal",
            "position": "2823000",
            "half": "2",
            "confidence": "0.6445262432098389"
        },
        {
            "gameTime": "2 - 31:54",
            "label": "Substitution",
            "position": "1914500",
            "half": "2",
            "confidence": "0.8351321816444397"
        },
        {
            "gameTime": "2 - 5:31",
            "label": "Substitution",
            "position": "331500",
            "half": "2",
            "confidence": "0.7798284888267517"
        },
        {
            "gameTime": "2 - 18:19",
            "label": "Substitution",
            "position": "1099500",
            "half": "2",
            "confidence": "0.7100210785865784"
        },
        {
            "gameTime": "2 - 47:4",
            "label": "Substitution",
            "position": "2824000",
            "half": "2",
            "confidence": "0.620558500289917"
        },
        {
            "gameTime": "2 - 47:28",
            "label": "Substitution",
            "position": "2848500",
            "half": "2",
            "confidence": "0.5514687895774841"
        },
        {
            "gameTime": "2 - 14:54",
            "label": "Substitution",
            "position": "894000",
            "half": "2",
            "confidence": "0.5293761491775513"
        },
        {
            "gameTime": "2 - 15:24",
            "label": "Shots on target",
            "position": "924000",
            "half": "2",
            "confidence": "0.8944041132926941"
        },
        {
            "gameTime": "2 - 28:51",
            "label": "Shots on target",
            "position": "1731000",
            "half": "2",
            "confidence": "0.7365120053291321"
        },
        {
            "gameTime": "2 - 28:48",
            "label": "Shots off target",
            "position": "1728000",
            "half": "2",
            "confidence": "0.673700749874115"
        },
        {
            "gameTime": "2 - 28:59",
            "label": "Shots off target",
            "position": "1739500",
            "half": "2",
            "confidence": "0.5411595702171326"
        },
        {
            "gameTime": "2 - 45:38",
            "label": "Clearance",
            "position": "2738000",
            "half": "2",
            "confidence": "0.8217430710792542"
        },
        {
            "gameTime": "2 - 24:2",
            "label": "Clearance",
            "position": "1442500",
            "half": "2",
            "confidence": "0.8140844106674194"
        },
        {
            "gameTime": "2 - 25:17",
            "label": "Clearance",
            "position": "1517500",
            "half": "2",
            "confidence": "0.7011284828186035"
        },
        {
            "gameTime": "2 - 15:0",
            "label": "Clearance",
            "position": "900500",
            "half": "2",
            "confidence": "0.5891724824905396"
        },
        {
            "gameTime": "2 - 2:56",
            "label": "Clearance",
            "position": "176500",
            "half": "2",
            "confidence": "0.5790480971336365"
        },
        {
            "gameTime": "2 - 18:27",
            "label": "Clearance",
            "position": "1107000",
            "half": "2",
            "confidence": "0.5650566816329956"
        },
        {
            "gameTime": "2 - 20:44",
            "label": "Clearance",
            "position": "1244500",
            "half": "2",
            "confidence": "0.5536901354789734"
        },
        {
            "gameTime": "2 - 45:9",
            "label": "Ball out of play",
            "position": "2709000",
            "half": "2",
            "confidence": "0.8856975436210632"
        },
        {
            "gameTime": "2 - 5:6",
            "label": "Ball out of play",
            "position": "306500",
            "half": "2",
            "confidence": "0.8627588152885437"
        },
        {
            "gameTime": "2 - 28:48",
            "label": "Ball out of play",
            "position": "1728500",
            "half": "2",
            "confidence": "0.8529308438301086"
        },
        {
            "gameTime": "2 - 14:3",
            "label": "Ball out of play",
            "position": "843500",
            "half": "2",
            "confidence": "0.8322710990905762"
        },
        {
            "gameTime": "2 - 5:55",
            "label": "Ball out of play",
            "position": "355000",
            "half": "2",
            "confidence": "0.8307113647460938"
        },
        {
            "gameTime": "2 - 24:56",
            "label": "Ball out of play",
            "position": "1496000",
            "half": "2",
            "confidence": "0.8245717883110046"
        },
        {
            "gameTime": "2 - 44:54",
            "label": "Ball out of play",
            "position": "2694500",
            "half": "2",
            "confidence": "0.8221753835678101"
        },
        {
            "gameTime": "2 - 24:35",
            "label": "Ball out of play",
            "position": "1475000",
            "half": "2",
            "confidence": "0.8066456913948059"
        },
        {
            "gameTime": "2 - 5:17",
            "label": "Ball out of play",
            "position": "317000",
            "half": "2",
            "confidence": "0.8062990307807922"
        },
        {
            "gameTime": "2 - 3:11",
            "label": "Ball out of play",
            "position": "191500",
            "half": "2",
            "confidence": "0.8030421733856201"
        },
        {
            "gameTime": "2 - 36:43",
            "label": "Ball out of play",
            "position": "2203500",
            "half": "2",
            "confidence": "0.7933462858200073"
        },
        {
            "gameTime": "2 - 39:40",
            "label": "Ball out of play",
            "position": "2380000",
            "half": "2",
            "confidence": "0.7506735920906067"
        },
        {
            "gameTime": "2 - 18:51",
            "label": "Ball out of play",
            "position": "1131500",
            "half": "2",
            "confidence": "0.7506105899810791"
        },
        {
            "gameTime": "2 - 3:21",
            "label": "Ball out of play",
            "position": "201500",
            "half": "2",
            "confidence": "0.7457715272903442"
        },
        {
            "gameTime": "2 - 44:24",
            "label": "Ball out of play",
            "position": "2664500",
            "half": "2",
            "confidence": "0.7420508861541748"
        },
        {
            "gameTime": "2 - 46:48",
            "label": "Ball out of play",
            "position": "2808500",
            "half": "2",
            "confidence": "0.7093896865844727"
        },
        {
            "gameTime": "2 - 40:25",
            "label": "Ball out of play",
            "position": "2425500",
            "half": "2",
            "confidence": "0.7054340839385986"
        },
        {
            "gameTime": "2 - 39:28",
            "label": "Ball out of play",
            "position": "2368000",
            "half": "2",
            "confidence": "0.6943978071212769"
        },
        {
            "gameTime": "2 - 44:13",
            "label": "Ball out of play",
            "position": "2653000",
            "half": "2",
            "confidence": "0.6932697296142578"
        },
        {
            "gameTime": "2 - 4:3",
            "label": "Ball out of play",
            "position": "243000",
            "half": "2",
            "confidence": "0.6848584413528442"
        },
        {
            "gameTime": "2 - 17:2",
            "label": "Ball out of play",
            "position": "1022500",
            "half": "2",
            "confidence": "0.6739667654037476"
        },
        {
            "gameTime": "2 - 6:6",
            "label": "Ball out of play",
            "position": "366000",
            "half": "2",
            "confidence": "0.669304370880127"
        },
        {
            "gameTime": "2 - 38:45",
            "label": "Ball out of play",
            "position": "2325000",
            "half": "2",
            "confidence": "0.6678675413131714"
        },
        {
            "gameTime": "2 - 28:38",
            "label": "Ball out of play",
            "position": "1718000",
            "half": "2",
            "confidence": "0.6594728231430054"
        },
        {
            "gameTime": "2 - 28:58",
            "label": "Ball out of play",
            "position": "1738500",
            "half": "2",
            "confidence": "0.6499699950218201"
        },
        {
            "gameTime": "2 - 42:9",
            "label": "Ball out of play",
            "position": "2529500",
            "half": "2",
            "confidence": "0.6466179490089417"
        },
        {
            "gameTime": "2 - 26:17",
            "label": "Ball out of play",
            "position": "1577000",
            "half": "2",
            "confidence": "0.6436881422996521"
        },
        {
            "gameTime": "2 - 5:44",
            "label": "Ball out of play",
            "position": "344500",
            "half": "2",
            "confidence": "0.64125657081604"
        },
        {
            "gameTime": "2 - 24:17",
            "label": "Ball out of play",
            "position": "1457000",
            "half": "2",
            "confidence": "0.6396638751029968"
        },
        {
            "gameTime": "2 - 29:40",
            "label": "Ball out of play",
            "position": "1780000",
            "half": "2",
            "confidence": "0.6330966949462891"
        },
        {
            "gameTime": "2 - 40:13",
            "label": "Ball out of play",
            "position": "2413500",
            "half": "2",
            "confidence": "0.6310924887657166"
        },
        {
            "gameTime": "2 - 45:19",
            "label": "Ball out of play",
            "position": "2719000",
            "half": "2",
            "confidence": "0.6285900473594666"
        },
        {
            "gameTime": "2 - 17:52",
            "label": "Ball out of play",
            "position": "1072500",
            "half": "2",
            "confidence": "0.6218946576118469"
        },
        {
            "gameTime": "2 - 31:9",
            "label": "Ball out of play",
            "position": "1869500",
            "half": "2",
            "confidence": "0.6010165810585022"
        },
        {
            "gameTime": "2 - 15:14",
            "label": "Ball out of play",
            "position": "914000",
            "half": "2",
            "confidence": "0.5999733805656433"
        },
        {
            "gameTime": "2 - 6:17",
            "label": "Ball out of play",
            "position": "377000",
            "half": "2",
            "confidence": "0.5953003764152527"
        },
        {
            "gameTime": "2 - 54:21",
            "label": "Ball out of play",
            "position": "3261000",
            "half": "2",
            "confidence": "0.5939749479293823"
        },
        {
            "gameTime": "2 - 15:57",
            "label": "Ball out of play",
            "position": "957500",
            "half": "2",
            "confidence": "0.5924413204193115"
        },
        {
            "gameTime": "2 - 18:39",
            "label": "Ball out of play",
            "position": "1119000",
            "half": "2",
            "confidence": "0.5903920531272888"
        },
        {
            "gameTime": "2 - 33:52",
            "label": "Ball out of play",
            "position": "2032500",
            "half": "2",
            "confidence": "0.5892109274864197"
        },
        {
            "gameTime": "2 - 46:16",
            "label": "Ball out of play",
            "position": "2776000",
            "half": "2",
            "confidence": "0.584931492805481"
        },
        {
            "gameTime": "2 - 38:58",
            "label": "Ball out of play",
            "position": "2338000",
            "half": "2",
            "confidence": "0.5738735198974609"
        },
        {
            "gameTime": "2 - 46:59",
            "label": "Ball out of play",
            "position": "2819500",
            "half": "2",
            "confidence": "0.5736995935440063"
        },
        {
            "gameTime": "2 - 33:37",
            "label": "Ball out of play",
            "position": "2017500",
            "half": "2",
            "confidence": "0.5698919892311096"
        },
        {
            "gameTime": "2 - 21:24",
            "label": "Ball out of play",
            "position": "1284000",
            "half": "2",
            "confidence": "0.5527175664901733"
        },
        {
            "gameTime": "2 - 13:39",
            "label": "Ball out of play",
            "position": "819000",
            "half": "2",
            "confidence": "0.5451058149337769"
        },
        {
            "gameTime": "2 - 45:34",
            "label": "Ball out of play",
            "position": "2734000",
            "half": "2",
            "confidence": "0.5449683666229248"
        },
        {
            "gameTime": "2 - 8:0",
            "label": "Ball out of play",
            "position": "480000",
            "half": "2",
            "confidence": "0.539645791053772"
        },
        {
            "gameTime": "2 - 14:40",
            "label": "Ball out of play",
            "position": "880500",
            "half": "2",
            "confidence": "0.5204365849494934"
        },
        {
            "gameTime": "2 - 26:6",
            "label": "Ball out of play",
            "position": "1566500",
            "half": "2",
            "confidence": "0.5179924368858337"
        },
        {
            "gameTime": "2 - 27:51",
            "label": "Ball out of play",
            "position": "1671500",
            "half": "2",
            "confidence": "0.5121685266494751"
        },
        {
            "gameTime": "2 - 37:13",
            "label": "Ball out of play",
            "position": "2233000",
            "half": "2",
            "confidence": "0.5112141370773315"
        },
        {
            "gameTime": "2 - 3:52",
            "label": "Ball out of play",
            "position": "232000",
            "half": "2",
            "confidence": "0.5079280734062195"
        },
        {
            "gameTime": "2 - 26:30",
            "label": "Throw-in",
            "position": "1590000",
            "half": "2",
            "confidence": "0.9311861395835876"
        },
        {
            "gameTime": "2 - 46:22",
            "label": "Throw-in",
            "position": "2782500",
            "half": "2",
            "confidence": "0.9250749945640564"
        },
        {
            "gameTime": "2 - 26:17",
            "label": "Throw-in",
            "position": "1577500",
            "half": "2",
            "confidence": "0.9181259274482727"
        },
        {
            "gameTime": "2 - 33:47",
            "label": "Throw-in",
            "position": "2027000",
            "half": "2",
            "confidence": "0.8839307427406311"
        },
        {
            "gameTime": "2 - 18:54",
            "label": "Throw-in",
            "position": "1134000",
            "half": "2",
            "confidence": "0.8506734371185303"
        },
        {
            "gameTime": "2 - 5:16",
            "label": "Throw-in",
            "position": "316500",
            "half": "2",
            "confidence": "0.8061798214912415"
        },
        {
            "gameTime": "2 - 13:49",
            "label": "Throw-in",
            "position": "829000",
            "half": "2",
            "confidence": "0.7960309982299805"
        },
        {
            "gameTime": "2 - 24:27",
            "label": "Throw-in",
            "position": "1467000",
            "half": "2",
            "confidence": "0.7950109243392944"
        },
        {
            "gameTime": "2 - 5:55",
            "label": "Throw-in",
            "position": "355500",
            "half": "2",
            "confidence": "0.7702623605728149"
        },
        {
            "gameTime": "2 - 18:43",
            "label": "Throw-in",
            "position": "1123500",
            "half": "2",
            "confidence": "0.768368661403656"
        },
        {
            "gameTime": "2 - 46:12",
            "label": "Throw-in",
            "position": "2772000",
            "half": "2",
            "confidence": "0.7673765420913696"
        },
        {
            "gameTime": "2 - 33:36",
            "label": "Throw-in",
            "position": "2016500",
            "half": "2",
            "confidence": "0.7606242299079895"
        },
        {
            "gameTime": "2 - 26:7",
            "label": "Throw-in",
            "position": "1567000",
            "half": "2",
            "confidence": "0.749373197555542"
        },
        {
            "gameTime": "2 - 13:38",
            "label": "Throw-in",
            "position": "818500",
            "half": "2",
            "confidence": "0.7361617684364319"
        },
        {
            "gameTime": "2 - 39:41",
            "label": "Throw-in",
            "position": "2381000",
            "half": "2",
            "confidence": "0.7174513936042786"
        },
        {
            "gameTime": "2 - 3:29",
            "label": "Throw-in",
            "position": "209000",
            "half": "2",
            "confidence": "0.7048860192298889"
        },
        {
            "gameTime": "2 - 24:37",
            "label": "Throw-in",
            "position": "1477500",
            "half": "2",
            "confidence": "0.7023389339447021"
        },
        {
            "gameTime": "2 - 46:33",
            "label": "Throw-in",
            "position": "2793000",
            "half": "2",
            "confidence": "0.6912494897842407"
        },
        {
            "gameTime": "2 - 34:30",
            "label": "Throw-in",
            "position": "2070500",
            "half": "2",
            "confidence": "0.671567440032959"
        },
        {
            "gameTime": "2 - 5:45",
            "label": "Throw-in",
            "position": "345000",
            "half": "2",
            "confidence": "0.6695491075515747"
        },
        {
            "gameTime": "2 - 39:30",
            "label": "Throw-in",
            "position": "2370500",
            "half": "2",
            "confidence": "0.6625347137451172"
        },
        {
            "gameTime": "2 - 33:58",
            "label": "Throw-in",
            "position": "2038500",
            "half": "2",
            "confidence": "0.6315769553184509"
        },
        {
            "gameTime": "2 - 3:18",
            "label": "Throw-in",
            "position": "198500",
            "half": "2",
            "confidence": "0.6185587048530579"
        },
        {
            "gameTime": "2 - 45:17",
            "label": "Throw-in",
            "position": "2717500",
            "half": "2",
            "confidence": "0.610479474067688"
        },
        {
            "gameTime": "2 - 6:6",
            "label": "Throw-in",
            "position": "366000",
            "half": "2",
            "confidence": "0.5892882347106934"
        },
        {
            "gameTime": "2 - 17:52",
            "label": "Throw-in",
            "position": "1072500",
            "half": "2",
            "confidence": "0.5795024633407593"
        },
        {
            "gameTime": "2 - 5:6",
            "label": "Throw-in",
            "position": "306000",
            "half": "2",
            "confidence": "0.5750927925109863"
        },
        {
            "gameTime": "2 - 36:43",
            "label": "Throw-in",
            "position": "2203500",
            "half": "2",
            "confidence": "0.558385968208313"
        },
        {
            "gameTime": "2 - 24:52",
            "label": "Throw-in",
            "position": "1492500",
            "half": "2",
            "confidence": "0.5205134153366089"
        },
        {
            "gameTime": "2 - 25:56",
            "label": "Throw-in",
            "position": "1556500",
            "half": "2",
            "confidence": "0.5193966031074524"
        },
        {
            "gameTime": "2 - 38:25",
            "label": "Throw-in",
            "position": "2305500",
            "half": "2",
            "confidence": "0.5056741833686829"
        },
        {
            "gameTime": "2 - 7:20",
            "label": "Throw-in",
            "position": "440000",
            "half": "2",
            "confidence": "0.5005916357040405"
        },
        {
            "gameTime": "2 - 10:30",
            "label": "Foul",
            "position": "630000",
            "half": "2",
            "confidence": "0.9533177614212036"
        },
        {
            "gameTime": "2 - 26:47",
            "label": "Foul",
            "position": "1607500",
            "half": "2",
            "confidence": "0.9529931545257568"
        },
        {
            "gameTime": "2 - 7:38",
            "label": "Foul",
            "position": "458000",
            "half": "2",
            "confidence": "0.8432482481002808"
        },
        {
            "gameTime": "2 - 10:40",
            "label": "Foul",
            "position": "640000",
            "half": "2",
            "confidence": "0.8125563859939575"
        },
        {
            "gameTime": "2 - 6:21",
            "label": "Foul",
            "position": "381500",
            "half": "2",
            "confidence": "0.7787429094314575"
        },
        {
            "gameTime": "2 - 32:50",
            "label": "Foul",
            "position": "1970500",
            "half": "2",
            "confidence": "0.681618869304657"
        },
        {
            "gameTime": "2 - 43:48",
            "label": "Foul",
            "position": "2628000",
            "half": "2",
            "confidence": "0.6461679339408875"
        },
        {
            "gameTime": "2 - 39:14",
            "label": "Foul",
            "position": "2354000",
            "half": "2",
            "confidence": "0.6308028697967529"
        },
        {
            "gameTime": "2 - 20:31",
            "label": "Foul",
            "position": "1231000",
            "half": "2",
            "confidence": "0.6101195216178894"
        },
        {
            "gameTime": "2 - 12:11",
            "label": "Foul",
            "position": "731000",
            "half": "2",
            "confidence": "0.5964759588241577"
        },
        {
            "gameTime": "2 - 35:4",
            "label": "Foul",
            "position": "2104000",
            "half": "2",
            "confidence": "0.5848049521446228"
        },
        {
            "gameTime": "2 - 12:21",
            "label": "Foul",
            "position": "741000",
            "half": "2",
            "confidence": "0.5679645538330078"
        },
        {
            "gameTime": "2 - 19:13",
            "label": "Foul",
            "position": "1153000",
            "half": "2",
            "confidence": "0.5284903049468994"
        },
        {
            "gameTime": "2 - 14:47",
            "label": "Foul",
            "position": "887000",
            "half": "2",
            "confidence": "0.5064535140991211"
        },
        {
            "gameTime": "2 - 16:41",
            "label": "Foul",
            "position": "1001500",
            "half": "2",
            "confidence": "0.5055846571922302"
        },
        {
            "gameTime": "2 - 12:20",
            "label": "Indirect free-kick",
            "position": "740000",
            "half": "2",
            "confidence": "0.6959455013275146"
        },
        {
            "gameTime": "2 - 30:36",
            "label": "Direct free-kick",
            "position": "1836000",
            "half": "2",
            "confidence": "0.9540668725967407"
        },
        {
            "gameTime": "2 - 30:46",
            "label": "Direct free-kick",
            "position": "1846000",
            "half": "2",
            "confidence": "0.8611190915107727"
        },
        {
            "gameTime": "2 - 9:11",
            "label": "Direct free-kick",
            "position": "551000",
            "half": "2",
            "confidence": "0.7989165782928467"
        },
        {
            "gameTime": "2 - 6:58",
            "label": "Direct free-kick",
            "position": "418000",
            "half": "2",
            "confidence": "0.7014790773391724"
        },
        {
            "gameTime": "2 - 23:11",
            "label": "Direct free-kick",
            "position": "1391500",
            "half": "2",
            "confidence": "0.6241722702980042"
        },
        {
            "gameTime": "2 - 31:7",
            "label": "Corner",
            "position": "1867500",
            "half": "2",
            "confidence": "0.9837772846221924"
        },
        {
            "gameTime": "2 - 31:17",
            "label": "Corner",
            "position": "1877500",
            "half": "2",
            "confidence": "0.9500438570976257"
        },
        {
            "gameTime": "2 - 14:30",
            "label": "Corner",
            "position": "870500",
            "half": "2",
            "confidence": "0.9291764497756958"
        },
        {
            "gameTime": "2 - 30:52",
            "label": "Corner",
            "position": "1852500",
            "half": "2",
            "confidence": "0.8820682168006897"
        },
        {
            "gameTime": "2 - 29:20",
            "label": "Corner",
            "position": "1760500",
            "half": "2",
            "confidence": "0.7856939435005188"
        },
        {
            "gameTime": "2 - 40:42",
            "label": "Corner",
            "position": "2442000",
            "half": "2",
            "confidence": "0.7696710824966431"
        },
        {
            "gameTime": "2 - 29:8",
            "label": "Corner",
            "position": "1748000",
            "half": "2",
            "confidence": "0.6770009994506836"
        },
        {
            "gameTime": "2 - 29:35",
            "label": "Corner",
            "position": "1775000",
            "half": "2",
            "confidence": "0.5857642292976379"
        },
        {
            "gameTime": "2 - 26:55",
            "label": "Yellow card",
            "position": "1615500",
            "half": "2",
            "confidence": "0.9074538946151733"
        },
        {
            "gameTime": "2 - 8:24",
            "label": "Yellow card",
            "position": "504000",
            "half": "2",
            "confidence": "0.889674961566925"
        },
        {
            "gameTime": "2 - 28:4",
            "label": "Yellow card",
            "position": "1684500",
            "half": "2",
            "confidence": "0.8366644978523254"
        },
        {
            "gameTime": "2 - 27:5",
            "label": "Yellow card",
            "position": "1625500",
            "half": "2",
            "confidence": "0.7881969809532166"
        },
        {
            "gameTime": "2 - 10:31",
            "label": "Yellow card",
            "position": "631500",
            "half": "2",
            "confidence": "0.6572688817977905"
        },
        {
            "gameTime": "2 - 8:13",
            "label": "Yellow card",
            "position": "493500",
            "half": "2",
            "confidence": "0.6015796065330505"
        },
        {
            "gameTime": "2 - 11:41",
            "label": "Yellow card",
            "position": "701000",
            "half": "2",
            "confidence": "0.5390241742134094"
        }
    ]
}